Country,ADM1_CODE,ADM2_CODE,ADM2_NAME,Year,predicted_MPI_no_ratio,predicted_MPI_with_ratio
Bosnia and Herzegovina,652,6241,Gornjedrinski,2015,0.19270235,0.060518466
Bosnia and Herzegovina,652,6241,Gornjedrinski,2016,0.20972326,0.059194434
Bosnia and Herzegovina,652,6241,Gornjedrinski,2017,0.19432378,0.04958918
Bosnia and Herzegovina,652,6241,Gornjedrinski,2018,0.19363731,0.061556593
Bosnia and Herzegovina,652,6241,Gornjedrinski,2019,0.20402473,0.069220886
Bosnia and Herzegovina,652,6241,Gornjedrinski,2020,0.21698198,0.06579985
Bosnia and Herzegovina,652,6241,Gornjedrinski,2021,0.2057969,0.07344061
Bosnia and Herzegovina,652,6241,Gornjedrinski,2022,0.17942631,0.049034614
Bosnia and Herzegovina,652,6241,Gornjedrinski,2023,0.18678528,0.039321598
Bosnia and Herzegovina,652,6241,Gornjedrinski,2024,0.20507595,0.05075931
Bosnia and Herzegovina,652,6242,Neretvljanski,2015,0.2003029,0.09536081
Bosnia and Herzegovina,652,6242,Neretvljanski,2016,0.19831604,0.10787731
Bosnia and Herzegovina,652,6242,Neretvljanski,2017,0.18767983,0.10694793
Bosnia and Herzegovina,652,6242,Neretvljanski,2018,0.1930181,0.116259694
Bosnia and Herzegovina,652,6242,Neretvljanski,2019,0.18848848,0.111978665
Bosnia and Herzegovina,652,6242,Neretvljanski,2020,0.19731393,0.09697484
Bosnia and Herzegovina,652,6242,Neretvljanski,2021,0.18873608,0.10693382
Bosnia and Herzegovina,652,6242,Neretvljanski,2022,0.18612525,0.103671454
Bosnia and Herzegovina,652,6242,Neretvljanski,2023,0.18452758,0.11544517
Bosnia and Herzegovina,652,6242,Neretvljanski,2024,0.18907823,0.10835541
Bosnia and Herzegovina,652,6243,Posavski,2015,0.15252239,0.040423088
Bosnia and Herzegovina,652,6243,Posavski,2016,0.13734561,0.02674648
Bosnia and Herzegovina,652,6243,Posavski,2017,0.12794589,0.030258834
Bosnia and Herzegovina,652,6243,Posavski,2018,0.13675538,0.041742146
Bosnia and Herzegovina,652,6243,Posavski,2019,0.13660106,0.030049624
Bosnia and Herzegovina,652,6243,Posavski,2020,0.14351536,0.030561766
Bosnia and Herzegovina,652,6243,Posavski,2021,0.13565785,0.030805487
Bosnia and Herzegovina,652,6243,Posavski,2022,0.13509524,0.030296756
Bosnia and Herzegovina,652,6243,Posavski,2023,0.14445078,0.035966575
Bosnia and Herzegovina,652,6243,Posavski,2024,0.13910055,0.04050162
Bosnia and Herzegovina,652,6244,Sarajevo,2015,0.07221821,0.03577879
Bosnia and Herzegovina,652,6244,Sarajevo,2016,0.065075904,0.021005077
Bosnia and Herzegovina,652,6244,Sarajevo,2017,0.05407703,0.03180845
Bosnia and Herzegovina,652,6244,Sarajevo,2018,0.04422758,0.02058957
Bosnia and Herzegovina,652,6244,Sarajevo,2019,0.04525634,0.024671793
Bosnia and Herzegovina,652,6244,Sarajevo,2020,0.057594135,0.021846196
Bosnia and Herzegovina,652,6244,Sarajevo,2021,0.058006622,0.051733762
Bosnia and Herzegovina,652,6244,Sarajevo,2022,0.033409193,0.026098823
Bosnia and Herzegovina,652,6244,Sarajevo,2023,0.02987743,0.02163494
Bosnia and Herzegovina,652,6244,Sarajevo,2024,0.033335775,0.026483672
Bosnia and Herzegovina,652,6245,Srednjebosanski,2015,0.14239581,0.039597966
Bosnia and Herzegovina,652,6245,Srednjebosanski,2016,0.14101967,0.03497967
Bosnia and Herzegovina,652,6245,Srednjebosanski,2017,0.13544363,0.029894598
Bosnia and Herzegovina,652,6245,Srednjebosanski,2018,0.14527524,0.04297456
Bosnia and Herzegovina,652,6245,Srednjebosanski,2019,0.14094703,0.03885006
Bosnia and Herzegovina,652,6245,Srednjebosanski,2020,0.15237752,0.048973374
Bosnia and Herzegovina,652,6245,Srednjebosanski,2021,0.133878,0.041031312
Bosnia and Herzegovina,652,6245,Srednjebosanski,2022,0.13753775,0.04783144
Bosnia and Herzegovina,652,6245,Srednjebosanski,2023,0.13740984,0.048737247
Bosnia and Herzegovina,652,6245,Srednjebosanski,2024,0.15732314,0.054512672
Bosnia and Herzegovina,652,6246,Tuzlansko-podrinjski,2015,0.1623323,0.061091777
Bosnia and Herzegovina,652,6246,Tuzlansko-podrinjski,2016,0.15243614,0.045613635
Bosnia and Herzegovina,652,6246,Tuzlansko-podrinjski,2017,0.16385016,0.0631218
Bosnia and Herzegovina,652,6246,Tuzlansko-podrinjski,2018,0.14219436,0.039742984
Bosnia and Herzegovina,652,6246,Tuzlansko-podrinjski,2019,0.16403905,0.065156
Bosnia and Herzegovina,652,6246,Tuzlansko-podrinjski,2020,0.16334748,0.053540543
Bosnia and Herzegovina,652,6246,Tuzlansko-podrinjski,2021,0.18447185,0.0900279
Bosnia and Herzegovina,652,6246,Tuzlansko-podrinjski,2022,0.15733837,0.05426311
Bosnia and Herzegovina,652,6246,Tuzlansko-podrinjski,2023,0.14348155,0.037054844
Bosnia and Herzegovina,652,6246,Tuzlansko-podrinjski,2024,0.19628075,0.09759656
Bosnia and Herzegovina,652,6247,Unsko-sanski,2015,0.16473426,0.05091649
Bosnia and Herzegovina,652,6247,Unsko-sanski,2016,0.1600311,0.027492693
Bosnia and Herzegovina,652,6247,Unsko-sanski,2017,0.1781227,0.059568282
Bosnia and Herzegovina,652,6247,Unsko-sanski,2018,0.140453,0.027743705
Bosnia and Herzegovina,652,6247,Unsko-sanski,2019,0.15082444,0.034197852
Bosnia and Herzegovina,652,6247,Unsko-sanski,2020,0.1680028,0.03279535
Bosnia and Herzegovina,652,6247,Unsko-sanski,2021,0.175872,0.053209737
Bosnia and Herzegovina,652,6247,Unsko-sanski,2022,0.15359768,0.037594687
Bosnia and Herzegovina,652,6247,Unsko-sanski,2023,0.17021145,0.04325187
Bosnia and Herzegovina,652,6247,Unsko-sanski,2024,0.17111652,0.044776797
Bosnia and Herzegovina,652,6248,Zapadnobosanski,2015,0.21876812,0.073055185
Bosnia and Herzegovina,652,6248,Zapadnobosanski,2016,0.19737762,0.06215029
Bosnia and Herzegovina,652,6248,Zapadnobosanski,2017,0.23091505,0.11028581
Bosnia and Herzegovina,652,6248,Zapadnobosanski,2018,0.1907506,0.078645766
Bosnia and Herzegovina,652,6248,Zapadnobosanski,2019,0.19535673,0.07726843
Bosnia and Herzegovina,652,6248,Zapadnobosanski,2020,0.22706835,0.10231784
Bosnia and Herzegovina,652,6248,Zapadnobosanski,2021,0.21940923,0.10057119
Bosnia and Herzegovina,652,6248,Zapadnobosanski,2022,0.20332557,0.08260082
Bosnia and Herzegovina,652,6248,Zapadnobosanski,2023,0.19595939,0.0689637
Bosnia and Herzegovina,652,6248,Zapadnobosanski,2024,0.18836123,0.09354074
Bosnia and Herzegovina,652,6249,Zapadnohercegovacki,2015,0.20137534,0.0751945
Bosnia and Herzegovina,652,6249,Zapadnohercegovacki,2016,0.17984925,0.069506496
Bosnia and Herzegovina,652,6249,Zapadnohercegovacki,2017,0.19654503,0.079954766
Bosnia and Herzegovina,652,6249,Zapadnohercegovacki,2018,0.19862469,0.08476446
Bosnia and Herzegovina,652,6249,Zapadnohercegovacki,2019,0.19116676,0.08164642
Bosnia and Herzegovina,652,6249,Zapadnohercegovacki,2020,0.19603607,0.080897436
Bosnia and Herzegovina,652,6249,Zapadnohercegovacki,2021,0.22486515,0.10265838
Bosnia and Herzegovina,652,6249,Zapadnohercegovacki,2022,0.22050157,0.11260807
Bosnia and Herzegovina,652,6249,Zapadnohercegovacki,2023,0.22470307,0.11852898
Bosnia and Herzegovina,652,6249,Zapadnohercegovacki,2024,0.21401468,0.10838466
Bosnia and Herzegovina,652,6250,Zenicko-dobojski,2015,0.19305177,0.08663655
Bosnia and Herzegovina,652,6250,Zenicko-dobojski,2016,0.19675946,0.088576145
Bosnia and Herzegovina,652,6250,Zenicko-dobojski,2017,0.18423703,0.083277665
Bosnia and Herzegovina,652,6250,Zenicko-dobojski,2018,0.1852232,0.08139212
Bosnia and Herzegovina,652,6250,Zenicko-dobojski,2019,0.19390908,0.08862121
Bosnia and Herzegovina,652,6250,Zenicko-dobojski,2020,0.20268483,0.08772822
Bosnia and Herzegovina,652,6250,Zenicko-dobojski,2021,0.19172354,0.08852474
Bosnia and Herzegovina,652,6250,Zenicko-dobojski,2022,0.2187996,0.11388584
Bosnia and Herzegovina,652,6250,Zenicko-dobojski,2023,0.21041149,0.10291619
Bosnia and Herzegovina,652,6250,Zenicko-dobojski,2024,0.2144908,0.10287507
Bosnia and Herzegovina,653,6251,Banja Luka,2015,0.11015088,0.03319301
Bosnia and Herzegovina,653,6251,Banja Luka,2016,0.11076523,0.033140525
Bosnia and Herzegovina,653,6251,Banja Luka,2017,0.11226301,0.036519688
Bosnia and Herzegovina,653,6251,Banja Luka,2018,0.11558984,0.03319301
Bosnia and Herzegovina,653,6251,Banja Luka,2019,0.110578984,0.030786091
Bosnia and Herzegovina,653,6251,Banja Luka,2020,0.12460078,0.036158934
Bosnia and Herzegovina,653,6251,Banja Luka,2021,0.15040797,0.07397537
Bosnia and Herzegovina,653,6251,Banja Luka,2022,0.12055801,0.0442865
Bosnia and Herzegovina,653,6251,Banja Luka,2023,0.12780353,0.046508744
Bosnia and Herzegovina,653,6251,Banja Luka,2024,0.15845102,0.08161135
Bosnia and Herzegovina,653,6252,Bijeljina,2015,0.13874161,0.038673542
Bosnia and Herzegovina,653,6252,Bijeljina,2016,0.12434466,0.027494868
Bosnia and Herzegovina,653,6252,Bijeljina,2017,0.13344395,0.04458163
Bosnia and Herzegovina,653,6252,Bijeljina,2018,0.14420554,0.042929415
Bosnia and Herzegovina,653,6252,Bijeljina,2019,0.13201699,0.02977902
Bosnia and Herzegovina,653,6252,Bijeljina,2020,0.118999235,0.019810839
Bosnia and Herzegovina,653,6252,Bijeljina,2021,0.13249035,0.04567991
Bosnia and Herzegovina,653,6252,Bijeljina,2022,0.12180868,0.022998454
Bosnia and Herzegovina,653,6252,Bijeljina,2023,0.122226514,0.02454455
Bosnia and Herzegovina,653,6252,Bijeljina,2024,0.13734879,0.052816857
Bosnia and Herzegovina,653,6253,Bileca,2015,0.16510549,0.061778173
Bosnia and Herzegovina,653,6253,Bileca,2016,0.18447071,0.08025776
Bosnia and Herzegovina,653,6253,Bileca,2017,0.17186335,0.071329325
Bosnia and Herzegovina,653,6253,Bileca,2018,0.20316678,0.08796718
Bosnia and Herzegovina,653,6253,Bileca,2019,0.18804108,0.08102119
Bosnia and Herzegovina,653,6253,Bileca,2020,0.20357358,0.083069235
Bosnia and Herzegovina,653,6253,Bileca,2021,0.1906631,0.07133878
Bosnia and Herzegovina,653,6253,Bileca,2022,0.20288068,0.079615
Bosnia and Herzegovina,653,6253,Bileca,2023,0.21122333,0.07076614
Bosnia and Herzegovina,653,6253,Bileca,2024,0.21000098,0.06518593
Bosnia and Herzegovina,653,6254,Bosanska Dubica,2015,0.17764166,0.05120369
Bosnia and Herzegovina,653,6254,Bosanska Dubica,2016,0.17309701,0.05276219
Bosnia and Herzegovina,653,6254,Bosanska Dubica,2017,0.17643514,0.05290596
Bosnia and Herzegovina,653,6254,Bosanska Dubica,2018,0.17737946,0.04648488
Bosnia and Herzegovina,653,6254,Bosanska Dubica,2019,0.17875059,0.03863165
Bosnia and Herzegovina,653,6254,Bosanska Dubica,2020,0.18875602,0.035001855
Bosnia and Herzegovina,653,6254,Bosanska Dubica,2021,0.1825681,0.042076558
Bosnia and Herzegovina,653,6254,Bosanska Dubica,2022,0.18295199,0.04461184
Bosnia and Herzegovina,653,6254,Bosanska Dubica,2023,0.18000829,0.058141578
Bosnia and Herzegovina,653,6254,Bosanska Dubica,2024,0.18328483,0.06835269
Bosnia and Herzegovina,653,6255,Bosanska Gradiska,2015,0.19620171,0.051762134
Bosnia and Herzegovina,653,6255,Bosanska Gradiska,2016,0.18800744,0.048378028
Bosnia and Herzegovina,653,6255,Bosanska Gradiska,2017,0.17735991,0.057492036
Bosnia and Herzegovina,653,6255,Bosanska Gradiska,2018,0.15820971,0.057699364
Bosnia and Herzegovina,653,6255,Bosanska Gradiska,2019,0.17776172,0.06326059
Bosnia and Herzegovina,653,6255,Bosanska Gradiska,2020,0.17854872,0.06106501
Bosnia and Herzegovina,653,6255,Bosanska Gradiska,2021,0.16298929,0.043042894
Bosnia and Herzegovina,653,6255,Bosanska Gradiska,2022,0.14843464,0.04175341
Bosnia and Herzegovina,653,6255,Bosanska Gradiska,2023,0.16871697,0.058301672
Bosnia and Herzegovina,653,6255,Bosanska Gradiska,2024,0.19283293,0.07261353
Bosnia and Herzegovina,653,6256,Bosanska Krupa,2015,0.25740594,0.117209636
Bosnia and Herzegovina,653,6256,Bosanska Krupa,2016,0.2735243,0.11123008
Bosnia and Herzegovina,653,6256,Bosanska Krupa,2017,0.2506471,0.114884295
Bosnia and Herzegovina,653,6256,Bosanska Krupa,2018,0.25303903,0.11442303
Bosnia and Herzegovina,653,6256,Bosanska Krupa,2019,0.24914393,0.11233419
Bosnia and Herzegovina,653,6256,Bosanska Krupa,2020,0.2623874,0.115579285
Bosnia and Herzegovina,653,6256,Bosanska Krupa,2021,0.25416166,0.11261084
Bosnia and Herzegovina,653,6256,Bosanska Krupa,2022,0.25760362,0.10754162
Bosnia and Herzegovina,653,6256,Bosanska Krupa,2023,0.260606,0.10362606
Bosnia and Herzegovina,653,6256,Bosanska Krupa,2024,0.256464,0.11146748
Bosnia and Herzegovina,653,6257,Bosanski Brod,2015,0.12078137,0.012354773
Bosnia and Herzegovina,653,6257,Bosanski Brod,2016,0.11662135,0.012253021
Bosnia and Herzegovina,653,6257,Bosanski Brod,2017,0.1115841,0.01903647
Bosnia and Herzegovina,653,6257,Bosanski Brod,2018,0.11626978,0.022520691
Bosnia and Herzegovina,653,6257,Bosanski Brod,2019,0.14151284,0.029472413
Bosnia and Herzegovina,653,6257,Bosanski Brod,2020,0.16295491,0.057457313
Bosnia and Herzegovina,653,6257,Bosanski Brod,2021,0.17276555,0.056407787
Bosnia and Herzegovina,653,6257,Bosanski Brod,2022,0.121658795,0.013301535
Bosnia and Herzegovina,653,6257,Bosanski Brod,2023,0.13609843,0.022887018
Bosnia and Herzegovina,653,6257,Bosanski Brod,2024,0.16928723,0.055821378
Bosnia and Herzegovina,653,6258,Bosanski Novi,2015,0.2080462,0.041607756
Bosnia and Herzegovina,653,6258,Bosanski Novi,2016,0.21257837,0.049148012
Bosnia and Herzegovina,653,6258,Bosanski Novi,2017,0.21281931,0.04221499
Bosnia and Herzegovina,653,6258,Bosanski Novi,2018,0.21574235,0.041097052
Bosnia and Herzegovina,653,6258,Bosanski Novi,2019,0.2168414,0.035992425
Bosnia and Herzegovina,653,6258,Bosanski Novi,2020,0.25743586,0.096954286
Bosnia and Herzegovina,653,6258,Bosanski Novi,2021,0.22638655,0.054272037
Bosnia and Herzegovina,653,6258,Bosanski Novi,2022,0.18940258,0.022878269
Bosnia and Herzegovina,653,6258,Bosanski Novi,2023,0.17838712,0.02748384
Bosnia and Herzegovina,653,6258,Bosanski Novi,2024,0.22199905,0.05375609
Bosnia and Herzegovina,653,6259,Bosanski Petrovac,2015,0.13425116,0.07996968
Bosnia and Herzegovina,653,6259,Bosanski Petrovac,2016,0.12446375,0.080666624
Bosnia and Herzegovina,653,6259,Bosanski Petrovac,2017,0.12695302,0.0778807
Bosnia and Herzegovina,653,6259,Bosanski Petrovac,2018,0.13372272,0.0778807
Bosnia and Herzegovina,653,6259,Bosanski Petrovac,2019,0.14153163,0.07814444
Bosnia and Herzegovina,653,6259,Bosanski Petrovac,2020,0.15932684,0.08303991
Bosnia and Herzegovina,653,6259,Bosanski Petrovac,2021,0.124566704,0.06117926
Bosnia and Herzegovina,653,6259,Bosanski Petrovac,2022,0.1414885,0.0849244
Bosnia and Herzegovina,653,6259,Bosanski Petrovac,2023,0.15775216,0.08564012
Bosnia and Herzegovina,653,6259,Bosanski Petrovac,2024,0.14520632,0.065778226
Bosnia and Herzegovina,653,6260,Bosanski Samac,2015,0.14472784,0.03856464
Bosnia and Herzegovina,653,6260,Bosanski Samac,2016,0.12682709,0.021355858
Bosnia and Herzegovina,653,6260,Bosanski Samac,2017,0.14550844,0.044427335
Bosnia and Herzegovina,653,6260,Bosanski Samac,2018,0.13975932,0.037967347
Bosnia and Herzegovina,653,6260,Bosanski Samac,2019,0.12984812,0.026126543
Bosnia and Herzegovina,653,6260,Bosanski Samac,2020,0.15528938,0.03730957
Bosnia and Herzegovina,653,6260,Bosanski Samac,2021,0.145293,0.042426124
Bosnia and Herzegovina,653,6260,Bosanski Samac,2022,0.14201143,0.03791327
Bosnia and Herzegovina,653,6260,Bosanski Samac,2023,0.15420353,0.045293067
Bosnia and Herzegovina,653,6260,Bosanski Samac,2024,0.14834458,0.044146914
Bosnia and Herzegovina,653,6261,Bratunac,2015,0.14887527,0.035200775
Bosnia and Herzegovina,653,6261,Bratunac,2016,0.15407711,0.032403253
Bosnia and Herzegovina,653,6261,Bratunac,2017,0.14062466,0.033392504
Bosnia and Herzegovina,653,6261,Bratunac,2018,0.13029264,0.021098118
Bosnia and Herzegovina,653,6261,Bratunac,2019,0.16381717,0.047042873
Bosnia and Herzegovina,653,6261,Bratunac,2020,0.16237184,0.03880988
Bosnia and Herzegovina,653,6261,Bratunac,2021,0.1344595,0.024730388
Bosnia and Herzegovina,653,6261,Bratunac,2022,0.15585521,0.04148778
Bosnia and Herzegovina,653,6261,Bratunac,2023,0.13926867,0.026424158
Bosnia and Herzegovina,653,6261,Bratunac,2024,0.13117558,0.017100912
Bosnia and Herzegovina,653,6262,Brcko,2015,0.08253212,0.0142372735
Bosnia and Herzegovina,653,6262,Brcko,2016,0.07870031,0.005154399
Bosnia and Herzegovina,653,6262,Brcko,2017,0.10941997,0.034743834
Bosnia and Herzegovina,653,6262,Brcko,2018,0.08213816,0.0018201492
Bosnia and Herzegovina,653,6262,Brcko,2019,0.07592402,0.0
Bosnia and Herzegovina,653,6262,Brcko,2020,0.08432248,0.0
Bosnia and Herzegovina,653,6262,Brcko,2021,0.09938685,0.017676134
Bosnia and Herzegovina,653,6262,Brcko,2022,0.082147434,0.0007149479
Bosnia and Herzegovina,653,6262,Brcko,2023,0.0866279,0.0
Bosnia and Herzegovina,653,6262,Brcko,2024,0.0838595,0.0
Bosnia and Herzegovina,653,6263,Cajnice,2015,0.20141593,0.09183295
Bosnia and Herzegovina,653,6263,Cajnice,2016,0.21918654,0.07378057
Bosnia and Herzegovina,653,6263,Cajnice,2017,0.19824004,0.059648085
Bosnia and Herzegovina,653,6263,Cajnice,2018,0.21803467,0.073984355
Bosnia and Herzegovina,653,6263,Cajnice,2019,0.21766138,0.0638418
Bosnia and Herzegovina,653,6263,Cajnice,2020,0.23924595,0.091388166
Bosnia and Herzegovina,653,6263,Cajnice,2021,0.2248221,0.101954155
Bosnia and Herzegovina,653,6263,Cajnice,2022,0.19466746,0.08226671
Bosnia and Herzegovina,653,6263,Cajnice,2023,0.23037288,0.08159395
Bosnia and Herzegovina,653,6263,Cajnice,2024,0.2300418,0.06844164
Bosnia and Herzegovina,653,6264,Celinac,2015,0.23666424,0.086295106
Bosnia and Herzegovina,653,6264,Celinac,2016,0.23708552,0.1015338
Bosnia and Herzegovina,653,6264,Celinac,2017,0.19037795,0.05883889
Bosnia and Herzegovina,653,6264,Celinac,2018,0.20390433,0.079745606
Bosnia and Herzegovina,653,6264,Celinac,2019,0.1974145,0.074088305
Bosnia and Herzegovina,653,6264,Celinac,2020,0.20730335,0.09418553
Bosnia and Herzegovina,653,6264,Celinac,2021,0.2039649,0.070619255
Bosnia and Herzegovina,653,6264,Celinac,2022,0.19023284,0.06533462
Bosnia and Herzegovina,653,6264,Celinac,2023,0.18147305,0.08765371
Bosnia and Herzegovina,653,6264,Celinac,2024,0.23179597,0.1073361
Bosnia and Herzegovina,653,6265,Derventa,2015,0.18766914,0.039142158
Bosnia and Herzegovina,653,6265,Derventa,2016,0.1794455,0.027416918
Bosnia and Herzegovina,653,6265,Derventa,2017,0.16453406,0.035624262
Bosnia and Herzegovina,653,6265,Derventa,2018,0.14981289,0.031037591
Bosnia and Herzegovina,653,6265,Derventa,2019,0.17502788,0.03138265
Bosnia and Herzegovina,653,6265,Derventa,2020,0.18192688,0.03307697
Bosnia and Herzegovina,653,6265,Derventa,2021,0.19212511,0.04438628
Bosnia and Herzegovina,653,6265,Derventa,2022,0.17301065,0.031802688
Bosnia and Herzegovina,653,6265,Derventa,2023,0.17946254,0.02828963
Bosnia and Herzegovina,653,6265,Derventa,2024,0.15810251,0.047603358
Bosnia and Herzegovina,653,6266,Doboj,2015,0.1795092,0.04276676
Bosnia and Herzegovina,653,6266,Doboj,2016,0.15343362,0.023084594
Bosnia and Herzegovina,653,6266,Doboj,2017,0.16755652,0.038105514
Bosnia and Herzegovina,653,6266,Doboj,2018,0.16058561,0.03177298
Bosnia and Herzegovina,653,6266,Doboj,2019,0.16241573,0.031099258
Bosnia and Herzegovina,653,6266,Doboj,2020,0.19640386,0.036520965
Bosnia and Herzegovina,653,6266,Doboj,2021,0.19903676,0.049829826
Bosnia and Herzegovina,653,6266,Doboj,2022,0.19082597,0.04013107
Bosnia and Herzegovina,653,6266,Doboj,2023,0.19295713,0.04054748
Bosnia and Herzegovina,653,6266,Doboj,2024,0.2042073,0.07329101
Bosnia and Herzegovina,653,6268,Foca,2015,0.17658271,0.049112774
Bosnia and Herzegovina,653,6268,Foca,2016,0.16670296,0.042553548
Bosnia and Herzegovina,653,6268,Foca,2017,0.15032703,0.04512024
Bosnia and Herzegovina,653,6268,Foca,2018,0.18471685,0.047405735
Bosnia and Herzegovina,653,6268,Foca,2019,0.17585704,0.055529054
Bosnia and Herzegovina,653,6268,Foca,2020,0.21074775,0.061485134
Bosnia and Herzegovina,653,6268,Foca,2021,0.18347621,0.056293126
Bosnia and Herzegovina,653,6268,Foca,2022,0.14874777,0.021688854
Bosnia and Herzegovina,653,6268,Foca,2023,0.16298527,0.017956862
Bosnia and Herzegovina,653,6268,Foca,2024,0.18863782,0.03215935
Bosnia and Herzegovina,653,6269,Gacko,2015,0.17418823,0.066526756
Bosnia and Herzegovina,653,6269,Gacko,2016,0.18419403,0.0749412
Bosnia and Herzegovina,653,6269,Gacko,2017,0.17846875,0.092772886
Bosnia and Herzegovina,653,6269,Gacko,2018,0.18822607,0.09598999
Bosnia and Herzegovina,653,6269,Gacko,2019,0.16711326,0.0700972
Bosnia and Herzegovina,653,6269,Gacko,2020,0.18920413,0.072870575
Bosnia and Herzegovina,653,6269,Gacko,2021,0.1622868,0.08282637
Bosnia and Herzegovina,653,6269,Gacko,2022,0.18170771,0.07388606
Bosnia and Herzegovina,653,6269,Gacko,2023,0.15095279,0.04947781
Bosnia and Herzegovina,653,6269,Gacko,2024,0.20739762,0.084475346
Bosnia and Herzegovina,653,6271,Gorazde,2015,0.195568,0.07543424
Bosnia and Herzegovina,653,6271,Gorazde,2016,0.21369621,0.05808116
Bosnia and Herzegovina,653,6271,Gorazde,2017,0.20197856,0.06963921
Bosnia and Herzegovina,653,6271,Gorazde,2018,0.19957764,0.061620686
Bosnia and Herzegovina,653,6271,Gorazde,2019,0.19727811,0.054290943
Bosnia and Herzegovina,653,6271,Gorazde,2020,0.20724174,0.05612578
Bosnia and Herzegovina,653,6271,Gorazde,2021,0.1912711,0.07657333
Bosnia and Herzegovina,653,6271,Gorazde,2022,0.18833622,0.050850555
Bosnia and Herzegovina,653,6271,Gorazde,2023,0.20783824,0.07280162
Bosnia and Herzegovina,653,6271,Gorazde,2024,0.22834149,0.067594744
Bosnia and Herzegovina,653,6272,Gracanica,2015,0.19472837,0.06789693
Bosnia and Herzegovina,653,6272,Gracanica,2016,0.19201511,0.057513945
Bosnia and Herzegovina,653,6272,Gracanica,2017,0.19480504,0.06428601
Bosnia and Herzegovina,653,6272,Gracanica,2018,0.19075882,0.058643673
Bosnia and Herzegovina,653,6272,Gracanica,2019,0.20520206,0.072238155
Bosnia and Herzegovina,653,6272,Gracanica,2020,0.20917434,0.06357508
Bosnia and Herzegovina,653,6272,Gracanica,2021,0.19170019,0.06363044
Bosnia and Herzegovina,653,6272,Gracanica,2022,0.18038467,0.073601894
Bosnia and Herzegovina,653,6272,Gracanica,2023,0.18502118,0.07896664
Bosnia and Herzegovina,653,6272,Gracanica,2024,0.1776576,0.0911588
Bosnia and Herzegovina,653,6273,Gradacac,2015,0.20875385,0.09487211
Bosnia and Herzegovina,653,6273,Gradacac,2016,0.22112444,0.090932965
Bosnia and Herzegovina,653,6273,Gradacac,2017,0.19565117,0.0952753
Bosnia and Herzegovina,653,6273,Gradacac,2018,0.2103703,0.068218395
Bosnia and Herzegovina,653,6273,Gradacac,2019,0.22261778,0.0982865
Bosnia and Herzegovina,653,6273,Gradacac,2020,0.22708453,0.08569194
Bosnia and Herzegovina,653,6273,Gradacac,2021,0.1969243,0.11167601
Bosnia and Herzegovina,653,6273,Gradacac,2022,0.19521573,0.076941416
Bosnia and Herzegovina,653,6273,Gradacac,2023,0.21927038,0.08180064
Bosnia and Herzegovina,653,6273,Gradacac,2024,0.20433484,0.104691714
Bosnia and Herzegovina,653,6274,Han Pijesak,2015,0.19006628,0.11095655
Bosnia and Herzegovina,653,6274,Han Pijesak,2016,0.1621559,0.1014867
Bosnia and Herzegovina,653,6274,Han Pijesak,2017,0.19729635,0.13389082
Bosnia and Herzegovina,653,6274,Han Pijesak,2018,0.18306068,0.12427588
Bosnia and Herzegovina,653,6274,Han Pijesak,2019,0.20018941,0.1265036
Bosnia and Herzegovina,653,6274,Han Pijesak,2020,0.21781115,0.1017373
Bosnia and Herzegovina,653,6274,Han Pijesak,2021,0.20135279,0.12821598
Bosnia and Herzegovina,653,6274,Han Pijesak,2022,0.20316796,0.1299324
Bosnia and Herzegovina,653,6274,Han Pijesak,2023,0.19828501,0.13329801
Bosnia and Herzegovina,653,6274,Han Pijesak,2024,0.20386243,0.10292512
Bosnia and Herzegovina,653,6275,Ilidza,2015,0.036779076,0.029681975
Bosnia and Herzegovina,653,6275,Ilidza,2016,0.036447518,0.020648364
Bosnia and Herzegovina,653,6275,Ilidza,2017,0.03589747,0.025832454
Bosnia and Herzegovina,653,6275,Ilidza,2018,0.034906678,0.02257033
Bosnia and Herzegovina,653,6275,Ilidza,2019,0.036555145,0.02238978
Bosnia and Herzegovina,653,6275,Ilidza,2020,0.04288092,0.031402063
Bosnia and Herzegovina,653,6275,Ilidza,2021,0.041587863,0.032051437
Bosnia and Herzegovina,653,6275,Ilidza,2022,0.04253312,0.028887475
Bosnia and Herzegovina,653,6275,Ilidza,2023,0.04284606,0.02785124
Bosnia and Herzegovina,653,6275,Ilidza,2024,0.04346009,0.029584384
Bosnia and Herzegovina,653,6277,Jajce,2015,0.1950931,0.056478363
Bosnia and Herzegovina,653,6277,Jajce,2016,0.19547346,0.058785316
Bosnia and Herzegovina,653,6277,Jajce,2017,0.16758315,0.060478263
Bosnia and Herzegovina,653,6277,Jajce,2018,0.20255116,0.06240806
Bosnia and Herzegovina,653,6277,Jajce,2019,0.20340663,0.061623164
Bosnia and Herzegovina,653,6277,Jajce,2020,0.20843679,0.06509459
Bosnia and Herzegovina,653,6277,Jajce,2021,0.18870208,0.056478363
Bosnia and Herzegovina,653,6277,Jajce,2022,0.15156312,0.057951953
Bosnia and Herzegovina,653,6277,Jajce,2023,0.16401733,0.040033974
Bosnia and Herzegovina,653,6277,Jajce,2024,0.19801891,0.055130336
Bosnia and Herzegovina,653,6278,Kalesija,2015,0.24196297,0.09314394
Bosnia and Herzegovina,653,6278,Kalesija,2016,0.20542687,0.09804699
Bosnia and Herzegovina,653,6278,Kalesija,2017,0.23467074,0.091020525
Bosnia and Herzegovina,653,6278,Kalesija,2018,0.21105072,0.07993324
Bosnia and Herzegovina,653,6278,Kalesija,2019,0.2089355,0.07717214
Bosnia and Herzegovina,653,6278,Kalesija,2020,0.23283565,0.11888845
Bosnia and Herzegovina,653,6278,Kalesija,2021,0.2376208,0.09661535
Bosnia and Herzegovina,653,6278,Kalesija,2022,0.18864048,0.045499813
Bosnia and Herzegovina,653,6278,Kalesija,2023,0.18953359,0.07839746
Bosnia and Herzegovina,653,6278,Kalesija,2024,0.17245144,0.05513974
Bosnia and Herzegovina,653,6279,Kalinovik,2015,0.2099505,0.13676535
Bosnia and Herzegovina,653,6279,Kalinovik,2016,0.19541351,0.12551156
Bosnia and Herzegovina,653,6279,Kalinovik,2017,0.2153155,0.13565314
Bosnia and Herzegovina,653,6279,Kalinovik,2018,0.20221926,0.13608871
Bosnia and Herzegovina,653,6279,Kalinovik,2019,0.21593282,0.14772879
Bosnia and Herzegovina,653,6279,Kalinovik,2020,0.22000805,0.117312774
Bosnia and Herzegovina,653,6279,Kalinovik,2021,0.21491522,0.15715349
Bosnia and Herzegovina,653,6279,Kalinovik,2022,0.21654835,0.11964747
Bosnia and Herzegovina,653,6279,Kalinovik,2023,0.20266217,0.13836926
Bosnia and Herzegovina,653,6279,Kalinovik,2024,0.20682386,0.13058357
Bosnia and Herzegovina,653,6281,Kljuc,2015,0.26069823,0.13405925
Bosnia and Herzegovina,653,6281,Kljuc,2016,0.26113987,0.12910466
Bosnia and Herzegovina,653,6281,Kljuc,2017,0.25917435,0.12971194
Bosnia and Herzegovina,653,6281,Kljuc,2018,0.26044267,0.13224709
Bosnia and Herzegovina,653,6281,Kljuc,2019,0.27059662,0.13481312
Bosnia and Herzegovina,653,6281,Kljuc,2020,0.25948623,0.14742182
Bosnia and Herzegovina,653,6281,Kljuc,2021,0.26727763,0.12351266
Bosnia and Herzegovina,653,6281,Kljuc,2022,0.25539443,0.1259768
Bosnia and Herzegovina,653,6281,Kljuc,2023,0.21382816,0.08152911
Bosnia and Herzegovina,653,6281,Kljuc,2024,0.2602766,0.14207964
Bosnia and Herzegovina,653,6283,Kotor Varos,2015,0.18415198,0.06468307
Bosnia and Herzegovina,653,6283,Kotor Varos,2016,0.20112768,0.050322764
Bosnia and Herzegovina,653,6283,Kotor Varos,2017,0.15422873,0.057772048
Bosnia and Herzegovina,653,6283,Kotor Varos,2018,0.18504164,0.046889964
Bosnia and Herzegovina,653,6283,Kotor Varos,2019,0.19469646,0.04751054
Bosnia and Herzegovina,653,6283,Kotor Varos,2020,0.21940616,0.061626665
Bosnia and Herzegovina,653,6283,Kotor Varos,2021,0.19315538,0.048441153
Bosnia and Herzegovina,653,6283,Kotor Varos,2022,0.16266403,0.0427183
Bosnia and Herzegovina,653,6283,Kotor Varos,2023,0.16645628,0.039373808
Bosnia and Herzegovina,653,6283,Kotor Varos,2024,0.16977079,0.049718563
Bosnia and Herzegovina,653,6285,Laktasi,2015,0.16891894,0.042465873
Bosnia and Herzegovina,653,6285,Laktasi,2016,0.16072804,0.033403933
Bosnia and Herzegovina,653,6285,Laktasi,2017,0.1765852,0.06047615
Bosnia and Herzegovina,653,6285,Laktasi,2018,0.13814515,0.027195401
Bosnia and Herzegovina,653,6285,Laktasi,2019,0.14381333,0.03064156
Bosnia and Herzegovina,653,6285,Laktasi,2020,0.14623539,0.038352504
Bosnia and Herzegovina,653,6285,Laktasi,2021,0.15818217,0.05164995
Bosnia and Herzegovina,653,6285,Laktasi,2022,0.150583,0.051972724
Bosnia and Herzegovina,653,6285,Laktasi,2023,0.125447,0.028947698
Bosnia and Herzegovina,653,6285,Laktasi,2024,0.16016828,0.05284538
Bosnia and Herzegovina,653,6286,Ljubinje,2015,0.19460002,0.047179066
Bosnia and Herzegovina,653,6286,Ljubinje,2016,0.18632928,0.061866287
Bosnia and Herzegovina,653,6286,Ljubinje,2017,0.15486723,0.02984507
Bosnia and Herzegovina,653,6286,Ljubinje,2018,0.18112174,0.04994959
Bosnia and Herzegovina,653,6286,Ljubinje,2019,0.16310364,0.04739637
Bosnia and Herzegovina,653,6286,Ljubinje,2020,0.16657871,0.036010545
Bosnia and Herzegovina,653,6286,Ljubinje,2021,0.14937182,0.029405612
Bosnia and Herzegovina,653,6286,Ljubinje,2022,0.14689058,0.044654943
Bosnia and Herzegovina,653,6286,Ljubinje,2023,0.16105986,0.032117642
Bosnia and Herzegovina,653,6286,Ljubinje,2024,0.20336631,0.053392965
Bosnia and Herzegovina,653,6287,Lopare,2015,0.22069466,0.11994386
Bosnia and Herzegovina,653,6287,Lopare,2016,0.21068633,0.10810069
Bosnia and Herzegovina,653,6287,Lopare,2017,0.21848536,0.11419847
Bosnia and Herzegovina,653,6287,Lopare,2018,0.20947823,0.08889967
Bosnia and Herzegovina,653,6287,Lopare,2019,0.2038326,0.09417885
Bosnia and Herzegovina,653,6287,Lopare,2020,0.1992034,0.14510754
Bosnia and Herzegovina,653,6287,Lopare,2021,0.2437422,0.11225225
Bosnia and Herzegovina,653,6287,Lopare,2022,0.2135238,0.13316517
Bosnia and Herzegovina,653,6287,Lopare,2023,0.20324385,0.12834528
Bosnia and Herzegovina,653,6287,Lopare,2024,0.22883278,0.12117368
Bosnia and Herzegovina,653,6289,Maglaj,2015,0.26611453,0.11187785
Bosnia and Herzegovina,653,6289,Maglaj,2016,0.2752753,0.12645516
Bosnia and Herzegovina,653,6289,Maglaj,2017,0.24263266,0.1204693
Bosnia and Herzegovina,653,6289,Maglaj,2018,0.26675212,0.1388021
Bosnia and Herzegovina,653,6289,Maglaj,2019,0.28101733,0.13394646
Bosnia and Herzegovina,653,6289,Maglaj,2020,0.25952607,0.16609481
Bosnia and Herzegovina,653,6289,Maglaj,2021,0.25616562,0.11466711
Bosnia and Herzegovina,653,6289,Maglaj,2022,0.27327937,0.10188734
Bosnia and Herzegovina,653,6289,Maglaj,2023,0.29263985,0.14090182
Bosnia and Herzegovina,653,6289,Maglaj,2024,0.29008567,0.1193854
Bosnia and Herzegovina,653,6290,Modrica,2015,0.18769175,0.058330905
Bosnia and Herzegovina,653,6290,Modrica,2016,0.17037801,0.040238295
Bosnia and Herzegovina,653,6290,Modrica,2017,0.17913465,0.04871345
Bosnia and Herzegovina,653,6290,Modrica,2018,0.16116254,0.04703196
Bosnia and Herzegovina,653,6290,Modrica,2019,0.16652948,0.060587797
Bosnia and Herzegovina,653,6290,Modrica,2020,0.19962083,0.059938796
Bosnia and Herzegovina,653,6290,Modrica,2021,0.17280549,0.04328262
Bosnia and Herzegovina,653,6290,Modrica,2022,0.16230212,0.048417527
Bosnia and Herzegovina,653,6290,Modrica,2023,0.17879708,0.051275425
Bosnia and Herzegovina,653,6290,Modrica,2024,0.17731857,0.054408263
Bosnia and Herzegovina,653,6292,Mrkonji] Grad,2015,0.1422514,0.06284332
Bosnia and Herzegovina,653,6292,Mrkonji] Grad,2016,0.14276919,0.050160374
Bosnia and Herzegovina,653,6292,Mrkonji] Grad,2017,0.13779059,0.062280796
Bosnia and Herzegovina,653,6292,Mrkonji] Grad,2018,0.13182083,0.053064357
Bosnia and Herzegovina,653,6292,Mrkonji] Grad,2019,0.13151805,0.044312585
Bosnia and Herzegovina,653,6292,Mrkonji] Grad,2020,0.15347016,0.037388816
Bosnia and Herzegovina,653,6292,Mrkonji] Grad,2021,0.12919678,0.050436575
Bosnia and Herzegovina,653,6292,Mrkonji] Grad,2022,0.13060068,0.0516835
Bosnia and Herzegovina,653,6292,Mrkonji] Grad,2023,0.14139122,0.04096729
Bosnia and Herzegovina,653,6292,Mrkonji] Grad,2024,0.14138116,0.05349032
Bosnia and Herzegovina,653,6293,Nevesinje,2015,0.24877939,0.15420319
Bosnia and Herzegovina,653,6293,Nevesinje,2016,0.2548694,0.15579541
Bosnia and Herzegovina,653,6293,Nevesinje,2017,0.24847263,0.18926257
Bosnia and Herzegovina,653,6293,Nevesinje,2018,0.25716728,0.16397797
Bosnia and Herzegovina,653,6293,Nevesinje,2019,0.24603982,0.16836813
Bosnia and Herzegovina,653,6293,Nevesinje,2020,0.28204736,0.12332831
Bosnia and Herzegovina,653,6293,Nevesinje,2021,0.2398467,0.18567434
Bosnia and Herzegovina,653,6293,Nevesinje,2022,0.18608515,0.11323705
Bosnia and Herzegovina,653,6293,Nevesinje,2023,0.1799896,0.10648385
Bosnia and Herzegovina,653,6293,Nevesinje,2024,0.20554665,0.07465338
Bosnia and Herzegovina,653,6294,Novo Sarajevo,2015,0.07409697,0.009374227
Bosnia and Herzegovina,653,6294,Novo Sarajevo,2016,0.074129045,0.021715634
Bosnia and Herzegovina,653,6294,Novo Sarajevo,2017,0.059664793,0.0069334465
Bosnia and Herzegovina,653,6294,Novo Sarajevo,2018,0.07421611,0.015783384
Bosnia and Herzegovina,653,6294,Novo Sarajevo,2019,0.08910625,0.015018078
Bosnia and Herzegovina,653,6294,Novo Sarajevo,2020,0.07434699,0.011539296
Bosnia and Herzegovina,653,6294,Novo Sarajevo,2021,0.052953526,0.011972963
Bosnia and Herzegovina,653,6294,Novo Sarajevo,2022,0.061705194,0.018024556
Bosnia and Herzegovina,653,6294,Novo Sarajevo,2023,0.07059242,0.015300185
Bosnia and Herzegovina,653,6294,Novo Sarajevo,2024,0.08144393,0.021525688
Bosnia and Herzegovina,653,6295,Odzak,2015,0.23215672,0.05947646
Bosnia and Herzegovina,653,6295,Odzak,2016,0.23378962,0.06489472
Bosnia and Herzegovina,653,6295,Odzak,2017,0.21934134,0.05557161
Bosnia and Herzegovina,653,6295,Odzak,2018,0.21442387,0.05361024
Bosnia and Herzegovina,653,6295,Odzak,2019,0.22295308,0.060919277
Bosnia and Herzegovina,653,6295,Odzak,2020,0.21792944,0.05987145
Bosnia and Herzegovina,653,6295,Odzak,2021,0.2027826,0.037256546
Bosnia and Herzegovina,653,6295,Odzak,2022,0.19165656,0.035577223
Bosnia and Herzegovina,653,6295,Odzak,2023,0.18915445,0.044222128
Bosnia and Herzegovina,653,6295,Odzak,2024,0.2137202,0.058518272
Bosnia and Herzegovina,653,6296,Olovo,2015,0.24588317,0.13325489
Bosnia and Herzegovina,653,6296,Olovo,2016,0.26005048,0.113702394
Bosnia and Herzegovina,653,6296,Olovo,2017,0.25141507,0.11563366
Bosnia and Herzegovina,653,6296,Olovo,2018,0.25361568,0.110433586
Bosnia and Herzegovina,653,6296,Olovo,2019,0.25179428,0.115427524
Bosnia and Herzegovina,653,6296,Olovo,2020,0.26362076,0.11484323
Bosnia and Herzegovina,653,6296,Olovo,2021,0.24320397,0.13548405
Bosnia and Herzegovina,653,6296,Olovo,2022,0.25771186,0.10185202
Bosnia and Herzegovina,653,6296,Olovo,2023,0.24792224,0.103292316
Bosnia and Herzegovina,653,6296,Olovo,2024,0.26007476,0.101737894
Bosnia and Herzegovina,653,6297,Orasje,2015,0.11613195,0.04511486
Bosnia and Herzegovina,653,6297,Orasje,2016,0.11893035,0.034414675
Bosnia and Herzegovina,653,6297,Orasje,2017,0.11723957,0.038489707
Bosnia and Herzegovina,653,6297,Orasje,2018,0.13991284,0.05975945
Bosnia and Herzegovina,653,6297,Orasje,2019,0.1315262,0.052330203
Bosnia and Herzegovina,653,6297,Orasje,2020,0.14735706,0.06002419
Bosnia and Herzegovina,653,6297,Orasje,2021,0.13760164,0.04691917
Bosnia and Herzegovina,653,6297,Orasje,2022,0.1271438,0.04146285
Bosnia and Herzegovina,653,6297,Orasje,2023,0.15167575,0.055479947
Bosnia and Herzegovina,653,6297,Orasje,2024,0.14028558,0.04636085
Bosnia and Herzegovina,653,6298,Pale,2015,0.17684522,0.061579656
Bosnia and Herzegovina,653,6298,Pale,2016,0.14495474,0.046114966
Bosnia and Herzegovina,653,6298,Pale,2017,0.17159534,0.061119992
Bosnia and Herzegovina,653,6298,Pale,2018,0.1366975,0.024601217
Bosnia and Herzegovina,653,6298,Pale,2019,0.16215071,0.06454852
Bosnia and Herzegovina,653,6298,Pale,2020,0.17301798,0.06324515
Bosnia and Herzegovina,653,6298,Pale,2021,0.22734326,0.12273492
Bosnia and Herzegovina,653,6298,Pale,2022,0.21343702,0.10932721
Bosnia and Herzegovina,653,6298,Pale,2023,0.20466334,0.107297145
Bosnia and Herzegovina,653,6298,Pale,2024,0.21236917,0.11310666
Bosnia and Herzegovina,653,6299,Prijedor,2015,0.15314366,0.03578372
Bosnia and Herzegovina,653,6299,Prijedor,2016,0.15339367,0.028246501
Bosnia and Herzegovina,653,6299,Prijedor,2017,0.16383098,0.037992217
Bosnia and Herzegovina,653,6299,Prijedor,2018,0.15933733,0.037020046
Bosnia and Herzegovina,653,6299,Prijedor,2019,0.15019731,0.028714282
Bosnia and Herzegovina,653,6299,Prijedor,2020,0.16583388,0.031198146
Bosnia and Herzegovina,653,6299,Prijedor,2021,0.16090111,0.04051709
Bosnia and Herzegovina,653,6299,Prijedor,2022,0.15927795,0.04052936
Bosnia and Herzegovina,653,6299,Prijedor,2023,0.16721486,0.036580525
Bosnia and Herzegovina,653,6299,Prijedor,2024,0.15635216,0.040420018
Bosnia and Herzegovina,653,6300,Prnjavor,2015,0.19134133,0.043347828
Bosnia and Herzegovina,653,6300,Prnjavor,2016,0.1728944,0.03738968
Bosnia and Herzegovina,653,6300,Prnjavor,2017,0.16701475,0.034295637
Bosnia and Herzegovina,653,6300,Prnjavor,2018,0.16328183,0.028969577
Bosnia and Herzegovina,653,6300,Prnjavor,2019,0.18129125,0.045194652
Bosnia and Herzegovina,653,6300,Prnjavor,2020,0.17700723,0.027896848
Bosnia and Herzegovina,653,6300,Prnjavor,2021,0.18157628,0.03112886
Bosnia and Herzegovina,653,6300,Prnjavor,2022,0.16951275,0.02240701
Bosnia and Herzegovina,653,6300,Prnjavor,2023,0.16172346,0.026827263
Bosnia and Herzegovina,653,6300,Prnjavor,2024,0.17287666,0.03369028
Bosnia and Herzegovina,653,6301,Rogatica,2015,0.15503493,0.07650835
Bosnia and Herzegovina,653,6301,Rogatica,2016,0.17632923,0.058003966
Bosnia and Herzegovina,653,6301,Rogatica,2017,0.15605865,0.0660324
Bosnia and Herzegovina,653,6301,Rogatica,2018,0.16627891,0.08468066
Bosnia and Herzegovina,653,6301,Rogatica,2019,0.20418121,0.10470139
Bosnia and Herzegovina,653,6301,Rogatica,2020,0.2543892,0.11133964
Bosnia and Herzegovina,653,6301,Rogatica,2021,0.2467713,0.13621764
Bosnia and Herzegovina,653,6301,Rogatica,2022,0.23949522,0.10917017
Bosnia and Herzegovina,653,6301,Rogatica,2023,0.23711585,0.107615754
Bosnia and Herzegovina,653,6301,Rogatica,2024,0.2403923,0.11113392
Bosnia and Herzegovina,653,6302,Rudo,2015,0.21041027,0.072824426
Bosnia and Herzegovina,653,6302,Rudo,2016,0.22724617,0.070235796
Bosnia and Herzegovina,653,6302,Rudo,2017,0.18624148,0.056632835
Bosnia and Herzegovina,653,6302,Rudo,2018,0.21837851,0.0739956
Bosnia and Herzegovina,653,6302,Rudo,2019,0.24014114,0.09075031
Bosnia and Herzegovina,653,6302,Rudo,2020,0.2519094,0.09195877
Bosnia and Herzegovina,653,6302,Rudo,2021,0.22232905,0.092650056
Bosnia and Herzegovina,653,6302,Rudo,2022,0.23073936,0.09203037
Bosnia and Herzegovina,653,6302,Rudo,2023,0.18684144,0.06645105
Bosnia and Herzegovina,653,6302,Rudo,2024,0.21798286,0.07162334
Bosnia and Herzegovina,653,6303,Sanski Most,2015,0.25071323,0.116881475
Bosnia and Herzegovina,653,6303,Sanski Most,2016,0.28682494,0.10721146
Bosnia and Herzegovina,653,6303,Sanski Most,2017,0.2549364,0.10663333
Bosnia and Herzegovina,653,6303,Sanski Most,2018,0.27308473,0.11198668
Bosnia and Herzegovina,653,6303,Sanski Most,2019,0.2782155,0.1035337
Bosnia and Herzegovina,653,6303,Sanski Most,2020,0.28321013,0.104453556
Bosnia and Herzegovina,653,6303,Sanski Most,2021,0.2877922,0.100403786
Bosnia and Herzegovina,653,6303,Sanski Most,2022,0.24242344,0.07194618
Bosnia and Herzegovina,653,6303,Sanski Most,2023,0.26974803,0.09259658
Bosnia and Herzegovina,653,6303,Sanski Most,2024,0.24957141,0.081434354
Bosnia and Herzegovina,653,6304,Sekovici,2015,0.29969853,0.119424395
Bosnia and Herzegovina,653,6304,Sekovici,2016,0.27728966,0.10869814
Bosnia and Herzegovina,653,6304,Sekovici,2017,0.26912433,0.081930086
Bosnia and Herzegovina,653,6304,Sekovici,2018,0.25725496,0.08296052
Bosnia and Herzegovina,653,6304,Sekovici,2019,0.2688125,0.090983704
Bosnia and Herzegovina,653,6304,Sekovici,2020,0.29498047,0.13943394
Bosnia and Herzegovina,653,6304,Sekovici,2021,0.2840611,0.10334326
Bosnia and Herzegovina,653,6304,Sekovici,2022,0.28323695,0.09932451
Bosnia and Herzegovina,653,6304,Sekovici,2023,0.28068888,0.092817485
Bosnia and Herzegovina,653,6304,Sekovici,2024,0.2782017,0.07931437
Bosnia and Herzegovina,653,6305,Sipovo,2015,0.18856645,0.09645209
Bosnia and Herzegovina,653,6305,Sipovo,2016,0.14226627,0.048523393
Bosnia and Herzegovina,653,6305,Sipovo,2017,0.14686285,0.059231326
Bosnia and Herzegovina,653,6305,Sipovo,2018,0.11955167,0.03635431
Bosnia and Herzegovina,653,6305,Sipovo,2019,0.13940842,0.044809394
Bosnia and Herzegovina,653,6305,Sipovo,2020,0.16695355,0.04708749
Bosnia and Herzegovina,653,6305,Sipovo,2021,0.19486311,0.07858191
Bosnia and Herzegovina,653,6305,Sipovo,2022,0.18184474,0.052563448
Bosnia and Herzegovina,653,6305,Sipovo,2023,0.20423436,0.05769757
Bosnia and Herzegovina,653,6305,Sipovo,2024,0.22219244,0.059520267
Bosnia and Herzegovina,653,6306,Sokolac,2015,0.2093201,0.12428101
Bosnia and Herzegovina,653,6306,Sokolac,2016,0.1920748,0.11192533
Bosnia and Herzegovina,653,6306,Sokolac,2017,0.18982413,0.099095605
Bosnia and Herzegovina,653,6306,Sokolac,2018,0.18042347,0.10866266
Bosnia and Herzegovina,653,6306,Sokolac,2019,0.19719033,0.10443035
Bosnia and Herzegovina,653,6306,Sokolac,2020,0.2016551,0.108974494
Bosnia and Herzegovina,653,6306,Sokolac,2021,0.19743048,0.11437735
Bosnia and Herzegovina,653,6306,Sokolac,2022,0.18045488,0.08774662
Bosnia and Herzegovina,653,6306,Sokolac,2023,0.16931802,0.08824665
Bosnia and Herzegovina,653,6306,Sokolac,2024,0.1926972,0.10049856
Bosnia and Herzegovina,653,6307,Srbac,2015,0.21459305,0.079315916
Bosnia and Herzegovina,653,6307,Srbac,2016,0.20978764,0.076373585
Bosnia and Herzegovina,653,6307,Srbac,2017,0.20480621,0.10145758
Bosnia and Herzegovina,653,6307,Srbac,2018,0.20324546,0.10718031
Bosnia and Herzegovina,653,6307,Srbac,2019,0.22064567,0.08986605
Bosnia and Herzegovina,653,6307,Srbac,2020,0.21062312,0.06458171
Bosnia and Herzegovina,653,6307,Srbac,2021,0.20082575,0.09740119
Bosnia and Herzegovina,653,6307,Srbac,2022,0.1924524,0.08472986
Bosnia and Herzegovina,653,6307,Srbac,2023,0.20324773,0.064471334
Bosnia and Herzegovina,653,6307,Srbac,2024,0.2245371,0.08035356
Bosnia and Herzegovina,653,6308,Srebrenica,2015,0.2405746,0.07261674
Bosnia and Herzegovina,653,6308,Srebrenica,2016,0.21322791,0.07556616
Bosnia and Herzegovina,653,6308,Srebrenica,2017,0.21023314,0.07605971
Bosnia and Herzegovina,653,6308,Srebrenica,2018,0.19742084,0.083495416
Bosnia and Herzegovina,653,6308,Srebrenica,2019,0.22982886,0.08976028
Bosnia and Herzegovina,653,6308,Srebrenica,2020,0.22314516,0.07475426
Bosnia and Herzegovina,653,6308,Srebrenica,2021,0.21859154,0.07241747
Bosnia and Herzegovina,653,6308,Srebrenica,2022,0.19941956,0.06915923
Bosnia and Herzegovina,653,6308,Srebrenica,2023,0.21944225,0.08764613
Bosnia and Herzegovina,653,6308,Srebrenica,2024,0.22841147,0.067879416
Bosnia and Herzegovina,653,6309,Stari Grad,2015,0.21222019,0.124025434
Bosnia and Herzegovina,653,6309,Stari Grad,2016,0.21296993,0.088788
Bosnia and Herzegovina,653,6309,Stari Grad,2017,0.21415782,0.091504514
Bosnia and Herzegovina,653,6309,Stari Grad,2018,0.20939562,0.09835026
Bosnia and Herzegovina,653,6309,Stari Grad,2019,0.2028993,0.10243917
Bosnia and Herzegovina,653,6309,Stari Grad,2020,0.22751221,0.073610194
Bosnia and Herzegovina,653,6309,Stari Grad,2021,0.21352637,0.13560472
Bosnia and Herzegovina,653,6309,Stari Grad,2022,0.17081526,0.07759183
Bosnia and Herzegovina,653,6309,Stari Grad,2023,0.14782856,0.0896029
Bosnia and Herzegovina,653,6309,Stari Grad,2024,0.13862129,0.062039495
Bosnia and Herzegovina,653,6310,Stolac,2015,0.24250874,0.091206655
Bosnia and Herzegovina,653,6310,Stolac,2016,0.24180174,0.10103699
Bosnia and Herzegovina,653,6310,Stolac,2017,0.22404331,0.124740615
Bosnia and Herzegovina,653,6310,Stolac,2018,0.23886836,0.09804559
Bosnia and Herzegovina,653,6310,Stolac,2019,0.23456678,0.10050486
Bosnia and Herzegovina,653,6310,Stolac,2020,0.24594879,0.0997774
Bosnia and Herzegovina,653,6310,Stolac,2021,0.23350647,0.12792683
Bosnia and Herzegovina,653,6310,Stolac,2022,0.2700485,0.09694224
Bosnia and Herzegovina,653,6310,Stolac,2023,0.27824873,0.08651226
Bosnia and Herzegovina,653,6310,Stolac,2024,0.2843244,0.091363624
Bosnia and Herzegovina,653,6311,Tesanj,2015,0.2030504,0.11795165
Bosnia and Herzegovina,653,6311,Tesanj,2016,0.19296119,0.106144436
Bosnia and Herzegovina,653,6311,Tesanj,2017,0.21263391,0.1104365
Bosnia and Herzegovina,653,6311,Tesanj,2018,0.19352865,0.09574997
Bosnia and Herzegovina,653,6311,Tesanj,2019,0.1792797,0.12066233
Bosnia and Herzegovina,653,6311,Tesanj,2020,0.21390751,0.15901358
Bosnia and Herzegovina,653,6311,Tesanj,2021,0.22240531,0.14037563
Bosnia and Herzegovina,653,6311,Tesanj,2022,0.2268771,0.16341288
Bosnia and Herzegovina,653,6311,Tesanj,2023,0.18294978,0.093284115
Bosnia and Herzegovina,653,6311,Tesanj,2024,0.19625744,0.1358098
Bosnia and Herzegovina,653,6312,Teslic,2015,0.15456799,0.027143387
Bosnia and Herzegovina,653,6312,Teslic,2016,0.16396573,0.020245954
Bosnia and Herzegovina,653,6312,Teslic,2017,0.16002375,0.040208746
Bosnia and Herzegovina,653,6312,Teslic,2018,0.15399003,0.026810193
Bosnia and Herzegovina,653,6312,Teslic,2019,0.15666181,0.016645893
Bosnia and Herzegovina,653,6312,Teslic,2020,0.19636363,0.04633249
Bosnia and Herzegovina,653,6312,Teslic,2021,0.15880932,0.02339582
Bosnia and Herzegovina,653,6312,Teslic,2022,0.14890292,0.012879771
Bosnia and Herzegovina,653,6312,Teslic,2023,0.15315753,0.009260555
Bosnia and Herzegovina,653,6312,Teslic,2024,0.15019655,0.017013501
Bosnia and Herzegovina,653,6315,Trebinje,2015,0.1636822,0.067254394
Bosnia and Herzegovina,653,6315,Trebinje,2016,0.15103093,0.061502688
Bosnia and Herzegovina,653,6315,Trebinje,2017,0.15977967,0.06477812
Bosnia and Herzegovina,653,6315,Trebinje,2018,0.16698197,0.08304107
Bosnia and Herzegovina,653,6315,Trebinje,2019,0.15847069,0.06800325
Bosnia and Herzegovina,653,6315,Trebinje,2020,0.18504813,0.07652087
Bosnia and Herzegovina,653,6315,Trebinje,2021,0.19338691,0.08849871
Bosnia and Herzegovina,653,6315,Trebinje,2022,0.19577664,0.09732304
Bosnia and Herzegovina,653,6315,Trebinje,2023,0.20508003,0.10585658
Bosnia and Herzegovina,653,6315,Trebinje,2024,0.19603008,0.10029105
Bosnia and Herzegovina,653,6316,Trnovo,2015,0.20279276,0.10031176
Bosnia and Herzegovina,653,6316,Trnovo,2016,0.21024534,0.09754903
Bosnia and Herzegovina,653,6316,Trnovo,2017,0.18443517,0.08214372
Bosnia and Herzegovina,653,6316,Trnovo,2018,0.2158413,0.101813115
Bosnia and Herzegovina,653,6316,Trnovo,2019,0.22732177,0.12068021
Bosnia and Herzegovina,653,6316,Trnovo,2020,0.23089185,0.11703451
Bosnia and Herzegovina,653,6316,Trnovo,2021,0.24353775,0.1432979
Bosnia and Herzegovina,653,6316,Trnovo,2022,0.23383148,0.11970285
Bosnia and Herzegovina,653,6316,Trnovo,2023,0.23071317,0.12106297
Bosnia and Herzegovina,653,6316,Trnovo,2024,0.23129413,0.12387086
Bosnia and Herzegovina,653,6317,Tuzla,2015,0.29646832,0.1385133
Bosnia and Herzegovina,653,6317,Tuzla,2016,0.29804397,0.16016161
Bosnia and Herzegovina,653,6317,Tuzla,2017,0.29818177,0.15199457
Bosnia and Herzegovina,653,6317,Tuzla,2018,0.288336,0.13222963
Bosnia and Herzegovina,653,6317,Tuzla,2019,0.29562226,0.14895605
Bosnia and Herzegovina,653,6317,Tuzla,2020,0.30424362,0.18762136
Bosnia and Herzegovina,653,6317,Tuzla,2021,0.29320025,0.13310601
Bosnia and Herzegovina,653,6317,Tuzla,2022,0.29351056,0.14200792
Bosnia and Herzegovina,653,6317,Tuzla,2023,0.30486703,0.18168446
Bosnia and Herzegovina,653,6317,Tuzla,2024,0.29714108,0.16201581
Bosnia and Herzegovina,653,6318,Ugljevik,2015,0.17939457,0.09420719
Bosnia and Herzegovina,653,6318,Ugljevik,2016,0.16686893,0.055387758
Bosnia and Herzegovina,653,6318,Ugljevik,2017,0.1910857,0.10874527
Bosnia and Herzegovina,653,6318,Ugljevik,2018,0.23172386,0.12709194
Bosnia and Herzegovina,653,6318,Ugljevik,2019,0.19649206,0.07553912
Bosnia and Herzegovina,653,6318,Ugljevik,2020,0.18151625,0.049516287
Bosnia and Herzegovina,653,6318,Ugljevik,2021,0.18821184,0.08611266
Bosnia and Herzegovina,653,6318,Ugljevik,2022,0.17640278,0.065847114
Bosnia and Herzegovina,653,6318,Ugljevik,2023,0.20195213,0.07317961
Bosnia and Herzegovina,653,6318,Ugljevik,2024,0.23748553,0.10106153
Bosnia and Herzegovina,653,6319,Visegrad,2015,0.141319,0.057319038
Bosnia and Herzegovina,653,6319,Visegrad,2016,0.15236089,0.047901463
Bosnia and Herzegovina,653,6319,Visegrad,2017,0.1536576,0.053326637
Bosnia and Herzegovina,653,6319,Visegrad,2018,0.16618258,0.058279034
Bosnia and Herzegovina,653,6319,Visegrad,2019,0.15696284,0.04924389
Bosnia and Herzegovina,653,6319,Visegrad,2020,0.16237104,0.05121499
Bosnia and Herzegovina,653,6319,Visegrad,2021,0.14209136,0.04772607
Bosnia and Herzegovina,653,6319,Visegrad,2022,0.14542294,0.045701478
Bosnia and Herzegovina,653,6319,Visegrad,2023,0.16020381,0.048741627
Bosnia and Herzegovina,653,6319,Visegrad,2024,0.17189738,0.062418766
Bosnia and Herzegovina,653,6320,Vlasenica,2015,0.16818193,0.0039005072
Bosnia and Herzegovina,653,6320,Vlasenica,2016,0.16385561,0.0
Bosnia and Herzegovina,653,6320,Vlasenica,2017,0.13960661,0.010695355
Bosnia and Herzegovina,653,6320,Vlasenica,2018,0.16115749,0.013808641
Bosnia and Herzegovina,653,6320,Vlasenica,2019,0.16666488,0.008321098
Bosnia and Herzegovina,653,6320,Vlasenica,2020,0.18467502,0.01185786
Bosnia and Herzegovina,653,6320,Vlasenica,2021,0.12757868,0.0076994505
Bosnia and Herzegovina,653,6320,Vlasenica,2022,0.13026924,0.012557522
Bosnia and Herzegovina,653,6320,Vlasenica,2023,0.1497608,0.009956202
Bosnia and Herzegovina,653,6320,Vlasenica,2024,0.14295098,0.012743133
Bosnia and Herzegovina,653,6321,Zvornik,2015,0.19964157,0.06782401
Bosnia and Herzegovina,653,6321,Zvornik,2016,0.18601263,0.047125548
Bosnia and Herzegovina,653,6321,Zvornik,2017,0.19059306,0.06386497
Bosnia and Herzegovina,653,6321,Zvornik,2018,0.1930362,0.06544563
Bosnia and Herzegovina,653,6321,Zvornik,2019,0.1926859,0.062669665
Bosnia and Herzegovina,653,6321,Zvornik,2020,0.2087134,0.061377697
Bosnia and Herzegovina,653,6321,Zvornik,2021,0.18614244,0.05227306
Bosnia and Herzegovina,653,6321,Zvornik,2022,0.19421408,0.047274675
Bosnia and Herzegovina,653,6321,Zvornik,2023,0.2062822,0.06363889
Bosnia and Herzegovina,653,6321,Zvornik,2024,0.19503245,0.06869569
Egypt,61510,61537,A L Labban,2015,0.09703467,0.09703467
Egypt,61510,61537,A L Labban,2016,0.09947879,0.09947879
Egypt,61510,61537,A L Labban,2017,0.09845654,0.09845654
Egypt,61510,61537,A L Labban,2018,0.09947879,0.09947879
Egypt,61510,61537,A L Labban,2019,0.09550424,0.09550424
Egypt,61510,61537,A L Labban,2020,0.094514735,0.094514735
Egypt,61510,61537,A L Labban,2021,0.094514735,0.094514735
Egypt,61510,61537,A L Labban,2022,0.094514735,0.094514735
Egypt,61510,61537,A L Labban,2023,0.09695885,0.09695885
Egypt,61510,61537,A L Labban,2024,0.09545788,0.09545788
Egypt,61510,61538,Al Amreia,2015,0.012676942,0.0050975746
Egypt,61510,61538,Al Amreia,2016,0.0146572245,0.0066874023
Egypt,61510,61538,Al Amreia,2017,0.012453766,0.004874398
Egypt,61510,61538,Al Amreia,2018,0.014923262,0.006953442
Egypt,61510,61538,Al Amreia,2019,0.012075792,0.0044964235
Egypt,61510,61538,Al Amreia,2020,0.013070128,0.0060862517
Egypt,61510,61538,Al Amreia,2021,0.014712105,0.0067422823
Egypt,61510,61538,Al Amreia,2022,0.012110762,0.0045313947
Egypt,61510,61538,Al Amreia,2023,0.013116278,0.0062448173
Egypt,61510,61538,Al Amreia,2024,0.014935281,0.006965459
Egypt,61510,61539,Al Attarin,2015,0.061368126,0.061368126
Egypt,61510,61539,Al Attarin,2016,0.06646109,0.06646109
Egypt,61510,61539,Al Attarin,2017,0.07209373,0.07209373
Egypt,61510,61539,Al Attarin,2018,0.0674775,0.0674775
Egypt,61510,61539,Al Attarin,2019,0.06401699,0.063890286
Egypt,61510,61539,Al Attarin,2020,0.062500805,0.062374108
Egypt,61510,61539,Al Attarin,2021,0.06797728,0.06797728
Egypt,61510,61539,Al Attarin,2022,0.062046167,0.062046167
Egypt,61510,61539,Al Attarin,2023,0.0645875,0.0645875
Egypt,61510,61539,Al Attarin,2024,0.066117935,0.066117935
Egypt,61510,61540,Al Dikhila,2015,0.016609533,0.016609533
Egypt,61510,61540,Al Dikhila,2016,0.016058512,0.016058512
Egypt,61510,61540,Al Dikhila,2017,0.015449879,0.015449879
Egypt,61510,61540,Al Dikhila,2018,0.01997903,0.01997903
Egypt,61510,61540,Al Dikhila,2019,0.019582052,0.019582052
Egypt,61510,61540,Al Dikhila,2020,0.015246713,0.015246713
Egypt,61510,61540,Al Dikhila,2021,0.01926319,0.01926319
Egypt,61510,61540,Al Dikhila,2022,0.015826698,0.015826698
Egypt,61510,61540,Al Dikhila,2023,0.016149536,0.016149536
Egypt,61510,61540,Al Dikhila,2024,0.019399362,0.019399362
Egypt,61510,61541,Al Gumruk,2015,0.05662677,0.05662677
Egypt,61510,61541,Al Gumruk,2016,0.058579303,0.058579303
Egypt,61510,61541,Al Gumruk,2017,0.06111486,0.06111486
Egypt,61510,61541,Al Gumruk,2018,0.07126913,0.07126913
Egypt,61510,61541,Al Gumruk,2019,0.075279206,0.075279206
Egypt,61510,61541,Al Gumruk,2020,0.075279206,0.075279206
Egypt,61510,61541,Al Gumruk,2021,0.07720464,0.07720464
Egypt,61510,61541,Al Gumruk,2022,0.06599346,0.06599346
Egypt,61510,61541,Al Gumruk,2023,0.08784346,0.08784346
Egypt,61510,61541,Al Gumruk,2024,0.08784346,0.08784346
Egypt,61510,61542,Al Manshiyya,2015,0.06384114,0.06384114
Egypt,61510,61542,Al Manshiyya,2016,0.0750314,0.0750314
Egypt,61510,61542,Al Manshiyya,2017,0.06451183,0.06451183
Egypt,61510,61542,Al Manshiyya,2018,0.076532386,0.076532386
Egypt,61510,61542,Al Manshiyya,2019,0.06384114,0.06384114
Egypt,61510,61542,Al Manshiyya,2020,0.060590852,0.060590852
Egypt,61510,61542,Al Manshiyya,2021,0.07142956,0.07142956
Egypt,61510,61542,Al Manshiyya,2022,0.06386509,0.06386509
Egypt,61510,61542,Al Manshiyya,2023,0.065120354,0.065120354
Egypt,61510,61542,Al Manshiyya,2024,0.063463755,0.063463755
Egypt,61510,61543,Al Raml,2015,0.04582978,0.04582978
Egypt,61510,61543,Al Raml,2016,0.051527172,0.051527172
Egypt,61510,61543,Al Raml,2017,0.045947287,0.045947287
Egypt,61510,61543,Al Raml,2018,0.044373434,0.044373434
Egypt,61510,61543,Al Raml,2019,0.050156217,0.050156217
Egypt,61510,61543,Al Raml,2020,0.044021867,0.044021867
Egypt,61510,61543,Al Raml,2021,0.0452766,0.0452766
Egypt,61510,61543,Al Raml,2022,0.044366833,0.044366833
Egypt,61510,61543,Al Raml,2023,0.050774112,0.050774112
Egypt,61510,61543,Al Raml,2024,0.046026524,0.046026524
Egypt,61510,61544,Bab Sharqi,2015,0.046727017,0.047197565
Egypt,61510,61544,Bab Sharqi,2016,0.047136016,0.047606565
Egypt,61510,61544,Bab Sharqi,2017,0.048039183,0.048509743
Egypt,61510,61544,Bab Sharqi,2018,0.046877407,0.047347967
Egypt,61510,61544,Bab Sharqi,2019,0.04646396,0.046934508
Egypt,61510,61544,Bab Sharqi,2020,0.04646396,0.046934508
Egypt,61510,61544,Bab Sharqi,2021,0.04646396,0.046934508
Egypt,61510,61544,Bab Sharqi,2022,0.044691898,0.045162454
Egypt,61510,61544,Bab Sharqi,2023,0.048908066,0.049378626
Egypt,61510,61544,Bab Sharqi,2024,0.050574888,0.051045444
Egypt,61510,61545,Burg al-Arab,2015,0.0069889277,0.007891728
Egypt,61510,61545,Burg al-Arab,2016,0.008357229,0.011739907
Egypt,61510,61545,Burg al-Arab,2017,0.007988946,0.009308232
Egypt,61510,61545,Burg al-Arab,2018,0.009899586,0.010802389
Egypt,61510,61545,Burg al-Arab,2019,0.0075906026,0.0113472715
Egypt,61510,61545,Burg al-Arab,2020,0.010713105,0.014469783
Egypt,61510,61545,Burg al-Arab,2021,0.007994287,0.011750963
Egypt,61510,61545,Burg al-Arab,2022,0.0065905857,0.010347256
Egypt,61510,61545,Burg al-Arab,2023,0.009341671,0.012620845
Egypt,61510,61545,Burg al-Arab,2024,0.0073938984,0.010344875
Egypt,61510,61546,Burg Al-Arab City,2015,0.009173216,0.009173216
Egypt,61510,61546,Burg Al-Arab City,2016,0.007971705,0.007844999
Egypt,61510,61546,Burg Al-Arab City,2017,0.008287753,0.008287753
Egypt,61510,61546,Burg Al-Arab City,2018,0.011240951,0.011240951
Egypt,61510,61546,Burg Al-Arab City,2019,0.010054811,0.010054811
Egypt,61510,61546,Burg Al-Arab City,2020,0.007988516,0.00786181
Egypt,61510,61546,Burg Al-Arab City,2021,0.009482061,0.009355354
Egypt,61510,61546,Burg Al-Arab City,2022,0.008368849,0.008242143
Egypt,61510,61546,Burg Al-Arab City,2023,0.010776588,0.010649881
Egypt,61510,61546,Burg Al-Arab City,2024,0.011055345,0.011055345
Egypt,61510,61547,Karmuz,2015,0.0681929,0.0681929
Egypt,61510,61547,Karmuz,2016,0.05894422,0.05894422
Egypt,61510,61547,Karmuz,2017,0.06378918,0.06339883
Egypt,61510,61547,Karmuz,2018,0.06467204,0.06467204
Egypt,61510,61547,Karmuz,2019,0.06669362,0.06669362
Egypt,61510,61547,Karmuz,2020,0.08649498,0.08649498
Egypt,61510,61547,Karmuz,2021,0.08649498,0.08649498
Egypt,61510,61547,Karmuz,2022,0.09053134,0.09053134
Egypt,61510,61547,Karmuz,2023,0.08525859,0.08525859
Egypt,61510,61547,Karmuz,2024,0.08570375,0.08570375
Egypt,61510,61548,Kesm than Al Raml,2015,0.03390617,0.030829513
Egypt,61510,61548,Kesm than Al Raml,2016,0.03390617,0.030829513
Egypt,61510,61548,Kesm than Al Raml,2017,0.03390617,0.030829513
Egypt,61510,61548,Kesm than Al Raml,2018,0.033479106,0.03040245
Egypt,61510,61548,Kesm than Al Raml,2019,0.033479106,0.03040245
Egypt,61510,61548,Kesm than Al Raml,2020,0.035578087,0.032501426
Egypt,61510,61548,Kesm than Al Raml,2021,0.029920006,0.026887385
Egypt,61510,61548,Kesm than Al Raml,2022,0.034851633,0.031774975
Egypt,61510,61548,Kesm than Al Raml,2023,0.033236727,0.030118462
Egypt,61510,61548,Kesm than Al Raml,2024,0.034609254,0.03149099
Egypt,61510,61549,Mina Al-Basal,2015,0.041241575,0.041712124
Egypt,61510,61549,Mina Al-Basal,2016,0.046274543,0.046745103
Egypt,61510,61549,Mina Al-Basal,2017,0.051608592,0.05207915
Egypt,61510,61549,Mina Al-Basal,2018,0.04715101,0.047621567
Egypt,61510,61549,Mina Al-Basal,2019,0.053009417,0.053479973
Egypt,61510,61549,Mina Al-Basal,2020,0.054648552,0.055119112
Egypt,61510,61549,Mina Al-Basal,2021,0.060591333,0.060591333
Egypt,61510,61549,Mina Al-Basal,2022,0.060591333,0.060591333
Egypt,61510,61549,Mina Al-Basal,2023,0.050056294,0.050056294
Egypt,61510,61549,Mina Al-Basal,2024,0.054353397,0.054353397
Egypt,61510,61550,Muharam Bik,2015,0.04125175,0.04172231
Egypt,61510,61550,Muharam Bik,2016,0.04368192,0.04376213
Egypt,61510,61550,Muharam Bik,2017,0.044218346,0.044298545
Egypt,61510,61550,Muharam Bik,2018,0.045290604,0.04576116
Egypt,61510,61550,Muharam Bik,2019,0.045830067,0.046160918
Egypt,61510,61550,Muharam Bik,2020,0.047026556,0.046585154
Egypt,61510,61550,Muharam Bik,2021,0.050053492,0.04961209
Egypt,61510,61550,Muharam Bik,2022,0.052678693,0.05223729
Egypt,61510,61550,Muharam Bik,2023,0.049097124,0.049427975
Egypt,61510,61550,Muharam Bik,2024,0.048811737,0.04267925
Egypt,61510,61551,Muntazah,2015,0.01559135,0.018270778
Egypt,61510,61551,Muntazah,2016,0.01559135,0.018270778
Egypt,61510,61551,Muntazah,2017,0.016006391,0.018685816
Egypt,61510,61551,Muntazah,2018,0.01706556,0.019409178
Egypt,61510,61551,Muntazah,2019,0.01641954,0.019098965
Egypt,61510,61551,Muntazah,2020,0.017130645,0.019810064
Egypt,61510,61551,Muntazah,2021,0.01641954,0.019098965
Egypt,61510,61551,Muntazah,2022,0.018139258,0.02024116
Egypt,61510,61551,Muntazah,2023,0.018846693,0.021190304
Egypt,61510,61551,Muntazah,2024,0.017393757,0.019737378
Egypt,61510,61553,Port Alexandria Police Department,2015,0.04695664,0.04695664
Egypt,61510,61553,Port Alexandria Police Department,2016,0.04836509,0.04836509
Egypt,61510,61553,Port Alexandria Police Department,2017,0.048013523,0.048013523
Egypt,61510,61553,Port Alexandria Police Department,2018,0.04836509,0.04836509
Egypt,61510,61553,Port Alexandria Police Department,2019,0.04486409,0.04635381
Egypt,61510,61553,Port Alexandria Police Department,2020,0.04695664,0.04695664
Egypt,61510,61553,Port Alexandria Police Department,2021,0.04734283,0.04734283
Egypt,61510,61553,Port Alexandria Police Department,2022,0.044678748,0.044678748
Egypt,61510,61553,Port Alexandria Police Department,2023,0.04973246,0.04973246
Egypt,61510,61553,Port Alexandria Police Department,2024,0.052187163,0.052187163
Egypt,61510,61554,Sidi Gabir,2015,0.04448571,0.044359013
Egypt,61510,61554,Sidi Gabir,2016,0.049427047,0.049897596
Egypt,61510,61554,Sidi Gabir,2017,0.045906354,0.045779653
Egypt,61510,61554,Sidi Gabir,2018,0.04979944,0.050269995
Egypt,61510,61554,Sidi Gabir,2019,0.045611095,0.045094036
Egypt,61510,61554,Sidi Gabir,2020,0.04399542,0.043868713
Egypt,61510,61554,Sidi Gabir,2021,0.045475412,0.045348704
Egypt,61510,61554,Sidi Gabir,2022,0.043253653,0.043126944
Egypt,61510,61554,Sidi Gabir,2023,0.042909298,0.04278259
Egypt,61510,61554,Sidi Gabir,2024,0.047118865,0.046992157
Egypt,61510,61555,Zemam Out,2015,0.37088495,0.2822716
Egypt,61510,61555,Zemam Out,2016,0.38806045,0.27506542
Egypt,61510,61555,Zemam Out,2017,0.38496664,0.28518006
Egypt,61510,61555,Zemam Out,2018,0.3829618,0.2983609
Egypt,61510,61555,Zemam Out,2019,0.3768509,0.2806633
Egypt,61510,61555,Zemam Out,2020,0.4110076,0.30661064
Egypt,61510,61555,Zemam Out,2021,0.3937664,0.3009198
Egypt,61510,61555,Zemam Out,2022,0.37579644,0.27559146
Egypt,61510,61555,Zemam Out,2023,0.3906259,0.29375842
Egypt,61510,61555,Zemam Out,2024,0.38488945,0.27942967
Egypt,61511,61556,Abnub,2015,0.09211045,0.043948498
Egypt,61511,61556,Abnub,2016,0.09640957,0.040385593
Egypt,61511,61556,Abnub,2017,0.06446865,0.018510617
Egypt,61511,61556,Abnub,2018,0.09478359,0.04613249
Egypt,61511,61556,Abnub,2019,0.055101007,0.015359299
Egypt,61511,61556,Abnub,2020,0.061667778,0.016491013
Egypt,61511,61556,Abnub,2021,0.101044215,0.047279637
Egypt,61511,61556,Abnub,2022,0.05422927,0.02650685
Egypt,61511,61556,Abnub,2023,0.08340259,0.030336035
Egypt,61511,61556,Abnub,2024,0.12222037,0.05746676
Egypt,61511,61557,Abu Tig,2015,0.07260215,0.026254652
Egypt,61511,61557,Abu Tig,2016,0.05652201,0.02719461
Egypt,61511,61557,Abu Tig,2017,0.040483877,0.02777488
Egypt,61511,61557,Abu Tig,2018,0.041406125,0.029216137
Egypt,61511,61557,Abu Tig,2019,0.046527352,0.030062705
Egypt,61511,61557,Abu Tig,2020,0.046805933,0.029079407
Egypt,61511,61557,Abu Tig,2021,0.044362027,0.029605752
Egypt,61511,61557,Abu Tig,2022,0.052803203,0.029134024
Egypt,61511,61557,Abu Tig,2023,0.072072715,0.031313337
Egypt,61511,61557,Abu Tig,2024,0.07772403,0.041622695
Egypt,61511,61558,Al- Badari,2015,0.10242327,0.031095227
Egypt,61511,61558,Al- Badari,2016,0.10913901,0.03458667
Egypt,61511,61558,Al- Badari,2017,0.08789711,0.030599114
Egypt,61511,61558,Al- Badari,2018,0.11271301,0.036496654
Egypt,61511,61558,Al- Badari,2019,0.098900914,0.032271836
Egypt,61511,61558,Al- Badari,2020,0.11793336,0.04449986
Egypt,61511,61558,Al- Badari,2021,0.122873396,0.040892523
Egypt,61511,61558,Al- Badari,2022,0.101887554,0.03700844
Egypt,61511,61558,Al- Badari,2023,0.1332678,0.044211026
Egypt,61511,61558,Al- Badari,2024,0.1296415,0.041902687
Egypt,61511,61559,Al-Ghanayem,2015,0.07785476,0.06313432
Egypt,61511,61559,Al-Ghanayem,2016,0.057925202,0.04772689
Egypt,61511,61559,Al-Ghanayem,2017,0.051662367,0.037712317
Egypt,61511,61559,Al-Ghanayem,2018,0.093617134,0.080476165
Egypt,61511,61559,Al-Ghanayem,2019,0.05896751,0.042088263
Egypt,61511,61559,Al-Ghanayem,2020,0.05814301,0.04476034
Egypt,61511,61559,Al-Ghanayem,2021,0.0590573,0.044404943
Egypt,61511,61559,Al-Ghanayem,2022,0.053887937,0.040098123
Egypt,61511,61559,Al-Ghanayem,2023,0.066244826,0.05046204
Egypt,61511,61559,Al-Ghanayem,2024,0.084237985,0.05093237
Egypt,61511,61560,Al-Qusia,2015,0.085916296,0.056185387
Egypt,61511,61560,Al-Qusia,2016,0.06914767,0.042494204
Egypt,61511,61560,Al-Qusia,2017,0.04914409,0.029661294
Egypt,61511,61560,Al-Qusia,2018,0.069143265,0.03999781
Egypt,61511,61560,Al-Qusia,2019,0.041195247,0.029516557
Egypt,61511,61560,Al-Qusia,2020,0.063449144,0.03999781
Egypt,61511,61560,Al-Qusia,2021,0.06570916,0.0413109
Egypt,61511,61560,Al-Qusia,2022,0.054825038,0.029450685
Egypt,61511,61560,Al-Qusia,2023,0.066044785,0.037341353
Egypt,61511,61560,Al-Qusia,2024,0.07689873,0.049545377
Egypt,61511,61561,Alfath,2015,0.03936356,0.027173573
Egypt,61511,61561,Alfath,2016,0.0449485,0.03328165
Egypt,61511,61561,Alfath,2017,0.041672684,0.028704602
Egypt,61511,61561,Alfath,2018,0.062476624,0.036363903
Egypt,61511,61561,Alfath,2019,0.060455896,0.030477624
Egypt,61511,61561,Alfath,2020,0.07303158,0.03568222
Egypt,61511,61561,Alfath,2021,0.07344611,0.036581706
Egypt,61511,61561,Alfath,2022,0.06569051,0.03313623
Egypt,61511,61561,Alfath,2023,0.09721033,0.03945093
Egypt,61511,61561,Alfath,2024,0.09925856,0.03968039
Egypt,61511,61562,Assuit,2015,0.034114838,0.019534124
Egypt,61511,61562,Assuit,2016,0.04316809,0.03214362
Egypt,61511,61562,Assuit,2017,0.035023276,0.019865893
Egypt,61511,61562,Assuit,2018,0.03535767,0.019631142
Egypt,61511,61562,Assuit,2019,0.035278536,0.020938106
Egypt,61511,61562,Assuit,2020,0.04104351,0.025316993
Egypt,61511,61562,Assuit,2021,0.046728272,0.0302221
Egypt,61511,61562,Assuit,2022,0.037555754,0.022921525
Egypt,61511,61562,Assuit,2023,0.04716585,0.030189121
Egypt,61511,61562,Assuit,2024,0.04736193,0.030855758
Egypt,61511,61563,Assuit City,2015,0.18084736,0.21280742
Egypt,61511,61563,Assuit City,2016,0.18800962,0.15902957
Egypt,61511,61563,Assuit City,2017,0.19840786,0.16506396
Egypt,61511,61563,Assuit City,2018,0.0849412,0.0849412
Egypt,61511,61563,Assuit City,2019,0.090012915,0.08941568
Egypt,61511,61563,Assuit City,2020,0.08371914,0.08371914
Egypt,61511,61563,Assuit City,2021,0.08371914,0.083121896
Egypt,61511,61563,Assuit City,2022,0.090760455,0.090163216
Egypt,61511,61563,Assuit City,2023,0.08558629,0.08558629
Egypt,61511,61563,Assuit City,2024,0.08558629,0.08558629
Egypt,61511,61564,Dayrut,2015,0.045082647,0.034058176
Egypt,61511,61564,Dayrut,2016,0.05319452,0.043009955
Egypt,61511,61564,Dayrut,2017,0.044786308,0.03136956
Egypt,61511,61564,Dayrut,2018,0.051332347,0.04030788
Egypt,61511,61564,Dayrut,2019,0.044333592,0.033309124
Egypt,61511,61564,Dayrut,2020,0.05324481,0.04222033
Egypt,61511,61564,Dayrut,2021,0.05327363,0.042249158
Egypt,61511,61564,Dayrut,2022,0.042201556,0.028784825
Egypt,61511,61564,Dayrut,2023,0.050376926,0.03935245
Egypt,61511,61564,Dayrut,2024,0.051680695,0.040656216
Egypt,61511,61565,Kesm Awal Assuit,2015,0.033391345,0.035672896
Egypt,61511,61565,Kesm Awal Assuit,2016,0.033391345,0.035672896
Egypt,61511,61565,Kesm Awal Assuit,2017,0.033391345,0.035672896
Egypt,61511,61565,Kesm Awal Assuit,2018,0.033391345,0.035672896
Egypt,61511,61565,Kesm Awal Assuit,2019,0.03567985,0.03796138
Egypt,61511,61565,Kesm Awal Assuit,2020,0.038486112,0.041508853
Egypt,61511,61565,Kesm Awal Assuit,2021,0.038486112,0.041508853
Egypt,61511,61565,Kesm Awal Assuit,2022,0.040550966,0.044843394
Egypt,61511,61565,Kesm Awal Assuit,2023,0.040550966,0.044843394
Egypt,61511,61565,Kesm Awal Assuit,2024,0.040550966,0.044843394
Egypt,61511,61566,Kesm Than Assuit,2015,0.028560532,0.02832614
Egypt,61511,61566,Kesm Than Assuit,2016,0.028959012,0.028509011
Egypt,61511,61566,Kesm Than Assuit,2017,0.028560532,0.028068036
Egypt,61511,61566,Kesm Than Assuit,2018,0.030450186,0.02995769
Egypt,61511,61566,Kesm Than Assuit,2019,0.028959012,0.031753328
Egypt,61511,61566,Kesm Than Assuit,2020,0.028797952,0.02856356
Egypt,61511,61566,Kesm Than Assuit,2021,0.030450186,0.0332445
Egypt,61511,61566,Kesm Than Assuit,2022,0.029196432,0.031990748
Egypt,61511,61566,Kesm Than Assuit,2023,0.036123943,0.038918227
Egypt,61511,61566,Kesm Than Assuit,2024,0.030687606,0.028767806
Egypt,61511,61567,Manfalut,2015,0.06306802,0.05009029
Egypt,61511,61567,Manfalut,2016,0.058769166,0.039377503
Egypt,61511,61567,Manfalut,2017,0.06105405,0.023976589
Egypt,61511,61567,Manfalut,2018,0.06896985,0.050300766
Egypt,61511,61567,Manfalut,2019,0.049971223,0.034704525
Egypt,61511,61567,Manfalut,2020,0.051086497,0.037611417
Egypt,61511,61567,Manfalut,2021,0.055957664,0.04487485
Egypt,61511,61567,Manfalut,2022,0.040267333,0.029538477
Egypt,61511,61567,Manfalut,2023,0.05576391,0.045080442
Egypt,61511,61567,Manfalut,2024,0.07690835,0.06666546
Egypt,61511,61568,Sahil Silim,2015,0.072205916,0.04168472
Egypt,61511,61568,Sahil Silim,2016,0.07918579,0.039197326
Egypt,61511,61568,Sahil Silim,2017,0.060966246,0.038124222
Egypt,61511,61568,Sahil Silim,2018,0.08375752,0.039989725
Egypt,61511,61568,Sahil Silim,2019,0.08065295,0.04201767
Egypt,61511,61568,Sahil Silim,2020,0.07161399,0.04689979
Egypt,61511,61568,Sahil Silim,2021,0.0668623,0.03641266
Egypt,61511,61568,Sahil Silim,2022,0.056990664,0.03814018
Egypt,61511,61568,Sahil Silim,2023,0.0831774,0.04752549
Egypt,61511,61568,Sahil Silim,2024,0.08419683,0.046537798
Egypt,61511,61569,Sidfa,2015,0.070338815,0.027225267
Egypt,61511,61569,Sidfa,2016,0.079304725,0.025120327
Egypt,61511,61569,Sidfa,2017,0.068287864,0.023658471
Egypt,61511,61569,Sidfa,2018,0.0494761,0.020260176
Egypt,61511,61569,Sidfa,2019,0.03907468,0.022762459
Egypt,61511,61569,Sidfa,2020,0.07851469,0.022277521
Egypt,61511,61569,Sidfa,2021,0.08309797,0.024053393
Egypt,61511,61569,Sidfa,2022,0.068328835,0.02364539
Egypt,61511,61569,Sidfa,2023,0.081185244,0.030254787
Egypt,61511,61569,Sidfa,2024,0.07786478,0.028270205
Egypt,61511,61570,Zemam Out,2015,0.23571184,0.15855181
Egypt,61511,61570,Zemam Out,2016,0.24436346,0.15990967
Egypt,61511,61570,Zemam Out,2017,0.20322561,0.11139045
Egypt,61511,61570,Zemam Out,2018,0.2437913,0.16920413
Egypt,61511,61570,Zemam Out,2019,0.18565379,0.11055429
Egypt,61511,61570,Zemam Out,2020,0.21829721,0.12320652
Egypt,61511,61570,Zemam Out,2021,0.19525997,0.121924855
Egypt,61511,61570,Zemam Out,2022,0.17631578,0.10207198
Egypt,61511,61570,Zemam Out,2023,0.1743774,0.120278955
Egypt,61511,61570,Zemam Out,2024,0.1885918,0.123066515
Egypt,61512,61572,Adfu,2015,0.07497018,0.059295006
Egypt,61512,61572,Adfu,2016,0.07561078,0.05974923
Egypt,61512,61572,Adfu,2017,0.078835644,0.06316046
Egypt,61512,61572,Adfu,2018,0.078544065,0.06286888
Egypt,61512,61572,Adfu,2019,0.081068695,0.06520715
Egypt,61512,61572,Adfu,2020,0.08319128,0.066271506
Egypt,61512,61572,Adfu,2021,0.082026854,0.066165306
Egypt,61512,61572,Adfu,2022,0.07990019,0.06590323
Egypt,61512,61572,Adfu,2023,0.070733085,0.05505791
Egypt,61512,61572,Adfu,2024,0.07025289,0.05439135
Egypt,61512,61573,Aswan,2015,0.037389454,0.037389454
Egypt,61512,61573,Aswan,2016,0.03736509,0.03736509
Egypt,61512,61573,Aswan,2017,0.036354866,0.036354866
Egypt,61512,61573,Aswan,2018,0.044662595,0.044662595
Egypt,61512,61573,Aswan,2019,0.032290976,0.032290976
Egypt,61512,61573,Aswan,2020,0.03553068,0.03553068
Egypt,61512,61573,Aswan,2021,0.044495072,0.044495072
Egypt,61512,61573,Aswan,2022,0.032666486,0.032666486
Egypt,61512,61573,Aswan,2023,0.043943807,0.043943807
Egypt,61512,61573,Aswan,2024,0.036940843,0.037976254
Egypt,61512,61575,Daraw,2015,0.12050418,0.104314
Egypt,61512,61575,Daraw,2016,0.107251875,0.09318994
Egypt,61512,61575,Daraw,2017,0.123066396,0.108145915
Egypt,61512,61575,Daraw,2018,0.1081674,0.09410547
Egypt,61512,61575,Daraw,2019,0.10688432,0.09282239
Egypt,61512,61575,Daraw,2020,0.1194317,0.10324152
Egypt,61512,61575,Daraw,2021,0.100360416,0.08555728
Egypt,61512,61575,Daraw,2022,0.115571134,0.098639764
Egypt,61512,61575,Daraw,2023,0.1182401,0.102049924
Egypt,61512,61575,Daraw,2024,0.11718679,0.100255415
Egypt,61512,61576,Kum Umbu,2015,0.07277136,0.058549665
Egypt,61512,61576,Kum Umbu,2016,0.09712141,0.083546825
Egypt,61512,61576,Kum Umbu,2017,0.09481816,0.08127871
Egypt,61512,61576,Kum Umbu,2018,0.0982185,0.08296571
Egypt,61512,61576,Kum Umbu,2019,0.08071186,0.066930726
Egypt,61512,61576,Kum Umbu,2020,0.08591224,0.07229289
Egypt,61512,61576,Kum Umbu,2021,0.09543579,0.08021815
Egypt,61512,61576,Kum Umbu,2022,0.07744304,0.06675133
Egypt,61512,61576,Kum Umbu,2023,0.09596988,0.08075223
Egypt,61512,61576,Kum Umbu,2024,0.09375758,0.08021815
Egypt,61512,61577,Nasr,2015,0.09058508,0.07512554
Egypt,61512,61577,Nasr,2016,0.0937594,0.07529371
Egypt,61512,61577,Nasr,2017,0.092405796,0.07694625
Egypt,61512,61577,Nasr,2018,0.095326304,0.076860614
Egypt,61512,61577,Nasr,2019,0.08926757,0.073808044
Egypt,61512,61577,Nasr,2020,0.09358703,0.07559189
Egypt,61512,61577,Nasr,2021,0.092215806,0.07375015
Egypt,61512,61577,Nasr,2022,0.08053985,0.06530919
Egypt,61512,61577,Nasr,2023,0.09387545,0.07540977
Egypt,61512,61577,Nasr,2024,0.093208894,0.074743226
Egypt,61512,61579,Zemam Out,2015,0.29452366,0.25823548
Egypt,61512,61579,Zemam Out,2016,0.29206955,0.2553887
Egypt,61512,61579,Zemam Out,2017,0.2909418,0.25700873
Egypt,61512,61579,Zemam Out,2018,0.29883632,0.26255482
Egypt,61512,61579,Zemam Out,2019,0.2776572,0.24153773
Egypt,61512,61579,Zemam Out,2020,0.259652,0.22446708
Egypt,61512,61579,Zemam Out,2021,0.21766526,0.1890124
Egypt,61512,61579,Zemam Out,2022,0.19637465,0.16028565
Egypt,61512,61579,Zemam Out,2023,0.22643232,0.18943587
Egypt,61512,61579,Zemam Out,2024,0.22401589,0.1863195
Egypt,61513,61580,Abu-l-Matamir,2015,0.0818014,0.08256467
Egypt,61513,61580,Abu-l-Matamir,2016,0.07666952,0.061382074
Egypt,61513,61580,Abu-l-Matamir,2017,0.087622315,0.07920746
Egypt,61513,61580,Abu-l-Matamir,2018,0.09220159,0.084050514
Egypt,61513,61580,Abu-l-Matamir,2019,0.088424414,0.072947
Egypt,61513,61580,Abu-l-Matamir,2020,0.108380824,0.07044593
Egypt,61513,61580,Abu-l-Matamir,2021,0.0967481,0.068931565
Egypt,61513,61580,Abu-l-Matamir,2022,0.09321906,0.07184027
Egypt,61513,61580,Abu-l-Matamir,2023,0.098946825,0.07056609
Egypt,61513,61580,Abu-l-Matamir,2024,0.087626204,0.055333577
Egypt,61513,61581,Abu Hummus,2015,0.16749,0.05781241
Egypt,61513,61581,Abu Hummus,2016,0.17685631,0.06864937
Egypt,61513,61581,Abu Hummus,2017,0.16995767,0.05571275
Egypt,61513,61581,Abu Hummus,2018,0.17644495,0.057398453
Egypt,61513,61581,Abu Hummus,2019,0.1742545,0.05387659
Egypt,61513,61581,Abu Hummus,2020,0.18101327,0.05230004
Egypt,61513,61581,Abu Hummus,2021,0.1805205,0.06432112
Egypt,61513,61581,Abu Hummus,2022,0.18752182,0.059757497
Egypt,61513,61581,Abu Hummus,2023,0.19036159,0.058786113
Egypt,61513,61581,Abu Hummus,2024,0.19152655,0.061214298
Egypt,61513,61582,Al-Dilingat,2015,0.13150914,0.13325208
Egypt,61513,61582,Al-Dilingat,2016,0.12614605,0.12341803
Egypt,61513,61582,Al-Dilingat,2017,0.12899037,0.116293326
Egypt,61513,61582,Al-Dilingat,2018,0.122651115,0.099392354
Egypt,61513,61582,Al-Dilingat,2019,0.13295785,0.10808694
Egypt,61513,61582,Al-Dilingat,2020,0.12774639,0.098497406
Egypt,61513,61582,Al-Dilingat,2021,0.12238451,0.12460934
Egypt,61513,61582,Al-Dilingat,2022,0.12992236,0.12670287
Egypt,61513,61582,Al-Dilingat,2023,0.13864762,0.09185012
Egypt,61513,61582,Al-Dilingat,2024,0.13462713,0.10035212
Egypt,61513,61583,Al-Mahmudiyya,2015,0.084758155,0.015464721
Egypt,61513,61583,Al-Mahmudiyya,2016,0.091541275,0.020460196
Egypt,61513,61583,Al-Mahmudiyya,2017,0.090759516,0.020732138
Egypt,61513,61583,Al-Mahmudiyya,2018,0.09718927,0.019710783
Egypt,61513,61583,Al-Mahmudiyya,2019,0.09938127,0.020619625
Egypt,61513,61583,Al-Mahmudiyya,2020,0.101910435,0.018404596
Egypt,61513,61583,Al-Mahmudiyya,2021,0.10282248,0.018697543
Egypt,61513,61583,Al-Mahmudiyya,2022,0.10418217,0.018770788
Egypt,61513,61583,Al-Mahmudiyya,2023,0.10498285,0.023867367
Egypt,61513,61583,Al-Mahmudiyya,2024,0.10512512,0.023860285
Egypt,61513,61584,Al-Rahmaniyya,2015,0.058913648,0.020501249
Egypt,61513,61584,Al-Rahmaniyya,2016,0.06592894,0.02208247
Egypt,61513,61584,Al-Rahmaniyya,2017,0.07119555,0.03204843
Egypt,61513,61584,Al-Rahmaniyya,2018,0.08415324,0.044461854
Egypt,61513,61584,Al-Rahmaniyya,2019,0.06804747,0.026744453
Egypt,61513,61584,Al-Rahmaniyya,2020,0.076974094,0.025100553
Egypt,61513,61584,Al-Rahmaniyya,2021,0.067851596,0.026751064
Egypt,61513,61584,Al-Rahmaniyya,2022,0.074634686,0.026571665
Egypt,61513,61584,Al-Rahmaniyya,2023,0.11121256,0.045167007
Egypt,61513,61584,Al-Rahmaniyya,2024,0.108531125,0.03681286
Egypt,61513,61585,Badr,2015,0.07154228,0.07579826
Egypt,61513,61585,Badr,2016,0.07245663,0.08321557
Egypt,61513,61585,Badr,2017,0.07647493,0.0751032
Egypt,61513,61585,Badr,2018,0.090822175,0.07843804
Egypt,61513,61585,Badr,2019,0.07509102,0.06857121
Egypt,61513,61585,Badr,2020,0.0989677,0.06562875
Egypt,61513,61585,Badr,2021,0.08606729,0.04943887
Egypt,61513,61585,Badr,2022,0.09063248,0.026683116
Egypt,61513,61585,Badr,2023,0.12267431,0.03248371
Egypt,61513,61585,Badr,2024,0.11487298,0.023912886
Egypt,61513,61586,Damanhur,2015,0.055455867,0.034107786
Egypt,61513,61586,Damanhur,2016,0.05089323,0.03290253
Egypt,61513,61586,Damanhur,2017,0.048076812,0.030043041
Egypt,61513,61586,Damanhur,2018,0.05181512,0.03168194
Egypt,61513,61586,Damanhur,2019,0.043407366,0.023912383
Egypt,61513,61586,Damanhur,2020,0.0764548,0.0325662
Egypt,61513,61586,Damanhur,2021,0.059371967,0.03376758
Egypt,61513,61586,Damanhur,2022,0.08136082,0.033537347
Egypt,61513,61586,Damanhur,2023,0.11427172,0.032731283
Egypt,61513,61586,Damanhur,2024,0.10574692,0.031237202
Egypt,61513,61587,Hush Isa,2015,0.11498431,0.060477495
Egypt,61513,61587,Hush Isa,2016,0.10160455,0.040128194
Egypt,61513,61587,Hush Isa,2017,0.10762376,0.03911697
Egypt,61513,61587,Hush Isa,2018,0.11336187,0.037729457
Egypt,61513,61587,Hush Isa,2019,0.12011589,0.03911697
Egypt,61513,61587,Hush Isa,2020,0.12658292,0.035108753
Egypt,61513,61587,Hush Isa,2021,0.12415204,0.04013989
Egypt,61513,61587,Hush Isa,2022,0.13414398,0.037667774
Egypt,61513,61587,Hush Isa,2023,0.14756465,0.03737751
Egypt,61513,61587,Hush Isa,2024,0.15133485,0.04017258
Egypt,61513,61588,Idku,2015,0.07056814,0.030915882
Egypt,61513,61588,Idku,2016,0.08313495,0.035665594
Egypt,61513,61588,Idku,2017,0.044195496,0.027526055
Egypt,61513,61588,Idku,2018,0.051864885,0.032711104
Egypt,61513,61588,Idku,2019,0.045189515,0.030528149
Egypt,61513,61588,Idku,2020,0.053440895,0.0315331
Egypt,61513,61588,Idku,2021,0.05510558,0.04044422
Egypt,61513,61588,Idku,2022,0.04901929,0.034617007
Egypt,61513,61588,Idku,2023,0.047648475,0.032987118
Egypt,61513,61588,Idku,2024,0.040270835,0.026404986
Egypt,61513,61589,Itay Al-Barud,2015,0.091013275,0.047456022
Egypt,61513,61589,Itay Al-Barud,2016,0.08328111,0.043730848
Egypt,61513,61589,Itay Al-Barud,2017,0.084421344,0.046743684
Egypt,61513,61589,Itay Al-Barud,2018,0.09369007,0.045434408
Egypt,61513,61589,Itay Al-Barud,2019,0.09187316,0.045370534
Egypt,61513,61589,Itay Al-Barud,2020,0.10591857,0.0438584
Egypt,61513,61589,Itay Al-Barud,2021,0.09365404,0.045392796
Egypt,61513,61589,Itay Al-Barud,2022,0.10873312,0.04420805
Egypt,61513,61589,Itay Al-Barud,2023,0.1275592,0.045410413
Egypt,61513,61589,Itay Al-Barud,2024,0.13644367,0.045230996
Egypt,61513,61590,Kafr Al-Dawwar,2015,0.077322066,0.030508446
Egypt,61513,61590,Kafr Al-Dawwar,2016,0.079141736,0.029295215
Egypt,61513,61590,Kafr Al-Dawwar,2017,0.09417997,0.03977595
Egypt,61513,61590,Kafr Al-Dawwar,2018,0.07760467,0.031409033
Egypt,61513,61590,Kafr Al-Dawwar,2019,0.083340235,0.027261376
Egypt,61513,61590,Kafr Al-Dawwar,2020,0.09448442,0.025672179
Egypt,61513,61590,Kafr Al-Dawwar,2021,0.09702723,0.03135911
Egypt,61513,61590,Kafr Al-Dawwar,2022,0.11995676,0.045821525
Egypt,61513,61590,Kafr Al-Dawwar,2023,0.09967919,0.034512337
Egypt,61513,61590,Kafr Al-Dawwar,2024,0.098496266,0.034721345
Egypt,61513,61591,Kum Hamada,2015,0.055403467,0.038389742
Egypt,61513,61591,Kum Hamada,2016,0.04320785,0.026084699
Egypt,61513,61591,Kum Hamada,2017,0.043480366,0.026824579
Egypt,61513,61591,Kum Hamada,2018,0.04125476,0.02335398
Egypt,61513,61591,Kum Hamada,2019,0.042067967,0.026855353
Egypt,61513,61591,Kum Hamada,2020,0.05352176,0.021871042
Egypt,61513,61591,Kum Hamada,2021,0.058278024,0.032319456
Egypt,61513,61591,Kum Hamada,2022,0.056744415,0.028305596
Egypt,61513,61591,Kum Hamada,2023,0.08060683,0.025150847
Egypt,61513,61591,Kum Hamada,2024,0.08447502,0.022376021
Egypt,61513,61592,Nubariyya West,2015,0.27747408,0.23900656
Egypt,61513,61592,Nubariyya West,2016,0.27677193,0.23449054
Egypt,61513,61592,Nubariyya West,2017,0.27420834,0.24052502
Egypt,61513,61592,Nubariyya West,2018,0.2847082,0.24789104
Egypt,61513,61592,Nubariyya West,2019,0.2778328,0.24622458
Egypt,61513,61592,Nubariyya West,2020,0.29090342,0.25885153
Egypt,61513,61592,Nubariyya West,2021,0.27293396,0.23319592
Egypt,61513,61592,Nubariyya West,2022,0.26236776,0.21986729
Egypt,61513,61592,Nubariyya West,2023,0.27834168,0.23861817
Egypt,61513,61592,Nubariyya West,2024,0.28467512,0.23252502
Egypt,61513,61593,Rashid,2015,0.0330684,0.009876852
Egypt,61513,61593,Rashid,2016,0.029389359,0.013457205
Egypt,61513,61593,Rashid,2017,0.02925288,0.011997026
Egypt,61513,61593,Rashid,2018,0.030357318,0.015022417
Egypt,61513,61593,Rashid,2019,0.03107909,0.008892844
Egypt,61513,61593,Rashid,2020,0.04516654,0.008670573
Egypt,61513,61593,Rashid,2021,0.032760706,0.019480553
Egypt,61513,61593,Rashid,2022,0.030339127,0.013933262
Egypt,61513,61593,Rashid,2023,0.019423652,0.0027587092
Egypt,61513,61593,Rashid,2024,0.04387103,0.0032428347
Egypt,61513,61594,Shubra Khît,2015,0.090935364,0.040979244
Egypt,61513,61594,Shubra Khît,2016,0.081934854,0.03297256
Egypt,61513,61594,Shubra Khît,2017,0.08857961,0.037829906
Egypt,61513,61594,Shubra Khît,2018,0.089094244,0.036028773
Egypt,61513,61594,Shubra Khît,2019,0.08867623,0.027838627
Egypt,61513,61594,Shubra Khît,2020,0.11512997,0.03938676
Egypt,61513,61594,Shubra Khît,2021,0.10039559,0.03247319
Egypt,61513,61594,Shubra Khît,2022,0.1072226,0.03737212
Egypt,61513,61594,Shubra Khît,2023,0.117662914,0.041916966
Egypt,61513,61594,Shubra Khît,2024,0.13361135,0.049771287
Egypt,61513,61595,Wadi Al-NatrUn,2015,0.15283483,0.14791942
Egypt,61513,61595,Wadi Al-NatrUn,2016,0.13644819,0.13016832
Egypt,61513,61595,Wadi Al-NatrUn,2017,0.1451086,0.14463362
Egypt,61513,61595,Wadi Al-NatrUn,2018,0.12743661,0.12148909
Egypt,61513,61595,Wadi Al-NatrUn,2019,0.1348905,0.13001515
Egypt,61513,61595,Wadi Al-NatrUn,2020,0.13307428,0.11334596
Egypt,61513,61595,Wadi Al-NatrUn,2021,0.137288,0.11721279
Egypt,61513,61595,Wadi Al-NatrUn,2022,0.14196786,0.13929558
Egypt,61513,61595,Wadi Al-NatrUn,2023,0.13882166,0.12625416
Egypt,61513,61595,Wadi Al-NatrUn,2024,0.14054206,0.11454173
Egypt,61513,61596,Zemam Out,2015,0.14788309,0.09488103
Egypt,61513,61596,Zemam Out,2016,0.1488891,0.096625656
Egypt,61513,61596,Zemam Out,2017,0.14998338,0.08835038
Egypt,61513,61596,Zemam Out,2018,0.17713842,0.12064989
Egypt,61513,61596,Zemam Out,2019,0.14894885,0.085838184
Egypt,61513,61596,Zemam Out,2020,0.16829485,0.10460055
Egypt,61513,61596,Zemam Out,2021,0.14440846,0.079851456
Egypt,61513,61596,Zemam Out,2022,0.08932224,0.048680805
Egypt,61513,61596,Zemam Out,2023,0.12587771,0.061902076
Egypt,61513,61596,Zemam Out,2024,0.1251954,0.059574682
Egypt,61514,61597,Ahnasya,2015,0.113216214,0.0920239
Egypt,61514,61597,Ahnasya,2016,0.11395053,0.09250391
Egypt,61514,61597,Ahnasya,2017,0.12109247,0.09391257
Egypt,61514,61597,Ahnasya,2018,0.11158081,0.09593434
Egypt,61514,61597,Ahnasya,2019,0.11073403,0.09508756
Egypt,61514,61597,Ahnasya,2020,0.11690188,0.10058347
Egypt,61514,61597,Ahnasya,2021,0.10716719,0.09097051
Egypt,61514,61597,Ahnasya,2022,0.10622695,0.08964981
Egypt,61514,61597,Ahnasya,2023,0.13667032,0.09006296
Egypt,61514,61597,Ahnasya,2024,0.15474144,0.09797438
Egypt,61514,61598,Al Fashn,2015,0.17093769,0.14036378
Egypt,61514,61598,Al Fashn,2016,0.15710285,0.10523493
Egypt,61514,61598,Al Fashn,2017,0.14680621,0.06963657
Egypt,61514,61598,Al Fashn,2018,0.13819724,0.06932916
Egypt,61514,61598,Al Fashn,2019,0.11929992,0.06563113
Egypt,61514,61598,Al Fashn,2020,0.13322157,0.071566716
Egypt,61514,61598,Al Fashn,2021,0.116655365,0.06731757
Egypt,61514,61598,Al Fashn,2022,0.12130033,0.065091126
Egypt,61514,61598,Al Fashn,2023,0.13560143,0.06806491
Egypt,61514,61598,Al Fashn,2024,0.15932417,0.09452449
Egypt,61514,61599,Al Wasta,2015,0.07067235,0.030942023
Egypt,61514,61599,Al Wasta,2016,0.054732166,0.0305104
Egypt,61514,61599,Al Wasta,2017,0.035132818,0.014728315
Egypt,61514,61599,Al Wasta,2018,0.03341761,0.014456287
Egypt,61514,61599,Al Wasta,2019,0.03568901,0.0150535265
Egypt,61514,61599,Al Wasta,2020,0.037632484,0.016997028
Egypt,61514,61599,Al Wasta,2021,0.04364791,0.025158979
Egypt,61514,61599,Al Wasta,2022,0.036270704,0.015894307
Egypt,61514,61599,Al Wasta,2023,0.03963899,0.019784722
Egypt,61514,61599,Al Wasta,2024,0.05255189,0.023847908
Egypt,61514,61600,Bani Swayf,2015,0.02728892,0.011855968
Egypt,61514,61600,Bani Swayf,2016,0.028237473,0.01304624
Egypt,61514,61600,Bani Swayf,2017,0.02728892,0.011855968
Egypt,61514,61600,Bani Swayf,2018,0.028455278,0.012740898
Egypt,61514,61600,Bani Swayf,2019,0.027626917,0.010984711
Egypt,61514,61600,Bani Swayf,2020,0.028870312,0.01237785
Egypt,61514,61600,Bani Swayf,2021,0.02829489,0.01025179
Egypt,61514,61600,Bani Swayf,2022,0.025985155,0.010552204
Egypt,61514,61600,Bani Swayf,2023,0.029047925,0.013170583
Egypt,61514,61600,Bani Swayf,2024,0.030801294,0.015048809
Egypt,61514,61601,Bani Swayf City,2015,0.060297836,0.060297836
Egypt,61514,61601,Bani Swayf City,2016,0.05704829,0.05704829
Egypt,61514,61601,Bani Swayf City,2017,0.056822903,0.056822903
Egypt,61514,61601,Bani Swayf City,2018,0.07227502,0.07227502
Egypt,61514,61601,Bani Swayf City,2019,0.06865263,0.06865263
Egypt,61514,61601,Bani Swayf City,2020,0.06042269,0.06042269
Egypt,61514,61601,Bani Swayf City,2021,0.05239252,0.05239252
Egypt,61514,61601,Bani Swayf City,2022,0.051214743,0.051214743
Egypt,61514,61601,Bani Swayf City,2023,0.060593635,0.060593635
Egypt,61514,61601,Bani Swayf City,2024,0.06456897,0.06456897
Egypt,61514,61602,Biba,2015,0.04078085,0.024583807
Egypt,61514,61602,Biba,2016,0.041011345,0.02481121
Egypt,61514,61602,Biba,2017,0.046308555,0.027914086
Egypt,61514,61602,Biba,2018,0.04204841,0.028795231
Egypt,61514,61602,Biba,2019,0.036317177,0.023064
Egypt,61514,61602,Biba,2020,0.04468054,0.030300125
Egypt,61514,61602,Biba,2021,0.043150224,0.026171995
Egypt,61514,61602,Biba,2022,0.037652772,0.024738027
Egypt,61514,61602,Biba,2023,0.038463,0.02513465
Egypt,61514,61602,Biba,2024,0.041804038,0.029253772
Egypt,61514,61603,Nasir,2015,0.06311731,0.0450525
Egypt,61514,61603,Nasir,2016,0.063415304,0.049704492
Egypt,61514,61603,Nasir,2017,0.062339574,0.044274762
Egypt,61514,61603,Nasir,2018,0.05183826,0.034868564
Egypt,61514,61603,Nasir,2019,0.049855005,0.029681033
Egypt,61514,61603,Nasir,2020,0.049604136,0.03079516
Egypt,61514,61603,Nasir,2021,0.056875378,0.04151515
Egypt,61514,61603,Nasir,2022,0.057116177,0.037254974
Egypt,61514,61603,Nasir,2023,0.057332832,0.038240716
Egypt,61514,61603,Nasir,2024,0.08184481,0.06459827
Egypt,61514,61604,Sumusta,2015,0.16412911,0.1054644
Egypt,61514,61604,Sumusta,2016,0.11361116,0.074608415
Egypt,61514,61604,Sumusta,2017,0.12183006,0.071645625
Egypt,61514,61604,Sumusta,2018,0.09082057,0.074032664
Egypt,61514,61604,Sumusta,2019,0.07138242,0.063894354
Egypt,61514,61604,Sumusta,2020,0.06645691,0.05702824
Egypt,61514,61604,Sumusta,2021,0.07899138,0.07105856
Egypt,61514,61604,Sumusta,2022,0.083308935,0.051275715
Egypt,61514,61604,Sumusta,2023,0.112950385,0.049408432
Egypt,61514,61604,Sumusta,2024,0.14576337,0.07449509
Egypt,61514,61605,Zemam Out,2015,0.2985952,0.26625818
Egypt,61514,61605,Zemam Out,2016,0.28981182,0.2593043
Egypt,61514,61605,Zemam Out,2017,0.30088353,0.26722103
Egypt,61514,61605,Zemam Out,2018,0.3234132,0.28485057
Egypt,61514,61605,Zemam Out,2019,0.29379168,0.2589427
Egypt,61514,61605,Zemam Out,2020,0.32324803,0.28079396
Egypt,61514,61605,Zemam Out,2021,0.30194807,0.27113098
Egypt,61514,61605,Zemam Out,2022,0.29340288,0.25350985
Egypt,61514,61605,Zemam Out,2023,0.29444936,0.25139397
Egypt,61514,61605,Zemam Out,2024,0.31408042,0.28053737
Egypt,61515,61606,15 Mayu,2015,0.03197006,0.03197006
Egypt,61515,61606,15 Mayu,2016,0.036065754,0.036065754
Egypt,61515,61606,15 Mayu,2017,0.035573635,0.035573635
Egypt,61515,61606,15 Mayu,2018,0.029730165,0.029730165
Egypt,61515,61606,15 Mayu,2019,0.03241998,0.03241998
Egypt,61515,61606,15 Mayu,2020,0.0391726,0.0391726
Egypt,61515,61606,15 Mayu,2021,0.042270247,0.042270247
Egypt,61515,61606,15 Mayu,2022,0.040839583,0.040839583
Egypt,61515,61606,15 Mayu,2023,0.030767472,0.030767472
Egypt,61515,61606,15 Mayu,2024,0.029237537,0.029237537
Egypt,61515,61607,Abdin,2015,0.086147346,0.086147346
Egypt,61515,61607,Abdin,2016,0.08551677,0.08551677
Egypt,61515,61607,Abdin,2017,0.08650404,0.08650404
Egypt,61515,61607,Abdin,2018,0.092999294,0.092999294
Egypt,61515,61607,Abdin,2019,0.08650404,0.08650404
Egypt,61515,61607,Abdin,2020,0.087320566,0.087320566
Egypt,61515,61607,Abdin,2021,0.09493287,0.09493287
Egypt,61515,61607,Abdin,2022,0.09566317,0.09566317
Egypt,61515,61607,Abdin,2023,0.096813,0.096813
Egypt,61515,61607,Abdin,2024,0.0974563,0.0974563
Egypt,61515,61608,Ain Shams,2015,0.07000967,0.07000967
Egypt,61515,61608,Ain Shams,2016,0.07000967,0.07000967
Egypt,61515,61608,Ain Shams,2017,0.07000967,0.07000967
Egypt,61515,61608,Ain Shams,2018,0.06817116,0.06817116
Egypt,61515,61608,Ain Shams,2019,0.07005206,0.07005206
Egypt,61515,61608,Ain Shams,2020,0.07005206,0.07005206
Egypt,61515,61608,Ain Shams,2021,0.07030902,0.07030902
Egypt,61515,61608,Ain Shams,2022,0.07005206,0.07005206
Egypt,61515,61608,Ain Shams,2023,0.07189817,0.07189817
Egypt,61515,61608,Ain Shams,2024,0.078393415,0.078393415
Egypt,61515,61609,Al Azbakiyya,2015,0.07108804,0.07108804
Egypt,61515,61609,Al Azbakiyya,2016,0.07010078,0.07010078
Egypt,61515,61609,Al Azbakiyya,2017,0.07020051,0.07020051
Egypt,61515,61609,Al Azbakiyya,2018,0.077787854,0.077787854
Egypt,61515,61609,Al Azbakiyya,2019,0.07020051,0.07020051
Egypt,61515,61609,Al Azbakiyya,2020,0.08161468,0.08161468
Egypt,61515,61609,Al Azbakiyya,2021,0.08161468,0.08161468
Egypt,61515,61609,Al Azbakiyya,2022,0.08118312,0.08118312
Egypt,61515,61609,Al Azbakiyya,2023,0.081072584,0.081072584
Egypt,61515,61609,Al Azbakiyya,2024,0.08855511,0.08855511
Egypt,61515,61610,Al Darb al-Ahmar,2015,0.09443909,0.09443909
Egypt,61515,61610,Al Darb al-Ahmar,2016,0.094884254,0.094884254
Egypt,61515,61610,Al Darb al-Ahmar,2017,0.094884254,0.094884254
Egypt,61515,61610,Al Darb al-Ahmar,2018,0.094153956,0.094153956
Egypt,61515,61610,Al Darb al-Ahmar,2019,0.094884254,0.094884254
Egypt,61515,61610,Al Darb al-Ahmar,2020,0.08597709,0.08597709
Egypt,61515,61610,Al Darb al-Ahmar,2021,0.08597709,0.08597709
Egypt,61515,61610,Al Darb al-Ahmar,2022,0.09453269,0.09453269
Egypt,61515,61610,Al Darb al-Ahmar,2023,0.09514121,0.09514121
Egypt,61515,61610,Al Darb al-Ahmar,2024,0.1024716,0.1024716
Egypt,61515,61611,Al Khalifa,2015,0.039156225,0.039156225
Egypt,61515,61611,Al Khalifa,2016,0.039156225,0.039156225
Egypt,61515,61611,Al Khalifa,2017,0.0368582,0.0368582
Egypt,61515,61611,Al Khalifa,2018,0.030165203,0.030165203
Egypt,61515,61611,Al Khalifa,2019,0.0368582,0.0368582
Egypt,61515,61611,Al Khalifa,2020,0.027934695,0.027934695
Egypt,61515,61611,Al Khalifa,2021,0.028072657,0.028072657
Egypt,61515,61611,Al Khalifa,2022,0.028072657,0.028072657
Egypt,61515,61611,Al Khalifa,2023,0.027442088,0.027442088
Egypt,61515,61611,Al Khalifa,2024,0.03115755,0.03115755
Egypt,61515,61612,Al Matariyya,2015,0.06521623,0.06521623
Egypt,61515,61612,Al Matariyya,2016,0.061469223,0.061469223
Egypt,61515,61612,Al Matariyya,2017,0.061469223,0.061469223
Egypt,61515,61612,Al Matariyya,2018,0.058556538,0.058556538
Egypt,61515,61612,Al Matariyya,2019,0.07025476,0.07025476
Egypt,61515,61612,Al Matariyya,2020,0.070155546,0.070155546
Egypt,61515,61612,Al Matariyya,2021,0.06137002,0.06137002
Egypt,61515,61612,Al Matariyya,2022,0.07197748,0.07197748
Egypt,61515,61612,Al Matariyya,2023,0.06932175,0.06932175
Egypt,61515,61612,Al Matariyya,2024,0.076753,0.076753
Egypt,61515,61613,Al Sahil,2015,0.07041251,0.07041251
Egypt,61515,61613,Al Sahil,2016,0.08101999,0.08101999
Egypt,61515,61613,Al Sahil,2017,0.080763035,0.080763035
Egypt,61515,61613,Al Sahil,2018,0.07124718,0.07124718
Egypt,61515,61613,Al Sahil,2019,0.080763035,0.080763035
Egypt,61515,61613,Al Sahil,2020,0.08096872,0.08096872
Egypt,61515,61613,Al Sahil,2021,0.080763035,0.080763035
Egypt,61515,61613,Al Sahil,2022,0.07157465,0.07157465
Egypt,61515,61613,Al Sahil,2023,0.073064014,0.073064014
Egypt,61515,61613,Al Sahil,2024,0.0795593,0.0795593
Egypt,61515,61614,Al Salam,2015,0.030090366,0.030090366
Egypt,61515,61614,Al Salam,2016,0.030090366,0.030090366
Egypt,61515,61614,Al Salam,2017,0.030090366,0.030090366
Egypt,61515,61614,Al Salam,2018,0.038725544,0.038725544
Egypt,61515,61614,Al Salam,2019,0.037703294,0.037703294
Egypt,61515,61614,Al Salam,2020,0.04467927,0.04467927
Egypt,61515,61614,Al Salam,2021,0.03987496,0.03987496
Egypt,61515,61614,Al Salam,2022,0.037782412,0.037782412
Egypt,61515,61614,Al Salam,2023,0.042683527,0.042683527
Egypt,61515,61614,Al Salam,2024,0.044194978,0.044194978
Egypt,61515,61615,Al Sharabiyya,2015,0.07473248,0.07473248
Egypt,61515,61615,Al Sharabiyya,2016,0.07280706,0.07280706
Egypt,61515,61615,Al Sharabiyya,2017,0.07473248,0.07473248
Egypt,61515,61615,Al Sharabiyya,2018,0.07400218,0.07400218
Egypt,61515,61615,Al Sharabiyya,2019,0.07473248,0.07473248
Egypt,61515,61615,Al Sharabiyya,2020,0.07360998,0.07360998
Egypt,61515,61615,Al Sharabiyya,2021,0.08351804,0.08351804
Egypt,61515,61615,Al Sharabiyya,2022,0.07438092,0.07438092
Egypt,61515,61615,Al Sharabiyya,2023,0.07386693,0.07386693
Egypt,61515,61615,Al Sharabiyya,2024,0.08119734,0.08119734
Egypt,61515,61616,Al Tibbin,2015,0.023303969,0.023303969
Egypt,61515,61616,Al Tibbin,2016,0.027428385,0.027428385
Egypt,61515,61616,Al Tibbin,2017,0.028144417,0.028144417
Egypt,61515,61616,Al Tibbin,2018,0.029513298,0.029513298
Egypt,61515,61616,Al Tibbin,2019,0.029827474,0.029827474
Egypt,61515,61616,Al Tibbin,2020,0.030281221,0.030281221
Egypt,61515,61616,Al Tibbin,2021,0.03337357,0.03337357
Egypt,61515,61616,Al Tibbin,2022,0.034089603,0.034089603
Egypt,61515,61616,Al Tibbin,2023,0.03828423,0.03828423
Egypt,61515,61616,Al Tibbin,2024,0.039263044,0.039263044
Egypt,61515,61617,Al Wayli,2015,0.07005206,0.07005206
Egypt,61515,61617,Al Wayli,2016,0.07005206,0.07005206
Egypt,61515,61617,Al Wayli,2017,0.07005206,0.07005206
Egypt,61515,61617,Al Wayli,2018,0.069120854,0.069120854
Egypt,61515,61617,Al Wayli,2019,0.07005206,0.07005206
Egypt,61515,61617,Al Wayli,2020,0.07280706,0.07280706
Egypt,61515,61617,Al Wayli,2021,0.07005206,0.07005206
Egypt,61515,61617,Al Wayli,2022,0.06964922,0.06964922
Egypt,61515,61617,Al Wayli,2023,0.073064014,0.073064014
Egypt,61515,61617,Al Wayli,2024,0.0795593,0.0795593
Egypt,61515,61618,Al Zahir,2015,0.08525859,0.08525859
Egypt,61515,61618,Al Zahir,2016,0.08525859,0.08525859
Egypt,61515,61618,Al Zahir,2017,0.08570375,0.08570375
Egypt,61515,61618,Al Zahir,2018,0.0865626,0.0865626
Egypt,61515,61618,Al Zahir,2019,0.08570375,0.08570375
Egypt,61515,61618,Al Zahir,2020,0.09111933,0.09111933
Egypt,61515,61618,Al Zahir,2021,0.08729291,0.08729291
Egypt,61515,61618,Al Zahir,2022,0.08694134,0.08694134
Egypt,61515,61618,Al Zahir,2023,0.085144445,0.085144445
Egypt,61515,61618,Al Zahir,2024,0.09816111,0.09816111
Egypt,61515,61619,Al Zaytun,2015,0.06974077,0.06974077
Egypt,61515,61619,Al Zaytun,2016,0.06757177,0.06757177
Egypt,61515,61619,Al Zaytun,2017,0.071935095,0.071935095
Egypt,61515,61619,Al Zaytun,2018,0.0600236,0.0600236
Egypt,61515,61619,Al Zaytun,2019,0.060621183,0.060621183
Egypt,61515,61619,Al Zaytun,2020,0.058094136,0.058094136
Egypt,61515,61619,Al Zaytun,2021,0.057362378,0.057362378
Egypt,61515,61619,Al Zaytun,2022,0.05821227,0.05821227
Egypt,61515,61619,Al Zaytun,2023,0.05988511,0.05988511
Egypt,61515,61619,Al Zaytun,2024,0.06382354,0.06382354
Egypt,61515,61620,Bab Al-Shariyya,2015,0.097005345,0.097005345
Egypt,61515,61620,Bab Al-Shariyya,2016,0.0877645,0.0877645
Egypt,61515,61620,Bab Al-Shariyya,2017,0.096146494,0.096146494
Egypt,61515,61620,Bab Al-Shariyya,2018,0.10384455,0.10384455
Egypt,61515,61620,Bab Al-Shariyya,2019,0.09773565,0.09773565
Egypt,61515,61620,Bab Al-Shariyya,2020,0.09799261,0.09799261
Egypt,61515,61620,Bab Al-Shariyya,2021,0.09799261,0.09799261
Egypt,61515,61620,Bab Al-Shariyya,2022,0.09773565,0.09773565
Egypt,61515,61620,Bab Al-Shariyya,2023,0.10823681,0.10823681
Egypt,61515,61620,Bab Al-Shariyya,2024,0.115719356,0.115719356
Egypt,61515,61621,Badr,2015,0.059998553,0.059998553
Egypt,61515,61621,Badr,2016,0.06051148,0.06051148
Egypt,61515,61621,Badr,2017,0.07059015,0.07059015
Egypt,61515,61621,Badr,2018,0.0711651,0.0711651
Egypt,61515,61621,Badr,2019,0.062647656,0.062647656
Egypt,61515,61621,Badr,2020,0.073696926,0.073696926
Egypt,61515,61621,Badr,2021,0.05401211,0.05401211
Egypt,61515,61621,Badr,2022,0.0565798,0.0565798
Egypt,61515,61621,Badr,2023,0.0580094,0.0580094
Egypt,61515,61621,Badr,2024,0.04428577,0.04428577
Egypt,61515,61622,Basatin,2015,0.041372024,0.041372024
Egypt,61515,61622,Basatin,2016,0.041981187,0.041981187
Egypt,61515,61622,Basatin,2017,0.041089132,0.041089132
Egypt,61515,61622,Basatin,2018,0.041932106,0.041932106
Egypt,61515,61622,Basatin,2019,0.042407498,0.042407498
Egypt,61515,61622,Basatin,2020,0.04236929,0.04236929
Egypt,61515,61622,Basatin,2021,0.038700797,0.038700797
Egypt,61515,61622,Basatin,2022,0.03983958,0.03983958
Egypt,61515,61622,Basatin,2023,0.039163724,0.039163724
Egypt,61515,61622,Basatin,2024,0.04198068,0.04198068
Egypt,61515,61623,Bulaq,2015,0.067152016,0.067152016
Egypt,61515,61623,Bulaq,2016,0.06740898,0.06740898
Egypt,61515,61623,Bulaq,2017,0.06865299,0.06865299
Egypt,61515,61623,Bulaq,2018,0.0606864,0.0606864
Egypt,61515,61623,Bulaq,2019,0.067152016,0.067152016
Egypt,61515,61623,Bulaq,2020,0.06733769,0.06733769
Egypt,61515,61623,Bulaq,2021,0.06740898,0.06740898
Egypt,61515,61623,Bulaq,2022,0.068301424,0.068301424
Egypt,61515,61623,Bulaq,2023,0.07831737,0.07831737
Egypt,61515,61623,Bulaq,2024,0.08879202,0.08879202
Egypt,61515,61624,Gamaliyya,2015,0.074496344,0.074496344
Egypt,61515,61624,Gamaliyya,2016,0.074496344,0.074496344
Egypt,61515,61624,Gamaliyya,2017,0.08433667,0.08433667
Egypt,61515,61624,Gamaliyya,2018,0.082192644,0.082192644
Egypt,61515,61624,Gamaliyya,2019,0.08292295,0.08292295
Egypt,61515,61624,Gamaliyya,2020,0.08417329,0.08417329
Egypt,61515,61624,Gamaliyya,2021,0.08576245,0.08576245
Egypt,61515,61624,Gamaliyya,2022,0.088420406,0.088420406
Egypt,61515,61624,Gamaliyya,2023,0.09667165,0.09667165
Egypt,61515,61624,Gamaliyya,2024,0.10400205,0.10400205
Egypt,61515,61625,Hadaiq Al-Qubba,2015,0.073064014,0.073064014
Egypt,61515,61625,Hadaiq Al-Qubba,2016,0.073064014,0.073064014
Egypt,61515,61625,Hadaiq Al-Qubba,2017,0.07360998,0.07360998
Egypt,61515,61625,Hadaiq Al-Qubba,2018,0.0630651,0.0630651
Egypt,61515,61625,Hadaiq Al-Qubba,2019,0.0656382,0.0656382
Egypt,61515,61625,Hadaiq Al-Qubba,2020,0.06300251,0.06300251
Egypt,61515,61625,Hadaiq Al-Qubba,2021,0.064398706,0.064398706
Egypt,61515,61625,Hadaiq Al-Qubba,2022,0.07325841,0.07325841
Egypt,61515,61625,Hadaiq Al-Qubba,2023,0.07287968,0.07287968
Egypt,61515,61625,Hadaiq Al-Qubba,2024,0.069754735,0.069754735
Egypt,61515,61626,Hilwan,2015,0.031420037,0.031420037
Egypt,61515,61626,Hilwan,2016,0.032029197,0.032029197
Egypt,61515,61626,Hilwan,2017,0.031616423,0.031616423
Egypt,61515,61626,Hilwan,2018,0.033927616,0.033927616
Egypt,61515,61626,Hilwan,2019,0.031607836,0.031607836
Egypt,61515,61626,Hilwan,2020,0.034494393,0.034494393
Egypt,61515,61626,Hilwan,2021,0.033521164,0.033521164
Egypt,61515,61626,Hilwan,2022,0.025308177,0.025308177
Egypt,61515,61626,Hilwan,2023,0.029884182,0.029884182
Egypt,61515,61626,Hilwan,2024,0.03461354,0.03461354
Egypt,61515,61627,Maadi,2015,0.028286327,0.028286327
Egypt,61515,61627,Maadi,2016,0.028286327,0.028286327
Egypt,61515,61627,Maadi,2017,0.028286327,0.028286327
Egypt,61515,61627,Maadi,2018,0.03149875,0.03149875
Egypt,61515,61627,Maadi,2019,0.029228631,0.029228631
Egypt,61515,61627,Maadi,2020,0.029228631,0.029228631
Egypt,61515,61627,Maadi,2021,0.030002806,0.030002806
Egypt,61515,61627,Maadi,2022,0.026227217,0.026227217
Egypt,61515,61627,Maadi,2023,0.027649079,0.027649079
Egypt,61515,61627,Maadi,2024,0.030180389,0.030180389
Egypt,61515,61628,Madinat Nasr-2,2015,0.042408485,0.041811228
Egypt,61515,61628,Madinat Nasr-2,2016,0.044550236,0.04395298
Egypt,61515,61628,Madinat Nasr-2,2017,0.04098662,0.040389363
Egypt,61515,61628,Madinat Nasr-2,2018,0.04343074,0.04283348
Egypt,61515,61628,Madinat Nasr-2,2019,0.04098662,0.040389363
Egypt,61515,61628,Madinat Nasr-2,2020,0.0364354,0.035838142
Egypt,61515,61628,Madinat Nasr-2,2021,0.045220923,0.045220923
Egypt,61515,61628,Madinat Nasr-2,2022,0.04312837,0.04312837
Egypt,61515,61628,Madinat Nasr-2,2023,0.036786966,0.036786966
Egypt,61515,61628,Madinat Nasr-2,2024,0.037043925,0.037043925
Egypt,61515,61629,Marg,2015,0.045259964,0.045730513
Egypt,61515,61629,Marg,2016,0.041139036,0.041139036
Egypt,61515,61629,Marg,2017,0.041139036,0.041139036
Egypt,61515,61629,Marg,2018,0.04239352,0.04239352
Egypt,61515,61629,Marg,2019,0.041139036,0.041139036
Egypt,61515,61629,Marg,2020,0.037797347,0.037797347
Egypt,61515,61629,Marg,2021,0.042116646,0.042116646
Egypt,61515,61629,Marg,2022,0.039452456,0.039452456
Egypt,61515,61629,Marg,2023,0.04062654,0.04062654
Egypt,61515,61629,Marg,2024,0.046901014,0.046901014
Egypt,61515,61630,Minshat Nasir,2015,0.05846479,0.05846479
Egypt,61515,61630,Minshat Nasir,2016,0.06390113,0.06390113
Egypt,61515,61630,Minshat Nasir,2017,0.061808586,0.061808586
Egypt,61515,61630,Minshat Nasir,2018,0.0642527,0.0642527
Egypt,61515,61630,Minshat Nasir,2019,0.06323044,0.06323044
Egypt,61515,61630,Minshat Nasir,2020,0.072798595,0.072798595
Egypt,61515,61630,Minshat Nasir,2021,0.072798595,0.072798595
Egypt,61515,61630,Minshat Nasir,2022,0.07035449,0.07035449
Egypt,61515,61630,Minshat Nasir,2023,0.072045535,0.072045535
Egypt,61515,61630,Minshat Nasir,2024,0.07355698,0.07355698
Egypt,61515,61631,Misr al-Gadida,2015,0.07055302,0.06995576
Egypt,61515,61631,Misr al-Gadida,2016,0.07055302,0.06995576
Egypt,61515,61631,Misr al-Gadida,2017,0.07055302,0.06995576
Egypt,61515,61631,Misr al-Gadida,2018,0.06967308,0.06907582
Egypt,61515,61631,Misr al-Gadida,2019,0.07040338,0.06980612
Egypt,61515,61631,Misr al-Gadida,2020,0.07044577,0.069848515
Egypt,61515,61631,Misr al-Gadida,2021,0.07055302,0.06995576
Egypt,61515,61631,Misr al-Gadida,2022,0.07134427,0.07074701
Egypt,61515,61631,Misr al-Gadida,2023,0.07055302,0.06995576
Egypt,61515,61631,Misr al-Gadida,2024,0.07825108,0.07765383
Egypt,61515,61632,Misr Al-Qadima,2015,0.038129028,0.038599566
Egypt,61515,61632,Misr Al-Qadima,2016,0.051048882,0.05151943
Egypt,61515,61632,Misr Al-Qadima,2017,0.050791923,0.05126247
Egypt,61515,61632,Misr Al-Qadima,2018,0.043953907,0.044424456
Egypt,61515,61632,Misr Al-Qadima,2019,0.039025865,0.03949642
Egypt,61515,61632,Misr Al-Qadima,2020,0.04890888,0.04937944
Egypt,61515,61632,Misr Al-Qadima,2021,0.049123455,0.04959401
Egypt,61515,61632,Misr Al-Qadima,2022,0.0500159,0.0500159
Egypt,61515,61632,Misr Al-Qadima,2023,0.050666813,0.050666813
Egypt,61515,61632,Misr Al-Qadima,2024,0.060895,0.060895
Egypt,61515,61633,Muski,2015,0.09487298,0.09487298
Egypt,61515,61633,Muski,2016,0.0954749,0.0954749
Egypt,61515,61633,Muski,2017,0.0962052,0.0962052
Egypt,61515,61633,Muski,2018,0.10220339,0.10220339
Egypt,61515,61633,Muski,2019,0.094616026,0.094616026
Egypt,61515,61633,Muski,2020,0.09417889,0.09417889
Egypt,61515,61633,Muski,2021,0.0948387,0.0948387
Egypt,61515,61633,Muski,2022,0.094581746,0.094581746
Egypt,61515,61633,Muski,2023,0.09226227,0.09226227
Egypt,61515,61633,Muski,2024,0.100674175,0.100674175
Egypt,61515,61634,Nasr City,2015,0.05679266,0.05679266
Egypt,61515,61634,Nasr City,2016,0.056021523,0.056021523
Egypt,61515,61634,Nasr City,2017,0.056021523,0.056021523
Egypt,61515,61634,Nasr City,2018,0.056285735,0.056285735
Egypt,61515,61634,Nasr City,2019,0.04861414,0.04861414
Egypt,61515,61634,Nasr City,2020,0.04861414,0.04861414
Egypt,61515,61634,Nasr City,2021,0.04861414,0.04861414
Egypt,61515,61634,Nasr City,2022,0.050090965,0.050090965
Egypt,61515,61634,Nasr City,2023,0.04861414,0.04861414
Egypt,61515,61634,Nasr City,2024,0.050387572,0.050387572
Egypt,61515,61635,New Cairo-1,2015,0.06434268,0.06434268
Egypt,61515,61635,New Cairo-1,2016,0.06369566,0.06369566
Egypt,61515,61635,New Cairo-1,2017,0.060960356,0.060960356
Egypt,61515,61635,New Cairo-1,2018,0.06371707,0.06371707
Egypt,61515,61635,New Cairo-1,2019,0.07151384,0.07151384
Egypt,61515,61635,New Cairo-1,2020,0.07114577,0.07114577
Egypt,61515,61635,New Cairo-1,2021,0.07289451,0.07289451
Egypt,61515,61635,New Cairo-1,2022,0.07296482,0.07296482
Egypt,61515,61635,New Cairo-1,2023,0.071535446,0.071535446
Egypt,61515,61635,New Cairo-1,2024,0.06471691,0.06471691
Egypt,61515,61636,New Cairo-2,2015,0.010164772,0.010164772
Egypt,61515,61636,New Cairo-2,2016,0.009371274,0.009371274
Egypt,61515,61636,New Cairo-2,2017,0.0064357836,0.0064357836
Egypt,61515,61636,New Cairo-2,2018,0.011935716,0.011935716
Egypt,61515,61636,New Cairo-2,2019,0.015304526,0.015304526
Egypt,61515,61636,New Cairo-2,2020,0.01306549,0.01306549
Egypt,61515,61636,New Cairo-2,2021,0.012203789,0.012203789
Egypt,61515,61636,New Cairo-2,2022,0.011316532,0.011316532
Egypt,61515,61636,New Cairo-2,2023,0.011797811,0.011797811
Egypt,61515,61636,New Cairo-2,2024,0.011783311,0.011783311
Egypt,61515,61637,New Cairo-3,2015,0.015252005,0.015252005
Egypt,61515,61637,New Cairo-3,2016,0.022639628,0.022639628
Egypt,61515,61637,New Cairo-3,2017,0.02317987,0.02317987
Egypt,61515,61637,New Cairo-3,2018,0.022953914,0.022953914
Egypt,61515,61637,New Cairo-3,2019,0.020087654,0.020087654
Egypt,61515,61637,New Cairo-3,2020,0.024577552,0.024577552
Egypt,61515,61637,New Cairo-3,2021,0.020432323,0.020432323
Egypt,61515,61637,New Cairo-3,2022,0.009707442,0.009707442
Egypt,61515,61637,New Cairo-3,2023,0.014879255,0.014879255
Egypt,61515,61637,New Cairo-3,2024,0.016548675,0.016548675
Egypt,61515,61638,Nuzha,2015,0.014869562,0.014869562
Egypt,61515,61638,Nuzha,2016,0.014869562,0.014869562
Egypt,61515,61638,Nuzha,2017,0.013049132,0.013049132
Egypt,61515,61638,Nuzha,2018,0.015493228,0.015493228
Egypt,61515,61638,Nuzha,2019,0.013049132,0.013049132
Egypt,61515,61638,Nuzha,2020,0.010681628,0.010681628
Egypt,61515,61638,Nuzha,2021,0.011138621,0.011138621
Egypt,61515,61638,Nuzha,2022,0.011138621,0.011138621
Egypt,61515,61638,Nuzha,2023,0.011138621,0.011138621
Egypt,61515,61638,Nuzha,2024,0.013582737,0.013582737
Egypt,61515,61639,Qasr Al-Nile,2015,0.097279,0.097279
Egypt,61515,61639,Qasr Al-Nile,2016,0.09877017,0.09877017
Egypt,61515,61639,Qasr Al-Nile,2017,0.097525485,0.097525485
Egypt,61515,61639,Qasr Al-Nile,2018,0.0969211,0.0969211
Egypt,61515,61639,Qasr Al-Nile,2019,0.08541705,0.08541705
Egypt,61515,61639,Qasr Al-Nile,2020,0.08592479,0.08592479
Egypt,61515,61639,Qasr Al-Nile,2021,0.097279,0.097279
Egypt,61515,61639,Qasr Al-Nile,2022,0.08629931,0.08617262
Egypt,61515,61639,Qasr Al-Nile,2023,0.108363695,0.108363695
Egypt,61515,61639,Qasr Al-Nile,2024,0.09995762,0.09995762
Egypt,61515,61640,Rud Al-Farag,2015,0.07549826,0.07549826
Egypt,61515,61640,Rud Al-Farag,2016,0.07549826,0.07549826
Egypt,61515,61640,Rud Al-Farag,2017,0.075241305,0.075241305
Egypt,61515,61640,Rud Al-Farag,2018,0.07631849,0.07631849
Egypt,61515,61640,Rud Al-Farag,2019,0.075241305,0.075241305
Egypt,61515,61640,Rud Al-Farag,2020,0.07549826,0.07549826
Egypt,61515,61640,Rud Al-Farag,2021,0.07357284,0.07357284
Egypt,61515,61640,Rud Al-Farag,2022,0.073315874,0.073315874
Egypt,61515,61640,Rud Al-Farag,2023,0.07675274,0.07675274
Egypt,61515,61640,Rud Al-Farag,2024,0.083800994,0.083800994
Egypt,61515,61641,Sayyida Zainab,2015,0.069672,0.069672
Egypt,61515,61641,Sayyida Zainab,2016,0.07092648,0.07092648
Egypt,61515,61641,Sayyida Zainab,2017,0.06941504,0.06941504
Egypt,61515,61641,Sayyida Zainab,2018,0.07990017,0.07990017
Egypt,61515,61641,Sayyida Zainab,2019,0.069672,0.069672
Egypt,61515,61641,Sayyida Zainab,2020,0.07329689,0.07329689
Egypt,61515,61641,Sayyida Zainab,2021,0.07396783,0.07396783
Egypt,61515,61641,Sayyida Zainab,2022,0.07371087,0.07371087
Egypt,61515,61641,Sayyida Zainab,2023,0.07329689,0.07329689
Egypt,61515,61641,Sayyida Zainab,2024,0.08227056,0.08227056
Egypt,61515,61642,Shroq,2015,0.047096957,0.047096957
Egypt,61515,61642,Shroq,2016,0.04541372,0.04541372
Egypt,61515,61642,Shroq,2017,0.03568062,0.03568062
Egypt,61515,61642,Shroq,2018,0.03535607,0.03535607
Egypt,61515,61642,Shroq,2019,0.04461912,0.04461912
Egypt,61515,61642,Shroq,2020,0.04579864,0.04579864
Egypt,61515,61642,Shroq,2021,0.04584664,0.04584664
Egypt,61515,61642,Shroq,2022,0.044737425,0.044737425
Egypt,61515,61642,Shroq,2023,0.0389327,0.0389327
Egypt,61515,61642,Shroq,2024,0.03794363,0.03794363
Egypt,61515,61643,Shubra,2015,0.08788614,0.08788614
Egypt,61515,61643,Shubra,2016,0.08689888,0.08689888
Egypt,61515,61643,Shubra,2017,0.087629184,0.087629184
Egypt,61515,61643,Shubra,2018,0.088799894,0.088799894
Egypt,61515,61643,Shubra,2019,0.08570375,0.08570375
Egypt,61515,61643,Shubra,2020,0.08978716,0.08978716
Egypt,61515,61643,Shubra,2021,0.09145561,0.09145561
Egypt,61515,61643,Shubra,2022,0.09145561,0.09145561
Egypt,61515,61643,Shubra,2023,0.088799894,0.088799894
Egypt,61515,61643,Shubra,2024,0.09425975,0.09425975
Egypt,61515,61644,Tura,2015,0.036815017,0.036815017
Egypt,61515,61644,Tura,2016,0.033079688,0.033079688
Egypt,61515,61644,Tura,2017,0.035764404,0.035764404
Egypt,61515,61644,Tura,2018,0.03908747,0.03908747
Egypt,61515,61644,Tura,2019,0.03187667,0.03187667
Egypt,61515,61644,Tura,2020,0.04223195,0.04223195
Egypt,61515,61644,Tura,2021,0.034247372,0.034247372
Egypt,61515,61644,Tura,2022,0.032115236,0.032115236
Egypt,61515,61644,Tura,2023,0.03434934,0.03434934
Egypt,61515,61644,Tura,2024,0.034795024,0.034795024
Egypt,61515,61645,Zamalik,2015,0.062833525,0.061794866
Egypt,61515,61645,Zamalik,2016,0.064088,0.06304935
Egypt,61515,61645,Zamalik,2017,0.062833525,0.061794866
Egypt,61515,61645,Zamalik,2018,0.07389682,0.069750816
Egypt,61515,61645,Zamalik,2019,0.062833525,0.061794866
Egypt,61515,61645,Zamalik,2020,0.06092787,0.061258722
Egypt,61515,61645,Zamalik,2021,0.06551615,0.065847
Egypt,61515,61645,Zamalik,2022,0.06436396,0.06469481
Egypt,61515,61645,Zamalik,2023,0.06710961,0.06744046
Egypt,61515,61645,Zamalik,2024,0.07760144,0.077681646
Egypt,61515,61646,Zawiyya Al-Hamra,2015,0.07923258,0.07923258
Egypt,61515,61646,Zawiyya Al-Hamra,2016,0.07556732,0.07497006
Egypt,61515,61646,Zawiyya Al-Hamra,2017,0.07923258,0.078635335
Egypt,61515,61646,Zawiyya Al-Hamra,2018,0.07850228,0.07790502
Egypt,61515,61646,Zawiyya Al-Hamra,2019,0.07923258,0.078635335
Egypt,61515,61646,Zawiyya Al-Hamra,2020,0.06847035,0.0678731
Egypt,61515,61646,Zawiyya Al-Hamra,2021,0.07923258,0.07923258
Egypt,61515,61646,Zawiyya Al-Hamra,2022,0.0712383,0.0712383
Egypt,61515,61646,Zawiyya Al-Hamra,2023,0.07065274,0.07065274
Egypt,61515,61646,Zawiyya Al-Hamra,2024,0.078863956,0.078863956
Egypt,61515,61647,Zemam Out,2015,0.061104864,0.055298813
Egypt,61515,61647,Zemam Out,2016,0.04899856,0.04899856
Egypt,61515,61647,Zemam Out,2017,0.045829672,0.045829672
Egypt,61515,61647,Zemam Out,2018,0.046358205,0.046358205
Egypt,61515,61647,Zemam Out,2019,0.046450622,0.046450622
Egypt,61515,61647,Zemam Out,2020,0.04778091,0.04778091
Egypt,61515,61647,Zemam Out,2021,0.04960597,0.04960597
Egypt,61515,61647,Zemam Out,2022,0.050565243,0.050565243
Egypt,61515,61647,Zemam Out,2023,0.04729469,0.04729469
Egypt,61515,61647,Zemam Out,2024,0.05523572,0.05523572
Egypt,61516,61648,Aga,2015,0.037268158,0.021579243
Egypt,61516,61648,Aga,2016,0.035259746,0.01960487
Egypt,61516,61648,Aga,2017,0.0353797,0.019457849
Egypt,61516,61648,Aga,2018,0.042348947,0.022742959
Egypt,61516,61648,Aga,2019,0.033930324,0.018435914
Egypt,61516,61648,Aga,2020,0.040310957,0.01925568
Egypt,61516,61648,Aga,2021,0.04236327,0.02171513
Egypt,61516,61648,Aga,2022,0.03657187,0.018631535
Egypt,61516,61648,Aga,2023,0.066228636,0.022087013
Egypt,61516,61648,Aga,2024,0.06474159,0.022730978
Egypt,61516,61649,Bany Abeed,2015,0.15340738,0.09265364
Egypt,61516,61649,Bany Abeed,2016,0.14571273,0.09417094
Egypt,61516,61649,Bany Abeed,2017,0.16254735,0.09538268
Egypt,61516,61649,Bany Abeed,2018,0.15372749,0.093094885
Egypt,61516,61649,Bany Abeed,2019,0.16550675,0.095191725
Egypt,61516,61649,Bany Abeed,2020,0.16858241,0.10153144
Egypt,61516,61649,Bany Abeed,2021,0.16197364,0.12224592
Egypt,61516,61649,Bany Abeed,2022,0.17378643,0.14970185
Egypt,61516,61649,Bany Abeed,2023,0.19342262,0.16599146
Egypt,61516,61649,Bany Abeed,2024,0.22591165,0.20902771
Egypt,61516,61650,Bilqas,2015,0.12240751,0.08516547
Egypt,61516,61650,Bilqas,2016,0.12813467,0.087070346
Egypt,61516,61650,Bilqas,2017,0.1305603,0.06985851
Egypt,61516,61650,Bilqas,2018,0.1436401,0.063297465
Egypt,61516,61650,Bilqas,2019,0.13082343,0.055910952
Egypt,61516,61650,Bilqas,2020,0.13586463,0.111859955
Egypt,61516,61650,Bilqas,2021,0.13521081,0.05784262
Egypt,61516,61650,Bilqas,2022,0.12677227,0.050499704
Egypt,61516,61650,Bilqas,2023,0.14031827,0.0679107
Egypt,61516,61650,Bilqas,2024,0.14280707,0.11212431
Egypt,61516,61651,Dikirnis,2015,0.15010665,0.08416351
Egypt,61516,61651,Dikirnis,2016,0.1285145,0.07578338
Egypt,61516,61651,Dikirnis,2017,0.14195801,0.078969985
Egypt,61516,61651,Dikirnis,2018,0.13548268,0.07216101
Egypt,61516,61651,Dikirnis,2019,0.13779917,0.06772293
Egypt,61516,61651,Dikirnis,2020,0.15954235,0.07557598
Egypt,61516,61651,Dikirnis,2021,0.14505716,0.07271945
Egypt,61516,61651,Dikirnis,2022,0.16591114,0.074497536
Egypt,61516,61651,Dikirnis,2023,0.18042785,0.081201345
Egypt,61516,61651,Dikirnis,2024,0.18480563,0.07416345
Egypt,61516,61652,E Mansora 2,2015,0.039422143,0.042502426
Egypt,61516,61652,E Mansora 2,2016,0.039422143,0.042502426
Egypt,61516,61652,E Mansora 2,2017,0.033187326,0.036267634
Egypt,61516,61652,E Mansora 2,2018,0.038623676,0.041703977
Egypt,61516,61652,E Mansora 2,2019,0.03949245,0.042244542
Egypt,61516,61652,E Mansora 2,2020,0.035149816,0.038971283
Egypt,61516,61652,E Mansora 2,2021,0.03116113,0.034241434
Egypt,61516,61652,E Mansora 2,2022,0.030453688,0.03329228
Egypt,61516,61652,E Mansora 2,2023,0.03594828,0.03976975
Egypt,61516,61652,E Mansora 2,2024,0.036550432,0.040371906
Egypt,61516,61653,El Mansora,2015,0.03489699,0.02178082
Egypt,61516,61653,El Mansora,2016,0.03851383,0.025397673
Egypt,61516,61653,El Mansora,2017,0.038341984,0.025225824
Egypt,61516,61653,El Mansora,2018,0.03881529,0.02584721
Egypt,61516,61653,El Mansora,2019,0.035673045,0.024273397
Egypt,61516,61653,El Mansora,2020,0.03887459,0.025758428
Egypt,61516,61653,El Mansora,2021,0.036009576,0.02289341
Egypt,61516,61653,El Mansora,2022,0.036254156,0.02485451
Egypt,61516,61653,El Mansora,2023,0.036591507,0.023475345
Egypt,61516,61653,El Mansora,2024,0.043767806,0.026664177
Egypt,61516,61654,El Mansora 1,2015,0.03586943,0.03586943
Egypt,61516,61654,El Mansora 1,2016,0.03586943,0.03586943
Egypt,61516,61654,El Mansora 1,2017,0.034512453,0.034983
Egypt,61516,61654,El Mansora 1,2018,0.033945885,0.033945885
Egypt,61516,61654,El Mansora 1,2019,0.034512453,0.034983
Egypt,61516,61654,El Mansora 1,2020,0.03993325,0.0404038
Egypt,61516,61654,El Mansora 1,2021,0.034496903,0.034496903
Egypt,61516,61654,El Mansora 1,2022,0.034496903,0.034967456
Egypt,61516,61654,El Mansora 1,2023,0.03994879,0.040419344
Egypt,61516,61654,El Mansora 1,2024,0.04199475,0.04199475
Egypt,61516,61655,Gamaliyya,2015,0.2639324,0.1539042
Egypt,61516,61655,Gamaliyya,2016,0.25353253,0.13809144
Egypt,61516,61655,Gamaliyya,2017,0.2487981,0.14034176
Egypt,61516,61655,Gamaliyya,2018,0.2861467,0.21151063
Egypt,61516,61655,Gamaliyya,2019,0.28224814,0.2153251
Egypt,61516,61655,Gamaliyya,2020,0.2847229,0.25561866
Egypt,61516,61655,Gamaliyya,2021,0.28104362,0.24471158
Egypt,61516,61655,Gamaliyya,2022,0.27039325,0.23975697
Egypt,61516,61655,Gamaliyya,2023,0.29128507,0.25401118
Egypt,61516,61655,Gamaliyya,2024,0.2948499,0.26787016
Egypt,61516,61656,Gamsa,2015,0.034314536,0.034187835
Egypt,61516,61656,Gamsa,2016,0.03633719,0.03621049
Egypt,61516,61656,Gamsa,2017,0.037924476,0.037797775
Egypt,61516,61656,Gamsa,2018,0.03361865,0.033742595
Egypt,61516,61656,Gamsa,2019,0.03713197,0.03725591
Egypt,61516,61656,Gamsa,2020,0.0354505,0.035574447
Egypt,61516,61656,Gamsa,2021,0.0354505,0.035574447
Egypt,61516,61656,Gamsa,2022,0.035901822,0.03577512
Egypt,61516,61656,Gamsa,2023,0.035901822,0.03577512
Egypt,61516,61656,Gamsa,2024,0.03339052,0.033263806
Egypt,61516,61657,Mahalet Demna,2015,0.13534127,0.09123993
Egypt,61516,61657,Mahalet Demna,2016,0.145803,0.10347917
Egypt,61516,61657,Mahalet Demna,2017,0.1351839,0.09282897
Egypt,61516,61657,Mahalet Demna,2018,0.14524354,0.10071339
Egypt,61516,61657,Mahalet Demna,2019,0.13996491,0.097069345
Egypt,61516,61657,Mahalet Demna,2020,0.13811778,0.09376671
Egypt,61516,61657,Mahalet Demna,2021,0.14072095,0.103181414
Egypt,61516,61657,Mahalet Demna,2022,0.14766449,0.098780684
Egypt,61516,61657,Mahalet Demna,2023,0.19530496,0.098594226
Egypt,61516,61657,Mahalet Demna,2024,0.22686994,0.09808259
Egypt,61516,61658,Manzala,2015,0.1262632,0.033744145
Egypt,61516,61658,Manzala,2016,0.093444064,0.01758119
Egypt,61516,61658,Manzala,2017,0.10124681,0.029026965
Egypt,61516,61658,Manzala,2018,0.08904911,0.015627433
Egypt,61516,61658,Manzala,2019,0.11148147,0.0346641
Egypt,61516,61658,Manzala,2020,0.116375536,0.028991925
Egypt,61516,61658,Manzala,2021,0.11179425,0.036320135
Egypt,61516,61658,Manzala,2022,0.11928557,0.03706676
Egypt,61516,61658,Manzala,2023,0.12789,0.040981706
Egypt,61516,61658,Manzala,2024,0.13387293,0.04105592
Egypt,61516,61659,Matariyya,2015,0.07905935,0.046105716
Egypt,61516,61659,Matariyya,2016,0.06302804,0.0484229
Egypt,61516,61659,Matariyya,2017,0.06217606,0.04713934
Egypt,61516,61659,Matariyya,2018,0.073862754,0.054200843
Egypt,61516,61659,Matariyya,2019,0.05574651,0.03921785
Egypt,61516,61659,Matariyya,2020,0.06725462,0.053075433
Egypt,61516,61659,Matariyya,2021,0.07762753,0.063161455
Egypt,61516,61659,Matariyya,2022,0.05858421,0.044163316
Egypt,61516,61659,Matariyya,2023,0.0746938,0.052951034
Egypt,61516,61659,Matariyya,2024,0.11854744,0.06913494
Egypt,61516,61660,Minya Al-Nasr,2015,0.036102574,0.025874706
Egypt,61516,61660,Minya Al-Nasr,2016,0.037020147,0.024801143
Egypt,61516,61660,Minya Al-Nasr,2017,0.029087547,0.018585047
Egypt,61516,61660,Minya Al-Nasr,2018,0.042658772,0.026507718
Egypt,61516,61660,Minya Al-Nasr,2019,0.043432873,0.02641384
Egypt,61516,61660,Minya Al-Nasr,2020,0.06624659,0.030293258
Egypt,61516,61660,Minya Al-Nasr,2021,0.051622532,0.029697835
Egypt,61516,61660,Minya Al-Nasr,2022,0.07494522,0.02896131
Egypt,61516,61660,Minya Al-Nasr,2023,0.10879802,0.037616234
Egypt,61516,61660,Minya Al-Nasr,2024,0.12771103,0.0489011
Egypt,61516,61661,Mit Ghamr,2015,0.031013424,0.019195102
Egypt,61516,61661,Mit Ghamr,2016,0.031013424,0.017618548
Egypt,61516,61661,Mit Ghamr,2017,0.030595172,0.017200299
Egypt,61516,61661,Mit Ghamr,2018,0.036318522,0.022783674
Egypt,61516,61661,Mit Ghamr,2019,0.03056122,0.017803939
Egypt,61516,61661,Mit Ghamr,2020,0.033402015,0.018290624
Egypt,61516,61661,Mit Ghamr,2021,0.035744257,0.022209411
Egypt,61516,61661,Mit Ghamr,2022,0.03056122,0.0187429
Egypt,61516,61661,Mit Ghamr,2023,0.03365821,0.020123363
Egypt,61516,61661,Mit Ghamr,2024,0.051181763,0.02558771
Egypt,61516,61662,MIt Salsil,2015,0.17106105,0.02668251
Egypt,61516,61662,MIt Salsil,2016,0.17835727,0.041068263
Egypt,61516,61662,MIt Salsil,2017,0.16543034,0.030124294
Egypt,61516,61662,MIt Salsil,2018,0.19734055,0.114784345
Egypt,61516,61662,MIt Salsil,2019,0.18178749,0.13942817
Egypt,61516,61662,MIt Salsil,2020,0.20181273,0.14671835
Egypt,61516,61662,MIt Salsil,2021,0.19542688,0.14409107
Egypt,61516,61662,MIt Salsil,2022,0.18711084,0.14097433
Egypt,61516,61662,MIt Salsil,2023,0.19768345,0.14501777
Egypt,61516,61662,MIt Salsil,2024,0.20993844,0.16134384
Egypt,61516,61663,Nebro,2015,0.20455743,0.15064278
Egypt,61516,61663,Nebro,2016,0.1909642,0.12992406
Egypt,61516,61663,Nebro,2017,0.17978792,0.123869054
Egypt,61516,61663,Nebro,2018,0.21517566,0.15750074
Egypt,61516,61663,Nebro,2019,0.19471441,0.11838598
Egypt,61516,61663,Nebro,2020,0.2121503,0.11930183
Egypt,61516,61663,Nebro,2021,0.23979984,0.15701158
Egypt,61516,61663,Nebro,2022,0.2601988,0.15354462
Egypt,61516,61663,Nebro,2023,0.2750035,0.15270787
Egypt,61516,61663,Nebro,2024,0.3003991,0.20147859
Egypt,61516,61664,Shirbin,2015,0.0525499,0.02813157
Egypt,61516,61664,Shirbin,2016,0.048454262,0.026759297
Egypt,61516,61664,Shirbin,2017,0.055802394,0.031371713
Egypt,61516,61664,Shirbin,2018,0.055734906,0.028397046
Egypt,61516,61664,Shirbin,2019,0.042858586,0.013134199
Egypt,61516,61664,Shirbin,2020,0.05174966,0.018548023
Egypt,61516,61664,Shirbin,2021,0.05781114,0.024335153
Egypt,61516,61664,Shirbin,2022,0.06830572,0.017863791
Egypt,61516,61664,Shirbin,2023,0.09275214,0.021432966
Egypt,61516,61664,Shirbin,2024,0.10046306,0.017728489
Egypt,61516,61665,Sinbillawin,2015,0.14957792,0.089739725
Egypt,61516,61665,Sinbillawin,2016,0.13779898,0.089739725
Egypt,61516,61665,Sinbillawin,2017,0.14024329,0.09810263
Egypt,61516,61665,Sinbillawin,2018,0.15362832,0.113519415
Egypt,61516,61665,Sinbillawin,2019,0.13846578,0.09322464
Egypt,61516,61665,Sinbillawin,2020,0.15469019,0.096582495
Egypt,61516,61665,Sinbillawin,2021,0.14769857,0.103583395
Egypt,61516,61665,Sinbillawin,2022,0.14166477,0.09327596
Egypt,61516,61665,Sinbillawin,2023,0.20519762,0.11343909
Egypt,61516,61665,Sinbillawin,2024,0.2160356,0.13841698
Egypt,61516,61666,Talkha,2015,0.026010316,0.008955258
Egypt,61516,61666,Talkha,2016,0.028598245,0.012585328
Egypt,61516,61666,Talkha,2017,0.026153266,0.009876293
Egypt,61516,61666,Talkha,2018,0.028744971,0.012208908
Egypt,61516,61666,Talkha,2019,0.025838466,0.008663136
Egypt,61516,61666,Talkha,2020,0.026766198,0.010831383
Egypt,61516,61666,Talkha,2021,0.024831349,0.01143677
Egypt,61516,61666,Talkha,2022,0.022080759,0.0067422115
Egypt,61516,61666,Talkha,2023,0.025782442,0.009505468
Egypt,61516,61666,Talkha,2024,0.035523567,0.01763871
Egypt,61516,61667,Tamy Al-Amdid,2015,0.27731115,0.2076285
Egypt,61516,61667,Tamy Al-Amdid,2016,0.26321748,0.20495014
Egypt,61516,61667,Tamy Al-Amdid,2017,0.26144156,0.20180884
Egypt,61516,61667,Tamy Al-Amdid,2018,0.2515722,0.19538893
Egypt,61516,61667,Tamy Al-Amdid,2019,0.24363242,0.18153441
Egypt,61516,61667,Tamy Al-Amdid,2020,0.250649,0.18366258
Egypt,61516,61667,Tamy Al-Amdid,2021,0.24198923,0.17323032
Egypt,61516,61667,Tamy Al-Amdid,2022,0.24401763,0.17782728
Egypt,61516,61667,Tamy Al-Amdid,2023,0.27453786,0.21396019
Egypt,61516,61667,Tamy Al-Amdid,2024,0.2968689,0.21229282
Egypt,61517,61668,Dumyat,2015,0.07695534,0.063722
Egypt,61517,61668,Dumyat,2016,0.07572542,0.062492087
Egypt,61517,61668,Dumyat,2017,0.06376903,0.05102302
Egypt,61517,61668,Dumyat,2018,0.07266317,0.059917156
Egypt,61517,61668,Dumyat,2019,0.07348696,0.060253628
Egypt,61517,61668,Dumyat,2020,0.062486585,0.049740586
Egypt,61517,61668,Dumyat,2021,0.06376903,0.05102302
Egypt,61517,61668,Dumyat,2022,0.06445535,0.05353999
Egypt,61517,61668,Dumyat,2023,0.07875538,0.06552201
Egypt,61517,61668,Dumyat,2024,0.07274861,0.062073287
Egypt,61517,61669,Dumyat 1,2015,0.032219987,0.032940812
Egypt,61517,61669,Dumyat 1,2016,0.03327521,0.033988424
Egypt,61517,61669,Dumyat 1,2017,0.03327521,0.033988424
Egypt,61517,61669,Dumyat 1,2018,0.032392856,0.033988424
Egypt,61517,61669,Dumyat 1,2019,0.03327521,0.033988424
Egypt,61517,61669,Dumyat 1,2020,0.0339119,0.034625113
Egypt,61517,61669,Dumyat 1,2021,0.03327521,0.033988424
Egypt,61517,61669,Dumyat 1,2022,0.033905778,0.034618992
Egypt,61517,61669,Dumyat 1,2023,0.03327521,0.033988424
Egypt,61517,61669,Dumyat 1,2024,0.033029545,0.034625113
Egypt,61517,61670,Dumyat 2,2015,0.05044671,0.052507028
Egypt,61517,61670,Dumyat 2,2016,0.051824298,0.049480338
Egypt,61517,61670,Dumyat 2,2017,0.05019151,0.049272075
Egypt,61517,61670,Dumyat 2,2018,0.050837234,0.052996058
Egypt,61517,61670,Dumyat 2,2019,0.053199843,0.051454056
Egypt,61517,61670,Dumyat 2,2020,0.04870302,0.04695723
Egypt,61517,61670,Dumyat 2,2021,0.05132111,0.049575325
Egypt,61517,61670,Dumyat 2,2022,0.052498996,0.05075321
Egypt,61517,61670,Dumyat 2,2023,0.05132111,0.05127007
Egypt,61517,61670,Dumyat 2,2024,0.05132111,0.05127007
Egypt,61517,61671,Dumyat Al-Gadida,2015,0.026991667,0.01824184
Egypt,61517,61671,Dumyat Al-Gadida,2016,0.023416575,0.01689882
Egypt,61517,61671,Dumyat Al-Gadida,2017,0.023416575,0.01689882
Egypt,61517,61671,Dumyat Al-Gadida,2018,0.022646867,0.016129121
Egypt,61517,61671,Dumyat Al-Gadida,2019,0.021655187,0.016473938
Egypt,61517,61671,Dumyat Al-Gadida,2020,0.024274921,0.0155251
Egypt,61517,61671,Dumyat Al-Gadida,2021,0.02237649,0.015858747
Egypt,61517,61671,Dumyat Al-Gadida,2022,0.023365192,0.018183943
Egypt,61517,61671,Dumyat Al-Gadida,2023,0.024701688,0.018183943
Egypt,61517,61671,Dumyat Al-Gadida,2024,0.02237649,0.015858747
Egypt,61517,61672,Fariskur,2015,0.08536463,0.010257267
Egypt,61517,61672,Fariskur,2016,0.08448632,0.008600393
Egypt,61517,61672,Fariskur,2017,0.08374625,0.009985244
Egypt,61517,61672,Fariskur,2018,0.09325023,0.011914045
Egypt,61517,61672,Fariskur,2019,0.09710323,0.012705927
Egypt,61517,61672,Fariskur,2020,0.09712148,0.007646038
Egypt,61517,61672,Fariskur,2021,0.09459503,0.00994745
Egypt,61517,61672,Fariskur,2022,0.10126534,0.011414915
Egypt,61517,61672,Fariskur,2023,0.11304232,0.016157342
Egypt,61517,61672,Fariskur,2024,0.11114191,0.012238083
Egypt,61517,61673,Kafr Sad,2015,0.06367128,0.03146191
Egypt,61517,61673,Kafr Sad,2016,0.061825037,0.035856295
Egypt,61517,61673,Kafr Sad,2017,0.055439234,0.03147541
Egypt,61517,61673,Kafr Sad,2018,0.038098864,0.022613741
Egypt,61517,61673,Kafr Sad,2019,0.06377387,0.027801244
Egypt,61517,61673,Kafr Sad,2020,0.09775874,0.026415521
Egypt,61517,61673,Kafr Sad,2021,0.075741276,0.020731434
Egypt,61517,61673,Kafr Sad,2022,0.07964541,0.02293315
Egypt,61517,61673,Kafr Sad,2023,0.080464125,0.020000681
Egypt,61517,61673,Kafr Sad,2024,0.10469507,0.03176617
Egypt,61517,61674,Police Department Port of Damietta,2015,0.066383734,0.066383734
Egypt,61517,61674,Police Department Port of Damietta,2016,0.06965941,0.06965941
Egypt,61517,61674,Police Department Port of Damietta,2017,0.060651902,0.060651902
Egypt,61517,61674,Police Department Port of Damietta,2018,0.06397062,0.06397062
Egypt,61517,61674,Police Department Port of Damietta,2019,0.06297406,0.06297406
Egypt,61517,61674,Police Department Port of Damietta,2020,0.07465323,0.07512379
Egypt,61517,61674,Police Department Port of Damietta,2021,0.064864114,0.064864114
Egypt,61517,61674,Police Department Port of Damietta,2022,0.06309943,0.06309943
Egypt,61517,61674,Police Department Port of Damietta,2023,0.0696683,0.0696683
Egypt,61517,61674,Police Department Port of Damietta,2024,0.06300758,0.06300758
Egypt,61517,61675,Ras al-Bar,2015,0.0685824,0.068455696
Egypt,61517,61675,Ras al-Bar,2016,0.07209561,0.071968906
Egypt,61517,61675,Ras al-Bar,2017,0.07501762,0.07489093
Egypt,61517,61675,Ras al-Bar,2018,0.07405948,0.07393277
Egypt,61517,61675,Ras al-Bar,2019,0.075586334,0.07545964
Egypt,61517,61675,Ras al-Bar,2020,0.07721382,0.07708711
Egypt,61517,61675,Ras al-Bar,2021,0.080602095,0.08047538
Egypt,61517,61675,Ras al-Bar,2022,0.07878139,0.07865469
Egypt,61517,61675,Ras al-Bar,2023,0.07551325,0.075386554
Egypt,61517,61675,Ras al-Bar,2024,0.07748253,0.077355824
Egypt,61517,61676,Zarqa,2015,0.033382494,0.017636742
Egypt,61517,61676,Zarqa,2016,0.043529294,0.026113704
Egypt,61517,61676,Zarqa,2017,0.032419298,0.016720232
Egypt,61517,61676,Zarqa,2018,0.04433757,0.02666292
Egypt,61517,61676,Zarqa,2019,0.038379416,0.023407703
Egypt,61517,61676,Zarqa,2020,0.057410978,0.02744029
Egypt,61517,61676,Zarqa,2021,0.05939669,0.030555965
Egypt,61517,61676,Zarqa,2022,0.07829899,0.0354962
Egypt,61517,61676,Zarqa,2023,0.110989295,0.031953137
Egypt,61517,61676,Zarqa,2024,0.13713042,0.045351237
Egypt,61518,61677,Abshaway,2015,0.06258885,0.050291993
Egypt,61518,61677,Abshaway,2016,0.07001994,0.06058961
Egypt,61518,61677,Abshaway,2017,0.0648476,0.05068286
Egypt,61518,61677,Abshaway,2018,0.06969715,0.054738786
Egypt,61518,61677,Abshaway,2019,0.053182855,0.04004608
Egypt,61518,61677,Abshaway,2020,0.06173761,0.047954712
Egypt,61518,61677,Abshaway,2021,0.06590732,0.053411607
Egypt,61518,61677,Abshaway,2022,0.0449979,0.028269764
Egypt,61518,61677,Abshaway,2023,0.061193164,0.04813699
Egypt,61518,61677,Abshaway,2024,0.06444653,0.04932706
Egypt,61518,61678,Atsa,2015,0.11657599,0.061766885
Egypt,61518,61678,Atsa,2016,0.10826602,0.05912557
Egypt,61518,61678,Atsa,2017,0.09279628,0.052506305
Egypt,61518,61678,Atsa,2018,0.097097114,0.050479893
Egypt,61518,61678,Atsa,2019,0.09131861,0.048841473
Egypt,61518,61678,Atsa,2020,0.1017718,0.05394885
Egypt,61518,61678,Atsa,2021,0.08741537,0.057280757
Egypt,61518,61678,Atsa,2022,0.09172383,0.045380518
Egypt,61518,61678,Atsa,2023,0.10142098,0.047098983
Egypt,61518,61678,Atsa,2024,0.11005388,0.062492188
Egypt,61518,61679,Fayyum,2015,0.04956897,0.031751573
Egypt,61518,61679,Fayyum,2016,0.048242196,0.03296663
Egypt,61518,61679,Fayyum,2017,0.039458122,0.024932425
Egypt,61518,61679,Fayyum,2018,0.048628297,0.031789776
Egypt,61518,61679,Fayyum,2019,0.0390848,0.0236327
Egypt,61518,61679,Fayyum,2020,0.040848266,0.023768054
Egypt,61518,61679,Fayyum,2021,0.045496948,0.03208822
Egypt,61518,61679,Fayyum,2022,0.039468925,0.024016831
Egypt,61518,61679,Fayyum,2023,0.043285724,0.029876988
Egypt,61518,61679,Fayyum,2024,0.0546462,0.041479163
Egypt,61518,61680,Fayyum City,2015,0.14780141,0.14780141
Egypt,61518,61680,Fayyum City,2016,0.1501464,0.1501464
Egypt,61518,61680,Fayyum City,2017,0.15114559,0.15114559
Egypt,61518,61680,Fayyum City,2018,0.15378962,0.15378962
Egypt,61518,61680,Fayyum City,2019,0.15212129,0.15212129
Egypt,61518,61680,Fayyum City,2020,0.15153411,0.15153411
Egypt,61518,61680,Fayyum City,2021,0.1489002,0.1489002
Egypt,61518,61680,Fayyum City,2022,0.14010453,0.14010453
Egypt,61518,61680,Fayyum City,2023,0.13997845,0.13997845
Egypt,61518,61680,Fayyum City,2024,0.14543422,0.14543422
Egypt,61518,61681,Sinuras,2015,0.061948083,0.039799027
Egypt,61518,61681,Sinuras,2016,0.067016885,0.053986322
Egypt,61518,61681,Sinuras,2017,0.045443717,0.030489093
Egypt,61518,61681,Sinuras,2018,0.057003565,0.04119555
Egypt,61518,61681,Sinuras,2019,0.048083767,0.032149225
Egypt,61518,61681,Sinuras,2020,0.050499365,0.03703089
Egypt,61518,61681,Sinuras,2021,0.061562784,0.048532218
Egypt,61518,61681,Sinuras,2022,0.0444693,0.030423345
Egypt,61518,61681,Sinuras,2023,0.047320407,0.032655124
Egypt,61518,61681,Sinuras,2024,0.08634127,0.050077338
Egypt,61518,61682,Tamya,2015,0.0876957,0.05669614
Egypt,61518,61682,Tamya,2016,0.08402017,0.0764575
Egypt,61518,61682,Tamya,2017,0.07319878,0.056198742
Egypt,61518,61682,Tamya,2018,0.083677724,0.060742527
Egypt,61518,61682,Tamya,2019,0.0669467,0.04657618
Egypt,61518,61682,Tamya,2020,0.07078384,0.05670346
Egypt,61518,61682,Tamya,2021,0.0797704,0.04772215
Egypt,61518,61682,Tamya,2022,0.08729142,0.043335892
Egypt,61518,61682,Tamya,2023,0.09297668,0.049989443
Egypt,61518,61682,Tamya,2024,0.12270732,0.065270714
Egypt,61518,61683,Yousef El sadeq,2015,0.10809179,0.06002616
Egypt,61518,61683,Yousef El sadeq,2016,0.10928351,0.066038966
Egypt,61518,61683,Yousef El sadeq,2017,0.09649122,0.056008957
Egypt,61518,61683,Yousef El sadeq,2018,0.109743334,0.06645196
Egypt,61518,61683,Yousef El sadeq,2019,0.097475514,0.054961868
Egypt,61518,61683,Yousef El sadeq,2020,0.112292245,0.07035623
Egypt,61518,61683,Yousef El sadeq,2021,0.10228413,0.061425343
Egypt,61518,61683,Yousef El sadeq,2022,0.09607792,0.05476882
Egypt,61518,61683,Yousef El sadeq,2023,0.11597958,0.06743704
Egypt,61518,61683,Yousef El sadeq,2024,0.11599574,0.06871832
Egypt,61518,61684,Zemam Out,2015,0.23840892,0.21693161
Egypt,61518,61684,Zemam Out,2016,0.25150433,0.23089765
Egypt,61518,61684,Zemam Out,2017,0.24510965,0.21920654
Egypt,61518,61684,Zemam Out,2018,0.27276528,0.24923582
Egypt,61518,61684,Zemam Out,2019,0.23409858,0.21725306
Egypt,61518,61684,Zemam Out,2020,0.2657655,0.2442537
Egypt,61518,61684,Zemam Out,2021,0.24712908,0.20139873
Egypt,61518,61684,Zemam Out,2022,0.22159413,0.18206553
Egypt,61518,61684,Zemam Out,2023,0.23876694,0.20507956
Egypt,61518,61684,Zemam Out,2024,0.26005557,0.22807613
Egypt,61519,61685,Basyun,2015,0.111724794,0.042848594
Egypt,61519,61685,Basyun,2016,0.1161098,0.037889533
Egypt,61519,61685,Basyun,2017,0.11126633,0.035921097
Egypt,61519,61685,Basyun,2018,0.12535734,0.052201003
Egypt,61519,61685,Basyun,2019,0.12512267,0.053237252
Egypt,61519,61685,Basyun,2020,0.13564384,0.08956162
Egypt,61519,61685,Basyun,2021,0.1293936,0.1033518
Egypt,61519,61685,Basyun,2022,0.12864955,0.10411747
Egypt,61519,61685,Basyun,2023,0.14257467,0.123238586
Egypt,61519,61685,Basyun,2024,0.15786462,0.122277565
Egypt,61519,61686,El Mahalla El Kobra,2015,0.089698225,0.048335824
Egypt,61519,61686,El Mahalla El Kobra,2016,0.08584559,0.050816435
Egypt,61519,61686,El Mahalla El Kobra,2017,0.08260338,0.048566207
Egypt,61519,61686,El Mahalla El Kobra,2018,0.073504105,0.0433296
Egypt,61519,61686,El Mahalla El Kobra,2019,0.07715655,0.044081204
Egypt,61519,61686,El Mahalla El Kobra,2020,0.095734805,0.049712617
Egypt,61519,61686,El Mahalla El Kobra,2021,0.08346408,0.04474507
Egypt,61519,61686,El Mahalla El Kobra,2022,0.1030135,0.04642556
Egypt,61519,61686,El Mahalla El Kobra,2023,0.119404405,0.04538987
Egypt,61519,61686,El Mahalla El Kobra,2024,0.13124362,0.062068883
Egypt,61519,61687,El Mahalla El Kobra 1,2015,0.04399868,0.044469237
Egypt,61519,61687,El Mahalla El Kobra 1,2016,0.04627,0.04627
Egypt,61519,61687,El Mahalla El Kobra 1,2017,0.046685927,0.047156487
Egypt,61519,61687,El Mahalla El Kobra 1,2018,0.043100785,0.04357134
Egypt,61519,61687,El Mahalla El Kobra 1,2019,0.044399068,0.044869624
Egypt,61519,61687,El Mahalla El Kobra 1,2020,0.042057715,0.04252827
Egypt,61519,61687,El Mahalla El Kobra 1,2021,0.042473648,0.042473648
Egypt,61519,61687,El Mahalla El Kobra 1,2022,0.042057715,0.04252827
Egypt,61519,61687,El Mahalla El Kobra 1,2023,0.042057715,0.04252827
Egypt,61519,61687,El Mahalla El Kobra 1,2024,0.041175358,0.041175358
Egypt,61519,61688,El Mahalla El Kobra 2,2015,0.039447173,0.042940464
Egypt,61519,61688,El Mahalla El Kobra 2,2016,0.033712592,0.036464684
Egypt,61519,61688,El Mahalla El Kobra 2,2017,0.033712592,0.036464684
Egypt,61519,61688,El Mahalla El Kobra 2,2018,0.039447173,0.042940464
Egypt,61519,61688,El Mahalla El Kobra 2,2019,0.039447173,0.042940464
Egypt,61519,61688,El Mahalla El Kobra 2,2020,0.03976611,0.044529095
Egypt,61519,61688,El Mahalla El Kobra 2,2021,0.03976611,0.044529095
Egypt,61519,61688,El Mahalla El Kobra 2,2022,0.03905867,0.043579936
Egypt,61519,61688,El Mahalla El Kobra 2,2023,0.040389046,0.044681475
Egypt,61519,61688,El Mahalla El Kobra 2,2024,0.040389046,0.044681475
Egypt,61519,61689,Kafr Al-Zayyat,2015,0.038767904,0.021809852
Egypt,61519,61689,Kafr Al-Zayyat,2016,0.04718026,0.03142594
Egypt,61519,61689,Kafr Al-Zayyat,2017,0.04540822,0.029516755
Egypt,61519,61689,Kafr Al-Zayyat,2018,0.043892093,0.020643631
Egypt,61519,61689,Kafr Al-Zayyat,2019,0.04065389,0.021442493
Egypt,61519,61689,Kafr Al-Zayyat,2020,0.05239435,0.021624926
Egypt,61519,61689,Kafr Al-Zayyat,2021,0.03788089,0.023245955
Egypt,61519,61689,Kafr Al-Zayyat,2022,0.036449913,0.025262032
Egypt,61519,61689,Kafr Al-Zayyat,2023,0.06920535,0.026185503
Egypt,61519,61689,Kafr Al-Zayyat,2024,0.0899805,0.024031077
Egypt,61519,61690,Qutur,2015,0.13109869,0.058994927
Egypt,61519,61690,Qutur,2016,0.12883985,0.0634416
Egypt,61519,61690,Qutur,2017,0.1163672,0.057503264
Egypt,61519,61690,Qutur,2018,0.11842954,0.06776878
Egypt,61519,61690,Qutur,2019,0.12575445,0.0651286
Egypt,61519,61690,Qutur,2020,0.13199104,0.060566977
Egypt,61519,61690,Qutur,2021,0.11883253,0.05865285
Egypt,61519,61690,Qutur,2022,0.13225937,0.06391108
Egypt,61519,61690,Qutur,2023,0.1552285,0.07908073
Egypt,61519,61690,Qutur,2024,0.17746282,0.10987699
Egypt,61519,61691,Samannud,2015,0.03519606,0.020410879
Egypt,61519,61691,Samannud,2016,0.038765058,0.021921
Egypt,61519,61691,Samannud,2017,0.03758426,0.021222519
Egypt,61519,61691,Samannud,2018,0.042854022,0.025696082
Egypt,61519,61691,Samannud,2019,0.037577525,0.02073347
Egypt,61519,61691,Samannud,2020,0.040555097,0.02345197
Egypt,61519,61691,Samannud,2021,0.040654186,0.025386693
Egypt,61519,61691,Samannud,2022,0.0359529,0.022401908
Egypt,61519,61691,Samannud,2023,0.04179863,0.027013453
Egypt,61519,61691,Samannud,2024,0.070710346,0.038376566
Egypt,61519,61692,Santa,2015,0.06805701,0.033527702
Egypt,61519,61692,Santa,2016,0.058967706,0.03326558
Egypt,61519,61692,Santa,2017,0.058906473,0.032898076
Egypt,61519,61692,Santa,2018,0.05830404,0.030146047
Egypt,61519,61692,Santa,2019,0.068931445,0.03701984
Egypt,61519,61692,Santa,2020,0.07266696,0.032627314
Egypt,61519,61692,Santa,2021,0.079998255,0.036116578
Egypt,61519,61692,Santa,2022,0.09874505,0.034736205
Egypt,61519,61692,Santa,2023,0.12194296,0.0398826
Egypt,61519,61692,Santa,2024,0.12725586,0.063553445
Egypt,61519,61693,Tanta,2015,0.03237584,0.017278966
Egypt,61519,61693,Tanta,2016,0.033363257,0.017073007
Egypt,61519,61693,Tanta,2017,0.034877688,0.019211669
Egypt,61519,61693,Tanta,2018,0.03732373,0.019008752
Egypt,61519,61693,Tanta,2019,0.033106536,0.019412486
Egypt,61519,61693,Tanta,2020,0.03849328,0.017880015
Egypt,61519,61693,Tanta,2021,0.04560297,0.023637814
Egypt,61519,61693,Tanta,2022,0.036257427,0.018825829
Egypt,61519,61693,Tanta,2023,0.036993872,0.02232935
Egypt,61519,61693,Tanta,2024,0.04282179,0.023307813
Egypt,61519,61694,Tanta 1,2015,0.033574697,0.036512207
Egypt,61519,61694,Tanta 1,2016,0.028138349,0.031075867
Egypt,61519,61694,Tanta 1,2017,0.028138349,0.031034257
Egypt,61519,61694,Tanta 1,2018,0.033574697,0.036470596
Egypt,61519,61694,Tanta 1,2019,0.033574697,0.036512207
Egypt,61519,61694,Tanta 1,2020,0.036503017,0.039398897
Egypt,61519,61694,Tanta 1,2021,0.033574697,0.036470596
Egypt,61519,61694,Tanta 1,2022,0.033574697,0.036470596
Egypt,61519,61694,Tanta 1,2023,0.0347571,0.037652977
Egypt,61519,61694,Tanta 1,2024,0.036681022,0.03821426
Egypt,61519,61695,Tanta 2,2015,0.042476486,0.042947035
Egypt,61519,61695,Tanta 2,2016,0.042476486,0.042947035
Egypt,61519,61695,Tanta 2,2017,0.042476486,0.042947035
Egypt,61519,61695,Tanta 2,2018,0.04213861,0.042609166
Egypt,61519,61695,Tanta 2,2019,0.041704483,0.042175043
Egypt,61519,61695,Tanta 2,2020,0.04894746,0.049418017
Egypt,61519,61695,Tanta 2,2021,0.04894746,0.049418017
Egypt,61519,61695,Tanta 2,2022,0.047590487,0.048061036
Egypt,61519,61695,Tanta 2,2023,0.052875422,0.05334598
Egypt,61519,61695,Tanta 2,2024,0.053698547,0.054169104
Egypt,61519,61696,Zifta,2015,0.034594323,0.015143159
Egypt,61519,61696,Zifta,2016,0.03747001,0.01801884
Egypt,61519,61696,Zifta,2017,0.03765355,0.018202381
Egypt,61519,61696,Zifta,2018,0.037270203,0.02105653
Egypt,61519,61696,Zifta,2019,0.037481695,0.018030524
Egypt,61519,61696,Zifta,2020,0.035172563,0.015721397
Egypt,61519,61696,Zifta,2021,0.03801423,0.018563062
Egypt,61519,61696,Zifta,2022,0.03210738,0.017462168
Egypt,61519,61696,Zifta,2023,0.058144912,0.02143127
Egypt,61519,61696,Zifta,2024,0.050602406,0.024282819
Egypt,61520,61697,6 October-1,2015,0.023162829,0.023162829
Egypt,61520,61697,6 October-1,2016,0.023162829,0.023162829
Egypt,61520,61697,6 October-1,2017,0.023262037,0.023262037
Egypt,61520,61697,6 October-1,2018,0.02169954,0.02169954
Egypt,61520,61697,6 October-1,2019,0.019821525,0.019821525
Egypt,61520,61697,6 October-1,2020,0.019656803,0.019656803
Egypt,61520,61697,6 October-1,2021,0.019378245,0.019378245
Egypt,61520,61697,6 October-1,2022,0.01811768,0.01811768
Egypt,61520,61697,6 October-1,2023,0.018763889,0.018763889
Egypt,61520,61697,6 October-1,2024,0.020185743,0.020185743
Egypt,61520,61698,6 October-2,2015,0.05960879,0.05960879
Egypt,61520,61698,6 October-2,2016,0.058978226,0.058978226
Egypt,61520,61698,6 October-2,2017,0.06870545,0.06870545
Egypt,61520,61698,6 October-2,2018,0.055179138,0.055179138
Egypt,61520,61698,6 October-2,2019,0.058811676,0.058811676
Egypt,61520,61698,6 October-2,2020,0.055179138,0.055179138
Egypt,61520,61698,6 October-2,2021,0.055179138,0.055179138
Egypt,61520,61698,6 October-2,2022,0.055179138,0.055179138
Egypt,61520,61698,6 October-2,2023,0.053678166,0.053678166
Egypt,61520,61698,6 October-2,2024,0.055100035,0.055100035
Egypt,61520,61699,Al-Aguza,2015,0.06449436,0.06449436
Egypt,61520,61699,Al-Aguza,2016,0.054902393,0.054902393
Egypt,61520,61699,Al-Aguza,2017,0.05882018,0.05882018
Egypt,61520,61699,Al-Aguza,2018,0.06844475,0.06844475
Egypt,61520,61699,Al-Aguza,2019,0.061791617,0.061791617
Egypt,61520,61699,Al-Aguza,2020,0.06193182,0.06193182
Egypt,61520,61699,Al-Aguza,2021,0.059513386,0.059513386
Egypt,61520,61699,Al-Aguza,2022,0.061114363,0.061114363
Egypt,61520,61699,Al-Aguza,2023,0.05852613,0.05852613
Egypt,61520,61699,Al-Aguza,2024,0.067087255,0.067087255
Egypt,61520,61700,Al-Ahram,2015,0.03379872,0.03426927
Egypt,61520,61700,Al-Ahram,2016,0.035798922,0.036269475
Egypt,61520,61700,Al-Ahram,2017,0.035981815,0.036452364
Egypt,61520,61700,Al-Ahram,2018,0.03696921,0.03743976
Egypt,61520,61700,Al-Ahram,2019,0.031322274,0.031792823
Egypt,61520,61700,Al-Ahram,2020,0.035034914,0.035505462
Egypt,61520,61700,Al-Ahram,2021,0.033873495,0.034344044
Egypt,61520,61700,Al-Ahram,2022,0.033232376,0.033702925
Egypt,61520,61700,Al-Ahram,2023,0.034294855,0.034765404
Egypt,61520,61700,Al-Ahram,2024,0.035611123,0.036081675
Egypt,61520,61701,Atfeh,2015,0.03270471,0.01619077
Egypt,61520,61701,Atfeh,2016,0.032829884,0.016557664
Egypt,61520,61701,Atfeh,2017,0.03295458,0.016440643
Egypt,61520,61701,Atfeh,2018,0.0345081,0.015725728
Egypt,61520,61701,Atfeh,2019,0.03237337,0.015027494
Egypt,61520,61701,Atfeh,2020,0.035331484,0.01738104
Egypt,61520,61701,Atfeh,2021,0.034637295,0.017049702
Egypt,61520,61701,Atfeh,2022,0.03220192,0.015687982
Egypt,61520,61701,Atfeh,2023,0.033457603,0.019603807
Egypt,61520,61701,Atfeh,2024,0.03702164,0.02148963
Egypt,61520,61702,Ayat,2015,0.032948896,0.019954154
Egypt,61520,61702,Ayat,2016,0.03257514,0.01982212
Egypt,61520,61702,Ayat,2017,0.030562276,0.01748761
Egypt,61520,61702,Ayat,2018,0.036503654,0.02331008
Egypt,61520,61702,Ayat,2019,0.034678828,0.018619815
Egypt,61520,61702,Ayat,2020,0.038184524,0.022367252
Egypt,61520,61702,Ayat,2021,0.034768835,0.019711541
Egypt,61520,61702,Ayat,2022,0.03599322,0.019934209
Egypt,61520,61702,Ayat,2023,0.042227335,0.029033775
Egypt,61520,61702,Ayat,2024,0.04845288,0.034982353
Egypt,61520,61703,Badrashain,2015,0.017409006,0.01446134
Egypt,61520,61703,Badrashain,2016,0.017409006,0.01446134
Egypt,61520,61703,Badrashain,2017,0.016368603,0.015839366
Egypt,61520,61703,Badrashain,2018,0.015483183,0.014953956
Egypt,61520,61703,Badrashain,2019,0.013945483,0.013416251
Egypt,61520,61703,Badrashain,2020,0.013060065,0.01253083
Egypt,61520,61703,Badrashain,2021,0.012567458,0.012038226
Egypt,61520,61703,Badrashain,2022,0.017113073,0.016583849
Egypt,61520,61703,Badrashain,2023,0.01704277,0.016513543
Egypt,61520,61703,Badrashain,2024,0.016579846,0.01605062
Egypt,61520,64448,Bahariya Oasis,2015,0.34232172,0.2582517
Egypt,61520,64448,Bahariya Oasis,2016,0.306983,0.2375134
Egypt,61520,64448,Bahariya Oasis,2017,0.30597502,0.22260332
Egypt,61520,64448,Bahariya Oasis,2018,0.32701957,0.24891934
Egypt,61520,64448,Bahariya Oasis,2019,0.30221087,0.21442744
Egypt,61520,64448,Bahariya Oasis,2020,0.33252686,0.24727884
Egypt,61520,64448,Bahariya Oasis,2021,0.3225693,0.23897073
Egypt,61520,64448,Bahariya Oasis,2022,0.29303098,0.20187193
Egypt,61520,64448,Bahariya Oasis,2023,0.33448318,0.24111524
Egypt,61520,64448,Bahariya Oasis,2024,0.32337922,0.2240484
Egypt,61520,64449,Bulaq Al-DakrUr,2015,0.06557712,0.06557712
Egypt,61520,64449,Bulaq Al-DakrUr,2016,0.05764148,0.05764148
Egypt,61520,64449,Bulaq Al-DakrUr,2017,0.06315868,0.06315868
Egypt,61520,64449,Bulaq Al-DakrUr,2018,0.06430522,0.06430522
Egypt,61520,64449,Bulaq Al-DakrUr,2019,0.06005991,0.06005991
Egypt,61520,64449,Bulaq Al-DakrUr,2020,0.06160058,0.06160058
Egypt,61520,64449,Bulaq Al-DakrUr,2021,0.05764148,0.05764148
Egypt,61520,64449,Bulaq Al-DakrUr,2022,0.05764148,0.05764148
Egypt,61520,64449,Bulaq Al-DakrUr,2023,0.06160058,0.06160058
Egypt,61520,64449,Bulaq Al-DakrUr,2024,0.08015936,0.08015936
Egypt,61520,64451,DuqqI,2015,0.06993863,0.06954828
Egypt,61520,64451,DuqqI,2016,0.062340003,0.06194965
Egypt,61520,64451,DuqqI,2017,0.05897071,0.058580358
Egypt,61520,64451,DuqqI,2018,0.06655805,0.06641835
Egypt,61520,64451,DuqqI,2019,0.06114488,0.06075453
Egypt,61520,64451,DuqqI,2020,0.059872836,0.059733137
Egypt,61520,64451,DuqqI,2021,0.06220476,0.06181441
Egypt,61520,64451,DuqqI,2022,0.06114488,0.06114488
Egypt,61520,64451,DuqqI,2023,0.0612175,0.0612175
Egypt,61520,64451,DuqqI,2024,0.070282474,0.070282474
Egypt,61520,64453,Giza,2015,0.017587021,0.02040923
Egypt,61520,64453,Giza,2016,0.01670467,0.02040923
Egypt,61520,64453,Giza,2017,0.017297614,0.021002177
Egypt,61520,64453,Giza,2018,0.023462126,0.024461213
Egypt,61520,64453,Giza,2019,0.017587021,0.02040923
Egypt,61520,64453,Giza,2020,0.024673548,0.023790527
Egypt,61520,64453,Giza,2021,0.020756658,0.024461213
Egypt,61520,64453,Giza,2022,0.019522585,0.022344787
Egypt,61520,64453,Giza,2023,0.019493025,0.02319758
Egypt,61520,64453,Giza,2024,0.019336725,0.022863697
Egypt,61520,65305,Hwamdeia,2015,0.027537744,0.030020796
Egypt,61520,65305,Hwamdeia,2016,0.026655393,0.030020796
Egypt,61520,65305,Hwamdeia,2017,0.031628765,0.034111816
Egypt,61520,65305,Hwamdeia,2018,0.031926017,0.035113838
Egypt,61520,65305,Hwamdeia,2019,0.031628765,0.034111816
Egypt,61520,65305,Hwamdeia,2020,0.034588657,0.03795406
Egypt,61520,65305,Hwamdeia,2021,0.03543886,0.038804263
Egypt,61520,65305,Hwamdeia,2022,0.03684963,0.039929926
Egypt,61520,65305,Hwamdeia,2023,0.03629861,0.040261265
Egypt,61520,65305,Hwamdeia,2024,0.037146877,0.040931948
Egypt,61520,65315,Imbaba,2015,0.032643348,0.020161603
Egypt,61520,65315,Imbaba,2016,0.032643348,0.020161603
Egypt,61520,65315,Imbaba,2017,0.032643348,0.020161603
Egypt,61520,65315,Imbaba,2018,0.034765154,0.022283409
Egypt,61520,65315,Imbaba,2019,0.032643348,0.020161603
Egypt,61520,65315,Imbaba,2020,0.035429254,0.023139292
Egypt,61520,65315,Imbaba,2021,0.03344197,0.020960221
Egypt,61520,65315,Imbaba,2022,0.030677719,0.017165065
Egypt,61520,65315,Imbaba,2023,0.034628633,0.02233867
Egypt,61520,65315,Imbaba,2024,0.03847671,0.026186759
Egypt,61520,65317,Kardasa,2015,0.0378002,0.023001853
Egypt,61520,65317,Kardasa,2016,0.03731674,0.022518395
Egypt,61520,65317,Kardasa,2017,0.03772989,0.023259737
Egypt,61520,65317,Kardasa,2018,0.03800685,0.022931544
Egypt,61520,65317,Kardasa,2019,0.03731674,0.022518395
Egypt,61520,65317,Kardasa,2020,0.036664974,0.021917867
Egypt,61520,65317,Kardasa,2021,0.03800685,0.023259737
Egypt,61520,65317,Kardasa,2022,0.03727726,0.0222372
Egypt,61520,65317,Kardasa,2023,0.036919776,0.022172667
Egypt,61520,65317,Kardasa,2024,0.036919776,0.021844475
Egypt,61520,65321,Saf,2015,0.014129264,0.014431967
Egypt,61520,65321,Saf,2016,0.013636659,0.013939361
Egypt,61520,65321,Saf,2017,0.014129264,0.014431967
Egypt,61520,65321,Saf,2018,0.014129264,0.014431967
Egypt,61520,65321,Saf,2019,0.013652205,0.013954907
Egypt,61520,65321,Saf,2020,0.0121204415,0.012423145
Egypt,61520,65321,Saf,2021,0.013038897,0.0133416
Egypt,61520,65321,Saf,2022,0.012824065,0.012885051
Egypt,61520,65321,Saf,2023,0.013547048,0.013849751
Egypt,61520,65321,Saf,2024,0.015277865,0.016361753
Egypt,61520,65336,Shaykh Zayed,2015,0.029047951,0.029047951
Egypt,61520,65336,Shaykh Zayed,2016,0.029543744,0.029417036
Egypt,61520,65336,Shaykh Zayed,2017,0.02911886,0.028992152
Egypt,61520,65336,Shaykh Zayed,2018,0.021805236,0.021678528
Egypt,61520,65336,Shaykh Zayed,2019,0.021805236,0.021678528
Egypt,61520,65336,Shaykh Zayed,2020,0.024207642,0.023610381
Egypt,61520,65336,Shaykh Zayed,2021,0.01402509,0.013898385
Egypt,61520,65336,Shaykh Zayed,2022,0.01402509,0.013898385
Egypt,61520,65336,Shaykh Zayed,2023,0.021805236,0.021678528
Egypt,61520,65336,Shaykh Zayed,2024,0.023038553,0.022911847
Egypt,61520,65337,Umraniyya,2015,0.039337732,0.039337732
Egypt,61520,65337,Umraniyya,2016,0.038240194,0.038240194
Egypt,61520,65337,Umraniyya,2017,0.03722924,0.03722924
Egypt,61520,65337,Umraniyya,2018,0.048292533,0.048292533
Egypt,61520,65337,Umraniyya,2019,0.03722924,0.03722924
Egypt,61520,65337,Umraniyya,2020,0.035378914,0.035378914
Egypt,61520,65337,Umraniyya,2021,0.037326377,0.037326377
Egypt,61520,65337,Umraniyya,2022,0.034503397,0.034503397
Egypt,61520,65337,Umraniyya,2023,0.038243286,0.038243286
Egypt,61520,65337,Umraniyya,2024,0.047458824,0.047458824
Egypt,61520,65345,Waraq,2015,0.037494503,0.021851609
Egypt,61520,65345,Waraq,2016,0.03743346,0.02198416
Egypt,61520,65345,Waraq,2017,0.03743346,0.02198416
Egypt,61520,65345,Waraq,2018,0.037771463,0.021851609
Egypt,61520,65345,Waraq,2019,0.037771463,0.021851609
Egypt,61520,65345,Waraq,2020,0.037848502,0.022248799
Egypt,61520,65345,Waraq,2021,0.037771463,0.021851609
Egypt,61520,65345,Waraq,2022,0.037494503,0.021851609
Egypt,61520,65345,Waraq,2023,0.038186498,0.022266649
Egypt,61520,65345,Waraq,2024,0.039121106,0.023201259
Egypt,61520,65350,Zemam out,2015,0.16425622,0.14067426
Egypt,61520,65350,Zemam out,2016,0.17152102,0.14448726
Egypt,61520,65350,Zemam out,2017,0.16413406,0.13428351
Egypt,61520,65350,Zemam out,2018,0.19263713,0.14320818
Egypt,61520,65350,Zemam out,2019,0.17187262,0.117965534
Egypt,61520,65350,Zemam out,2020,0.17473707,0.12098969
Egypt,61520,65350,Zemam out,2021,0.11819335,0.11384558
Egypt,61520,65350,Zemam out,2022,0.10372056,0.10416294
Egypt,61520,65350,Zemam out,2023,0.11215321,0.11306614
Egypt,61520,65350,Zemam out,2024,0.13364528,0.1345582
Egypt,61521,65711,Fayid,2015,0.04230022,0.02797967
Egypt,61521,65711,Fayid,2016,0.04240162,0.025367895
Egypt,61521,65711,Fayid,2017,0.040723406,0.025367895
Egypt,61521,65711,Fayid,2018,0.043841384,0.02547975
Egypt,61521,65711,Fayid,2019,0.04387054,0.028515046
Egypt,61521,65711,Fayid,2020,0.046923485,0.028561855
Egypt,61521,65711,Fayid,2021,0.04240162,0.025367895
Egypt,61521,65711,Fayid,2022,0.040552594,0.025197083
Egypt,61521,65711,Fayid,2023,0.046453156,0.028091526
Egypt,61521,65711,Fayid,2024,0.04687667,0.028515046
Egypt,61521,65747,Ismailiyya,2015,0.018953789,0.017440315
Egypt,61521,65747,Ismailiyya,2016,0.017043283,0.01621352
Egypt,61521,65747,Ismailiyya,2017,0.018953789,0.017440315
Egypt,61521,65747,Ismailiyya,2018,0.019153606,0.015220626
Egypt,61521,65747,Ismailiyya,2019,0.019352268,0.013071812
Egypt,61521,65747,Ismailiyya,2020,0.019194566,0.0129141025
Egypt,61521,65747,Ismailiyya,2021,0.01744176,0.010746325
Egypt,61521,65747,Ismailiyya,2022,0.014829852,0.008306909
Egypt,61521,65747,Ismailiyya,2023,0.020232521,0.013537091
Egypt,61521,65747,Ismailiyya,2024,0.01915172,0.0124562895
Egypt,61521,65748,Ismailiyya 1,2015,0.03567391,0.035547204
Egypt,61521,65748,Ismailiyya 1,2016,0.035056103,0.034929395
Egypt,61521,65748,Ismailiyya 1,2017,0.0344263,0.034299593
Egypt,61521,65748,Ismailiyya 1,2018,0.03694226,0.03681555
Egypt,61521,65748,Ismailiyya 1,2019,0.03307767,0.032950964
Egypt,61521,65748,Ismailiyya 1,2020,0.033573754,0.033447046
Egypt,61521,65748,Ismailiyya 1,2021,0.03535987,0.035233162
Egypt,61521,65748,Ismailiyya 1,2022,0.032451253,0.03232455
Egypt,61521,65748,Ismailiyya 1,2023,0.032451253,0.03232455
Egypt,61521,65748,Ismailiyya 1,2024,0.03369068,0.033563975
Egypt,61521,65749,Ismailiyya 2,2015,0.046199348,0.046199348
Egypt,61521,65749,Ismailiyya 2,2016,0.03991458,0.03991458
Egypt,61521,65749,Ismailiyya 2,2017,0.040219266,0.040219266
Egypt,61521,65749,Ismailiyya 2,2018,0.03991458,0.03991458
Egypt,61521,65749,Ismailiyya 2,2019,0.03991458,0.03991458
Egypt,61521,65749,Ismailiyya 2,2020,0.039116114,0.039116114
Egypt,61521,65749,Ismailiyya 2,2021,0.032398824,0.032398824
Egypt,61521,65749,Ismailiyya 2,2022,0.033197295,0.033197295
Egypt,61521,65749,Ismailiyya 2,2023,0.03991458,0.03991458
Egypt,61521,65749,Ismailiyya 2,2024,0.042842895,0.042842895
Egypt,61521,65751,Ismailiyya 3,2015,0.03492577,0.03479906
Egypt,61521,65751,Ismailiyya 3,2016,0.029489428,0.02936272
Egypt,61521,65751,Ismailiyya 3,2017,0.029489428,0.02936272
Egypt,61521,65751,Ismailiyya 3,2018,0.034622632,0.03449592
Egypt,61521,65751,Ismailiyya 3,2019,0.028947344,0.028820636
Egypt,61521,65751,Ismailiyya 3,2020,0.037953433,0.037826724
Egypt,61521,65751,Ismailiyya 3,2021,0.029771471,0.029644767
Egypt,61521,65751,Ismailiyya 3,2022,0.03385589,0.033729184
Egypt,61521,65751,Ismailiyya 3,2023,0.031161232,0.03103452
Egypt,61521,65751,Ismailiyya 3,2024,0.03463902,0.034512307
Egypt,61521,65752,"Qantara Gharb, al-",2015,0.020944092,0.013246846
Egypt,61521,65752,"Qantara Gharb, al-",2016,0.020811383,0.012833696
Egypt,61521,65752,"Qantara Gharb, al-",2017,0.01916917,0.011169716
Egypt,61521,65752,"Qantara Gharb, al-",2018,0.021185696,0.01367729
Egypt,61521,65752,"Qantara Gharb, al-",2019,0.018377863,0.011157984
Egypt,61521,65752,"Qantara Gharb, al-",2020,0.01919061,0.012688846
Egypt,61521,65752,"Qantara Gharb, al-",2021,0.020207936,0.012979962
Egypt,61521,65752,"Qantara Gharb, al-",2022,0.01899057,0.011740825
Egypt,61521,65752,"Qantara Gharb, al-",2023,0.019234588,0.01226355
Egypt,61521,65752,"Qantara Gharb, al-",2024,0.020711968,0.013014716
Egypt,61521,65753,"Qantara Sharq, al-",2015,0.3286428,0.2675968
Egypt,61521,65753,"Qantara Sharq, al-",2016,0.31456146,0.24840894
Egypt,61521,65753,"Qantara Sharq, al-",2017,0.2843959,0.2232579
Egypt,61521,65753,"Qantara Sharq, al-",2018,0.31054944,0.2506298
Egypt,61521,65753,"Qantara Sharq, al-",2019,0.2987755,0.23546037
Egypt,61521,65753,"Qantara Sharq, al-",2020,0.31756523,0.24585569
Egypt,61521,65753,"Qantara Sharq, al-",2021,0.29759955,0.22669345
Egypt,61521,65753,"Qantara Sharq, al-",2022,0.27642885,0.19999078
Egypt,61521,65753,"Qantara Sharq, al-",2023,0.2918277,0.21238053
Egypt,61521,65753,"Qantara Sharq, al-",2024,0.31325608,0.22917765
Egypt,61521,65754,"Tal al-Kabir, al-",2015,0.09946067,0.0518114
Egypt,61521,65754,"Tal al-Kabir, al-",2016,0.060418326,0.047766842
Egypt,61521,65754,"Tal al-Kabir, al-",2017,0.06116736,0.050509825
Egypt,61521,65754,"Tal al-Kabir, al-",2018,0.08553782,0.06046016
Egypt,61521,65754,"Tal al-Kabir, al-",2019,0.08106971,0.047751833
Egypt,61521,65754,"Tal al-Kabir, al-",2020,0.13329875,0.06556626
Egypt,61521,65754,"Tal al-Kabir, al-",2021,0.06523175,0.061684176
Egypt,61521,65754,"Tal al-Kabir, al-",2022,0.047827125,0.042977143
Egypt,61521,65754,"Tal al-Kabir, al-",2023,0.05540061,0.05055063
Egypt,61521,65754,"Tal al-Kabir, al-",2024,0.1045602,0.065230414
Egypt,61522,65755,Al Hamul,2015,0.15531965,0.12496562
Egypt,61522,65755,Al Hamul,2016,0.15302828,0.101512484
Egypt,61522,65755,Al Hamul,2017,0.14034352,0.08153429
Egypt,61522,65755,Al Hamul,2018,0.16127136,0.10804133
Egypt,61522,65755,Al Hamul,2019,0.14207566,0.10266111
Egypt,61522,65755,Al Hamul,2020,0.16196297,0.123466454
Egypt,61522,65755,Al Hamul,2021,0.14866962,0.107624665
Egypt,61522,65755,Al Hamul,2022,0.14314455,0.10146457
Egypt,61522,65755,Al Hamul,2023,0.1560747,0.12658517
Egypt,61522,65755,Al Hamul,2024,0.16288777,0.13865243
Egypt,61522,65758,Biyalu,2015,0.17284387,0.045497563
Egypt,61522,65758,Biyalu,2016,0.17708424,0.050015457
Egypt,61522,65758,Biyalu,2017,0.16855332,0.0464471
Egypt,61522,65758,Biyalu,2018,0.19201891,0.052022286
Egypt,61522,65758,Biyalu,2019,0.18209338,0.043602366
Egypt,61522,65758,Biyalu,2020,0.17427282,0.041493043
Egypt,61522,65758,Biyalu,2021,0.15834358,0.04965125
Egypt,61522,65758,Biyalu,2022,0.15302482,0.041493043
Egypt,61522,65758,Biyalu,2023,0.18812896,0.049178563
Egypt,61522,65758,Biyalu,2024,0.19449204,0.045347795
Egypt,61522,65759,Burullus,2015,0.1977149,0.19748135
Egypt,61522,65759,Burullus,2016,0.20705834,0.20606788
Egypt,61522,65759,Burullus,2017,0.18717603,0.18482935
Egypt,61522,65759,Burullus,2018,0.20502682,0.20488694
Egypt,61522,65759,Burullus,2019,0.17923202,0.19671145
Egypt,61522,65759,Burullus,2020,0.20643547,0.2327152
Egypt,61522,65759,Burullus,2021,0.1777747,0.18197647
Egypt,61522,65759,Burullus,2022,0.16045064,0.17024192
Egypt,61522,65759,Burullus,2023,0.18931404,0.17442134
Egypt,61522,65759,Burullus,2024,0.19680431,0.18500103
Egypt,61522,65760,Disuq,2015,0.0970746,0.020079808
Egypt,61522,65760,Disuq,2016,0.10301891,0.021103239
Egypt,61522,65760,Disuq,2017,0.1036782,0.017908858
Egypt,61522,65760,Disuq,2018,0.11296384,0.02369163
Egypt,61522,65760,Disuq,2019,0.10650671,0.019047111
Egypt,61522,65760,Disuq,2020,0.116733,0.017282518
Egypt,61522,65760,Disuq,2021,0.109431446,0.016301472
Egypt,61522,65760,Disuq,2022,0.11114513,0.0159363
Egypt,61522,65760,Disuq,2023,0.11185989,0.015715698
Egypt,61522,65760,Disuq,2024,0.113965124,0.017471258
Egypt,61522,65761,Fuwwa,2015,0.11167598,0.032463867
Egypt,61522,65761,Fuwwa,2016,0.113988176,0.039273676
Egypt,61522,65761,Fuwwa,2017,0.104868606,0.032349255
Egypt,61522,65761,Fuwwa,2018,0.10213739,0.023367107
Egypt,61522,65761,Fuwwa,2019,0.118357725,0.03692477
Egypt,61522,65761,Fuwwa,2020,0.10696343,0.028884314
Egypt,61522,65761,Fuwwa,2021,0.10359952,0.023397276
Egypt,61522,65761,Fuwwa,2022,0.106269345,0.023805654
Egypt,61522,65761,Fuwwa,2023,0.11687856,0.031543583
Egypt,61522,65761,Fuwwa,2024,0.11684206,0.03187403
Egypt,61522,65762,Kafr Al-Shaykh,2015,0.055097684,0.03240831
Egypt,61522,65762,Kafr Al-Shaykh,2016,0.06326921,0.03549919
Egypt,61522,65762,Kafr Al-Shaykh,2017,0.05624096,0.03537194
Egypt,61522,65762,Kafr Al-Shaykh,2018,0.061795253,0.032414038
Egypt,61522,65762,Kafr Al-Shaykh,2019,0.074242435,0.036938176
Egypt,61522,65762,Kafr Al-Shaykh,2020,0.10301612,0.03254616
Egypt,61522,65762,Kafr Al-Shaykh,2021,0.08105874,0.031370442
Egypt,61522,65762,Kafr Al-Shaykh,2022,0.089213915,0.030805118
Egypt,61522,65762,Kafr Al-Shaykh,2023,0.106832564,0.034613393
Egypt,61522,65762,Kafr Al-Shaykh,2024,0.10654797,0.033018664
Egypt,61522,65763,Mitubas,2015,0.12585276,0.06463102
Egypt,61522,65763,Mitubas,2016,0.13198039,0.07344195
Egypt,61522,65763,Mitubas,2017,0.11697466,0.06822127
Egypt,61522,65763,Mitubas,2018,0.1339206,0.07182902
Egypt,61522,65763,Mitubas,2019,0.12013657,0.053849
Egypt,61522,65763,Mitubas,2020,0.124512166,0.05333247
Egypt,61522,65763,Mitubas,2021,0.1259739,0.05759999
Egypt,61522,65763,Mitubas,2022,0.11793317,0.06267359
Egypt,61522,65763,Mitubas,2023,0.13032258,0.061807558
Egypt,61522,65763,Mitubas,2024,0.12702551,0.054177053
Egypt,61522,65766,Qillin,2015,0.15153679,0.060194
Egypt,61522,65766,Qillin,2016,0.16918838,0.090298906
Egypt,61522,65766,Qillin,2017,0.16638541,0.08833208
Egypt,61522,65766,Qillin,2018,0.16667767,0.07761574
Egypt,61522,65766,Qillin,2019,0.16405252,0.0774481
Egypt,61522,65766,Qillin,2020,0.16039458,0.07785263
Egypt,61522,65766,Qillin,2021,0.16246355,0.09364452
Egypt,61522,65766,Qillin,2022,0.15232196,0.082645014
Egypt,61522,65766,Qillin,2023,0.17482877,0.101166375
Egypt,61522,65766,Qillin,2024,0.19138989,0.10912128
Egypt,61522,65793,Riyad,2015,0.1450579,0.09793036
Egypt,61522,65793,Riyad,2016,0.14576617,0.116079934
Egypt,61522,65793,Riyad,2017,0.13418289,0.10573867
Egypt,61522,65793,Riyad,2018,0.15799166,0.115183845
Egypt,61522,65793,Riyad,2019,0.15446723,0.0934152
Egypt,61522,65793,Riyad,2020,0.16607466,0.110492274
Egypt,61522,65793,Riyad,2021,0.1458408,0.10970098
Egypt,61522,65793,Riyad,2022,0.14144035,0.09562321
Egypt,61522,65793,Riyad,2023,0.15871069,0.10527249
Egypt,61522,65793,Riyad,2024,0.17047761,0.11185548
Egypt,61522,65801,Sidi Salim,2015,0.16323294,0.11502656
Egypt,61522,65801,Sidi Salim,2016,0.16146618,0.12994958
Egypt,61522,65801,Sidi Salim,2017,0.15330386,0.11872906
Egypt,61522,65801,Sidi Salim,2018,0.16948372,0.13161676
Egypt,61522,65801,Sidi Salim,2019,0.16358759,0.116106346
Egypt,61522,65801,Sidi Salim,2020,0.16494098,0.12181771
Egypt,61522,65801,Sidi Salim,2021,0.1586276,0.13187878
Egypt,61522,65801,Sidi Salim,2022,0.15510598,0.11631437
Egypt,61522,65801,Sidi Salim,2023,0.16348994,0.1280146
Egypt,61522,65801,Sidi Salim,2024,0.16767824,0.1254086
Egypt,61523,65802,Abour,2015,0.051812474,0.051812474
Egypt,61523,65802,Abour,2016,0.057007957,0.057007957
Egypt,61523,65802,Abour,2017,0.050335657,0.050335657
Egypt,61523,65802,Abour,2018,0.065113895,0.065113895
Egypt,61523,65802,Abour,2019,0.064484835,0.064484835
Egypt,61523,65802,Abour,2020,0.054827396,0.054827396
Egypt,61523,65802,Abour,2021,0.05370791,0.05370791
Egypt,61523,65802,Abour,2022,0.062493432,0.062493432
Egypt,61523,65802,Abour,2023,0.055184733,0.055184733
Egypt,61523,65802,Abour,2024,0.055184733,0.055184733
Egypt,61523,65804,Al Khanka,2015,0.01322836,0.012896485
Egypt,61523,65804,Al Khanka,2016,0.01322836,0.012896485
Egypt,61523,65804,Al Khanka,2017,0.01322836,0.012896485
Egypt,61523,65804,Al Khanka,2018,0.01322836,0.012896485
Egypt,61523,65804,Al Khanka,2019,0.013001831,0.012669957
Egypt,61523,65804,Al Khanka,2020,0.017025951,0.016694074
Egypt,61523,65804,Al Khanka,2021,0.018996106,0.018664224
Egypt,61523,65804,Al Khanka,2022,0.018806169,0.018432684
Egypt,61523,65804,Al Khanka,2023,0.018735865,0.01836238
Egypt,61523,65804,Al Khanka,2024,0.018735865,0.01836238
Egypt,61523,65806,Banha,2015,0.022122534,0.007742404
Egypt,61523,65806,Banha,2016,0.028654868,0.015391716
Egypt,61523,65806,Banha,2017,0.02889699,0.015633842
Egypt,61523,65806,Banha,2018,0.030567888,0.015830526
Egypt,61523,65806,Banha,2019,0.026588073,0.009653421
Egypt,61523,65806,Banha,2020,0.027755955,0.00813923
Egypt,61523,65806,Banha,2021,0.031245973,0.016508613
Egypt,61523,65806,Banha,2022,0.030966321,0.017220853
Egypt,61523,65806,Banha,2023,0.034535363,0.02226364
Egypt,61523,65806,Banha,2024,0.04403288,0.031681255
Egypt,61523,65807,Kafr Shukr,2015,0.028154822,0.005101937
Egypt,61523,65807,Kafr Shukr,2016,0.030575927,0.010342338
Egypt,61523,65807,Kafr Shukr,2017,0.031592887,0.010559013
Egypt,61523,65807,Kafr Shukr,2018,0.032243647,0.012010053
Egypt,61523,65807,Kafr Shukr,2019,0.030698562,0.008445962
Egypt,61523,65807,Kafr Shukr,2020,0.030988565,0.0095140515
Egypt,61523,65807,Kafr Shukr,2021,0.040734746,0.024082193
Egypt,61523,65807,Kafr Shukr,2022,0.039904766,0.018438436
Egypt,61523,65807,Kafr Shukr,2023,0.058445066,0.031156592
Egypt,61523,65807,Kafr Shukr,2024,0.06161259,0.03831389
Egypt,61523,65811,Khsos,2015,0.05831477,0.05831477
Egypt,61523,65811,Khsos,2016,0.050542783,0.050542783
Egypt,61523,65811,Khsos,2017,0.050542783,0.050542783
Egypt,61523,65811,Khsos,2018,0.051797263,0.051797263
Egypt,61523,65811,Khsos,2019,0.050542783,0.050542783
Egypt,61523,65811,Khsos,2020,0.050542783,0.050542783
Egypt,61523,65811,Khsos,2021,0.051084746,0.051084746
Egypt,61523,65811,Khsos,2022,0.057556007,0.057556007
Egypt,61523,65811,Khsos,2023,0.056237645,0.056237645
Egypt,61523,65811,Khsos,2024,0.06730094,0.06730094
Egypt,61523,65815,Qaha,2015,0.060527965,0.055266555
Egypt,61523,65815,Qaha,2016,0.05991588,0.055899505
Egypt,61523,65815,Qaha,2017,0.058330417,0.05351376
Egypt,61523,65815,Qaha,2018,0.06278751,0.056995418
Egypt,61523,65815,Qaha,2019,0.05629314,0.05149399
Egypt,61523,65815,Qaha,2020,0.050601248,0.044742584
Egypt,61523,65815,Qaha,2021,0.060158852,0.054437093
Egypt,61523,65815,Qaha,2022,0.059046958,0.053785548
Egypt,61523,65815,Qaha,2023,0.10093633,0.05454083
Egypt,61523,65815,Qaha,2024,0.11168572,0.057598613
Egypt,61523,65816,Qalyub,2015,0.028530343,0.015250764
Egypt,61523,65816,Qalyub,2016,0.030022241,0.016742667
Egypt,61523,65816,Qalyub,2017,0.029629825,0.016350253
Egypt,61523,65816,Qalyub,2018,0.031463403,0.018425541
Egypt,61523,65816,Qalyub,2019,0.030514847,0.017235272
Egypt,61523,65816,Qalyub,2020,0.030514847,0.017235272
Egypt,61523,65816,Qalyub,2021,0.030514847,0.017235272
Egypt,61523,65816,Qalyub,2022,0.029022945,0.01574337
Egypt,61523,65816,Qalyub,2023,0.028429734,0.014679608
Egypt,61523,65816,Qalyub,2024,0.029378287,0.01586988
Egypt,61523,65817,Qanatir Al-Khayriyya,2015,0.037986986,0.024864106
Egypt,61523,65817,Qanatir Al-Khayriyya,2016,0.038360305,0.025237434
Egypt,61523,65817,Qanatir Al-Khayriyya,2017,0.037543222,0.02402099
Egypt,61523,65817,Qanatir Al-Khayriyya,2018,0.039198305,0.026075438
Egypt,61523,65817,Qanatir Al-Khayriyya,2019,0.03623075,0.02270852
Egypt,61523,65817,Qanatir Al-Khayriyya,2020,0.029954834,0.015835341
Egypt,61523,65817,Qanatir Al-Khayriyya,2021,0.04107617,0.0283639
Egypt,61523,65817,Qanatir Al-Khayriyya,2022,0.03106462,0.017542396
Egypt,61523,65817,Qanatir Al-Khayriyya,2023,0.041433778,0.02875149
Egypt,61523,65817,Qanatir Al-Khayriyya,2024,0.042659294,0.030218719
Egypt,61523,65819,Shibin al-Qanatir,2015,0.034672398,0.017468208
Egypt,61523,65819,Shibin al-Qanatir,2016,0.03782449,0.018954657
Egypt,61523,65819,Shibin al-Qanatir,2017,0.0352611,0.017070444
Egypt,61523,65819,Shibin al-Qanatir,2018,0.030675722,0.014511975
Egypt,61523,65819,Shibin al-Qanatir,2019,0.030062893,0.011933867
Egypt,61523,65819,Shibin al-Qanatir,2020,0.030500403,0.012960576
Egypt,61523,65819,Shibin al-Qanatir,2021,0.03868181,0.023552647
Egypt,61523,65819,Shibin al-Qanatir,2022,0.038752213,0.028248973
Egypt,61523,65819,Shibin al-Qanatir,2023,0.045062315,0.031412713
Egypt,61523,65819,Shibin al-Qanatir,2024,0.047182743,0.03427794
Egypt,61523,65821,Shubra Al-Khayma 1,2015,0.049009193,0.049009193
Egypt,61523,65821,Shubra Al-Khayma 1,2016,0.049009193,0.049009193
Egypt,61523,65821,Shubra Al-Khayma 1,2017,0.05021324,0.05021324
Egypt,61523,65821,Shubra Al-Khayma 1,2018,0.048241634,0.048241634
Egypt,61523,65821,Shubra Al-Khayma 1,2019,0.048241634,0.048241634
Egypt,61523,65821,Shubra Al-Khayma 1,2020,0.05018327,0.05018327
Egypt,61523,65821,Shubra Al-Khayma 1,2021,0.048781734,0.048781734
Egypt,61523,65821,Shubra Al-Khayma 1,2022,0.04908642,0.04908642
Egypt,61523,65821,Shubra Al-Khayma 1,2023,0.051006757,0.051006757
Egypt,61523,65821,Shubra Al-Khayma 1,2024,0.054124817,0.054124817
Egypt,61523,65824,Shubra Al-Khayma 2,2015,0.03185848,0.03185848
Egypt,61523,65824,Shubra Al-Khayma 2,2016,0.028725365,0.028725365
Egypt,61523,65824,Shubra Al-Khayma 2,2017,0.028983952,0.029454505
Egypt,61523,65824,Shubra Al-Khayma 2,2018,0.028983952,0.029454505
Egypt,61523,65824,Shubra Al-Khayma 2,2019,0.03185848,0.03185848
Egypt,61523,65824,Shubra Al-Khayma 2,2020,0.032233767,0.032233767
Egypt,61523,65824,Shubra Al-Khayma 2,2021,0.03244469,0.03244469
Egypt,61523,65824,Shubra Al-Khayma 2,2022,0.029252928,0.029252928
Egypt,61523,65824,Shubra Al-Khayma 2,2023,0.02970955,0.02970955
Egypt,61523,65824,Shubra Al-Khayma 2,2024,0.03920625,0.03920625
Egypt,61523,65825,Tukh,2015,0.028090375,0.0098560285
Egypt,61523,65825,Tukh,2016,0.019166365,0.0080209365
Egypt,61523,65825,Tukh,2017,0.019953553,0.009964147
Egypt,61523,65825,Tukh,2018,0.023961574,0.011768873
Egypt,61523,65825,Tukh,2019,0.02449266,0.014580199
Egypt,61523,65825,Tukh,2020,0.020488488,0.008898474
Egypt,61523,65825,Tukh,2021,0.023316104,0.011962302
Egypt,61523,65825,Tukh,2022,0.026922805,0.014576503
Egypt,61523,65825,Tukh,2023,0.05674763,0.016407194
Egypt,61523,65825,Tukh,2024,0.048828445,0.013038983
Egypt,61523,65828,Zemam Out,2015,0.021479089,0.022968804
Egypt,61523,65828,Zemam Out,2016,0.022797447,0.024287164
Egypt,61523,65828,Zemam Out,2017,0.0208131,0.022302818
Egypt,61523,65828,Zemam Out,2018,0.020573676,0.022063391
Egypt,61523,65828,Zemam Out,2019,0.022415342,0.023778355
Egypt,61523,65828,Zemam Out,2020,0.02017602,0.02153903
Egypt,61523,65828,Zemam Out,2021,0.018277327,0.019640336
Egypt,61523,65828,Zemam Out,2022,0.019632258,0.020995265
Egypt,61523,65828,Zemam Out,2023,0.018951165,0.020314172
Egypt,61523,65828,Zemam Out,2024,0.014975498,0.016780887
Egypt,61524,65830,Luxor,2015,0.033453144,0.016851207
Egypt,61524,65830,Luxor,2016,0.041226283,0.024624372
Egypt,61524,65830,Luxor,2017,0.038928993,0.02292432
Egypt,61524,65830,Luxor,2018,0.039450455,0.022685789
Egypt,61524,65830,Luxor,2019,0.038928993,0.02292432
Egypt,61524,65830,Luxor,2020,0.04046227,0.024457602
Egypt,61524,65830,Luxor,2021,0.039183795,0.023179121
Egypt,61524,65830,Luxor,2022,0.03959883,0.023594161
Egypt,61524,65830,Luxor,2023,0.04053344,0.024528772
Egypt,61524,65830,Luxor,2024,0.04087541,0.024870751
Egypt,61524,65832,Tiba police station,2015,0.079891294,0.060740404
Egypt,61524,65832,Tiba police station,2016,0.091631606,0.077817634
Egypt,61524,65832,Tiba police station,2017,0.08905284,0.07499712
Egypt,61524,65832,Tiba police station,2018,0.09611852,0.08230457
Egypt,61524,65832,Tiba police station,2019,0.098735794,0.08468013
Egypt,61524,65832,Tiba police station,2020,0.1038481,0.09239325
Egypt,61524,65832,Tiba police station,2021,0.107230656,0.09341669
Egypt,61524,65832,Tiba police station,2022,0.10530328,0.09363522
Egypt,61524,65832,Tiba police station,2023,0.11393248,0.10347935
Egypt,61524,65832,Tiba police station,2024,0.105034776,0.08912018
Egypt,61524,65833,Zemam Out,2015,0.10086886,0.101590045
Egypt,61524,65833,Zemam Out,2016,0.11843349,0.119154684
Egypt,61524,65833,Zemam Out,2017,0.08246468,0.08318588
Egypt,61524,65833,Zemam Out,2018,0.097437575,0.09815877
Egypt,61524,65833,Zemam Out,2019,0.09553037,0.09099577
Egypt,61524,65833,Zemam Out,2020,0.095614485,0.0910799
Egypt,61524,65833,Zemam Out,2021,0.09393143,0.08939684
Egypt,61524,65833,Zemam Out,2022,0.076172166,0.071195215
Egypt,61524,65833,Zemam Out,2023,0.096413806,0.091033526
Egypt,61524,65833,Zemam Out,2024,0.09184294,0.088191
Egypt,61525,65834,Al-Hammam,2015,0.16810575,0.14760105
Egypt,61525,65834,Al-Hammam,2016,0.16416776,0.13730836
Egypt,61525,65834,Al-Hammam,2017,0.16284862,0.13701285
Egypt,61525,65834,Al-Hammam,2018,0.18848285,0.1599961
Egypt,61525,65834,Al-Hammam,2019,0.17005078,0.12873378
Egypt,61525,65834,Al-Hammam,2020,0.18614566,0.14575344
Egypt,61525,65834,Al-Hammam,2021,0.17336378,0.1350412
Egypt,61525,65834,Al-Hammam,2022,0.164404,0.114731215
Egypt,61525,65834,Al-Hammam,2023,0.18128258,0.1277482
Egypt,61525,65834,Al-Hammam,2024,0.1809396,0.1368803
Egypt,61525,65835,Alamn,2015,0.06570382,0.06342772
Egypt,61525,65835,Alamn,2016,0.060377996,0.060653936
Egypt,61525,65835,Alamn,2017,0.058627646,0.05714117
Egypt,61525,65835,Alamn,2018,0.069672376,0.070114754
Egypt,61525,65835,Alamn,2019,0.057156853,0.057599235
Egypt,61525,65835,Alamn,2020,0.055040587,0.055482965
Egypt,61525,65835,Alamn,2021,0.063826114,0.0642685
Egypt,61525,65835,Alamn,2022,0.065801576,0.066243954
Egypt,61525,65835,Alamn,2023,0.0735167,0.073959075
Egypt,61525,65835,Alamn,2024,0.08295055,0.08339292
Egypt,61525,65837,Daba,2015,0.22332078,0.2173864
Egypt,61525,65837,Daba,2016,0.21770804,0.21269548
Egypt,61525,65837,Daba,2017,0.21657786,0.21157047
Egypt,61525,65837,Daba,2018,0.22781667,0.2211264
Egypt,61525,65837,Daba,2019,0.20217589,0.19750404
Egypt,61525,65837,Daba,2020,0.23262726,0.22514111
Egypt,61525,65837,Daba,2021,0.22325724,0.2169065
Egypt,61525,65837,Daba,2022,0.20431235,0.1995914
Egypt,61525,65837,Daba,2023,0.18180884,0.17982191
Egypt,61525,65837,Daba,2024,0.15760309,0.16291617
Egypt,61525,65838,Marsa Matruh,2015,0.22013927,0.2117492
Egypt,61525,65838,Marsa Matruh,2016,0.23071715,0.2219412
Egypt,61525,65838,Marsa Matruh,2017,0.21142313,0.20228241
Egypt,61525,65838,Marsa Matruh,2018,0.21873546,0.20779595
Egypt,61525,65838,Marsa Matruh,2019,0.21850541,0.2090849
Egypt,61525,65838,Marsa Matruh,2020,0.2201218,0.20914674
Egypt,61525,65838,Marsa Matruh,2021,0.21835446,0.20710155
Egypt,61525,65838,Marsa Matruh,2022,0.21804816,0.20842513
Egypt,61525,65838,Marsa Matruh,2023,0.22212434,0.21061155
Egypt,61525,65838,Marsa Matruh,2024,0.22436821,0.21301594
Egypt,61525,65840,Salloum,2015,0.14949839,0.14041147
Egypt,61525,65840,Salloum,2016,0.15249234,0.14905354
Egypt,61525,65840,Salloum,2017,0.14420234,0.13951948
Egypt,61525,65840,Salloum,2018,0.14143457,0.14271268
Egypt,61525,65840,Salloum,2019,0.1321122,0.1275389
Egypt,61525,65840,Salloum,2020,0.1350256,0.13421398
Egypt,61525,65840,Salloum,2021,0.1451636,0.14109352
Egypt,61525,65840,Salloum,2022,0.14537773,0.14065829
Egypt,61525,65840,Salloum,2023,0.13753125,0.13502996
Egypt,61525,65840,Salloum,2024,0.14125136,0.1389642
Egypt,61525,65841,Sidi Barani,2015,0.23919466,0.19385692
Egypt,61525,65841,Sidi Barani,2016,0.24223837,0.1739637
Egypt,61525,65841,Sidi Barani,2017,0.23225889,0.18591903
Egypt,61525,65841,Sidi Barani,2018,0.26479244,0.19821456
Egypt,61525,65841,Sidi Barani,2019,0.2549958,0.19314764
Egypt,61525,65841,Sidi Barani,2020,0.28248554,0.2232827
Egypt,61525,65841,Sidi Barani,2021,0.26148838,0.23711625
Egypt,61525,65841,Sidi Barani,2022,0.23935431,0.2214222
Egypt,61525,65841,Sidi Barani,2023,0.25996834,0.23660386
Egypt,61525,65841,Sidi Barani,2024,0.29089618,0.24080512
Egypt,61525,65842,Siwa,2015,0.31606483,0.28902757
Egypt,61525,65842,Siwa,2016,0.32700858,0.29612887
Egypt,61525,65842,Siwa,2017,0.30562422,0.27288687
Egypt,61525,65842,Siwa,2018,0.34239003,0.3100105
Egypt,61525,65842,Siwa,2019,0.28643855,0.2524515
Egypt,61525,65842,Siwa,2020,0.32408658,0.29081315
Egypt,61525,65842,Siwa,2021,0.30792582,0.27093297
Egypt,61525,65842,Siwa,2022,0.28899968,0.24509421
Egypt,61525,65842,Siwa,2023,0.32047766,0.27865195
Egypt,61525,65842,Siwa,2024,0.33808702,0.30726752
Egypt,61526,65843,Kesm Al-minya,2015,0.027131116,0.029285973
Egypt,61526,65843,Kesm Al-minya,2016,0.027131116,0.029027868
Egypt,61526,65843,Kesm Al-minya,2017,0.027131116,0.029027868
Egypt,61526,65843,Kesm Al-minya,2018,0.028534835,0.03043159
Egypt,61526,65843,Kesm Al-minya,2019,0.027131116,0.029027868
Egypt,61526,65843,Kesm Al-minya,2020,0.028772255,0.030927114
Egypt,61526,65843,Kesm Al-minya,2021,0.027131116,0.029285973
Egypt,61526,65843,Kesm Al-minya,2022,0.027131116,0.029285973
Egypt,61526,65843,Kesm Al-minya,2023,0.030302688,0.033054803
Egypt,61526,65843,Kesm Al-minya,2024,0.029420337,0.033054803
Egypt,61526,65845,Kesm Mallawi,2015,0.06594885,0.050970055
Egypt,61526,65845,Kesm Mallawi,2016,0.06594885,0.050970055
Egypt,61526,65845,Kesm Mallawi,2017,0.06594885,0.050970055
Egypt,61526,65845,Kesm Mallawi,2018,0.064381935,0.049403146
Egypt,61526,65845,Kesm Mallawi,2019,0.06594885,0.050970055
Egypt,61526,65845,Kesm Mallawi,2020,0.06992807,0.05494927
Egypt,61526,65845,Kesm Mallawi,2021,0.06460698,0.04962818
Egypt,61526,65845,Kesm Mallawi,2022,0.061600838,0.04962818
Egypt,61526,65845,Kesm Mallawi,2023,0.06992807,0.05494927
Egypt,61526,65845,Kesm Mallawi,2024,0.0715983,0.056619495
Egypt,61526,65846,Markz Abu Qurqas,2015,0.038245477,0.02334968
Egypt,61526,65846,Markz Abu Qurqas,2016,0.046180632,0.03394711
Egypt,61526,65846,Markz Abu Qurqas,2017,0.03725263,0.024187528
Egypt,61526,65846,Markz Abu Qurqas,2018,0.03924779,0.02811328
Egypt,61526,65846,Markz Abu Qurqas,2019,0.03362114,0.023056252
Egypt,61526,65846,Markz Abu Qurqas,2020,0.04150378,0.026925016
Egypt,61526,65846,Markz Abu Qurqas,2021,0.040003754,0.026034152
Egypt,61526,65846,Markz Abu Qurqas,2022,0.034010023,0.023398668
Egypt,61526,65846,Markz Abu Qurqas,2023,0.056447916,0.0358354
Egypt,61526,65846,Markz Abu Qurqas,2024,0.076960534,0.036408514
Egypt,61526,65848,Markz Al Idwa,2015,0.13457054,0.08716101
Egypt,61526,65848,Markz Al Idwa,2016,0.12503567,0.085654855
Egypt,61526,65848,Markz Al Idwa,2017,0.098515056,0.061860356
Egypt,61526,65848,Markz Al Idwa,2018,0.113361895,0.08390806
Egypt,61526,65848,Markz Al Idwa,2019,0.07707375,0.05805708
Egypt,61526,65848,Markz Al Idwa,2020,0.111545786,0.071633816
Egypt,61526,65848,Markz Al Idwa,2021,0.09640318,0.07629524
Egypt,61526,65848,Markz Al Idwa,2022,0.08025962,0.051827915
Egypt,61526,65848,Markz Al Idwa,2023,0.09932859,0.07282819
Egypt,61526,65848,Markz Al Idwa,2024,0.08143372,0.072606295
Egypt,61526,65849,Markz Al Minya,2015,0.07432307,0.06399332
Egypt,61526,65849,Markz Al Minya,2016,0.0719479,0.062100474
Egypt,61526,65849,Markz Al Minya,2017,0.061498124,0.04952244
Egypt,61526,65849,Markz Al Minya,2018,0.0724561,0.062608674
Egypt,61526,65849,Markz Al Minya,2019,0.07080461,0.060957182
Egypt,61526,65849,Markz Al Minya,2020,0.07386348,0.06212952
Egypt,61526,65849,Markz Al Minya,2021,0.07209511,0.06224767
Egypt,61526,65849,Markz Al Minya,2022,0.05767788,0.045702197
Egypt,61526,65849,Markz Al Minya,2023,0.08175064,0.06977492
Egypt,61526,65849,Markz Al Minya,2024,0.07347053,0.0636231
Egypt,61526,65850,Markz Bani Mazar,2015,0.07051809,0.05718609
Egypt,61526,65850,Markz Bani Mazar,2016,0.07799559,0.064548425
Egypt,61526,65850,Markz Bani Mazar,2017,0.06859307,0.0515565
Egypt,61526,65850,Markz Bani Mazar,2018,0.07162271,0.054606676
Egypt,61526,65850,Markz Bani Mazar,2019,0.06483587,0.051469717
Egypt,61526,65850,Markz Bani Mazar,2020,0.070476025,0.054217555
Egypt,61526,65850,Markz Bani Mazar,2021,0.0705425,0.054827712
Egypt,61526,65850,Markz Bani Mazar,2022,0.06799363,0.05195925
Egypt,61526,65850,Markz Bani Mazar,2023,0.08892344,0.05508439
Egypt,61526,65850,Markz Bani Mazar,2024,0.10420092,0.063275166
Egypt,61526,65852,Markz Dir Mawas,2015,0.06766855,0.027845312
Egypt,61526,65852,Markz Dir Mawas,2016,0.06821093,0.029218948
Egypt,61526,65852,Markz Dir Mawas,2017,0.042047624,0.023386108
Egypt,61526,65852,Markz Dir Mawas,2018,0.035968266,0.023649622
Egypt,61526,65852,Markz Dir Mawas,2019,0.036999315,0.020214977
Egypt,61526,65852,Markz Dir Mawas,2020,0.058106698,0.02881578
Egypt,61526,65852,Markz Dir Mawas,2021,0.04831658,0.024480177
Egypt,61526,65852,Markz Dir Mawas,2022,0.06015327,0.025587697
Egypt,61526,65852,Markz Dir Mawas,2023,0.059435062,0.023667494
Egypt,61526,65852,Markz Dir Mawas,2024,0.07509461,0.02789385
Egypt,61526,65854,Markz Maghagha,2015,0.06973287,0.05636418
Egypt,61526,65854,Markz Maghagha,2016,0.08321002,0.07220288
Egypt,61526,65854,Markz Maghagha,2017,0.07150936,0.057839975
Egypt,61526,65854,Markz Maghagha,2018,0.0715738,0.057904415
Egypt,61526,65854,Markz Maghagha,2019,0.06749675,0.051761422
Egypt,61526,65854,Markz Maghagha,2020,0.0730985,0.060650747
Egypt,61526,65854,Markz Maghagha,2021,0.07134434,0.058654867
Egypt,61526,65854,Markz Maghagha,2022,0.068090014,0.05231951
Egypt,61526,65854,Markz Maghagha,2023,0.09542756,0.059835516
Egypt,61526,65854,Markz Maghagha,2024,0.101219006,0.07861248
Egypt,61526,65855,Markz Mallawi,2015,0.038914952,0.026788691
Egypt,61526,65855,Markz Mallawi,2016,0.052334685,0.03885961
Egypt,61526,65855,Markz Mallawi,2017,0.045311548,0.03318528
Egypt,61526,65855,Markz Mallawi,2018,0.047713354,0.034808997
Egypt,61526,65855,Markz Mallawi,2019,0.042992335,0.030087978
Egypt,61526,65855,Markz Mallawi,2020,0.042800568,0.031255785
Egypt,61526,65855,Markz Mallawi,2021,0.049017116,0.03611276
Egypt,61526,65855,Markz Mallawi,2022,0.041558813,0.029126383
Egypt,61526,65855,Markz Mallawi,2023,0.047085684,0.03418133
Egypt,61526,65855,Markz Mallawi,2024,0.055092726,0.04218836
Egypt,61526,65857,Markz Matay,2015,0.16041386,0.09709508
Egypt,61526,65857,Markz Matay,2016,0.16503999,0.11107826
Egypt,61526,65857,Markz Matay,2017,0.14751133,0.09507057
Egypt,61526,65857,Markz Matay,2018,0.15156639,0.10020927
Egypt,61526,65857,Markz Matay,2019,0.12930226,0.09611363
Egypt,61526,65857,Markz Matay,2020,0.13193199,0.082751885
Egypt,61526,65857,Markz Matay,2021,0.1162554,0.10241271
Egypt,61526,65857,Markz Matay,2022,0.108414225,0.06901006
Egypt,61526,65857,Markz Matay,2023,0.14105238,0.0912579
Egypt,61526,65857,Markz Matay,2024,0.16479476,0.10347199
Egypt,61526,65862,Markz Samalut,2015,0.05562971,0.053990316
Egypt,61526,65862,Markz Samalut,2016,0.057779983,0.056140598
Egypt,61526,65862,Markz Samalut,2017,0.06423126,0.054467186
Egypt,61526,65862,Markz Samalut,2018,0.066353075,0.05610668
Egypt,61526,65862,Markz Samalut,2019,0.06492982,0.05516575
Egypt,61526,65862,Markz Samalut,2020,0.057137933,0.05549854
Egypt,61526,65862,Markz Samalut,2021,0.06548963,0.055725556
Egypt,61526,65862,Markz Samalut,2022,0.056704834,0.04904928
Egypt,61526,65862,Markz Samalut,2023,0.07060032,0.06306062
Egypt,61526,65862,Markz Samalut,2024,0.07357042,0.06458755
Egypt,61526,65865,New Minya,2015,0.039563876,0.039563876
Egypt,61526,65865,New Minya,2016,0.039563876,0.039563876
Egypt,61526,65865,New Minya,2017,0.039579425,0.039579425
Egypt,61526,65865,New Minya,2018,0.03744848,0.03744848
Egypt,61526,65865,New Minya,2019,0.03744848,0.03744848
Egypt,61526,65865,New Minya,2020,0.039163083,0.039163083
Egypt,61526,65865,New Minya,2021,0.032790583,0.032790583
Egypt,61526,65865,New Minya,2022,0.033149358,0.033149358
Egypt,61526,65865,New Minya,2023,0.033094596,0.033094596
Egypt,61526,65865,New Minya,2024,0.030378483,0.030378483
Egypt,61526,65866,Zemam Out,2015,0.25152522,0.24694502
Egypt,61526,65866,Zemam Out,2016,0.25555477,0.25265232
Egypt,61526,65866,Zemam Out,2017,0.2504369,0.24480268
Egypt,61526,65866,Zemam Out,2018,0.26256362,0.25705683
Egypt,61526,65866,Zemam Out,2019,0.24373329,0.23899353
Egypt,61526,65866,Zemam Out,2020,0.2762292,0.27059633
Egypt,61526,65866,Zemam Out,2021,0.24739802,0.24097514
Egypt,61526,65866,Zemam Out,2022,0.2296837,0.21994808
Egypt,61526,65866,Zemam Out,2023,0.23946446,0.23030838
Egypt,61526,65866,Zemam Out,2024,0.24788988,0.24162602
Egypt,61527,65872,Al-Bagur,2015,0.10889227,0.02198505
Egypt,61527,65872,Al-Bagur,2016,0.10460076,0.021516595
Egypt,61527,65872,Al-Bagur,2017,0.096538246,0.023680327
Egypt,61527,65872,Al-Bagur,2018,0.095719695,0.023375439
Egypt,61527,65872,Al-Bagur,2019,0.10023682,0.025680702
Egypt,61527,65872,Al-Bagur,2020,0.07130359,0.017914861
Egypt,61527,65872,Al-Bagur,2021,0.08988072,0.022906002
Egypt,61527,65872,Al-Bagur,2022,0.07391706,0.024700744
Egypt,61527,65872,Al-Bagur,2023,0.076025285,0.024843622
Egypt,61527,65872,Al-Bagur,2024,0.091359735,0.028288236
Egypt,61527,65873,Al-Shuhada,2015,0.13759534,0.053519193
Egypt,61527,65873,Al-Shuhada,2016,0.1352561,0.053519193
Egypt,61527,65873,Al-Shuhada,2017,0.13809124,0.052587643
Egypt,61527,65873,Al-Shuhada,2018,0.13588677,0.050850082
Egypt,61527,65873,Al-Shuhada,2019,0.14813995,0.054741018
Egypt,61527,65873,Al-Shuhada,2020,0.15453291,0.049854245
Egypt,61527,65873,Al-Shuhada,2021,0.14667737,0.05165186
Egypt,61527,65873,Al-Shuhada,2022,0.15075018,0.04985946
Egypt,61527,65873,Al-Shuhada,2023,0.16406709,0.070756026
Egypt,61527,65873,Al-Shuhada,2024,0.16980708,0.099182084
Egypt,61527,65874,Ashmun,2015,0.12695448,0.03135834
Egypt,61527,65874,Ashmun,2016,0.12916976,0.031692322
Egypt,61527,65874,Ashmun,2017,0.12351371,0.03438348
Egypt,61527,65874,Ashmun,2018,0.10876966,0.031158812
Egypt,61527,65874,Ashmun,2019,0.1321,0.03438348
Egypt,61527,65874,Ashmun,2020,0.098918386,0.03133964
Egypt,61527,65874,Ashmun,2021,0.10507075,0.036753546
Egypt,61527,65874,Ashmun,2022,0.07544591,0.034693327
Egypt,61527,65874,Ashmun,2023,0.08050395,0.033923347
Egypt,61527,65874,Ashmun,2024,0.10440767,0.03513125
Egypt,61527,65875,Birkat Al-Sab,2015,0.041144826,0.030120136
Egypt,61527,65875,Birkat Al-Sab,2016,0.04754037,0.02638702
Egypt,61527,65875,Birkat Al-Sab,2017,0.052187603,0.02638702
Egypt,61527,65875,Birkat Al-Sab,2018,0.039410956,0.018486742
Egypt,61527,65875,Birkat Al-Sab,2019,0.065172054,0.02537386
Egypt,61527,65875,Birkat Al-Sab,2020,0.079923615,0.023921581
Egypt,61527,65875,Birkat Al-Sab,2021,0.07609947,0.024794288
Egypt,61527,65875,Birkat Al-Sab,2022,0.07832289,0.025822261
Egypt,61527,65875,Birkat Al-Sab,2023,0.09729035,0.026714753
Egypt,61527,65875,Birkat Al-Sab,2024,0.10170799,0.026279802
Egypt,61527,65876,Minuf,2015,0.09737922,0.055527207
Egypt,61527,65876,Minuf,2016,0.09868796,0.048124354
Egypt,61527,65876,Minuf,2017,0.07793413,0.04598336
Egypt,61527,65876,Minuf,2018,0.08953993,0.051281482
Egypt,61527,65876,Minuf,2019,0.0889637,0.054725796
Egypt,61527,65876,Minuf,2020,0.109028414,0.046564635
Egypt,61527,65876,Minuf,2021,0.09359165,0.049343105
Egypt,61527,65876,Minuf,2022,0.109277904,0.043179374
Egypt,61527,65876,Minuf,2023,0.11662817,0.04543312
Egypt,61527,65876,Minuf,2024,0.1335641,0.04392753
Egypt,61527,65877,Minuf City,2015,0.054170903,0.039192457
Egypt,61527,65877,Minuf City,2016,0.054228317,0.03960149
Egypt,61527,65877,Minuf City,2017,0.05400713,0.038546562
Egypt,61527,65877,Minuf City,2018,0.056072515,0.04144569
Egypt,61527,65877,Minuf City,2019,0.056530457,0.041552022
Egypt,61527,65877,Minuf City,2020,0.056312654,0.04133422
Egypt,61527,65877,Minuf City,2021,0.056370072,0.03889138
Egypt,61527,65877,Minuf City,2022,0.055666033,0.038484868
Egypt,61527,65877,Minuf City,2023,0.07172684,0.05821695
Egypt,61527,65877,Minuf City,2024,0.0735069,0.05602819
Egypt,61527,65879,Quwisna,2015,0.02126522,0.0071857427
Egypt,61527,65879,Quwisna,2016,0.022454007,0.007892209
Egypt,61527,65879,Quwisna,2017,0.023995854,0.007903897
Egypt,61527,65879,Quwisna,2018,0.028083023,0.009537318
Egypt,61527,65879,Quwisna,2019,0.024391275,0.008299317
Egypt,61527,65879,Quwisna,2020,0.024801087,0.008397865
Egypt,61527,65879,Quwisna,2021,0.022662014,0.008100217
Egypt,61527,65879,Quwisna,2022,0.024489822,0.008397865
Egypt,61527,65879,Quwisna,2023,0.02253228,0.008452808
Egypt,61527,65879,Quwisna,2024,0.025855094,0.010059108
Egypt,61527,65888,Sadat City,2015,0.018734911,0.01146226
Egypt,61527,65888,Sadat City,2016,0.021510411,0.014097002
Egypt,61527,65888,Sadat City,2017,0.017583797,0.010311149
Egypt,61527,65888,Sadat City,2018,0.020441828,0.01299669
Egypt,61527,65888,Sadat City,2019,0.017924437,0.010479293
Egypt,61527,65888,Sadat City,2020,0.01983495,0.012389809
Egypt,61527,65888,Sadat City,2021,0.01807071,0.010625567
Egypt,61527,65888,Sadat City,2022,0.015312529,0.0080398815
Egypt,61527,65888,Sadat City,2023,0.01807071,0.010297375
Egypt,61527,65888,Sadat City,2024,0.018856995,0.011083661
Egypt,61527,65889,Shibin al-Kum,2015,0.022196695,0.007982218
Egypt,61527,65889,Shibin al-Kum,2016,0.023967423,0.008036426
Egypt,61527,65889,Shibin al-Kum,2017,0.021915177,0.007700696
Egypt,61527,65889,Shibin al-Kum,2018,0.025147086,0.008957005
Egypt,61527,65889,Shibin al-Kum,2019,0.025482588,0.011905709
Egypt,61527,65889,Shibin al-Kum,2020,0.02586431,0.009933321
Egypt,61527,65889,Shibin al-Kum,2021,0.024396706,0.008465713
Egypt,61527,65889,Shibin al-Kum,2022,0.0271685,0.012954023
Egypt,61527,65889,Shibin al-Kum,2023,0.029943828,0.014012833
Egypt,61527,65889,Shibin al-Kum,2024,0.032239858,0.016308868
Egypt,61527,65891,Sirs Al-Layyana City,2015,0.057704188,0.03476994
Egypt,61527,65891,Sirs Al-Layyana City,2016,0.058064938,0.03505745
Egypt,61527,65891,Sirs Al-Layyana City,2017,0.057278648,0.03489645
Egypt,61527,65891,Sirs Al-Layyana City,2018,0.066408455,0.045427397
Egypt,61527,65891,Sirs Al-Layyana City,2019,0.06570052,0.045900628
Egypt,61527,65891,Sirs Al-Layyana City,2020,0.11521249,0.047226045
Egypt,61527,65891,Sirs Al-Layyana City,2021,0.09595642,0.0486268
Egypt,61527,65891,Sirs Al-Layyana City,2022,0.11128864,0.043427445
Egypt,61527,65891,Sirs Al-Layyana City,2023,0.082121275,0.050905794
Egypt,61527,65891,Sirs Al-Layyana City,2024,0.074950926,0.04885544
Egypt,61527,65894,Tala,2015,0.102531895,0.04622604
Egypt,61527,65894,Tala,2016,0.098741025,0.048815455
Egypt,61527,65894,Tala,2017,0.09646431,0.045608737
Egypt,61527,65894,Tala,2018,0.09741403,0.045504086
Egypt,61527,65894,Tala,2019,0.1279708,0.051646467
Egypt,61527,65894,Tala,2020,0.13826597,0.04322719
Egypt,61527,65894,Tala,2021,0.12702785,0.043572508
Egypt,61527,65894,Tala,2022,0.1354981,0.04501959
Egypt,61527,65894,Tala,2023,0.15920691,0.08330411
Egypt,61527,65894,Tala,2024,0.1678777,0.11993866
Egypt,61528,65896,A-Dakhla Oasis,2015,0.2750588,0.24400069
Egypt,61528,65896,A-Dakhla Oasis,2016,0.29624805,0.26987273
Egypt,61528,65896,A-Dakhla Oasis,2017,0.25814483,0.23125413
Egypt,61528,65896,A-Dakhla Oasis,2018,0.2949642,0.26434764
Egypt,61528,65896,A-Dakhla Oasis,2019,0.2581588,0.23627412
Egypt,61528,65896,A-Dakhla Oasis,2020,0.27023914,0.23498058
Egypt,61528,65896,A-Dakhla Oasis,2021,0.26871628,0.23949306
Egypt,61528,65896,A-Dakhla Oasis,2022,0.23091093,0.1909158
Egypt,61528,65896,A-Dakhla Oasis,2023,0.279715,0.22260758
Egypt,61528,65896,A-Dakhla Oasis,2024,0.32116288,0.25646886
Egypt,61528,65897,Al-Kharga Oasis,2015,0.25624266,0.24465325
Egypt,61528,65897,Al-Kharga Oasis,2016,0.26228422,0.24321063
Egypt,61528,65897,Al-Kharga Oasis,2017,0.2357026,0.21276446
Egypt,61528,65897,Al-Kharga Oasis,2018,0.2915877,0.27059343
Egypt,61528,65897,Al-Kharga Oasis,2019,0.25055128,0.22766975
Egypt,61528,65897,Al-Kharga Oasis,2020,0.2676703,0.24921596
Egypt,61528,65897,Al-Kharga Oasis,2021,0.27594513,0.25443506
Egypt,61528,65897,Al-Kharga Oasis,2022,0.20708534,0.1812559
Egypt,61528,65897,Al-Kharga Oasis,2023,0.27346802,0.24995339
Egypt,61528,65897,Al-Kharga Oasis,2024,0.2872421,0.26592207
Egypt,61528,65898,Al Farafra Oasis,2015,0.2805683,0.28357977
Egypt,61528,65898,Al Farafra Oasis,2016,0.32832122,0.33614588
Egypt,61528,65898,Al Farafra Oasis,2017,0.27933753,0.27802226
Egypt,61528,65898,Al Farafra Oasis,2018,0.30351773,0.29148915
Egypt,61528,65898,Al Farafra Oasis,2019,0.2763024,0.25792524
Egypt,61528,65898,Al Farafra Oasis,2020,0.29411423,0.27964824
Egypt,61528,65898,Al Farafra Oasis,2021,0.28092572,0.26660913
Egypt,61528,65898,Al Farafra Oasis,2022,0.25417748,0.22405413
Egypt,61528,65898,Al Farafra Oasis,2023,0.256634,0.2271491
Egypt,61528,65898,Al Farafra Oasis,2024,0.28298178,0.2590071
Egypt,61529,65905,Al-Hasna,2015,0.1525809,0.15408882
Egypt,61529,65905,Al-Hasna,2016,0.15018904,0.15346473
Egypt,61529,65905,Al-Hasna,2017,0.13060315,0.13060315
Egypt,61529,65905,Al-Hasna,2018,0.12326926,0.12326926
Egypt,61529,65905,Al-Hasna,2019,0.119544305,0.119544305
Egypt,61529,65905,Al-Hasna,2020,0.12030216,0.12030216
Egypt,61529,65905,Al-Hasna,2021,0.12030216,0.12030216
Egypt,61529,65905,Al-Hasna,2022,0.12023759,0.1238562
Egypt,61529,65905,Al-Hasna,2023,0.12023759,0.12023759
Egypt,61529,65905,Al-Hasna,2024,0.120719306,0.12420188
Egypt,61529,65907,Bir Al-Abd,2015,0.14915143,0.14020164
Egypt,61529,65907,Bir Al-Abd,2016,0.15021278,0.13877384
Egypt,61529,65907,Bir Al-Abd,2017,0.14116152,0.13017291
Egypt,61529,65907,Bir Al-Abd,2018,0.15421581,0.14378765
Egypt,61529,65907,Bir Al-Abd,2019,0.13823311,0.13048051
Egypt,61529,65907,Bir Al-Abd,2020,0.14273681,0.13486688
Egypt,61529,65907,Bir Al-Abd,2021,0.12921023,0.123702474
Egypt,61529,65907,Bir Al-Abd,2022,0.13310398,0.12641057
Egypt,61529,65907,Bir Al-Abd,2023,0.14885168,0.13987967
Egypt,61529,65907,Bir Al-Abd,2024,0.16202761,0.15215933
Egypt,61529,65913,El Arish 1,2015,0.023943728,0.023817025
Egypt,61529,65913,El Arish 1,2016,0.022550756,0.022424048
Egypt,61529,65913,El Arish 1,2017,0.02305097,0.02305097
Egypt,61529,65913,El Arish 1,2018,0.02238444,0.02238444
Egypt,61529,65913,El Arish 1,2019,0.022454746,0.022328043
Egypt,61529,65913,El Arish 1,2020,0.026046013,0.025919309
Egypt,61529,65913,El Arish 1,2021,0.026207559,0.026207559
Egypt,61529,65913,El Arish 1,2022,0.025112413,0.024985706
Egypt,61529,65913,El Arish 1,2023,0.02736148,0.02736148
Egypt,61529,65913,El Arish 1,2024,0.027046237,0.027046237
Egypt,61529,65914,El Arish 2,2015,0.04989824,0.04989824
Egypt,61529,65914,El Arish 2,2016,0.040925607,0.040925607
Egypt,61529,65914,El Arish 2,2017,0.03894728,0.03894728
Egypt,61529,65914,El Arish 2,2018,0.04994837,0.04994837
Egypt,61529,65914,El Arish 2,2019,0.038554862,0.038554862
Egypt,61529,65914,El Arish 2,2020,0.05310829,0.05350709
Egypt,61529,65914,El Arish 2,2021,0.049717076,0.049717076
Egypt,61529,65914,El Arish 2,2022,0.041062675,0.041062675
Egypt,61529,65914,El Arish 2,2023,0.040256638,0.040256638
Egypt,61529,65914,El Arish 2,2024,0.04291341,0.04291341
Egypt,61529,65922,El Arish 3,2015,0.13639103,0.13106209
Egypt,61529,65922,El Arish 3,2016,0.15122879,0.13929792
Egypt,61529,65922,El Arish 3,2017,0.07982066,0.08618533
Egypt,61529,65922,El Arish 3,2018,0.09409915,0.1073981
Egypt,61529,65922,El Arish 3,2019,0.086018,0.07920515
Egypt,61529,65922,El Arish 3,2020,0.13291885,0.15365571
Egypt,61529,65922,El Arish 3,2021,0.12650117,0.14725514
Egypt,61529,65922,El Arish 3,2022,0.0961404,0.0990804
Egypt,61529,65922,El Arish 3,2023,0.10335789,0.12613231
Egypt,61529,65922,El Arish 3,2024,0.1428349,0.16332749
Egypt,61529,65925,El Arish 4,2015,0.20840731,0.21673009
Egypt,61529,65925,El Arish 4,2016,0.21810773,0.2248644
Egypt,61529,65925,El Arish 4,2017,0.20081905,0.20906575
Egypt,61529,65925,El Arish 4,2018,0.27513158,0.27926922
Egypt,61529,65925,El Arish 4,2019,0.22429809,0.23181859
Egypt,61529,65925,El Arish 4,2020,0.2321926,0.23435467
Egypt,61529,65925,El Arish 4,2021,0.21399403,0.21131712
Egypt,61529,65925,El Arish 4,2022,0.1818608,0.17943448
Egypt,61529,65925,El Arish 4,2023,0.19744577,0.19226381
Egypt,61529,65925,El Arish 4,2024,0.2308205,0.22546132
Egypt,61529,65927,Nakhl,2015,0.16163173,0.16252151
Egypt,61529,65927,Nakhl,2016,0.16842939,0.1700269
Egypt,61529,65927,Nakhl,2017,0.12504426,0.12868856
Egypt,61529,65927,Nakhl,2018,0.13422556,0.13506809
Egypt,61529,65927,Nakhl,2019,0.14065823,0.1430784
Egypt,61529,65927,Nakhl,2020,0.16510038,0.16626577
Egypt,61529,65927,Nakhl,2021,0.13904555,0.14114892
Egypt,61529,65927,Nakhl,2022,0.1265287,0.12987654
Egypt,61529,65927,Nakhl,2023,0.14393309,0.14486589
Egypt,61529,65927,Nakhl,2024,0.16680104,0.16784507
Egypt,61529,65928,Qasima,2015,0.20107953,0.19980365
Egypt,61529,65928,Qasima,2016,0.21018293,0.2077046
Egypt,61529,65928,Qasima,2017,0.22654945,0.22406772
Egypt,61529,65928,Qasima,2018,0.21928683,0.21747974
Egypt,61529,65928,Qasima,2019,0.2157351,0.21300177
Egypt,61529,65928,Qasima,2020,0.24141315,0.23875737
Egypt,61529,65928,Qasima,2021,0.20719796,0.20492557
Egypt,61529,65928,Qasima,2022,0.21333575,0.2118583
Egypt,61529,65928,Qasima,2023,0.20677614,0.20527752
Egypt,61529,65928,Qasima,2024,0.19511399,0.19299664
Egypt,61529,65929,Rafah,2015,0.054860063,0.04139962
Egypt,61529,65929,Rafah,2016,0.05763392,0.04442428
Egypt,61529,65929,Rafah,2017,0.082412526,0.07664577
Egypt,61529,65929,Rafah,2018,0.10704469,0.09458506
Egypt,61529,65929,Rafah,2019,0.07678808,0.07962634
Egypt,61529,65929,Rafah,2020,0.093896,0.08785009
Egypt,61529,65929,Rafah,2021,0.03461331,0.035609365
Egypt,61529,65929,Rafah,2022,0.022597268,0.023710059
Egypt,61529,65929,Rafah,2023,0.032220617,0.033216666
Egypt,61529,65929,Rafah,2024,0.037247192,0.03824325
Egypt,61529,65931,Rummana,2015,0.079158984,0.09606418
Egypt,61529,65931,Rummana,2016,0.077229016,0.09113353
Egypt,61529,65931,Rummana,2017,0.07187612,0.08099337
Egypt,61529,65931,Rummana,2018,0.099135414,0.117551036
Egypt,61529,65931,Rummana,2019,0.073959164,0.08132539
Egypt,61529,65931,Rummana,2020,0.094511956,0.10787726
Egypt,61529,65931,Rummana,2021,0.07226696,0.07371939
Egypt,61529,65931,Rummana,2022,0.0672148,0.058225907
Egypt,61529,65931,Rummana,2023,0.08395017,0.0782846
Egypt,61529,65931,Rummana,2024,0.098660804,0.09674032
Egypt,61529,65932,Shaykh Zuwayd,2015,0.13542715,0.13916387
Egypt,61529,65932,Shaykh Zuwayd,2016,0.1499399,0.15631235
Egypt,61529,65932,Shaykh Zuwayd,2017,0.1436549,0.14647004
Egypt,61529,65932,Shaykh Zuwayd,2018,0.1622601,0.16522375
Egypt,61529,65932,Shaykh Zuwayd,2019,0.14875382,0.15377161
Egypt,61529,65932,Shaykh Zuwayd,2020,0.16344701,0.1676407
Egypt,61529,65932,Shaykh Zuwayd,2021,0.15603925,0.1597149
Egypt,61529,65932,Shaykh Zuwayd,2022,0.13901053,0.14023134
Egypt,61529,65932,Shaykh Zuwayd,2023,0.14071447,0.13737501
Egypt,61529,65932,Shaykh Zuwayd,2024,0.14350253,0.14209327
Egypt,61530,65933,Al-Arab,2015,0.08336533,0.08336533
Egypt,61530,65933,Al-Arab,2016,0.08336533,0.08336533
Egypt,61530,65933,Al-Arab,2017,0.083013766,0.083013766
Egypt,61530,65933,Al-Arab,2018,0.08336533,0.08336533
Egypt,61530,65933,Al-Arab,2019,0.08239493,0.08239493
Egypt,61530,65933,Al-Arab,2020,0.08341717,0.08341717
Egypt,61530,65933,Al-Arab,2021,0.08336533,0.08336533
Egypt,61530,65933,Al-Arab,2022,0.08092124,0.08092124
Egypt,61530,65933,Al-Arab,2023,0.08341717,0.08341717
Egypt,61530,65933,Al-Arab,2024,0.083622284,0.083622284
Egypt,61530,65935,Al-Dawahy,2015,0.0842967,0.0842967
Egypt,61530,65935,Al-Dawahy,2016,0.08581808,0.08581808
Egypt,61530,65935,Al-Dawahy,2017,0.084775224,0.084775224
Egypt,61530,65935,Al-Dawahy,2018,0.08732953,0.08732953
Egypt,61530,65935,Al-Dawahy,2019,0.08290227,0.08290227
Egypt,61530,65935,Al-Dawahy,2020,0.0842967,0.0842967
Egypt,61530,65935,Al-Dawahy,2021,0.08581808,0.08581808
Egypt,61530,65935,Al-Dawahy,2022,0.08080972,0.08080972
Egypt,61530,65935,Al-Dawahy,2023,0.0842967,0.0842967
Egypt,61530,65935,Al-Dawahy,2024,0.08455366,0.08455366
Egypt,61530,65939,Al-Ganoub,2015,0.27961326,0.15389848
Egypt,61530,65939,Al-Ganoub,2016,0.2605164,0.120714724
Egypt,61530,65939,Al-Ganoub,2017,0.24326836,0.07776144
Egypt,61530,65939,Al-Ganoub,2018,0.2526336,0.079237945
Egypt,61530,65939,Al-Ganoub,2019,0.24563086,0.07749165
Egypt,61530,65939,Al-Ganoub,2020,0.24768929,0.076194555
Egypt,61530,65939,Al-Ganoub,2021,0.22969085,0.074814744
Egypt,61530,65939,Al-Ganoub,2022,0.22296664,0.07370426
Egypt,61530,65939,Al-Ganoub,2023,0.21391833,0.0743525
Egypt,61530,65939,Al-Ganoub,2024,0.22309601,0.0743525
Egypt,61530,65940,Al-Ganoub 2,2015,0.28098756,0.19222058
Egypt,61530,65940,Al-Ganoub 2,2016,0.27435923,0.1801124
Egypt,61530,65940,Al-Ganoub 2,2017,0.2724728,0.1755983
Egypt,61530,65940,Al-Ganoub 2,2018,0.26560122,0.14904946
Egypt,61530,65940,Al-Ganoub 2,2019,0.26327926,0.16070914
Egypt,61530,65940,Al-Ganoub 2,2020,0.27133083,0.1579949
Egypt,61530,65940,Al-Ganoub 2,2021,0.25534904,0.13189933
Egypt,61530,65940,Al-Ganoub 2,2022,0.25585806,0.1510913
Egypt,61530,65940,Al-Ganoub 2,2023,0.26260415,0.15460536
Egypt,61530,65940,Al-Ganoub 2,2024,0.27183807,0.16057879
Egypt,61530,65942,Al-Manasra,2015,0.17137344,0.17137344
Egypt,61530,65942,Al-Manasra,2016,0.1706387,0.1706387
Egypt,61530,65942,Al-Manasra,2017,0.17277545,0.17277545
Egypt,61530,65942,Al-Manasra,2018,0.17469001,0.17469001
Egypt,61530,65942,Al-Manasra,2019,0.16868813,0.16868813
Egypt,61530,65942,Al-Manasra,2020,0.16804983,0.16804983
Egypt,61530,65942,Al-Manasra,2021,0.16764115,0.16764115
Egypt,61530,65942,Al-Manasra,2022,0.16756761,0.16756761
Egypt,61530,65942,Al-Manasra,2023,0.17541215,0.17541215
Egypt,61530,65942,Al-Manasra,2024,0.17544422,0.17544422
Egypt,61530,65944,Al-Munakh,2015,0.052589733,0.052589733
Egypt,61530,65944,Al-Munakh,2016,0.05976035,0.05976035
Egypt,61530,65944,Al-Munakh,2017,0.058144677,0.058144677
Egypt,61530,65944,Al-Munakh,2018,0.05908941,0.05908941
Egypt,61530,65944,Al-Munakh,2019,0.05740404,0.05740404
Egypt,61530,65944,Al-Munakh,2020,0.061306644,0.061306644
Egypt,61530,65944,Al-Munakh,2021,0.05753761,0.05753761
Egypt,61530,65944,Al-Munakh,2022,0.057203624,0.057203624
Egypt,61530,65944,Al-Munakh,2023,0.056016978,0.056016978
Egypt,61530,65944,Al-Munakh,2024,0.05908941,0.05908941
Egypt,61530,65946,Al-Sharq,2015,0.07202468,0.07202468
Egypt,61530,65946,Al-Sharq,2016,0.062556446,0.062556446
Egypt,61530,65946,Al-Sharq,2017,0.07202468,0.07202468
Egypt,61530,65946,Al-Sharq,2018,0.07353611,0.07353611
Egypt,61530,65946,Al-Sharq,2019,0.07491392,0.07491392
Egypt,61530,65946,Al-Sharq,2020,0.07719091,0.07719091
Egypt,61530,65946,Al-Sharq,2021,0.07568994,0.07568994
Egypt,61530,65946,Al-Sharq,2022,0.07324582,0.07324582
Egypt,61530,65946,Al-Sharq,2023,0.07526549,0.07526549
Egypt,61530,65946,Al-Sharq,2024,0.075522445,0.075522445
Egypt,61530,65949,Al-Zohour,2015,0.051893473,0.051893473
Egypt,61530,65949,Al-Zohour,2016,0.05048013,0.05048013
Egypt,61530,65949,Al-Zohour,2017,0.058194943,0.058194943
Egypt,61530,65949,Al-Zohour,2018,0.077362746,0.077362746
Egypt,61530,65949,Al-Zohour,2019,0.058194943,0.058194943
Egypt,61530,65949,Al-Zohour,2020,0.06863492,0.06863492
Egypt,61530,65949,Al-Zohour,2021,0.058451902,0.058451902
Egypt,61530,65949,Al-Zohour,2022,0.057152074,0.057152074
Egypt,61530,65949,Al-Zohour,2023,0.057780962,0.057780962
Egypt,61530,65949,Al-Zohour,2024,0.057757743,0.057757743
Egypt,61530,65951,Mubark-Sharq Tafrea,2015,0.25400984,0.23231435
Egypt,61530,65951,Mubark-Sharq Tafrea,2016,0.22680053,0.1994969
Egypt,61530,65951,Mubark-Sharq Tafrea,2017,0.23805809,0.22334826
Egypt,61530,65951,Mubark-Sharq Tafrea,2018,0.26872694,0.24971373
Egypt,61530,65951,Mubark-Sharq Tafrea,2019,0.22315404,0.1942833
Egypt,61530,65951,Mubark-Sharq Tafrea,2020,0.21913582,0.12342776
Egypt,61530,65951,Mubark-Sharq Tafrea,2021,0.21240312,0.13612811
Egypt,61530,65951,Mubark-Sharq Tafrea,2022,0.20798424,0.11818376
Egypt,61530,65951,Mubark-Sharq Tafrea,2023,0.20415637,0.082749575
Egypt,61530,65951,Mubark-Sharq Tafrea,2024,0.23021758,0.08266378
Egypt,61530,65952,Police Department Port Said Port,2015,0.040659137,0.040659137
Egypt,61530,65952,Police Department Port Said Port,2016,0.03699434,0.03699434
Egypt,61530,65952,Police Department Port Said Port,2017,0.03802191,0.03802191
Egypt,61530,65952,Police Department Port Said Port,2018,0.040648095,0.040648095
Egypt,61530,65952,Police Department Port Said Port,2019,0.037947398,0.037947398
Egypt,61530,65952,Police Department Port Said Port,2020,0.03762553,0.03762553
Egypt,61530,65952,Police Department Port Said Port,2021,0.040659137,0.040659137
Egypt,61530,65952,Police Department Port Said Port,2022,0.040659137,0.040659137
Egypt,61530,65952,Police Department Port Said Port,2023,0.03821917,0.03821917
Egypt,61530,65952,Police Department Port Said Port,2024,0.037785474,0.037785474
Egypt,61530,65953,Port Fuad,2015,0.05013553,0.05013553
Egypt,61530,65953,Port Fuad,2016,0.049913917,0.049913917
Egypt,61530,65953,Port Fuad,2017,0.0504379,0.0504379
Egypt,61530,65953,Port Fuad,2018,0.05013553,0.05013553
Egypt,61530,65953,Port Fuad,2019,0.05013553,0.05013553
Egypt,61530,65953,Port Fuad,2020,0.05013553,0.05013553
Egypt,61530,65953,Port Fuad,2021,0.05013553,0.05013553
Egypt,61530,65953,Port Fuad,2022,0.05013553,0.05013553
Egypt,61530,65953,Port Fuad,2023,0.05013553,0.05013553
Egypt,61530,65953,Port Fuad,2024,0.0504379,0.0504379
Egypt,61530,65958,Port Fuad 2,2015,0.10089641,0.08512417
Egypt,61530,65958,Port Fuad 2,2016,0.09524835,0.09524835
Egypt,61530,65958,Port Fuad 2,2017,0.0951119,0.0951119
Egypt,61530,65958,Port Fuad 2,2018,0.09317283,0.09317283
Egypt,61530,65958,Port Fuad 2,2019,0.09634359,0.09634359
Egypt,61530,65958,Port Fuad 2,2020,0.10609148,0.10609148
Egypt,61530,65958,Port Fuad 2,2021,0.0998698,0.0998698
Egypt,61530,65958,Port Fuad 2,2022,0.10351402,0.10351402
Egypt,61530,65958,Port Fuad 2,2023,0.0960499,0.0960499
Egypt,61530,65958,Port Fuad 2,2024,0.09621229,0.09621229
Egypt,61531,65959,Abu Tisht,2015,0.114072636,0.068644024
Egypt,61531,65959,Abu Tisht,2016,0.1197903,0.07799522
Egypt,61531,65959,Abu Tisht,2017,0.11956401,0.067509115
Egypt,61531,65959,Abu Tisht,2018,0.124256276,0.070739515
Egypt,61531,65959,Abu Tisht,2019,0.11756524,0.07395256
Egypt,61531,65959,Abu Tisht,2020,0.12124889,0.06909776
Egypt,61531,65959,Abu Tisht,2021,0.13153043,0.070490636
Egypt,61531,65959,Abu Tisht,2022,0.11665031,0.079230964
Egypt,61531,65959,Abu Tisht,2023,0.1363849,0.08483696
Egypt,61531,65959,Abu Tisht,2024,0.13783301,0.08378854
Egypt,61531,65963,Al Waqf,2015,0.079260826,0.06381057
Egypt,61531,65963,Al Waqf,2016,0.08329859,0.06882825
Egypt,61531,65963,Al Waqf,2017,0.07555644,0.061471228
Egypt,61531,65963,Al Waqf,2018,0.08209345,0.06792396
Egypt,61531,65963,Al Waqf,2019,0.08257024,0.070293754
Egypt,61531,65963,Al Waqf,2020,0.0813982,0.06952867
Egypt,61531,65963,Al Waqf,2021,0.08216013,0.07029061
Egypt,61531,65963,Al Waqf,2022,0.08715059,0.077228755
Egypt,61531,65963,Al Waqf,2023,0.088169694,0.073893845
Egypt,61531,65963,Al Waqf,2024,0.08302894,0.07056457
Egypt,61531,65966,Armant,2015,0.088071205,0.072106116
Egypt,61531,65966,Armant,2016,0.08911915,0.07391405
Egypt,61531,65966,Armant,2017,0.08911915,0.07391405
Egypt,61531,65966,Armant,2018,0.09871927,0.083594106
Egypt,61531,65966,Armant,2019,0.08336406,0.07118956
Egypt,61531,65966,Armant,2020,0.10073275,0.074671075
Egypt,61531,65966,Armant,2021,0.090830676,0.06115288
Egypt,61531,65966,Armant,2022,0.106808364,0.06462069
Egypt,61531,65966,Armant,2023,0.12295692,0.06579049
Egypt,61531,65966,Armant,2024,0.11412761,0.06423332
Egypt,61531,65973,Dishna,2015,0.05359064,0.038784843
Egypt,61531,65973,Dishna,2016,0.053280417,0.039982527
Egypt,61531,65973,Dishna,2017,0.03976092,0.025996251
Egypt,61531,65973,Dishna,2018,0.0640278,0.04946372
Egypt,61531,65973,Dishna,2019,0.057613637,0.044315767
Egypt,61531,65973,Dishna,2020,0.05317957,0.041633584
Egypt,61531,65973,Dishna,2021,0.054050036,0.03677171
Egypt,61531,65973,Dishna,2022,0.0564389,0.041864086
Egypt,61531,65973,Dishna,2023,0.084812894,0.049662787
Egypt,61531,65973,Dishna,2024,0.086915486,0.04232593
Egypt,61531,65974,Farshut,2015,0.07642804,0.06514303
Egypt,61531,65974,Farshut,2016,0.093772985,0.082710676
Egypt,61531,65974,Farshut,2017,0.08676324,0.075234145
Egypt,61531,65974,Farshut,2018,0.09237507,0.08153365
Egypt,61531,65974,Farshut,2019,0.09430846,0.08322632
Egypt,61531,65974,Farshut,2020,0.09213435,0.080605246
Egypt,61531,65974,Farshut,2021,0.09307464,0.07962007
Egypt,61531,65974,Farshut,2022,0.09472638,0.08448483
Egypt,61531,65974,Farshut,2023,0.104886875,0.09456577
Egypt,61531,65974,Farshut,2024,0.09597398,0.08404026
Egypt,61531,65976,Isna,2015,0.08900682,0.07715363
Egypt,61531,65976,Isna,2016,0.08027983,0.06723075
Egypt,61531,65976,Isna,2017,0.08246768,0.07101384
Egypt,61531,65976,Isna,2018,0.0799389,0.06728919
Egypt,61531,65976,Isna,2019,0.07897427,0.06800276
Egypt,61531,65976,Isna,2020,0.08169183,0.070720315
Egypt,61531,65976,Isna,2021,0.08124795,0.06859821
Egypt,61531,65976,Isna,2022,0.072909765,0.061574873
Egypt,61531,65976,Isna,2023,0.082922146,0.07027241
Egypt,61531,65976,Isna,2024,0.07965923,0.06661016
Egypt,61531,65977,Nag Hammadi,2015,0.05596041,0.04303863
Egypt,61531,65977,Nag Hammadi,2016,0.06241998,0.05057984
Egypt,61531,65977,Nag Hammadi,2017,0.057544462,0.044622682
Egypt,61531,65977,Nag Hammadi,2018,0.06278766,0.05050694
Egypt,61531,65977,Nag Hammadi,2019,0.06006578,0.047903996
Egypt,61531,65977,Nag Hammadi,2020,0.062073354,0.049393293
Egypt,61531,65977,Nag Hammadi,2021,0.06278766,0.05050694
Egypt,61531,65977,Nag Hammadi,2022,0.05777559,0.04569373
Egypt,61531,65977,Nag Hammadi,2023,0.073791265,0.06195112
Egypt,61531,65977,Nag Hammadi,2024,0.07069537,0.05840039
Egypt,61531,65978,Naqada,2015,0.039109923,0.02534746
Egypt,61531,65978,Naqada,2016,0.053369734,0.037680723
Egypt,61531,65978,Naqada,2017,0.036879297,0.023357434
Egypt,61531,65978,Naqada,2018,0.05497908,0.03929006
Egypt,61531,65978,Naqada,2019,0.04787398,0.034593847
Egypt,61531,65978,Naqada,2020,0.04787398,0.034593847
Egypt,61531,65978,Naqada,2021,0.044615168,0.028328903
Egypt,61531,65978,Naqada,2022,0.034604296,0.020600101
Egypt,61531,65978,Naqada,2023,0.04447692,0.02770832
Egypt,61531,65978,Naqada,2024,0.04468258,0.027074076
Egypt,61531,65979,Qift,2015,0.08558205,0.07410621
Egypt,61531,65979,Qift,2016,0.08874696,0.0738799
Egypt,61531,65979,Qift,2017,0.07389576,0.062178217
Egypt,61531,65979,Qift,2018,0.08898438,0.07411732
Egypt,61531,65979,Qift,2019,0.09137653,0.079202004
Egypt,61531,65979,Qift,2020,0.09136541,0.079190895
Egypt,61531,65979,Qift,2021,0.09570165,0.0808346
Egypt,61531,65979,Qift,2022,0.08425188,0.0721963
Egypt,61531,65979,Qift,2023,0.09558409,0.08069719
Egypt,61531,65979,Qift,2024,0.100182846,0.081635214
Egypt,61531,65980,Qina,2015,0.03666738,0.021978075
Egypt,61531,65980,Qina,2016,0.037005384,0.021845525
Egypt,61531,65980,Qina,2017,0.03751029,0.022820987
Egypt,61531,65980,Qina,2018,0.041429013,0.026739726
Egypt,61531,65980,Qina,2019,0.038779907,0.023620062
Egypt,61531,65980,Qina,2020,0.04500819,0.029848346
Egypt,61531,65980,Qina,2021,0.045403805,0.03024396
Egypt,61531,65980,Qina,2022,0.042870995,0.029859925
Egypt,61531,65980,Qina,2023,0.046204202,0.031044364
Egypt,61531,65980,Qina,2024,0.046769936,0.03153017
Egypt,61531,65981,Qina City,2015,0.10382322,0.10429377
Egypt,61531,65981,Qina City,2016,0.10580232,0.10627287
Egypt,61531,65981,Qina City,2017,0.10491765,0.1053882
Egypt,61531,65981,Qina City,2018,0.10729351,0.10776406
Egypt,61531,65981,Qina City,2019,0.10446056,0.10493111
Egypt,61531,65981,Qina City,2020,0.10859208,0.10906263
Egypt,61531,65981,Qina City,2021,0.11240645,0.112877
Egypt,61531,65981,Qina City,2022,0.1083632,0.10883375
Egypt,61531,65981,Qina City,2023,0.11073906,0.11120961
Egypt,61531,65981,Qina City,2024,0.10540565,0.1058762
Egypt,61531,65983,Qus,2015,0.06801545,0.052089468
Egypt,61531,65983,Qus,2016,0.071665674,0.05582245
Egypt,61531,65983,Qus,2017,0.06402446,0.047969494
Egypt,61531,65983,Qus,2018,0.07403094,0.057266664
Egypt,61531,65983,Qus,2019,0.07183303,0.055989802
Egypt,61531,65983,Qus,2020,0.07558697,0.060214292
Egypt,61531,65983,Qus,2021,0.07996671,0.061117325
Egypt,61531,65983,Qus,2022,0.06936366,0.053331237
Egypt,61531,65983,Qus,2023,0.08051793,0.0621391
Egypt,61531,65983,Qus,2024,0.07557539,0.060409397
Egypt,61531,65984,Zemam Out,2015,0.13978024,0.13642001
Egypt,61531,65984,Zemam Out,2016,0.13791743,0.13479723
Egypt,61531,65984,Zemam Out,2017,0.11781678,0.11491282
Egypt,61531,65984,Zemam Out,2018,0.14008935,0.13696916
Egypt,61531,65984,Zemam Out,2019,0.13653944,0.13217407
Egypt,61531,65984,Zemam Out,2020,0.13781278,0.13294134
Egypt,61531,65984,Zemam Out,2021,0.1374347,0.13294134
Egypt,61531,65984,Zemam Out,2022,0.11936937,0.115092225
Egypt,61531,65984,Zemam Out,2023,0.13758098,0.1327594
Egypt,61531,65984,Zemam Out,2024,0.13737202,0.13287865
Egypt,61532,65985,Hurghada 1,2015,0.14800651,0.14800651
Egypt,61532,65985,Hurghada 1,2016,0.14190635,0.14190635
Egypt,61532,65985,Hurghada 1,2017,0.14423518,0.14423518
Egypt,61532,65985,Hurghada 1,2018,0.1488313,0.1488313
Egypt,61532,65985,Hurghada 1,2019,0.14972922,0.14972922
Egypt,61532,65985,Hurghada 1,2020,0.14224301,0.14224301
Egypt,61532,65985,Hurghada 1,2021,0.14704786,0.14704786
Egypt,61532,65985,Hurghada 1,2022,0.14096297,0.14096297
Egypt,61532,65985,Hurghada 1,2023,0.1417206,0.1417206
Egypt,61532,65985,Hurghada 1,2024,0.15365356,0.15365356
Egypt,61532,65987,Hurghada 2,2015,0.18303591,0.18303591
Egypt,61532,65987,Hurghada 2,2016,0.18624374,0.18624374
Egypt,61532,65987,Hurghada 2,2017,0.18046498,0.18046498
Egypt,61532,65987,Hurghada 2,2018,0.19292112,0.19292112
Egypt,61532,65987,Hurghada 2,2019,0.18849406,0.18849406
Egypt,61532,65987,Hurghada 2,2020,0.18518434,0.18518434
Egypt,61532,65987,Hurghada 2,2021,0.18336184,0.18336184
Egypt,61532,65987,Hurghada 2,2022,0.17639697,0.17639697
Egypt,61532,65987,Hurghada 2,2023,0.17931828,0.17931828
Egypt,61532,65987,Hurghada 2,2024,0.18167531,0.18167531
Egypt,61532,65989,Marsa Alam,2015,0.2889863,0.28448835
Egypt,61532,65989,Marsa Alam,2016,0.28898984,0.2859827
Egypt,61532,65989,Marsa Alam,2017,0.2788284,0.27470723
Egypt,61532,65989,Marsa Alam,2018,0.2846775,0.27986217
Egypt,61532,65989,Marsa Alam,2019,0.27502242,0.27059948
Egypt,61532,65989,Marsa Alam,2020,0.27962184,0.2733975
Egypt,61532,65989,Marsa Alam,2021,0.29574305,0.28949597
Egypt,61532,65989,Marsa Alam,2022,0.27345783,0.26850516
Egypt,61532,65989,Marsa Alam,2023,0.27696693,0.27205548
Egypt,61532,65989,Marsa Alam,2024,0.27199858,0.26786044
Egypt,61532,65990,Qusir,2015,0.2318924,0.22797877
Egypt,61532,65990,Qusir,2016,0.22046272,0.22232208
Egypt,61532,65990,Qusir,2017,0.19665173,0.19350024
Egypt,61532,65990,Qusir,2018,0.21546325,0.20646232
Egypt,61532,65990,Qusir,2019,0.20827995,0.19858971
Egypt,61532,65990,Qusir,2020,0.21975738,0.22216526
Egypt,61532,65990,Qusir,2021,0.22694685,0.22985986
Egypt,61532,65990,Qusir,2022,0.21360737,0.21349385
Egypt,61532,65990,Qusir,2023,0.23404406,0.22912674
Egypt,61532,65990,Qusir,2024,0.2297737,0.22460575
Egypt,61532,65994,Ras Gharib,2015,0.18644284,0.17215459
Egypt,61532,65994,Ras Gharib,2016,0.18278573,0.16935903
Egypt,61532,65994,Ras Gharib,2017,0.18742506,0.18322729
Egypt,61532,65994,Ras Gharib,2018,0.17879164,0.17752495
Egypt,61532,65994,Ras Gharib,2019,0.17979324,0.17979324
Egypt,61532,65994,Ras Gharib,2020,0.17459506,0.16772117
Egypt,61532,65994,Ras Gharib,2021,0.16775703,0.16775703
Egypt,61532,65994,Ras Gharib,2022,0.17153896,0.17153896
Egypt,61532,65994,Ras Gharib,2023,0.16685383,0.16685383
Egypt,61532,65994,Ras Gharib,2024,0.17029737,0.17018451
Egypt,61532,65995,Safaga,2015,0.20796868,0.20294665
Egypt,61532,65995,Safaga,2016,0.21115167,0.20544821
Egypt,61532,65995,Safaga,2017,0.20048064,0.1948877
Egypt,61532,65995,Safaga,2018,0.21000743,0.20456041
Egypt,61532,65995,Safaga,2019,0.20303677,0.19799075
Egypt,61532,65995,Safaga,2020,0.21719347,0.21388713
Egypt,61532,65995,Safaga,2021,0.21898615,0.21269864
Egypt,61532,65995,Safaga,2022,0.19188672,0.1885103
Egypt,61532,65995,Safaga,2023,0.21235082,0.20879546
Egypt,61532,65995,Safaga,2024,0.21389022,0.21132863
Egypt,61532,65998,Shallatin,2015,0.2839559,0.2766651
Egypt,61532,65998,Shallatin,2016,0.2671295,0.2613953
Egypt,61532,65998,Shallatin,2017,0.26189497,0.25881678
Egypt,61532,65998,Shallatin,2018,0.27636135,0.275606
Egypt,61532,65998,Shallatin,2019,0.26186246,0.26214108
Egypt,61532,65998,Shallatin,2020,0.26105332,0.2614992
Egypt,61532,65998,Shallatin,2021,0.2771746,0.2760981
Egypt,61532,65998,Shallatin,2022,0.25834975,0.25931704
Egypt,61532,65998,Shallatin,2023,0.2843834,0.28443196
Egypt,61532,65998,Shallatin,2024,0.24767941,0.24793065
Egypt,61533,65999,10 Ramadan 1,2015,0.07807354,0.07807354
Egypt,61533,65999,10 Ramadan 1,2016,0.078344405,0.078344405
Egypt,61533,65999,10 Ramadan 1,2017,0.08226988,0.08226988
Egypt,61533,65999,10 Ramadan 1,2018,0.0787864,0.0787864
Egypt,61533,65999,10 Ramadan 1,2019,0.095758,0.095758
Egypt,61533,65999,10 Ramadan 1,2020,0.08644052,0.08644052
Egypt,61533,65999,10 Ramadan 1,2021,0.08026827,0.08026827
Egypt,61533,65999,10 Ramadan 1,2022,0.08703694,0.08703694
Egypt,61533,65999,10 Ramadan 1,2023,0.07851226,0.07851226
Egypt,61533,65999,10 Ramadan 1,2024,0.07851226,0.07851226
Egypt,61533,66001,10 Ramadan 2,2015,0.08873541,0.08873541
Egypt,61533,66001,10 Ramadan 2,2016,0.09180339,0.09180339
Egypt,61533,66001,10 Ramadan 2,2017,0.09180339,0.09180339
Egypt,61533,66001,10 Ramadan 2,2018,0.093430355,0.093430355
Egypt,61533,66001,10 Ramadan 2,2019,0.09350066,0.09350066
Egypt,61533,66001,10 Ramadan 2,2020,0.09773109,0.09773109
Egypt,61533,66001,10 Ramadan 2,2021,0.08134188,0.08134188
Egypt,61533,66001,10 Ramadan 2,2022,0.0830979,0.0830979
Egypt,61533,66001,10 Ramadan 2,2023,0.0913971,0.0913971
Egypt,61533,66001,10 Ramadan 2,2024,0.0913971,0.0913971
Egypt,61533,66002,Abu Hammad,2015,0.06732458,0.046736635
Egypt,61533,66002,Abu Hammad,2016,0.06690235,0.047864605
Egypt,61533,66002,Abu Hammad,2017,0.06531171,0.040377382
Egypt,61533,66002,Abu Hammad,2018,0.07276013,0.04098669
Egypt,61533,66002,Abu Hammad,2019,0.07888422,0.04436742
Egypt,61533,66002,Abu Hammad,2020,0.08956528,0.041385368
Egypt,61533,66002,Abu Hammad,2021,0.070967734,0.04312439
Egypt,61533,66002,Abu Hammad,2022,0.079270184,0.043244146
Egypt,61533,66002,Abu Hammad,2023,0.09182908,0.041279238
Egypt,61533,66002,Abu Hammad,2024,0.10574721,0.05722616
Egypt,61533,66004,Abu Kabir,2015,0.05571312,0.027664812
Egypt,61533,66004,Abu Kabir,2016,0.049044162,0.02849235
Egypt,61533,66004,Abu Kabir,2017,0.04881457,0.026362104
Egypt,61533,66004,Abu Kabir,2018,0.05846498,0.023690043
Egypt,61533,66004,Abu Kabir,2019,0.06348488,0.024876887
Egypt,61533,66004,Abu Kabir,2020,0.05360281,0.028067851
Egypt,61533,66004,Abu Kabir,2021,0.065662056,0.027156925
Egypt,61533,66004,Abu Kabir,2022,0.05693323,0.023653539
Egypt,61533,66004,Abu Kabir,2023,0.052607108,0.026112908
Egypt,61533,66004,Abu Kabir,2024,0.06166452,0.025188722
Egypt,61533,66006,Al-Husayniya,2015,0.13818717,0.0733016
Egypt,61533,66006,Al-Husayniya,2016,0.13515377,0.07215082
Egypt,61533,66006,Al-Husayniya,2017,0.13411294,0.06724253
Egypt,61533,66006,Al-Husayniya,2018,0.15693597,0.08234741
Egypt,61533,66006,Al-Husayniya,2019,0.1396481,0.08056378
Egypt,61533,66006,Al-Husayniya,2020,0.14778125,0.085729554
Egypt,61533,66006,Al-Husayniya,2021,0.14052027,0.08062918
Egypt,61533,66006,Al-Husayniya,2022,0.12743601,0.08332446
Egypt,61533,66006,Al-Husayniya,2023,0.14228106,0.0905282
Egypt,61533,66006,Al-Husayniya,2024,0.15115047,0.09010687
Egypt,61533,66007,Al-Qanayat,2015,0.04767181,0.036591765
Egypt,61533,66007,Al-Qanayat,2016,0.04766012,0.036948442
Egypt,61533,66007,Al-Qanayat,2017,0.047166374,0.03556833
Egypt,61533,66007,Al-Qanayat,2018,0.057146195,0.050118044
Egypt,61533,66007,Al-Qanayat,2019,0.05241311,0.043034233
Egypt,61533,66007,Al-Qanayat,2020,0.055515613,0.04491122
Egypt,61533,66007,Al-Qanayat,2021,0.05928669,0.045436457
Egypt,61533,66007,Al-Qanayat,2022,0.06541013,0.046638973
Egypt,61533,66007,Al-Qanayat,2023,0.05120141,0.041796118
Egypt,61533,66007,Al-Qanayat,2024,0.07521544,0.05134369
Egypt,61533,66009,Al-Salhiyya,2015,0.09711077,0.03109232
Egypt,61533,66009,Al-Salhiyya,2016,0.071946084,0.022041015
Egypt,61533,66009,Al-Salhiyya,2017,0.08896147,0.032073572
Egypt,61533,66009,Al-Salhiyya,2018,0.10632624,0.034087304
Egypt,61533,66009,Al-Salhiyya,2019,0.07203144,0.02448758
Egypt,61533,66009,Al-Salhiyya,2020,0.08229702,0.028531918
Egypt,61533,66009,Al-Salhiyya,2021,0.049866326,0.019323947
Egypt,61533,66009,Al-Salhiyya,2022,0.0371233,0.018283293
Egypt,61533,66009,Al-Salhiyya,2023,0.059457764,0.020481052
Egypt,61533,66009,Al-Salhiyya,2024,0.06806623,0.020931378
Egypt,61533,66010,Awlad Saqr,2015,0.16358063,0.09168647
Egypt,61533,66010,Awlad Saqr,2016,0.16599217,0.13509774
Egypt,61533,66010,Awlad Saqr,2017,0.16274321,0.101469144
Egypt,61533,66010,Awlad Saqr,2018,0.19020402,0.115837865
Egypt,61533,66010,Awlad Saqr,2019,0.18238154,0.12310426
Egypt,61533,66010,Awlad Saqr,2020,0.19825368,0.09786883
Egypt,61533,66010,Awlad Saqr,2021,0.2074335,0.13535878
Egypt,61533,66010,Awlad Saqr,2022,0.1936553,0.12892112
Egypt,61533,66010,Awlad Saqr,2023,0.21552843,0.1457746
Egypt,61533,66010,Awlad Saqr,2024,0.23662719,0.1616375
Egypt,61533,66012,Bilbis,2015,0.034888763,0.01965944
Egypt,61533,66012,Bilbis,2016,0.039786648,0.02455734
Egypt,61533,66012,Bilbis,2017,0.04121051,0.025981221
Egypt,61533,66012,Bilbis,2018,0.03936212,0.025414923
Egypt,61533,66012,Bilbis,2019,0.04001486,0.025566753
Egypt,61533,66012,Bilbis,2020,0.052078802,0.03755666
Egypt,61533,66012,Bilbis,2021,0.045492195,0.03368749
Egypt,61533,66012,Bilbis,2022,0.043324035,0.031018415
Egypt,61533,66012,Bilbis,2023,0.04870908,0.03690437
Egypt,61533,66012,Bilbis,2024,0.037475295,0.02615288
Egypt,61533,66013,Dyarb Nigm,2015,0.12798937,0.056382276
Egypt,61533,66013,Dyarb Nigm,2016,0.12357141,0.05629672
Egypt,61533,66013,Dyarb Nigm,2017,0.12779799,0.05971295
Egypt,61533,66013,Dyarb Nigm,2018,0.123168886,0.06622706
Egypt,61533,66013,Dyarb Nigm,2019,0.108556114,0.06350565
Egypt,61533,66013,Dyarb Nigm,2020,0.10429618,0.059300642
Egypt,61533,66013,Dyarb Nigm,2021,0.12759641,0.05722742
Egypt,61533,66013,Dyarb Nigm,2022,0.108756125,0.0562913
Egypt,61533,66013,Dyarb Nigm,2023,0.109443635,0.050622575
Egypt,61533,66013,Dyarb Nigm,2024,0.12626371,0.05197547
Egypt,61533,66014,El-Ibrahimiya,2015,0.09869522,0.05508093
Egypt,61533,66014,El-Ibrahimiya,2016,0.08985004,0.054793544
Egypt,61533,66014,El-Ibrahimiya,2017,0.09789599,0.044121128
Egypt,61533,66014,El-Ibrahimiya,2018,0.11538038,0.063739516
Egypt,61533,66014,El-Ibrahimiya,2019,0.10699686,0.04921986
Egypt,61533,66014,El-Ibrahimiya,2020,0.10736201,0.04921986
Egypt,61533,66014,El-Ibrahimiya,2021,0.11218381,0.063564435
Egypt,61533,66014,El-Ibrahimiya,2022,0.11726998,0.05713842
Egypt,61533,66014,El-Ibrahimiya,2023,0.1441052,0.05917383
Egypt,61533,66014,El-Ibrahimiya,2024,0.15355936,0.058609452
Egypt,61533,66015,Faqus,2015,0.07926649,0.033707954
Egypt,61533,66015,Faqus,2016,0.0753814,0.038553547
Egypt,61533,66015,Faqus,2017,0.08633229,0.045126546
Egypt,61533,66015,Faqus,2018,0.08844133,0.04443048
Egypt,61533,66015,Faqus,2019,0.10268532,0.04777102
Egypt,61533,66015,Faqus,2020,0.11481446,0.077239394
Egypt,61533,66015,Faqus,2021,0.1030021,0.051210493
Egypt,61533,66015,Faqus,2022,0.1117603,0.06857562
Egypt,61533,66015,Faqus,2023,0.12270757,0.09327555
Egypt,61533,66015,Faqus,2024,0.1372613,0.10424313
Egypt,61533,66016,Hihya,2015,0.08973426,0.05440746
Egypt,61533,66016,Hihya,2016,0.09029348,0.048766054
Egypt,61533,66016,Hihya,2017,0.08184229,0.048851494
Egypt,61533,66016,Hihya,2018,0.08390842,0.045933187
Egypt,61533,66016,Hihya,2019,0.08738644,0.047659487
Egypt,61533,66016,Hihya,2020,0.10159509,0.045854956
Egypt,61533,66016,Hihya,2021,0.097329795,0.06107405
Egypt,61533,66016,Hihya,2022,0.089456595,0.040013015
Egypt,61533,66016,Hihya,2023,0.1181528,0.04202341
Egypt,61533,66016,Hihya,2024,0.14822967,0.050458778
Egypt,61533,66017,Kafr Saqr,2015,0.057537466,0.045767125
Egypt,61533,66017,Kafr Saqr,2016,0.056430455,0.044660106
Egypt,61533,66017,Kafr Saqr,2017,0.05556863,0.046022635
Egypt,61533,66017,Kafr Saqr,2018,0.05244813,0.04075965
Egypt,61533,66017,Kafr Saqr,2019,0.053806894,0.044260904
Egypt,61533,66017,Kafr Saqr,2020,0.06397307,0.039766006
Egypt,61533,66017,Kafr Saqr,2021,0.050515745,0.04091143
Egypt,61533,66017,Kafr Saqr,2022,0.061568726,0.037195884
Egypt,61533,66017,Kafr Saqr,2023,0.08470711,0.030425606
Egypt,61533,66017,Kafr Saqr,2024,0.11636187,0.070051774
Egypt,61533,66018,Mashtul Al-Suq,2015,0.040043063,0.02135249
Egypt,61533,66018,Mashtul Al-Suq,2016,0.0399445,0.023248803
Egypt,61533,66018,Mashtul Al-Suq,2017,0.039735664,0.0210451
Egypt,61533,66018,Mashtul Al-Suq,2018,0.04238795,0.025692256
Egypt,61533,66018,Mashtul Al-Suq,2019,0.038147952,0.0210451
Egypt,61533,66018,Mashtul Al-Suq,2020,0.06571887,0.034771517
Egypt,61533,66018,Mashtul Al-Suq,2021,0.046854705,0.024171792
Egypt,61533,66018,Mashtul Al-Suq,2022,0.046411492,0.023108019
Egypt,61533,66018,Mashtul Al-Suq,2023,0.059389193,0.03456922
Egypt,61533,66018,Mashtul Al-Suq,2024,0.05945126,0.043996073
Egypt,61533,66019,Minya al-Qamh,2015,0.08301726,0.026566852
Egypt,61533,66019,Minya al-Qamh,2016,0.069324985,0.026217204
Egypt,61533,66019,Minya al-Qamh,2017,0.07568386,0.026217204
Egypt,61533,66019,Minya al-Qamh,2018,0.08298562,0.023722392
Egypt,61533,66019,Minya al-Qamh,2019,0.08069016,0.027341524
Egypt,61533,66019,Minya al-Qamh,2020,0.069228634,0.024094336
Egypt,61533,66019,Minya al-Qamh,2021,0.0828947,0.028059965
Egypt,61533,66019,Minya al-Qamh,2022,0.06583631,0.028235383
Egypt,61533,66019,Minya al-Qamh,2023,0.05999824,0.027721249
Egypt,61533,66019,Minya al-Qamh,2024,0.062780164,0.022163814
Egypt,61533,66020,Qurin,2015,0.053014185,0.039842326
Egypt,61533,66020,Qurin,2016,0.060925547,0.047753684
Egypt,61533,66020,Qurin,2017,0.061380256,0.0482084
Egypt,61533,66020,Qurin,2018,0.06269266,0.049520794
Egypt,61533,66020,Qurin,2019,0.06323268,0.050060827
Egypt,61533,66020,Qurin,2020,0.080555834,0.067383945
Egypt,61533,66020,Qurin,2021,0.08144084,0.06826897
Egypt,61533,66020,Qurin,2022,0.07866278,0.065008804
Egypt,61533,66020,Qurin,2023,0.08386005,0.070688166
Egypt,61533,66020,Qurin,2024,0.08592472,0.07275282
Egypt,61533,66022,Zaqaziq,2015,0.037651837,0.023322187
Egypt,61533,66022,Zaqaziq,2016,0.03803377,0.024482206
Egypt,61533,66022,Zaqaziq,2017,0.038386453,0.024834896
Egypt,61533,66022,Zaqaziq,2018,0.036534533,0.023830554
Egypt,61533,66022,Zaqaziq,2019,0.040784135,0.026577352
Egypt,61533,66022,Zaqaziq,2020,0.03880172,0.02578016
Egypt,61533,66022,Zaqaziq,2021,0.038721967,0.024351602
Egypt,61533,66022,Zaqaziq,2022,0.035600174,0.02351704
Egypt,61533,66022,Zaqaziq,2023,0.0365008,0.023479234
Egypt,61533,66022,Zaqaziq,2024,0.039102517,0.02634503
Egypt,61533,66025,Zaqaziq 1,2015,0.06775818,0.06775818
Egypt,61533,66025,Zaqaziq 1,2016,0.0697141,0.0697141
Egypt,61533,66025,Zaqaziq 1,2017,0.06997881,0.06997881
Egypt,61533,66025,Zaqaziq 1,2018,0.07078129,0.07078129
Egypt,61533,66025,Zaqaziq 1,2019,0.06885856,0.06885856
Egypt,61533,66025,Zaqaziq 1,2020,0.0714552,0.0714552
Egypt,61533,66025,Zaqaziq 1,2021,0.0714552,0.0714552
Egypt,61533,66025,Zaqaziq 1,2022,0.07010621,0.07010621
Egypt,61533,66025,Zaqaziq 1,2023,0.0700082,0.0700082
Egypt,61533,66025,Zaqaziq 1,2024,0.07064851,0.07064851
Egypt,61533,66026,Zaqaziq 2,2015,0.042641714,0.043112263
Egypt,61533,66026,Zaqaziq 2,2016,0.042641714,0.043112263
Egypt,61533,66026,Zaqaziq 2,2017,0.042641714,0.043112263
Egypt,61533,66026,Zaqaziq 2,2018,0.042641714,0.043112263
Egypt,61533,66026,Zaqaziq 2,2019,0.042641714,0.043112263
Egypt,61533,66026,Zaqaziq 2,2020,0.052156743,0.0526273
Egypt,61533,66026,Zaqaziq 2,2021,0.042641714,0.043112263
Egypt,61533,66026,Zaqaziq 2,2022,0.04968805,0.050158598
Egypt,61533,66026,Zaqaziq 2,2023,0.052601915,0.053072464
Egypt,61533,66026,Zaqaziq 2,2024,0.051719557,0.051719557
Egypt,61533,66027,Zemam Out,2015,0.0153825665,0.015824944
Egypt,61533,66027,Zemam Out,2016,0.014242852,0.01468523
Egypt,61533,66027,Zemam Out,2017,0.0153825665,0.015824944
Egypt,61533,66027,Zemam Out,2018,0.011492508,0.011934887
Egypt,61533,66027,Zemam Out,2019,0.012919465,0.013361842
Egypt,61533,66027,Zemam Out,2020,0.010285003,0.010727383
Egypt,61533,66027,Zemam Out,2021,0.01042898,0.01087136
Egypt,61533,66027,Zemam Out,2022,0.012770421,0.013212799
Egypt,61533,66027,Zemam Out,2023,0.010546649,0.010989027
Egypt,61533,66027,Zemam Out,2024,0.010546649,0.010989027
Egypt,61534,66028,Abu Radis,2015,0.2375666,0.2600958
Egypt,61534,66028,Abu Radis,2016,0.2057935,0.2057935
Egypt,61534,66028,Abu Radis,2017,0.22931156,0.21025987
Egypt,61534,66028,Abu Radis,2018,0.20586975,0.19501697
Egypt,61534,66028,Abu Radis,2019,0.20185505,0.20185505
Egypt,61534,66028,Abu Radis,2020,0.24832217,0.22311872
Egypt,61534,66028,Abu Radis,2021,0.20542298,0.20542298
Egypt,61534,66028,Abu Radis,2022,0.2270048,0.20636053
Egypt,61534,66028,Abu Radis,2023,0.21496262,0.2021399
Egypt,61534,66028,Abu Radis,2024,0.24564216,0.22887085
Egypt,61534,66029,Al-Tur,2015,0.25986746,0.25277245
Egypt,61534,66029,Al-Tur,2016,0.25723317,0.24969146
Egypt,61534,66029,Al-Tur,2017,0.24983609,0.24400128
Egypt,61534,66029,Al-Tur,2018,0.28378418,0.27689403
Egypt,61534,66029,Al-Tur,2019,0.2722119,0.2648071
Egypt,61534,66029,Al-Tur,2020,0.2824434,0.27422228
Egypt,61534,66029,Al-Tur,2021,0.2691705,0.26192164
Egypt,61534,66029,Al-Tur,2022,0.24306777,0.23438777
Egypt,61534,66029,Al-Tur,2023,0.2714123,0.26167163
Egypt,61534,66029,Al-Tur,2024,0.2717595,0.26278746
Egypt,61534,66030,Dahab,2015,0.5005706,0.4758628
Egypt,61534,66030,Dahab,2016,0.50256634,0.47994527
Egypt,61534,66030,Dahab,2017,0.50483966,0.48038545
Egypt,61534,66030,Dahab,2018,0.48373032,0.46273977
Egypt,61534,66030,Dahab,2019,0.49068314,0.46954596
Egypt,61534,66030,Dahab,2020,0.49709386,0.4761482
Egypt,61534,66030,Dahab,2021,0.48923618,0.4666872
Egypt,61534,66030,Dahab,2022,0.4739902,0.4479619
Egypt,61534,66030,Dahab,2023,0.4767546,0.45564133
Egypt,61534,66030,Dahab,2024,0.4807312,0.45801193
Egypt,61534,66032,Nuweiba,2015,0.25552773,0.24891947
Egypt,61534,66032,Nuweiba,2016,0.2557183,0.24981841
Egypt,61534,66032,Nuweiba,2017,0.26321566,0.2581402
Egypt,61534,66032,Nuweiba,2018,0.25497046,0.25002816
Egypt,61534,66032,Nuweiba,2019,0.25016937,0.24451712
Egypt,61534,66032,Nuweiba,2020,0.2512514,0.24646738
Egypt,61534,66032,Nuweiba,2021,0.255249,0.25069264
Egypt,61534,66032,Nuweiba,2022,0.26068342,0.25560868
Egypt,61534,66032,Nuweiba,2023,0.25624758,0.25118196
Egypt,61534,66032,Nuweiba,2024,0.26489252,0.2585309
Egypt,61534,66035,Ras Sidr,2015,0.19792572,0.19316189
Egypt,61534,66035,Ras Sidr,2016,0.20067671,0.19671616
Egypt,61534,66035,Ras Sidr,2017,0.19256222,0.19086494
Egypt,61534,66035,Ras Sidr,2018,0.21631798,0.2099524
Egypt,61534,66035,Ras Sidr,2019,0.20053583,0.19537932
Egypt,61534,66035,Ras Sidr,2020,0.2225478,0.2172077
Egypt,61534,66035,Ras Sidr,2021,0.21947303,0.21342254
Egypt,61534,66035,Ras Sidr,2022,0.20438492,0.2035102
Egypt,61534,66035,Ras Sidr,2023,0.21679384,0.21364957
Egypt,61534,66035,Ras Sidr,2024,0.21896243,0.21224426
Egypt,61534,66039,Sant Katrin,2015,0.14947583,0.13358581
Egypt,61534,66039,Sant Katrin,2016,0.15079156,0.13589786
Egypt,61534,66039,Sant Katrin,2017,0.14885485,0.13112338
Egypt,61534,66039,Sant Katrin,2018,0.1539923,0.13553312
Egypt,61534,66039,Sant Katrin,2019,0.15286297,0.13693836
Egypt,61534,66039,Sant Katrin,2020,0.16904299,0.15455997
Egypt,61534,66039,Sant Katrin,2021,0.16896166,0.15328814
Egypt,61534,66039,Sant Katrin,2022,0.17144069,0.15567115
Egypt,61534,66039,Sant Katrin,2023,0.16448176,0.14571731
Egypt,61534,66039,Sant Katrin,2024,0.16877457,0.1487783
Egypt,61534,66041,Sharm el-Sheikh,2015,0.18092147,0.18092147
Egypt,61534,66041,Sharm el-Sheikh,2016,0.2153027,0.1935662
Egypt,61534,66041,Sharm el-Sheikh,2017,0.19291624,0.19291624
Egypt,61534,66041,Sharm el-Sheikh,2018,0.19508758,0.19508758
Egypt,61534,66041,Sharm el-Sheikh,2019,0.19508758,0.19508758
Egypt,61534,66041,Sharm el-Sheikh,2020,0.19189303,0.19189303
Egypt,61534,66041,Sharm el-Sheikh,2021,0.19217606,0.19217606
Egypt,61534,66041,Sharm el-Sheikh,2022,0.18841262,0.18841262
Egypt,61534,66041,Sharm el-Sheikh,2023,0.189999,0.189999
Egypt,61534,66041,Sharm el-Sheikh,2024,0.19020766,0.19020766
Egypt,61534,66042,Taba,2015,0.2416498,0.23705271
Egypt,61534,66042,Taba,2016,0.21684773,0.21368876
Egypt,61534,66042,Taba,2017,0.22478995,0.22045942
Egypt,61534,66042,Taba,2018,0.22547665,0.22228965
Egypt,61534,66042,Taba,2019,0.22746399,0.22336003
Egypt,61534,66042,Taba,2020,0.25994194,0.25225726
Egypt,61534,66042,Taba,2021,0.23405337,0.23072721
Egypt,61534,66042,Taba,2022,0.23108727,0.22641942
Egypt,61534,66042,Taba,2023,0.2463475,0.23990645
Egypt,61534,66042,Taba,2024,0.27736726,0.27168784
Egypt,61535,66043,Al-Arbiin,2015,0.023143094,0.023143094
Egypt,61535,66043,Al-Arbiin,2016,0.023143094,0.023143094
Egypt,61535,66043,Al-Arbiin,2017,0.026845612,0.026845612
Egypt,61535,66043,Al-Arbiin,2018,0.024328431,0.024328431
Egypt,61535,66043,Al-Arbiin,2019,0.023595802,0.023595802
Egypt,61535,66043,Al-Arbiin,2020,0.024821041,0.024821041
Egypt,61535,66043,Al-Arbiin,2021,0.025848564,0.025848564
Egypt,61535,66043,Al-Arbiin,2022,0.026888022,0.026888022
Egypt,61535,66043,Al-Arbiin,2023,0.028070845,0.028070845
Egypt,61535,66043,Al-Arbiin,2024,0.025848564,0.025848564
Egypt,61535,66044,Al-Ganayin,2015,0.18848631,0.14742519
Egypt,61535,66044,Al-Ganayin,2016,0.16629308,0.12763408
Egypt,61535,66044,Al-Ganayin,2017,0.16498597,0.12423445
Egypt,61535,66044,Al-Ganayin,2018,0.20134322,0.15285473
Egypt,61535,66044,Al-Ganayin,2019,0.18548556,0.1385905
Egypt,61535,66044,Al-Ganayin,2020,0.23642367,0.18485732
Egypt,61535,66044,Al-Ganayin,2021,0.20522612,0.15036744
Egypt,61535,66044,Al-Ganayin,2022,0.1664739,0.122027844
Egypt,61535,66044,Al-Ganayin,2023,0.19884172,0.14245278
Egypt,61535,66044,Al-Ganayin,2024,0.22539309,0.16278864
Egypt,61535,66047,Ataqa,2015,0.1451272,0.1451272
Egypt,61535,66047,Ataqa,2016,0.14439389,0.14439389
Egypt,61535,66047,Ataqa,2017,0.12502737,0.12502737
Egypt,61535,66047,Ataqa,2018,0.16104454,0.16104454
Egypt,61535,66047,Ataqa,2019,0.14834301,0.14834301
Egypt,61535,66047,Ataqa,2020,0.16369946,0.1594858
Egypt,61535,66047,Ataqa,2021,0.15099078,0.15099078
Egypt,61535,66047,Ataqa,2022,0.12041932,0.12041932
Egypt,61535,66047,Ataqa,2023,0.15099078,0.15099078
Egypt,61535,66047,Ataqa,2024,0.16639327,0.16578758
Egypt,61535,66048,Faysal,2015,0.108340956,0.092774145
Egypt,61535,66048,Faysal,2016,0.091361515,0.08039448
Egypt,61535,66048,Faysal,2017,0.09687042,0.086781055
Egypt,61535,66048,Faysal,2018,0.11855092,0.11302732
Egypt,61535,66048,Faysal,2019,0.10005625,0.090667725
Egypt,61535,66048,Faysal,2020,0.12953569,0.12226301
Egypt,61535,66048,Faysal,2021,0.0990617,0.08454865
Egypt,61535,66048,Faysal,2022,0.077187605,0.077187605
Egypt,61535,66048,Faysal,2023,0.095288746,0.09227278
Egypt,61535,66048,Faysal,2024,0.12586659,0.12274767
Egypt,61535,66052,Suez,2015,0.049322303,0.049322303
Egypt,61535,66052,Suez,2016,0.05703332,0.05703332
Egypt,61535,66052,Suez,2017,0.056854956,0.056854956
Egypt,61535,66052,Suez,2018,0.06063732,0.06063732
Egypt,61535,66052,Suez,2019,0.059368916,0.059368916
Egypt,61535,66052,Suez,2020,0.058894042,0.058894042
Egypt,61535,66052,Suez,2021,0.05723938,0.05723938
Egypt,61535,66052,Suez,2022,0.056274816,0.056274816
Egypt,61535,66052,Suez,2023,0.055266082,0.055266082
Egypt,61535,66052,Suez,2024,0.06172205,0.06172205
Egypt,61536,66054,Akhmim,2015,0.059780177,0.04780453
Egypt,61536,66054,Akhmim,2016,0.069367304,0.057633374
Egypt,61536,66054,Akhmim,2017,0.051589243,0.0396136
Egypt,61536,66054,Akhmim,2018,0.06408,0.050282776
Egypt,61536,66054,Akhmim,2019,0.056556918,0.04482299
Egypt,61536,66054,Akhmim,2020,0.056556918,0.04482299
Egypt,61536,66054,Akhmim,2021,0.05545557,0.043721635
Egypt,61536,66054,Akhmim,2022,0.04503167,0.033056047
Egypt,61536,66054,Akhmim,2023,0.057728764,0.04599483
Egypt,61536,66054,Akhmim,2024,0.058896355,0.04716243
Egypt,61536,66055,Akhmim City,2015,0.20805138,0.21814847
Egypt,61536,66055,Akhmim City,2016,0.21380872,0.22989142
Egypt,61536,66055,Akhmim City,2017,0.20216268,0.2236169
Egypt,61536,66055,Akhmim City,2018,0.20839599,0.2261107
Egypt,61536,66055,Akhmim City,2019,0.22051618,0.24260211
Egypt,61536,66055,Akhmim City,2020,0.2347138,0.25747943
Egypt,61536,66055,Akhmim City,2021,0.2233097,0.24418181
Egypt,61536,66055,Akhmim City,2022,0.20836443,0.23160955
Egypt,61536,66055,Akhmim City,2023,0.21022299,0.22757041
Egypt,61536,66055,Akhmim City,2024,0.20887628,0.23026244
Egypt,61536,66056,Al-Balyana,2015,0.0937164,0.038461894
Egypt,61536,66056,Al-Balyana,2016,0.10026543,0.039832257
Egypt,61536,66056,Al-Balyana,2017,0.083542585,0.0340164
Egypt,61536,66056,Al-Balyana,2018,0.10716723,0.038962893
Egypt,61536,66056,Al-Balyana,2019,0.094544336,0.03546907
Egypt,61536,66056,Al-Balyana,2020,0.088095814,0.029682305
Egypt,61536,66056,Al-Balyana,2021,0.0980742,0.040128313
Egypt,61536,66056,Al-Balyana,2022,0.10038164,0.044067234
Egypt,61536,66056,Al-Balyana,2023,0.12362478,0.04940167
Egypt,61536,66056,Al-Balyana,2024,0.11869812,0.04414022
Egypt,61536,66059,Al-Maragha,2015,0.09796013,0.039732967
Egypt,61536,66059,Al-Maragha,2016,0.115031436,0.048392598
Egypt,61536,66059,Al-Maragha,2017,0.08020515,0.028333306
Egypt,61536,66059,Al-Maragha,2018,0.10146783,0.042000834
Egypt,61536,66059,Al-Maragha,2019,0.075424194,0.023019481
Egypt,61536,66059,Al-Maragha,2020,0.07424024,0.02061942
Egypt,61536,66059,Al-Maragha,2021,0.10176958,0.04110842
Egypt,61536,66059,Al-Maragha,2022,0.09676807,0.033367623
Egypt,61536,66059,Al-Maragha,2023,0.09639219,0.034053814
Egypt,61536,66059,Al-Maragha,2024,0.087857425,0.03230241
Egypt,61536,66061,Al-Minshat,2015,0.097121164,0.023655536
Egypt,61536,66061,Al-Minshat,2016,0.07938781,0.04122477
Egypt,61536,66061,Al-Minshat,2017,0.041754946,0.019205488
Egypt,61536,66061,Al-Minshat,2018,0.06984618,0.029452411
Egypt,61536,66061,Al-Minshat,2019,0.04363861,0.02213461
Egypt,61536,66061,Al-Minshat,2020,0.045600407,0.021788293
Egypt,61536,66061,Al-Minshat,2021,0.07481527,0.026636204
Egypt,61536,66061,Al-Minshat,2022,0.06668132,0.030090466
Egypt,61536,66061,Al-Minshat,2023,0.08929926,0.0307226
Egypt,61536,66061,Al-Minshat,2024,0.08997284,0.031515226
Egypt,61536,66062,Al Usayrat,2015,0.1198339,0.054291148
Egypt,61536,66062,Al Usayrat,2016,0.10469112,0.05032742
Egypt,61536,66062,Al Usayrat,2017,0.11890692,0.047928825
Egypt,61536,66062,Al Usayrat,2018,0.14358845,0.05684393
Egypt,61536,66062,Al Usayrat,2019,0.12774813,0.054281842
Egypt,61536,66062,Al Usayrat,2020,0.11595586,0.05043528
Egypt,61536,66062,Al Usayrat,2021,0.072145216,0.046531472
Egypt,61536,66062,Al Usayrat,2022,0.06569385,0.03456009
Egypt,61536,66062,Al Usayrat,2023,0.08701017,0.043370537
Egypt,61536,66062,Al Usayrat,2024,0.096117124,0.04519839
Egypt,61536,66065,Dar al-Salam,2015,0.11444689,0.053059787
Egypt,61536,66065,Dar al-Salam,2016,0.11775777,0.051615935
Egypt,61536,66065,Dar al-Salam,2017,0.111205265,0.048219923
Egypt,61536,66065,Dar al-Salam,2018,0.12455851,0.05175077
Egypt,61536,66065,Dar al-Salam,2019,0.107355684,0.050488707
Egypt,61536,66065,Dar al-Salam,2020,0.11310314,0.052483942
Egypt,61536,66065,Dar al-Salam,2021,0.11143622,0.045127
Egypt,61536,66065,Dar al-Salam,2022,0.10187766,0.03555444
Egypt,61536,66065,Dar al-Salam,2023,0.11195356,0.04351343
Egypt,61536,66065,Dar al-Salam,2024,0.11746169,0.046050444
Egypt,61536,66066,Girga,2015,0.05185267,0.03424437
Egypt,61536,66066,Girga,2016,0.058089096,0.045596547
Egypt,61536,66066,Girga,2017,0.035262663,0.022906695
Egypt,61536,66066,Girga,2018,0.045757603,0.03246052
Egypt,61536,66066,Girga,2019,0.039625578,0.022107983
Egypt,61536,66066,Girga,2020,0.036765624,0.02342974
Egypt,61536,66066,Girga,2021,0.03973227,0.024766162
Egypt,61536,66066,Girga,2022,0.042067092,0.025271555
Egypt,61536,66066,Girga,2023,0.042220905,0.027013082
Egypt,61536,66066,Girga,2024,0.039625578,0.023253791
Egypt,61536,66067,Guhayna Al-Gharbiyya,2015,0.11123984,0.04493084
Egypt,61536,66067,Guhayna Al-Gharbiyya,2016,0.116810575,0.047702875
Egypt,61536,66067,Guhayna Al-Gharbiyya,2017,0.08889204,0.035901166
Egypt,61536,66067,Guhayna Al-Gharbiyya,2018,0.10127462,0.05196338
Egypt,61536,66067,Guhayna Al-Gharbiyya,2019,0.06864575,0.032877665
Egypt,61536,66067,Guhayna Al-Gharbiyya,2020,0.05421696,0.040192343
Egypt,61536,66067,Guhayna Al-Gharbiyya,2021,0.055655856,0.0412494
Egypt,61536,66067,Guhayna Al-Gharbiyya,2022,0.044534937,0.028978454
Egypt,61536,66067,Guhayna Al-Gharbiyya,2023,0.055150773,0.038483486
Egypt,61536,66067,Guhayna Al-Gharbiyya,2024,0.063608214,0.039071366
Egypt,61536,66069,Kawther,2015,0.22223918,0.18034418
Egypt,61536,66069,Kawther,2016,0.17269598,0.17796585
Egypt,61536,66069,Kawther,2017,0.17797059,0.18320528
Egypt,61536,66069,Kawther,2018,0.18268281,0.1879175
Egypt,61536,66069,Kawther,2019,0.18554029,0.19077499
Egypt,61536,66069,Kawther,2020,0.18606666,0.19130135
Egypt,61536,66069,Kawther,2021,0.18792877,0.19138615
Egypt,61536,66069,Kawther,2022,0.18182461,0.18528199
Egypt,61536,66069,Kawther,2023,0.17630275,0.18153743
Egypt,61536,66069,Kawther,2024,0.17448582,0.1797205
Egypt,61536,66070,Kesm Tahta,2015,0.06431351,0.05222759
Egypt,61536,66070,Kesm Tahta,2016,0.06551471,0.052668814
Egypt,61536,66070,Kesm Tahta,2017,0.065493144,0.053407226
Egypt,61536,66070,Kesm Tahta,2018,0.06769935,0.0556609
Egypt,61536,66070,Kesm Tahta,2019,0.067140155,0.05532332
Egypt,61536,66070,Kesm Tahta,2020,0.067140155,0.055651512
Egypt,61536,66070,Kesm Tahta,2021,0.06941451,0.057839375
Egypt,61536,66070,Kesm Tahta,2022,0.06484978,0.05336113
Egypt,61536,66070,Kesm Tahta,2023,0.06941451,0.057839375
Egypt,61536,66070,Kesm Tahta,2024,0.068707064,0.056890223
Egypt,61536,66072,Saqulta,2015,0.15488252,0.07787968
Egypt,61536,66072,Saqulta,2016,0.18391258,0.09783928
Egypt,61536,66072,Saqulta,2017,0.13613154,0.07177165
Egypt,61536,66072,Saqulta,2018,0.17842025,0.1053905
Egypt,61536,66072,Saqulta,2019,0.122039124,0.071901925
Egypt,61536,66072,Saqulta,2020,0.13107406,0.07176515
Egypt,61536,66072,Saqulta,2021,0.09698888,0.08739206
Egypt,61536,66072,Saqulta,2022,0.08365528,0.065967984
Egypt,61536,66072,Saqulta,2023,0.13358589,0.07817365
Egypt,61536,66072,Saqulta,2024,0.13659137,0.08053024
Egypt,61536,66073,Suhag,2015,0.043350674,0.028142849
Egypt,61536,66073,Suhag,2016,0.0477211,0.034905564
Egypt,61536,66073,Suhag,2017,0.036579553,0.02422358
Egypt,61536,66073,Suhag,2018,0.062000576,0.04800633
Egypt,61536,66073,Suhag,2019,0.041129418,0.02470412
Egypt,61536,66073,Suhag,2020,0.04079467,0.024369365
Egypt,61536,66073,Suhag,2021,0.03959491,0.0237939
Egypt,61536,66073,Suhag,2022,0.036487754,0.023151865
Egypt,61536,66073,Suhag,2023,0.046479426,0.028182175
Egypt,61536,66073,Suhag,2024,0.048891854,0.030594608
Egypt,61536,66079,Suhag-2,2015,0.046097312,0.04740266
Egypt,61536,66079,Suhag-2,2016,0.04966665,0.049968842
Egypt,61536,66079,Suhag-2,2017,0.049263548,0.049212508
Egypt,61536,66079,Suhag-2,2018,0.050111827,0.049641773
Egypt,61536,66079,Suhag-2,2019,0.050111827,0.049641773
Egypt,61536,66079,Suhag-2,2020,0.050111827,0.050414015
Egypt,61536,66079,Suhag-2,2021,0.048868176,0.048919722
Egypt,61536,66079,Suhag-2,2022,0.0490161,0.0497373
Egypt,61536,66079,Suhag-2,2023,0.05067528,0.050726827
Egypt,61536,66079,Suhag-2,2024,0.051473748,0.051525295
Egypt,61536,66090,Tahta,2015,0.06280397,0.031119192
Egypt,61536,66090,Tahta,2016,0.06923436,0.03263966
Egypt,61536,66090,Tahta,2017,0.060597166,0.02841265
Egypt,61536,66090,Tahta,2018,0.064195976,0.024854368
Egypt,61536,66090,Tahta,2019,0.06261089,0.032790158
Egypt,61536,66090,Tahta,2020,0.06390069,0.03317986
Egypt,61536,66090,Tahta,2021,0.063107416,0.028983843
Egypt,61536,66090,Tahta,2022,0.06900663,0.029991945
Egypt,61536,66090,Tahta,2023,0.06781866,0.02707805
Egypt,61536,66090,Tahta,2024,0.057451673,0.028220857
Egypt,61536,66091,Tama,2015,0.06595772,0.019234406
Egypt,61536,66091,Tama,2016,0.07881594,0.025777234
Egypt,61536,66091,Tama,2017,0.07451312,0.019005038
Egypt,61536,66091,Tama,2018,0.103858635,0.03895621
Egypt,61536,66091,Tama,2019,0.07530983,0.021418635
Egypt,61536,66091,Tama,2020,0.076414704,0.016444612
Egypt,61536,66091,Tama,2021,0.046061754,0.018211255
Egypt,61536,66091,Tama,2022,0.05265952,0.02036618
Egypt,61536,66091,Tama,2023,0.082959585,0.019175313
Egypt,61536,66091,Tama,2024,0.075558424,0.01843803
Egypt,61536,66093,Zemam Out,2015,0.2673062,0.22196463
Egypt,61536,66093,Zemam Out,2016,0.2691949,0.21637517
Egypt,61536,66093,Zemam Out,2017,0.24963325,0.17828149
Egypt,61536,66093,Zemam Out,2018,0.25765538,0.18638855
Egypt,61536,66093,Zemam Out,2019,0.21244171,0.1463307
Egypt,61536,66093,Zemam Out,2020,0.19477293,0.14516534
Egypt,61536,66093,Zemam Out,2021,0.14263387,0.13918549
Egypt,61536,66093,Zemam Out,2022,0.10853995,0.10530779
Egypt,61536,66093,Zemam Out,2023,0.14272782,0.13927944
Egypt,61536,66093,Zemam Out,2024,0.14281327,0.13936488
Jordan,1705,36714,Jami'ah,2015,0.01713959,0.016622536
Jordan,1705,36714,Jami'ah,2016,0.03000513,0.029878426
Jordan,1705,36714,Jami'ah,2017,0.021551095,0.021424389
Jordan,1705,36714,Jami'ah,2018,0.029863253,0.029736549
Jordan,1705,36714,Jami'ah,2019,0.017790895,0.016510524
Jordan,1705,36714,Jami'ah,2020,0.016912417,0.016404293
Jordan,1705,36714,Jami'ah,2021,0.027984535,0.027467482
Jordan,1705,36714,Jami'ah,2022,0.028450103,0.027933048
Jordan,1705,36714,Jami'ah,2023,0.021337885,0.020829756
Jordan,1705,36714,Jami'ah,2024,0.017542984,0.01703486
Jordan,1705,36715,Al-Jeeza,2015,0.10603527,0.10305638
Jordan,1705,36715,Al-Jeeza,2016,0.10070265,0.1011732
Jordan,1705,36715,Al-Jeeza,2017,0.1045401,0.10501065
Jordan,1705,36715,Al-Jeeza,2018,0.10320031,0.10367086
Jordan,1705,36715,Al-Jeeza,2019,0.10440031,0.104870856
Jordan,1705,36715,Al-Jeeza,2020,0.104475945,0.105591826
Jordan,1705,36715,Al-Jeeza,2021,0.10320031,0.10320031
Jordan,1705,36715,Al-Jeeza,2022,0.109677516,0.109677516
Jordan,1705,36715,Al-Jeeza,2023,0.10559105,0.1060616
Jordan,1705,36715,Al-Jeeza,2024,0.10799449,0.10846504
Jordan,1705,36716,Qwaismeh,2015,0.01444954,0.013941416
Jordan,1705,36716,Qwaismeh,2016,0.025180312,0.025053604
Jordan,1705,36716,Qwaismeh,2017,0.02148033,0.021353621
Jordan,1705,36716,Qwaismeh,2018,0.022745254,0.022618549
Jordan,1705,36716,Qwaismeh,2019,0.015920442,0.014640074
Jordan,1705,36716,Qwaismeh,2020,0.015602007,0.015093883
Jordan,1705,36716,Qwaismeh,2021,0.029475098,0.028958043
Jordan,1705,36716,Qwaismeh,2022,0.028170131,0.027653078
Jordan,1705,36716,Qwaismeh,2023,0.017279277,0.016771153
Jordan,1705,36716,Qwaismeh,2024,0.018105991,0.016825624
Jordan,1705,36717,Amman,2015,0.026276622,0.025679365
Jordan,1705,36717,Amman,2016,0.024588455,0.0239912
Jordan,1705,36717,Amman,2017,0.024064269,0.023467012
Jordan,1705,36717,Amman,2018,0.023987593,0.023390336
Jordan,1705,36717,Amman,2019,0.0134632485,0.012865991
Jordan,1705,36717,Amman,2020,0.023433698,0.022836443
Jordan,1705,36717,Amman,2021,0.013363116,0.01276586
Jordan,1705,36717,Amman,2022,0.014170491,0.013573234
Jordan,1705,36717,Amman,2023,0.013645949,0.013048693
Jordan,1705,36717,Amman,2024,0.0114690885,0.010871831
Jordan,1705,36718,Marka,2015,0.022621142,0.022494435
Jordan,1705,36718,Marka,2016,0.019868093,0.019868093
Jordan,1705,36718,Marka,2017,0.02022788,0.02022788
Jordan,1705,36718,Marka,2018,0.020186333,0.020186333
Jordan,1705,36718,Marka,2019,0.017676376,0.01754967
Jordan,1705,36718,Marka,2020,0.018091416,0.017964711
Jordan,1705,36718,Marka,2021,0.017676376,0.017676376
Jordan,1705,36718,Marka,2022,0.017924285,0.017924285
Jordan,1705,36718,Marka,2023,0.017676376,0.01754967
Jordan,1705,36718,Marka,2024,0.017676376,0.01754967
Jordan,1705,36719,Al-Muwaqar,2015,0.025081469,0.023059871
Jordan,1705,36719,Al-Muwaqar,2016,0.034563147,0.034563147
Jordan,1705,36719,Al-Muwaqar,2017,0.02587151,0.02587151
Jordan,1705,36719,Al-Muwaqar,2018,0.023133734,0.023133734
Jordan,1705,36719,Al-Muwaqar,2019,0.024119603,0.024590155
Jordan,1705,36719,Al-Muwaqar,2020,0.02600883,0.026479384
Jordan,1705,36719,Al-Muwaqar,2021,0.028613286,0.028613286
Jordan,1705,36719,Al-Muwaqar,2022,0.024475014,0.024945566
Jordan,1705,36719,Al-Muwaqar,2023,0.02531733,0.02578788
Jordan,1705,36719,Al-Muwaqar,2024,0.030437615,0.030908165
Jordan,1705,36720,Na'oor,2015,0.111721106,0.09433339
Jordan,1705,36720,Na'oor,2016,0.087915406,0.07631694
Jordan,1705,36720,Na'oor,2017,0.08322031,0.08291627
Jordan,1705,36720,Na'oor,2018,0.08632378,0.074725375
Jordan,1705,36720,Na'oor,2019,0.1212967,0.10887689
Jordan,1705,36720,Na'oor,2020,0.12532097,0.112901166
Jordan,1705,36720,Na'oor,2021,0.1231612,0.11156272
Jordan,1705,36720,Na'oor,2022,0.12031964,0.10851034
Jordan,1705,36720,Na'oor,2023,0.11810784,0.10589217
Jordan,1705,36720,Na'oor,2024,0.12042307,0.1082074
Jordan,1705,36721,Sahab,2015,0.07924018,0.08001481
Jordan,1705,36721,Sahab,2016,0.081108294,0.08157884
Jordan,1705,36721,Sahab,2017,0.08089368,0.08136423
Jordan,1705,36721,Sahab,2018,0.08275673,0.08275673
Jordan,1705,36721,Sahab,2019,0.0791863,0.0792665
Jordan,1705,36721,Sahab,2020,0.08042304,0.080503255
Jordan,1705,36721,Sahab,2021,0.07749566,0.077966206
Jordan,1705,36721,Sahab,2022,0.07798373,0.07845428
Jordan,1705,36721,Sahab,2023,0.08245164,0.08292219
Jordan,1705,36721,Sahab,2024,0.08093639,0.08170208
Jordan,1705,36722,Wadisseer,2015,0.06272001,0.04768379
Jordan,1705,36722,Wadisseer,2016,0.062074065,0.047357056
Jordan,1705,36722,Wadisseer,2017,0.061719228,0.045132656
Jordan,1705,36722,Wadisseer,2018,0.057185356,0.0401838
Jordan,1705,36722,Wadisseer,2019,0.057219956,0.041644398
Jordan,1705,36722,Wadisseer,2020,0.050020363,0.03421974
Jordan,1705,36722,Wadisseer,2021,0.057185356,0.0401838
Jordan,1705,36722,Wadisseer,2022,0.058508035,0.04160223
Jordan,1705,36722,Wadisseer,2023,0.051415212,0.03496874
Jordan,1705,36722,Wadisseer,2024,0.05764577,0.041199267
Jordan,1703,36724,Al-Qwaira,2015,0.12403355,0.13174996
Jordan,1703,36724,Al-Qwaira,2016,0.12350804,0.12859814
Jordan,1703,36724,Al-Qwaira,2017,0.12368648,0.12751696
Jordan,1703,36724,Al-Qwaira,2018,0.12237337,0.1258505
Jordan,1703,36724,Al-Qwaira,2019,0.12170181,0.12747496
Jordan,1703,36724,Al-Qwaira,2020,0.122213565,0.12657431
Jordan,1703,36724,Al-Qwaira,2021,0.11513538,0.12212679
Jordan,1703,36724,Al-Qwaira,2022,0.12192423,0.131302
Jordan,1703,36724,Al-Qwaira,2023,0.11539816,0.12546115
Jordan,1703,36724,Al-Qwaira,2024,0.12236211,0.13221425
Jordan,1702,36725,Dair Ala,2015,0.051749766,0.038144283
Jordan,1702,36725,Dair Ala,2016,0.05060197,0.04773021
Jordan,1702,36725,Dair Ala,2017,0.047215804,0.04544402
Jordan,1702,36725,Dair Ala,2018,0.04722193,0.045450136
Jordan,1702,36725,Dair Ala,2019,0.034201346,0.018529072
Jordan,1702,36725,Dair Ala,2020,0.032003716,0.018749872
Jordan,1702,36725,Dair Ala,2021,0.04964442,0.036805563
Jordan,1702,36725,Dair Ala,2022,0.05166906,0.03595247
Jordan,1702,36725,Dair Ala,2023,0.050330836,0.034658574
Jordan,1702,36725,Dair Ala,2024,0.049179,0.033506747
Jordan,1702,36726,Al-Shoona Al-Janoobiya,2015,0.3133842,0.2728492
Jordan,1702,36726,Al-Shoona Al-Janoobiya,2016,0.3144275,0.2740262
Jordan,1702,36726,Al-Shoona Al-Janoobiya,2017,0.2994858,0.2606345
Jordan,1702,36726,Al-Shoona Al-Janoobiya,2018,0.30508143,0.27171916
Jordan,1702,36726,Al-Shoona Al-Janoobiya,2019,0.29713175,0.26481283
Jordan,1702,36726,Al-Shoona Al-Janoobiya,2020,0.30245435,0.2649886
Jordan,1702,36726,Al-Shoona Al-Janoobiya,2021,0.2870778,0.25990736
Jordan,1702,36726,Al-Shoona Al-Janoobiya,2022,0.23317578,0.21002974
Jordan,1702,36726,Al-Shoona Al-Janoobiya,2023,0.26345795,0.24109268
Jordan,1702,36726,Al-Shoona Al-Janoobiya,2024,0.25994074,0.24926373
Jordan,1702,36728,Al-Ruseifa,2015,0.050310366,0.047138695
Jordan,1702,36728,Al-Ruseifa,2016,0.05201345,0.0516231
Jordan,1702,36728,Al-Ruseifa,2017,0.05201345,0.05201345
Jordan,1702,36728,Al-Ruseifa,2018,0.052811407,0.052421056
Jordan,1702,36728,Al-Ruseifa,2019,0.0499074,0.046735726
Jordan,1702,36728,Al-Ruseifa,2020,0.053975604,0.051045652
Jordan,1702,36728,Al-Ruseifa,2021,0.05150891,0.04833724
Jordan,1702,36728,Al-Ruseifa,2022,0.049387097,0.048623774
Jordan,1702,36728,Al-Ruseifa,2023,0.05150891,0.04833724
Jordan,1702,36728,Al-Ruseifa,2024,0.055150002,0.05222005
Jordan,1707,36729,Al-Teeba,2015,0.26432395,0.26855898
Jordan,1707,36729,Al-Teeba,2016,0.28260675,0.2898367
Jordan,1707,36729,Al-Teeba,2017,0.25363174,0.2714336
Jordan,1707,36729,Al-Teeba,2018,0.29605785,0.29604515
Jordan,1707,36729,Al-Teeba,2019,0.2622872,0.26105624
Jordan,1707,36729,Al-Teeba,2020,0.27226344,0.26942816
Jordan,1707,36729,Al-Teeba,2021,0.25379187,0.25696743
Jordan,1707,36729,Al-Teeba,2022,0.25152987,0.25900602
Jordan,1707,36729,Al-Teeba,2023,0.24653928,0.24229312
Jordan,1707,36729,Al-Teeba,2024,0.25569317,0.25485274
Jordan,1707,36730,Al-Aghwar Al-Shimaliya,2015,0.023944905,0.021873457
Jordan,1707,36730,Al-Aghwar Al-Shimaliya,2016,0.029032646,0.029807273
Jordan,1707,36730,Al-Aghwar Al-Shimaliya,2017,0.022932276,0.02262825
Jordan,1707,36730,Al-Aghwar Al-Shimaliya,2018,0.030768113,0.030857248
Jordan,1707,36730,Al-Aghwar Al-Shimaliya,2019,0.0280621,0.018317819
Jordan,1707,36730,Al-Aghwar Al-Shimaliya,2020,0.029527048,0.01978277
Jordan,1707,36730,Al-Aghwar Al-Shimaliya,2021,0.031973045,0.03107583
Jordan,1707,36730,Al-Aghwar Al-Shimaliya,2022,0.03273269,0.031835474
Jordan,1707,36730,Al-Aghwar Al-Shimaliya,2023,0.031394467,0.03049725
Jordan,1707,36730,Al-Aghwar Al-Shimaliya,2024,0.03306913,0.021105425
Jordan,1707,36731,Al-Ramtha,2015,0.1289393,0.108824186
Jordan,1707,36731,Al-Ramtha,2016,0.13131775,0.11226434
Jordan,1707,36731,Al-Ramtha,2017,0.13385588,0.11254606
Jordan,1707,36731,Al-Ramtha,2018,0.14188005,0.112369865
Jordan,1707,36731,Al-Ramtha,2019,0.15664862,0.13640611
Jordan,1707,36731,Al-Ramtha,2020,0.15653378,0.13677035
Jordan,1707,36731,Al-Ramtha,2021,0.15597512,0.13285227
Jordan,1707,36731,Al-Ramtha,2022,0.16078289,0.13812375
Jordan,1707,36731,Al-Ramtha,2023,0.1461519,0.16730545
Jordan,1707,36731,Al-Ramtha,2024,0.1501848,0.1644875
Jordan,1707,36732,Beni Obaid,2015,0.060306795,0.04733796
Jordan,1707,36732,Beni Obaid,2016,0.07482371,0.07212646
Jordan,1707,36732,Beni Obaid,2017,0.07258396,0.07114092
Jordan,1707,36732,Beni Obaid,2018,0.06752729,0.06614133
Jordan,1707,36732,Beni Obaid,2019,0.051564787,0.038595952
Jordan,1707,36732,Beni Obaid,2020,0.053580105,0.041127644
Jordan,1707,36732,Beni Obaid,2021,0.046935666,0.03489814
Jordan,1707,36732,Beni Obaid,2022,0.048263464,0.03576663
Jordan,1707,36732,Beni Obaid,2023,0.049289003,0.034833044
Jordan,1707,36732,Beni Obaid,2024,0.050730422,0.035859503
Jordan,1707,36734,Beni Kinana,2015,0.15111354,0.13115516
Jordan,1707,36734,Beni Kinana,2016,0.1591538,0.1414956
Jordan,1707,36734,Beni Kinana,2017,0.15621383,0.13017038
Jordan,1707,36734,Beni Kinana,2018,0.15015523,0.118128814
Jordan,1707,36734,Beni Kinana,2019,0.15001717,0.1421644
Jordan,1707,36734,Beni Kinana,2020,0.15017292,0.14583082
Jordan,1707,36734,Beni Kinana,2021,0.14447421,0.13553911
Jordan,1707,36734,Beni Kinana,2022,0.1415655,0.15793312
Jordan,1707,36734,Beni Kinana,2023,0.12563132,0.11421135
Jordan,1707,36734,Beni Kinana,2024,0.13040294,0.11766492
Jordan,1707,36735,Al-Koora,2015,0.23179153,0.19974762
Jordan,1707,36735,Al-Koora,2016,0.21814509,0.19718878
Jordan,1707,36735,Al-Koora,2017,0.2188367,0.19546649
Jordan,1707,36735,Al-Koora,2018,0.21578845,0.1962345
Jordan,1707,36735,Al-Koora,2019,0.2118061,0.17221992
Jordan,1707,36735,Al-Koora,2020,0.21852776,0.18604518
Jordan,1707,36735,Al-Koora,2021,0.21958598,0.18375254
Jordan,1707,36735,Al-Koora,2022,0.19977865,0.18081242
Jordan,1707,36735,Al-Koora,2023,0.16415347,0.15687086
Jordan,1707,36735,Al-Koora,2024,0.173986,0.16452609
Jordan,1707,36736,Al-Mazar Al-Shimali,2015,0.18539241,0.17163096
Jordan,1707,36736,Al-Mazar Al-Shimali,2016,0.20102203,0.19670936
Jordan,1707,36736,Al-Mazar Al-Shimali,2017,0.17068304,0.14392397
Jordan,1707,36736,Al-Mazar Al-Shimali,2018,0.15476741,0.13699798
Jordan,1707,36736,Al-Mazar Al-Shimali,2019,0.15331279,0.1537153
Jordan,1707,36736,Al-Mazar Al-Shimali,2020,0.1474378,0.14543796
Jordan,1707,36736,Al-Mazar Al-Shimali,2021,0.14935428,0.14063597
Jordan,1707,36736,Al-Mazar Al-Shimali,2022,0.13873845,0.12194076
Jordan,1707,36736,Al-Mazar Al-Shimali,2023,0.13731346,0.12426438
Jordan,1707,36736,Al-Mazar Al-Shimali,2024,0.13566639,0.120425634
Jordan,1708,36737,Jarash,2015,0.10744478,0.083498046
Jordan,1708,36737,Jarash,2016,0.09894854,0.080958396
Jordan,1708,36737,Jarash,2017,0.10085325,0.08177878
Jordan,1708,36737,Jarash,2018,0.093921654,0.08122459
Jordan,1708,36737,Jarash,2019,0.09434508,0.08240974
Jordan,1708,36737,Jarash,2020,0.09508151,0.08204593
Jordan,1708,36737,Jarash,2021,0.09637267,0.08333708
Jordan,1708,36737,Jarash,2022,0.09637267,0.084437326
Jordan,1708,36737,Jarash,2023,0.09637267,0.08326063
Jordan,1708,36737,Jarash,2024,0.10665009,0.09353805
Jordan,1704,36738,Al-Aghwar Al-Janoobiya,2015,0.32836542,0.29828134
Jordan,1704,36738,Al-Aghwar Al-Janoobiya,2016,0.31330955,0.29020733
Jordan,1704,36738,Al-Aghwar Al-Janoobiya,2017,0.3048371,0.28284693
Jordan,1704,36738,Al-Aghwar Al-Janoobiya,2018,0.3093521,0.2900164
Jordan,1704,36738,Al-Aghwar Al-Janoobiya,2019,0.28874618,0.2714549
Jordan,1704,36738,Al-Aghwar Al-Janoobiya,2020,0.28992748,0.2643785
Jordan,1704,36738,Al-Aghwar Al-Janoobiya,2021,0.28394613,0.2608069
Jordan,1704,36738,Al-Aghwar Al-Janoobiya,2022,0.2554749,0.23308107
Jordan,1704,36738,Al-Aghwar Al-Janoobiya,2023,0.2557226,0.2283853
Jordan,1704,36738,Al-Aghwar Al-Janoobiya,2024,0.25802922,0.21904704
Jordan,1704,36739,Ayy,2015,0.11231497,0.13344093
Jordan,1704,36739,Ayy,2016,0.0964501,0.121751055
Jordan,1704,36739,Ayy,2017,0.10833193,0.12886748
Jordan,1704,36739,Ayy,2018,0.08637117,0.116076015
Jordan,1704,36739,Ayy,2019,0.07552294,0.078198336
Jordan,1704,36739,Ayy,2020,0.07069687,0.0859291
Jordan,1704,36739,Ayy,2021,0.076427996,0.07689856
Jordan,1704,36739,Ayy,2022,0.07676022,0.07723079
Jordan,1704,36739,Ayy,2023,0.07420986,0.07533468
Jordan,1704,36739,Ayy,2024,0.08035701,0.080827564
Jordan,1704,36741,Al-Mazar Al-Janoobi,2015,0.08253144,0.09379688
Jordan,1704,36741,Al-Mazar Al-Janoobi,2016,0.0759486,0.07978524
Jordan,1704,36741,Al-Mazar Al-Janoobi,2017,0.06887041,0.06934097
Jordan,1704,36741,Al-Mazar Al-Janoobi,2018,0.07242754,0.07319324
Jordan,1704,36741,Al-Mazar Al-Janoobi,2019,0.07199434,0.07276004
Jordan,1704,36741,Al-Mazar Al-Janoobi,2020,0.06968425,0.070458874
Jordan,1704,36741,Al-Mazar Al-Janoobi,2021,0.07170553,0.072176084
Jordan,1704,36741,Al-Mazar Al-Janoobi,2022,0.0774915,0.077962056
Jordan,1704,36741,Al-Mazar Al-Janoobi,2023,0.06568893,0.06646355
Jordan,1704,36741,Al-Mazar Al-Janoobi,2024,0.07685695,0.077327505
Jordan,1709,36745,Al-Shobak,2015,0.16866075,0.17576967
Jordan,1709,36745,Al-Shobak,2016,0.16127592,0.16473496
Jordan,1709,36745,Al-Shobak,2017,0.15748903,0.1637108
Jordan,1709,36745,Al-Shobak,2018,0.15021996,0.15245314
Jordan,1709,36745,Al-Shobak,2019,0.13964622,0.12688649
Jordan,1709,36745,Al-Shobak,2020,0.14302914,0.12951565
Jordan,1709,36745,Al-Shobak,2021,0.13906285,0.12583253
Jordan,1709,36745,Al-Shobak,2022,0.14766866,0.13776635
Jordan,1709,36745,Al-Shobak,2023,0.12346468,0.120543025
Jordan,1709,36745,Al-Shobak,2024,0.12525809,0.12435084
Jordan,1709,36746,Wadi Moosa,2015,0.04662992,0.04662992
Jordan,1709,36746,Wadi Moosa,2016,0.04814587,0.04814587
Jordan,1709,36746,Wadi Moosa,2017,0.048958085,0.048958085
Jordan,1709,36746,Wadi Moosa,2018,0.046084657,0.046084657
Jordan,1709,36746,Wadi Moosa,2019,0.044008337,0.044008337
Jordan,1709,36746,Wadi Moosa,2020,0.04675234,0.04675234
Jordan,1709,36746,Wadi Moosa,2021,0.04675234,0.04675234
Jordan,1709,36746,Wadi Moosa,2022,0.04495532,0.04495532
Jordan,1709,36746,Wadi Moosa,2023,0.05292662,0.05292662
Jordan,1709,36746,Wadi Moosa,2024,0.049711306,0.049711306
Jordan,1701,65715,Kufranjeh,2015,0.19283403,0.12512864
Jordan,1701,65715,Kufranjeh,2016,0.19399808,0.14422737
Jordan,1701,65715,Kufranjeh,2017,0.21222836,0.16533846
Jordan,1701,65715,Kufranjeh,2018,0.20429957,0.13865632
Jordan,1701,65715,Kufranjeh,2019,0.22667298,0.14179339
Jordan,1701,65715,Kufranjeh,2020,0.21163574,0.12885346
Jordan,1701,65715,Kufranjeh,2021,0.21130517,0.13192199
Jordan,1701,65715,Kufranjeh,2022,0.21716496,0.13180806
Jordan,1701,65715,Kufranjeh,2023,0.21541354,0.13632464
Jordan,1701,65715,Kufranjeh,2024,0.20544553,0.13684544
Jordan,1701,65716,Ajloon,2015,0.15348057,0.10945878
Jordan,1701,65716,Ajloon,2016,0.14697511,0.11038903
Jordan,1701,65716,Ajloon,2017,0.14609003,0.109135896
Jordan,1701,65716,Ajloon,2018,0.1496522,0.11425711
Jordan,1701,65716,Ajloon,2019,0.15173703,0.11248521
Jordan,1701,65716,Ajloon,2020,0.15789588,0.11819609
Jordan,1701,65716,Ajloon,2021,0.15298402,0.117873155
Jordan,1701,65716,Ajloon,2022,0.15384205,0.113874726
Jordan,1701,65716,Ajloon,2023,0.14105737,0.11681488
Jordan,1701,65716,Ajloon,2024,0.13973716,0.11747477
Jordan,1703,65717,Aqaba,2015,0.1553797,0.1553797
Jordan,1703,65717,Aqaba,2016,0.17433158,0.17433158
Jordan,1703,65717,Aqaba,2017,0.15999617,0.15999617
Jordan,1703,65717,Aqaba,2018,0.1834186,0.1834186
Jordan,1703,65717,Aqaba,2019,0.158392,0.158392
Jordan,1703,65717,Aqaba,2020,0.16455893,0.16455893
Jordan,1703,65717,Aqaba,2021,0.1628541,0.1628541
Jordan,1703,65717,Aqaba,2022,0.15597153,0.15597153
Jordan,1703,65717,Aqaba,2023,0.15585409,0.15585409
Jordan,1703,65717,Aqaba,2024,0.178568,0.178568
Jordan,1703,65718,Wadi Araba,2015,0.20579316,0.20422386
Jordan,1703,65718,Wadi Araba,2016,0.2100406,0.20178156
Jordan,1703,65718,Wadi Araba,2017,0.20631461,0.19684443
Jordan,1703,65718,Wadi Araba,2018,0.23759156,0.22896136
Jordan,1703,65718,Wadi Araba,2019,0.21765727,0.20812713
Jordan,1703,65718,Wadi Araba,2020,0.23012316,0.21998052
Jordan,1703,65718,Wadi Araba,2021,0.22205195,0.21102946
Jordan,1703,65718,Wadi Araba,2022,0.19083774,0.1806773
Jordan,1703,65718,Wadi Araba,2023,0.22738391,0.21714798
Jordan,1703,65718,Wadi Araba,2024,0.23563984,0.22606671
Jordan,1702,65719,Mahes & Fhais,2015,0.13136016,0.1575323
Jordan,1702,65719,Mahes & Fhais,2016,0.115194745,0.14857827
Jordan,1702,65719,Mahes & Fhais,2017,0.12037611,0.14891301
Jordan,1702,65719,Mahes & Fhais,2018,0.11824901,0.14725484
Jordan,1702,65719,Mahes & Fhais,2019,0.113595754,0.14770505
Jordan,1702,65719,Mahes & Fhais,2020,0.11659537,0.15016645
Jordan,1702,65719,Mahes & Fhais,2021,0.09728167,0.13711545
Jordan,1702,65719,Mahes & Fhais,2022,0.10372798,0.13385093
Jordan,1702,65719,Mahes & Fhais,2023,0.10224427,0.1349286
Jordan,1702,65719,Mahes & Fhais,2024,0.095434494,0.14738755
Jordan,1702,65720,Al-Ardha,2015,0.10823876,0.12861145
Jordan,1702,65720,Al-Ardha,2016,0.10668666,0.12563388
Jordan,1702,65720,Al-Ardha,2017,0.10662636,0.12804008
Jordan,1702,65720,Al-Ardha,2018,0.104021415,0.11635483
Jordan,1702,65720,Al-Ardha,2019,0.10296662,0.12578154
Jordan,1702,65720,Al-Ardha,2020,0.10139333,0.121437564
Jordan,1702,65720,Al-Ardha,2021,0.10337209,0.11516685
Jordan,1702,65720,Al-Ardha,2022,0.12043439,0.12644291
Jordan,1702,65720,Al-Ardha,2023,0.117486015,0.12288035
Jordan,1702,65720,Al-Ardha,2024,0.14271653,0.1443321
Jordan,1702,65721,Zay,2015,0.13807833,0.1213011
Jordan,1702,65721,Zay,2016,0.1356203,0.118398316
Jordan,1702,65721,Zay,2017,0.13307218,0.11977464
Jordan,1702,65721,Zay,2018,0.1320706,0.115243115
Jordan,1702,65721,Zay,2019,0.13306606,0.117016256
Jordan,1702,65721,Zay,2020,0.12126771,0.106121965
Jordan,1702,65721,Zay,2021,0.13306606,0.117016256
Jordan,1702,65721,Zay,2022,0.13628863,0.11900185
Jordan,1702,65721,Zay,2023,0.1287603,0.11271048
Jordan,1702,65721,Zay,2024,0.12776482,0.110937335
Jordan,1702,65722,Al-Salt,2015,0.10685424,0.09296856
Jordan,1702,65722,Al-Salt,2016,0.105860926,0.09322946
Jordan,1702,65722,Al-Salt,2017,0.10650692,0.09361568
Jordan,1702,65722,Al-Salt,2018,0.10333798,0.09122289
Jordan,1702,65722,Al-Salt,2019,0.109697364,0.09758227
Jordan,1702,65722,Al-Salt,2020,0.11000478,0.09788969
Jordan,1702,65722,Al-Salt,2021,0.10975351,0.09763842
Jordan,1702,65722,Al-Salt,2022,0.10433056,0.091756165
Jordan,1702,65722,Al-Salt,2023,0.1107461,0.0981717
Jordan,1702,65722,Al-Salt,2024,0.10394368,0.09182859
Jordan,1702,65723,Ira & Yarqa,2015,0.14435114,0.1343763
Jordan,1702,65723,Ira & Yarqa,2016,0.13743325,0.13659456
Jordan,1702,65723,Ira & Yarqa,2017,0.13829479,0.13064656
Jordan,1702,65723,Ira & Yarqa,2018,0.12525645,0.115542136
Jordan,1702,65723,Ira & Yarqa,2019,0.124355525,0.11406013
Jordan,1702,65723,Ira & Yarqa,2020,0.121068776,0.11339153
Jordan,1702,65723,Ira & Yarqa,2021,0.12540425,0.11386078
Jordan,1702,65723,Ira & Yarqa,2022,0.13147955,0.12020752
Jordan,1702,65723,Ira & Yarqa,2023,0.12888867,0.11645347
Jordan,1702,65723,Ira & Yarqa,2024,0.12971558,0.120280504
Jordan,1704,65724,Al-Qaser,2015,0.13974799,0.1465491
Jordan,1704,65724,Al-Qaser,2016,0.113070816,0.13122389
Jordan,1704,65724,Al-Qaser,2017,0.11345162,0.11421444
Jordan,1704,65724,Al-Qaser,2018,0.10487253,0.10534308
Jordan,1704,65724,Al-Qaser,2019,0.11235357,0.11282412
Jordan,1704,65724,Al-Qaser,2020,0.1132647,0.11385199
Jordan,1704,65724,Al-Qaser,2021,0.11722345,0.117694
Jordan,1704,65724,Al-Qaser,2022,0.12821603,0.12868658
Jordan,1704,65724,Al-Qaser,2023,0.11613544,0.11660599
Jordan,1704,65724,Al-Qaser,2024,0.117980465,0.118451014
Jordan,1704,65725,Al-Qatraneh,2015,0.15013498,0.15245202
Jordan,1704,65725,Al-Qatraneh,2016,0.15055893,0.15283261
Jordan,1704,65725,Al-Qatraneh,2017,0.1507831,0.15119705
Jordan,1704,65725,Al-Qatraneh,2018,0.14838684,0.14859514
Jordan,1704,65725,Al-Qatraneh,2019,0.15379862,0.15520331
Jordan,1704,65725,Al-Qatraneh,2020,0.15802267,0.15932395
Jordan,1704,65725,Al-Qatraneh,2021,0.14163125,0.14376387
Jordan,1704,65725,Al-Qatraneh,2022,0.14799058,0.15404493
Jordan,1704,65725,Al-Qatraneh,2023,0.13887513,0.14932401
Jordan,1704,65725,Al-Qatraneh,2024,0.13628359,0.14855774
Jordan,1704,65726,Faqooa',2015,0.14603922,0.16697763
Jordan,1704,65726,Faqooa',2016,0.12229823,0.15106876
Jordan,1704,65726,Faqooa',2017,0.15977879,0.18803789
Jordan,1704,65726,Faqooa',2018,0.14061806,0.15206125
Jordan,1704,65726,Faqooa',2019,0.14748086,0.16400816
Jordan,1704,65726,Faqooa',2020,0.12648794,0.13004863
Jordan,1704,65726,Faqooa',2021,0.11081299,0.12120598
Jordan,1704,65726,Faqooa',2022,0.124462016,0.13261479
Jordan,1704,65726,Faqooa',2023,0.11319278,0.11430866
Jordan,1704,65726,Faqooa',2024,0.11926656,0.119853854
Jordan,1704,65727,Karak,2015,0.046873633,0.048038613
Jordan,1704,65727,Karak,2016,0.04668074,0.047836788
Jordan,1704,65727,Karak,2017,0.047794532,0.048265085
Jordan,1704,65727,Karak,2018,0.04578981,0.04695479
Jordan,1704,65727,Karak,2019,0.045135424,0.0463004
Jordan,1704,65727,Karak,2020,0.03813597,0.037102852
Jordan,1704,65727,Karak,2021,0.04710052,0.047571074
Jordan,1704,65727,Karak,2022,0.038151726,0.038622282
Jordan,1704,65727,Karak,2023,0.045314398,0.046479374
Jordan,1704,65727,Karak,2024,0.0476661,0.04813665
Jordan,1711,65728,Al-ruwaished,2015,0.13667205,0.13223448
Jordan,1711,65728,Al-ruwaished,2016,0.12384019,0.11878135
Jordan,1711,65728,Al-ruwaished,2017,0.12997787,0.121732496
Jordan,1711,65728,Al-ruwaished,2018,0.124669455,0.11830063
Jordan,1711,65728,Al-ruwaished,2019,0.11933241,0.11359713
Jordan,1711,65728,Al-ruwaished,2020,0.11855417,0.111906804
Jordan,1711,65728,Al-ruwaished,2021,0.10437263,0.10437263
Jordan,1711,65728,Al-ruwaished,2022,0.10662075,0.1071224
Jordan,1711,65728,Al-ruwaished,2023,0.10441667,0.10441667
Jordan,1711,65728,Al-ruwaished,2024,0.105054,0.105661124
Jordan,1711,65729,Bal'ama,2015,0.09733027,0.08534332
Jordan,1711,65729,Bal'ama,2016,0.0701377,0.067511566
Jordan,1711,65729,Bal'ama,2017,0.05893955,0.0605351
Jordan,1711,65729,Bal'ama,2018,0.05937721,0.059847765
Jordan,1711,65729,Bal'ama,2019,0.050959185,0.0448284
Jordan,1711,65729,Bal'ama,2020,0.051593106,0.045877296
Jordan,1711,65729,Bal'ama,2021,0.049595546,0.048125584
Jordan,1711,65729,Bal'ama,2022,0.06598578,0.06451582
Jordan,1711,65729,Bal'ama,2023,0.05056866,0.049098704
Jordan,1711,65729,Bal'ama,2024,0.0435645,0.04236033
Jordan,1711,65730,Mafraq,2015,0.03593389,0.016181309
Jordan,1711,65730,Mafraq,2016,0.013330258,0.013330258
Jordan,1711,65730,Mafraq,2017,0.010875193,0.010875193
Jordan,1711,65730,Mafraq,2018,0.0091214245,0.0091214245
Jordan,1711,65730,Mafraq,2019,0.008923257,0.008923257
Jordan,1711,65730,Mafraq,2020,0.00708903,0.007017281
Jordan,1711,65730,Mafraq,2021,0.0069090025,0.0069090025
Jordan,1711,65730,Mafraq,2022,0.0073428075,0.0073428075
Jordan,1711,65730,Mafraq,2023,0.0086522745,0.0086522745
Jordan,1711,65730,Mafraq,2024,0.011720515,0.011648759
Jordan,1711,65731,Sabha,2015,0.08282691,0.079939194
Jordan,1711,65731,Sabha,2016,0.073057234,0.07696565
Jordan,1711,65731,Sabha,2017,0.06865691,0.07200515
Jordan,1711,65731,Sabha,2018,0.06562304,0.070992984
Jordan,1711,65731,Sabha,2019,0.054481547,0.06278688
Jordan,1711,65731,Sabha,2020,0.05006081,0.055481616
Jordan,1711,65731,Sabha,2021,0.045722444,0.048743997
Jordan,1711,65731,Sabha,2022,0.045119956,0.053189367
Jordan,1711,65731,Sabha,2023,0.041768152,0.041768152
Jordan,1711,65731,Sabha,2024,0.03640486,0.036875423
Jordan,1711,65732,Sama Al-Serhan,2015,0.050602086,0.03359055
Jordan,1711,65732,Sama Al-Serhan,2016,0.041748587,0.04079666
Jordan,1711,65732,Sama Al-Serhan,2017,0.03312949,0.031228745
Jordan,1711,65732,Sama Al-Serhan,2018,0.02895152,0.029350314
Jordan,1711,65732,Sama Al-Serhan,2019,0.017224433,0.016360514
Jordan,1711,65732,Sama Al-Serhan,2020,0.010038211,0.008438421
Jordan,1711,65732,Sama Al-Serhan,2021,0.01040706,0.010805858
Jordan,1711,65732,Sama Al-Serhan,2022,0.011021512,0.011420309
Jordan,1711,65732,Sama Al-Serhan,2023,0.02455172,0.02495051
Jordan,1711,65732,Sama Al-Serhan,2024,0.0117579475,0.0034009346
Jordan,1706,65733,Al-Hasa,2015,0.1311144,0.1311144
Jordan,1706,65733,Al-Hasa,2016,0.13278162,0.13278162
Jordan,1706,65733,Al-Hasa,2017,0.13260661,0.13260661
Jordan,1706,65733,Al-Hasa,2018,0.14287062,0.15075338
Jordan,1706,65733,Al-Hasa,2019,0.13031198,0.13070244
Jordan,1706,65733,Al-Hasa,2020,0.12423869,0.12423869
Jordan,1706,65733,Al-Hasa,2021,0.12620851,0.12620851
Jordan,1706,65733,Al-Hasa,2022,0.1314204,0.1314204
Jordan,1706,65733,Al-Hasa,2023,0.13156906,0.13156906
Jordan,1706,65733,Al-Hasa,2024,0.13323502,0.13323502
Jordan,1706,65734,Bsaira,2015,0.08550416,0.08611372
Jordan,1706,65734,Bsaira,2016,0.08621617,0.08683058
Jordan,1706,65734,Bsaira,2017,0.07828331,0.08128048
Jordan,1706,65734,Bsaira,2018,0.087857164,0.08832771
Jordan,1706,65734,Bsaira,2019,0.07684661,0.077317156
Jordan,1706,65734,Bsaira,2020,0.082927585,0.08339813
Jordan,1706,65734,Bsaira,2021,0.076103024,0.07657357
Jordan,1706,65734,Bsaira,2022,0.07699624,0.07746679
Jordan,1706,65734,Bsaira,2023,0.08424597,0.08536185
Jordan,1706,65734,Bsaira,2024,0.075838946,0.0763095
Jordan,1706,65735,Tafiela,2015,0.14064096,0.114859834
Jordan,1706,65735,Tafiela,2016,0.12763347,0.1033534
Jordan,1706,65735,Tafiela,2017,0.10736368,0.08930677
Jordan,1706,65735,Tafiela,2018,0.08900341,0.08900341
Jordan,1706,65735,Tafiela,2019,0.08900341,0.08900341
Jordan,1706,65735,Tafiela,2020,0.08963101,0.090316504
Jordan,1706,65735,Tafiela,2021,0.08900341,0.08900341
Jordan,1706,65735,Tafiela,2022,0.08900341,0.08900341
Jordan,1706,65735,Tafiela,2023,0.089508384,0.089508384
Jordan,1706,65735,Tafiela,2024,0.08858025,0.08858025
Jordan,1712,65736,Al-Hashimiya,2015,0.10281621,0.10281621
Jordan,1712,65736,Al-Hashimiya,2016,0.09997002,0.09997002
Jordan,1712,65736,Al-Hashimiya,2017,0.111615114,0.111615114
Jordan,1712,65736,Al-Hashimiya,2018,0.10726786,0.10726786
Jordan,1712,65736,Al-Hashimiya,2019,0.097056605,0.097056605
Jordan,1712,65736,Al-Hashimiya,2020,0.09404472,0.09404472
Jordan,1712,65736,Al-Hashimiya,2021,0.09376268,0.09376268
Jordan,1712,65736,Al-Hashimiya,2022,0.095340826,0.095340826
Jordan,1712,65736,Al-Hashimiya,2023,0.0954054,0.0954054
Jordan,1712,65736,Al-Hashimiya,2024,0.095486246,0.095486246
Jordan,1712,65737,Al-Dhilail,2015,0.0658581,0.045812618
Jordan,1712,65737,Al-Dhilail,2016,0.06679568,0.06251474
Jordan,1712,65737,Al-Dhilail,2017,0.06771462,0.06641945
Jordan,1712,65737,Al-Dhilail,2018,0.07777299,0.067582175
Jordan,1712,65737,Al-Dhilail,2019,0.06560768,0.042635623
Jordan,1712,65737,Al-Dhilail,2020,0.07001342,0.050600033
Jordan,1712,65737,Al-Dhilail,2021,0.068045944,0.06430292
Jordan,1712,65737,Al-Dhilail,2022,0.06617425,0.05203817
Jordan,1712,65737,Al-Dhilail,2023,0.06798289,0.051852893
Jordan,1712,65737,Al-Dhilail,2024,0.056528334,0.042141624
Jordan,1712,65738,Zarqa,2015,0.0057267398,0.0056000357
Jordan,1712,65738,Zarqa,2016,0.006104551,0.006104551
Jordan,1712,65738,Zarqa,2017,0.006598718,0.006598718
Jordan,1712,65738,Zarqa,2018,0.008210769,0.008210769
Jordan,1712,65738,Zarqa,2019,0.007253522,0.007253522
Jordan,1712,65738,Zarqa,2020,0.0074221995,0.0068249446
Jordan,1712,65738,Zarqa,2021,0.007286265,0.007286265
Jordan,1712,65738,Zarqa,2022,0.006162559,0.006162559
Jordan,1712,65738,Zarqa,2023,0.0063088336,0.0063088336
Jordan,1712,65738,Zarqa,2024,0.006334009,0.0057367524
Jordan,1707,65739,Al-Wasatiya,2015,0.18134572,0.16868857
Jordan,1707,65739,Al-Wasatiya,2016,0.20314863,0.19862688
Jordan,1707,65739,Al-Wasatiya,2017,0.17568934,0.17394651
Jordan,1707,65739,Al-Wasatiya,2018,0.16905451,0.1475432
Jordan,1707,65739,Al-Wasatiya,2019,0.16858235,0.16686234
Jordan,1707,65739,Al-Wasatiya,2020,0.15441337,0.15026873
Jordan,1707,65739,Al-Wasatiya,2021,0.1606813,0.17134966
Jordan,1707,65739,Al-Wasatiya,2022,0.14953625,0.14165361
Jordan,1707,65739,Al-Wasatiya,2023,0.14630085,0.13892119
Jordan,1707,65739,Al-Wasatiya,2024,0.14746687,0.13769293
Jordan,1707,65740,Irbid,2015,0.025546594,0.011992794
Jordan,1707,65740,Irbid,2016,0.030015709,0.014864236
Jordan,1707,65740,Irbid,2017,0.029518038,0.014423642
Jordan,1707,65740,Irbid,2018,0.024740934,0.009020254
Jordan,1707,65740,Irbid,2019,0.023678683,0.007958004
Jordan,1707,65740,Irbid,2020,0.024093721,0.008373045
Jordan,1707,65740,Irbid,2021,0.023780651,0.008059973
Jordan,1707,65740,Irbid,2022,0.023812069,0.005672964
Jordan,1707,65740,Irbid,2023,0.024785763,0.006116653
Jordan,1707,65740,Irbid,2024,0.024309268,0.0056401594
Jordan,1709,65741,Al-Mraigha,2015,0.1330971,0.13899486
Jordan,1709,65741,Al-Mraigha,2016,0.1252256,0.1312849
Jordan,1709,65741,Al-Mraigha,2017,0.12678596,0.13311091
Jordan,1709,65741,Al-Mraigha,2018,0.124912724,0.13194597
Jordan,1709,65741,Al-Mraigha,2019,0.12059976,0.12217037
Jordan,1709,65741,Al-Mraigha,2020,0.12089096,0.11931875
Jordan,1709,65741,Al-Mraigha,2021,0.1235179,0.11954358
Jordan,1709,65741,Al-Mraigha,2022,0.13113837,0.12320952
Jordan,1709,65741,Al-Mraigha,2023,0.107616015,0.08703346
Jordan,1709,65741,Al-Mraigha,2024,0.08913636,0.08062497
Jordan,1709,65742,Al-Jafer,2015,0.1482704,0.15760437
Jordan,1709,65742,Al-Jafer,2016,0.14621235,0.15504755
Jordan,1709,65742,Al-Jafer,2017,0.14601488,0.15656495
Jordan,1709,65742,Al-Jafer,2018,0.14498578,0.15199207
Jordan,1709,65742,Al-Jafer,2019,0.14482853,0.15252168
Jordan,1709,65742,Al-Jafer,2020,0.1490373,0.1551817
Jordan,1709,65742,Al-Jafer,2021,0.1469903,0.15393436
Jordan,1709,65742,Al-Jafer,2022,0.15513209,0.16541909
Jordan,1709,65742,Al-Jafer,2023,0.14686735,0.15739506
Jordan,1709,65742,Al-Jafer,2024,0.14583072,0.1548126
Jordan,1709,65743,Ail,2015,0.17380452,0.17295685
Jordan,1709,65743,Ail,2016,0.1890021,0.19037443
Jordan,1709,65743,Ail,2017,0.18317166,0.18407547
Jordan,1709,65743,Ail,2018,0.18514678,0.1848301
Jordan,1709,65743,Ail,2019,0.17498368,0.18535888
Jordan,1709,65743,Ail,2020,0.16805677,0.17897907
Jordan,1709,65743,Ail,2021,0.1723433,0.18335038
Jordan,1709,65743,Ail,2022,0.17261438,0.18391895
Jordan,1709,65743,Ail,2023,0.16235407,0.17085826
Jordan,1709,65743,Ail,2024,0.16211578,0.16206574
Jordan,1709,65744,Ma'an,2015,0.117259674,0.117259674
Jordan,1709,65744,Ma'an,2016,0.1118349,0.1118349
Jordan,1709,65744,Ma'an,2017,0.10952221,0.10952221
Jordan,1709,65744,Ma'an,2018,0.11416083,0.11416083
Jordan,1709,65744,Ma'an,2019,0.11296053,0.11296053
Jordan,1709,65744,Ma'an,2020,0.11217914,0.11217914
Jordan,1709,65744,Ma'an,2021,0.120349705,0.120349705
Jordan,1709,65744,Ma'an,2022,0.119884215,0.119884215
Jordan,1709,65744,Ma'an,2023,0.11459495,0.11459495
Jordan,1709,65744,Ma'an,2024,0.116337,0.116337
Jordan,1710,65745,Madaba,2015,0.11174711,0.064812504
Jordan,1710,65745,Madaba,2016,0.1176991,0.07265745
Jordan,1710,65745,Madaba,2017,0.111307055,0.07483399
Jordan,1710,65745,Madaba,2018,0.0991536,0.06947457
Jordan,1710,65745,Madaba,2019,0.0919743,0.06527605
Jordan,1710,65745,Madaba,2020,0.10224117,0.06742687
Jordan,1710,65745,Madaba,2021,0.09265931,0.07392501
Jordan,1710,65745,Madaba,2022,0.08536928,0.071167536
Jordan,1710,65745,Madaba,2023,0.07424132,0.069323584
Jordan,1710,65745,Madaba,2024,0.06905115,0.0684288
Jordan,1710,65746,Theeban,2015,0.14619088,0.17722832
Jordan,1710,65746,Theeban,2016,0.16337754,0.1878945
Jordan,1710,65746,Theeban,2017,0.16930757,0.19262192
Jordan,1710,65746,Theeban,2018,0.17519973,0.20072341
Jordan,1710,65746,Theeban,2019,0.14773051,0.16090466
Jordan,1710,65746,Theeban,2020,0.15008219,0.16360542
Jordan,1710,65746,Theeban,2021,0.1389932,0.1574791
Jordan,1710,65746,Theeban,2022,0.115257725,0.1280563
Jordan,1710,65746,Theeban,2023,0.10107536,0.10154591
Jordan,1710,65746,Theeban,2024,0.100168265,0.10128414
Kyrgyzstan,1746,18592,Batken,2015,0.23851162,0.17872217
Kyrgyzstan,1746,18592,Batken,2016,0.24762045,0.18401662
Kyrgyzstan,1746,18592,Batken,2017,0.22870919,0.16937727
Kyrgyzstan,1746,18592,Batken,2018,0.23116305,0.16719544
Kyrgyzstan,1746,18592,Batken,2019,0.22878778,0.15286088
Kyrgyzstan,1746,18592,Batken,2020,0.21251549,0.14635919
Kyrgyzstan,1746,18592,Batken,2021,0.22044703,0.15130562
Kyrgyzstan,1746,18592,Batken,2022,0.22398338,0.15526731
Kyrgyzstan,1746,18592,Batken,2023,0.21307215,0.13156964
Kyrgyzstan,1746,18592,Batken,2024,0.21250871,0.1396812
Kyrgyzstan,1746,18593,Kadamjay,2015,0.2243729,0.11955628
Kyrgyzstan,1746,18593,Kadamjay,2016,0.2569416,0.16135938
Kyrgyzstan,1746,18593,Kadamjay,2017,0.22669609,0.12620234
Kyrgyzstan,1746,18593,Kadamjay,2018,0.2456663,0.14941005
Kyrgyzstan,1746,18593,Kadamjay,2019,0.24418095,0.14426844
Kyrgyzstan,1746,18593,Kadamjay,2020,0.21076109,0.10708098
Kyrgyzstan,1746,18593,Kadamjay,2021,0.20352118,0.104291886
Kyrgyzstan,1746,18593,Kadamjay,2022,0.22239044,0.12783091
Kyrgyzstan,1746,18593,Kadamjay,2023,0.1912066,0.09469214
Kyrgyzstan,1746,18593,Kadamjay,2024,0.19472271,0.08174279
Kyrgyzstan,1746,18594,Leylek,2015,0.22564621,0.1816178
Kyrgyzstan,1746,18594,Leylek,2016,0.23508146,0.18831192
Kyrgyzstan,1746,18594,Leylek,2017,0.24380258,0.20837992
Kyrgyzstan,1746,18594,Leylek,2018,0.2441768,0.21007404
Kyrgyzstan,1746,18594,Leylek,2019,0.24156147,0.19811034
Kyrgyzstan,1746,18594,Leylek,2020,0.2472461,0.20104548
Kyrgyzstan,1746,18594,Leylek,2021,0.23280972,0.20844856
Kyrgyzstan,1746,18594,Leylek,2022,0.2425853,0.20272675
Kyrgyzstan,1746,18594,Leylek,2023,0.23764919,0.19414625
Kyrgyzstan,1746,18594,Leylek,2024,0.24373545,0.1870626
Kyrgyzstan,147294,18595,Alamudun,2015,0.079794735,0.03799718
Kyrgyzstan,147294,18595,Alamudun,2016,0.050479922,0.038843367
Kyrgyzstan,147294,18595,Alamudun,2017,0.062444605,0.037309784
Kyrgyzstan,147294,18595,Alamudun,2018,0.058306456,0.03678525
Kyrgyzstan,147294,18595,Alamudun,2019,0.040000036,0.035471287
Kyrgyzstan,147294,18595,Alamudun,2020,0.04275049,0.036371846
Kyrgyzstan,147294,18595,Alamudun,2021,0.031764787,0.02723604
Kyrgyzstan,147294,18595,Alamudun,2022,0.040973935,0.035065845
Kyrgyzstan,147294,18595,Alamudun,2023,0.03079194,0.024883857
Kyrgyzstan,147294,18595,Alamudun,2024,0.03904844,0.03296438
Kyrgyzstan,147294,18596,Chuy,2015,0.18814705,0.0778946
Kyrgyzstan,147294,18596,Chuy,2016,0.20013902,0.08335107
Kyrgyzstan,147294,18596,Chuy,2017,0.18252927,0.076237835
Kyrgyzstan,147294,18596,Chuy,2018,0.17513335,0.07779141
Kyrgyzstan,147294,18596,Chuy,2019,0.18254507,0.078162
Kyrgyzstan,147294,18596,Chuy,2020,0.16965497,0.07779141
Kyrgyzstan,147294,18596,Chuy,2021,0.18568198,0.08797725
Kyrgyzstan,147294,18596,Chuy,2022,0.18569092,0.08591959
Kyrgyzstan,147294,18596,Chuy,2023,0.17219323,0.08372432
Kyrgyzstan,147294,18596,Chuy,2024,0.16239776,0.08275741
Kyrgyzstan,147294,18597,Jayyl,2015,0.19696745,0.10030424
Kyrgyzstan,147294,18597,Jayyl,2016,0.21743375,0.09307379
Kyrgyzstan,147294,18597,Jayyl,2017,0.2083938,0.0994376
Kyrgyzstan,147294,18597,Jayyl,2018,0.20572749,0.09106411
Kyrgyzstan,147294,18597,Jayyl,2019,0.20702651,0.07823807
Kyrgyzstan,147294,18597,Jayyl,2020,0.21410951,0.099095985
Kyrgyzstan,147294,18597,Jayyl,2021,0.21003276,0.09156681
Kyrgyzstan,147294,18597,Jayyl,2022,0.20316584,0.082880385
Kyrgyzstan,147294,18597,Jayyl,2023,0.1955891,0.086271524
Kyrgyzstan,147294,18597,Jayyl,2024,0.19453132,0.087104626
Kyrgyzstan,147294,18598,Kemin,2015,0.21127643,0.116827816
Kyrgyzstan,147294,18598,Kemin,2016,0.20974354,0.09314653
Kyrgyzstan,147294,18598,Kemin,2017,0.22721584,0.12252982
Kyrgyzstan,147294,18598,Kemin,2018,0.22876808,0.12287815
Kyrgyzstan,147294,18598,Kemin,2019,0.22639212,0.116402626
Kyrgyzstan,147294,18598,Kemin,2020,0.21619329,0.085126445
Kyrgyzstan,147294,18598,Kemin,2021,0.2210654,0.11826949
Kyrgyzstan,147294,18598,Kemin,2022,0.2318335,0.11427392
Kyrgyzstan,147294,18598,Kemin,2023,0.21348503,0.0991504
Kyrgyzstan,147294,18598,Kemin,2024,0.21131165,0.091862895
Kyrgyzstan,147294,18599,Moskva,2015,0.19622216,0.08716634
Kyrgyzstan,147294,18599,Moskva,2016,0.19587828,0.08930978
Kyrgyzstan,147294,18599,Moskva,2017,0.18132226,0.076816216
Kyrgyzstan,147294,18599,Moskva,2018,0.17246,0.077027164
Kyrgyzstan,147294,18599,Moskva,2019,0.1784311,0.07348004
Kyrgyzstan,147294,18599,Moskva,2020,0.18805864,0.08955466
Kyrgyzstan,147294,18599,Moskva,2021,0.17205492,0.078011066
Kyrgyzstan,147294,18599,Moskva,2022,0.18207261,0.08613033
Kyrgyzstan,147294,18599,Moskva,2023,0.19195083,0.10118247
Kyrgyzstan,147294,18599,Moskva,2024,0.17666003,0.08613033
Kyrgyzstan,147294,18600,Panfilov,2015,0.20780404,0.11548056
Kyrgyzstan,147294,18600,Panfilov,2016,0.187736,0.09024061
Kyrgyzstan,147294,18600,Panfilov,2017,0.19441123,0.10344039
Kyrgyzstan,147294,18600,Panfilov,2018,0.18893075,0.10797062
Kyrgyzstan,147294,18600,Panfilov,2019,0.19108763,0.096695125
Kyrgyzstan,147294,18600,Panfilov,2020,0.17763793,0.10067146
Kyrgyzstan,147294,18600,Panfilov,2021,0.18506467,0.10501798
Kyrgyzstan,147294,18600,Panfilov,2022,0.19035803,0.08753503
Kyrgyzstan,147294,18600,Panfilov,2023,0.16735575,0.0807703
Kyrgyzstan,147294,18600,Panfilov,2024,0.17636496,0.082763255
Kyrgyzstan,147294,18601,Sokuluk,2015,0.18628623,0.09606615
Kyrgyzstan,147294,18601,Sokuluk,2016,0.18570311,0.08464571
Kyrgyzstan,147294,18601,Sokuluk,2017,0.18218765,0.10063155
Kyrgyzstan,147294,18601,Sokuluk,2018,0.16935867,0.09134629
Kyrgyzstan,147294,18601,Sokuluk,2019,0.17807539,0.09178905
Kyrgyzstan,147294,18601,Sokuluk,2020,0.16155127,0.091744505
Kyrgyzstan,147294,18601,Sokuluk,2021,0.1623594,0.10072158
Kyrgyzstan,147294,18601,Sokuluk,2022,0.16707179,0.09382514
Kyrgyzstan,147294,18601,Sokuluk,2023,0.15189411,0.09089311
Kyrgyzstan,147294,18601,Sokuluk,2024,0.15460968,0.09580485
Kyrgyzstan,147294,18602,Ysyk-Ata,2015,0.19853124,0.086321965
Kyrgyzstan,147294,18602,Ysyk-Ata,2016,0.18643486,0.07642129
Kyrgyzstan,147294,18602,Ysyk-Ata,2017,0.18118493,0.076856375
Kyrgyzstan,147294,18602,Ysyk-Ata,2018,0.1771269,0.07527885
Kyrgyzstan,147294,18602,Ysyk-Ata,2019,0.17231444,0.07267435
Kyrgyzstan,147294,18602,Ysyk-Ata,2020,0.18778935,0.07807096
Kyrgyzstan,147294,18602,Ysyk-Ata,2021,0.17747816,0.0835962
Kyrgyzstan,147294,18602,Ysyk-Ata,2022,0.1820125,0.07890974
Kyrgyzstan,147294,18602,Ysyk-Ata,2023,0.174341,0.090474926
Kyrgyzstan,147294,18602,Ysyk-Ata,2024,0.18504873,0.09119826
Kyrgyzstan,1748,18603,Aksy,2015,0.22967654,0.13032858
Kyrgyzstan,1748,18603,Aksy,2016,0.23322147,0.13997135
Kyrgyzstan,1748,18603,Aksy,2017,0.23114824,0.12746169
Kyrgyzstan,1748,18603,Aksy,2018,0.22892731,0.13137749
Kyrgyzstan,1748,18603,Aksy,2019,0.23243827,0.12989637
Kyrgyzstan,1748,18603,Aksy,2020,0.24773777,0.1498531
Kyrgyzstan,1748,18603,Aksy,2021,0.2384647,0.13914666
Kyrgyzstan,1748,18603,Aksy,2022,0.22707286,0.12115745
Kyrgyzstan,1748,18603,Aksy,2023,0.22644226,0.12805243
Kyrgyzstan,1748,18603,Aksy,2024,0.23505138,0.13745566
Kyrgyzstan,1748,18604,Ala-Buka,2015,0.19457084,0.13732046
Kyrgyzstan,1748,18604,Ala-Buka,2016,0.20495807,0.14816211
Kyrgyzstan,1748,18604,Ala-Buka,2017,0.19426773,0.12871836
Kyrgyzstan,1748,18604,Ala-Buka,2018,0.21404651,0.15814959
Kyrgyzstan,1748,18604,Ala-Buka,2019,0.21236941,0.15618089
Kyrgyzstan,1748,18604,Ala-Buka,2020,0.21779984,0.16631672
Kyrgyzstan,1748,18604,Ala-Buka,2021,0.20056602,0.14132163
Kyrgyzstan,1748,18604,Ala-Buka,2022,0.2020357,0.14704685
Kyrgyzstan,1748,18604,Ala-Buka,2023,0.19010398,0.1225815
Kyrgyzstan,1748,18604,Ala-Buka,2024,0.21211956,0.15825719
Kyrgyzstan,1748,18605,Bazar-Korgon,2015,0.22448823,0.0870089
Kyrgyzstan,1748,18605,Bazar-Korgon,2016,0.2173267,0.085722715
Kyrgyzstan,1748,18605,Bazar-Korgon,2017,0.2121067,0.073328085
Kyrgyzstan,1748,18605,Bazar-Korgon,2018,0.20809714,0.07994068
Kyrgyzstan,1748,18605,Bazar-Korgon,2019,0.2091722,0.07378902
Kyrgyzstan,1748,18605,Bazar-Korgon,2020,0.21068104,0.07454994
Kyrgyzstan,1748,18605,Bazar-Korgon,2021,0.19865943,0.07241608
Kyrgyzstan,1748,18605,Bazar-Korgon,2022,0.22146517,0.08306545
Kyrgyzstan,1748,18605,Bazar-Korgon,2023,0.20198378,0.07241608
Kyrgyzstan,1748,18605,Bazar-Korgon,2024,0.20668937,0.07636916
Kyrgyzstan,1748,18606,Chatkal,2015,0.35508382,0.363079
Kyrgyzstan,1748,18606,Chatkal,2016,0.35248798,0.35807365
Kyrgyzstan,1748,18606,Chatkal,2017,0.34320775,0.34828734
Kyrgyzstan,1748,18606,Chatkal,2018,0.3510816,0.3590294
Kyrgyzstan,1748,18606,Chatkal,2019,0.28583235,0.2904796
Kyrgyzstan,1748,18606,Chatkal,2020,0.276761,0.26978865
Kyrgyzstan,1748,18606,Chatkal,2021,0.27223855,0.27551904
Kyrgyzstan,1748,18606,Chatkal,2022,0.29032177,0.28272426
Kyrgyzstan,1748,18606,Chatkal,2023,0.26465693,0.26343718
Kyrgyzstan,1748,18606,Chatkal,2024,0.26905742,0.25914794
Kyrgyzstan,1748,18607,Nooken,2015,0.20507404,0.13604285
Kyrgyzstan,1748,18607,Nooken,2016,0.21690711,0.1555918
Kyrgyzstan,1748,18607,Nooken,2017,0.19346699,0.13355306
Kyrgyzstan,1748,18607,Nooken,2018,0.22198948,0.15237583
Kyrgyzstan,1748,18607,Nooken,2019,0.21590196,0.14325108
Kyrgyzstan,1748,18607,Nooken,2020,0.20838118,0.15223835
Kyrgyzstan,1748,18607,Nooken,2021,0.18933769,0.137638
Kyrgyzstan,1748,18607,Nooken,2022,0.20619555,0.14251873
Kyrgyzstan,1748,18607,Nooken,2023,0.19095924,0.13233821
Kyrgyzstan,1748,18607,Nooken,2024,0.19770397,0.13433298
Kyrgyzstan,1748,18608,Suzak,2015,0.1906996,0.074241064
Kyrgyzstan,1748,18608,Suzak,2016,0.19533983,0.08032856
Kyrgyzstan,1748,18608,Suzak,2017,0.20199555,0.08110957
Kyrgyzstan,1748,18608,Suzak,2018,0.18911834,0.0785339
Kyrgyzstan,1748,18608,Suzak,2019,0.20230147,0.08507256
Kyrgyzstan,1748,18608,Suzak,2020,0.20425113,0.086608015
Kyrgyzstan,1748,18608,Suzak,2021,0.18352358,0.08472829
Kyrgyzstan,1748,18608,Suzak,2022,0.19569382,0.08715636
Kyrgyzstan,1748,18608,Suzak,2023,0.17652151,0.08201587
Kyrgyzstan,1748,18608,Suzak,2024,0.18199587,0.07956831
Kyrgyzstan,1748,18609,Toguz-Toro,2015,0.22036728,0.1729402
Kyrgyzstan,1748,18609,Toguz-Toro,2016,0.21005115,0.14696972
Kyrgyzstan,1748,18609,Toguz-Toro,2017,0.19903162,0.13956779
Kyrgyzstan,1748,18609,Toguz-Toro,2018,0.21136476,0.16290721
Kyrgyzstan,1748,18609,Toguz-Toro,2019,0.20827973,0.15230489
Kyrgyzstan,1748,18609,Toguz-Toro,2020,0.2020396,0.13264272
Kyrgyzstan,1748,18609,Toguz-Toro,2021,0.21211362,0.16490477
Kyrgyzstan,1748,18609,Toguz-Toro,2022,0.22082323,0.16592169
Kyrgyzstan,1748,18609,Toguz-Toro,2023,0.20738897,0.1613062
Kyrgyzstan,1748,18609,Toguz-Toro,2024,0.20941326,0.13237329
Kyrgyzstan,1748,18610,Toktogul,2015,0.24261883,0.15087956
Kyrgyzstan,1748,18610,Toktogul,2016,0.2405308,0.14205578
Kyrgyzstan,1748,18610,Toktogul,2017,0.23481129,0.12937537
Kyrgyzstan,1748,18610,Toktogul,2018,0.22015412,0.11839907
Kyrgyzstan,1748,18610,Toktogul,2019,0.22058594,0.10704351
Kyrgyzstan,1748,18610,Toktogul,2020,0.22301024,0.112980366
Kyrgyzstan,1748,18610,Toktogul,2021,0.22198659,0.114157155
Kyrgyzstan,1748,18610,Toktogul,2022,0.22012532,0.11517684
Kyrgyzstan,1748,18610,Toktogul,2023,0.22115642,0.1293751
Kyrgyzstan,1748,18610,Toktogul,2024,0.21989295,0.117319204
Kyrgyzstan,1749,18611,Ak-Talaa,2015,0.22093514,0.18376
Kyrgyzstan,1749,18611,Ak-Talaa,2016,0.2217285,0.17464432
Kyrgyzstan,1749,18611,Ak-Talaa,2017,0.2068978,0.14905603
Kyrgyzstan,1749,18611,Ak-Talaa,2018,0.2283381,0.17561515
Kyrgyzstan,1749,18611,Ak-Talaa,2019,0.22033656,0.17391758
Kyrgyzstan,1749,18611,Ak-Talaa,2020,0.16930127,0.12870336
Kyrgyzstan,1749,18611,Ak-Talaa,2021,0.17656052,0.13961877
Kyrgyzstan,1749,18611,Ak-Talaa,2022,0.1806176,0.13168642
Kyrgyzstan,1749,18611,Ak-Talaa,2023,0.19859424,0.15585485
Kyrgyzstan,1749,18611,Ak-Talaa,2024,0.19125482,0.12636314
Kyrgyzstan,1749,18612,At-Bashy,2015,0.1959179,0.10032591
Kyrgyzstan,1749,18612,At-Bashy,2016,0.20431468,0.105036125
Kyrgyzstan,1749,18612,At-Bashy,2017,0.18926734,0.09393623
Kyrgyzstan,1749,18612,At-Bashy,2018,0.19719326,0.10181799
Kyrgyzstan,1749,18612,At-Bashy,2019,0.1612553,0.07410348
Kyrgyzstan,1749,18612,At-Bashy,2020,0.19034983,0.09873351
Kyrgyzstan,1749,18612,At-Bashy,2021,0.16827649,0.085732594
Kyrgyzstan,1749,18612,At-Bashy,2022,0.15109964,0.063434176
Kyrgyzstan,1749,18612,At-Bashy,2023,0.15490645,0.08065601
Kyrgyzstan,1749,18612,At-Bashy,2024,0.1610901,0.077309385
Kyrgyzstan,1749,18613,Jumgal,2015,0.21016806,0.13791904
Kyrgyzstan,1749,18613,Jumgal,2016,0.21069553,0.105943225
Kyrgyzstan,1749,18613,Jumgal,2017,0.17407984,0.0798481
Kyrgyzstan,1749,18613,Jumgal,2018,0.2145491,0.12584175
Kyrgyzstan,1749,18613,Jumgal,2019,0.17080186,0.082233615
Kyrgyzstan,1749,18613,Jumgal,2020,0.17493123,0.065887704
Kyrgyzstan,1749,18613,Jumgal,2021,0.192337,0.08614201
Kyrgyzstan,1749,18613,Jumgal,2022,0.18980625,0.096494846
Kyrgyzstan,1749,18613,Jumgal,2023,0.19611496,0.100003645
Kyrgyzstan,1749,18613,Jumgal,2024,0.19205856,0.086713575
Kyrgyzstan,1749,18614,Kochkor,2015,0.20403121,0.11704234
Kyrgyzstan,1749,18614,Kochkor,2016,0.19357018,0.10066801
Kyrgyzstan,1749,18614,Kochkor,2017,0.16968024,0.079231635
Kyrgyzstan,1749,18614,Kochkor,2018,0.16426924,0.080737695
Kyrgyzstan,1749,18614,Kochkor,2019,0.18650854,0.098043144
Kyrgyzstan,1749,18614,Kochkor,2020,0.18326822,0.09656765
Kyrgyzstan,1749,18614,Kochkor,2021,0.1834386,0.095493495
Kyrgyzstan,1749,18614,Kochkor,2022,0.19179577,0.09897618
Kyrgyzstan,1749,18614,Kochkor,2023,0.18156776,0.09561563
Kyrgyzstan,1749,18614,Kochkor,2024,0.18545453,0.09941324
Kyrgyzstan,1749,18615,Naryn,2015,0.16406587,0.08976312
Kyrgyzstan,1749,18615,Naryn,2016,0.205791,0.109047376
Kyrgyzstan,1749,18615,Naryn,2017,0.1567695,0.07434571
Kyrgyzstan,1749,18615,Naryn,2018,0.17312112,0.09223994
Kyrgyzstan,1749,18615,Naryn,2019,0.18563768,0.093626454
Kyrgyzstan,1749,18615,Naryn,2020,0.17327791,0.087542966
Kyrgyzstan,1749,18615,Naryn,2021,0.16891435,0.08795264
Kyrgyzstan,1749,18615,Naryn,2022,0.17564425,0.08531205
Kyrgyzstan,1749,18615,Naryn,2023,0.17776032,0.11149304
Kyrgyzstan,1749,18615,Naryn,2024,0.17451784,0.08254514
Kyrgyzstan,1750,18616,Alay,2015,0.27678967,0.20931569
Kyrgyzstan,1750,18616,Alay,2016,0.27373302,0.22426061
Kyrgyzstan,1750,18616,Alay,2017,0.26797226,0.20685416
Kyrgyzstan,1750,18616,Alay,2018,0.276317,0.20767154
Kyrgyzstan,1750,18616,Alay,2019,0.21818793,0.14379814
Kyrgyzstan,1750,18616,Alay,2020,0.23090556,0.15101537
Kyrgyzstan,1750,18616,Alay,2021,0.22930366,0.15918985
Kyrgyzstan,1750,18616,Alay,2022,0.21863931,0.1495455
Kyrgyzstan,1750,18616,Alay,2023,0.22326976,0.16042295
Kyrgyzstan,1750,18616,Alay,2024,0.21808808,0.13582698
Kyrgyzstan,1750,18617,Aravan,2015,0.23347707,0.12636337
Kyrgyzstan,1750,18617,Aravan,2016,0.20667377,0.095626734
Kyrgyzstan,1750,18617,Aravan,2017,0.19876178,0.088653825
Kyrgyzstan,1750,18617,Aravan,2018,0.20323801,0.101071775
Kyrgyzstan,1750,18617,Aravan,2019,0.20349032,0.09944439
Kyrgyzstan,1750,18617,Aravan,2020,0.20728424,0.10067894
Kyrgyzstan,1750,18617,Aravan,2021,0.20077173,0.09451301
Kyrgyzstan,1750,18617,Aravan,2022,0.19244549,0.097794175
Kyrgyzstan,1750,18617,Aravan,2023,0.20563826,0.095219426
Kyrgyzstan,1750,18617,Aravan,2024,0.19653417,0.09605685
Kyrgyzstan,1750,18618,Chong-Alay,2015,0.28941476,0.25909436
Kyrgyzstan,1750,18618,Chong-Alay,2016,0.29378185,0.26286656
Kyrgyzstan,1750,18618,Chong-Alay,2017,0.29505134,0.2665466
Kyrgyzstan,1750,18618,Chong-Alay,2018,0.30372536,0.27603877
Kyrgyzstan,1750,18618,Chong-Alay,2019,0.25653425,0.23022082
Kyrgyzstan,1750,18618,Chong-Alay,2020,0.23341659,0.21199769
Kyrgyzstan,1750,18618,Chong-Alay,2021,0.24163327,0.21862124
Kyrgyzstan,1750,18618,Chong-Alay,2022,0.24729893,0.22314799
Kyrgyzstan,1750,18618,Chong-Alay,2023,0.22730884,0.18981627
Kyrgyzstan,1750,18618,Chong-Alay,2024,0.23562063,0.2041722
Kyrgyzstan,1750,18619,Kara-Kulja,2015,0.26821893,0.2058669
Kyrgyzstan,1750,18619,Kara-Kulja,2016,0.2713117,0.23068553
Kyrgyzstan,1750,18619,Kara-Kulja,2017,0.23285654,0.18550122
Kyrgyzstan,1750,18619,Kara-Kulja,2018,0.23350394,0.19024791
Kyrgyzstan,1750,18619,Kara-Kulja,2019,0.24352741,0.18196043
Kyrgyzstan,1750,18619,Kara-Kulja,2020,0.24686891,0.17458352
Kyrgyzstan,1750,18619,Kara-Kulja,2021,0.23103523,0.17776653
Kyrgyzstan,1750,18619,Kara-Kulja,2022,0.23695916,0.17213258
Kyrgyzstan,1750,18619,Kara-Kulja,2023,0.23958007,0.16091299
Kyrgyzstan,1750,18619,Kara-Kulja,2024,0.24639037,0.15739913
Kyrgyzstan,1750,18620,Kara-Suu,2015,0.15593567,0.072674066
Kyrgyzstan,1750,18620,Kara-Suu,2016,0.13283937,0.070153624
Kyrgyzstan,1750,18620,Kara-Suu,2017,0.12894276,0.071376264
Kyrgyzstan,1750,18620,Kara-Suu,2018,0.121098414,0.070123605
Kyrgyzstan,1750,18620,Kara-Suu,2019,0.11267148,0.07006003
Kyrgyzstan,1750,18620,Kara-Suu,2020,0.11239432,0.069981955
Kyrgyzstan,1750,18620,Kara-Suu,2021,0.10616245,0.07378938
Kyrgyzstan,1750,18620,Kara-Suu,2022,0.10398796,0.0719693
Kyrgyzstan,1750,18620,Kara-Suu,2023,0.099104896,0.074491575
Kyrgyzstan,1750,18620,Kara-Suu,2024,0.102201216,0.07328098
Kyrgyzstan,1750,18621,Nookat,2015,0.20301475,0.092937514
Kyrgyzstan,1750,18621,Nookat,2016,0.19769636,0.08093025
Kyrgyzstan,1750,18621,Nookat,2017,0.18987101,0.073505
Kyrgyzstan,1750,18621,Nookat,2018,0.19246538,0.07306812
Kyrgyzstan,1750,18621,Nookat,2019,0.19401789,0.0717514
Kyrgyzstan,1750,18621,Nookat,2020,0.18903197,0.06838564
Kyrgyzstan,1750,18621,Nookat,2021,0.1851467,0.07044309
Kyrgyzstan,1750,18621,Nookat,2022,0.18807021,0.07316967
Kyrgyzstan,1750,18621,Nookat,2023,0.18298712,0.069625825
Kyrgyzstan,1750,18621,Nookat,2024,0.1842725,0.072833374
Kyrgyzstan,1750,18622,Ozgon,2015,0.21303767,0.086583756
Kyrgyzstan,1750,18622,Ozgon,2016,0.2138606,0.09558629
Kyrgyzstan,1750,18622,Ozgon,2017,0.21601778,0.104982734
Kyrgyzstan,1750,18622,Ozgon,2018,0.21717802,0.091462806
Kyrgyzstan,1750,18622,Ozgon,2019,0.20582683,0.08821886
Kyrgyzstan,1750,18622,Ozgon,2020,0.21738747,0.09379176
Kyrgyzstan,1750,18622,Ozgon,2021,0.21522978,0.10205409
Kyrgyzstan,1750,18622,Ozgon,2022,0.20922476,0.091214426
Kyrgyzstan,1750,18622,Ozgon,2023,0.21555886,0.09232452
Kyrgyzstan,1750,18622,Ozgon,2024,0.20916702,0.08766802
Kyrgyzstan,1751,18623,Bakay-Ata,2015,0.21243182,0.13742296
Kyrgyzstan,1751,18623,Bakay-Ata,2016,0.20519099,0.11452383
Kyrgyzstan,1751,18623,Bakay-Ata,2017,0.22069028,0.14342076
Kyrgyzstan,1751,18623,Bakay-Ata,2018,0.2066243,0.14055541
Kyrgyzstan,1751,18623,Bakay-Ata,2019,0.18529478,0.09124821
Kyrgyzstan,1751,18623,Bakay-Ata,2020,0.17876498,0.08699724
Kyrgyzstan,1751,18623,Bakay-Ata,2021,0.18670547,0.1022643
Kyrgyzstan,1751,18623,Bakay-Ata,2022,0.18363312,0.08194134
Kyrgyzstan,1751,18623,Bakay-Ata,2023,0.16818082,0.07867093
Kyrgyzstan,1751,18623,Bakay-Ata,2024,0.18426664,0.08895062
Kyrgyzstan,1751,18624,Kara-Buura,2015,0.2135964,0.13928485
Kyrgyzstan,1751,18624,Kara-Buura,2016,0.21545869,0.110381186
Kyrgyzstan,1751,18624,Kara-Buura,2017,0.1948677,0.12526387
Kyrgyzstan,1751,18624,Kara-Buura,2018,0.18701342,0.1169166
Kyrgyzstan,1751,18624,Kara-Buura,2019,0.18344721,0.11227329
Kyrgyzstan,1751,18624,Kara-Buura,2020,0.18066224,0.09995046
Kyrgyzstan,1751,18624,Kara-Buura,2021,0.19087921,0.116425455
Kyrgyzstan,1751,18624,Kara-Buura,2022,0.18006067,0.07759579
Kyrgyzstan,1751,18624,Kara-Buura,2023,0.18349609,0.09887122
Kyrgyzstan,1751,18624,Kara-Buura,2024,0.18734284,0.09247842
Kyrgyzstan,1751,18625,Manas,2015,0.25207865,0.1441197
Kyrgyzstan,1751,18625,Manas,2016,0.22880785,0.110089175
Kyrgyzstan,1751,18625,Manas,2017,0.22804023,0.12882894
Kyrgyzstan,1751,18625,Manas,2018,0.23552755,0.135594
Kyrgyzstan,1751,18625,Manas,2019,0.2320131,0.10678964
Kyrgyzstan,1751,18625,Manas,2020,0.21076205,0.09604436
Kyrgyzstan,1751,18625,Manas,2021,0.2118815,0.11494887
Kyrgyzstan,1751,18625,Manas,2022,0.213299,0.09959503
Kyrgyzstan,1751,18625,Manas,2023,0.20659555,0.087131396
Kyrgyzstan,1751,18625,Manas,2024,0.20839098,0.090283826
Kyrgyzstan,1751,18626,Talas,2015,0.20925292,0.11103698
Kyrgyzstan,1751,18626,Talas,2016,0.1714731,0.08596189
Kyrgyzstan,1751,18626,Talas,2017,0.16571733,0.07334241
Kyrgyzstan,1751,18626,Talas,2018,0.16308555,0.07775964
Kyrgyzstan,1751,18626,Talas,2019,0.16650236,0.08395767
Kyrgyzstan,1751,18626,Talas,2020,0.16302943,0.08592008
Kyrgyzstan,1751,18626,Talas,2021,0.17553416,0.08408202
Kyrgyzstan,1751,18626,Talas,2022,0.1746679,0.08539402
Kyrgyzstan,1751,18626,Talas,2023,0.17132472,0.08782102
Kyrgyzstan,1751,18626,Talas,2024,0.15401152,0.08636961
Kyrgyzstan,1752,18627,Ak-Suu,2015,0.19740154,0.10728916
Kyrgyzstan,1752,18627,Ak-Suu,2016,0.20495735,0.10950149
Kyrgyzstan,1752,18627,Ak-Suu,2017,0.15430534,0.08845618
Kyrgyzstan,1752,18627,Ak-Suu,2018,0.13835132,0.08565159
Kyrgyzstan,1752,18627,Ak-Suu,2019,0.13839152,0.09010926
Kyrgyzstan,1752,18627,Ak-Suu,2020,0.13207513,0.08462305
Kyrgyzstan,1752,18627,Ak-Suu,2021,0.1418607,0.09560541
Kyrgyzstan,1752,18627,Ak-Suu,2022,0.1336095,0.08850804
Kyrgyzstan,1752,18627,Ak-Suu,2023,0.14415398,0.09476663
Kyrgyzstan,1752,18627,Ak-Suu,2024,0.12583372,0.095151596
Kyrgyzstan,1752,18628,Jeti-Oguz,2015,0.21628585,0.08323519
Kyrgyzstan,1752,18628,Jeti-Oguz,2016,0.24501668,0.11533936
Kyrgyzstan,1752,18628,Jeti-Oguz,2017,0.21901028,0.09799664
Kyrgyzstan,1752,18628,Jeti-Oguz,2018,0.21759146,0.10275949
Kyrgyzstan,1752,18628,Jeti-Oguz,2019,0.2111186,0.09574264
Kyrgyzstan,1752,18628,Jeti-Oguz,2020,0.21413156,0.103261754
Kyrgyzstan,1752,18628,Jeti-Oguz,2021,0.21622531,0.10089693
Kyrgyzstan,1752,18628,Jeti-Oguz,2022,0.2315293,0.110702984
Kyrgyzstan,1752,18628,Jeti-Oguz,2023,0.22057505,0.10720679
Kyrgyzstan,1752,18628,Jeti-Oguz,2024,0.2366177,0.114151135
Kyrgyzstan,1752,18629,Tong,2015,0.20659207,0.1635552
Kyrgyzstan,1752,18629,Tong,2016,0.22639562,0.16397586
Kyrgyzstan,1752,18629,Tong,2017,0.19258326,0.13009077
Kyrgyzstan,1752,18629,Tong,2018,0.19568884,0.13003501
Kyrgyzstan,1752,18629,Tong,2019,0.18508711,0.10880515
Kyrgyzstan,1752,18629,Tong,2020,0.19054914,0.10346079
Kyrgyzstan,1752,18629,Tong,2021,0.18292543,0.10611461
Kyrgyzstan,1752,18629,Tong,2022,0.19022404,0.1117982
Kyrgyzstan,1752,18629,Tong,2023,0.18788,0.11422715
Kyrgyzstan,1752,18629,Tong,2024,0.19904253,0.11483206
Kyrgyzstan,1752,18630,Tup,2015,0.2645104,0.17050426
Kyrgyzstan,1752,18630,Tup,2016,0.25457102,0.15739779
Kyrgyzstan,1752,18630,Tup,2017,0.24296106,0.1458086
Kyrgyzstan,1752,18630,Tup,2018,0.2202147,0.13558945
Kyrgyzstan,1752,18630,Tup,2019,0.19119811,0.08942867
Kyrgyzstan,1752,18630,Tup,2020,0.17263089,0.07574165
Kyrgyzstan,1752,18630,Tup,2021,0.21836177,0.11523285
Kyrgyzstan,1752,18630,Tup,2022,0.20578164,0.11478307
Kyrgyzstan,1752,18630,Tup,2023,0.20000842,0.10760448
Kyrgyzstan,1752,18630,Tup,2024,0.18986018,0.10623019
Kyrgyzstan,1752,18631,Ysyk-Kol,2015,0.26444528,0.15731594
Kyrgyzstan,1752,18631,Ysyk-Kol,2016,0.2615867,0.14675616
Kyrgyzstan,1752,18631,Ysyk-Kol,2017,0.23444648,0.14987314
Kyrgyzstan,1752,18631,Ysyk-Kol,2018,0.23584944,0.15409173
Kyrgyzstan,1752,18631,Ysyk-Kol,2019,0.23085949,0.118372664
Kyrgyzstan,1752,18631,Ysyk-Kol,2020,0.21793216,0.09959281
Kyrgyzstan,1752,18631,Ysyk-Kol,2021,0.21653655,0.120027184
Kyrgyzstan,1752,18631,Ysyk-Kol,2022,0.22352985,0.11279213
Kyrgyzstan,1752,18631,Ysyk-Kol,2023,0.22025299,0.11070995
Kyrgyzstan,1752,18631,Ysyk-Kol,2024,0.20562422,0.09266774
Montenegro,25350,47603,Administrative unit not available,2015,0.2044886,0.07684175
Montenegro,25350,47603,Administrative unit not available,2016,0.21037333,0.06944315
Montenegro,25350,47603,Administrative unit not available,2017,0.20487349,0.075532496
Montenegro,25350,47603,Administrative unit not available,2018,0.21654695,0.075649634
Montenegro,25350,47603,Administrative unit not available,2019,0.211779,0.07882091
Montenegro,25350,47603,Administrative unit not available,2020,0.23679984,0.08206494
Montenegro,25350,47603,Administrative unit not available,2021,0.18870634,0.09373373
Montenegro,25350,47603,Administrative unit not available,2022,0.20694068,0.07301062
Montenegro,25350,47603,Administrative unit not available,2023,0.22791874,0.07174483
Montenegro,25350,47603,Administrative unit not available,2024,0.23906842,0.06911235
Montenegro,25351,47604,Administrative unit not available,2015,0.13563421,0.09676751
Montenegro,25351,47604,Administrative unit not available,2016,0.12738757,0.093339175
Montenegro,25351,47604,Administrative unit not available,2017,0.13299716,0.099208176
Montenegro,25351,47604,Administrative unit not available,2018,0.14327385,0.090182036
Montenegro,25351,47604,Administrative unit not available,2019,0.12775038,0.09114766
Montenegro,25351,47604,Administrative unit not available,2020,0.13147804,0.103477284
Montenegro,25351,47604,Administrative unit not available,2021,0.12234701,0.096572794
Montenegro,25351,47604,Administrative unit not available,2022,0.12329255,0.10553629
Montenegro,25351,47604,Administrative unit not available,2023,0.13739154,0.10248517
Montenegro,25351,47604,Administrative unit not available,2024,0.122514725,0.097393185
Montenegro,25352,47605,Administrative unit not available,2015,0.15863815,0.09276629
Montenegro,25352,47605,Administrative unit not available,2016,0.14275618,0.085019276
Montenegro,25352,47605,Administrative unit not available,2017,0.16187316,0.09437031
Montenegro,25352,47605,Administrative unit not available,2018,0.15366411,0.08684849
Montenegro,25352,47605,Administrative unit not available,2019,0.15119956,0.08550417
Montenegro,25352,47605,Administrative unit not available,2020,0.14102486,0.079097494
Montenegro,25352,47605,Administrative unit not available,2021,0.13867697,0.08859865
Montenegro,25352,47605,Administrative unit not available,2022,0.124349326,0.073407665
Montenegro,25352,47605,Administrative unit not available,2023,0.14357603,0.07415224
Montenegro,25352,47605,Administrative unit not available,2024,0.14888418,0.073453784
Montenegro,25353,47606,Administrative unit not available,2015,0.1297757,0.0623114
Montenegro,25353,47606,Administrative unit not available,2016,0.10544045,0.062428173
Montenegro,25353,47606,Administrative unit not available,2017,0.121714726,0.07455075
Montenegro,25353,47606,Administrative unit not available,2018,0.11430535,0.062176708
Montenegro,25353,47606,Administrative unit not available,2019,0.1184559,0.061780702
Montenegro,25353,47606,Administrative unit not available,2020,0.12408102,0.08103424
Montenegro,25353,47606,Administrative unit not available,2021,0.14968309,0.10080222
Montenegro,25353,47606,Administrative unit not available,2022,0.12464658,0.087610185
Montenegro,25353,47606,Administrative unit not available,2023,0.15762025,0.08938302
Montenegro,25353,47606,Administrative unit not available,2024,0.14071101,0.076300256
Montenegro,25354,47607,Administrative unit not available,2015,0.044551812,0.040338207
Montenegro,25354,47607,Administrative unit not available,2016,0.052537266,0.044461876
Montenegro,25354,47607,Administrative unit not available,2017,0.05033453,0.04443792
Montenegro,25354,47607,Administrative unit not available,2018,0.04159884,0.031947263
Montenegro,25354,47607,Administrative unit not available,2019,0.046961468,0.03701873
Montenegro,25354,47607,Administrative unit not available,2020,0.053476594,0.043926917
Montenegro,25354,47607,Administrative unit not available,2021,0.03521939,0.027148144
Montenegro,25354,47607,Administrative unit not available,2022,0.035707127,0.027742125
Montenegro,25354,47607,Administrative unit not available,2023,0.041117158,0.03216961
Montenegro,25354,47607,Administrative unit not available,2024,0.03888189,0.029743906
Montenegro,25355,47608,Administrative unit not available,2015,0.18367076,0.098202094
Montenegro,25355,47608,Administrative unit not available,2016,0.17753592,0.10264418
Montenegro,25355,47608,Administrative unit not available,2017,0.17214876,0.10021267
Montenegro,25355,47608,Administrative unit not available,2018,0.18483797,0.10498992
Montenegro,25355,47608,Administrative unit not available,2019,0.17363763,0.10032909
Montenegro,25355,47608,Administrative unit not available,2020,0.18392973,0.100466944
Montenegro,25355,47608,Administrative unit not available,2021,0.15733428,0.10104216
Montenegro,25355,47608,Administrative unit not available,2022,0.15432075,0.098345734
Montenegro,25355,47608,Administrative unit not available,2023,0.17379999,0.0980872
Montenegro,25355,47608,Administrative unit not available,2024,0.16794907,0.096336156
Montenegro,25356,47609,Administrative unit not available,2015,0.16681148,0.10385293
Montenegro,25356,47609,Administrative unit not available,2016,0.17714313,0.109695986
Montenegro,25356,47609,Administrative unit not available,2017,0.16377203,0.107168235
Montenegro,25356,47609,Administrative unit not available,2018,0.17470546,0.11129279
Montenegro,25356,47609,Administrative unit not available,2019,0.16775486,0.10730802
Montenegro,25356,47609,Administrative unit not available,2020,0.15616375,0.09568252
Montenegro,25356,47609,Administrative unit not available,2021,0.1824489,0.123665154
Montenegro,25356,47609,Administrative unit not available,2022,0.17653531,0.10622143
Montenegro,25356,47609,Administrative unit not available,2023,0.18868783,0.105708286
Montenegro,25356,47609,Administrative unit not available,2024,0.15349491,0.08822283
Montenegro,25357,47610,Administrative unit not available,2015,0.060961466,0.05200975
Montenegro,25357,47610,Administrative unit not available,2016,0.08394408,0.03865302
Montenegro,25357,47610,Administrative unit not available,2017,0.10400632,0.06135925
Montenegro,25357,47610,Administrative unit not available,2018,0.10618641,0.04133236
Montenegro,25357,47610,Administrative unit not available,2019,0.09665708,0.041607045
Montenegro,25357,47610,Administrative unit not available,2020,0.09819405,0.056788336
Montenegro,25357,47610,Administrative unit not available,2021,0.09108323,0.060972203
Montenegro,25357,47610,Administrative unit not available,2022,0.079015106,0.055956975
Montenegro,25357,47610,Administrative unit not available,2023,0.08370846,0.06071436
Montenegro,25357,47610,Administrative unit not available,2024,0.08678263,0.061878648
Montenegro,25358,47611,Administrative unit not available,2015,0.15656611,0.060663216
Montenegro,25358,47611,Administrative unit not available,2016,0.17196429,0.07720722
Montenegro,25358,47611,Administrative unit not available,2017,0.16933483,0.06859096
Montenegro,25358,47611,Administrative unit not available,2018,0.17294918,0.06723153
Montenegro,25358,47611,Administrative unit not available,2019,0.17340891,0.07668716
Montenegro,25358,47611,Administrative unit not available,2020,0.18810618,0.07234374
Montenegro,25358,47611,Administrative unit not available,2021,0.1768801,0.07999493
Montenegro,25358,47611,Administrative unit not available,2022,0.17370993,0.08195886
Montenegro,25358,47611,Administrative unit not available,2023,0.18818331,0.107765995
Montenegro,25358,47611,Administrative unit not available,2024,0.1908181,0.106256574
Montenegro,25359,47612,Administrative unit not available,2015,0.22909038,0.17650676
Montenegro,25359,47612,Administrative unit not available,2016,0.22610858,0.17587169
Montenegro,25359,47612,Administrative unit not available,2017,0.21125609,0.17746288
Montenegro,25359,47612,Administrative unit not available,2018,0.2280084,0.18297352
Montenegro,25359,47612,Administrative unit not available,2019,0.22237176,0.17486162
Montenegro,25359,47612,Administrative unit not available,2020,0.21448705,0.17185369
Montenegro,25359,47612,Administrative unit not available,2021,0.2027464,0.17439646
Montenegro,25359,47612,Administrative unit not available,2022,0.19793375,0.14531225
Montenegro,25359,47612,Administrative unit not available,2023,0.19796309,0.1526004
Montenegro,25359,47612,Administrative unit not available,2024,0.21713588,0.16379927
Montenegro,25361,47614,Administrative unit not available,2015,0.09419215,0.08407329
Montenegro,25361,47614,Administrative unit not available,2016,0.08911829,0.07829446
Montenegro,25361,47614,Administrative unit not available,2017,0.09941614,0.095898606
Montenegro,25361,47614,Administrative unit not available,2018,0.09053764,0.079658866
Montenegro,25361,47614,Administrative unit not available,2019,0.09744039,0.08653074
Montenegro,25361,47614,Administrative unit not available,2020,0.092653126,0.08854346
Montenegro,25361,47614,Administrative unit not available,2021,0.11357733,0.10184642
Montenegro,25361,47614,Administrative unit not available,2022,0.10520524,0.104231775
Montenegro,25361,47614,Administrative unit not available,2023,0.10088832,0.0929872
Montenegro,25361,47614,Administrative unit not available,2024,0.15292448,0.09656204
Montenegro,25362,47615,Administrative unit not available,2015,0.12870657,0.010403833
Montenegro,25362,47615,Administrative unit not available,2016,0.12832923,0.0075143026
Montenegro,25362,47615,Administrative unit not available,2017,0.12480384,0.018965842
Montenegro,25362,47615,Administrative unit not available,2018,0.12554392,0.011261801
Montenegro,25362,47615,Administrative unit not available,2019,0.11175471,0.010841059
Montenegro,25362,47615,Administrative unit not available,2020,0.13635258,0.01844278
Montenegro,25362,47615,Administrative unit not available,2021,0.15466237,0.06188033
Montenegro,25362,47615,Administrative unit not available,2022,0.14457202,0.03567297
Montenegro,25362,47615,Administrative unit not available,2023,0.14804687,0.046725083
Montenegro,25362,47615,Administrative unit not available,2024,0.15242113,0.048228562
Montenegro,25363,47616,Administrative unit not available,2015,0.10503375,0.097520836
Montenegro,25363,47616,Administrative unit not available,2016,0.11163594,0.09764996
Montenegro,25363,47616,Administrative unit not available,2017,0.10529386,0.09725077
Montenegro,25363,47616,Administrative unit not available,2018,0.104949616,0.09690418
Montenegro,25363,47616,Administrative unit not available,2019,0.11453562,0.10702271
Montenegro,25363,47616,Administrative unit not available,2020,0.10812045,0.09518518
Montenegro,25363,47616,Administrative unit not available,2021,0.106722176,0.09867908
Montenegro,25363,47616,Administrative unit not available,2022,0.11080839,0.10200634
Montenegro,25363,47616,Administrative unit not available,2023,0.10764953,0.09960643
Montenegro,25363,47616,Administrative unit not available,2024,0.10904133,0.0997783
Montenegro,25364,47617,Administrative unit not available,2015,0.16123606,0.034027684
Montenegro,25364,47617,Administrative unit not available,2016,0.12867524,0.030807136
Montenegro,25364,47617,Administrative unit not available,2017,0.14135453,0.03274618
Montenegro,25364,47617,Administrative unit not available,2018,0.12703148,0.032835186
Montenegro,25364,47617,Administrative unit not available,2019,0.13092226,0.028417014
Montenegro,25364,47617,Administrative unit not available,2020,0.18845555,0.056814164
Montenegro,25364,47617,Administrative unit not available,2021,0.20247993,0.07775364
Montenegro,25364,47617,Administrative unit not available,2022,0.15724598,0.034388945
Montenegro,25364,47617,Administrative unit not available,2023,0.15727806,0.037845764
Montenegro,25364,47617,Administrative unit not available,2024,0.16156486,0.032779377
Montenegro,25365,47618,Administrative unit not available,2015,0.092482775,0.08639806
Montenegro,25365,47618,Administrative unit not available,2016,0.097455546,0.087658465
Montenegro,25365,47618,Administrative unit not available,2017,0.09240066,0.086315945
Montenegro,25365,47618,Administrative unit not available,2018,0.0938875,0.08879961
Montenegro,25365,47618,Administrative unit not available,2019,0.1031791,0.093841314
Montenegro,25365,47618,Administrative unit not available,2020,0.094849184,0.08930199
Montenegro,25365,47618,Administrative unit not available,2021,0.09708772,0.08738569
Montenegro,25365,47618,Administrative unit not available,2022,0.09387998,0.087300256
Montenegro,25365,47618,Administrative unit not available,2023,0.096695885,0.085638754
Montenegro,25365,47618,Administrative unit not available,2024,0.093213215,0.08559874
Montenegro,25368,47621,Administrative unit not available,2015,0.17329386,0.10354974
Montenegro,25368,47621,Administrative unit not available,2016,0.16333942,0.10485369
Montenegro,25368,47621,Administrative unit not available,2017,0.14020309,0.087633796
Montenegro,25368,47621,Administrative unit not available,2018,0.15645465,0.12872313
Montenegro,25368,47621,Administrative unit not available,2019,0.12584944,0.11179684
Montenegro,25368,47621,Administrative unit not available,2020,0.13286857,0.054083966
Montenegro,25368,47621,Administrative unit not available,2021,0.13598087,0.054211576
Montenegro,25368,47621,Administrative unit not available,2022,0.14741609,0.055787183
Montenegro,25368,47621,Administrative unit not available,2023,0.13670453,0.05625204
Montenegro,25368,47621,Administrative unit not available,2024,0.15889625,0.058023546
Montenegro,25369,47622,Administrative unit not available,2015,0.18771869,0.11114547
Montenegro,25369,47622,Administrative unit not available,2016,0.17370099,0.10829575
Montenegro,25369,47622,Administrative unit not available,2017,0.15578614,0.09901988
Montenegro,25369,47622,Administrative unit not available,2018,0.16354644,0.10690397
Montenegro,25369,47622,Administrative unit not available,2019,0.15423,0.09159999
Montenegro,25369,47622,Administrative unit not available,2020,0.15123816,0.081223965
Montenegro,25369,47622,Administrative unit not available,2021,0.14546056,0.078011125
Montenegro,25369,47622,Administrative unit not available,2022,0.117323644,0.07989405
Montenegro,25369,47622,Administrative unit not available,2023,0.11260853,0.08099298
Montenegro,25369,47622,Administrative unit not available,2024,0.11990117,0.085023895
Montenegro,25370,47623,Administrative unit not available,2015,0.1474628,0.03749753
Montenegro,25370,47623,Administrative unit not available,2016,0.12417169,0.032114144
Montenegro,25370,47623,Administrative unit not available,2017,0.14666909,0.048671663
Montenegro,25370,47623,Administrative unit not available,2018,0.13089997,0.029053697
Montenegro,25370,47623,Administrative unit not available,2019,0.13864928,0.042149246
Montenegro,25370,47623,Administrative unit not available,2020,0.18315303,0.08366386
Montenegro,25370,47623,Administrative unit not available,2021,0.18367802,0.11975941
Montenegro,25370,47623,Administrative unit not available,2022,0.17520522,0.07433364
Montenegro,25370,47623,Administrative unit not available,2023,0.16241392,0.06680534
Montenegro,25370,47623,Administrative unit not available,2024,0.17502904,0.07575537
Morocco,147338,21787,Al Hoceïma,2015,0.075300716,0.07312097
Morocco,147338,21787,Al Hoceïma,2016,0.07533877,0.07319035
Morocco,147338,21787,Al Hoceïma,2017,0.075300716,0.07312097
Morocco,147338,21787,Al Hoceïma,2018,0.07620936,0.077482775
Morocco,147338,21787,Al Hoceïma,2019,0.073922224,0.07177379
Morocco,147338,21787,Al Hoceïma,2020,0.075278275,0.07391487
Morocco,147338,21787,Al Hoceïma,2021,0.07467959,0.07331619
Morocco,147338,21787,Al Hoceïma,2022,0.07471764,0.07370083
Morocco,147338,21787,Al Hoceïma,2023,0.07693298,0.07460521
Morocco,147338,21787,Al Hoceïma,2024,0.07613767,0.07512749
Morocco,147328,21788,Boulemane,2015,0.12523934,0.08078687
Morocco,147328,21788,Boulemane,2016,0.13086821,0.08809892
Morocco,147328,21788,Boulemane,2017,0.11182751,0.07859502
Morocco,147328,21788,Boulemane,2018,0.12805298,0.07818866
Morocco,147328,21788,Boulemane,2019,0.11624181,0.07659467
Morocco,147328,21788,Boulemane,2020,0.10719542,0.07872853
Morocco,147328,21788,Boulemane,2021,0.10403964,0.07872853
Morocco,147328,21788,Boulemane,2022,0.111919075,0.08830507
Morocco,147328,21788,Boulemane,2023,0.109873995,0.086285084
Morocco,147328,21788,Boulemane,2024,0.11418873,0.08828543
Morocco,147338,21790,Taounate,2015,0.17753291,0.19222584
Morocco,147338,21790,Taounate,2016,0.21585125,0.25381792
Morocco,147338,21790,Taounate,2017,0.17575316,0.19328344
Morocco,147338,21790,Taounate,2018,0.18269269,0.18912008
Morocco,147338,21790,Taounate,2019,0.18527713,0.20113611
Morocco,147338,21790,Taounate,2020,0.21496877,0.23395783
Morocco,147338,21790,Taounate,2021,0.1644766,0.18219063
Morocco,147338,21790,Taounate,2022,0.21203229,0.23889056
Morocco,147338,21790,Taounate,2023,0.17897114,0.199696
Morocco,147338,21790,Taounate,2024,0.2020192,0.22381964
Morocco,147338,21791,Taza,2015,0.10405787,0.072077304
Morocco,147338,21791,Taza,2016,0.08326567,0.07380643
Morocco,147338,21791,Taza,2017,0.08710505,0.07381233
Morocco,147338,21791,Taza,2018,0.108588725,0.0727525
Morocco,147338,21791,Taza,2019,0.10377126,0.07315887
Morocco,147338,21791,Taza,2020,0.10391314,0.07354147
Morocco,147338,21791,Taza,2021,0.09420067,0.07322344
Morocco,147338,21791,Taza,2022,0.077788025,0.071925856
Morocco,147338,21791,Taza,2023,0.08698474,0.07183488
Morocco,147338,21791,Taza,2024,0.098785,0.07232585
Morocco,2107,21792,Errachidia,2015,0.14426443,0.10516229
Morocco,2107,21792,Errachidia,2016,0.14549094,0.11436365
Morocco,2107,21792,Errachidia,2017,0.13668656,0.11691207
Morocco,2107,21792,Errachidia,2018,0.13745832,0.10933812
Morocco,2107,21792,Errachidia,2019,0.13797115,0.10466392
Morocco,2107,21792,Errachidia,2020,0.1500892,0.13082056
Morocco,2107,21792,Errachidia,2021,0.14334849,0.13742545
Morocco,2107,21792,Errachidia,2022,0.13502938,0.13215561
Morocco,2107,21792,Errachidia,2023,0.1412128,0.14412746
Morocco,2107,21792,Errachidia,2024,0.13705763,0.13197042
Morocco,2107,21793,Ifrane,2015,0.10527496,0.078326836
Morocco,2107,21793,Ifrane,2016,0.104678325,0.0782651
Morocco,2107,21793,Ifrane,2017,0.10289346,0.08039896
Morocco,2107,21793,Ifrane,2018,0.10264807,0.07556674
Morocco,2107,21793,Ifrane,2019,0.094446816,0.07717703
Morocco,2107,21793,Ifrane,2020,0.09838715,0.08089058
Morocco,2107,21793,Ifrane,2021,0.084581695,0.07127515
Morocco,2107,21793,Ifrane,2022,0.07581409,0.07339674
Morocco,2107,21793,Ifrane,2023,0.08095655,0.07354896
Morocco,2107,21793,Ifrane,2024,0.076785356,0.07339674
Morocco,2107,21794,Khénifra,2015,0.08225225,0.068885386
Morocco,2107,21794,Khénifra,2016,0.0895482,0.07998543
Morocco,2107,21794,Khénifra,2017,0.08521614,0.069464654
Morocco,2107,21794,Khénifra,2018,0.08224949,0.06800399
Morocco,2107,21794,Khénifra,2019,0.08705312,0.068885386
Morocco,2107,21794,Khénifra,2020,0.08652105,0.06906527
Morocco,2107,21794,Khénifra,2021,0.08486057,0.068885386
Morocco,2107,21794,Khénifra,2022,0.08746585,0.07832924
Morocco,2107,21794,Khénifra,2023,0.09185794,0.07852794
Morocco,2107,21794,Khénifra,2024,0.088185936,0.07998543
Morocco,147336,21799,Azilal,2015,0.21616101,0.22803777
Morocco,147336,21799,Azilal,2016,0.2198511,0.25104815
Morocco,147336,21799,Azilal,2017,0.20975196,0.22029412
Morocco,147336,21799,Azilal,2018,0.2171104,0.22506794
Morocco,147336,21799,Azilal,2019,0.21779183,0.23726887
Morocco,147336,21799,Azilal,2020,0.2194745,0.24720241
Morocco,147336,21799,Azilal,2021,0.20501079,0.20492128
Morocco,147336,21799,Azilal,2022,0.19314334,0.1970841
Morocco,147336,21799,Azilal,2023,0.17796122,0.17483708
Morocco,147336,21799,Azilal,2024,0.1888809,0.19167012
Morocco,147336,21802,Béni Mellal,2015,0.14785887,0.14746614
Morocco,147336,21802,Béni Mellal,2016,0.1505737,0.16201505
Morocco,147336,21802,Béni Mellal,2017,0.13619521,0.12776646
Morocco,147336,21802,Béni Mellal,2018,0.1504044,0.18865407
Morocco,147336,21802,Béni Mellal,2019,0.14778754,0.14380495
Morocco,147336,21802,Béni Mellal,2020,0.15082955,0.14434248
Morocco,147336,21802,Béni Mellal,2021,0.1291697,0.11575657
Morocco,147336,21802,Béni Mellal,2022,0.11547525,0.07726134
Morocco,147336,21802,Béni Mellal,2023,0.11503932,0.07332106
Morocco,147336,21802,Béni Mellal,2024,0.11553797,0.075210944
Morocco,147327,21804,El Jadida,2015,0.13962321,0.09385367
Morocco,147327,21804,El Jadida,2016,0.13590045,0.08747162
Morocco,147327,21804,El Jadida,2017,0.122702345,0.07537177
Morocco,147327,21804,El Jadida,2018,0.13115576,0.093644165
Morocco,147327,21804,El Jadida,2019,0.1104109,0.07386861
Morocco,147327,21804,El Jadida,2020,0.1116526,0.07275867
Morocco,147327,21804,El Jadida,2021,0.106848836,0.07429278
Morocco,147327,21804,El Jadida,2022,0.098432004,0.07405212
Morocco,147327,21804,El Jadida,2023,0.101107456,0.07308354
Morocco,147327,21804,El Jadida,2024,0.09737593,0.07419839
Morocco,147326,21805,Khouribga,2015,0.07352073,0.068219945
Morocco,147326,21805,Khouribga,2016,0.075380355,0.07663466
Morocco,147326,21805,Khouribga,2017,0.07501556,0.06879481
Morocco,147326,21805,Khouribga,2018,0.07294365,0.06620481
Morocco,147326,21805,Khouribga,2019,0.07579279,0.07002355
Morocco,147326,21805,Khouribga,2020,0.073379576,0.069448955
Morocco,147326,21805,Khouribga,2021,0.07536304,0.06868296
Morocco,147326,21805,Khouribga,2022,0.07350841,0.07449918
Morocco,147326,21805,Khouribga,2023,0.07570615,0.07162382
Morocco,147326,21805,Khouribga,2024,0.07500988,0.07626418
Morocco,147326,21806,Settat,2015,0.16209614,0.12059805
Morocco,147326,21806,Settat,2016,0.16291177,0.14766352
Morocco,147326,21806,Settat,2017,0.15580544,0.11882128
Morocco,147326,21806,Settat,2018,0.16948703,0.13129789
Morocco,147326,21806,Settat,2019,0.16386807,0.13426335
Morocco,147326,21806,Settat,2020,0.15724811,0.14202464
Morocco,147326,21806,Settat,2021,0.16630627,0.1300943
Morocco,147326,21806,Settat,2022,0.15255293,0.12744898
Morocco,147326,21806,Settat,2023,0.1546944,0.1288443
Morocco,147326,21806,Settat,2024,0.1586029,0.14042751
Morocco,147337,21808,Chefchaouen,2015,0.22236948,0.21497588
Morocco,147337,21808,Chefchaouen,2016,0.23884016,0.23360015
Morocco,147337,21808,Chefchaouen,2017,0.22539136,0.2200891
Morocco,147337,21808,Chefchaouen,2018,0.2243244,0.20125857
Morocco,147337,21808,Chefchaouen,2019,0.21669772,0.20120457
Morocco,147337,21808,Chefchaouen,2020,0.23035192,0.20505708
Morocco,147337,21808,Chefchaouen,2021,0.2264066,0.20603621
Morocco,147337,21808,Chefchaouen,2022,0.2196782,0.20691702
Morocco,147337,21808,Chefchaouen,2023,0.22608468,0.20870768
Morocco,147337,21808,Chefchaouen,2024,0.24645975,0.20436026
Morocco,147329,21809,Kénitra,2015,0.09908374,0.11145453
Morocco,147329,21809,Kénitra,2016,0.1013833,0.1051722
Morocco,147329,21809,Kénitra,2017,0.09411913,0.102759674
Morocco,147329,21809,Kénitra,2018,0.10194668,0.12521574
Morocco,147329,21809,Kénitra,2019,0.09701515,0.09614535
Morocco,147329,21809,Kénitra,2020,0.09546659,0.09163478
Morocco,147329,21809,Kénitra,2021,0.096152745,0.11336811
Morocco,147329,21809,Kénitra,2022,0.08989122,0.10572883
Morocco,147329,21809,Kénitra,2023,0.09874351,0.096860364
Morocco,147329,21809,Kénitra,2024,0.09508405,0.103036374
Morocco,147334,21810,Khémisset,2015,0.07899185,0.071689405
Morocco,147334,21810,Khémisset,2016,0.077138245,0.0718123
Morocco,147334,21810,Khémisset,2017,0.07557161,0.07116236
Morocco,147334,21810,Khémisset,2018,0.07754882,0.075584315
Morocco,147334,21810,Khémisset,2019,0.073123515,0.06973966
Morocco,147334,21810,Khémisset,2020,0.07526569,0.0713652
Morocco,147334,21810,Khémisset,2021,0.07337831,0.06999446
Morocco,147334,21810,Khémisset,2022,0.07567573,0.070620656
Morocco,147334,21810,Khémisset,2023,0.07448527,0.06915937
Morocco,147334,21810,Khémisset,2024,0.07600199,0.07181787
Morocco,147337,21811,Larache,2015,0.13927576,0.1285779
Morocco,147337,21811,Larache,2016,0.13787949,0.1281923
Morocco,147337,21811,Larache,2017,0.13102657,0.12367736
Morocco,147337,21811,Larache,2018,0.13727164,0.13546167
Morocco,147337,21811,Larache,2019,0.13093147,0.12806416
Morocco,147337,21811,Larache,2020,0.14360674,0.14580354
Morocco,147337,21811,Larache,2021,0.1359255,0.13217336
Morocco,147337,21811,Larache,2022,0.13153501,0.12598096
Morocco,147337,21811,Larache,2023,0.13770044,0.13248506
Morocco,147337,21811,Larache,2024,0.14248067,0.13969974
Morocco,147334,21812,Rabat,2015,0.009367494,0.007070267
Morocco,147334,21812,Rabat,2016,0.009979715,0.0069607077
Morocco,147334,21812,Rabat,2017,0.010547885,0.0069607077
Morocco,147334,21812,Rabat,2018,0.009874043,0.0062868665
Morocco,147334,21812,Rabat,2019,0.010547885,0.0069607077
Morocco,147334,21812,Rabat,2020,0.009874043,0.0062868665
Morocco,147334,21812,Rabat,2021,0.010547885,0.0069607077
Morocco,147334,21812,Rabat,2022,0.011857871,0.008270698
Morocco,147334,21812,Rabat,2023,0.016803317,0.01321614
Morocco,147334,21812,Rabat,2024,0.017428076,0.013840898
Morocco,147334,21813,Salé,2015,0.075577654,0.07321522
Morocco,147334,21813,Salé,2016,0.07638629,0.07402386
Morocco,147334,21813,Salé,2017,0.07638629,0.07402386
Morocco,147334,21813,Salé,2018,0.080894165,0.079048604
Morocco,147334,21813,Salé,2019,0.07638629,0.07402386
Morocco,147334,21813,Salé,2020,0.075084664,0.072722234
Morocco,147334,21813,Salé,2021,0.075084664,0.072722234
Morocco,147334,21813,Salé,2022,0.075084664,0.072722234
Morocco,147334,21813,Salé,2023,0.07516731,0.07221171
Morocco,147334,21813,Salé,2024,0.075084664,0.072722234
Morocco,147329,21814,Sidi Kacem,2015,0.20183241,0.1876855
Morocco,147329,21814,Sidi Kacem,2016,0.20223743,0.19448051
Morocco,147329,21814,Sidi Kacem,2017,0.18516564,0.1628141
Morocco,147329,21814,Sidi Kacem,2018,0.20328204,0.18720345
Morocco,147329,21814,Sidi Kacem,2019,0.19295281,0.17821577
Morocco,147329,21814,Sidi Kacem,2020,0.20832828,0.19628155
Morocco,147329,21814,Sidi Kacem,2021,0.19078478,0.17609099
Morocco,147329,21814,Sidi Kacem,2022,0.19531323,0.1862723
Morocco,147329,21814,Sidi Kacem,2023,0.19434386,0.17866847
Morocco,147329,21814,Sidi Kacem,2024,0.20595755,0.1967519
Morocco,147337,21817,Tétouan,2015,0.07976867,0.075628564
Morocco,147337,21817,Tétouan,2016,0.0758243,0.07214689
Morocco,147337,21817,Tétouan,2017,0.07836315,0.075002596
Morocco,147337,21817,Tétouan,2018,0.08029416,0.077950306
Morocco,147337,21817,Tétouan,2019,0.077455975,0.07331586
Morocco,147337,21817,Tétouan,2020,0.0806474,0.07830355
Morocco,147337,21817,Tétouan,2021,0.08121572,0.0770756
Morocco,147337,21817,Tétouan,2022,0.077358365,0.074197814
Morocco,147337,21817,Tétouan,2023,0.0829601,0.07979956
Morocco,147337,21817,Tétouan,2024,0.080123074,0.077779226
Morocco,2109,21818,Figuig,2015,0.08065396,0.08065396
Morocco,2109,21818,Figuig,2016,0.08133304,0.08133304
Morocco,2109,21818,Figuig,2017,0.07992587,0.07992587
Morocco,2109,21818,Figuig,2018,0.07861021,0.07861021
Morocco,2109,21818,Figuig,2019,0.07800479,0.07800479
Morocco,2109,21818,Figuig,2020,0.08143776,0.08143776
Morocco,2109,21818,Figuig,2021,0.080459766,0.080459766
Morocco,2109,21818,Figuig,2022,0.08084535,0.08084535
Morocco,2109,21818,Figuig,2023,0.08282637,0.08282637
Morocco,2109,21818,Figuig,2024,0.08452831,0.08452831
Morocco,2109,21819,Nador,2015,0.07402192,0.06761724
Morocco,2109,21819,Nador,2016,0.07326697,0.07335611
Morocco,2109,21819,Nador,2017,0.07402192,0.06774063
Morocco,2109,21819,Nador,2018,0.07402192,0.06761724
Morocco,2109,21819,Nador,2019,0.0742329,0.07161473
Morocco,2109,21819,Nador,2020,0.0742329,0.0679516
Morocco,2109,21819,Nador,2021,0.0742329,0.0679516
Morocco,2109,21819,Nador,2022,0.073963046,0.07107402
Morocco,2109,21819,Nador,2023,0.07430094,0.07141191
Morocco,2109,21819,Nador,2024,0.07985104,0.08032159
Morocco,147332,21823,Laâyoune,2015,0.109005846,0.109005846
Morocco,147332,21823,Laâyoune,2016,0.098959796,0.098959796
Morocco,147332,21823,Laâyoune,2017,0.09956329,0.09956329
Morocco,147332,21823,Laâyoune,2018,0.09647103,0.09647103
Morocco,147332,21823,Laâyoune,2019,0.10609528,0.10609528
Morocco,147332,21823,Laâyoune,2020,0.09726403,0.09726403
Morocco,147332,21823,Laâyoune,2021,0.10895053,0.10895053
Morocco,147332,21823,Laâyoune,2022,0.100784734,0.098918535
Morocco,147332,21823,Laâyoune,2023,0.114129975,0.10863502
Morocco,147332,21823,Laâyoune,2024,0.101720504,0.101720504
Morocco,147331,21825,Tan-Tan,2015,0.1073848,0.1073848
Morocco,147331,21825,Tan-Tan,2016,0.10713186,0.10713186
Morocco,147331,21825,Tan-Tan,2017,0.11758821,0.11758821
Morocco,147331,21825,Tan-Tan,2018,0.106759444,0.106759444
Morocco,147331,21825,Tan-Tan,2019,0.10554016,0.10554016
Morocco,147331,21825,Tan-Tan,2020,0.11309929,0.11309929
Morocco,147331,21825,Tan-Tan,2021,0.104232095,0.104232095
Morocco,147331,21825,Tan-Tan,2022,0.11468845,0.11468845
Morocco,147331,21825,Tan-Tan,2023,0.10722334,0.10722334
Morocco,147331,21825,Tan-Tan,2024,0.114524275,0.114524275
Morocco,147335,21826,Taroudannt,2015,0.21612576,0.23528835
Morocco,147335,21826,Taroudannt,2016,0.21411091,0.24812987
Morocco,147335,21826,Taroudannt,2017,0.21987751,0.24738711
Morocco,147335,21826,Taroudannt,2018,0.2233725,0.25499505
Morocco,147335,21826,Taroudannt,2019,0.19256714,0.22566035
Morocco,147335,21826,Taroudannt,2020,0.19117004,0.22726178
Morocco,147335,21826,Taroudannt,2021,0.19907656,0.23329395
Morocco,147335,21826,Taroudannt,2022,0.17884754,0.20767263
Morocco,147335,21826,Taroudannt,2023,0.17326775,0.1998345
Morocco,147335,21826,Taroudannt,2024,0.17321274,0.19822466
Morocco,147331,21827,Tata,2015,0.30952358,0.32298273
Morocco,147331,21827,Tata,2016,0.316656,0.32455617
Morocco,147331,21827,Tata,2017,0.3212644,0.3316716
Morocco,147331,21827,Tata,2018,0.2964353,0.31192827
Morocco,147331,21827,Tata,2019,0.33046895,0.33911735
Morocco,147331,21827,Tata,2020,0.32770273,0.3380189
Morocco,147331,21827,Tata,2021,0.33276162,0.34633136
Morocco,147331,21827,Tata,2022,0.2813065,0.29730743
Morocco,147331,21827,Tata,2023,0.36161703,0.3753813
Morocco,147331,21827,Tata,2024,0.3678279,0.37987027
Morocco,147335,21828,Tiznit,2015,0.12667985,0.13351022
Morocco,147335,21828,Tiznit,2016,0.11925927,0.12318084
Morocco,147335,21828,Tiznit,2017,0.122220166,0.13737223
Morocco,147335,21828,Tiznit,2018,0.13734774,0.13829719
Morocco,147335,21828,Tiznit,2019,0.11778598,0.12377037
Morocco,147335,21828,Tiznit,2020,0.11790512,0.12815149
Morocco,147335,21828,Tiznit,2021,0.12501644,0.12970623
Morocco,147335,21828,Tiznit,2022,0.11942112,0.13023335
Morocco,147335,21828,Tiznit,2023,0.12160151,0.13216
Morocco,147335,21828,Tiznit,2024,0.11995518,0.13648717
Morocco,147333,21829,El Kelaâ des Sraghna,2015,0.15627572,0.13378084
Morocco,147333,21829,El Kelaâ des Sraghna,2016,0.16835293,0.1635672
Morocco,147333,21829,El Kelaâ des Sraghna,2017,0.1354031,0.12536179
Morocco,147333,21829,El Kelaâ des Sraghna,2018,0.15506783,0.13587447
Morocco,147333,21829,El Kelaâ des Sraghna,2019,0.13367398,0.13129878
Morocco,147333,21829,El Kelaâ des Sraghna,2020,0.1499154,0.14214197
Morocco,147333,21829,El Kelaâ des Sraghna,2021,0.13056931,0.12752785
Morocco,147333,21829,El Kelaâ des Sraghna,2022,0.12480297,0.12429736
Morocco,147333,21829,El Kelaâ des Sraghna,2023,0.12436104,0.1179751
Morocco,147333,21829,El Kelaâ des Sraghna,2024,0.131315,0.12909426
Morocco,147333,21830,Essaouira,2015,0.12858965,0.10225037
Morocco,147333,21830,Essaouira,2016,0.116098285,0.11136013
Morocco,147333,21830,Essaouira,2017,0.11765108,0.096356995
Morocco,147333,21830,Essaouira,2018,0.120280266,0.086282924
Morocco,147333,21830,Essaouira,2019,0.10723506,0.10478941
Morocco,147333,21830,Essaouira,2020,0.11084738,0.11150919
Morocco,147333,21830,Essaouira,2021,0.120214105,0.09270118
Morocco,147333,21830,Essaouira,2022,0.106954716,0.11021803
Morocco,147333,21830,Essaouira,2023,0.11010848,0.11208938
Morocco,147333,21830,Essaouira,2024,0.11046217,0.11390407
Morocco,147327,21832,Safi,2015,0.104641005,0.06942467
Morocco,147327,21832,Safi,2016,0.10142017,0.08709358
Morocco,147327,21832,Safi,2017,0.10118312,0.06865512
Morocco,147327,21832,Safi,2018,0.10739808,0.07087318
Morocco,147327,21832,Safi,2019,0.100159794,0.07880117
Morocco,147327,21832,Safi,2020,0.105124086,0.08411115
Morocco,147327,21832,Safi,2021,0.093310416,0.06669065
Morocco,147327,21832,Safi,2022,0.08703507,0.08385623
Morocco,147327,21832,Safi,2023,0.09430094,0.07677323
Morocco,147327,21832,Safi,2024,0.09547132,0.091544
Morocco,147326,147339,Ben Slimane,2015,0.0922103,0.072459415
Morocco,147326,147339,Ben Slimane,2016,0.0721799,0.06621592
Morocco,147326,147339,Ben Slimane,2017,0.075569384,0.06909321
Morocco,147326,147339,Ben Slimane,2018,0.09895383,0.07676589
Morocco,147326,147339,Ben Slimane,2019,0.07977284,0.0699157
Morocco,147326,147339,Ben Slimane,2020,0.069776766,0.06461305
Morocco,147326,147339,Ben Slimane,2021,0.07800466,0.069410324
Morocco,147326,147339,Ben Slimane,2022,0.0748704,0.06706845
Morocco,147326,147339,Ben Slimane,2023,0.07308687,0.065745056
Morocco,147326,147339,Ben Slimane,2024,0.07336803,0.06717895
Morocco,147328,147340,Fès,2015,0.07408688,0.071788736
Morocco,147328,147340,Fès,2016,0.07866841,0.07778153
Morocco,147328,147340,Fès,2017,0.07866841,0.07721681
Morocco,147328,147340,Fès,2018,0.077673,0.07564571
Morocco,147328,147340,Fès,2019,0.07708268,0.073347025
Morocco,147328,147340,Fès,2020,0.08098111,0.08009423
Morocco,147328,147340,Fès,2021,0.07708268,0.0750836
Morocco,147328,147340,Fès,2022,0.07736682,0.07404562
Morocco,147328,147340,Fès,2023,0.07395619,0.07461034
Morocco,147328,147340,Fès,2024,0.073483564,0.07351999
Morocco,147328,147341,Sefrou,2015,0.11193915,0.077380635
Morocco,147328,147341,Sefrou,2016,0.10696967,0.0771748
Morocco,147328,147341,Sefrou,2017,0.10506894,0.07732107
Morocco,147328,147341,Sefrou,2018,0.12259643,0.0810155
Morocco,147328,147341,Sefrou,2019,0.113432996,0.077716775
Morocco,147328,147341,Sefrou,2020,0.10746559,0.07640028
Morocco,147328,147341,Sefrou,2021,0.11224858,0.077863045
Morocco,147328,147341,Sefrou,2022,0.10759726,0.07599921
Morocco,147328,147341,Sefrou,2023,0.10220958,0.07676716
Morocco,147328,147341,Sefrou,2024,0.10797466,0.0767607
Morocco,147328,147342,Zouagha-Moulay Yacoub,2015,0.075312264,0.073658794
Morocco,147328,147342,Zouagha-Moulay Yacoub,2016,0.076465055,0.07464398
Morocco,147328,147342,Zouagha-Moulay Yacoub,2017,0.077172264,0.073903434
Morocco,147328,147342,Zouagha-Moulay Yacoub,2018,0.078967474,0.0803559
Morocco,147328,147342,Zouagha-Moulay Yacoub,2019,0.07522592,0.072979264
Morocco,147328,147342,Zouagha-Moulay Yacoub,2020,0.075847626,0.074026555
Morocco,147328,147342,Zouagha-Moulay Yacoub,2021,0.07522592,0.072979264
Morocco,147328,147342,Zouagha-Moulay Yacoub,2022,0.077390485,0.07584024
Morocco,147328,147342,Zouagha-Moulay Yacoub,2023,0.07682351,0.07500241
Morocco,147328,147342,Zouagha-Moulay Yacoub,2024,0.07682351,0.07500241
Morocco,147330,147343,Casablanca,2015,0.018138891,0.0053531383
Morocco,147330,147343,Casablanca,2016,0.024145722,0.011957229
Morocco,147330,147343,Casablanca,2017,0.017986441,0.0057979403
Morocco,147330,147343,Casablanca,2018,0.017704912,0.0055164224
Morocco,147330,147343,Casablanca,2019,0.020194551,0.008006052
Morocco,147330,147343,Casablanca,2020,0.024359617,0.012171126
Morocco,147330,147343,Casablanca,2021,0.01819411,0.0060056103
Morocco,147330,147343,Casablanca,2022,0.024309501,0.012121005
Morocco,147330,147343,Casablanca,2023,0.024323214,0.012134718
Morocco,147330,147343,Casablanca,2024,0.04084852,0.029226962
Morocco,147330,147344,Mohammedia,2015,0.013913168,0.011454059
Morocco,147330,147344,Mohammedia,2016,0.017699758,0.01519904
Morocco,147330,147344,Mohammedia,2017,0.021535981,0.020266598
Morocco,147330,147344,Mohammedia,2018,0.015685808,0.0132267
Morocco,147330,147344,Mohammedia,2019,0.017395604,0.0149364965
Morocco,147330,147344,Mohammedia,2020,0.014671936,0.012171219
Morocco,147330,147344,Mohammedia,2021,0.017395604,0.0149364965
Morocco,147330,147344,Mohammedia,2022,0.0164313,0.012220508
Morocco,147330,147344,Mohammedia,2023,0.01441335,0.011912634
Morocco,147330,147344,Mohammedia,2024,0.018818732,0.015391787
Morocco,147331,147345,Assa-Zag,2015,0.120789334,0.11760599
Morocco,147331,147345,Assa-Zag,2016,0.12095739,0.11628677
Morocco,147331,147345,Assa-Zag,2017,0.16741575,0.15872495
Morocco,147331,147345,Assa-Zag,2018,0.11063453,0.11063453
Morocco,147331,147345,Assa-Zag,2019,0.12228662,0.12208273
Morocco,147331,147345,Assa-Zag,2020,0.16710827,0.1623581
Morocco,147331,147345,Assa-Zag,2021,0.12966181,0.12966181
Morocco,147331,147345,Assa-Zag,2022,0.16106747,0.15378188
Morocco,147331,147345,Assa-Zag,2023,0.15827298,0.15333335
Morocco,147331,147345,Assa-Zag,2024,0.15153465,0.1499412
Morocco,147331,147346,Guelmim,2015,0.13154158,0.12720169
Morocco,147331,147346,Guelmim,2016,0.1233881,0.12333812
Morocco,147331,147346,Guelmim,2017,0.1259387,0.12486718
Morocco,147331,147346,Guelmim,2018,0.13413161,0.13418585
Morocco,147331,147346,Guelmim,2019,0.12136994,0.121282965
Morocco,147331,147346,Guelmim,2020,0.12650967,0.12830591
Morocco,147331,147346,Guelmim,2021,0.117448784,0.11797333
Morocco,147331,147346,Guelmim,2022,0.11446993,0.117523655
Morocco,147331,147346,Guelmim,2023,0.11591989,0.119185016
Morocco,147331,147346,Guelmim,2024,0.118235685,0.121132866
Morocco,147333,147347,Al Haouz,2015,0.21428524,0.24087319
Morocco,147333,147347,Al Haouz,2016,0.21302634,0.25778037
Morocco,147333,147347,Al Haouz,2017,0.2108919,0.25356433
Morocco,147333,147347,Al Haouz,2018,0.22757411,0.22548082
Morocco,147333,147347,Al Haouz,2019,0.22161856,0.25206643
Morocco,147333,147347,Al Haouz,2020,0.22831498,0.26954976
Morocco,147333,147347,Al Haouz,2021,0.23012224,0.2657404
Morocco,147333,147347,Al Haouz,2022,0.2253858,0.2644175
Morocco,147333,147347,Al Haouz,2023,0.2289067,0.2705482
Morocco,147333,147347,Al Haouz,2024,0.21948755,0.26155534
Morocco,147333,147348,Chichaoua,2015,0.15757361,0.15170597
Morocco,147333,147348,Chichaoua,2016,0.16309094,0.16994669
Morocco,147333,147348,Chichaoua,2017,0.16472894,0.17233899
Morocco,147333,147348,Chichaoua,2018,0.17078009,0.16229706
Morocco,147333,147348,Chichaoua,2019,0.1687382,0.17467341
Morocco,147333,147348,Chichaoua,2020,0.14724702,0.15281995
Morocco,147333,147348,Chichaoua,2021,0.15526953,0.16156358
Morocco,147333,147348,Chichaoua,2022,0.14825049,0.15286012
Morocco,147333,147348,Chichaoua,2023,0.15420857,0.15271677
Morocco,147333,147348,Chichaoua,2024,0.14814185,0.15126598
Morocco,147333,147349,Marrakech,2015,0.08089803,0.07485478
Morocco,147333,147349,Marrakech,2016,0.0844634,0.08455254
Morocco,147333,147349,Marrakech,2017,0.07529603,0.07290785
Morocco,147333,147349,Marrakech,2018,0.086616464,0.08247778
Morocco,147333,147349,Marrakech,2019,0.07685662,0.07446843
Morocco,147333,147349,Marrakech,2020,0.08127752,0.08205215
Morocco,147333,147349,Marrakech,2021,0.07930341,0.07691523
Morocco,147333,147349,Marrakech,2022,0.109917484,0.08510215
Morocco,147333,147349,Marrakech,2023,0.084159166,0.08423937
Morocco,147333,147349,Marrakech,2024,0.08924259,0.090008296
Morocco,2107,147350,El Hajeb,2015,0.1271754,0.089843065
Morocco,2107,147350,El Hajeb,2016,0.12116849,0.085266955
Morocco,2107,147350,El Hajeb,2017,0.11201292,0.08017118
Morocco,2107,147350,El Hajeb,2018,0.14991888,0.09910772
Morocco,2107,147350,El Hajeb,2019,0.11899431,0.08224149
Morocco,2107,147350,El Hajeb,2020,0.123752125,0.08816313
Morocco,2107,147350,El Hajeb,2021,0.13866046,0.09871291
Morocco,2107,147350,El Hajeb,2022,0.11032516,0.08233132
Morocco,2107,147350,El Hajeb,2023,0.11757891,0.08458462
Morocco,2107,147350,El Hajeb,2024,0.11906114,0.09756837
Morocco,2107,147351,Meknès,2015,0.08026496,0.08095318
Morocco,2107,147351,Meknès,2016,0.07701041,0.077641055
Morocco,2107,147351,Meknès,2017,0.07488881,0.07482308
Morocco,2107,147351,Meknès,2018,0.08536005,0.08686494
Morocco,2107,147351,Meknès,2019,0.07858168,0.07857346
Morocco,2107,147351,Meknès,2020,0.07819396,0.078128174
Morocco,2107,147351,Meknès,2021,0.07647552,0.076467305
Morocco,2107,147351,Meknès,2022,0.077986285,0.07861693
Morocco,2107,147351,Meknès,2023,0.075673565,0.07560779
Morocco,2107,147351,Meknès,2024,0.07819396,0.078128174
Morocco,2109,147352,Berkane Taourirt,2015,0.10507168,0.09098882
Morocco,2109,147352,Berkane Taourirt,2016,0.09634374,0.080100484
Morocco,2109,147352,Berkane Taourirt,2017,0.09185569,0.08022904
Morocco,2109,147352,Berkane Taourirt,2018,0.10930617,0.08533465
Morocco,2109,147352,Berkane Taourirt,2019,0.08387361,0.07380571
Morocco,2109,147352,Berkane Taourirt,2020,0.09687206,0.077105016
Morocco,2109,147352,Berkane Taourirt,2021,0.08889889,0.073619336
Morocco,2109,147352,Berkane Taourirt,2022,0.07825952,0.075303905
Morocco,2109,147352,Berkane Taourirt,2023,0.0873233,0.07346698
Morocco,2109,147352,Berkane Taourirt,2024,0.075964265,0.0742135
Morocco,2109,147353,Jerada,2015,0.082710005,0.0796726
Morocco,2109,147353,Jerada,2016,0.08310118,0.081076175
Morocco,2109,147353,Jerada,2017,0.0824935,0.08046848
Morocco,2109,147353,Jerada,2018,0.08102935,0.07900433
Morocco,2109,147353,Jerada,2019,0.079520404,0.07749539
Morocco,2109,147353,Jerada,2020,0.079666674,0.07764166
Morocco,2109,147353,Jerada,2021,0.08874498,0.08951068
Morocco,2109,147353,Jerada,2022,0.086789526,0.08755523
Morocco,2109,147353,Jerada,2023,0.08739524,0.08747545
Morocco,2109,147353,Jerada,2024,0.08739524,0.08786579
Morocco,2109,147354,Oujda Angad,2015,0.074744776,0.073151685
Morocco,2109,147354,Oujda Angad,2016,0.083221786,0.08330199
Morocco,2109,147354,Oujda Angad,2017,0.074744776,0.073151685
Morocco,2109,147354,Oujda Angad,2018,0.076523624,0.07305714
Morocco,2109,147354,Oujda Angad,2019,0.0779781,0.07874379
Morocco,2109,147354,Oujda Angad,2020,0.07473544,0.07314236
Morocco,2109,147354,Oujda Angad,2021,0.07915806,0.07962861
Morocco,2109,147354,Oujda Angad,2022,0.07915806,0.07962861
Morocco,2109,147354,Oujda Angad,2023,0.07858875,0.079059295
Morocco,2109,147354,Oujda Angad,2024,0.07911747,0.07911747
Morocco,147334,147355,Skhirate-Témara,2015,0.0797701,0.07909304
Morocco,147334,147355,Skhirate-Témara,2016,0.074528165,0.07241164
Morocco,147334,147355,Skhirate-Témara,2017,0.074317925,0.070884526
Morocco,147334,147355,Skhirate-Témara,2018,0.08895172,0.08522212
Morocco,147334,147355,Skhirate-Témara,2019,0.07670233,0.0753735
Morocco,147334,147355,Skhirate-Témara,2020,0.076819874,0.07470332
Morocco,147334,147355,Skhirate-Témara,2021,0.07450711,0.07266146
Morocco,147334,147355,Skhirate-Témara,2022,0.07191547,0.06960716
Morocco,147334,147355,Skhirate-Témara,2023,0.07191547,0.06960716
Morocco,147334,147355,Skhirate-Témara,2024,0.07422819,0.07191989
Morocco,147335,147356,Agadir-Ida ou Tanane,2015,0.088380545,0.08584988
Morocco,147335,147356,Agadir-Ida ou Tanane,2016,0.09094939,0.091038525
Morocco,147335,147356,Agadir-Ida ou Tanane,2017,0.09150561,0.0870333
Morocco,147335,147356,Agadir-Ida ou Tanane,2018,0.09050211,0.08785641
Morocco,147335,147356,Agadir-Ida ou Tanane,2019,0.08958251,0.08967165
Morocco,147335,147356,Agadir-Ida ou Tanane,2020,0.09471666,0.09518721
Morocco,147335,147356,Agadir-Ida ou Tanane,2021,0.09076783,0.09085697
Morocco,147335,147356,Agadir-Ida ou Tanane,2022,0.09370141,0.09417196
Morocco,147335,147356,Agadir-Ida ou Tanane,2023,0.09317835,0.093648896
Morocco,147335,147356,Agadir-Ida ou Tanane,2024,0.09186838,0.09233893
Morocco,147335,147357,Chtouka-Aït Baha,2015,0.14464664,0.13610232
Morocco,147335,147357,Chtouka-Aït Baha,2016,0.1503978,0.14640696
Morocco,147335,147357,Chtouka-Aït Baha,2017,0.12832192,0.12528655
Morocco,147335,147357,Chtouka-Aït Baha,2018,0.13921161,0.13081747
Morocco,147335,147357,Chtouka-Aït Baha,2019,0.13055755,0.12903014
Morocco,147335,147357,Chtouka-Aït Baha,2020,0.13291669,0.13095586
Morocco,147335,147357,Chtouka-Aït Baha,2021,0.13041146,0.12672368
Morocco,147335,147357,Chtouka-Aït Baha,2022,0.1576643,0.15698399
Morocco,147335,147357,Chtouka-Aït Baha,2023,0.15549114,0.15809795
Morocco,147335,147357,Chtouka-Aït Baha,2024,0.14653343,0.14696902
Morocco,147335,147358,Inezgane-Aït Melloul,2015,0.062716275,0.051580854
Morocco,147335,147358,Inezgane-Aït Melloul,2016,0.0815231,0.06923547
Morocco,147335,147358,Inezgane-Aït Melloul,2017,0.08006159,0.067358986
Morocco,147335,147358,Inezgane-Aït Melloul,2018,0.06665207,0.053949457
Morocco,147335,147358,Inezgane-Aït Melloul,2019,0.07440117,0.074505284
Morocco,147335,147358,Inezgane-Aït Melloul,2020,0.09855341,0.09932804
Morocco,147335,147358,Inezgane-Aït Melloul,2021,0.07809758,0.06924193
Morocco,147335,147358,Inezgane-Aït Melloul,2022,0.09655202,0.09665611
Morocco,147335,147358,Inezgane-Aït Melloul,2023,0.085321195,0.08370878
Morocco,147335,147358,Inezgane-Aït Melloul,2024,0.099163644,0.09993827
Morocco,147335,147359,Ouarzazate,2015,0.15543449,0.1531556
Morocco,147335,147359,Ouarzazate,2016,0.15339412,0.16469058
Morocco,147335,147359,Ouarzazate,2017,0.15229052,0.17052603
Morocco,147335,147359,Ouarzazate,2018,0.14204463,0.15345755
Morocco,147335,147359,Ouarzazate,2019,0.14829026,0.16452162
Morocco,147335,147359,Ouarzazate,2020,0.15697256,0.1834127
Morocco,147335,147359,Ouarzazate,2021,0.15595855,0.1824004
Morocco,147335,147359,Ouarzazate,2022,0.1278041,0.15422429
Morocco,147335,147359,Ouarzazate,2023,0.14666466,0.17648247
Morocco,147335,147359,Ouarzazate,2024,0.14875376,0.17818761
Morocco,147335,147360,Zagora,2015,0.22937115,0.20029236
Morocco,147335,147360,Zagora,2016,0.26246148,0.22604802
Morocco,147335,147360,Zagora,2017,0.26208663,0.23398054
Morocco,147335,147360,Zagora,2018,0.26313972,0.23376536
Morocco,147335,147360,Zagora,2019,0.24687979,0.22185484
Morocco,147335,147360,Zagora,2020,0.24769941,0.2325804
Morocco,147335,147360,Zagora,2021,0.23743683,0.23032188
Morocco,147335,147360,Zagora,2022,0.20782211,0.20911458
Morocco,147335,147360,Zagora,2023,0.22272782,0.21555325
Morocco,147335,147360,Zagora,2024,0.22286499,0.21964513
Morocco,147337,147361,Fahs Anjra,2015,0.08451935,0.08231121
Morocco,147337,147361,Fahs Anjra,2016,0.08428118,0.08207304
Morocco,147337,147361,Fahs Anjra,2017,0.07617266,0.07986714
Morocco,147337,147361,Fahs Anjra,2018,0.085687906,0.08750953
Morocco,147337,147361,Fahs Anjra,2019,0.087443985,0.088040665
Morocco,147337,147361,Fahs Anjra,2020,0.085571826,0.08698518
Morocco,147337,147361,Fahs Anjra,2021,0.07978067,0.079621576
Morocco,147337,147361,Fahs Anjra,2022,0.0775855,0.07690954
Morocco,147337,147361,Fahs Anjra,2023,0.092025734,0.092622414
Morocco,147337,147361,Fahs Anjra,2024,0.08693431,0.088347666
Morocco,147337,147362,Tanger-Assilah,2015,0.08617976,0.080655746
Morocco,147337,147362,Tanger-Assilah,2016,0.08438645,0.07788287
Morocco,147337,147362,Tanger-Assilah,2017,0.08302397,0.07735231
Morocco,147337,147362,Tanger-Assilah,2018,0.08575475,0.08104741
Morocco,147337,147362,Tanger-Assilah,2019,0.08982597,0.08563375
Morocco,147337,147362,Tanger-Assilah,2020,0.09033342,0.086141184
Morocco,147337,147362,Tanger-Assilah,2021,0.08332916,0.077657506
Morocco,147337,147362,Tanger-Assilah,2022,0.077957846,0.072748885
Morocco,147337,147362,Tanger-Assilah,2023,0.09025175,0.08524284
Morocco,147337,147362,Tanger-Assilah,2024,0.09033342,0.086458035
Tajikistan,2847,37575,Ishkashimskiy,2015,0.2556646,0.23024745
Tajikistan,2847,37575,Ishkashimskiy,2016,0.2810423,0.25081053
Tajikistan,2847,37575,Ishkashimskiy,2017,0.2704478,0.24113238
Tajikistan,2847,37575,Ishkashimskiy,2018,0.26756582,0.23983368
Tajikistan,2847,37575,Ishkashimskiy,2019,0.27503622,0.24550515
Tajikistan,2847,37575,Ishkashimskiy,2020,0.26763207,0.24084282
Tajikistan,2847,37575,Ishkashimskiy,2021,0.26801768,0.24001476
Tajikistan,2847,37575,Ishkashimskiy,2022,0.27911967,0.24914682
Tajikistan,2847,37575,Ishkashimskiy,2023,0.2741295,0.24556263
Tajikistan,2847,37575,Ishkashimskiy,2024,0.29653993,0.2619162
Tajikistan,2847,37576,Kalay-Humbskiy,2015,0.41304353,0.41970453
Tajikistan,2847,37576,Kalay-Humbskiy,2016,0.45104587,0.43790445
Tajikistan,2847,37576,Kalay-Humbskiy,2017,0.44619203,0.4553449
Tajikistan,2847,37576,Kalay-Humbskiy,2018,0.42892274,0.4274162
Tajikistan,2847,37576,Kalay-Humbskiy,2019,0.44096285,0.43490553
Tajikistan,2847,37576,Kalay-Humbskiy,2020,0.40842664,0.41136795
Tajikistan,2847,37576,Kalay-Humbskiy,2021,0.41808972,0.42677224
Tajikistan,2847,37576,Kalay-Humbskiy,2022,0.44124424,0.4470945
Tajikistan,2847,37576,Kalay-Humbskiy,2023,0.39599055,0.3947654
Tajikistan,2847,37576,Kalay-Humbskiy,2024,0.44483018,0.4274727
Tajikistan,2847,37577,Murgabskiy,2015,0.24830543,0.23246165
Tajikistan,2847,37577,Murgabskiy,2016,0.24859124,0.23634863
Tajikistan,2847,37577,Murgabskiy,2017,0.25556973,0.23430699
Tajikistan,2847,37577,Murgabskiy,2018,0.26490372,0.24524972
Tajikistan,2847,37577,Murgabskiy,2019,0.271478,0.24563006
Tajikistan,2847,37577,Murgabskiy,2020,0.23980232,0.21836239
Tajikistan,2847,37577,Murgabskiy,2021,0.24291587,0.22171548
Tajikistan,2847,37577,Murgabskiy,2022,0.27563822,0.25010648
Tajikistan,2847,37577,Murgabskiy,2023,0.26726526,0.2453996
Tajikistan,2847,37577,Murgabskiy,2024,0.2865072,0.2619697
Tajikistan,2847,37578,Roshtkala,2015,0.2765352,0.25342798
Tajikistan,2847,37578,Roshtkala,2016,0.28187943,0.25361294
Tajikistan,2847,37578,Roshtkala,2017,0.27542216,0.25460434
Tajikistan,2847,37578,Roshtkala,2018,0.2841639,0.2605342
Tajikistan,2847,37578,Roshtkala,2019,0.2785465,0.2546876
Tajikistan,2847,37578,Roshtkala,2020,0.2742999,0.25166005
Tajikistan,2847,37578,Roshtkala,2021,0.27595428,0.25427654
Tajikistan,2847,37578,Roshtkala,2022,0.26831245,0.24569365
Tajikistan,2847,37578,Roshtkala,2023,0.2662596,0.23571157
Tajikistan,2847,37578,Roshtkala,2024,0.279801,0.2509272
Tajikistan,2847,37579,Rushanskiy,2015,0.28734648,0.26471525
Tajikistan,2847,37579,Rushanskiy,2016,0.30450624,0.28280118
Tajikistan,2847,37579,Rushanskiy,2017,0.29032215,0.2674314
Tajikistan,2847,37579,Rushanskiy,2018,0.3014694,0.27943057
Tajikistan,2847,37579,Rushanskiy,2019,0.29592147,0.2720434
Tajikistan,2847,37579,Rushanskiy,2020,0.2917927,0.2655552
Tajikistan,2847,37579,Rushanskiy,2021,0.29887223,0.2710707
Tajikistan,2847,37579,Rushanskiy,2022,0.28524625,0.26329455
Tajikistan,2847,37579,Rushanskiy,2023,0.27210146,0.24671067
Tajikistan,2847,37579,Rushanskiy,2024,0.28818536,0.26512605
Tajikistan,2847,37580,Shugnanskiy,2015,0.31333584,0.26932755
Tajikistan,2847,37580,Shugnanskiy,2016,0.33100832,0.2937225
Tajikistan,2847,37580,Shugnanskiy,2017,0.3233878,0.28574544
Tajikistan,2847,37580,Shugnanskiy,2018,0.28060502,0.24371547
Tajikistan,2847,37580,Shugnanskiy,2019,0.31153017,0.26915058
Tajikistan,2847,37580,Shugnanskiy,2020,0.3253689,0.2842052
Tajikistan,2847,37580,Shugnanskiy,2021,0.32440072,0.282707
Tajikistan,2847,37580,Shugnanskiy,2022,0.27149966,0.22402227
Tajikistan,2847,37580,Shugnanskiy,2023,0.2744794,0.21870336
Tajikistan,2847,37580,Shugnanskiy,2024,0.27305856,0.22447002
Tajikistan,2847,37581,Vanchskiy,2015,0.30230552,0.25374532
Tajikistan,2847,37581,Vanchskiy,2016,0.30859682,0.26436794
Tajikistan,2847,37581,Vanchskiy,2017,0.30286402,0.2448481
Tajikistan,2847,37581,Vanchskiy,2018,0.31684238,0.2824237
Tajikistan,2847,37581,Vanchskiy,2019,0.30653173,0.2640531
Tajikistan,2847,37581,Vanchskiy,2020,0.31145066,0.26611558
Tajikistan,2847,37581,Vanchskiy,2021,0.3054538,0.25327072
Tajikistan,2847,37581,Vanchskiy,2022,0.30426395,0.2613073
Tajikistan,2847,37581,Vanchskiy,2023,0.2835013,0.22523272
Tajikistan,2847,37581,Vanchskiy,2024,0.3089745,0.26528084
Tajikistan,2848,37582,Baljuan,2015,0.24183536,0.20766994
Tajikistan,2848,37582,Baljuan,2016,0.18799712,0.16088858
Tajikistan,2848,37582,Baljuan,2017,0.1970942,0.18404272
Tajikistan,2848,37582,Baljuan,2018,0.22112858,0.19308254
Tajikistan,2848,37582,Baljuan,2019,0.1723331,0.13965698
Tajikistan,2848,37582,Baljuan,2020,0.18887371,0.16007134
Tajikistan,2848,37582,Baljuan,2021,0.24916163,0.22668165
Tajikistan,2848,37582,Baljuan,2022,0.20863746,0.19129634
Tajikistan,2848,37582,Baljuan,2023,0.18766701,0.17670579
Tajikistan,2848,37582,Baljuan,2024,0.2451188,0.21158509
Tajikistan,2848,37583,Bokhtar,2015,0.20674726,0.09745342
Tajikistan,2848,37583,Bokhtar,2016,0.20168327,0.094880864
Tajikistan,2848,37583,Bokhtar,2017,0.1917431,0.09323944
Tajikistan,2848,37583,Bokhtar,2018,0.184587,0.10464208
Tajikistan,2848,37583,Bokhtar,2019,0.19336736,0.09183813
Tajikistan,2848,37583,Bokhtar,2020,0.17060798,0.069482155
Tajikistan,2848,37583,Bokhtar,2021,0.20000988,0.1203637
Tajikistan,2848,37583,Bokhtar,2022,0.17764734,0.09721249
Tajikistan,2848,37583,Bokhtar,2023,0.18489349,0.10306249
Tajikistan,2848,37583,Bokhtar,2024,0.20717107,0.11978026
Tajikistan,2848,37584,Dangara,2015,0.1537454,0.1310769
Tajikistan,2848,37584,Dangara,2016,0.15505184,0.13973045
Tajikistan,2848,37584,Dangara,2017,0.13782951,0.12626675
Tajikistan,2848,37584,Dangara,2018,0.16007799,0.14314179
Tajikistan,2848,37584,Dangara,2019,0.15612456,0.12437192
Tajikistan,2848,37584,Dangara,2020,0.16568714,0.13724697
Tajikistan,2848,37584,Dangara,2021,0.21469262,0.18924087
Tajikistan,2848,37584,Dangara,2022,0.17157607,0.15417469
Tajikistan,2848,37584,Dangara,2023,0.16542938,0.15266798
Tajikistan,2848,37584,Dangara,2024,0.19158083,0.17473054
Tajikistan,2848,37585,Ghozimalik,2015,0.29019517,0.2859993
Tajikistan,2848,37585,Ghozimalik,2016,0.27746046,0.27554137
Tajikistan,2848,37585,Ghozimalik,2017,0.26829657,0.26564443
Tajikistan,2848,37585,Ghozimalik,2018,0.29026917,0.28438646
Tajikistan,2848,37585,Ghozimalik,2019,0.29488575,0.29062223
Tajikistan,2848,37585,Ghozimalik,2020,0.28268227,0.27168322
Tajikistan,2848,37585,Ghozimalik,2021,0.29246968,0.29726917
Tajikistan,2848,37585,Ghozimalik,2022,0.29379153,0.29199106
Tajikistan,2848,37585,Ghozimalik,2023,0.26985198,0.2755044
Tajikistan,2848,37585,Ghozimalik,2024,0.29589638,0.2907203
Tajikistan,2848,37586,Hovaling,2015,0.238852,0.16673511
Tajikistan,2848,37586,Hovaling,2016,0.24879962,0.18934377
Tajikistan,2848,37586,Hovaling,2017,0.2414945,0.1871118
Tajikistan,2848,37586,Hovaling,2018,0.25299966,0.18927497
Tajikistan,2848,37586,Hovaling,2019,0.25388128,0.20519413
Tajikistan,2848,37586,Hovaling,2020,0.24489197,0.17305137
Tajikistan,2848,37586,Hovaling,2021,0.25079203,0.19282481
Tajikistan,2848,37586,Hovaling,2022,0.26196277,0.21274999
Tajikistan,2848,37586,Hovaling,2023,0.2534496,0.19823372
Tajikistan,2848,37586,Hovaling,2024,0.2628938,0.19131646
Tajikistan,2848,37587,Jilikul,2015,0.29705715,0.25981873
Tajikistan,2848,37587,Jilikul,2016,0.31477913,0.2708797
Tajikistan,2848,37587,Jilikul,2017,0.29713193,0.24556677
Tajikistan,2848,37587,Jilikul,2018,0.31631672,0.26884753
Tajikistan,2848,37587,Jilikul,2019,0.3244164,0.26329094
Tajikistan,2848,37587,Jilikul,2020,0.31389678,0.25261515
Tajikistan,2848,37587,Jilikul,2021,0.31983086,0.25947955
Tajikistan,2848,37587,Jilikul,2022,0.31089944,0.25411046
Tajikistan,2848,37587,Jilikul,2023,0.31144717,0.2630057
Tajikistan,2848,37587,Jilikul,2024,0.33330327,0.27349743
Tajikistan,2848,37588,Kabodien,2015,0.31330705,0.27222335
Tajikistan,2848,37588,Kabodien,2016,0.28862274,0.24523032
Tajikistan,2848,37588,Kabodien,2017,0.25165454,0.21054842
Tajikistan,2848,37588,Kabodien,2018,0.27913046,0.24355286
Tajikistan,2848,37588,Kabodien,2019,0.2838527,0.23416415
Tajikistan,2848,37588,Kabodien,2020,0.28846937,0.2428227
Tajikistan,2848,37588,Kabodien,2021,0.31879324,0.27928725
Tajikistan,2848,37588,Kabodien,2022,0.29915398,0.25095308
Tajikistan,2848,37588,Kabodien,2023,0.2926013,0.2494888
Tajikistan,2848,37588,Kabodien,2024,0.28743643,0.23398544
Tajikistan,2848,37589,Kolhosobadskiy,2015,0.29312295,0.2486259
Tajikistan,2848,37589,Kolhosobadskiy,2016,0.29597276,0.246744
Tajikistan,2848,37589,Kolhosobadskiy,2017,0.25352517,0.20383947
Tajikistan,2848,37589,Kolhosobadskiy,2018,0.31781307,0.27824965
Tajikistan,2848,37589,Kolhosobadskiy,2019,0.3090282,0.25893974
Tajikistan,2848,37589,Kolhosobadskiy,2020,0.30450383,0.25286365
Tajikistan,2848,37589,Kolhosobadskiy,2021,0.3259257,0.27899143
Tajikistan,2848,37589,Kolhosobadskiy,2022,0.27477214,0.23248234
Tajikistan,2848,37589,Kolhosobadskiy,2023,0.29044682,0.25596276
Tajikistan,2848,37589,Kolhosobadskiy,2024,0.32160422,0.27168748
Tajikistan,2848,37590,Kulyab,2015,0.18029243,0.124599054
Tajikistan,2848,37590,Kulyab,2016,0.1740573,0.12667117
Tajikistan,2848,37590,Kulyab,2017,0.16009353,0.122699626
Tajikistan,2848,37590,Kulyab,2018,0.15997511,0.12293294
Tajikistan,2848,37590,Kulyab,2019,0.14051096,0.109307654
Tajikistan,2848,37590,Kulyab,2020,0.13903254,0.102423996
Tajikistan,2848,37590,Kulyab,2021,0.16783144,0.13255273
Tajikistan,2848,37590,Kulyab,2022,0.14026089,0.10970171
Tajikistan,2848,37590,Kulyab,2023,0.12181944,0.10481562
Tajikistan,2848,37590,Kulyab,2024,0.16545165,0.12686744
Tajikistan,2848,37591,Kumsangirskiy,2015,0.2987383,0.2614523
Tajikistan,2848,37591,Kumsangirskiy,2016,0.30591416,0.27218735
Tajikistan,2848,37591,Kumsangirskiy,2017,0.23453024,0.19389454
Tajikistan,2848,37591,Kumsangirskiy,2018,0.28297055,0.25277567
Tajikistan,2848,37591,Kumsangirskiy,2019,0.2636566,0.22701311
Tajikistan,2848,37591,Kumsangirskiy,2020,0.2854246,0.24118309
Tajikistan,2848,37591,Kumsangirskiy,2021,0.2890781,0.2507759
Tajikistan,2848,37591,Kumsangirskiy,2022,0.28411004,0.24729678
Tajikistan,2848,37591,Kumsangirskiy,2023,0.27987963,0.25874364
Tajikistan,2848,37591,Kumsangirskiy,2024,0.30639774,0.2672248
Tajikistan,2848,37592,Kurgan-Tjube,2015,0.2818155,0.22348657
Tajikistan,2848,37592,Kurgan-Tjube,2016,0.2908005,0.23179704
Tajikistan,2848,37592,Kurgan-Tjube,2017,0.28950864,0.23820874
Tajikistan,2848,37592,Kurgan-Tjube,2018,0.28953782,0.25922623
Tajikistan,2848,37592,Kurgan-Tjube,2019,0.2920211,0.23878305
Tajikistan,2848,37592,Kurgan-Tjube,2020,0.2887425,0.23518954
Tajikistan,2848,37592,Kurgan-Tjube,2021,0.28412324,0.23805618
Tajikistan,2848,37592,Kurgan-Tjube,2022,0.29087624,0.25094888
Tajikistan,2848,37592,Kurgan-Tjube,2023,0.28512287,0.25257188
Tajikistan,2848,37592,Kurgan-Tjube,2024,0.2987504,0.2588603
Tajikistan,2848,37593,Moskovskiy,2015,0.25102505,0.22055292
Tajikistan,2848,37593,Moskovskiy,2016,0.27861333,0.2704691
Tajikistan,2848,37593,Moskovskiy,2017,0.269203,0.27037984
Tajikistan,2848,37593,Moskovskiy,2018,0.27559942,0.27698472
Tajikistan,2848,37593,Moskovskiy,2019,0.2800391,0.27076566
Tajikistan,2848,37593,Moskovskiy,2020,0.2795755,0.25870198
Tajikistan,2848,37593,Moskovskiy,2021,0.30811232,0.280378
Tajikistan,2848,37593,Moskovskiy,2022,0.28670588,0.27272713
Tajikistan,2848,37593,Moskovskiy,2023,0.22652064,0.22677985
Tajikistan,2848,37593,Moskovskiy,2024,0.30944777,0.30539426
Tajikistan,2848,37594,Muminobod,2015,0.31426963,0.23213464
Tajikistan,2848,37594,Muminobod,2016,0.31496888,0.25625739
Tajikistan,2848,37594,Muminobod,2017,0.3053288,0.24660587
Tajikistan,2848,37594,Muminobod,2018,0.31474975,0.24621469
Tajikistan,2848,37594,Muminobod,2019,0.30012026,0.2274923
Tajikistan,2848,37594,Muminobod,2020,0.32530624,0.24982056
Tajikistan,2848,37594,Muminobod,2021,0.3287284,0.2584024
Tajikistan,2848,37594,Muminobod,2022,0.31026605,0.24238715
Tajikistan,2848,37594,Muminobod,2023,0.28631788,0.21130385
Tajikistan,2848,37594,Muminobod,2024,0.29925853,0.22619966
Tajikistan,2848,37595,Parharskiy,2015,0.26516378,0.22908598
Tajikistan,2848,37595,Parharskiy,2016,0.28285784,0.2576768
Tajikistan,2848,37595,Parharskiy,2017,0.27569783,0.25332594
Tajikistan,2848,37595,Parharskiy,2018,0.32146323,0.28857386
Tajikistan,2848,37595,Parharskiy,2019,0.299013,0.26976287
Tajikistan,2848,37595,Parharskiy,2020,0.28875327,0.252003
Tajikistan,2848,37595,Parharskiy,2021,0.3339538,0.29249007
Tajikistan,2848,37595,Parharskiy,2022,0.29866296,0.28153574
Tajikistan,2848,37595,Parharskiy,2023,0.27345723,0.26213947
Tajikistan,2848,37595,Parharskiy,2024,0.3149439,0.28861755
Tajikistan,2848,37596,Piynjskiy,2015,0.3009094,0.24901542
Tajikistan,2848,37596,Piynjskiy,2016,0.3001484,0.24737419
Tajikistan,2848,37596,Piynjskiy,2017,0.29653916,0.2629122
Tajikistan,2848,37596,Piynjskiy,2018,0.32989982,0.2933458
Tajikistan,2848,37596,Piynjskiy,2019,0.30897874,0.25794107
Tajikistan,2848,37596,Piynjskiy,2020,0.30754226,0.25733763
Tajikistan,2848,37596,Piynjskiy,2021,0.31076223,0.26389295
Tajikistan,2848,37596,Piynjskiy,2022,0.2493422,0.20867571
Tajikistan,2848,37596,Piynjskiy,2023,0.23784015,0.20378518
Tajikistan,2848,37596,Piynjskiy,2024,0.25711396,0.22207657
Tajikistan,2848,37597,Shaartuskiy,2015,0.2911266,0.24395451
Tajikistan,2848,37597,Shaartuskiy,2016,0.30092478,0.25176963
Tajikistan,2848,37597,Shaartuskiy,2017,0.30722696,0.2618668
Tajikistan,2848,37597,Shaartuskiy,2018,0.31554556,0.2702615
Tajikistan,2848,37597,Shaartuskiy,2019,0.32702053,0.30294102
Tajikistan,2848,37597,Shaartuskiy,2020,0.34048212,0.287012
Tajikistan,2848,37597,Shaartuskiy,2021,0.3271085,0.2791592
Tajikistan,2848,37597,Shaartuskiy,2022,0.32898247,0.2847386
Tajikistan,2848,37597,Shaartuskiy,2023,0.33014274,0.29945567
Tajikistan,2848,37597,Shaartuskiy,2024,0.35396528,0.3024789
Tajikistan,2848,37598,Shurabad,2015,0.31132662,0.3056433
Tajikistan,2848,37598,Shurabad,2016,0.3202614,0.31549615
Tajikistan,2848,37598,Shurabad,2017,0.26895607,0.25944623
Tajikistan,2848,37598,Shurabad,2018,0.32308862,0.31611794
Tajikistan,2848,37598,Shurabad,2019,0.3297155,0.32419074
Tajikistan,2848,37598,Shurabad,2020,0.3052879,0.29229522
Tajikistan,2848,37598,Shurabad,2021,0.30763918,0.29959744
Tajikistan,2848,37598,Shurabad,2022,0.31130332,0.3000907
Tajikistan,2848,37598,Shurabad,2023,0.28870922,0.27357417
Tajikistan,2848,37598,Shurabad,2024,0.30413455,0.29628116
Tajikistan,2848,37599,Sovetskiy,2015,0.29630205,0.26129463
Tajikistan,2848,37599,Sovetskiy,2016,0.29468313,0.2719305
Tajikistan,2848,37599,Sovetskiy,2017,0.24455509,0.23031682
Tajikistan,2848,37599,Sovetskiy,2018,0.3089184,0.30029464
Tajikistan,2848,37599,Sovetskiy,2019,0.24706115,0.22737655
Tajikistan,2848,37599,Sovetskiy,2020,0.23479208,0.21320516
Tajikistan,2848,37599,Sovetskiy,2021,0.30705383,0.2919358
Tajikistan,2848,37599,Sovetskiy,2022,0.25098768,0.23271462
Tajikistan,2848,37599,Sovetskiy,2023,0.239436,0.22762504
Tajikistan,2848,37599,Sovetskiy,2024,0.29760766,0.28537124
Tajikistan,2848,37600,Vahshskiy,2015,0.3102667,0.25018495
Tajikistan,2848,37600,Vahshskiy,2016,0.30888623,0.27826458
Tajikistan,2848,37600,Vahshskiy,2017,0.26396132,0.23195583
Tajikistan,2848,37600,Vahshskiy,2018,0.28903773,0.2684202
Tajikistan,2848,37600,Vahshskiy,2019,0.2824863,0.24654138
Tajikistan,2848,37600,Vahshskiy,2020,0.26505905,0.21968257
Tajikistan,2848,37600,Vahshskiy,2021,0.30875164,0.27817696
Tajikistan,2848,37600,Vahshskiy,2022,0.27610913,0.25143647
Tajikistan,2848,37600,Vahshskiy,2023,0.27231726,0.24947463
Tajikistan,2848,37600,Vahshskiy,2024,0.28962666,0.2580899
Tajikistan,2848,37601,Voseysky,2015,0.24122968,0.19510323
Tajikistan,2848,37601,Voseysky,2016,0.24162847,0.22468233
Tajikistan,2848,37601,Voseysky,2017,0.23909256,0.236557
Tajikistan,2848,37601,Voseysky,2018,0.24125631,0.23775871
Tajikistan,2848,37601,Voseysky,2019,0.24321648,0.21736261
Tajikistan,2848,37601,Voseysky,2020,0.2324509,0.21722388
Tajikistan,2848,37601,Voseysky,2021,0.23496398,0.22900459
Tajikistan,2848,37601,Voseysky,2022,0.26249656,0.25375652
Tajikistan,2848,37601,Voseysky,2023,0.22337402,0.22275156
Tajikistan,2848,37601,Voseysky,2024,0.2690297,0.26418182
Tajikistan,2848,37602,Yvanskiy,2015,0.25668097,0.18037383
Tajikistan,2848,37602,Yvanskiy,2016,0.2639267,0.17546536
Tajikistan,2848,37602,Yvanskiy,2017,0.24738407,0.16325851
Tajikistan,2848,37602,Yvanskiy,2018,0.2760474,0.21317169
Tajikistan,2848,37602,Yvanskiy,2019,0.28082258,0.187611
Tajikistan,2848,37602,Yvanskiy,2020,0.25908375,0.17074932
Tajikistan,2848,37602,Yvanskiy,2021,0.26230022,0.19607866
Tajikistan,2848,37602,Yvanskiy,2022,0.27951318,0.20777223
Tajikistan,2848,37602,Yvanskiy,2023,0.23473212,0.14843528
Tajikistan,2848,37602,Yvanskiy,2024,0.2742012,0.19230665
Tajikistan,2849,37603,Aini,2015,0.32264912,0.31572413
Tajikistan,2849,37603,Aini,2016,0.32982296,0.32130426
Tajikistan,2849,37603,Aini,2017,0.3228325,0.31737304
Tajikistan,2849,37603,Aini,2018,0.32182223,0.3129018
Tajikistan,2849,37603,Aini,2019,0.33235687,0.32272542
Tajikistan,2849,37603,Aini,2020,0.33246356,0.31395048
Tajikistan,2849,37603,Aini,2021,0.32089278,0.31457475
Tajikistan,2849,37603,Aini,2022,0.3340642,0.32501447
Tajikistan,2849,37603,Aini,2023,0.32931334,0.3242029
Tajikistan,2849,37603,Aini,2024,0.33551663,0.3098876
Tajikistan,2849,37604,Ashtskiy,2015,0.30905372,0.2952779
Tajikistan,2849,37604,Ashtskiy,2016,0.31945783,0.2975862
Tajikistan,2849,37604,Ashtskiy,2017,0.31800026,0.29753554
Tajikistan,2849,37604,Ashtskiy,2018,0.31147686,0.29051733
Tajikistan,2849,37604,Ashtskiy,2019,0.312815,0.2954924
Tajikistan,2849,37604,Ashtskiy,2020,0.30602568,0.27297074
Tajikistan,2849,37604,Ashtskiy,2021,0.3288331,0.2992787
Tajikistan,2849,37604,Ashtskiy,2022,0.31046572,0.28986853
Tajikistan,2849,37604,Ashtskiy,2023,0.30163676,0.27244237
Tajikistan,2849,37604,Ashtskiy,2024,0.3090393,0.27411658
Tajikistan,2849,37605,Ganchinskiy,2015,0.3225322,0.24939114
Tajikistan,2849,37605,Ganchinskiy,2016,0.32622063,0.2450212
Tajikistan,2849,37605,Ganchinskiy,2017,0.31354952,0.24201208
Tajikistan,2849,37605,Ganchinskiy,2018,0.31864154,0.2461236
Tajikistan,2849,37605,Ganchinskiy,2019,0.3101385,0.2328194
Tajikistan,2849,37605,Ganchinskiy,2020,0.325449,0.24587575
Tajikistan,2849,37605,Ganchinskiy,2021,0.3159141,0.24975696
Tajikistan,2849,37605,Ganchinskiy,2022,0.26074073,0.16969305
Tajikistan,2849,37605,Ganchinskiy,2023,0.26847988,0.18410401
Tajikistan,2849,37605,Ganchinskiy,2024,0.3152461,0.22358778
Tajikistan,2849,37606,Hojenskiy,2015,0.18430993,0.13839355
Tajikistan,2849,37606,Hojenskiy,2016,0.20843735,0.15113252
Tajikistan,2849,37606,Hojenskiy,2017,0.20460415,0.14842686
Tajikistan,2849,37606,Hojenskiy,2018,0.1876748,0.13977231
Tajikistan,2849,37606,Hojenskiy,2019,0.1708756,0.11221096
Tajikistan,2849,37606,Hojenskiy,2020,0.1610743,0.10566364
Tajikistan,2849,37606,Hojenskiy,2021,0.15674594,0.113462195
Tajikistan,2849,37606,Hojenskiy,2022,0.13136908,0.08309446
Tajikistan,2849,37606,Hojenskiy,2023,0.12961061,0.08865073
Tajikistan,2849,37606,Hojenskiy,2024,0.13445851,0.08595878
Tajikistan,2849,37607,Isfarinskiy,2015,0.27522042,0.18776634
Tajikistan,2849,37607,Isfarinskiy,2016,0.27171993,0.18750593
Tajikistan,2849,37607,Isfarinskiy,2017,0.27113327,0.18940692
Tajikistan,2849,37607,Isfarinskiy,2018,0.26990524,0.18902442
Tajikistan,2849,37607,Isfarinskiy,2019,0.27171397,0.17925331
Tajikistan,2849,37607,Isfarinskiy,2020,0.26300812,0.1736382
Tajikistan,2849,37607,Isfarinskiy,2021,0.25557148,0.15779938
Tajikistan,2849,37607,Isfarinskiy,2022,0.25812238,0.16709693
Tajikistan,2849,37607,Isfarinskiy,2023,0.24640584,0.15603928
Tajikistan,2849,37607,Isfarinskiy,2024,0.2521286,0.15296373
Tajikistan,2849,37608,Kanibadamskiy,2015,0.34818748,0.27442855
Tajikistan,2849,37608,Kanibadamskiy,2016,0.3713227,0.29329753
Tajikistan,2849,37608,Kanibadamskiy,2017,0.35626197,0.2748018
Tajikistan,2849,37608,Kanibadamskiy,2018,0.32866073,0.24988039
Tajikistan,2849,37608,Kanibadamskiy,2019,0.30364186,0.2101898
Tajikistan,2849,37608,Kanibadamskiy,2020,0.29084826,0.20588449
Tajikistan,2849,37608,Kanibadamskiy,2021,0.33675873,0.2456665
Tajikistan,2849,37608,Kanibadamskiy,2022,0.3100378,0.22883734
Tajikistan,2849,37608,Kanibadamskiy,2023,0.28160655,0.19071396
Tajikistan,2849,37608,Kanibadamskiy,2024,0.2529167,0.17796966
Tajikistan,2849,37609,Kuhistoni Mastchohskiy,2015,0.33035874,0.27068573
Tajikistan,2849,37609,Kuhistoni Mastchohskiy,2016,0.32715774,0.26375994
Tajikistan,2849,37609,Kuhistoni Mastchohskiy,2017,0.32153487,0.26925504
Tajikistan,2849,37609,Kuhistoni Mastchohskiy,2018,0.31482512,0.25301415
Tajikistan,2849,37609,Kuhistoni Mastchohskiy,2019,0.3307603,0.27318555
Tajikistan,2849,37609,Kuhistoni Mastchohskiy,2020,0.3169217,0.24974927
Tajikistan,2849,37609,Kuhistoni Mastchohskiy,2021,0.32561117,0.26464397
Tajikistan,2849,37609,Kuhistoni Mastchohskiy,2022,0.3223095,0.25913307
Tajikistan,2849,37609,Kuhistoni Mastchohskiy,2023,0.31732142,0.25081867
Tajikistan,2849,37609,Kuhistoni Mastchohskiy,2024,0.32380384,0.25647685
Tajikistan,2849,37610,Matchinskiy,2015,0.25696468,0.16993019
Tajikistan,2849,37610,Matchinskiy,2016,0.27333388,0.17657812
Tajikistan,2849,37610,Matchinskiy,2017,0.257507,0.17306863
Tajikistan,2849,37610,Matchinskiy,2018,0.25019354,0.16859186
Tajikistan,2849,37610,Matchinskiy,2019,0.25315362,0.15886335
Tajikistan,2849,37610,Matchinskiy,2020,0.2599568,0.19377565
Tajikistan,2849,37610,Matchinskiy,2021,0.2738573,0.21670339
Tajikistan,2849,37610,Matchinskiy,2022,0.2689719,0.17655948
Tajikistan,2849,37610,Matchinskiy,2023,0.2576406,0.17644732
Tajikistan,2849,37610,Matchinskiy,2024,0.28226104,0.19003975
Tajikistan,2849,37611,Nauskiy,2015,0.2624083,0.2178578
Tajikistan,2849,37611,Nauskiy,2016,0.29348898,0.23642744
Tajikistan,2849,37611,Nauskiy,2017,0.2862904,0.23228143
Tajikistan,2849,37611,Nauskiy,2018,0.3075242,0.26001394
Tajikistan,2849,37611,Nauskiy,2019,0.26363045,0.20159608
Tajikistan,2849,37611,Nauskiy,2020,0.27076244,0.20609748
Tajikistan,2849,37611,Nauskiy,2021,0.26516467,0.20594695
Tajikistan,2849,37611,Nauskiy,2022,0.22214049,0.14821559
Tajikistan,2849,37611,Nauskiy,2023,0.18811548,0.12857181
Tajikistan,2849,37611,Nauskiy,2024,0.20930544,0.13259391
Tajikistan,2849,37612,Penjikenskiy,2015,0.28260687,0.21024314
Tajikistan,2849,37612,Penjikenskiy,2016,0.24689034,0.17661215
Tajikistan,2849,37612,Penjikenskiy,2017,0.24746579,0.18477006
Tajikistan,2849,37612,Penjikenskiy,2018,0.24734159,0.1838333
Tajikistan,2849,37612,Penjikenskiy,2019,0.24698758,0.16800414
Tajikistan,2849,37612,Penjikenskiy,2020,0.24553163,0.16474055
Tajikistan,2849,37612,Penjikenskiy,2021,0.28718787,0.22888857
Tajikistan,2849,37612,Penjikenskiy,2022,0.24491924,0.16429567
Tajikistan,2849,37612,Penjikenskiy,2023,0.24571091,0.17315061
Tajikistan,2849,37612,Penjikenskiy,2024,0.2504361,0.17969549
Tajikistan,2849,37613,Rasulov,2015,0.29051998,0.19512203
Tajikistan,2849,37613,Rasulov,2016,0.30146128,0.19137505
Tajikistan,2849,37613,Rasulov,2017,0.2807975,0.16407555
Tajikistan,2849,37613,Rasulov,2018,0.2849428,0.18644103
Tajikistan,2849,37613,Rasulov,2019,0.27211773,0.15348275
Tajikistan,2849,37613,Rasulov,2020,0.27545536,0.14818
Tajikistan,2849,37613,Rasulov,2021,0.29257262,0.18544309
Tajikistan,2849,37613,Rasulov,2022,0.25393778,0.116384245
Tajikistan,2849,37613,Rasulov,2023,0.2344631,0.120946944
Tajikistan,2849,37613,Rasulov,2024,0.26166692,0.11172427
Tajikistan,2849,37614,Shahriston,2015,0.27043557,0.20916992
Tajikistan,2849,37614,Shahriston,2016,0.27934328,0.21662374
Tajikistan,2849,37614,Shahriston,2017,0.24833217,0.18934013
Tajikistan,2849,37614,Shahriston,2018,0.25678042,0.19716293
Tajikistan,2849,37614,Shahriston,2019,0.26172405,0.19390848
Tajikistan,2849,37614,Shahriston,2020,0.24302867,0.18279721
Tajikistan,2849,37614,Shahriston,2021,0.25625888,0.19785087
Tajikistan,2849,37614,Shahriston,2022,0.25673285,0.1885632
Tajikistan,2849,37614,Shahriston,2023,0.2553413,0.18706812
Tajikistan,2849,37614,Shahriston,2024,0.26967394,0.20364486
Tajikistan,2849,37615,Ura-Tubinskiy,2015,0.25297004,0.18337211
Tajikistan,2849,37615,Ura-Tubinskiy,2016,0.2755078,0.20177138
Tajikistan,2849,37615,Ura-Tubinskiy,2017,0.23558015,0.16677298
Tajikistan,2849,37615,Ura-Tubinskiy,2018,0.21478358,0.14784952
Tajikistan,2849,37615,Ura-Tubinskiy,2019,0.22534776,0.1346678
Tajikistan,2849,37615,Ura-Tubinskiy,2020,0.218209,0.14132053
Tajikistan,2849,37615,Ura-Tubinskiy,2021,0.21355626,0.14386575
Tajikistan,2849,37615,Ura-Tubinskiy,2022,0.20203018,0.11575054
Tajikistan,2849,37615,Ura-Tubinskiy,2023,0.19571382,0.107839674
Tajikistan,2849,37615,Ura-Tubinskiy,2024,0.20551506,0.116153836
Tajikistan,2849,37616,Zafarobskiy,2015,0.25408307,0.22220513
Tajikistan,2849,37616,Zafarobskiy,2016,0.26860583,0.22522718
Tajikistan,2849,37616,Zafarobskiy,2017,0.25658882,0.21729809
Tajikistan,2849,37616,Zafarobskiy,2018,0.24960369,0.21492833
Tajikistan,2849,37616,Zafarobskiy,2019,0.24886113,0.19729854
Tajikistan,2849,37616,Zafarobskiy,2020,0.25420722,0.20533922
Tajikistan,2849,37616,Zafarobskiy,2021,0.23674631,0.19876331
Tajikistan,2849,37616,Zafarobskiy,2022,0.25026873,0.19533819
Tajikistan,2849,37616,Zafarobskiy,2023,0.21747154,0.17719615
Tajikistan,2849,37616,Zafarobskiy,2024,0.26096267,0.21928382
Tajikistan,2850,37617,Darbanskiy,2015,0.25624165,0.1907523
Tajikistan,2850,37617,Darbanskiy,2016,0.26056263,0.19255722
Tajikistan,2850,37617,Darbanskiy,2017,0.2667134,0.21524602
Tajikistan,2850,37617,Darbanskiy,2018,0.24775706,0.18985093
Tajikistan,2850,37617,Darbanskiy,2019,0.2761414,0.21613142
Tajikistan,2850,37617,Darbanskiy,2020,0.26759303,0.20919599
Tajikistan,2850,37617,Darbanskiy,2021,0.27117556,0.21069162
Tajikistan,2850,37617,Darbanskiy,2022,0.28213912,0.22603667
Tajikistan,2850,37617,Darbanskiy,2023,0.2679649,0.21164358
Tajikistan,2850,37617,Darbanskiy,2024,0.25367403,0.20784613
Tajikistan,2850,37618,Faysabadskiy,2015,0.23577231,0.18954518
Tajikistan,2850,37618,Faysabadskiy,2016,0.23768371,0.19058698
Tajikistan,2850,37618,Faysabadskiy,2017,0.24590838,0.2026755
Tajikistan,2850,37618,Faysabadskiy,2018,0.2447558,0.1860789
Tajikistan,2850,37618,Faysabadskiy,2019,0.21738333,0.16187948
Tajikistan,2850,37618,Faysabadskiy,2020,0.24858218,0.19233987
Tajikistan,2850,37618,Faysabadskiy,2021,0.25946152,0.22442071
Tajikistan,2850,37618,Faysabadskiy,2022,0.24116151,0.19312236
Tajikistan,2850,37618,Faysabadskiy,2023,0.22150691,0.17315587
Tajikistan,2850,37618,Faysabadskiy,2024,0.24355713,0.18629795
Tajikistan,2850,37619,Garmskiy,2015,0.2854002,0.1985388
Tajikistan,2850,37619,Garmskiy,2016,0.2803923,0.19427823
Tajikistan,2850,37619,Garmskiy,2017,0.27345964,0.19295202
Tajikistan,2850,37619,Garmskiy,2018,0.28463453,0.20511477
Tajikistan,2850,37619,Garmskiy,2019,0.2712093,0.18363574
Tajikistan,2850,37619,Garmskiy,2020,0.29159236,0.19831929
Tajikistan,2850,37619,Garmskiy,2021,0.3063944,0.22702418
Tajikistan,2850,37619,Garmskiy,2022,0.27382267,0.19521934
Tajikistan,2850,37619,Garmskiy,2023,0.26963407,0.18236715
Tajikistan,2850,37619,Garmskiy,2024,0.28649014,0.21407244
Tajikistan,2850,37620,Gissarskiy,2015,0.24169949,0.18366656
Tajikistan,2850,37620,Gissarskiy,2016,0.22924352,0.17883973
Tajikistan,2850,37620,Gissarskiy,2017,0.20377411,0.16836287
Tajikistan,2850,37620,Gissarskiy,2018,0.22537261,0.18768495
Tajikistan,2850,37620,Gissarskiy,2019,0.22018597,0.15961704
Tajikistan,2850,37620,Gissarskiy,2020,0.21747944,0.16931304
Tajikistan,2850,37620,Gissarskiy,2021,0.25591344,0.21656266
Tajikistan,2850,37620,Gissarskiy,2022,0.22344762,0.18631642
Tajikistan,2850,37620,Gissarskiy,2023,0.19391418,0.15532999
Tajikistan,2850,37620,Gissarskiy,2024,0.25514567,0.20167345
Tajikistan,2850,37621,Jirgatalskiy,2015,0.25464433,0.18042077
Tajikistan,2850,37621,Jirgatalskiy,2016,0.27053785,0.19737372
Tajikistan,2850,37621,Jirgatalskiy,2017,0.26423448,0.18156753
Tajikistan,2850,37621,Jirgatalskiy,2018,0.2654355,0.1873667
Tajikistan,2850,37621,Jirgatalskiy,2019,0.25399965,0.16956618
Tajikistan,2850,37621,Jirgatalskiy,2020,0.27243847,0.19065273
Tajikistan,2850,37621,Jirgatalskiy,2021,0.27737325,0.20356831
Tajikistan,2850,37621,Jirgatalskiy,2022,0.27227616,0.19433832
Tajikistan,2850,37621,Jirgatalskiy,2023,0.26021,0.18341666
Tajikistan,2850,37621,Jirgatalskiy,2024,0.27850422,0.20698214
Tajikistan,2850,37622,Kofarnohon,2015,0.28029612,0.1437798
Tajikistan,2850,37622,Kofarnohon,2016,0.2566052,0.120374456
Tajikistan,2850,37622,Kofarnohon,2017,0.2744888,0.17110795
Tajikistan,2850,37622,Kofarnohon,2018,0.25885838,0.12167295
Tajikistan,2850,37622,Kofarnohon,2019,0.23850963,0.10243413
Tajikistan,2850,37622,Kofarnohon,2020,0.23181131,0.09269297
Tajikistan,2850,37622,Kofarnohon,2021,0.23241478,0.116500795
Tajikistan,2850,37622,Kofarnohon,2022,0.18877476,0.0711519
Tajikistan,2850,37622,Kofarnohon,2023,0.16571349,0.061681118
Tajikistan,2850,37622,Kofarnohon,2024,0.19182011,0.06737013
Tajikistan,2850,37623,Leninskiy,2015,0.037357338,0.039449826
Tajikistan,2850,37623,Leninskiy,2016,0.037512455,0.04063032
Tajikistan,2850,37623,Leninskiy,2017,0.03840573,0.039852343
Tajikistan,2850,37623,Leninskiy,2018,0.041666728,0.040165197
Tajikistan,2850,37623,Leninskiy,2019,0.042023264,0.040280513
Tajikistan,2850,37623,Leninskiy,2020,0.052812967,0.04205575
Tajikistan,2850,37623,Leninskiy,2021,0.04647907,0.037499156
Tajikistan,2850,37623,Leninskiy,2022,0.081178695,0.069611974
Tajikistan,2850,37623,Leninskiy,2023,0.06976501,0.055779856
Tajikistan,2850,37623,Leninskiy,2024,0.0738196,0.06142217
Tajikistan,2850,37624,Nurek,2015,0.21119308,0.15703121
Tajikistan,2850,37624,Nurek,2016,0.18182391,0.13981181
Tajikistan,2850,37624,Nurek,2017,0.17243871,0.15869066
Tajikistan,2850,37624,Nurek,2018,0.21585426,0.16701545
Tajikistan,2850,37624,Nurek,2019,0.18593132,0.13486099
Tajikistan,2850,37624,Nurek,2020,0.18393661,0.13186264
Tajikistan,2850,37624,Nurek,2021,0.1690971,0.14388491
Tajikistan,2850,37624,Nurek,2022,0.16828421,0.12543195
Tajikistan,2850,37624,Nurek,2023,0.169177,0.13730437
Tajikistan,2850,37624,Nurek,2024,0.18911804,0.110040344
Tajikistan,2850,37625,Rogunsky,2015,0.18245035,0.1322009
Tajikistan,2850,37625,Rogunsky,2016,0.19515614,0.13604854
Tajikistan,2850,37625,Rogunsky,2017,0.19486842,0.14949356
Tajikistan,2850,37625,Rogunsky,2018,0.19714941,0.13757432
Tajikistan,2850,37625,Rogunsky,2019,0.19177696,0.1445599
Tajikistan,2850,37625,Rogunsky,2020,0.2056066,0.15377223
Tajikistan,2850,37625,Rogunsky,2021,0.20691437,0.16271971
Tajikistan,2850,37625,Rogunsky,2022,0.21287933,0.17051183
Tajikistan,2850,37625,Rogunsky,2023,0.2234711,0.17219836
Tajikistan,2850,37625,Rogunsky,2024,0.21694323,0.15954673
Tajikistan,2850,37626,Shahrinav,2015,0.23954484,0.15602778
Tajikistan,2850,37626,Shahrinav,2016,0.24857464,0.16431454
Tajikistan,2850,37626,Shahrinav,2017,0.22860381,0.15930326
Tajikistan,2850,37626,Shahrinav,2018,0.2263421,0.1481072
Tajikistan,2850,37626,Shahrinav,2019,0.24195391,0.14652656
Tajikistan,2850,37626,Shahrinav,2020,0.2438809,0.16527624
Tajikistan,2850,37626,Shahrinav,2021,0.27436602,0.19411528
Tajikistan,2850,37626,Shahrinav,2022,0.24712819,0.155191
Tajikistan,2850,37626,Shahrinav,2023,0.22954923,0.14889167
Tajikistan,2850,37626,Shahrinav,2024,0.2706311,0.15012647
Tajikistan,2850,37627,Tavildara,2015,0.2919667,0.23767108
Tajikistan,2850,37627,Tavildara,2016,0.30772734,0.252321
Tajikistan,2850,37627,Tavildara,2017,0.28388637,0.22750714
Tajikistan,2850,37627,Tavildara,2018,0.32376084,0.26674414
Tajikistan,2850,37627,Tavildara,2019,0.28256676,0.22725919
Tajikistan,2850,37627,Tavildara,2020,0.32291675,0.26925302
Tajikistan,2850,37627,Tavildara,2021,0.2897458,0.2342948
Tajikistan,2850,37627,Tavildara,2022,0.29173368,0.23380947
Tajikistan,2850,37627,Tavildara,2023,0.29971746,0.24394533
Tajikistan,2850,37627,Tavildara,2024,0.30152225,0.23537298
Tajikistan,2850,37628,Tojikobod,2015,0.28172553,0.20615178
Tajikistan,2850,37628,Tojikobod,2016,0.28071636,0.20358425
Tajikistan,2850,37628,Tojikobod,2017,0.2651145,0.19924706
Tajikistan,2850,37628,Tojikobod,2018,0.28423867,0.1989083
Tajikistan,2850,37628,Tojikobod,2019,0.27531633,0.1961443
Tajikistan,2850,37628,Tojikobod,2020,0.23625305,0.16306974
Tajikistan,2850,37628,Tojikobod,2021,0.3043695,0.23585458
Tajikistan,2850,37628,Tojikobod,2022,0.27779794,0.2133106
Tajikistan,2850,37628,Tojikobod,2023,0.2799242,0.19594191
Tajikistan,2850,37628,Tojikobod,2024,0.29503706,0.20105983
Tajikistan,2850,37629,Tursunzade,2015,0.31133395,0.20351072
Tajikistan,2850,37629,Tursunzade,2016,0.29233912,0.19251539
Tajikistan,2850,37629,Tursunzade,2017,0.30962005,0.25491354
Tajikistan,2850,37629,Tursunzade,2018,0.32870018,0.26335847
Tajikistan,2850,37629,Tursunzade,2019,0.29298347,0.18970184
Tajikistan,2850,37629,Tursunzade,2020,0.28194514,0.21283212
Tajikistan,2850,37629,Tursunzade,2021,0.30223018,0.23990904
Tajikistan,2850,37629,Tursunzade,2022,0.27544808,0.20794764
Tajikistan,2850,37629,Tursunzade,2023,0.25491792,0.1959628
Tajikistan,2850,37629,Tursunzade,2024,0.28840113,0.22477081
Tajikistan,2850,37630,Varzob,2015,0.22393374,0.17068899
Tajikistan,2850,37630,Varzob,2016,0.21353728,0.16004759
Tajikistan,2850,37630,Varzob,2017,0.21371247,0.16966021
Tajikistan,2850,37630,Varzob,2018,0.21540672,0.15939727
Tajikistan,2850,37630,Varzob,2019,0.2256014,0.17419928
Tajikistan,2850,37630,Varzob,2020,0.19258615,0.13607375
Tajikistan,2850,37630,Varzob,2021,0.22488248,0.17647627
Tajikistan,2850,37630,Varzob,2022,0.21509571,0.16410056
Tajikistan,2850,37630,Varzob,2023,0.18255267,0.13099274
Tajikistan,2850,37630,Varzob,2024,0.19461006,0.13655674
Tunisia,2993,39236,Ariana Ville,2015,0.042744473,0.03532696
Tunisia,2993,39236,Ariana Ville,2016,0.042702083,0.04172341
Tunisia,2993,39236,Ariana Ville,2017,0.042725842,0.035050232
Tunisia,2993,39236,Ariana Ville,2018,0.04414648,0.03647087
Tunisia,2993,39236,Ariana Ville,2019,0.040348493,0.03569625
Tunisia,2993,39236,Ariana Ville,2020,0.03866545,0.030360376
Tunisia,2993,39236,Ariana Ville,2021,0.042461842,0.034114268
Tunisia,2993,39236,Ariana Ville,2022,0.040646642,0.03889572
Tunisia,2993,39236,Ariana Ville,2023,0.041131005,0.040152326
Tunisia,2993,39236,Ariana Ville,2024,0.042256232,0.040505312
Tunisia,2993,39237,El Mnihla,2015,0.048744198,0.049664315
Tunisia,2993,39237,El Mnihla,2016,0.047061194,0.046774574
Tunisia,2993,39237,El Mnihla,2017,0.049316205,0.04521708
Tunisia,2993,39237,El Mnihla,2018,0.034542646,0.030541463
Tunisia,2993,39237,El Mnihla,2019,0.03249506,0.028493876
Tunisia,2993,39237,El Mnihla,2020,0.035902917,0.033091456
Tunisia,2993,39237,El Mnihla,2021,0.037068605,0.034257144
Tunisia,2993,39237,El Mnihla,2022,0.043044623,0.03894551
Tunisia,2993,39237,El Mnihla,2023,0.044292934,0.037997466
Tunisia,2993,39237,El Mnihla,2024,0.0449904,0.037995294
Tunisia,2993,39238,Ettadhamen,2015,0.08537315,0.08537315
Tunisia,2993,39238,Ettadhamen,2016,0.07934966,0.07934966
Tunisia,2993,39238,Ettadhamen,2017,0.08070686,0.08070686
Tunisia,2993,39238,Ettadhamen,2018,0.07160157,0.07160157
Tunisia,2993,39238,Ettadhamen,2019,0.081602,0.081602
Tunisia,2993,39238,Ettadhamen,2020,0.07380524,0.07380524
Tunisia,2993,39238,Ettadhamen,2021,0.0791833,0.0791833
Tunisia,2993,39238,Ettadhamen,2022,0.07268672,0.07268672
Tunisia,2993,39238,Ettadhamen,2023,0.07723389,0.07723389
Tunisia,2993,39238,Ettadhamen,2024,0.079137094,0.079137094
Tunisia,2993,39239,Kalaat El Andalous,2015,0.17280613,0.12469541
Tunisia,2993,39239,Kalaat El Andalous,2016,0.15826383,0.11888227
Tunisia,2993,39239,Kalaat El Andalous,2017,0.13744028,0.10522112
Tunisia,2993,39239,Kalaat El Andalous,2018,0.14665513,0.12688048
Tunisia,2993,39239,Kalaat El Andalous,2019,0.16908379,0.14868346
Tunisia,2993,39239,Kalaat El Andalous,2020,0.13632944,0.10910823
Tunisia,2993,39239,Kalaat El Andalous,2021,0.13345829,0.10526774
Tunisia,2993,39239,Kalaat El Andalous,2022,0.12272835,0.09086905
Tunisia,2993,39239,Kalaat El Andalous,2023,0.11063793,0.080343336
Tunisia,2993,39239,Kalaat El Andalous,2024,0.10671186,0.07944077
Tunisia,2993,39240,Raoued,2015,0.03271879,0.01866875
Tunisia,2993,39240,Raoued,2016,0.029454727,0.018402986
Tunisia,2993,39240,Raoued,2017,0.02758432,0.016117612
Tunisia,2993,39240,Raoued,2018,0.033741795,0.017015213
Tunisia,2993,39240,Raoued,2019,0.033208996,0.016482413
Tunisia,2993,39240,Raoued,2020,0.030555042,0.017371817
Tunisia,2993,39240,Raoued,2021,0.027184341,0.01571763
Tunisia,2993,39240,Raoued,2022,0.034076504,0.021718837
Tunisia,2993,39240,Raoued,2023,0.047496818,0.0452374
Tunisia,2993,39240,Raoued,2024,0.04848709,0.047260482
Tunisia,2993,39241,Sidi Thabet,2015,0.0773828,0.044548716
Tunisia,2993,39241,Sidi Thabet,2016,0.07112485,0.04987367
Tunisia,2993,39241,Sidi Thabet,2017,0.06840484,0.04253283
Tunisia,2993,39241,Sidi Thabet,2018,0.08530395,0.04627333
Tunisia,2993,39241,Sidi Thabet,2019,0.067097425,0.043045964
Tunisia,2993,39241,Sidi Thabet,2020,0.050476767,0.038608424
Tunisia,2993,39241,Sidi Thabet,2021,0.06442733,0.038744196
Tunisia,2993,39241,Sidi Thabet,2022,0.044379804,0.03998919
Tunisia,2993,39241,Sidi Thabet,2023,0.049460318,0.041018862
Tunisia,2993,39241,Sidi Thabet,2024,0.04482702,0.04015827
Tunisia,2993,39242,Sourka,2015,0.024514569,0.014607559
Tunisia,2993,39242,Sourka,2016,0.02677477,0.017263938
Tunisia,2993,39242,Sourka,2017,0.024102611,0.014591763
Tunisia,2993,39242,Sourka,2018,0.023798337,0.013891326
Tunisia,2993,39242,Sourka,2019,0.024517609,0.015727632
Tunisia,2993,39242,Sourka,2020,0.025943099,0.017743537
Tunisia,2993,39242,Sourka,2021,0.026023109,0.017823549
Tunisia,2993,39242,Sourka,2022,0.02939361,0.02264841
Tunisia,2993,39242,Sourka,2023,0.029095773,0.024079906
Tunisia,2993,39242,Sourka,2024,0.029180033,0.02228416
Tunisia,2996,39243,Amdoun,2015,0.22911543,0.17639743
Tunisia,2996,39243,Amdoun,2016,0.22441207,0.15947917
Tunisia,2996,39243,Amdoun,2017,0.19219317,0.1389341
Tunisia,2996,39243,Amdoun,2018,0.21339889,0.13625205
Tunisia,2996,39243,Amdoun,2019,0.20588735,0.13326381
Tunisia,2996,39243,Amdoun,2020,0.22330306,0.175665
Tunisia,2996,39243,Amdoun,2021,0.21623866,0.16772431
Tunisia,2996,39243,Amdoun,2022,0.20010656,0.16883773
Tunisia,2996,39243,Amdoun,2023,0.20043477,0.16712512
Tunisia,2996,39243,Amdoun,2024,0.19792522,0.1533713
Tunisia,2996,39244,Beja Nord,2015,0.12599713,0.07878979
Tunisia,2996,39244,Beja Nord,2016,0.13153031,0.078269005
Tunisia,2996,39244,Beja Nord,2017,0.12702708,0.08219584
Tunisia,2996,39244,Beja Nord,2018,0.14729433,0.08031683
Tunisia,2996,39244,Beja Nord,2019,0.15385279,0.0796498
Tunisia,2996,39244,Beja Nord,2020,0.1376412,0.07891172
Tunisia,2996,39244,Beja Nord,2021,0.1297695,0.079949
Tunisia,2996,39244,Beja Nord,2022,0.11902711,0.07450331
Tunisia,2996,39244,Beja Nord,2023,0.11680923,0.07360407
Tunisia,2996,39244,Beja Nord,2024,0.12205407,0.08215067
Tunisia,2996,39245,Beja Sud,2015,0.14435844,0.12664695
Tunisia,2996,39245,Beja Sud,2016,0.14384773,0.11863242
Tunisia,2996,39245,Beja Sud,2017,0.14334702,0.1271286
Tunisia,2996,39245,Beja Sud,2018,0.14429119,0.10708419
Tunisia,2996,39245,Beja Sud,2019,0.14144897,0.09152189
Tunisia,2996,39245,Beja Sud,2020,0.15786889,0.1310806
Tunisia,2996,39245,Beja Sud,2021,0.14575657,0.119463265
Tunisia,2996,39245,Beja Sud,2022,0.14144897,0.1084818
Tunisia,2996,39245,Beja Sud,2023,0.11708906,0.09713583
Tunisia,2996,39245,Beja Sud,2024,0.10558599,0.08797154
Tunisia,2996,39246,Goubellat,2015,0.20487761,0.19868214
Tunisia,2996,39246,Goubellat,2016,0.21428302,0.20420393
Tunisia,2996,39246,Goubellat,2017,0.20153022,0.1885535
Tunisia,2996,39246,Goubellat,2018,0.2143358,0.2067424
Tunisia,2996,39246,Goubellat,2019,0.2253403,0.19913277
Tunisia,2996,39246,Goubellat,2020,0.23081413,0.22497715
Tunisia,2996,39246,Goubellat,2021,0.20063439,0.1928701
Tunisia,2996,39246,Goubellat,2022,0.18760234,0.16627449
Tunisia,2996,39246,Goubellat,2023,0.14930615,0.16410428
Tunisia,2996,39246,Goubellat,2024,0.17208442,0.1633631
Tunisia,2996,39247,Mejez El Bab,2015,0.15651141,0.0981491
Tunisia,2996,39247,Mejez El Bab,2016,0.15837137,0.09587088
Tunisia,2996,39247,Mejez El Bab,2017,0.15207669,0.110029615
Tunisia,2996,39247,Mejez El Bab,2018,0.15070151,0.101460785
Tunisia,2996,39247,Mejez El Bab,2019,0.15137987,0.09531186
Tunisia,2996,39247,Mejez El Bab,2020,0.15154187,0.10182002
Tunisia,2996,39247,Mejez El Bab,2021,0.14289236,0.091838256
Tunisia,2996,39247,Mejez El Bab,2022,0.12860161,0.07480057
Tunisia,2996,39247,Mejez El Bab,2023,0.109530605,0.08038877
Tunisia,2996,39247,Mejez El Bab,2024,0.11548709,0.076444164
Tunisia,2996,39248,Nefza,2015,0.3922655,0.31754506
Tunisia,2996,39248,Nefza,2016,0.36941618,0.3100084
Tunisia,2996,39248,Nefza,2017,0.36687964,0.291869
Tunisia,2996,39248,Nefza,2018,0.35867667,0.26271495
Tunisia,2996,39248,Nefza,2019,0.3491885,0.2713976
Tunisia,2996,39248,Nefza,2020,0.3690633,0.2933016
Tunisia,2996,39248,Nefza,2021,0.35746637,0.270553
Tunisia,2996,39248,Nefza,2022,0.33938488,0.2527445
Tunisia,2996,39248,Nefza,2023,0.31722885,0.21947408
Tunisia,2996,39248,Nefza,2024,0.3165618,0.23048729
Tunisia,2996,39249,Teboursouk,2015,0.1615882,0.13940664
Tunisia,2996,39249,Teboursouk,2016,0.17149162,0.15137222
Tunisia,2996,39249,Teboursouk,2017,0.14511882,0.12669885
Tunisia,2996,39249,Teboursouk,2018,0.17469773,0.14355046
Tunisia,2996,39249,Teboursouk,2019,0.17544869,0.14408733
Tunisia,2996,39249,Teboursouk,2020,0.17361991,0.15806225
Tunisia,2996,39249,Teboursouk,2021,0.17029949,0.15171497
Tunisia,2996,39249,Teboursouk,2022,0.18374994,0.15209408
Tunisia,2996,39249,Teboursouk,2023,0.16766632,0.15872389
Tunisia,2996,39249,Teboursouk,2024,0.16213284,0.15082642
Tunisia,2996,39250,Testour,2015,0.21386707,0.20620081
Tunisia,2996,39250,Testour,2016,0.22623202,0.2205688
Tunisia,2996,39250,Testour,2017,0.22809976,0.22207183
Tunisia,2996,39250,Testour,2018,0.21836278,0.20270962
Tunisia,2996,39250,Testour,2019,0.2190691,0.20501277
Tunisia,2996,39250,Testour,2020,0.22031593,0.21328914
Tunisia,2996,39250,Testour,2021,0.19128314,0.18220621
Tunisia,2996,39250,Testour,2022,0.19780141,0.1929615
Tunisia,2996,39250,Testour,2023,0.18056676,0.1931147
Tunisia,2996,39250,Testour,2024,0.18712771,0.18295375
Tunisia,2996,39251,Thibar,2015,0.25543758,0.21611631
Tunisia,2996,39251,Thibar,2016,0.23212487,0.18650061
Tunisia,2996,39251,Thibar,2017,0.23500384,0.19188958
Tunisia,2996,39251,Thibar,2018,0.24203406,0.16765976
Tunisia,2996,39251,Thibar,2019,0.2419243,0.16803822
Tunisia,2996,39251,Thibar,2020,0.26165572,0.2416346
Tunisia,2996,39251,Thibar,2021,0.20182747,0.16868505
Tunisia,2996,39251,Thibar,2022,0.21559575,0.18041025
Tunisia,2996,39251,Thibar,2023,0.17934045,0.16277361
Tunisia,2996,39251,Thibar,2024,0.20962475,0.18991195
Tunisia,2994,39252,Ben Arous,2015,0.060333703,0.059346095
Tunisia,2994,39252,Ben Arous,2016,0.06371985,0.06312259
Tunisia,2994,39252,Ben Arous,2017,0.06555636,0.0649591
Tunisia,2994,39252,Ben Arous,2018,0.05845915,0.057471544
Tunisia,2994,39252,Ben Arous,2019,0.049175702,0.048188094
Tunisia,2994,39252,Ben Arous,2020,0.04942945,0.048441842
Tunisia,2994,39252,Ben Arous,2021,0.049246013,0.048258405
Tunisia,2994,39252,Ben Arous,2022,0.06784162,0.06724436
Tunisia,2994,39252,Ben Arous,2023,0.077391416,0.07679416
Tunisia,2994,39252,Ben Arous,2024,0.077241786,0.076644525
Tunisia,2994,39253,Boumhal Elbassatine,2015,0.052750975,0.041873854
Tunisia,2994,39253,Boumhal Elbassatine,2016,0.046277992,0.035400867
Tunisia,2994,39253,Boumhal Elbassatine,2017,0.05276652,0.040920146
Tunisia,2994,39253,Boumhal Elbassatine,2018,0.04545257,0.04270012
Tunisia,2994,39253,Boumhal Elbassatine,2019,0.052644107,0.04182861
Tunisia,2994,39253,Boumhal Elbassatine,2020,0.05218208,0.041304957
Tunisia,2994,39253,Boumhal Elbassatine,2021,0.05221571,0.04133858
Tunisia,2994,39253,Boumhal Elbassatine,2022,0.0583354,0.04146978
Tunisia,2994,39253,Boumhal Elbassatine,2023,0.066047944,0.048974603
Tunisia,2994,39253,Boumhal Elbassatine,2024,0.05779542,0.040929794
Tunisia,2994,39254,El Mourouj,2015,0.030083314,0.028802944
Tunisia,2994,39254,El Mourouj,2016,0.029878821,0.02936177
Tunisia,2994,39254,El Mourouj,2017,0.025466342,0.024185974
Tunisia,2994,39254,El Mourouj,2018,0.023358393,0.02285027
Tunisia,2994,39254,El Mourouj,2019,0.029543942,0.022771344
Tunisia,2994,39254,El Mourouj,2020,0.026296329,0.019523729
Tunisia,2994,39254,El Mourouj,2021,0.025540764,0.018768163
Tunisia,2994,39254,El Mourouj,2022,0.02960901,0.029091952
Tunisia,2994,39254,El Mourouj,2023,0.03213658,0.032009874
Tunisia,2994,39254,El Mourouj,2024,0.026657086,0.026148962
Tunisia,2994,39255,Ezzahra,2015,0.03768033,0.04160507
Tunisia,2994,39255,Ezzahra,2016,0.04314482,0.045744482
Tunisia,2994,39255,Ezzahra,2017,0.03962596,0.042184014
Tunisia,2994,39255,Ezzahra,2018,0.04139919,0.042510033
Tunisia,2994,39255,Ezzahra,2019,0.03836758,0.039709408
Tunisia,2994,39255,Ezzahra,2020,0.043531578,0.04398194
Tunisia,2994,39255,Ezzahra,2021,0.038115524,0.042510033
Tunisia,2994,39255,Ezzahra,2022,0.040138885,0.04109725
Tunisia,2994,39255,Ezzahra,2023,0.037353758,0.036845636
Tunisia,2994,39255,Ezzahra,2024,0.04043725,0.04183019
Tunisia,2994,39256,Fouchana,2015,0.04938559,0.034922127
Tunisia,2994,39256,Fouchana,2016,0.041397765,0.027344905
Tunisia,2994,39256,Fouchana,2017,0.039505474,0.025042025
Tunisia,2994,39256,Fouchana,2018,0.044054635,0.027172752
Tunisia,2994,39256,Fouchana,2019,0.031976916,0.014163221
Tunisia,2994,39256,Fouchana,2020,0.036080416,0.019260142
Tunisia,2994,39256,Fouchana,2021,0.036930103,0.019713663
Tunisia,2994,39256,Fouchana,2022,0.03969119,0.022740494
Tunisia,2994,39256,Fouchana,2023,0.03432519,0.017339027
Tunisia,2994,39256,Fouchana,2024,0.037622537,0.02164109
Tunisia,2994,39257,Hammam Chott,2015,0.08825965,0.07704669
Tunisia,2994,39257,Hammam Chott,2016,0.087592274,0.07637932
Tunisia,2994,39257,Hammam Chott,2017,0.084017456,0.072804496
Tunisia,2994,39257,Hammam Chott,2018,0.08211511,0.07080511
Tunisia,2994,39257,Hammam Chott,2019,0.085807264,0.07517272
Tunisia,2994,39257,Hammam Chott,2020,0.0889171,0.07828259
Tunisia,2994,39257,Hammam Chott,2021,0.082870245,0.07223568
Tunisia,2994,39257,Hammam Chott,2022,0.09360143,0.08165156
Tunisia,2994,39257,Hammam Chott,2023,0.096652,0.08494385
Tunisia,2994,39257,Hammam Chott,2024,0.091348596,0.08071409
Tunisia,2994,39258,Hammam Lif,2015,0.040360782,0.039380047
Tunisia,2994,39258,Hammam Lif,2016,0.046052106,0.04507136
Tunisia,2994,39258,Hammam Lif,2017,0.03893274,0.0401013
Tunisia,2994,39258,Hammam Lif,2018,0.045594845,0.0446141
Tunisia,2994,39258,Hammam Lif,2019,0.048043568,0.047062825
Tunisia,2994,39258,Hammam Lif,2020,0.04645058,0.043784432
Tunisia,2994,39258,Hammam Lif,2021,0.05350621,0.052525464
Tunisia,2994,39258,Hammam Lif,2022,0.054552946,0.053198207
Tunisia,2994,39258,Hammam Lif,2023,0.053590164,0.053714108
Tunisia,2994,39258,Hammam Lif,2024,0.05288272,0.051901978
Tunisia,2994,39259,M'hamdia,2015,0.085988715,0.08473856
Tunisia,2994,39259,M'hamdia,2016,0.086068705,0.085618824
Tunisia,2994,39259,M'hamdia,2017,0.08602464,0.08557476
Tunisia,2994,39259,M'hamdia,2018,0.08889739,0.08859193
Tunisia,2994,39259,M'hamdia,2019,0.08521054,0.083559364
Tunisia,2994,39259,M'hamdia,2020,0.0849236,0.08390047
Tunisia,2994,39259,M'hamdia,2021,0.08773119,0.08682797
Tunisia,2994,39259,M'hamdia,2022,0.088352874,0.088077694
Tunisia,2994,39259,M'hamdia,2023,0.08759404,0.08716104
Tunisia,2994,39259,M'hamdia,2024,0.086040184,0.085765004
Tunisia,2994,39260,Megrine,2015,0.043372314,0.042775057
Tunisia,2994,39260,Megrine,2016,0.04085982,0.04026256
Tunisia,2994,39260,Megrine,2017,0.03961258,0.039015323
Tunisia,2994,39260,Megrine,2018,0.036607303,0.03601005
Tunisia,2994,39260,Megrine,2019,0.039948147,0.03935089
Tunisia,2994,39260,Megrine,2020,0.037798055,0.037200794
Tunisia,2994,39260,Megrine,2021,0.036607303,0.03601005
Tunisia,2994,39260,Megrine,2022,0.037798055,0.037200794
Tunisia,2994,39260,Megrine,2023,0.036115985,0.036115985
Tunisia,2994,39260,Megrine,2024,0.037798055,0.037200794
Tunisia,2994,39261,Mornague,2015,0.21061513,0.18216401
Tunisia,2994,39261,Mornague,2016,0.20608076,0.17625663
Tunisia,2994,39261,Mornague,2017,0.19261867,0.16628096
Tunisia,2994,39261,Mornague,2018,0.20741719,0.1832214
Tunisia,2994,39261,Mornague,2019,0.19579133,0.17274368
Tunisia,2994,39261,Mornague,2020,0.17873046,0.14958979
Tunisia,2994,39261,Mornague,2021,0.17536819,0.14565164
Tunisia,2994,39261,Mornague,2022,0.15894562,0.12448577
Tunisia,2994,39261,Mornague,2023,0.15118442,0.1216293
Tunisia,2994,39261,Mornague,2024,0.14927089,0.120869726
Tunisia,2994,39262,Nouvelle Medina,2015,0.049711574,0.04958487
Tunisia,2994,39262,Nouvelle Medina,2016,0.045758057,0.04563136
Tunisia,2994,39262,Nouvelle Medina,2017,0.040952045,0.04082534
Tunisia,2994,39262,Nouvelle Medina,2018,0.038572498,0.038445797
Tunisia,2994,39262,Nouvelle Medina,2019,0.042761777,0.042635072
Tunisia,2994,39262,Nouvelle Medina,2020,0.041754115,0.04162741
Tunisia,2994,39262,Nouvelle Medina,2021,0.044193137,0.044066433
Tunisia,2994,39262,Nouvelle Medina,2022,0.043087408,0.042960703
Tunisia,2994,39262,Nouvelle Medina,2023,0.054023545,0.054023545
Tunisia,2994,39262,Nouvelle Medina,2024,0.047446016,0.04731931
Tunisia,2994,39263,Rades,2015,0.022078622,0.021960849
Tunisia,2994,39263,Rades,2016,0.02479314,0.024666438
Tunisia,2994,39263,Rades,2017,0.020120064,0.02000229
Tunisia,2994,39263,Rades,2018,0.01959836,0.019471653
Tunisia,2994,39263,Rades,2019,0.015096516,0.014206497
Tunisia,2994,39263,Rades,2020,0.017259903,0.010810273
Tunisia,2994,39263,Rades,2021,0.01651075,0.016392976
Tunisia,2994,39263,Rades,2022,0.022062352,0.021935645
Tunisia,2994,39263,Rades,2023,0.022753932,0.022627227
Tunisia,2994,39263,Rades,2024,0.015788374,0.015670601
Tunisia,2995,39264,Bizerte Nord,2015,0.044136018,0.02930944
Tunisia,2995,39264,Bizerte Nord,2016,0.049932558,0.03500894
Tunisia,2995,39264,Bizerte Nord,2017,0.03424804,0.021040916
Tunisia,2995,39264,Bizerte Nord,2018,0.03653424,0.021610595
Tunisia,2995,39264,Bizerte Nord,2019,0.03659553,0.021671887
Tunisia,2995,39264,Bizerte Nord,2020,0.042128213,0.026560446
Tunisia,2995,39264,Bizerte Nord,2021,0.039642915,0.026952604
Tunisia,2995,39264,Bizerte Nord,2022,0.039188836,0.024781981
Tunisia,2995,39264,Bizerte Nord,2023,0.038401444,0.022833651
Tunisia,2995,39264,Bizerte Nord,2024,0.04158814,0.027181314
Tunisia,2995,39265,Bizerte Sud,2015,0.22832806,0.19230288
Tunisia,2995,39265,Bizerte Sud,2016,0.21244743,0.17362824
Tunisia,2995,39265,Bizerte Sud,2017,0.19336462,0.16618146
Tunisia,2995,39265,Bizerte Sud,2018,0.22025438,0.23375802
Tunisia,2995,39265,Bizerte Sud,2019,0.21779954,0.24121043
Tunisia,2995,39265,Bizerte Sud,2020,0.20379433,0.19094954
Tunisia,2995,39265,Bizerte Sud,2021,0.19990899,0.1854116
Tunisia,2995,39265,Bizerte Sud,2022,0.19574776,0.20121902
Tunisia,2995,39265,Bizerte Sud,2023,0.18669537,0.18666652
Tunisia,2995,39265,Bizerte Sud,2024,0.18960825,0.18048906
Tunisia,2995,39266,El Alia,2015,0.19583389,0.12866683
Tunisia,2995,39266,El Alia,2016,0.17214972,0.12274944
Tunisia,2995,39266,El Alia,2017,0.1262515,0.08444971
Tunisia,2995,39266,El Alia,2018,0.16168347,0.11900745
Tunisia,2995,39266,El Alia,2019,0.16866247,0.1384809
Tunisia,2995,39266,El Alia,2020,0.14919102,0.10544717
Tunisia,2995,39266,El Alia,2021,0.13569579,0.088171646
Tunisia,2995,39266,El Alia,2022,0.13434759,0.07915739
Tunisia,2995,39266,El Alia,2023,0.13551226,0.09436141
Tunisia,2995,39266,El Alia,2024,0.117014095,0.08124381
Tunisia,2995,39267,Ghar El Melh,2015,0.22951245,0.19586039
Tunisia,2995,39267,Ghar El Melh,2016,0.22812024,0.1885625
Tunisia,2995,39267,Ghar El Melh,2017,0.23320559,0.1960645
Tunisia,2995,39267,Ghar El Melh,2018,0.23952502,0.20597406
Tunisia,2995,39267,Ghar El Melh,2019,0.23315272,0.21190774
Tunisia,2995,39267,Ghar El Melh,2020,0.2135603,0.1865341
Tunisia,2995,39267,Ghar El Melh,2021,0.22169977,0.18370038
Tunisia,2995,39267,Ghar El Melh,2022,0.20549898,0.18500578
Tunisia,2995,39267,Ghar El Melh,2023,0.21579078,0.20216775
Tunisia,2995,39267,Ghar El Melh,2024,0.19272661,0.17823613
Tunisia,2995,39268,Ghazala,2015,0.34554338,0.26471892
Tunisia,2995,39268,Ghazala,2016,0.3107413,0.2752557
Tunisia,2995,39268,Ghazala,2017,0.3174267,0.26379687
Tunisia,2995,39268,Ghazala,2018,0.34513316,0.29600167
Tunisia,2995,39268,Ghazala,2019,0.34589803,0.2674297
Tunisia,2995,39268,Ghazala,2020,0.3516006,0.29415688
Tunisia,2995,39268,Ghazala,2021,0.33134395,0.28461325
Tunisia,2995,39268,Ghazala,2022,0.31630564,0.26809567
Tunisia,2995,39268,Ghazala,2023,0.31331635,0.28280994
Tunisia,2995,39268,Ghazala,2024,0.3213333,0.2867353
Tunisia,2995,39269,Jarzouna,2015,0.06323564,0.053486306
Tunisia,2995,39269,Jarzouna,2016,0.056132652,0.046825077
Tunisia,2995,39269,Jarzouna,2017,0.055608213,0.04630064
Tunisia,2995,39269,Jarzouna,2018,0.06230711,0.05299954
Tunisia,2995,39269,Jarzouna,2019,0.06501711,0.05570954
Tunisia,2995,39269,Jarzouna,2020,0.05631608,0.04700851
Tunisia,2995,39269,Jarzouna,2021,0.0560086,0.046701025
Tunisia,2995,39269,Jarzouna,2022,0.055763982,0.04645641
Tunisia,2995,39269,Jarzouna,2023,0.056485925,0.047178354
Tunisia,2995,39269,Jarzouna,2024,0.057101462,0.048128426
Tunisia,2995,39270,Joumine,2015,0.25867957,0.19481303
Tunisia,2995,39270,Joumine,2016,0.26806518,0.18089291
Tunisia,2995,39270,Joumine,2017,0.23852429,0.18750152
Tunisia,2995,39270,Joumine,2018,0.26884794,0.1774381
Tunisia,2995,39270,Joumine,2019,0.27809817,0.19036473
Tunisia,2995,39270,Joumine,2020,0.26640746,0.21147992
Tunisia,2995,39270,Joumine,2021,0.24909493,0.21196216
Tunisia,2995,39270,Joumine,2022,0.23266399,0.20442474
Tunisia,2995,39270,Joumine,2023,0.28790504,0.2443448
Tunisia,2995,39270,Joumine,2024,0.26745266,0.22730154
Tunisia,2995,39271,Mateur,2015,0.1746012,0.10818538
Tunisia,2995,39271,Mateur,2016,0.16703701,0.099199995
Tunisia,2995,39271,Mateur,2017,0.16552019,0.0957623
Tunisia,2995,39271,Mateur,2018,0.19436926,0.10248982
Tunisia,2995,39271,Mateur,2019,0.19486019,0.11756218
Tunisia,2995,39271,Mateur,2020,0.17600974,0.10318821
Tunisia,2995,39271,Mateur,2021,0.1399286,0.084488265
Tunisia,2995,39271,Mateur,2022,0.15039587,0.09232579
Tunisia,2995,39271,Mateur,2023,0.13446522,0.08812947
Tunisia,2995,39271,Mateur,2024,0.12794776,0.087635875
Tunisia,2995,39272,Menzel Bourguiba,2015,0.059246488,0.03876223
Tunisia,2995,39272,Menzel Bourguiba,2016,0.0677619,0.037439737
Tunisia,2995,39272,Menzel Bourguiba,2017,0.06040942,0.03550002
Tunisia,2995,39272,Menzel Bourguiba,2018,0.075479895,0.070271626
Tunisia,2995,39272,Menzel Bourguiba,2019,0.05389243,0.06709686
Tunisia,2995,39272,Menzel Bourguiba,2020,0.044763263,0.034702662
Tunisia,2995,39272,Menzel Bourguiba,2021,0.043049075,0.031162782
Tunisia,2995,39272,Menzel Bourguiba,2022,0.05490223,0.04792876
Tunisia,2995,39272,Menzel Bourguiba,2023,0.054178216,0.037416708
Tunisia,2995,39272,Menzel Bourguiba,2024,0.054828677,0.038263064
Tunisia,2995,39273,Menzel Jemil,2015,0.1231938,0.044820283
Tunisia,2995,39273,Menzel Jemil,2016,0.109796956,0.044491574
Tunisia,2995,39273,Menzel Jemil,2017,0.08943569,0.04270928
Tunisia,2995,39273,Menzel Jemil,2018,0.1013353,0.044234544
Tunisia,2995,39273,Menzel Jemil,2019,0.100872815,0.048455928
Tunisia,2995,39273,Menzel Jemil,2020,0.08381569,0.039418723
Tunisia,2995,39273,Menzel Jemil,2021,0.087219894,0.048188325
Tunisia,2995,39273,Menzel Jemil,2022,0.047320884,0.04142265
Tunisia,2995,39273,Menzel Jemil,2023,0.04427071,0.042571798
Tunisia,2995,39273,Menzel Jemil,2024,0.043121573,0.04142265
Tunisia,2995,39274,Ras Jebel,2015,0.16461125,0.112596415
Tunisia,2995,39274,Ras Jebel,2016,0.1451132,0.092077196
Tunisia,2995,39274,Ras Jebel,2017,0.12989962,0.088736385
Tunisia,2995,39274,Ras Jebel,2018,0.15540731,0.09942433
Tunisia,2995,39274,Ras Jebel,2019,0.14977176,0.09726086
Tunisia,2995,39274,Ras Jebel,2020,0.14605373,0.099927746
Tunisia,2995,39274,Ras Jebel,2021,0.12582737,0.09117143
Tunisia,2995,39274,Ras Jebel,2022,0.12551591,0.08706517
Tunisia,2995,39274,Ras Jebel,2023,0.10467162,0.08800993
Tunisia,2995,39274,Ras Jebel,2024,0.09402252,0.07850398
Tunisia,2995,39275,Sejnane,2015,0.34936222,0.29817173
Tunisia,2995,39275,Sejnane,2016,0.3530907,0.3106968
Tunisia,2995,39275,Sejnane,2017,0.34807563,0.30423957
Tunisia,2995,39275,Sejnane,2018,0.34187073,0.2733411
Tunisia,2995,39275,Sejnane,2019,0.37961048,0.2889734
Tunisia,2995,39275,Sejnane,2020,0.36407378,0.3090095
Tunisia,2995,39275,Sejnane,2021,0.3458171,0.30208433
Tunisia,2995,39275,Sejnane,2022,0.35767725,0.31964642
Tunisia,2995,39275,Sejnane,2023,0.3600332,0.30806333
Tunisia,2995,39275,Sejnane,2024,0.33807138,0.3020386
Tunisia,2995,39276,Tinja,2015,0.18384881,0.10668996
Tunisia,2995,39276,Tinja,2016,0.10614867,0.105515674
Tunisia,2995,39276,Tinja,2017,0.10506144,0.10833303
Tunisia,2995,39276,Tinja,2018,0.10466782,0.10359008
Tunisia,2995,39276,Tinja,2019,0.10338501,0.10230727
Tunisia,2995,39276,Tinja,2020,0.103479676,0.107329704
Tunisia,2995,39276,Tinja,2021,0.10082264,0.09923259
Tunisia,2995,39276,Tinja,2022,0.10234678,0.10619681
Tunisia,2995,39276,Tinja,2023,0.10458106,0.10803849
Tunisia,2995,39276,Tinja,2024,0.10304375,0.10496944
Tunisia,2995,39277,Utique,2015,0.27138752,0.2261244
Tunisia,2995,39277,Utique,2016,0.24005532,0.19628939
Tunisia,2995,39277,Utique,2017,0.20048696,0.1766228
Tunisia,2995,39277,Utique,2018,0.18044555,0.16301091
Tunisia,2995,39277,Utique,2019,0.19106613,0.17292234
Tunisia,2995,39277,Utique,2020,0.20192687,0.18517578
Tunisia,2995,39277,Utique,2021,0.20563412,0.18275952
Tunisia,2995,39277,Utique,2022,0.16611314,0.14454521
Tunisia,2995,39277,Utique,2023,0.16703947,0.13906452
Tunisia,2995,39277,Utique,2024,0.16409703,0.13773054
Tunisia,2997,39278,El Hamma,2015,0.1678381,0.17676616
Tunisia,2997,39278,El Hamma,2016,0.16208687,0.16671447
Tunisia,2997,39278,El Hamma,2017,0.13626808,0.14540006
Tunisia,2997,39278,El Hamma,2018,0.14792453,0.15746331
Tunisia,2997,39278,El Hamma,2019,0.13832533,0.14263734
Tunisia,2997,39278,El Hamma,2020,0.14172357,0.1472626
Tunisia,2997,39278,El Hamma,2021,0.1307141,0.13444252
Tunisia,2997,39278,El Hamma,2022,0.14372708,0.1481669
Tunisia,2997,39278,El Hamma,2023,0.14547238,0.15014654
Tunisia,2997,39278,El Hamma,2024,0.1703897,0.17324118
Tunisia,2997,39279,Gabes Ouest,2015,0.07105386,0.0666749
Tunisia,2997,39279,Gabes Ouest,2016,0.07255487,0.06066071
Tunisia,2997,39279,Gabes Ouest,2017,0.059629057,0.048767373
Tunisia,2997,39279,Gabes Ouest,2018,0.041116122,0.051461052
Tunisia,2997,39279,Gabes Ouest,2019,0.034053203,0.0604665
Tunisia,2997,39279,Gabes Ouest,2020,0.04192603,0.05496058
Tunisia,2997,39279,Gabes Ouest,2021,0.035258908,0.037901565
Tunisia,2997,39279,Gabes Ouest,2022,0.0319947,0.043849006
Tunisia,2997,39279,Gabes Ouest,2023,0.032648474,0.03787323
Tunisia,2997,39279,Gabes Ouest,2024,0.032802932,0.032802932
Tunisia,2997,39280,Gabes Sud,2015,0.03644107,0.036839865
Tunisia,2997,39280,Gabes Sud,2016,0.036009207,0.036408003
Tunisia,2997,39280,Gabes Sud,2017,0.027114464,0.027131842
Tunisia,2997,39280,Gabes Sud,2018,0.03484858,0.034865957
Tunisia,2997,39280,Gabes Sud,2019,0.03027461,0.030673403
Tunisia,2997,39280,Gabes Sud,2020,0.0355545,0.035562947
Tunisia,2997,39280,Gabes Sud,2021,0.035489667,0.03588846
Tunisia,2997,39280,Gabes Sud,2022,0.028730405,0.0291292
Tunisia,2997,39280,Gabes Sud,2023,0.032116678,0.03251547
Tunisia,2997,39280,Gabes Sud,2024,0.031500302,0.0318991
Tunisia,2997,39281,Gabes Ville,2015,0.04154157,0.04094431
Tunisia,2997,39281,Gabes Ville,2016,0.0358993,0.035302043
Tunisia,2997,39281,Gabes Ville,2017,0.033768564,0.03318024
Tunisia,2997,39281,Gabes Ville,2018,0.028400946,0.027803691
Tunisia,2997,39281,Gabes Ville,2019,0.032380816,0.031783555
Tunisia,2997,39281,Gabes Ville,2020,0.037084993,0.03649667
Tunisia,2997,39281,Gabes Ville,2021,0.039514035,0.038916785
Tunisia,2997,39281,Gabes Ville,2022,0.032380816,0.031783555
Tunisia,2997,39281,Gabes Ville,2023,0.032310504,0.03171325
Tunisia,2997,39281,Gabes Ville,2024,0.032310504,0.03171325
Tunisia,2997,39282,Gannouch,2015,0.058206048,0.063201964
Tunisia,2997,39282,Gannouch,2016,0.036334414,0.03982554
Tunisia,2997,39282,Gannouch,2017,0.035030644,0.038521793
Tunisia,2997,39282,Gannouch,2018,0.03662541,0.037925664
Tunisia,2997,39282,Gannouch,2019,0.03630327,0.039752807
Tunisia,2997,39282,Gannouch,2020,0.03717571,0.040666845
Tunisia,2997,39282,Gannouch,2021,0.03601383,0.039463375
Tunisia,2997,39282,Gannouch,2022,0.036880407,0.037674967
Tunisia,2997,39282,Gannouch,2023,0.034734555,0.035770822
Tunisia,2997,39282,Gannouch,2024,0.03470054,0.039152823
Tunisia,2997,39283,Mareth,2015,0.1889382,0.20338202
Tunisia,2997,39283,Mareth,2016,0.19819316,0.20286717
Tunisia,2997,39283,Mareth,2017,0.19773,0.19552185
Tunisia,2997,39283,Mareth,2018,0.21387643,0.20363936
Tunisia,2997,39283,Mareth,2019,0.19830543,0.19691971
Tunisia,2997,39283,Mareth,2020,0.20863159,0.1973881
Tunisia,2997,39283,Mareth,2021,0.19288501,0.19661783
Tunisia,2997,39283,Mareth,2022,0.16883528,0.17867348
Tunisia,2997,39283,Mareth,2023,0.15128571,0.15792002
Tunisia,2997,39283,Mareth,2024,0.13209367,0.13068695
Tunisia,2997,39284,Matmata,2015,0.103763126,0.103763126
Tunisia,2997,39284,Matmata,2016,0.107840955,0.107840955
Tunisia,2997,39284,Matmata,2017,0.107697524,0.1171765
Tunisia,2997,39284,Matmata,2018,0.10639877,0.11892646
Tunisia,2997,39284,Matmata,2019,0.10691532,0.11399918
Tunisia,2997,39284,Matmata,2020,0.10882637,0.1188522
Tunisia,2997,39284,Matmata,2021,0.11106118,0.11106118
Tunisia,2997,39284,Matmata,2022,0.12532866,0.12532866
Tunisia,2997,39284,Matmata,2023,0.10574729,0.10574729
Tunisia,2997,39284,Matmata,2024,0.10694047,0.10694047
Tunisia,2997,39285,Matmata Nouvelle,2015,0.16987973,0.17761445
Tunisia,2997,39285,Matmata Nouvelle,2016,0.17690545,0.18407196
Tunisia,2997,39285,Matmata Nouvelle,2017,0.15878174,0.17304333
Tunisia,2997,39285,Matmata Nouvelle,2018,0.18341072,0.19568083
Tunisia,2997,39285,Matmata Nouvelle,2019,0.18575159,0.1927525
Tunisia,2997,39285,Matmata Nouvelle,2020,0.15787569,0.16613337
Tunisia,2997,39285,Matmata Nouvelle,2021,0.15580414,0.16142948
Tunisia,2997,39285,Matmata Nouvelle,2022,0.1060711,0.11091747
Tunisia,2997,39285,Matmata Nouvelle,2023,0.10762984,0.112119325
Tunisia,2997,39285,Matmata Nouvelle,2024,0.11369685,0.120043494
Tunisia,2997,39286,Menzel El Habib,2015,0.22052956,0.21802726
Tunisia,2997,39286,Menzel El Habib,2016,0.21862759,0.21949703
Tunisia,2997,39286,Menzel El Habib,2017,0.21013765,0.20913461
Tunisia,2997,39286,Menzel El Habib,2018,0.20380628,0.20064056
Tunisia,2997,39286,Menzel El Habib,2019,0.20955941,0.2052037
Tunisia,2997,39286,Menzel El Habib,2020,0.22917293,0.22835338
Tunisia,2997,39286,Menzel El Habib,2021,0.21937448,0.2141388
Tunisia,2997,39286,Menzel El Habib,2022,0.19915675,0.19476068
Tunisia,2997,39286,Menzel El Habib,2023,0.20253481,0.1975495
Tunisia,2997,39286,Menzel El Habib,2024,0.18920001,0.18328945
Tunisia,2997,39287,Metouia,2015,0.10623889,0.11566967
Tunisia,2997,39287,Metouia,2016,0.14327063,0.15470174
Tunisia,2997,39287,Metouia,2017,0.092075974,0.090095684
Tunisia,2997,39287,Metouia,2018,0.09363116,0.09630321
Tunisia,2997,39287,Metouia,2019,0.07643239,0.07544415
Tunisia,2997,39287,Metouia,2020,0.081612945,0.07736017
Tunisia,2997,39287,Metouia,2021,0.07004898,0.072000794
Tunisia,2997,39287,Metouia,2022,0.068201624,0.06503755
Tunisia,2997,39287,Metouia,2023,0.07321481,0.0667862
Tunisia,2997,39287,Metouia,2024,0.08587442,0.077189535
Tunisia,2998,39288,Belkhir,2015,0.22380927,0.23262295
Tunisia,2998,39288,Belkhir,2016,0.21661514,0.22621173
Tunisia,2998,39288,Belkhir,2017,0.23132522,0.24244815
Tunisia,2998,39288,Belkhir,2018,0.22077583,0.2284961
Tunisia,2998,39288,Belkhir,2019,0.21800646,0.22710463
Tunisia,2998,39288,Belkhir,2020,0.20922689,0.21682103
Tunisia,2998,39288,Belkhir,2021,0.22353324,0.22971424
Tunisia,2998,39288,Belkhir,2022,0.21757466,0.22349837
Tunisia,2998,39288,Belkhir,2023,0.18973789,0.19288437
Tunisia,2998,39288,Belkhir,2024,0.18834499,0.19047071
Tunisia,2998,39289,Gafsa Nord,2015,0.23147863,0.22832006
Tunisia,2998,39289,Gafsa Nord,2016,0.23750097,0.23626277
Tunisia,2998,39289,Gafsa Nord,2017,0.23533219,0.2282268
Tunisia,2998,39289,Gafsa Nord,2018,0.24173442,0.2360608
Tunisia,2998,39289,Gafsa Nord,2019,0.23224568,0.23069434
Tunisia,2998,39289,Gafsa Nord,2020,0.23926598,0.23896587
Tunisia,2998,39289,Gafsa Nord,2021,0.22725348,0.22853684
Tunisia,2998,39289,Gafsa Nord,2022,0.24279621,0.23809266
Tunisia,2998,39289,Gafsa Nord,2023,0.19105148,0.179706
Tunisia,2998,39289,Gafsa Nord,2024,0.20325233,0.19072399
Tunisia,2998,39290,Gafsa Sud,2015,0.09469566,0.07758494
Tunisia,2998,39290,Gafsa Sud,2016,0.103290394,0.09244822
Tunisia,2998,39290,Gafsa Sud,2017,0.07271823,0.060651448
Tunisia,2998,39290,Gafsa Sud,2018,0.072453074,0.06428752
Tunisia,2998,39290,Gafsa Sud,2019,0.08172251,0.07389611
Tunisia,2998,39290,Gafsa Sud,2020,0.07454695,0.072407834
Tunisia,2998,39290,Gafsa Sud,2021,0.06272241,0.060866974
Tunisia,2998,39290,Gafsa Sud,2022,0.0592604,0.05734084
Tunisia,2998,39290,Gafsa Sud,2023,0.06834447,0.06613287
Tunisia,2998,39290,Gafsa Sud,2024,0.07417368,0.06839815
Tunisia,2998,39291,Guetar,2015,0.1169711,0.13530605
Tunisia,2998,39291,Guetar,2016,0.11680636,0.13692333
Tunisia,2998,39291,Guetar,2017,0.1069145,0.13178313
Tunisia,2998,39291,Guetar,2018,0.12845549,0.1394475
Tunisia,2998,39291,Guetar,2019,0.112642914,0.11687856
Tunisia,2998,39291,Guetar,2020,0.11407054,0.119156204
Tunisia,2998,39291,Guetar,2021,0.11447482,0.11903533
Tunisia,2998,39291,Guetar,2022,0.12468107,0.13209152
Tunisia,2998,39291,Guetar,2023,0.1262723,0.13415077
Tunisia,2998,39291,Guetar,2024,0.12075532,0.1269702
Tunisia,2998,39292,Ksar,2015,0.109497175,0.11565781
Tunisia,2998,39292,Ksar,2016,0.14408562,0.15064809
Tunisia,2998,39292,Ksar,2017,0.09131535,0.09447508
Tunisia,2998,39292,Ksar,2018,0.104588106,0.111458674
Tunisia,2998,39292,Ksar,2019,0.093615785,0.09866941
Tunisia,2998,39292,Ksar,2020,0.09214303,0.09921998
Tunisia,2998,39292,Ksar,2021,0.085736275,0.095455475
Tunisia,2998,39292,Ksar,2022,0.08349316,0.09050252
Tunisia,2998,39292,Ksar,2023,0.08745507,0.09870526
Tunisia,2998,39292,Ksar,2024,0.093522094,0.099763185
Tunisia,2998,39293,Mdhilla,2015,0.10152184,0.11333323
Tunisia,2998,39293,Mdhilla,2016,0.11154099,0.13033383
Tunisia,2998,39293,Mdhilla,2017,0.10152184,0.107676916
Tunisia,2998,39293,Mdhilla,2018,0.10152184,0.11693302
Tunisia,2998,39293,Mdhilla,2019,0.10138297,0.11120607
Tunisia,2998,39293,Mdhilla,2020,0.10130589,0.104767546
Tunisia,2998,39293,Mdhilla,2021,0.10250238,0.10424192
Tunisia,2998,39293,Mdhilla,2022,0.112468086,0.118937016
Tunisia,2998,39293,Mdhilla,2023,0.111124344,0.120683655
Tunisia,2998,39293,Mdhilla,2024,0.11408068,0.12134729
Tunisia,2998,39294,Metlaoui,2015,0.08870722,0.08870722
Tunisia,2998,39294,Metlaoui,2016,0.102494955,0.102494955
Tunisia,2998,39294,Metlaoui,2017,0.08338976,0.08338976
Tunisia,2998,39294,Metlaoui,2018,0.08542115,0.08542115
Tunisia,2998,39294,Metlaoui,2019,0.08967387,0.08967387
Tunisia,2998,39294,Metlaoui,2020,0.090547904,0.090547904
Tunisia,2998,39294,Metlaoui,2021,0.08552665,0.08552665
Tunisia,2998,39294,Metlaoui,2022,0.089561306,0.089561306
Tunisia,2998,39294,Metlaoui,2023,0.09482866,0.09482866
Tunisia,2998,39294,Metlaoui,2024,0.094591774,0.094591774
Tunisia,2998,39295,Oum Larais,2015,0.10777801,0.121624336
Tunisia,2998,39295,Oum Larais,2016,0.11058718,0.1294644
Tunisia,2998,39295,Oum Larais,2017,0.07681252,0.078142904
Tunisia,2998,39295,Oum Larais,2018,0.08155111,0.08351965
Tunisia,2998,39295,Oum Larais,2019,0.0895518,0.09833062
Tunisia,2998,39295,Oum Larais,2020,0.079096325,0.0894562
Tunisia,2998,39295,Oum Larais,2021,0.06491465,0.07190649
Tunisia,2998,39295,Oum Larais,2022,0.07243472,0.07825518
Tunisia,2998,39295,Oum Larais,2023,0.07316565,0.088585824
Tunisia,2998,39295,Oum Larais,2024,0.06876427,0.08562593
Tunisia,2998,39296,Redeyef,2015,0.11198904,0.1057541
Tunisia,2998,39296,Redeyef,2016,0.12433204,0.12084593
Tunisia,2998,39296,Redeyef,2017,0.11639692,0.119689636
Tunisia,2998,39296,Redeyef,2018,0.1173523,0.11984602
Tunisia,2998,39296,Redeyef,2019,0.11472804,0.11765114
Tunisia,2998,39296,Redeyef,2020,0.11713649,0.11942083
Tunisia,2998,39296,Redeyef,2021,0.12300599,0.1250938
Tunisia,2998,39296,Redeyef,2022,0.12538238,0.12712987
Tunisia,2998,39296,Redeyef,2023,0.12596463,0.12691316
Tunisia,2998,39296,Redeyef,2024,0.12519598,0.12591055
Tunisia,2998,39297,Sened,2015,0.22396058,0.22672018
Tunisia,2998,39297,Sened,2016,0.23968142,0.24710968
Tunisia,2998,39297,Sened,2017,0.24786061,0.24124515
Tunisia,2998,39297,Sened,2018,0.23317784,0.23170927
Tunisia,2998,39297,Sened,2019,0.21342374,0.21597108
Tunisia,2998,39297,Sened,2020,0.22180864,0.22222361
Tunisia,2998,39297,Sened,2021,0.19428004,0.19658226
Tunisia,2998,39297,Sened,2022,0.17297885,0.17373028
Tunisia,2998,39297,Sened,2023,0.16868576,0.16584286
Tunisia,2998,39297,Sened,2024,0.18802729,0.18717074
Tunisia,2998,39298,Sidi Aich,2015,0.3320562,0.35870942
Tunisia,2998,39298,Sidi Aich,2016,0.34608525,0.36682552
Tunisia,2998,39298,Sidi Aich,2017,0.3102901,0.33504808
Tunisia,2998,39298,Sidi Aich,2018,0.33078426,0.3523273
Tunisia,2998,39298,Sidi Aich,2019,0.33167592,0.35501218
Tunisia,2998,39298,Sidi Aich,2020,0.28941762,0.31117862
Tunisia,2998,39298,Sidi Aich,2021,0.27817568,0.2970724
Tunisia,2998,39298,Sidi Aich,2022,0.27282432,0.29062092
Tunisia,2998,39298,Sidi Aich,2023,0.24922113,0.2633764
Tunisia,2998,39298,Sidi Aich,2024,0.27478087,0.2908777
Tunisia,2999,39299,Ain Draham,2015,0.33455586,0.27255976
Tunisia,2999,39299,Ain Draham,2016,0.32566762,0.25530708
Tunisia,2999,39299,Ain Draham,2017,0.31102484,0.26681972
Tunisia,2999,39299,Ain Draham,2018,0.29118007,0.20759082
Tunisia,2999,39299,Ain Draham,2019,0.28865725,0.22053671
Tunisia,2999,39299,Ain Draham,2020,0.28944218,0.19578767
Tunisia,2999,39299,Ain Draham,2021,0.2945125,0.24555019
Tunisia,2999,39299,Ain Draham,2022,0.3031361,0.25527692
Tunisia,2999,39299,Ain Draham,2023,0.302557,0.24236387
Tunisia,2999,39299,Ain Draham,2024,0.2981599,0.23330492
Tunisia,2999,39300,Balta Bou Aouane,2015,0.26915458,0.22604313
Tunisia,2999,39300,Balta Bou Aouane,2016,0.25421447,0.22112557
Tunisia,2999,39300,Balta Bou Aouane,2017,0.24275133,0.22117808
Tunisia,2999,39300,Balta Bou Aouane,2018,0.2473692,0.19925529
Tunisia,2999,39300,Balta Bou Aouane,2019,0.25275514,0.19680785
Tunisia,2999,39300,Balta Bou Aouane,2020,0.2548983,0.23370071
Tunisia,2999,39300,Balta Bou Aouane,2021,0.24452749,0.2048743
Tunisia,2999,39300,Balta Bou Aouane,2022,0.2676462,0.21113193
Tunisia,2999,39300,Balta Bou Aouane,2023,0.24709657,0.20851892
Tunisia,2999,39300,Balta Bou Aouane,2024,0.24358532,0.19974163
Tunisia,2999,39301,Bou Salem,2015,0.20890075,0.16834238
Tunisia,2999,39301,Bou Salem,2016,0.21139297,0.16727352
Tunisia,2999,39301,Bou Salem,2017,0.2131812,0.1526007
Tunisia,2999,39301,Bou Salem,2018,0.21977076,0.16177987
Tunisia,2999,39301,Bou Salem,2019,0.20544593,0.15363733
Tunisia,2999,39301,Bou Salem,2020,0.21458298,0.1704975
Tunisia,2999,39301,Bou Salem,2021,0.1869887,0.12827632
Tunisia,2999,39301,Bou Salem,2022,0.19239274,0.12955052
Tunisia,2999,39301,Bou Salem,2023,0.19606945,0.16985354
Tunisia,2999,39301,Bou Salem,2024,0.18019937,0.12189259
Tunisia,2999,39302,Fernana,2015,0.29850304,0.25861698
Tunisia,2999,39302,Fernana,2016,0.2904115,0.2680408
Tunisia,2999,39302,Fernana,2017,0.29181963,0.26173502
Tunisia,2999,39302,Fernana,2018,0.31378645,0.2918917
Tunisia,2999,39302,Fernana,2019,0.30343646,0.2610313
Tunisia,2999,39302,Fernana,2020,0.31609648,0.28281742
Tunisia,2999,39302,Fernana,2021,0.2931951,0.27560934
Tunisia,2999,39302,Fernana,2022,0.25870448,0.22909403
Tunisia,2999,39302,Fernana,2023,0.2501749,0.22871365
Tunisia,2999,39302,Fernana,2024,0.25319654,0.22273172
Tunisia,2999,39303,Ghardimaou,2015,0.29119223,0.24812406
Tunisia,2999,39303,Ghardimaou,2016,0.29638553,0.24106088
Tunisia,2999,39303,Ghardimaou,2017,0.27619207,0.25074774
Tunisia,2999,39303,Ghardimaou,2018,0.27963814,0.2217578
Tunisia,2999,39303,Ghardimaou,2019,0.25020564,0.18742138
Tunisia,2999,39303,Ghardimaou,2020,0.31104606,0.23435646
Tunisia,2999,39303,Ghardimaou,2021,0.27424988,0.2402595
Tunisia,2999,39303,Ghardimaou,2022,0.2877611,0.25159103
Tunisia,2999,39303,Ghardimaou,2023,0.31322005,0.2565444
Tunisia,2999,39303,Ghardimaou,2024,0.28545195,0.2452117
Tunisia,2999,39304,Jendouba,2015,0.1604669,0.16504933
Tunisia,2999,39304,Jendouba,2016,0.18193462,0.17097637
Tunisia,2999,39304,Jendouba,2017,0.1355207,0.14156327
Tunisia,2999,39304,Jendouba,2018,0.15583852,0.13360797
Tunisia,2999,39304,Jendouba,2019,0.17624676,0.16558123
Tunisia,2999,39304,Jendouba,2020,0.16991685,0.16934238
Tunisia,2999,39304,Jendouba,2021,0.16431373,0.16425261
Tunisia,2999,39304,Jendouba,2022,0.16930218,0.16703758
Tunisia,2999,39304,Jendouba,2023,0.15991417,0.16121526
Tunisia,2999,39304,Jendouba,2024,0.13392846,0.12941992
Tunisia,2999,39305,Jendouba Nord,2015,0.15433863,0.11456266
Tunisia,2999,39305,Jendouba Nord,2016,0.13972214,0.09937967
Tunisia,2999,39305,Jendouba Nord,2017,0.11961444,0.072292276
Tunisia,2999,39305,Jendouba Nord,2018,0.11382005,0.0723888
Tunisia,2999,39305,Jendouba Nord,2019,0.12179152,0.09958322
Tunisia,2999,39305,Jendouba Nord,2020,0.13232006,0.0870504
Tunisia,2999,39305,Jendouba Nord,2021,0.1249698,0.076126955
Tunisia,2999,39305,Jendouba Nord,2022,0.12519215,0.07592361
Tunisia,2999,39305,Jendouba Nord,2023,0.11250252,0.07449455
Tunisia,2999,39305,Jendouba Nord,2024,0.11505041,0.06870387
Tunisia,2999,39306,Oued Mliz,2015,0.2295331,0.21569377
Tunisia,2999,39306,Oued Mliz,2016,0.22417572,0.22778279
Tunisia,2999,39306,Oued Mliz,2017,0.21451387,0.2105057
Tunisia,2999,39306,Oued Mliz,2018,0.220596,0.1991036
Tunisia,2999,39306,Oued Mliz,2019,0.22876605,0.22661352
Tunisia,2999,39306,Oued Mliz,2020,0.26017857,0.26917604
Tunisia,2999,39306,Oued Mliz,2021,0.21158782,0.20532347
Tunisia,2999,39306,Oued Mliz,2022,0.1937988,0.19137786
Tunisia,2999,39306,Oued Mliz,2023,0.22483863,0.22539532
Tunisia,2999,39306,Oued Mliz,2024,0.19984242,0.19989756
Tunisia,2999,39307,Tabarka,2015,0.29067585,0.23927064
Tunisia,2999,39307,Tabarka,2016,0.28969204,0.22795516
Tunisia,2999,39307,Tabarka,2017,0.2858601,0.22506717
Tunisia,2999,39307,Tabarka,2018,0.2410355,0.15966706
Tunisia,2999,39307,Tabarka,2019,0.24190213,0.17836866
Tunisia,2999,39307,Tabarka,2020,0.24874026,0.18366084
Tunisia,2999,39307,Tabarka,2021,0.26166445,0.17481898
Tunisia,2999,39307,Tabarka,2022,0.2564186,0.1950194
Tunisia,2999,39307,Tabarka,2023,0.24949583,0.20065539
Tunisia,2999,39307,Tabarka,2024,0.241523,0.175388
Tunisia,3000,39308,Alaa,2015,0.24853227,0.25795677
Tunisia,3000,39308,Alaa,2016,0.25830978,0.27715498
Tunisia,3000,39308,Alaa,2017,0.2589488,0.27333444
Tunisia,3000,39308,Alaa,2018,0.27428412,0.28199866
Tunisia,3000,39308,Alaa,2019,0.19507088,0.19730225
Tunisia,3000,39308,Alaa,2020,0.200088,0.20313817
Tunisia,3000,39308,Alaa,2021,0.19279215,0.20620242
Tunisia,3000,39308,Alaa,2022,0.17445041,0.18960454
Tunisia,3000,39308,Alaa,2023,0.16285633,0.17504355
Tunisia,3000,39308,Alaa,2024,0.17874758,0.1779216
Tunisia,3000,39309,Chbika,2015,0.24487808,0.23541182
Tunisia,3000,39309,Chbika,2016,0.26405576,0.2609095
Tunisia,3000,39309,Chbika,2017,0.2567709,0.24284989
Tunisia,3000,39309,Chbika,2018,0.26462203,0.26135123
Tunisia,3000,39309,Chbika,2019,0.25467,0.24591792
Tunisia,3000,39309,Chbika,2020,0.253261,0.24719042
Tunisia,3000,39309,Chbika,2021,0.23798694,0.2233606
Tunisia,3000,39309,Chbika,2022,0.25250575,0.249004
Tunisia,3000,39309,Chbika,2023,0.26207376,0.2458058
Tunisia,3000,39309,Chbika,2024,0.25172886,0.21695653
Tunisia,3000,39310,Chrarda,2015,0.22360948,0.27482086
Tunisia,3000,39310,Chrarda,2016,0.246725,0.29895613
Tunisia,3000,39310,Chrarda,2017,0.22810142,0.26258856
Tunisia,3000,39310,Chrarda,2018,0.23133329,0.26017338
Tunisia,3000,39310,Chrarda,2019,0.2345127,0.27559242
Tunisia,3000,39310,Chrarda,2020,0.22851607,0.256859
Tunisia,3000,39310,Chrarda,2021,0.22042629,0.25856656
Tunisia,3000,39310,Chrarda,2022,0.21302575,0.2511756
Tunisia,3000,39310,Chrarda,2023,0.20445782,0.24909282
Tunisia,3000,39310,Chrarda,2024,0.18849057,0.20286813
Tunisia,3000,39311,Haffouz,2015,0.22997223,0.23871993
Tunisia,3000,39311,Haffouz,2016,0.22051251,0.22212376
Tunisia,3000,39311,Haffouz,2017,0.23507278,0.22764947
Tunisia,3000,39311,Haffouz,2018,0.22793087,0.2207824
Tunisia,3000,39311,Haffouz,2019,0.22024038,0.20569807
Tunisia,3000,39311,Haffouz,2020,0.23110083,0.2200871
Tunisia,3000,39311,Haffouz,2021,0.18663093,0.20111102
Tunisia,3000,39311,Haffouz,2022,0.18917345,0.19352378
Tunisia,3000,39311,Haffouz,2023,0.17510733,0.17887437
Tunisia,3000,39311,Haffouz,2024,0.18217593,0.16705333
Tunisia,3000,39312,Hajeb El Ayoun,2015,0.20763665,0.2085329
Tunisia,3000,39312,Hajeb El Ayoun,2016,0.19584286,0.20590892
Tunisia,3000,39312,Hajeb El Ayoun,2017,0.20732066,0.20959744
Tunisia,3000,39312,Hajeb El Ayoun,2018,0.2183829,0.21630958
Tunisia,3000,39312,Hajeb El Ayoun,2019,0.21513894,0.20380688
Tunisia,3000,39312,Hajeb El Ayoun,2020,0.21986061,0.2094872
Tunisia,3000,39312,Hajeb El Ayoun,2021,0.20655738,0.21115136
Tunisia,3000,39312,Hajeb El Ayoun,2022,0.19566193,0.197704
Tunisia,3000,39312,Hajeb El Ayoun,2023,0.21110374,0.20805258
Tunisia,3000,39312,Hajeb El Ayoun,2024,0.22235915,0.2123115
Tunisia,3000,39313,Kairouan Nord,2015,0.086230285,0.07600819
Tunisia,3000,39313,Kairouan Nord,2016,0.08092859,0.076280095
Tunisia,3000,39313,Kairouan Nord,2017,0.07547566,0.07338742
Tunisia,3000,39313,Kairouan Nord,2018,0.08219262,0.07712075
Tunisia,3000,39313,Kairouan Nord,2019,0.08221085,0.07713898
Tunisia,3000,39313,Kairouan Nord,2020,0.07834804,0.07767286
Tunisia,3000,39313,Kairouan Nord,2021,0.07648478,0.07542428
Tunisia,3000,39313,Kairouan Nord,2022,0.07723452,0.07659065
Tunisia,3000,39313,Kairouan Nord,2023,0.07544492,0.07480106
Tunisia,3000,39313,Kairouan Nord,2024,0.08174602,0.07820543
Tunisia,3000,39314,Kairouan Sud,2015,0.13003646,0.12707351
Tunisia,3000,39314,Kairouan Sud,2016,0.12836635,0.12357279
Tunisia,3000,39314,Kairouan Sud,2017,0.121517405,0.09348736
Tunisia,3000,39314,Kairouan Sud,2018,0.13404669,0.10992288
Tunisia,3000,39314,Kairouan Sud,2019,0.13372484,0.1046589
Tunisia,3000,39314,Kairouan Sud,2020,0.13662374,0.10364568
Tunisia,3000,39314,Kairouan Sud,2021,0.12560202,0.09369179
Tunisia,3000,39314,Kairouan Sud,2022,0.12560654,0.10525703
Tunisia,3000,39314,Kairouan Sud,2023,0.13094833,0.11038538
Tunisia,3000,39314,Kairouan Sud,2024,0.14297958,0.09853977
Tunisia,3000,39315,Nasrallah,2015,0.27765343,0.29905057
Tunisia,3000,39315,Nasrallah,2016,0.28158966,0.3008808
Tunisia,3000,39315,Nasrallah,2017,0.24956946,0.26173776
Tunisia,3000,39315,Nasrallah,2018,0.26924515,0.28779978
Tunisia,3000,39315,Nasrallah,2019,0.2678377,0.28730583
Tunisia,3000,39315,Nasrallah,2020,0.28452736,0.30285114
Tunisia,3000,39315,Nasrallah,2021,0.2605381,0.2762045
Tunisia,3000,39315,Nasrallah,2022,0.27615273,0.28978494
Tunisia,3000,39315,Nasrallah,2023,0.26916808,0.29269475
Tunisia,3000,39315,Nasrallah,2024,0.26936615,0.277403
Tunisia,3000,39316,Oueslatia,2015,0.23564887,0.2441844
Tunisia,3000,39316,Oueslatia,2016,0.2403262,0.24918342
Tunisia,3000,39316,Oueslatia,2017,0.22291027,0.23548898
Tunisia,3000,39316,Oueslatia,2018,0.2290339,0.23927167
Tunisia,3000,39316,Oueslatia,2019,0.24065256,0.24578226
Tunisia,3000,39316,Oueslatia,2020,0.24084853,0.24978329
Tunisia,3000,39316,Oueslatia,2021,0.22884233,0.24239767
Tunisia,3000,39316,Oueslatia,2022,0.21247192,0.21835718
Tunisia,3000,39316,Oueslatia,2023,0.1993413,0.2125178
Tunisia,3000,39316,Oueslatia,2024,0.20013809,0.21074708
Tunisia,3000,39317,Sbikha,2015,0.2621303,0.2521224
Tunisia,3000,39317,Sbikha,2016,0.25335786,0.24161074
Tunisia,3000,39317,Sbikha,2017,0.23328821,0.22554626
Tunisia,3000,39317,Sbikha,2018,0.21785596,0.20304278
Tunisia,3000,39317,Sbikha,2019,0.17506522,0.15752324
Tunisia,3000,39317,Sbikha,2020,0.2243953,0.20960408
Tunisia,3000,39317,Sbikha,2021,0.20135672,0.18478279
Tunisia,3000,39317,Sbikha,2022,0.21470702,0.20171389
Tunisia,3000,39317,Sbikha,2023,0.20284808,0.19929907
Tunisia,3000,39317,Sbikha,2024,0.23143834,0.21793845
Tunisia,3000,39318,Sidi Amor Bou Hajla,2015,0.25868204,0.25684997
Tunisia,3000,39318,Sidi Amor Bou Hajla,2016,0.26437265,0.2759629
Tunisia,3000,39318,Sidi Amor Bou Hajla,2017,0.26694846,0.24362954
Tunisia,3000,39318,Sidi Amor Bou Hajla,2018,0.26776937,0.23979259
Tunisia,3000,39318,Sidi Amor Bou Hajla,2019,0.2657678,0.2513498
Tunisia,3000,39318,Sidi Amor Bou Hajla,2020,0.289842,0.28969613
Tunisia,3000,39318,Sidi Amor Bou Hajla,2021,0.25224093,0.23537943
Tunisia,3000,39318,Sidi Amor Bou Hajla,2022,0.20904681,0.19003043
Tunisia,3000,39318,Sidi Amor Bou Hajla,2023,0.23375835,0.22248426
Tunisia,3000,39318,Sidi Amor Bou Hajla,2024,0.20060498,0.1818456
Tunisia,3001,39319,Ayoun,2015,0.21544275,0.18933168
Tunisia,3001,39319,Ayoun,2016,0.22377339,0.21610299
Tunisia,3001,39319,Ayoun,2017,0.2358455,0.2087339
Tunisia,3001,39319,Ayoun,2018,0.23347914,0.20586097
Tunisia,3001,39319,Ayoun,2019,0.22461519,0.1925075
Tunisia,3001,39319,Ayoun,2020,0.24634576,0.2212072
Tunisia,3001,39319,Ayoun,2021,0.2372284,0.22831145
Tunisia,3001,39319,Ayoun,2022,0.2408007,0.23342189
Tunisia,3001,39319,Ayoun,2023,0.24983957,0.24330911
Tunisia,3001,39319,Ayoun,2024,0.23970133,0.23100987
Tunisia,3001,39320,Djediane,2015,0.18502077,0.17515585
Tunisia,3001,39320,Djediane,2016,0.15890703,0.16464058
Tunisia,3001,39320,Djediane,2017,0.15948312,0.15186092
Tunisia,3001,39320,Djediane,2018,0.18303305,0.1704444
Tunisia,3001,39320,Djediane,2019,0.185709,0.16877621
Tunisia,3001,39320,Djediane,2020,0.18086934,0.17347398
Tunisia,3001,39320,Djediane,2021,0.16945985,0.17217535
Tunisia,3001,39320,Djediane,2022,0.18158285,0.18391837
Tunisia,3001,39320,Djediane,2023,0.17685407,0.18055686
Tunisia,3001,39320,Djediane,2024,0.17628226,0.17546588
Tunisia,3001,39321,Ezzouhour,2015,0.08414011,0.084610656
Tunisia,3001,39321,Ezzouhour,2016,0.07840411,0.07840411
Tunisia,3001,39321,Ezzouhour,2017,0.083431885,0.083431885
Tunisia,3001,39321,Ezzouhour,2018,0.09448887,0.09448887
Tunisia,3001,39321,Ezzouhour,2019,0.090577245,0.09104779
Tunisia,3001,39321,Ezzouhour,2020,0.09272967,0.09320022
Tunisia,3001,39321,Ezzouhour,2021,0.08122746,0.08122746
Tunisia,3001,39321,Ezzouhour,2022,0.08090859,0.08090859
Tunisia,3001,39321,Ezzouhour,2023,0.08090868,0.08090868
Tunisia,3001,39321,Ezzouhour,2024,0.09237879,0.09237879
Tunisia,3001,39322,Feriana,2015,0.14005703,0.1494899
Tunisia,3001,39322,Feriana,2016,0.11504732,0.12690696
Tunisia,3001,39322,Feriana,2017,0.12438799,0.13725111
Tunisia,3001,39322,Feriana,2018,0.12742367,0.13083038
Tunisia,3001,39322,Feriana,2019,0.11412116,0.11921016
Tunisia,3001,39322,Feriana,2020,0.12402418,0.13564077
Tunisia,3001,39322,Feriana,2021,0.10443098,0.1205719
Tunisia,3001,39322,Feriana,2022,0.10306629,0.118337795
Tunisia,3001,39322,Feriana,2023,0.11772934,0.13352555
Tunisia,3001,39322,Feriana,2024,0.104217045,0.120131396
Tunisia,3001,39323,Foussana,2015,0.2183579,0.19619086
Tunisia,3001,39323,Foussana,2016,0.22350568,0.20775211
Tunisia,3001,39323,Foussana,2017,0.22072868,0.19628467
Tunisia,3001,39323,Foussana,2018,0.2290495,0.20221734
Tunisia,3001,39323,Foussana,2019,0.20645228,0.17893106
Tunisia,3001,39323,Foussana,2020,0.22806671,0.2056267
Tunisia,3001,39323,Foussana,2021,0.20745039,0.19479111
Tunisia,3001,39323,Foussana,2022,0.211206,0.19754735
Tunisia,3001,39323,Foussana,2023,0.21743631,0.20965865
Tunisia,3001,39323,Foussana,2024,0.22888957,0.21455936
Tunisia,3001,39324,Hassi El Ferid,2015,0.19629037,0.2206192
Tunisia,3001,39324,Hassi El Ferid,2016,0.19695994,0.21709664
Tunisia,3001,39324,Hassi El Ferid,2017,0.18695909,0.19492167
Tunisia,3001,39324,Hassi El Ferid,2018,0.19565365,0.20507477
Tunisia,3001,39324,Hassi El Ferid,2019,0.19669834,0.2067444
Tunisia,3001,39324,Hassi El Ferid,2020,0.20057434,0.2077423
Tunisia,3001,39324,Hassi El Ferid,2021,0.16921419,0.17824154
Tunisia,3001,39324,Hassi El Ferid,2022,0.19041951,0.19970201
Tunisia,3001,39324,Hassi El Ferid,2023,0.18038273,0.19545496
Tunisia,3001,39324,Hassi El Ferid,2024,0.19388181,0.21138424
Tunisia,3001,39325,Hidra,2015,0.22981365,0.21399161
Tunisia,3001,39325,Hidra,2016,0.19639,0.20040682
Tunisia,3001,39325,Hidra,2017,0.23030972,0.21234441
Tunisia,3001,39325,Hidra,2018,0.24844167,0.23823366
Tunisia,3001,39325,Hidra,2019,0.24669823,0.21629086
Tunisia,3001,39325,Hidra,2020,0.2300266,0.20171714
Tunisia,3001,39325,Hidra,2021,0.24207553,0.24164446
Tunisia,3001,39325,Hidra,2022,0.19097218,0.1949038
Tunisia,3001,39325,Hidra,2023,0.1670442,0.17313004
Tunisia,3001,39325,Hidra,2024,0.19439884,0.19623423
Tunisia,3001,39326,Kasserine Nord,2015,0.09654691,0.09617895
Tunisia,3001,39326,Kasserine Nord,2016,0.092569426,0.09102327
Tunisia,3001,39326,Kasserine Nord,2017,0.09678834,0.097354904
Tunisia,3001,39326,Kasserine Nord,2018,0.09728054,0.09690473
Tunisia,3001,39326,Kasserine Nord,2019,0.096715264,0.097741134
Tunisia,3001,39326,Kasserine Nord,2020,0.095780686,0.09634725
Tunisia,3001,39326,Kasserine Nord,2021,0.09778612,0.09856075
Tunisia,3001,39326,Kasserine Nord,2022,0.08690513,0.08767976
Tunisia,3001,39326,Kasserine Nord,2023,0.09634934,0.09712397
Tunisia,3001,39326,Kasserine Nord,2024,0.098787166,0.09298137
Tunisia,3001,39327,Kasserine Sud,2015,0.16657461,0.17499211
Tunisia,3001,39327,Kasserine Sud,2016,0.16104746,0.17196669
Tunisia,3001,39327,Kasserine Sud,2017,0.16884805,0.17080638
Tunisia,3001,39327,Kasserine Sud,2018,0.17347044,0.17615885
Tunisia,3001,39327,Kasserine Sud,2019,0.1611194,0.16260363
Tunisia,3001,39327,Kasserine Sud,2020,0.17701167,0.18156895
Tunisia,3001,39327,Kasserine Sud,2021,0.17027116,0.18175912
Tunisia,3001,39327,Kasserine Sud,2022,0.16509536,0.17656484
Tunisia,3001,39327,Kasserine Sud,2023,0.15033741,0.15755606
Tunisia,3001,39327,Kasserine Sud,2024,0.15751198,0.16331059
Tunisia,3001,39328,Majel Belabbes,2015,0.20029303,0.21724975
Tunisia,3001,39328,Majel Belabbes,2016,0.23317115,0.25298917
Tunisia,3001,39328,Majel Belabbes,2017,0.18775655,0.20204943
Tunisia,3001,39328,Majel Belabbes,2018,0.20974004,0.2216973
Tunisia,3001,39328,Majel Belabbes,2019,0.20087336,0.2145648
Tunisia,3001,39328,Majel Belabbes,2020,0.1951812,0.20961481
Tunisia,3001,39328,Majel Belabbes,2021,0.18011075,0.19936326
Tunisia,3001,39328,Majel Belabbes,2022,0.17801903,0.19727394
Tunisia,3001,39328,Majel Belabbes,2023,0.18690105,0.20815627
Tunisia,3001,39328,Majel Belabbes,2024,0.20773152,0.22382528
Tunisia,3001,39329,Sbeitla,2015,0.18004069,0.18166462
Tunisia,3001,39329,Sbeitla,2016,0.16974324,0.17255345
Tunisia,3001,39329,Sbeitla,2017,0.1941371,0.19154362
Tunisia,3001,39329,Sbeitla,2018,0.20202196,0.1900056
Tunisia,3001,39329,Sbeitla,2019,0.20177251,0.18542707
Tunisia,3001,39329,Sbeitla,2020,0.19156551,0.18316507
Tunisia,3001,39329,Sbeitla,2021,0.20011367,0.19702752
Tunisia,3001,39329,Sbeitla,2022,0.19356486,0.19276223
Tunisia,3001,39329,Sbeitla,2023,0.18470351,0.18230821
Tunisia,3001,39329,Sbeitla,2024,0.19029059,0.17902157
Tunisia,3001,39330,Sbiba,2015,0.21157102,0.19836974
Tunisia,3001,39330,Sbiba,2016,0.21588895,0.21539295
Tunisia,3001,39330,Sbiba,2017,0.22644445,0.1966191
Tunisia,3001,39330,Sbiba,2018,0.22914669,0.19981116
Tunisia,3001,39330,Sbiba,2019,0.22032887,0.18585399
Tunisia,3001,39330,Sbiba,2020,0.23272237,0.19867954
Tunisia,3001,39330,Sbiba,2021,0.23410966,0.21498042
Tunisia,3001,39330,Sbiba,2022,0.23630452,0.21856636
Tunisia,3001,39330,Sbiba,2023,0.2224598,0.21248409
Tunisia,3001,39330,Sbiba,2024,0.22448608,0.20106842
Tunisia,3001,39331,Thala,2015,0.24117023,0.21031702
Tunisia,3001,39331,Thala,2016,0.2420188,0.2271162
Tunisia,3001,39331,Thala,2017,0.23069379,0.19768074
Tunisia,3001,39331,Thala,2018,0.23299375,0.19831344
Tunisia,3001,39331,Thala,2019,0.22512114,0.19001272
Tunisia,3001,39331,Thala,2020,0.21286343,0.1852437
Tunisia,3001,39331,Thala,2021,0.20771904,0.20029046
Tunisia,3001,39331,Thala,2022,0.1770875,0.1704731
Tunisia,3001,39331,Thala,2023,0.17241979,0.18269236
Tunisia,3001,39331,Thala,2024,0.16852659,0.16399844
Tunisia,3002,39332,Douz,2015,0.18565263,0.17154363
Tunisia,3002,39332,Douz,2016,0.19269903,0.1833264
Tunisia,3002,39332,Douz,2017,0.16760507,0.16180474
Tunisia,3002,39332,Douz,2018,0.17066008,0.16218936
Tunisia,3002,39332,Douz,2019,0.18134561,0.16950643
Tunisia,3002,39332,Douz,2020,0.19057152,0.1786179
Tunisia,3002,39332,Douz,2021,0.17760034,0.16779429
Tunisia,3002,39332,Douz,2022,0.1702908,0.15447864
Tunisia,3002,39332,Douz,2023,0.18358374,0.16124663
Tunisia,3002,39332,Douz,2024,0.19600257,0.16870578
Tunisia,3002,39333,El Faouar,2015,0.15970346,0.15978023
Tunisia,3002,39333,El Faouar,2016,0.18683809,0.16718459
Tunisia,3002,39333,El Faouar,2017,0.1781263,0.17375728
Tunisia,3002,39333,El Faouar,2018,0.18819134,0.1700891
Tunisia,3002,39333,El Faouar,2019,0.18421954,0.17118874
Tunisia,3002,39333,El Faouar,2020,0.1957167,0.18426824
Tunisia,3002,39333,El Faouar,2021,0.18657652,0.17164268
Tunisia,3002,39333,El Faouar,2022,0.1821735,0.17796606
Tunisia,3002,39333,El Faouar,2023,0.19721621,0.19711706
Tunisia,3002,39333,El Faouar,2024,0.19920556,0.19119665
Tunisia,3002,39334,Kebili Nord,2015,0.32216418,0.31035367
Tunisia,3002,39334,Kebili Nord,2016,0.33357933,0.32099196
Tunisia,3002,39334,Kebili Nord,2017,0.29970437,0.2812084
Tunisia,3002,39334,Kebili Nord,2018,0.31979606,0.30473396
Tunisia,3002,39334,Kebili Nord,2019,0.3114748,0.29648325
Tunisia,3002,39334,Kebili Nord,2020,0.3127442,0.29665232
Tunisia,3002,39334,Kebili Nord,2021,0.30448964,0.2809844
Tunisia,3002,39334,Kebili Nord,2022,0.27793422,0.24790412
Tunisia,3002,39334,Kebili Nord,2023,0.29778466,0.26209262
Tunisia,3002,39334,Kebili Nord,2024,0.2911963,0.25481236
Tunisia,3002,39335,Kebili Sud,2015,0.17137617,0.1590844
Tunisia,3002,39335,Kebili Sud,2016,0.18794274,0.1634699
Tunisia,3002,39335,Kebili Sud,2017,0.1549449,0.14049567
Tunisia,3002,39335,Kebili Sud,2018,0.14442717,0.12901868
Tunisia,3002,39335,Kebili Sud,2019,0.13246891,0.11616177
Tunisia,3002,39335,Kebili Sud,2020,0.14817202,0.1262211
Tunisia,3002,39335,Kebili Sud,2021,0.1287461,0.1154913
Tunisia,3002,39335,Kebili Sud,2022,0.122894645,0.1095489
Tunisia,3002,39335,Kebili Sud,2023,0.13964304,0.11810028
Tunisia,3002,39335,Kebili Sud,2024,0.14054637,0.11848111
Tunisia,3002,39336,Souk El Ahed,2015,0.33703816,0.31899345
Tunisia,3002,39336,Souk El Ahed,2016,0.33481845,0.31368017
Tunisia,3002,39336,Souk El Ahed,2017,0.3107826,0.2860291
Tunisia,3002,39336,Souk El Ahed,2018,0.32757613,0.30351833
Tunisia,3002,39336,Souk El Ahed,2019,0.33418256,0.31087625
Tunisia,3002,39336,Souk El Ahed,2020,0.3378685,0.3168254
Tunisia,3002,39336,Souk El Ahed,2021,0.30527782,0.2880752
Tunisia,3002,39336,Souk El Ahed,2022,0.294698,0.2851164
Tunisia,3002,39336,Souk El Ahed,2023,0.29612273,0.2853238
Tunisia,3002,39336,Souk El Ahed,2024,0.29324925,0.28074965
Tunisia,3003,39337,Dahmani,2015,0.22112706,0.18326567
Tunisia,3003,39337,Dahmani,2016,0.19468722,0.17317045
Tunisia,3003,39337,Dahmani,2017,0.19044341,0.1633597
Tunisia,3003,39337,Dahmani,2018,0.22053689,0.18294969
Tunisia,3003,39337,Dahmani,2019,0.21311277,0.16816507
Tunisia,3003,39337,Dahmani,2020,0.20309177,0.16724266
Tunisia,3003,39337,Dahmani,2021,0.18107334,0.16325574
Tunisia,3003,39337,Dahmani,2022,0.1739226,0.15988448
Tunisia,3003,39337,Dahmani,2023,0.16116752,0.17071918
Tunisia,3003,39337,Dahmani,2024,0.18859336,0.1692442
Tunisia,3003,39338,Es Sers,2015,0.21417655,0.1801848
Tunisia,3003,39338,Es Sers,2016,0.20332114,0.18615419
Tunisia,3003,39338,Es Sers,2017,0.20793307,0.18362844
Tunisia,3003,39338,Es Sers,2018,0.21681479,0.19022253
Tunisia,3003,39338,Es Sers,2019,0.21615711,0.1685357
Tunisia,3003,39338,Es Sers,2020,0.19524074,0.16700426
Tunisia,3003,39338,Es Sers,2021,0.19403093,0.16712755
Tunisia,3003,39338,Es Sers,2022,0.17325643,0.1487704
Tunisia,3003,39338,Es Sers,2023,0.16727126,0.17439339
Tunisia,3003,39338,Es Sers,2024,0.18831542,0.1693432
Tunisia,3003,39339,Jerissa,2015,0.12610993,0.120543584
Tunisia,3003,39339,Jerissa,2016,0.14081338,0.15570894
Tunisia,3003,39339,Jerissa,2017,0.1551469,0.15491778
Tunisia,3003,39339,Jerissa,2018,0.16281548,0.1720063
Tunisia,3003,39339,Jerissa,2019,0.16666146,0.14869733
Tunisia,3003,39339,Jerissa,2020,0.14701504,0.15483025
Tunisia,3003,39339,Jerissa,2021,0.14813143,0.15937388
Tunisia,3003,39339,Jerissa,2022,0.14062148,0.15782996
Tunisia,3003,39339,Jerissa,2023,0.13305767,0.15011878
Tunisia,3003,39339,Jerissa,2024,0.14417924,0.1626735
Tunisia,3003,39340,Kalaa Resba,2015,0.1687545,0.15575743
Tunisia,3003,39340,Kalaa Resba,2016,0.15839514,0.16524069
Tunisia,3003,39340,Kalaa Resba,2017,0.15771537,0.1530363
Tunisia,3003,39340,Kalaa Resba,2018,0.15112709,0.15718675
Tunisia,3003,39340,Kalaa Resba,2019,0.16047153,0.1408165
Tunisia,3003,39340,Kalaa Resba,2020,0.14979728,0.15048221
Tunisia,3003,39340,Kalaa Resba,2021,0.14766243,0.14442597
Tunisia,3003,39340,Kalaa Resba,2022,0.13792247,0.14034025
Tunisia,3003,39340,Kalaa Resba,2023,0.13737833,0.14036833
Tunisia,3003,39340,Kalaa Resba,2024,0.14532271,0.14844932
Tunisia,3003,39341,Kalaa Senan,2015,0.17512015,0.17490067
Tunisia,3003,39341,Kalaa Senan,2016,0.12838666,0.14065805
Tunisia,3003,39341,Kalaa Senan,2017,0.13611618,0.14140381
Tunisia,3003,39341,Kalaa Senan,2018,0.16012731,0.16467814
Tunisia,3003,39341,Kalaa Senan,2019,0.17258242,0.15981397
Tunisia,3003,39341,Kalaa Senan,2020,0.167485,0.16853297
Tunisia,3003,39341,Kalaa Senan,2021,0.122831084,0.13038647
Tunisia,3003,39341,Kalaa Senan,2022,0.12701732,0.13452391
Tunisia,3003,39341,Kalaa Senan,2023,0.119829364,0.12437336
Tunisia,3003,39341,Kalaa Senan,2024,0.13626146,0.14210686
Tunisia,3003,39342,Kef Est,2015,0.25796586,0.23347607
Tunisia,3003,39342,Kef Est,2016,0.2557918,0.23858899
Tunisia,3003,39342,Kef Est,2017,0.23406808,0.21566659
Tunisia,3003,39342,Kef Est,2018,0.24750838,0.21591875
Tunisia,3003,39342,Kef Est,2019,0.20892361,0.1788722
Tunisia,3003,39342,Kef Est,2020,0.24489698,0.22544438
Tunisia,3003,39342,Kef Est,2021,0.23939165,0.22281396
Tunisia,3003,39342,Kef Est,2022,0.23000778,0.20667613
Tunisia,3003,39342,Kef Est,2023,0.2077682,0.20176068
Tunisia,3003,39342,Kef Est,2024,0.2111632,0.19914109
Tunisia,3003,39343,Kef Quest,2015,0.085702635,0.08178421
Tunisia,3003,39343,Kef Quest,2016,0.0829982,0.07781008
Tunisia,3003,39343,Kef Quest,2017,0.08315129,0.07796317
Tunisia,3003,39343,Kef Quest,2018,0.08777471,0.07903823
Tunisia,3003,39343,Kef Quest,2019,0.08007026,0.075850844
Tunisia,3003,39343,Kef Quest,2020,0.08316952,0.077981405
Tunisia,3003,39343,Kef Quest,2021,0.08205528,0.07686716
Tunisia,3003,39343,Kef Quest,2022,0.08021797,0.07502986
Tunisia,3003,39343,Kef Quest,2023,0.07646114,0.076550275
Tunisia,3003,39343,Kef Quest,2024,0.074544735,0.0686982
Tunisia,3003,39344,Ksour,2015,0.24329188,0.21657714
Tunisia,3003,39344,Ksour,2016,0.2542546,0.23748088
Tunisia,3003,39344,Ksour,2017,0.25688785,0.23673101
Tunisia,3003,39344,Ksour,2018,0.25503945,0.21616271
Tunisia,3003,39344,Ksour,2019,0.24498841,0.19593665
Tunisia,3003,39344,Ksour,2020,0.23624119,0.20927295
Tunisia,3003,39344,Ksour,2021,0.24260414,0.21690506
Tunisia,3003,39344,Ksour,2022,0.26699534,0.24095313
Tunisia,3003,39344,Ksour,2023,0.24906299,0.243904
Tunisia,3003,39344,Ksour,2024,0.24941003,0.23501037
Tunisia,3003,39345,Nebeur,2015,0.19229689,0.17978108
Tunisia,3003,39345,Nebeur,2016,0.19280827,0.17576082
Tunisia,3003,39345,Nebeur,2017,0.19698781,0.17569175
Tunisia,3003,39345,Nebeur,2018,0.21632317,0.18764065
Tunisia,3003,39345,Nebeur,2019,0.17824969,0.16642326
Tunisia,3003,39345,Nebeur,2020,0.1908735,0.1659973
Tunisia,3003,39345,Nebeur,2021,0.17190114,0.15605044
Tunisia,3003,39345,Nebeur,2022,0.13976467,0.13242018
Tunisia,3003,39345,Nebeur,2023,0.14855184,0.15146017
Tunisia,3003,39345,Nebeur,2024,0.15136927,0.1423741
Tunisia,3003,39346,Sakiet Sidi Youssef,2015,0.2616739,0.21652618
Tunisia,3003,39346,Sakiet Sidi Youssef,2016,0.2970999,0.25411052
Tunisia,3003,39346,Sakiet Sidi Youssef,2017,0.30560246,0.26987907
Tunisia,3003,39346,Sakiet Sidi Youssef,2018,0.3086477,0.24182373
Tunisia,3003,39346,Sakiet Sidi Youssef,2019,0.28150016,0.2302179
Tunisia,3003,39346,Sakiet Sidi Youssef,2020,0.2923888,0.24717437
Tunisia,3003,39346,Sakiet Sidi Youssef,2021,0.2746799,0.24017905
Tunisia,3003,39346,Sakiet Sidi Youssef,2022,0.28207332,0.2480388
Tunisia,3003,39346,Sakiet Sidi Youssef,2023,0.27472022,0.25017452
Tunisia,3003,39346,Sakiet Sidi Youssef,2024,0.27778107,0.24505717
Tunisia,3003,39347,Tejerouine,2015,0.18475622,0.16859126
Tunisia,3003,39347,Tejerouine,2016,0.17282227,0.16662198
Tunisia,3003,39347,Tejerouine,2017,0.16004261,0.15298106
Tunisia,3003,39347,Tejerouine,2018,0.16529453,0.15380111
Tunisia,3003,39347,Tejerouine,2019,0.14761987,0.13295409
Tunisia,3003,39347,Tejerouine,2020,0.1355096,0.13048011
Tunisia,3003,39347,Tejerouine,2021,0.14481491,0.14121383
Tunisia,3003,39347,Tejerouine,2022,0.119683504,0.12545499
Tunisia,3003,39347,Tejerouine,2023,0.10705444,0.11498478
Tunisia,3003,39347,Tejerouine,2024,0.14852336,0.14774685
Tunisia,3004,39348,Bou Merdes,2015,0.090381995,0.11069685
Tunisia,3004,39348,Bou Merdes,2016,0.085676864,0.10821239
Tunisia,3004,39348,Bou Merdes,2017,0.080854386,0.10347666
Tunisia,3004,39348,Bou Merdes,2018,0.08314866,0.105051644
Tunisia,3004,39348,Bou Merdes,2019,0.08705062,0.10359037
Tunisia,3004,39348,Bou Merdes,2020,0.08177774,0.10068978
Tunisia,3004,39348,Bou Merdes,2021,0.10120547,0.11947696
Tunisia,3004,39348,Bou Merdes,2022,0.10528862,0.13041472
Tunisia,3004,39348,Bou Merdes,2023,0.10315778,0.13434663
Tunisia,3004,39348,Bou Merdes,2024,0.106934145,0.1234529
Tunisia,3004,39349,Chebba,2015,0.14206535,0.16389492
Tunisia,3004,39349,Chebba,2016,0.13858303,0.15580104
Tunisia,3004,39349,Chebba,2017,0.08105721,0.07461354
Tunisia,3004,39349,Chebba,2018,0.12881422,0.13589172
Tunisia,3004,39349,Chebba,2019,0.10786925,0.113474
Tunisia,3004,39349,Chebba,2020,0.092689894,0.0948425
Tunisia,3004,39349,Chebba,2021,0.10118709,0.110550895
Tunisia,3004,39349,Chebba,2022,0.14966798,0.16570345
Tunisia,3004,39349,Chebba,2023,0.13192596,0.14515051
Tunisia,3004,39349,Chebba,2024,0.0937197,0.09590687
Tunisia,3004,39350,Chorbane,2015,0.26504698,0.30592638
Tunisia,3004,39350,Chorbane,2016,0.26095194,0.30158812
Tunisia,3004,39350,Chorbane,2017,0.23556876,0.27281114
Tunisia,3004,39350,Chorbane,2018,0.25142416,0.29085815
Tunisia,3004,39350,Chorbane,2019,0.2567812,0.29963246
Tunisia,3004,39350,Chorbane,2020,0.23966691,0.28240895
Tunisia,3004,39350,Chorbane,2021,0.25216597,0.29346305
Tunisia,3004,39350,Chorbane,2022,0.24504754,0.28842664
Tunisia,3004,39350,Chorbane,2023,0.23892573,0.28577292
Tunisia,3004,39350,Chorbane,2024,0.22213688,0.25697595
Tunisia,3004,39351,El Jem,2015,0.12718908,0.1563193
Tunisia,3004,39351,El Jem,2016,0.13163057,0.16325751
Tunisia,3004,39351,El Jem,2017,0.12954149,0.142217
Tunisia,3004,39351,El Jem,2018,0.123371705,0.14965573
Tunisia,3004,39351,El Jem,2019,0.14489126,0.17168614
Tunisia,3004,39351,El Jem,2020,0.13675086,0.15611896
Tunisia,3004,39351,El Jem,2021,0.1441262,0.16894877
Tunisia,3004,39351,El Jem,2022,0.14746492,0.1685086
Tunisia,3004,39351,El Jem,2023,0.1463243,0.17048137
Tunisia,3004,39351,El Jem,2024,0.13558589,0.15955368
Tunisia,3004,39352,H'bira,2015,0.32648134,0.35881525
Tunisia,3004,39352,H'bira,2016,0.35099173,0.38484043
Tunisia,3004,39352,H'bira,2017,0.30995825,0.33608168
Tunisia,3004,39352,H'bira,2018,0.31070858,0.33554488
Tunisia,3004,39352,H'bira,2019,0.32183725,0.35076106
Tunisia,3004,39352,H'bira,2020,0.34541416,0.38123062
Tunisia,3004,39352,H'bira,2021,0.34155878,0.37162027
Tunisia,3004,39352,H'bira,2022,0.3461816,0.3719869
Tunisia,3004,39352,H'bira,2023,0.30868846,0.334049
Tunisia,3004,39352,H'bira,2024,0.2855662,0.3082971
Tunisia,3004,39353,Ksour Essaf,2015,0.11951954,0.16527691
Tunisia,3004,39353,Ksour Essaf,2016,0.12979662,0.16982403
Tunisia,3004,39353,Ksour Essaf,2017,0.08238799,0.08213023
Tunisia,3004,39353,Ksour Essaf,2018,0.11986823,0.15211476
Tunisia,3004,39353,Ksour Essaf,2019,0.09208003,0.10030301
Tunisia,3004,39353,Ksour Essaf,2020,0.08961901,0.09109401
Tunisia,3004,39353,Ksour Essaf,2021,0.09029932,0.09506544
Tunisia,3004,39353,Ksour Essaf,2022,0.1202099,0.14440851
Tunisia,3004,39353,Ksour Essaf,2023,0.11924458,0.14030252
Tunisia,3004,39353,Ksour Essaf,2024,0.07701611,0.07106754
Tunisia,3004,39354,Mahdia,2015,0.04216518,0.0377007
Tunisia,3004,39354,Mahdia,2016,0.04919671,0.047020353
Tunisia,3004,39354,Mahdia,2017,0.020551438,0.01620285
Tunisia,3004,39354,Mahdia,2018,0.03254746,0.026879886
Tunisia,3004,39354,Mahdia,2019,0.030606192,0.024087831
Tunisia,3004,39354,Mahdia,2020,0.022813829,0.016499592
Tunisia,3004,39354,Mahdia,2021,0.03239475,0.027120434
Tunisia,3004,39354,Mahdia,2022,0.030915288,0.02663906
Tunisia,3004,39354,Mahdia,2023,0.027697364,0.02394519
Tunisia,3004,39354,Mahdia,2024,0.023508584,0.017976165
Tunisia,3004,39355,Melloulech,2015,0.23981616,0.2671424
Tunisia,3004,39355,Melloulech,2016,0.23515141,0.2508572
Tunisia,3004,39355,Melloulech,2017,0.2376593,0.21647064
Tunisia,3004,39355,Melloulech,2018,0.234762,0.2362884
Tunisia,3004,39355,Melloulech,2019,0.25699562,0.25605464
Tunisia,3004,39355,Melloulech,2020,0.26134652,0.23868886
Tunisia,3004,39355,Melloulech,2021,0.25285754,0.24739781
Tunisia,3004,39355,Melloulech,2022,0.21728678,0.26056057
Tunisia,3004,39355,Melloulech,2023,0.227251,0.26914346
Tunisia,3004,39355,Melloulech,2024,0.22074944,0.22509918
Tunisia,3004,39356,Oueled Chamekh,2015,0.28345114,0.3120761
Tunisia,3004,39356,Oueled Chamekh,2016,0.32056284,0.35441846
Tunisia,3004,39356,Oueled Chamekh,2017,0.2883596,0.31068453
Tunisia,3004,39356,Oueled Chamekh,2018,0.27634642,0.30473053
Tunisia,3004,39356,Oueled Chamekh,2019,0.311952,0.3458994
Tunisia,3004,39356,Oueled Chamekh,2020,0.3088283,0.340652
Tunisia,3004,39356,Oueled Chamekh,2021,0.29576233,0.32781526
Tunisia,3004,39356,Oueled Chamekh,2022,0.25378716,0.28205335
Tunisia,3004,39356,Oueled Chamekh,2023,0.2648114,0.29761517
Tunisia,3004,39356,Oueled Chamekh,2024,0.26388472,0.29168412
Tunisia,3004,39357,Sidi Alouane,2015,0.18135142,0.18612383
Tunisia,3004,39357,Sidi Alouane,2016,0.19902997,0.20841318
Tunisia,3004,39357,Sidi Alouane,2017,0.19488566,0.19954847
Tunisia,3004,39357,Sidi Alouane,2018,0.19381541,0.20195225
Tunisia,3004,39357,Sidi Alouane,2019,0.16563219,0.15446691
Tunisia,3004,39357,Sidi Alouane,2020,0.15743677,0.15971744
Tunisia,3004,39357,Sidi Alouane,2021,0.144068,0.15237106
Tunisia,3004,39357,Sidi Alouane,2022,0.13514496,0.14228679
Tunisia,3004,39357,Sidi Alouane,2023,0.09738105,0.115087986
Tunisia,3004,39357,Sidi Alouane,2024,0.09686105,0.1076121
Tunisia,3004,39358,Souassi,2015,0.21562159,0.25403082
Tunisia,3004,39358,Souassi,2016,0.21556386,0.25460634
Tunisia,3004,39358,Souassi,2017,0.20450823,0.23417976
Tunisia,3004,39358,Souassi,2018,0.21000397,0.24714616
Tunisia,3004,39358,Souassi,2019,0.22195515,0.26043177
Tunisia,3004,39358,Souassi,2020,0.21541873,0.23934165
Tunisia,3004,39358,Souassi,2021,0.19495901,0.23211277
Tunisia,3004,39358,Souassi,2022,0.17788392,0.21416205
Tunisia,3004,39358,Souassi,2023,0.17822549,0.21640733
Tunisia,3004,39358,Souassi,2024,0.17395505,0.20554313
Tunisia,3005,39359,Borj El Amri,2015,0.19547579,0.14560312
Tunisia,3005,39359,Borj El Amri,2016,0.18639922,0.13805106
Tunisia,3005,39359,Borj El Amri,2017,0.17175694,0.12121324
Tunisia,3005,39359,Borj El Amri,2018,0.17362142,0.12787282
Tunisia,3005,39359,Borj El Amri,2019,0.1733469,0.11754417
Tunisia,3005,39359,Borj El Amri,2020,0.16889626,0.13049547
Tunisia,3005,39359,Borj El Amri,2021,0.16444439,0.12940264
Tunisia,3005,39359,Borj El Amri,2022,0.16957523,0.12787364
Tunisia,3005,39359,Borj El Amri,2023,0.15272489,0.13813443
Tunisia,3005,39359,Borj El Amri,2024,0.16562119,0.1172018
Tunisia,3005,39360,Daouar Hicher,2015,0.05312492,0.046420217
Tunisia,3005,39360,Daouar Hicher,2016,0.050607506,0.0439028
Tunisia,3005,39360,Daouar Hicher,2017,0.05120367,0.04529991
Tunisia,3005,39360,Daouar Hicher,2018,0.050596394,0.04424788
Tunisia,3005,39360,Daouar Hicher,2019,0.05088671,0.0445382
Tunisia,3005,39360,Daouar Hicher,2020,0.050897826,0.044549312
Tunisia,3005,39360,Daouar Hicher,2021,0.050897826,0.04419312
Tunisia,3005,39360,Daouar Hicher,2022,0.05009118,0.040785663
Tunisia,3005,39360,Daouar Hicher,2023,0.06927243,0.05671466
Tunisia,3005,39360,Daouar Hicher,2024,0.055530716,0.046669945
Tunisia,3005,39361,El Battan,2015,0.14189792,0.11138475
Tunisia,3005,39361,El Battan,2016,0.1390782,0.106742844
Tunisia,3005,39361,El Battan,2017,0.13153267,0.09167574
Tunisia,3005,39361,El Battan,2018,0.1320956,0.09227325
Tunisia,3005,39361,El Battan,2019,0.12096797,0.08160335
Tunisia,3005,39361,El Battan,2020,0.13257645,0.09795259
Tunisia,3005,39361,El Battan,2021,0.13648137,0.09673895
Tunisia,3005,39361,El Battan,2022,0.11315936,0.07709131
Tunisia,3005,39361,El Battan,2023,0.10820321,0.08553152
Tunisia,3005,39361,El Battan,2024,0.11196898,0.08400022
Tunisia,3005,39362,Jedaida,2015,0.16227244,0.078680806
Tunisia,3005,39362,Jedaida,2016,0.14874408,0.07651864
Tunisia,3005,39362,Jedaida,2017,0.1271581,0.05143715
Tunisia,3005,39362,Jedaida,2018,0.12838164,0.05815176
Tunisia,3005,39362,Jedaida,2019,0.09995434,0.045839198
Tunisia,3005,39362,Jedaida,2020,0.10003616,0.043744653
Tunisia,3005,39362,Jedaida,2021,0.11574008,0.0601029
Tunisia,3005,39362,Jedaida,2022,0.10339281,0.059884142
Tunisia,3005,39362,Jedaida,2023,0.08399048,0.057051998
Tunisia,3005,39362,Jedaida,2024,0.106764644,0.06290581
Tunisia,3005,39363,Manouba,2015,0.043767344,0.04597512
Tunisia,3005,39363,Manouba,2016,0.04430767,0.046515457
Tunisia,3005,39363,Manouba,2017,0.042337775,0.044545554
Tunisia,3005,39363,Manouba,2018,0.03707695,0.03627805
Tunisia,3005,39363,Manouba,2019,0.040880945,0.03687976
Tunisia,3005,39363,Manouba,2020,0.044650774,0.041839316
Tunisia,3005,39363,Manouba,2021,0.03962954,0.036412213
Tunisia,3005,39363,Manouba,2022,0.04162104,0.03761986
Tunisia,3005,39363,Manouba,2023,0.049854614,0.044037394
Tunisia,3005,39363,Manouba,2024,0.048528176,0.04442905
Tunisia,3005,39364,Mornaguia,2015,0.12301227,0.083839275
Tunisia,3005,39364,Mornaguia,2016,0.11305773,0.0825865
Tunisia,3005,39364,Mornaguia,2017,0.117686465,0.084953025
Tunisia,3005,39364,Mornaguia,2018,0.103204556,0.08514596
Tunisia,3005,39364,Mornaguia,2019,0.10705369,0.09064047
Tunisia,3005,39364,Mornaguia,2020,0.10382834,0.09166056
Tunisia,3005,39364,Mornaguia,2021,0.10196457,0.09221624
Tunisia,3005,39364,Mornaguia,2022,0.10430872,0.09307224
Tunisia,3005,39364,Mornaguia,2023,0.10644813,0.09165728
Tunisia,3005,39364,Mornaguia,2024,0.09602613,0.089094
Tunisia,3005,39365,Oued Ellil,2015,0.05909841,0.056857616
Tunisia,3005,39365,Oued Ellil,2016,0.058997724,0.056756932
Tunisia,3005,39365,Oued Ellil,2017,0.058736082,0.057455715
Tunisia,3005,39365,Oued Ellil,2018,0.05928803,0.057047237
Tunisia,3005,39365,Oued Ellil,2019,0.059829608,0.057588812
Tunisia,3005,39365,Oued Ellil,2020,0.060833834,0.058593042
Tunisia,3005,39365,Oued Ellil,2021,0.060645003,0.05840421
Tunisia,3005,39365,Oued Ellil,2022,0.061368417,0.0608603
Tunisia,3005,39365,Oued Ellil,2023,0.056986626,0.056478508
Tunisia,3005,39365,Oued Ellil,2024,0.058858637,0.05757827
Tunisia,3005,39366,Tebourba,2015,0.17986825,0.14433901
Tunisia,3005,39366,Tebourba,2016,0.2101149,0.16395423
Tunisia,3005,39366,Tebourba,2017,0.20733514,0.16450736
Tunisia,3005,39366,Tebourba,2018,0.21528691,0.18306066
Tunisia,3005,39366,Tebourba,2019,0.22638255,0.17859326
Tunisia,3005,39366,Tebourba,2020,0.20834081,0.16421126
Tunisia,3005,39366,Tebourba,2021,0.18981396,0.15350772
Tunisia,3005,39366,Tebourba,2022,0.19058111,0.14746502
Tunisia,3005,39366,Tebourba,2023,0.17133829,0.14275259
Tunisia,3005,39366,Tebourba,2024,0.18324775,0.14811605
Tunisia,3007,39367,Ben Guerdane,2015,0.101176016,0.09906003
Tunisia,3007,39367,Ben Guerdane,2016,0.1187119,0.117146194
Tunisia,3007,39367,Ben Guerdane,2017,0.10426342,0.10365346
Tunisia,3007,39367,Ben Guerdane,2018,0.1267632,0.124309644
Tunisia,3007,39367,Ben Guerdane,2019,0.11837974,0.11600733
Tunisia,3007,39367,Ben Guerdane,2020,0.115869865,0.11433191
Tunisia,3007,39367,Ben Guerdane,2021,0.103158295,0.10161304
Tunisia,3007,39367,Ben Guerdane,2022,0.1125988,0.11177002
Tunisia,3007,39367,Ben Guerdane,2023,0.1332394,0.13144702
Tunisia,3007,39367,Ben Guerdane,2024,0.1397002,0.13774312
Tunisia,3007,39368,Beni Khedeche,2015,0.2035113,0.20277989
Tunisia,3007,39368,Beni Khedeche,2016,0.19787937,0.1959795
Tunisia,3007,39368,Beni Khedeche,2017,0.20720951,0.20407277
Tunisia,3007,39368,Beni Khedeche,2018,0.20248556,0.19529133
Tunisia,3007,39368,Beni Khedeche,2019,0.19901554,0.1955833
Tunisia,3007,39368,Beni Khedeche,2020,0.21712351,0.20994368
Tunisia,3007,39368,Beni Khedeche,2021,0.1910589,0.18776526
Tunisia,3007,39368,Beni Khedeche,2022,0.18838036,0.18824428
Tunisia,3007,39368,Beni Khedeche,2023,0.1866751,0.18449128
Tunisia,3007,39368,Beni Khedeche,2024,0.1784793,0.17723235
Tunisia,3007,39369,Jerba Ajim,2015,0.10515891,0.12516099
Tunisia,3007,39369,Jerba Ajim,2016,0.10327856,0.12468402
Tunisia,3007,39369,Jerba Ajim,2017,0.08722512,0.10752194
Tunisia,3007,39369,Jerba Ajim,2018,0.09106256,0.11388508
Tunisia,3007,39369,Jerba Ajim,2019,0.09272874,0.11760993
Tunisia,3007,39369,Jerba Ajim,2020,0.088770494,0.11080798
Tunisia,3007,39369,Jerba Ajim,2021,0.089459226,0.11129852
Tunisia,3007,39369,Jerba Ajim,2022,0.07800639,0.10643025
Tunisia,3007,39369,Jerba Ajim,2023,0.08984872,0.116403714
Tunisia,3007,39369,Jerba Ajim,2024,0.094235376,0.115142226
Tunisia,3007,39370,Jerba Houmet Souk,2015,0.14406613,0.17992374
Tunisia,3007,39370,Jerba Houmet Souk,2016,0.15296988,0.15597406
Tunisia,3007,39370,Jerba Houmet Souk,2017,0.13412839,0.150318
Tunisia,3007,39370,Jerba Houmet Souk,2018,0.13736254,0.15575442
Tunisia,3007,39370,Jerba Houmet Souk,2019,0.13267855,0.1567875
Tunisia,3007,39370,Jerba Houmet Souk,2020,0.12597091,0.16062714
Tunisia,3007,39370,Jerba Houmet Souk,2021,0.1291807,0.17023599
Tunisia,3007,39370,Jerba Houmet Souk,2022,0.11740401,0.13675916
Tunisia,3007,39370,Jerba Houmet Souk,2023,0.1062055,0.12524642
Tunisia,3007,39370,Jerba Houmet Souk,2024,0.12751633,0.1439983
Tunisia,3007,39371,Jerba Midoun,2015,0.106231436,0.13976362
Tunisia,3007,39371,Jerba Midoun,2016,0.11400443,0.14353597
Tunisia,3007,39371,Jerba Midoun,2017,0.102760114,0.12612468
Tunisia,3007,39371,Jerba Midoun,2018,0.10965227,0.13233116
Tunisia,3007,39371,Jerba Midoun,2019,0.10937397,0.13000038
Tunisia,3007,39371,Jerba Midoun,2020,0.11718877,0.13786854
Tunisia,3007,39371,Jerba Midoun,2021,0.12391685,0.12799937
Tunisia,3007,39371,Jerba Midoun,2022,0.10077504,0.12147581
Tunisia,3007,39371,Jerba Midoun,2023,0.10154463,0.13564219
Tunisia,3007,39371,Jerba Midoun,2024,0.102658115,0.13669384
Tunisia,3007,39372,Medenine Nord,2015,0.17829008,0.18033233
Tunisia,3007,39372,Medenine Nord,2016,0.15491484,0.16267912
Tunisia,3007,39372,Medenine Nord,2017,0.15403244,0.15959422
Tunisia,3007,39372,Medenine Nord,2018,0.15245533,0.1497004
Tunisia,3007,39372,Medenine Nord,2019,0.15244955,0.15382876
Tunisia,3007,39372,Medenine Nord,2020,0.15409371,0.15326813
Tunisia,3007,39372,Medenine Nord,2021,0.15282065,0.16103086
Tunisia,3007,39372,Medenine Nord,2022,0.09506756,0.10248029
Tunisia,3007,39372,Medenine Nord,2023,0.09121563,0.09958303
Tunisia,3007,39372,Medenine Nord,2024,0.09359573,0.098328725
Tunisia,3007,39373,Medenine Sud,2015,0.12553832,0.09327987
Tunisia,3007,39373,Medenine Sud,2016,0.11072001,0.08115524
Tunisia,3007,39373,Medenine Sud,2017,0.10858666,0.08341703
Tunisia,3007,39373,Medenine Sud,2018,0.11160214,0.09969512
Tunisia,3007,39373,Medenine Sud,2019,0.10677403,0.09513783
Tunisia,3007,39373,Medenine Sud,2020,0.10902217,0.103618875
Tunisia,3007,39373,Medenine Sud,2021,0.1071964,0.09405115
Tunisia,3007,39373,Medenine Sud,2022,0.11069547,0.10122828
Tunisia,3007,39373,Medenine Sud,2023,0.10067125,0.09326564
Tunisia,3007,39373,Medenine Sud,2024,0.099621244,0.08813311
Tunisia,3007,39374,Sidi Makhlouf,2015,0.21609901,0.21838197
Tunisia,3007,39374,Sidi Makhlouf,2016,0.20581773,0.20885849
Tunisia,3007,39374,Sidi Makhlouf,2017,0.21054727,0.21024692
Tunisia,3007,39374,Sidi Makhlouf,2018,0.20188688,0.1997005
Tunisia,3007,39374,Sidi Makhlouf,2019,0.20552531,0.20470333
Tunisia,3007,39374,Sidi Makhlouf,2020,0.22926612,0.22792438
Tunisia,3007,39374,Sidi Makhlouf,2021,0.22599888,0.23055658
Tunisia,3007,39374,Sidi Makhlouf,2022,0.18874756,0.19396192
Tunisia,3007,39374,Sidi Makhlouf,2023,0.18384425,0.19046131
Tunisia,3007,39374,Sidi Makhlouf,2024,0.19053802,0.19418094
Tunisia,3007,39375,Zarzis,2015,0.05873934,0.055546194
Tunisia,3007,39375,Zarzis,2016,0.06612317,0.073424354
Tunisia,3007,39375,Zarzis,2017,0.043935042,0.05054094
Tunisia,3007,39375,Zarzis,2018,0.07568482,0.07124579
Tunisia,3007,39375,Zarzis,2019,0.06336135,0.06388299
Tunisia,3007,39375,Zarzis,2020,0.05401204,0.06307939
Tunisia,3007,39375,Zarzis,2021,0.068208255,0.0819044
Tunisia,3007,39375,Zarzis,2022,0.089740336,0.09254355
Tunisia,3007,39375,Zarzis,2023,0.080348395,0.0790369
Tunisia,3007,39375,Zarzis,2024,0.06289306,0.0675321
Tunisia,3006,39376,Administrative unit not available,2015,0.20571825,0.16660297
Tunisia,3006,39376,Administrative unit not available,2016,0.22990519,0.1809771
Tunisia,3006,39376,Administrative unit not available,2017,0.25164032,0.1783976
Tunisia,3006,39376,Administrative unit not available,2018,0.16785541,0.14738128
Tunisia,3006,39376,Administrative unit not available,2019,0.2007364,0.15756801
Tunisia,3006,39376,Administrative unit not available,2020,0.2431623,0.17551881
Tunisia,3006,39376,Administrative unit not available,2021,0.2676356,0.19397281
Tunisia,3006,39376,Administrative unit not available,2022,0.16407388,0.15213963
Tunisia,3006,39376,Administrative unit not available,2023,0.16725035,0.15447076
Tunisia,3006,39376,Administrative unit not available,2024,0.17819393,0.14769372
Tunisia,3006,39377,Bekalta,2015,0.14228635,0.08547522
Tunisia,3006,39377,Bekalta,2016,0.16951415,0.0956801
Tunisia,3006,39377,Bekalta,2017,0.13975766,0.08817577
Tunisia,3006,39377,Bekalta,2018,0.13271642,0.08860803
Tunisia,3006,39377,Bekalta,2019,0.16155459,0.099512324
Tunisia,3006,39377,Bekalta,2020,0.15169,0.09410395
Tunisia,3006,39377,Bekalta,2021,0.14990811,0.09346438
Tunisia,3006,39377,Bekalta,2022,0.14161661,0.08129507
Tunisia,3006,39377,Bekalta,2023,0.12715039,0.068166435
Tunisia,3006,39377,Bekalta,2024,0.12358944,0.058346894
Tunisia,3006,39378,Bembla,2015,0.1563586,0.13838182
Tunisia,3006,39378,Bembla,2016,0.15274817,0.13122432
Tunisia,3006,39378,Bembla,2017,0.12669212,0.11113014
Tunisia,3006,39378,Bembla,2018,0.14672384,0.12854631
Tunisia,3006,39378,Bembla,2019,0.15527046,0.13272728
Tunisia,3006,39378,Bembla,2020,0.12456671,0.11202915
Tunisia,3006,39378,Bembla,2021,0.1305843,0.11026475
Tunisia,3006,39378,Bembla,2022,0.1555648,0.15469484
Tunisia,3006,39378,Bembla,2023,0.14320603,0.13906111
Tunisia,3006,39378,Bembla,2024,0.1221341,0.10102273
Tunisia,3006,39379,Beni Hassen,2015,0.16274896,0.15079002
Tunisia,3006,39379,Beni Hassen,2016,0.16056523,0.15711147
Tunisia,3006,39379,Beni Hassen,2017,0.14135148,0.13536704
Tunisia,3006,39379,Beni Hassen,2018,0.14186223,0.14208457
Tunisia,3006,39379,Beni Hassen,2019,0.15017883,0.14044082
Tunisia,3006,39379,Beni Hassen,2020,0.14793907,0.13514258
Tunisia,3006,39379,Beni Hassen,2021,0.13353485,0.13120435
Tunisia,3006,39379,Beni Hassen,2022,0.15063025,0.15975906
Tunisia,3006,39379,Beni Hassen,2023,0.16073802,0.1738355
Tunisia,3006,39379,Beni Hassen,2024,0.12620142,0.12329611
Tunisia,3006,39380,Jammel,2015,0.109530106,0.11250987
Tunisia,3006,39380,Jammel,2016,0.10123393,0.09360425
Tunisia,3006,39380,Jammel,2017,0.07027114,0.06578182
Tunisia,3006,39380,Jammel,2018,0.07930124,0.07119553
Tunisia,3006,39380,Jammel,2019,0.09431685,0.07465291
Tunisia,3006,39380,Jammel,2020,0.090157665,0.0726388
Tunisia,3006,39380,Jammel,2021,0.07622317,0.060283463
Tunisia,3006,39380,Jammel,2022,0.091879636,0.08488104
Tunisia,3006,39380,Jammel,2023,0.092570096,0.07837845
Tunisia,3006,39380,Jammel,2024,0.06806253,0.050681718
Tunisia,3006,39381,Kisibet El Medyouni,2015,0.07631594,0.06409463
Tunisia,3006,39381,Kisibet El Medyouni,2016,0.08881829,0.08653033
Tunisia,3006,39381,Kisibet El Medyouni,2017,0.056058332,0.042540718
Tunisia,3006,39381,Kisibet El Medyouni,2018,0.06553219,0.060139265
Tunisia,3006,39381,Kisibet El Medyouni,2019,0.04936106,0.046390563
Tunisia,3006,39381,Kisibet El Medyouni,2020,0.056523766,0.045928694
Tunisia,3006,39381,Kisibet El Medyouni,2021,0.0671935,0.05530213
Tunisia,3006,39381,Kisibet El Medyouni,2022,0.074175104,0.06402871
Tunisia,3006,39381,Kisibet El Medyouni,2023,0.07999038,0.069844015
Tunisia,3006,39381,Kisibet El Medyouni,2024,0.061424527,0.05848612
Tunisia,3006,39382,Ksar Helal,2015,0.04862583,0.0372597
Tunisia,3006,39382,Ksar Helal,2016,0.047086567,0.035094164
Tunisia,3006,39382,Ksar Helal,2017,0.0447122,0.033800125
Tunisia,3006,39382,Ksar Helal,2018,0.045155402,0.0345286
Tunisia,3006,39382,Ksar Helal,2019,0.04759671,0.035508927
Tunisia,3006,39382,Ksar Helal,2020,0.044266474,0.030634673
Tunisia,3006,39382,Ksar Helal,2021,0.04779852,0.031867202
Tunisia,3006,39382,Ksar Helal,2022,0.048968617,0.03237195
Tunisia,3006,39382,Ksar Helal,2023,0.04892773,0.04229072
Tunisia,3006,39382,Ksar Helal,2024,0.050349224,0.033467285
Tunisia,3006,39383,Moknine,2015,0.11857831,0.11518483
Tunisia,3006,39383,Moknine,2016,0.122946426,0.1133758
Tunisia,3006,39383,Moknine,2017,0.07404543,0.06535544
Tunisia,3006,39383,Moknine,2018,0.10446273,0.096351855
Tunisia,3006,39383,Moknine,2019,0.08855966,0.072435394
Tunisia,3006,39383,Moknine,2020,0.08622934,0.072554685
Tunisia,3006,39383,Moknine,2021,0.08842167,0.072128974
Tunisia,3006,39383,Moknine,2022,0.10326306,0.0933265
Tunisia,3006,39383,Moknine,2023,0.110468745,0.095602594
Tunisia,3006,39383,Moknine,2024,0.079770654,0.064879864
Tunisia,3006,39384,Monastir,2015,0.012237194,0.009228738
Tunisia,3006,39384,Monastir,2016,0.013394031,0.013276255
Tunisia,3006,39384,Monastir,2017,0.010933432,0.0079249805
Tunisia,3006,39384,Monastir,2018,0.013267244,0.012377223
Tunisia,3006,39384,Monastir,2019,0.013687264,0.01067881
Tunisia,3006,39384,Monastir,2020,0.016089791,0.013690737
Tunisia,3006,39384,Monastir,2021,0.011990064,0.0089816125
Tunisia,3006,39384,Monastir,2022,0.0147988405,0.014672134
Tunisia,3006,39384,Monastir,2023,0.014728538,0.014601831
Tunisia,3006,39384,Monastir,2024,0.012029989,0.01113997
Tunisia,3006,39385,Ouerdanine,2015,0.1259801,0.14237699
Tunisia,3006,39385,Ouerdanine,2016,0.13985129,0.16279814
Tunisia,3006,39385,Ouerdanine,2017,0.06899912,0.062015027
Tunisia,3006,39385,Ouerdanine,2018,0.08365533,0.08091592
Tunisia,3006,39385,Ouerdanine,2019,0.08065875,0.07954376
Tunisia,3006,39385,Ouerdanine,2020,0.07431248,0.071352646
Tunisia,3006,39385,Ouerdanine,2021,0.0922082,0.091922805
Tunisia,3006,39385,Ouerdanine,2022,0.13168807,0.14947583
Tunisia,3006,39385,Ouerdanine,2023,0.14251304,0.16685717
Tunisia,3006,39385,Ouerdanine,2024,0.09205736,0.087139696
Tunisia,3006,39386,Sayada-lemta Bou Hajja,2015,0.041756697,0.043773863
Tunisia,3006,39386,Sayada-lemta Bou Hajja,2016,0.041686393,0.043703556
Tunisia,3006,39386,Sayada-lemta Bou Hajja,2017,0.040978953,0.042754404
Tunisia,3006,39386,Sayada-lemta Bou Hajja,2018,0.042356256,0.042806618
Tunisia,3006,39386,Sayada-lemta Bou Hajja,2019,0.039741743,0.04147976
Tunisia,3006,39386,Sayada-lemta Bou Hajja,2020,0.037995085,0.039974816
Tunisia,3006,39386,Sayada-lemta Bou Hajja,2021,0.03842485,0.0402003
Tunisia,3006,39386,Sayada-lemta Bou Hajja,2022,0.0419299,0.040980678
Tunisia,3006,39386,Sayada-lemta Bou Hajja,2023,0.03683198,0.03588277
Tunisia,3006,39386,Sayada-lemta Bou Hajja,2024,0.03261164,0.036653265
Tunisia,3006,39387,Shaline,2015,0.058507767,0.05504888
Tunisia,3006,39387,Shaline,2016,0.05603295,0.053374343
Tunisia,3006,39387,Shaline,2017,0.058038592,0.053729687
Tunisia,3006,39387,Shaline,2018,0.05592754,0.052988555
Tunisia,3006,39387,Shaline,2019,0.050822847,0.046214834
Tunisia,3006,39387,Shaline,2020,0.05117617,0.046568155
Tunisia,3006,39387,Shaline,2021,0.056181356,0.05352275
Tunisia,3006,39387,Shaline,2022,0.056456886,0.0482065
Tunisia,3006,39387,Shaline,2023,0.054950602,0.049272064
Tunisia,3006,39387,Shaline,2024,0.05536946,0.050110042
Tunisia,3006,39388,Teboulba,2015,0.056444485,0.05061215
Tunisia,3006,39388,Teboulba,2016,0.054639746,0.048087444
Tunisia,3006,39388,Teboulba,2017,0.056105945,0.0502736
Tunisia,3006,39388,Teboulba,2018,0.05653632,0.04998402
Tunisia,3006,39388,Teboulba,2019,0.053824898,0.04766029
Tunisia,3006,39388,Teboulba,2020,0.052365553,0.045813248
Tunisia,3006,39388,Teboulba,2021,0.056764815,0.050212514
Tunisia,3006,39388,Teboulba,2022,0.06469822,0.05410495
Tunisia,3006,39388,Teboulba,2023,0.05543919,0.053383265
Tunisia,3006,39388,Teboulba,2024,0.05488815,0.04833585
Tunisia,3006,39389,Zarmedine,2015,0.14383365,0.16369474
Tunisia,3006,39389,Zarmedine,2016,0.13819663,0.15965036
Tunisia,3006,39389,Zarmedine,2017,0.14355005,0.12995061
Tunisia,3006,39389,Zarmedine,2018,0.13432689,0.13073342
Tunisia,3006,39389,Zarmedine,2019,0.15755951,0.15085402
Tunisia,3006,39389,Zarmedine,2020,0.14270206,0.13129263
Tunisia,3006,39389,Zarmedine,2021,0.16300872,0.15405494
Tunisia,3006,39389,Zarmedine,2022,0.15623443,0.17503645
Tunisia,3006,39389,Zarmedine,2023,0.1579941,0.17824732
Tunisia,3006,39389,Zarmedine,2024,0.15452732,0.15279086
Tunisia,3008,39390,Beni Kalled,2015,0.18958575,0.11730175
Tunisia,3008,39390,Beni Kalled,2016,0.18403356,0.12324667
Tunisia,3008,39390,Beni Kalled,2017,0.16362894,0.08882864
Tunisia,3008,39390,Beni Kalled,2018,0.17656337,0.10023326
Tunisia,3008,39390,Beni Kalled,2019,0.19423908,0.109312154
Tunisia,3008,39390,Beni Kalled,2020,0.18296513,0.10845281
Tunisia,3008,39390,Beni Kalled,2021,0.15363011,0.09992972
Tunisia,3008,39390,Beni Kalled,2022,0.14933535,0.112882875
Tunisia,3008,39390,Beni Kalled,2023,0.14539936,0.14118926
Tunisia,3008,39390,Beni Kalled,2024,0.14213096,0.099329375
Tunisia,3008,39391,Beni Khiar,2015,0.08482922,0.05691988
Tunisia,3008,39391,Beni Khiar,2016,0.09539312,0.06123274
Tunisia,3008,39391,Beni Khiar,2017,0.0810986,0.052834462
Tunisia,3008,39391,Beni Khiar,2018,0.100295894,0.08496866
Tunisia,3008,39391,Beni Khiar,2019,0.11353032,0.098341234
Tunisia,3008,39391,Beni Khiar,2020,0.09649745,0.06452349
Tunisia,3008,39391,Beni Khiar,2021,0.10015844,0.0825012
Tunisia,3008,39391,Beni Khiar,2022,0.08922787,0.071730174
Tunisia,3008,39391,Beni Khiar,2023,0.07903023,0.055459008
Tunisia,3008,39391,Beni Khiar,2024,0.07767204,0.07704136
Tunisia,3008,39392,Bou Argoub,2015,0.21600905,0.15663177
Tunisia,3008,39392,Bou Argoub,2016,0.19637822,0.15736607
Tunisia,3008,39392,Bou Argoub,2017,0.16103362,0.1330782
Tunisia,3008,39392,Bou Argoub,2018,0.178744,0.11921778
Tunisia,3008,39392,Bou Argoub,2019,0.17440954,0.09763171
Tunisia,3008,39392,Bou Argoub,2020,0.17850572,0.11388023
Tunisia,3008,39392,Bou Argoub,2021,0.15854037,0.119554035
Tunisia,3008,39392,Bou Argoub,2022,0.18355057,0.13925758
Tunisia,3008,39392,Bou Argoub,2023,0.19359145,0.1651214
Tunisia,3008,39392,Bou Argoub,2024,0.16458365,0.122734085
Tunisia,3008,39393,Dar Chaabane El Fehri,2015,0.06725471,0.035976175
Tunisia,3008,39393,Dar Chaabane El Fehri,2016,0.057733655,0.03515682
Tunisia,3008,39393,Dar Chaabane El Fehri,2017,0.05407566,0.03511316
Tunisia,3008,39393,Dar Chaabane El Fehri,2018,0.06162224,0.033565085
Tunisia,3008,39393,Dar Chaabane El Fehri,2019,0.05835443,0.03530157
Tunisia,3008,39393,Dar Chaabane El Fehri,2020,0.052257523,0.03530157
Tunisia,3008,39393,Dar Chaabane El Fehri,2021,0.055456437,0.034902025
Tunisia,3008,39393,Dar Chaabane El Fehri,2022,0.049171682,0.035071623
Tunisia,3008,39393,Dar Chaabane El Fehri,2023,0.046753105,0.039232682
Tunisia,3008,39393,Dar Chaabane El Fehri,2024,0.05615429,0.037058692
Tunisia,3008,39394,El Mida,2015,0.17599654,0.15778485
Tunisia,3008,39394,El Mida,2016,0.16967875,0.16256228
Tunisia,3008,39394,El Mida,2017,0.1497776,0.13777336
Tunisia,3008,39394,El Mida,2018,0.14455515,0.11202316
Tunisia,3008,39394,El Mida,2019,0.14962323,0.12004025
Tunisia,3008,39394,El Mida,2020,0.17579162,0.1540502
Tunisia,3008,39394,El Mida,2021,0.12947932,0.10263856
Tunisia,3008,39394,El Mida,2022,0.117936105,0.08402932
Tunisia,3008,39394,El Mida,2023,0.124875255,0.11283506
Tunisia,3008,39394,El Mida,2024,0.1158261,0.09877367
Tunisia,3008,39395,Grambalia,2015,0.15542562,0.11237755
Tunisia,3008,39395,Grambalia,2016,0.14999403,0.11148211
Tunisia,3008,39395,Grambalia,2017,0.16324717,0.1250128
Tunisia,3008,39395,Grambalia,2018,0.15500937,0.120729186
Tunisia,3008,39395,Grambalia,2019,0.13538387,0.11773154
Tunisia,3008,39395,Grambalia,2020,0.14398816,0.1080352
Tunisia,3008,39395,Grambalia,2021,0.14553934,0.11034183
Tunisia,3008,39395,Grambalia,2022,0.13443205,0.102377675
Tunisia,3008,39395,Grambalia,2023,0.115121715,0.08968899
Tunisia,3008,39395,Grambalia,2024,0.12509309,0.09242067
Tunisia,3008,39396,Hammam Ghezaz,2015,0.2031042,0.15775631
Tunisia,3008,39396,Hammam Ghezaz,2016,0.18629238,0.13191956
Tunisia,3008,39396,Hammam Ghezaz,2017,0.16543177,0.10937481
Tunisia,3008,39396,Hammam Ghezaz,2018,0.20127079,0.15211117
Tunisia,3008,39396,Hammam Ghezaz,2019,0.18527116,0.1380544
Tunisia,3008,39396,Hammam Ghezaz,2020,0.19111925,0.14048643
Tunisia,3008,39396,Hammam Ghezaz,2021,0.18507874,0.13284388
Tunisia,3008,39396,Hammam Ghezaz,2022,0.15517212,0.10999197
Tunisia,3008,39396,Hammam Ghezaz,2023,0.14060898,0.08376052
Tunisia,3008,39396,Hammam Ghezaz,2024,0.1509043,0.09423235
Tunisia,3008,39397,Hammamet,2015,0.061714154,0.05220559
Tunisia,3008,39397,Hammamet,2016,0.067056336,0.05143265
Tunisia,3008,39397,Hammamet,2017,0.05346814,0.04826403
Tunisia,3008,39397,Hammamet,2018,0.055818904,0.05041067
Tunisia,3008,39397,Hammamet,2019,0.03534758,0.030587038
Tunisia,3008,39397,Hammamet,2020,0.058470782,0.05157118
Tunisia,3008,39397,Hammamet,2021,0.05777924,0.052502003
Tunisia,3008,39397,Hammamet,2022,0.07645514,0.07041547
Tunisia,3008,39397,Hammamet,2023,0.0784216,0.07205144
Tunisia,3008,39397,Hammamet,2024,0.056474768,0.051270656
Tunisia,3008,39398,Haouaria,2015,0.28517416,0.25313795
Tunisia,3008,39398,Haouaria,2016,0.28036833,0.23669156
Tunisia,3008,39398,Haouaria,2017,0.26953518,0.23504552
Tunisia,3008,39398,Haouaria,2018,0.27842417,0.22094484
Tunisia,3008,39398,Haouaria,2019,0.27291295,0.20610474
Tunisia,3008,39398,Haouaria,2020,0.2738294,0.21411285
Tunisia,3008,39398,Haouaria,2021,0.23022431,0.20163873
Tunisia,3008,39398,Haouaria,2022,0.23708233,0.19048165
Tunisia,3008,39398,Haouaria,2023,0.23016271,0.18283887
Tunisia,3008,39398,Haouaria,2024,0.21190387,0.17304286
Tunisia,3008,39399,Kelibia,2015,0.13380437,0.08379535
Tunisia,3008,39399,Kelibia,2016,0.12233582,0.079689264
Tunisia,3008,39399,Kelibia,2017,0.10538453,0.05611801
Tunisia,3008,39399,Kelibia,2018,0.15913117,0.1506693
Tunisia,3008,39399,Kelibia,2019,0.14423835,0.13410431
Tunisia,3008,39399,Kelibia,2020,0.1259007,0.07946707
Tunisia,3008,39399,Kelibia,2021,0.12265311,0.07983692
Tunisia,3008,39399,Kelibia,2022,0.11658053,0.083915874
Tunisia,3008,39399,Kelibia,2023,0.10510275,0.0707785
Tunisia,3008,39399,Kelibia,2024,0.1117225,0.06768248
Tunisia,3008,39400,Korba,2015,0.081308685,0.027898235
Tunisia,3008,39400,Korba,2016,0.090041265,0.034932137
Tunisia,3008,39400,Korba,2017,0.0770728,0.02487164
Tunisia,3008,39400,Korba,2018,0.09947799,0.051920295
Tunisia,3008,39400,Korba,2019,0.1090014,0.05610077
Tunisia,3008,39400,Korba,2020,0.092436835,0.037751123
Tunisia,3008,39400,Korba,2021,0.08781776,0.044583734
Tunisia,3008,39400,Korba,2022,0.078248724,0.028998941
Tunisia,3008,39400,Korba,2023,0.060142577,0.027136842
Tunisia,3008,39400,Korba,2024,0.055879373,0.026047394
Tunisia,3008,39401,Menzel Bouzelfa,2015,0.20905125,0.09683494
Tunisia,3008,39401,Menzel Bouzelfa,2016,0.20639947,0.1190864
Tunisia,3008,39401,Menzel Bouzelfa,2017,0.19285846,0.09538342
Tunisia,3008,39401,Menzel Bouzelfa,2018,0.19802238,0.06251272
Tunisia,3008,39401,Menzel Bouzelfa,2019,0.19320072,0.074307546
Tunisia,3008,39401,Menzel Bouzelfa,2020,0.19723445,0.08325998
Tunisia,3008,39401,Menzel Bouzelfa,2021,0.19421253,0.0796497
Tunisia,3008,39401,Menzel Bouzelfa,2022,0.1938706,0.09870345
Tunisia,3008,39401,Menzel Bouzelfa,2023,0.1872725,0.11868698
Tunisia,3008,39401,Menzel Bouzelfa,2024,0.19826967,0.09517784
Tunisia,3008,39402,Menzel Temime,2015,0.14319845,0.092157245
Tunisia,3008,39402,Menzel Temime,2016,0.13761044,0.0888755
Tunisia,3008,39402,Menzel Temime,2017,0.13693395,0.08539899
Tunisia,3008,39402,Menzel Temime,2018,0.15867214,0.11353448
Tunisia,3008,39402,Menzel Temime,2019,0.16473585,0.119320735
Tunisia,3008,39402,Menzel Temime,2020,0.14628741,0.09969628
Tunisia,3008,39402,Menzel Temime,2021,0.14049238,0.100047305
Tunisia,3008,39402,Menzel Temime,2022,0.14277497,0.0949204
Tunisia,3008,39402,Menzel Temime,2023,0.1573191,0.11537544
Tunisia,3008,39402,Menzel Temime,2024,0.13814741,0.09125517
Tunisia,3008,39403,Nabeul,2015,0.037853144,0.032224372
Tunisia,3008,39403,Nabeul,2016,0.02882698,0.0231982
Tunisia,3008,39403,Nabeul,2017,0.033919096,0.028627498
Tunisia,3008,39403,Nabeul,2018,0.046151437,0.03322353
Tunisia,3008,39403,Nabeul,2019,0.039254975,0.03404425
Tunisia,3008,39403,Nabeul,2020,0.040622856,0.034994088
Tunisia,3008,39403,Nabeul,2021,0.03751672,0.034770444
Tunisia,3008,39403,Nabeul,2022,0.044727255,0.040264472
Tunisia,3008,39403,Nabeul,2023,0.04693525,0.04150874
Tunisia,3008,39403,Nabeul,2024,0.03888568,0.034422908
Tunisia,3008,39404,Solimane,2015,0.06354427,0.08990611
Tunisia,3008,39404,Solimane,2016,0.06609899,0.062402733
Tunisia,3008,39404,Solimane,2017,0.057480164,0.054058332
Tunisia,3008,39404,Solimane,2018,0.06408964,0.048196048
Tunisia,3008,39404,Solimane,2019,0.068239115,0.052506573
Tunisia,3008,39404,Solimane,2020,0.052142803,0.022379769
Tunisia,3008,39404,Solimane,2021,0.04881016,0.025410956
Tunisia,3008,39404,Solimane,2022,0.050283097,0.023406373
Tunisia,3008,39404,Solimane,2023,0.052473933,0.028140165
Tunisia,3008,39404,Solimane,2024,0.039226558,0.023376483
Tunisia,3008,39405,Takelsa,2015,0.21283881,0.19694027
Tunisia,3008,39405,Takelsa,2016,0.21131743,0.19936779
Tunisia,3008,39405,Takelsa,2017,0.16892046,0.15694755
Tunisia,3008,39405,Takelsa,2018,0.20788853,0.16546899
Tunisia,3008,39405,Takelsa,2019,0.1846856,0.16447759
Tunisia,3008,39405,Takelsa,2020,0.21571165,0.20003042
Tunisia,3008,39405,Takelsa,2021,0.17234908,0.15306005
Tunisia,3008,39405,Takelsa,2022,0.1709879,0.16378713
Tunisia,3008,39405,Takelsa,2023,0.18713686,0.1833927
Tunisia,3008,39405,Takelsa,2024,0.15995711,0.15487996
Tunisia,3009,39406,Agareb,2015,0.17292804,0.21744892
Tunisia,3009,39406,Agareb,2016,0.18463126,0.22859517
Tunisia,3009,39406,Agareb,2017,0.15906182,0.20134783
Tunisia,3009,39406,Agareb,2018,0.16428405,0.2052547
Tunisia,3009,39406,Agareb,2019,0.16126153,0.19772847
Tunisia,3009,39406,Agareb,2020,0.15483266,0.19214004
Tunisia,3009,39406,Agareb,2021,0.15211846,0.18642727
Tunisia,3009,39406,Agareb,2022,0.16103077,0.19268028
Tunisia,3009,39406,Agareb,2023,0.17496985,0.2006306
Tunisia,3009,39406,Agareb,2024,0.15610221,0.18552795
Tunisia,3009,39407,Bir Ali Ben Khelifa,2015,0.33463067,0.36566183
Tunisia,3009,39407,Bir Ali Ben Khelifa,2016,0.3447897,0.37373245
Tunisia,3009,39407,Bir Ali Ben Khelifa,2017,0.34525752,0.37539113
Tunisia,3009,39407,Bir Ali Ben Khelifa,2018,0.34519857,0.3726638
Tunisia,3009,39407,Bir Ali Ben Khelifa,2019,0.3412714,0.36960417
Tunisia,3009,39407,Bir Ali Ben Khelifa,2020,0.35386145,0.38445172
Tunisia,3009,39407,Bir Ali Ben Khelifa,2021,0.29884896,0.32820618
Tunisia,3009,39407,Bir Ali Ben Khelifa,2022,0.30603963,0.33554617
Tunisia,3009,39407,Bir Ali Ben Khelifa,2023,0.2916875,0.31988454
Tunisia,3009,39407,Bir Ali Ben Khelifa,2024,0.27939916,0.3063628
Tunisia,3009,39408,Djbeniana,2015,0.18819366,0.18977556
Tunisia,3009,39408,Djbeniana,2016,0.18896115,0.18606672
Tunisia,3009,39408,Djbeniana,2017,0.19611742,0.18036334
Tunisia,3009,39408,Djbeniana,2018,0.19521692,0.18195373
Tunisia,3009,39408,Djbeniana,2019,0.2142463,0.19679707
Tunisia,3009,39408,Djbeniana,2020,0.21350016,0.1968776
Tunisia,3009,39408,Djbeniana,2021,0.16931564,0.16060275
Tunisia,3009,39408,Djbeniana,2022,0.15918142,0.1703839
Tunisia,3009,39408,Djbeniana,2023,0.15507428,0.1610669
Tunisia,3009,39408,Djbeniana,2024,0.17069034,0.16284268
Tunisia,3009,39409,El Amra,2015,0.165385,0.19868419
Tunisia,3009,39409,El Amra,2016,0.17336422,0.19906501
Tunisia,3009,39409,El Amra,2017,0.14225818,0.16322976
Tunisia,3009,39409,El Amra,2018,0.15055728,0.17296891
Tunisia,3009,39409,El Amra,2019,0.14828226,0.17939723
Tunisia,3009,39409,El Amra,2020,0.14353932,0.16295537
Tunisia,3009,39409,El Amra,2021,0.1404348,0.1619725
Tunisia,3009,39409,El Amra,2022,0.14893079,0.17134458
Tunisia,3009,39409,El Amra,2023,0.16202354,0.19335777
Tunisia,3009,39409,El Amra,2024,0.14123705,0.17012054
Tunisia,3009,39410,El Ghraiba,2015,0.33247,0.3652225
Tunisia,3009,39410,El Ghraiba,2016,0.34551173,0.3756388
Tunisia,3009,39410,El Ghraiba,2017,0.32146853,0.35714328
Tunisia,3009,39410,El Ghraiba,2018,0.32866457,0.36130315
Tunisia,3009,39410,El Ghraiba,2019,0.3058138,0.33943146
Tunisia,3009,39410,El Ghraiba,2020,0.3229537,0.35682315
Tunisia,3009,39410,El Ghraiba,2021,0.30336282,0.3330599
Tunisia,3009,39410,El Ghraiba,2022,0.28728247,0.3174215
Tunisia,3009,39410,El Ghraiba,2023,0.24454081,0.27391195
Tunisia,3009,39410,El Ghraiba,2024,0.25201145,0.28091583
Tunisia,3009,39411,El Hancha,2015,0.15644573,0.17717843
Tunisia,3009,39411,El Hancha,2016,0.16821927,0.18207487
Tunisia,3009,39411,El Hancha,2017,0.15725091,0.17680243
Tunisia,3009,39411,El Hancha,2018,0.15853408,0.17252415
Tunisia,3009,39411,El Hancha,2019,0.15699054,0.16964498
Tunisia,3009,39411,El Hancha,2020,0.16268933,0.17538774
Tunisia,3009,39411,El Hancha,2021,0.13160795,0.1454517
Tunisia,3009,39411,El Hancha,2022,0.11863835,0.13141045
Tunisia,3009,39411,El Hancha,2023,0.10230809,0.11520614
Tunisia,3009,39411,El Hancha,2024,0.100645125,0.11062086
Tunisia,3009,39412,Kerkennah,2015,0.28411034,0.25096118
Tunisia,3009,39412,Kerkennah,2016,0.3307845,0.28922543
Tunisia,3009,39412,Kerkennah,2017,0.32108665,0.2598182
Tunisia,3009,39412,Kerkennah,2018,0.3000719,0.24456623
Tunisia,3009,39412,Kerkennah,2019,0.26305178,0.19710302
Tunisia,3009,39412,Kerkennah,2020,0.2603181,0.20304275
Tunisia,3009,39412,Kerkennah,2021,0.22873911,0.21128762
Tunisia,3009,39412,Kerkennah,2022,0.20808908,0.19436339
Tunisia,3009,39412,Kerkennah,2023,0.22676267,0.21303472
Tunisia,3009,39412,Kerkennah,2024,0.21582267,0.19557774
Tunisia,3009,39413,Menzel Chaker,2015,0.18830612,0.22318515
Tunisia,3009,39413,Menzel Chaker,2016,0.19268046,0.23275483
Tunisia,3009,39413,Menzel Chaker,2017,0.18609376,0.22301166
Tunisia,3009,39413,Menzel Chaker,2018,0.19963151,0.2441403
Tunisia,3009,39413,Menzel Chaker,2019,0.20037061,0.24811628
Tunisia,3009,39413,Menzel Chaker,2020,0.17187081,0.21640515
Tunisia,3009,39413,Menzel Chaker,2021,0.19021422,0.23630473
Tunisia,3009,39413,Menzel Chaker,2022,0.17868705,0.21971557
Tunisia,3009,39413,Menzel Chaker,2023,0.17616475,0.21790677
Tunisia,3009,39413,Menzel Chaker,2024,0.16218229,0.20269212
Tunisia,3009,39414,Mhares,2015,0.1047782,0.1023867
Tunisia,3009,39414,Mhares,2016,0.11668743,0.115917325
Tunisia,3009,39414,Mhares,2017,0.098431446,0.093584016
Tunisia,3009,39414,Mhares,2018,0.10808951,0.10579871
Tunisia,3009,39414,Mhares,2019,0.1341486,0.1528741
Tunisia,3009,39414,Mhares,2020,0.14505103,0.17874792
Tunisia,3009,39414,Mhares,2021,0.13220325,0.1546756
Tunisia,3009,39414,Mhares,2022,0.12054187,0.14445722
Tunisia,3009,39414,Mhares,2023,0.12268427,0.14811817
Tunisia,3009,39414,Mhares,2024,0.12275183,0.15722
Tunisia,3009,39415,Sakiet Eddaier,2015,0.034956846,0.03561085
Tunisia,3009,39415,Sakiet Eddaier,2016,0.036360506,0.037395928
Tunisia,3009,39415,Sakiet Eddaier,2017,0.029596373,0.029478135
Tunisia,3009,39415,Sakiet Eddaier,2018,0.03065713,0.031302202
Tunisia,3009,39415,Sakiet Eddaier,2019,0.028884254,0.029572686
Tunisia,3009,39415,Sakiet Eddaier,2020,0.030887282,0.029671894
Tunisia,3009,39415,Sakiet Eddaier,2021,0.032287866,0.03293294
Tunisia,3009,39415,Sakiet Eddaier,2022,0.032287866,0.033323288
Tunisia,3009,39415,Sakiet Eddaier,2023,0.031691268,0.03272669
Tunisia,3009,39415,Sakiet Eddaier,2024,0.032341693,0.03298676
Tunisia,3009,39416,Sakiet Ezzit,2015,0.03198608,0.03264009
Tunisia,3009,39416,Sakiet Ezzit,2016,0.034913026,0.03594844
Tunisia,3009,39416,Sakiet Ezzit,2017,0.03009087,0.029972628
Tunisia,3009,39416,Sakiet Ezzit,2018,0.03936585,0.040010914
Tunisia,3009,39416,Sakiet Ezzit,2019,0.029893214,0.029774966
Tunisia,3009,39416,Sakiet Ezzit,2020,0.024751784,0.023484636
Tunisia,3009,39416,Sakiet Ezzit,2021,0.025337562,0.025982631
Tunisia,3009,39416,Sakiet Ezzit,2022,0.031749852,0.032785274
Tunisia,3009,39416,Sakiet Ezzit,2023,0.032382924,0.033418346
Tunisia,3009,39416,Sakiet Ezzit,2024,0.028992405,0.029646406
Tunisia,3009,39417,Sfax Ouest,2015,0.065702975,0.06510572
Tunisia,3009,39417,Sfax Ouest,2016,0.065702975,0.06510572
Tunisia,3009,39417,Sfax Ouest,2017,0.06025944,0.05927183
Tunisia,3009,39417,Sfax Ouest,2018,0.06304344,0.062446177
Tunisia,3009,39417,Sfax Ouest,2019,0.06302338,0.062035773
Tunisia,3009,39417,Sfax Ouest,2020,0.06114446,0.060156856
Tunisia,3009,39417,Sfax Ouest,2021,0.064408764,0.06381151
Tunisia,3009,39417,Sfax Ouest,2022,0.06380661,0.063209355
Tunisia,3009,39417,Sfax Ouest,2023,0.06462132,0.06402407
Tunisia,3009,39417,Sfax Ouest,2024,0.06385815,0.0632609
Tunisia,3009,39418,Sfax Sud,2015,0.04199361,0.044782307
Tunisia,3009,39418,Sfax Sud,2016,0.045635145,0.051347256
Tunisia,3009,39418,Sfax Sud,2017,0.040915173,0.040091075
Tunisia,3009,39418,Sfax Sud,2018,0.042874813,0.04295501
Tunisia,3009,39418,Sfax Sud,2019,0.043174576,0.042491462
Tunisia,3009,39418,Sfax Sud,2020,0.0430292,0.042205103
Tunisia,3009,39418,Sfax Sud,2021,0.04706226,0.047142457
Tunisia,3009,39418,Sfax Sud,2022,0.044631016,0.045101576
Tunisia,3009,39418,Sfax Sud,2023,0.054707423,0.055177983
Tunisia,3009,39418,Sfax Sud,2024,0.049182467,0.049262665
Tunisia,3009,39419,Sfax Ville,2015,0.042612463,0.042612463
Tunisia,3009,39419,Sfax Ville,2016,0.042612463,0.042612463
Tunisia,3009,39419,Sfax Ville,2017,0.04584875,0.04584875
Tunisia,3009,39419,Sfax Ville,2018,0.04268277,0.04268277
Tunisia,3009,39419,Sfax Ville,2019,0.042599715,0.04200246
Tunisia,3009,39419,Sfax Ville,2020,0.04196915,0.041371897
Tunisia,3009,39419,Sfax Ville,2021,0.040124204,0.040124204
Tunisia,3009,39419,Sfax Ville,2022,0.043439243,0.043439243
Tunisia,3009,39419,Sfax Ville,2023,0.042642698,0.042642698
Tunisia,3009,39419,Sfax Ville,2024,0.041687764,0.041687764
Tunisia,3009,39420,Skhira,2015,0.12582856,0.12145351
Tunisia,3009,39420,Skhira,2016,0.14377642,0.14452855
Tunisia,3009,39420,Skhira,2017,0.16055478,0.15360166
Tunisia,3009,39420,Skhira,2018,0.17011282,0.16143462
Tunisia,3009,39420,Skhira,2019,0.17013827,0.16499017
Tunisia,3009,39420,Skhira,2020,0.19348393,0.18812814
Tunisia,3009,39420,Skhira,2021,0.17564811,0.16531977
Tunisia,3009,39420,Skhira,2022,0.16619024,0.15995662
Tunisia,3009,39420,Skhira,2023,0.16085431,0.15913436
Tunisia,3009,39420,Skhira,2024,0.15148783,0.15301268
Tunisia,3010,39421,Bir El Hafey,2015,0.2722597,0.27164766
Tunisia,3010,39421,Bir El Hafey,2016,0.2771522,0.29270065
Tunisia,3010,39421,Bir El Hafey,2017,0.27054316,0.26601505
Tunisia,3010,39421,Bir El Hafey,2018,0.26567945,0.26290807
Tunisia,3010,39421,Bir El Hafey,2019,0.26594052,0.26510793
Tunisia,3010,39421,Bir El Hafey,2020,0.2439853,0.24701288
Tunisia,3010,39421,Bir El Hafey,2021,0.20757267,0.21807224
Tunisia,3010,39421,Bir El Hafey,2022,0.21462275,0.21807726
Tunisia,3010,39421,Bir El Hafey,2023,0.2253997,0.23610419
Tunisia,3010,39421,Bir El Hafey,2024,0.23516159,0.23284529
Tunisia,3010,39422,Jilma,2015,0.19510944,0.19004875
Tunisia,3010,39422,Jilma,2016,0.2026361,0.20013916
Tunisia,3010,39422,Jilma,2017,0.20166159,0.19284075
Tunisia,3010,39422,Jilma,2018,0.22653177,0.21590501
Tunisia,3010,39422,Jilma,2019,0.2124331,0.18338656
Tunisia,3010,39422,Jilma,2020,0.21085075,0.1820532
Tunisia,3010,39422,Jilma,2021,0.20702685,0.20614977
Tunisia,3010,39422,Jilma,2022,0.18833806,0.19040574
Tunisia,3010,39422,Jilma,2023,0.19119792,0.19175181
Tunisia,3010,39422,Jilma,2024,0.19423777,0.17924394
Tunisia,3010,39423,Mazzouna,2015,0.2466434,0.27081206
Tunisia,3010,39423,Mazzouna,2016,0.2889764,0.31071505
Tunisia,3010,39423,Mazzouna,2017,0.24435699,0.2696018
Tunisia,3010,39423,Mazzouna,2018,0.25557408,0.28084978
Tunisia,3010,39423,Mazzouna,2019,0.24901985,0.27326837
Tunisia,3010,39423,Mazzouna,2020,0.2787329,0.29990903
Tunisia,3010,39423,Mazzouna,2021,0.25911096,0.28156108
Tunisia,3010,39423,Mazzouna,2022,0.23060524,0.25102434
Tunisia,3010,39423,Mazzouna,2023,0.19591936,0.21002102
Tunisia,3010,39423,Mazzouna,2024,0.2139208,0.22780338
Tunisia,3010,39424,Meknassy,2015,0.22922605,0.26058292
Tunisia,3010,39424,Meknassy,2016,0.22890827,0.25774628
Tunisia,3010,39424,Meknassy,2017,0.20451835,0.2316899
Tunisia,3010,39424,Meknassy,2018,0.20078717,0.22904539
Tunisia,3010,39424,Meknassy,2019,0.1880841,0.2172825
Tunisia,3010,39424,Meknassy,2020,0.1953265,0.22537592
Tunisia,3010,39424,Meknassy,2021,0.18637499,0.21325381
Tunisia,3010,39424,Meknassy,2022,0.18034539,0.20542954
Tunisia,3010,39424,Meknassy,2023,0.18276696,0.20584181
Tunisia,3010,39424,Meknassy,2024,0.15901425,0.18044955
Tunisia,3010,39425,Menzel Bouzayane,2015,0.26695487,0.277945
Tunisia,3010,39425,Menzel Bouzayane,2016,0.260504,0.2913347
Tunisia,3010,39425,Menzel Bouzayane,2017,0.26642168,0.27495617
Tunisia,3010,39425,Menzel Bouzayane,2018,0.25540465,0.26896575
Tunisia,3010,39425,Menzel Bouzayane,2019,0.25567797,0.27595937
Tunisia,3010,39425,Menzel Bouzayane,2020,0.27917314,0.29639167
Tunisia,3010,39425,Menzel Bouzayane,2021,0.25614643,0.2742494
Tunisia,3010,39425,Menzel Bouzayane,2022,0.23264027,0.2545358
Tunisia,3010,39425,Menzel Bouzayane,2023,0.21393606,0.23538601
Tunisia,3010,39425,Menzel Bouzayane,2024,0.25833258,0.2785541
Tunisia,3010,39426,Ouled Haffouz,2015,0.30315208,0.33406103
Tunisia,3010,39426,Ouled Haffouz,2016,0.31243262,0.34051007
Tunisia,3010,39426,Ouled Haffouz,2017,0.28420222,0.3151737
Tunisia,3010,39426,Ouled Haffouz,2018,0.29106244,0.31936827
Tunisia,3010,39426,Ouled Haffouz,2019,0.294102,0.3223632
Tunisia,3010,39426,Ouled Haffouz,2020,0.28560972,0.31423935
Tunisia,3010,39426,Ouled Haffouz,2021,0.27238503,0.29373878
Tunisia,3010,39426,Ouled Haffouz,2022,0.2264165,0.2470572
Tunisia,3010,39426,Ouled Haffouz,2023,0.24268696,0.26455072
Tunisia,3010,39426,Ouled Haffouz,2024,0.23791823,0.24458201
Tunisia,3010,39427,Regueb,2015,0.28309578,0.3205667
Tunisia,3010,39427,Regueb,2016,0.29975286,0.34398732
Tunisia,3010,39427,Regueb,2017,0.27300107,0.30828923
Tunisia,3010,39427,Regueb,2018,0.27691415,0.30746946
Tunisia,3010,39427,Regueb,2019,0.25693572,0.29440206
Tunisia,3010,39427,Regueb,2020,0.26058233,0.30346453
Tunisia,3010,39427,Regueb,2021,0.23906234,0.27305353
Tunisia,3010,39427,Regueb,2022,0.23546743,0.2717572
Tunisia,3010,39427,Regueb,2023,0.20605588,0.24782369
Tunisia,3010,39427,Regueb,2024,0.22755462,0.2708031
Tunisia,3010,39428,Sabalat Ouled Asker,2015,0.18263228,0.1861378
Tunisia,3010,39428,Sabalat Ouled Asker,2016,0.19334191,0.20088807
Tunisia,3010,39428,Sabalat Ouled Asker,2017,0.1970512,0.20099476
Tunisia,3010,39428,Sabalat Ouled Asker,2018,0.20718808,0.2084244
Tunisia,3010,39428,Sabalat Ouled Asker,2019,0.19675358,0.19597156
Tunisia,3010,39428,Sabalat Ouled Asker,2020,0.20660782,0.20157899
Tunisia,3010,39428,Sabalat Ouled Asker,2021,0.18171136,0.18813668
Tunisia,3010,39428,Sabalat Ouled Asker,2022,0.18020774,0.1866052
Tunisia,3010,39428,Sabalat Ouled Asker,2023,0.1734862,0.17651974
Tunisia,3010,39428,Sabalat Ouled Asker,2024,0.18096426,0.17682557
Tunisia,3010,39429,Sidi Ali Ben Aoun,2015,0.2915544,0.3273956
Tunisia,3010,39429,Sidi Ali Ben Aoun,2016,0.30546752,0.33487302
Tunisia,3010,39429,Sidi Ali Ben Aoun,2017,0.25598243,0.29126662
Tunisia,3010,39429,Sidi Ali Ben Aoun,2018,0.2660071,0.29337782
Tunisia,3010,39429,Sidi Ali Ben Aoun,2019,0.25747037,0.28261608
Tunisia,3010,39429,Sidi Ali Ben Aoun,2020,0.2656352,0.2902674
Tunisia,3010,39429,Sidi Ali Ben Aoun,2021,0.24661854,0.27409098
Tunisia,3010,39429,Sidi Ali Ben Aoun,2022,0.2040244,0.23461285
Tunisia,3010,39429,Sidi Ali Ben Aoun,2023,0.22000152,0.25008747
Tunisia,3010,39429,Sidi Ali Ben Aoun,2024,0.2436145,0.2739571
Tunisia,3010,39430,Sidi Bouzid Est,2015,0.20464644,0.21283336
Tunisia,3010,39430,Sidi Bouzid Est,2016,0.22469755,0.23252214
Tunisia,3010,39430,Sidi Bouzid Est,2017,0.19217563,0.19218184
Tunisia,3010,39430,Sidi Bouzid Est,2018,0.20569763,0.20666693
Tunisia,3010,39430,Sidi Bouzid Est,2019,0.20453951,0.21319069
Tunisia,3010,39430,Sidi Bouzid Est,2020,0.20905413,0.21048048
Tunisia,3010,39430,Sidi Bouzid Est,2021,0.21091577,0.22064376
Tunisia,3010,39430,Sidi Bouzid Est,2022,0.18979529,0.20160586
Tunisia,3010,39430,Sidi Bouzid Est,2023,0.1924286,0.2038599
Tunisia,3010,39430,Sidi Bouzid Est,2024,0.17770013,0.1743008
Tunisia,3010,39431,Sidi Bouzid Ouest,2015,0.06823881,0.055006653
Tunisia,3010,39431,Sidi Bouzid Ouest,2016,0.060202684,0.048226852
Tunisia,3010,39431,Sidi Bouzid Ouest,2017,0.060855363,0.03578682
Tunisia,3010,39431,Sidi Bouzid Ouest,2018,0.056203194,0.041130397
Tunisia,3010,39431,Sidi Bouzid Ouest,2019,0.053555775,0.034343995
Tunisia,3010,39431,Sidi Bouzid Ouest,2020,0.053823743,0.034443617
Tunisia,3010,39431,Sidi Bouzid Ouest,2021,0.054293554,0.040796362
Tunisia,3010,39431,Sidi Bouzid Ouest,2022,0.07281112,0.057201695
Tunisia,3010,39431,Sidi Bouzid Ouest,2023,0.050453894,0.03509565
Tunisia,3010,39431,Sidi Bouzid Ouest,2024,0.051709533,0.03141278
Tunisia,3010,39432,Souk Jedid,2015,0.31196284,0.33384174
Tunisia,3010,39432,Souk Jedid,2016,0.33688006,0.3584541
Tunisia,3010,39432,Souk Jedid,2017,0.298874,0.31509185
Tunisia,3010,39432,Souk Jedid,2018,0.30179745,0.3125621
Tunisia,3010,39432,Souk Jedid,2019,0.30676216,0.3206389
Tunisia,3010,39432,Souk Jedid,2020,0.3189866,0.34153113
Tunisia,3010,39432,Souk Jedid,2021,0.3048615,0.32027316
Tunisia,3010,39432,Souk Jedid,2022,0.28742787,0.29857075
Tunisia,3010,39432,Souk Jedid,2023,0.29222116,0.30411112
Tunisia,3010,39432,Souk Jedid,2024,0.2965618,0.28922898
Tunisia,3011,39433,Bargou,2015,0.28901988,0.2620365
Tunisia,3011,39433,Bargou,2016,0.27751192,0.2537632
Tunisia,3011,39433,Bargou,2017,0.2651061,0.24055526
Tunisia,3011,39433,Bargou,2018,0.29804087,0.28686544
Tunisia,3011,39433,Bargou,2019,0.18820849,0.17868513
Tunisia,3011,39433,Bargou,2020,0.22841221,0.21529968
Tunisia,3011,39433,Bargou,2021,0.19504686,0.16882056
Tunisia,3011,39433,Bargou,2022,0.1897181,0.17386954
Tunisia,3011,39433,Bargou,2023,0.21307142,0.22895618
Tunisia,3011,39433,Bargou,2024,0.18137157,0.1603527
Tunisia,3011,39434,Bouarada,2015,0.2368298,0.22504249
Tunisia,3011,39434,Bouarada,2016,0.23564714,0.22946453
Tunisia,3011,39434,Bouarada,2017,0.22963011,0.2118665
Tunisia,3011,39434,Bouarada,2018,0.21795705,0.20347594
Tunisia,3011,39434,Bouarada,2019,0.18896034,0.16377817
Tunisia,3011,39434,Bouarada,2020,0.16811426,0.15703483
Tunisia,3011,39434,Bouarada,2021,0.17258169,0.16431944
Tunisia,3011,39434,Bouarada,2022,0.17904264,0.1609198
Tunisia,3011,39434,Bouarada,2023,0.15024689,0.15474594
Tunisia,3011,39434,Bouarada,2024,0.1629752,0.15829544
Tunisia,3011,39435,Bourouis,2015,0.21107405,0.17090663
Tunisia,3011,39435,Bourouis,2016,0.21768028,0.19157961
Tunisia,3011,39435,Bourouis,2017,0.19209436,0.14565474
Tunisia,3011,39435,Bourouis,2018,0.20961523,0.13859361
Tunisia,3011,39435,Bourouis,2019,0.15080559,0.095701724
Tunisia,3011,39435,Bourouis,2020,0.23917866,0.19815163
Tunisia,3011,39435,Bourouis,2021,0.21977171,0.18133332
Tunisia,3011,39435,Bourouis,2022,0.20604846,0.16349418
Tunisia,3011,39435,Bourouis,2023,0.20723388,0.20124602
Tunisia,3011,39435,Bourouis,2024,0.2002424,0.1749067
Tunisia,3011,39436,Elkrib,2015,0.15250762,0.14583525
Tunisia,3011,39436,Elkrib,2016,0.16601038,0.16255364
Tunisia,3011,39436,Elkrib,2017,0.12605923,0.118396774
Tunisia,3011,39436,Elkrib,2018,0.17649674,0.1516764
Tunisia,3011,39436,Elkrib,2019,0.17912641,0.16027746
Tunisia,3011,39436,Elkrib,2020,0.18034285,0.16293088
Tunisia,3011,39436,Elkrib,2021,0.15181154,0.14193037
Tunisia,3011,39436,Elkrib,2022,0.15584688,0.1401948
Tunisia,3011,39436,Elkrib,2023,0.1659138,0.17318472
Tunisia,3011,39436,Elkrib,2024,0.14867616,0.13890499
Tunisia,3011,39437,Gaafour,2015,0.1390714,0.1409109
Tunisia,3011,39437,Gaafour,2016,0.15797351,0.15850602
Tunisia,3011,39437,Gaafour,2017,0.17283651,0.16845939
Tunisia,3011,39437,Gaafour,2018,0.18531176,0.18089375
Tunisia,3011,39437,Gaafour,2019,0.1567878,0.1326366
Tunisia,3011,39437,Gaafour,2020,0.18818578,0.1825999
Tunisia,3011,39437,Gaafour,2021,0.17961931,0.17908719
Tunisia,3011,39437,Gaafour,2022,0.16505712,0.17105883
Tunisia,3011,39437,Gaafour,2023,0.15398613,0.15075062
Tunisia,3011,39437,Gaafour,2024,0.16587502,0.1597975
Tunisia,3011,39438,Kissra,2015,0.32759652,0.2994458
Tunisia,3011,39438,Kissra,2016,0.326101,0.3147822
Tunisia,3011,39438,Kissra,2017,0.30591655,0.2900083
Tunisia,3011,39438,Kissra,2018,0.31928945,0.29212534
Tunisia,3011,39438,Kissra,2019,0.27219194,0.23692366
Tunisia,3011,39438,Kissra,2020,0.32545707,0.30304602
Tunisia,3011,39438,Kissra,2021,0.28877187,0.27242506
Tunisia,3011,39438,Kissra,2022,0.254404,0.25035894
Tunisia,3011,39438,Kissra,2023,0.2630454,0.25696838
Tunisia,3011,39438,Kissra,2024,0.27112323,0.2623204
Tunisia,3011,39439,Makhtar,2015,0.18270415,0.1479768
Tunisia,3011,39439,Makhtar,2016,0.17557374,0.14989102
Tunisia,3011,39439,Makhtar,2017,0.16771384,0.13231239
Tunisia,3011,39439,Makhtar,2018,0.17337163,0.13636392
Tunisia,3011,39439,Makhtar,2019,0.15168157,0.10795918
Tunisia,3011,39439,Makhtar,2020,0.17509896,0.13253416
Tunisia,3011,39439,Makhtar,2021,0.15406474,0.12047879
Tunisia,3011,39439,Makhtar,2022,0.16357301,0.1250234
Tunisia,3011,39439,Makhtar,2023,0.12731065,0.12606356
Tunisia,3011,39439,Makhtar,2024,0.12952082,0.10280368
Tunisia,3011,39440,Rouhia,2015,0.25001335,0.24868023
Tunisia,3011,39440,Rouhia,2016,0.22857343,0.23278317
Tunisia,3011,39440,Rouhia,2017,0.23654684,0.23044387
Tunisia,3011,39440,Rouhia,2018,0.25416207,0.25068712
Tunisia,3011,39440,Rouhia,2019,0.25591475,0.24812537
Tunisia,3011,39440,Rouhia,2020,0.24462268,0.24043426
Tunisia,3011,39440,Rouhia,2021,0.23743117,0.24035603
Tunisia,3011,39440,Rouhia,2022,0.2377178,0.24280487
Tunisia,3011,39440,Rouhia,2023,0.21820079,0.22486974
Tunisia,3011,39440,Rouhia,2024,0.24360096,0.24802364
Tunisia,3011,39441,Siliana Nord,2015,0.1307867,0.11808792
Tunisia,3011,39441,Siliana Nord,2016,0.117636904,0.11965861
Tunisia,3011,39441,Siliana Nord,2017,0.1256046,0.12014373
Tunisia,3011,39441,Siliana Nord,2018,0.13914067,0.11629009
Tunisia,3011,39441,Siliana Nord,2019,0.14424577,0.12204686
Tunisia,3011,39441,Siliana Nord,2020,0.12662432,0.12269973
Tunisia,3011,39441,Siliana Nord,2021,0.12983774,0.13118088
Tunisia,3011,39441,Siliana Nord,2022,0.11551297,0.11924419
Tunisia,3011,39441,Siliana Nord,2023,0.11073528,0.1239893
Tunisia,3011,39441,Siliana Nord,2024,0.10955433,0.110041566
Tunisia,3011,39442,Siliana Sud,2015,0.29731792,0.255114
Tunisia,3011,39442,Siliana Sud,2016,0.28797525,0.24904627
Tunisia,3011,39442,Siliana Sud,2017,0.30199462,0.2652656
Tunisia,3011,39442,Siliana Sud,2018,0.30435866,0.24466705
Tunisia,3011,39442,Siliana Sud,2019,0.3137247,0.24871778
Tunisia,3011,39442,Siliana Sud,2020,0.2751788,0.21433917
Tunisia,3011,39442,Siliana Sud,2021,0.29033405,0.26600757
Tunisia,3011,39442,Siliana Sud,2022,0.3029737,0.28306338
Tunisia,3011,39442,Siliana Sud,2023,0.2897402,0.272359
Tunisia,3011,39442,Siliana Sud,2024,0.2684397,0.24316466
Tunisia,3012,39443,Akouda,2015,0.0655493,0.0504738
Tunisia,3012,39443,Akouda,2016,0.06339158,0.04961238
Tunisia,3012,39443,Akouda,2017,0.05529301,0.041775398
Tunisia,3012,39443,Akouda,2018,0.06518582,0.049303774
Tunisia,3012,39443,Akouda,2019,0.05323131,0.037758745
Tunisia,3012,39443,Akouda,2020,0.048116874,0.039766937
Tunisia,3012,39443,Akouda,2021,0.056474365,0.046922732
Tunisia,3012,39443,Akouda,2022,0.059430916,0.043242417
Tunisia,3012,39443,Akouda,2023,0.053150322,0.0466667
Tunisia,3012,39443,Akouda,2024,0.054129455,0.037749443
Tunisia,3012,39444,Bouficha,2015,0.15475067,0.14499034
Tunisia,3012,39444,Bouficha,2016,0.14675687,0.14401872
Tunisia,3012,39444,Bouficha,2017,0.16036834,0.13839738
Tunisia,3012,39444,Bouficha,2018,0.15699214,0.13948004
Tunisia,3012,39444,Bouficha,2019,0.16905639,0.14348161
Tunisia,3012,39444,Bouficha,2020,0.16367888,0.1458443
Tunisia,3012,39444,Bouficha,2021,0.15261686,0.14538069
Tunisia,3012,39444,Bouficha,2022,0.1662872,0.17041418
Tunisia,3012,39444,Bouficha,2023,0.16691367,0.17567776
Tunisia,3012,39444,Bouficha,2024,0.18008894,0.16496363
Tunisia,3012,39445,Enfidha,2015,0.13816348,0.14064674
Tunisia,3012,39445,Enfidha,2016,0.1342808,0.12881485
Tunisia,3012,39445,Enfidha,2017,0.12803814,0.10979431
Tunisia,3012,39445,Enfidha,2018,0.13073334,0.11405994
Tunisia,3012,39445,Enfidha,2019,0.119573,0.09770573
Tunisia,3012,39445,Enfidha,2020,0.12131641,0.11069724
Tunisia,3012,39445,Enfidha,2021,0.112051725,0.10975697
Tunisia,3012,39445,Enfidha,2022,0.12813434,0.13290887
Tunisia,3012,39445,Enfidha,2023,0.13549924,0.13922068
Tunisia,3012,39445,Enfidha,2024,0.12095551,0.10473973
Tunisia,3012,39446,Hammam Sousse,2015,0.025280086,0.022018729
Tunisia,3012,39446,Hammam Sousse,2016,0.01856278,0.015301422
Tunisia,3012,39446,Hammam Sousse,2017,0.0223238,0.019512348
Tunisia,3012,39446,Hammam Sousse,2018,0.023271598,0.020460142
Tunisia,3012,39446,Hammam Sousse,2019,0.023422385,0.020214764
Tunisia,3012,39446,Hammam Sousse,2020,0.02405479,0.020397266
Tunisia,3012,39446,Hammam Sousse,2021,0.02428693,0.021475472
Tunisia,3012,39446,Hammam Sousse,2022,0.022411995,0.022555107
Tunisia,3012,39446,Hammam Sousse,2023,0.016356224,0.016064765
Tunisia,3012,39446,Hammam Sousse,2024,0.01853243,0.021169934
Tunisia,3012,39447,Hergla,2015,0.13799489,0.1122183
Tunisia,3012,39447,Hergla,2016,0.14868774,0.12313819
Tunisia,3012,39447,Hergla,2017,0.1250225,0.10620517
Tunisia,3012,39447,Hergla,2018,0.13272499,0.104664125
Tunisia,3012,39447,Hergla,2019,0.1340277,0.1043608
Tunisia,3012,39447,Hergla,2020,0.13585894,0.10170553
Tunisia,3012,39447,Hergla,2021,0.12644133,0.10272676
Tunisia,3012,39447,Hergla,2022,0.12496354,0.11532619
Tunisia,3012,39447,Hergla,2023,0.12277469,0.122861736
Tunisia,3012,39447,Hergla,2024,0.12996654,0.09599159
Tunisia,3012,39448,Kalaa Kebira,2015,0.1336001,0.1289902
Tunisia,3012,39448,Kalaa Kebira,2016,0.13669844,0.1270387
Tunisia,3012,39448,Kalaa Kebira,2017,0.13321066,0.09452741
Tunisia,3012,39448,Kalaa Kebira,2018,0.1372858,0.104702495
Tunisia,3012,39448,Kalaa Kebira,2019,0.13911606,0.09925129
Tunisia,3012,39448,Kalaa Kebira,2020,0.12522358,0.088857755
Tunisia,3012,39448,Kalaa Kebira,2021,0.11540806,0.0983533
Tunisia,3012,39448,Kalaa Kebira,2022,0.11453097,0.1037871
Tunisia,3012,39448,Kalaa Kebira,2023,0.11372215,0.11160074
Tunisia,3012,39448,Kalaa Kebira,2024,0.12146265,0.096432894
Tunisia,3012,39449,Kalaa Sghira,2015,0.09395251,0.08946064
Tunisia,3012,39449,Kalaa Sghira,2016,0.11601779,0.113999635
Tunisia,3012,39449,Kalaa Sghira,2017,0.08406165,0.065386325
Tunisia,3012,39449,Kalaa Sghira,2018,0.07997948,0.06138239
Tunisia,3012,39449,Kalaa Sghira,2019,0.08638284,0.06276834
Tunisia,3012,39449,Kalaa Sghira,2020,0.084317945,0.063676775
Tunisia,3012,39449,Kalaa Sghira,2021,0.077212065,0.058137037
Tunisia,3012,39449,Kalaa Sghira,2022,0.10932232,0.114610106
Tunisia,3012,39449,Kalaa Sghira,2023,0.11528113,0.119422674
Tunisia,3012,39449,Kalaa Sghira,2024,0.09184581,0.067907445
Tunisia,3012,39450,Kondar,2015,0.17805706,0.1914073
Tunisia,3012,39450,Kondar,2016,0.16892144,0.18901964
Tunisia,3012,39450,Kondar,2017,0.14022043,0.14728242
Tunisia,3012,39450,Kondar,2018,0.17993815,0.17005232
Tunisia,3012,39450,Kondar,2019,0.161307,0.14751607
Tunisia,3012,39450,Kondar,2020,0.16367942,0.16443121
Tunisia,3012,39450,Kondar,2021,0.1620165,0.18804651
Tunisia,3012,39450,Kondar,2022,0.16663465,0.20032984
Tunisia,3012,39450,Kondar,2023,0.17072694,0.20068777
Tunisia,3012,39450,Kondar,2024,0.15116455,0.14306666
Tunisia,3012,39451,M'saken,2015,0.10982767,0.108091354
Tunisia,3012,39451,M'saken,2016,0.1277552,0.1219064
Tunisia,3012,39451,M'saken,2017,0.05968111,0.05065861
Tunisia,3012,39451,M'saken,2018,0.064890794,0.05065861
Tunisia,3012,39451,M'saken,2019,0.07331842,0.053630162
Tunisia,3012,39451,M'saken,2020,0.06822724,0.05146193
Tunisia,3012,39451,M'saken,2021,0.06653603,0.05072952
Tunisia,3012,39451,M'saken,2022,0.094883114,0.098876715
Tunisia,3012,39451,M'saken,2023,0.09600505,0.096948825
Tunisia,3012,39451,M'saken,2024,0.06579583,0.047803666
Tunisia,3012,39452,Sidi Bou Ali,2015,0.16982114,0.15519276
Tunisia,3012,39452,Sidi Bou Ali,2016,0.1656395,0.14339991
Tunisia,3012,39452,Sidi Bou Ali,2017,0.17014404,0.1386511
Tunisia,3012,39452,Sidi Bou Ali,2018,0.16805989,0.14028727
Tunisia,3012,39452,Sidi Bou Ali,2019,0.1814628,0.1469562
Tunisia,3012,39452,Sidi Bou Ali,2020,0.18478584,0.15078764
Tunisia,3012,39452,Sidi Bou Ali,2021,0.1673908,0.13942987
Tunisia,3012,39452,Sidi Bou Ali,2022,0.14474235,0.12137242
Tunisia,3012,39452,Sidi Bou Ali,2023,0.13036996,0.11775638
Tunisia,3012,39452,Sidi Bou Ali,2024,0.1732175,0.13874626
Tunisia,3012,39453,Sidi El Heni,2015,0.19028345,0.20512141
Tunisia,3012,39453,Sidi El Heni,2016,0.1720572,0.1962404
Tunisia,3012,39453,Sidi El Heni,2017,0.20225373,0.18825302
Tunisia,3012,39453,Sidi El Heni,2018,0.18335734,0.1859844
Tunisia,3012,39453,Sidi El Heni,2019,0.1998919,0.18246116
Tunisia,3012,39453,Sidi El Heni,2020,0.19751568,0.17953464
Tunisia,3012,39453,Sidi El Heni,2021,0.15726899,0.16213089
Tunisia,3012,39453,Sidi El Heni,2022,0.14112651,0.15896086
Tunisia,3012,39453,Sidi El Heni,2023,0.13753136,0.1543701
Tunisia,3012,39453,Sidi El Heni,2024,0.14685911,0.14099652
Tunisia,3012,39454,Sousse Jaouhara,2015,0.054017246,0.053890545
Tunisia,3012,39454,Sousse Jaouhara,2016,0.037207276,0.037080564
Tunisia,3012,39454,Sousse Jaouhara,2017,0.035044342,0.034527287
Tunisia,3012,39454,Sousse Jaouhara,2018,0.03788683,0.037760124
Tunisia,3012,39454,Sousse Jaouhara,2019,0.035358056,0.03484993
Tunisia,3012,39454,Sousse Jaouhara,2020,0.032340147,0.03183203
Tunisia,3012,39454,Sousse Jaouhara,2021,0.045707498,0.04558079
Tunisia,3012,39454,Sousse Jaouhara,2022,0.057063628,0.057063628
Tunisia,3012,39454,Sousse Jaouhara,2023,0.056206275,0.056206275
Tunisia,3012,39454,Sousse Jaouhara,2024,0.040200565,0.040073857
Tunisia,3012,39455,Sousse Medina,2015,0.06429572,0.06369846
Tunisia,3012,39455,Sousse Medina,2016,0.063862056,0.06326481
Tunisia,3012,39455,Sousse Medina,2017,0.06609005,0.065492794
Tunisia,3012,39455,Sousse Medina,2018,0.06662135,0.0660241
Tunisia,3012,39455,Sousse Medina,2019,0.06717959,0.066582344
Tunisia,3012,39455,Sousse Medina,2020,0.06297599,0.06237874
Tunisia,3012,39455,Sousse Medina,2021,0.07150185,0.0709046
Tunisia,3012,39455,Sousse Medina,2022,0.063274235,0.06267699
Tunisia,3012,39455,Sousse Medina,2023,0.06670073,0.06610348
Tunisia,3012,39455,Sousse Medina,2024,0.06692622,0.06632897
Tunisia,3012,39456,Sousse Riad,2015,0.03571579,0.035597544
Tunisia,3012,39456,Sousse Riad,2016,0.03258473,0.027000552
Tunisia,3012,39456,Sousse Riad,2017,0.019172791,0.008283647
Tunisia,3012,39456,Sousse Riad,2018,0.022081593,0.016497396
Tunisia,3012,39456,Sousse Riad,2019,0.03258782,0.01399663
Tunisia,3012,39456,Sousse Riad,2020,0.023971545,0.012868534
Tunisia,3012,39456,Sousse Riad,2021,0.028576164,0.02319072
Tunisia,3012,39456,Sousse Riad,2022,0.037377357,0.038412776
Tunisia,3012,39456,Sousse Riad,2023,0.04245463,0.043490045
Tunisia,3012,39456,Sousse Riad,2024,0.032647822,0.027461234
Tunisia,3012,39457,Sousse Sidi Abd Elhami,2015,0.060323622,0.061359044
Tunisia,3012,39457,Sousse Sidi Abd Elhami,2016,0.063601494,0.064636916
Tunisia,3012,39457,Sousse Sidi Abd Elhami,2017,0.057857115,0.058892537
Tunisia,3012,39457,Sousse Sidi Abd Elhami,2018,0.0512071,0.05224252
Tunisia,3012,39457,Sousse Sidi Abd Elhami,2019,0.053310487,0.05395556
Tunisia,3012,39457,Sousse Sidi Abd Elhami,2020,0.05978216,0.06042723
Tunisia,3012,39457,Sousse Sidi Abd Elhami,2021,0.05114355,0.052178983
Tunisia,3012,39457,Sousse Sidi Abd Elhami,2022,0.054805223,0.054805223
Tunisia,3012,39457,Sousse Sidi Abd Elhami,2023,0.054590456,0.054590456
Tunisia,3012,39457,Sousse Sidi Abd Elhami,2024,0.05685384,0.05788926
Tunisia,3013,39458,Bir Lahmar,2015,0.19636454,0.19392319
Tunisia,3013,39458,Bir Lahmar,2016,0.19586307,0.19265649
Tunisia,3013,39458,Bir Lahmar,2017,0.20164427,0.20018454
Tunisia,3013,39458,Bir Lahmar,2018,0.15585785,0.14895715
Tunisia,3013,39458,Bir Lahmar,2019,0.1356007,0.13080832
Tunisia,3013,39458,Bir Lahmar,2020,0.20466794,0.20058487
Tunisia,3013,39458,Bir Lahmar,2021,0.19086331,0.18583307
Tunisia,3013,39458,Bir Lahmar,2022,0.13733813,0.13477153
Tunisia,3013,39458,Bir Lahmar,2023,0.13363163,0.1287759
Tunisia,3013,39458,Bir Lahmar,2024,0.15132356,0.14587541
Tunisia,3013,39459,Dhiba,2015,0.10761669,0.10761669
Tunisia,3013,39459,Dhiba,2016,0.12647781,0.12647781
Tunisia,3013,39459,Dhiba,2017,0.122005716,0.122005716
Tunisia,3013,39459,Dhiba,2018,0.12647781,0.12647781
Tunisia,3013,39459,Dhiba,2019,0.12692702,0.12692702
Tunisia,3013,39459,Dhiba,2020,0.12586121,0.12586121
Tunisia,3013,39459,Dhiba,2021,0.12388447,0.12388447
Tunisia,3013,39459,Dhiba,2022,0.12026906,0.12026906
Tunisia,3013,39459,Dhiba,2023,0.12026906,0.12026906
Tunisia,3013,39459,Dhiba,2024,0.12614928,0.12614928
Tunisia,3013,39460,Ghomrassen,2015,0.1349814,0.1368172
Tunisia,3013,39460,Ghomrassen,2016,0.15755665,0.15583038
Tunisia,3013,39460,Ghomrassen,2017,0.14009869,0.14180917
Tunisia,3013,39460,Ghomrassen,2018,0.12015468,0.120359905
Tunisia,3013,39460,Ghomrassen,2019,0.10974548,0.11279787
Tunisia,3013,39460,Ghomrassen,2020,0.10878314,0.11052388
Tunisia,3013,39460,Ghomrassen,2021,0.10625565,0.10790131
Tunisia,3013,39460,Ghomrassen,2022,0.10654848,0.108691275
Tunisia,3013,39460,Ghomrassen,2023,0.104143,0.10568613
Tunisia,3013,39460,Ghomrassen,2024,0.08723176,0.08943136
Tunisia,3013,39461,Remada,2015,0.15803789,0.15372346
Tunisia,3013,39461,Remada,2016,0.16518722,0.16200355
Tunisia,3013,39461,Remada,2017,0.16411805,0.16015136
Tunisia,3013,39461,Remada,2018,0.17177823,0.16699438
Tunisia,3013,39461,Remada,2019,0.16401678,0.16054308
Tunisia,3013,39461,Remada,2020,0.15472052,0.15047637
Tunisia,3013,39461,Remada,2021,0.15565401,0.15114741
Tunisia,3013,39461,Remada,2022,0.14956217,0.145176
Tunisia,3013,39461,Remada,2023,0.13473025,0.14127655
Tunisia,3013,39461,Remada,2024,0.13454819,0.14171717
Tunisia,3013,39462,Samar,2015,0.24873784,0.24133448
Tunisia,3013,39462,Samar,2016,0.24357866,0.24261905
Tunisia,3013,39462,Samar,2017,0.23614164,0.22965448
Tunisia,3013,39462,Samar,2018,0.20298773,0.20244628
Tunisia,3013,39462,Samar,2019,0.20434606,0.20143828
Tunisia,3013,39462,Samar,2020,0.20133066,0.19730555
Tunisia,3013,39462,Samar,2021,0.19123766,0.19294381
Tunisia,3013,39462,Samar,2022,0.19536635,0.19207615
Tunisia,3013,39462,Samar,2023,0.18728405,0.18667239
Tunisia,3013,39462,Samar,2024,0.17847279,0.1765197
Tunisia,3013,39463,Tataouine Nord,2015,0.09873292,0.10350584
Tunisia,3013,39463,Tataouine Nord,2016,0.10027759,0.10173816
Tunisia,3013,39463,Tataouine Nord,2017,0.092971504,0.09804016
Tunisia,3013,39463,Tataouine Nord,2018,0.09995053,0.10081455
Tunisia,3013,39463,Tataouine Nord,2019,0.09883298,0.0986795
Tunisia,3013,39463,Tataouine Nord,2020,0.099013604,0.102363594
Tunisia,3013,39463,Tataouine Nord,2021,0.10038417,0.100665025
Tunisia,3013,39463,Tataouine Nord,2022,0.095225625,0.099331744
Tunisia,3013,39463,Tataouine Nord,2023,0.095653705,0.09819966
Tunisia,3013,39463,Tataouine Nord,2024,0.092317276,0.09793059
Tunisia,3013,39464,Tataouine Sud,2015,0.13800454,0.1470317
Tunisia,3013,39464,Tataouine Sud,2016,0.12589154,0.13212144
Tunisia,3013,39464,Tataouine Sud,2017,0.14147983,0.14348581
Tunisia,3013,39464,Tataouine Sud,2018,0.14388981,0.15375997
Tunisia,3013,39464,Tataouine Sud,2019,0.13919279,0.14541483
Tunisia,3013,39464,Tataouine Sud,2020,0.138735,0.14312568
Tunisia,3013,39464,Tataouine Sud,2021,0.12379457,0.12905192
Tunisia,3013,39464,Tataouine Sud,2022,0.1323357,0.13174774
Tunisia,3013,39464,Tataouine Sud,2023,0.12452818,0.12806295
Tunisia,3013,39464,Tataouine Sud,2024,0.12791592,0.13236763
Tunisia,3014,39465,Degueche,2015,0.38155618,0.3709391
Tunisia,3014,39465,Degueche,2016,0.3837482,0.3548566
Tunisia,3014,39465,Degueche,2017,0.3522384,0.32078713
Tunisia,3014,39465,Degueche,2018,0.35024953,0.32092395
Tunisia,3014,39465,Degueche,2019,0.35899758,0.3286943
Tunisia,3014,39465,Degueche,2020,0.37949342,0.34768486
Tunisia,3014,39465,Degueche,2021,0.3260817,0.30360162
Tunisia,3014,39465,Degueche,2022,0.33572805,0.30722016
Tunisia,3014,39465,Degueche,2023,0.35299784,0.3209608
Tunisia,3014,39465,Degueche,2024,0.34738395,0.3133942
Tunisia,3014,39466,Hazoua,2015,0.26139265,0.25179783
Tunisia,3014,39466,Hazoua,2016,0.2424084,0.23605214
Tunisia,3014,39466,Hazoua,2017,0.20502527,0.19471288
Tunisia,3014,39466,Hazoua,2018,0.20201081,0.19367874
Tunisia,3014,39466,Hazoua,2019,0.23119459,0.22273451
Tunisia,3014,39466,Hazoua,2020,0.20711145,0.1959344
Tunisia,3014,39466,Hazoua,2021,0.1702141,0.15632497
Tunisia,3014,39466,Hazoua,2022,0.16347769,0.14905494
Tunisia,3014,39466,Hazoua,2023,0.17056769,0.15130572
Tunisia,3014,39466,Hazoua,2024,0.18136337,0.16432899
Tunisia,3014,39467,Nafta,2015,0.2998911,0.2782418
Tunisia,3014,39467,Nafta,2016,0.21678527,0.1864617
Tunisia,3014,39467,Nafta,2017,0.17534985,0.14829852
Tunisia,3014,39467,Nafta,2018,0.17149346,0.13968349
Tunisia,3014,39467,Nafta,2019,0.17601682,0.15667039
Tunisia,3014,39467,Nafta,2020,0.1522326,0.1522326
Tunisia,3014,39467,Nafta,2021,0.12505585,0.12505585
Tunisia,3014,39467,Nafta,2022,0.16765916,0.14079335
Tunisia,3014,39467,Nafta,2023,0.18315393,0.16872671
Tunisia,3014,39467,Nafta,2024,0.17657863,0.14744048
Tunisia,3014,39468,Tamaghza,2015,0.13764994,0.13966583
Tunisia,3014,39468,Tamaghza,2016,0.14045192,0.14053692
Tunisia,3014,39468,Tamaghza,2017,0.15006234,0.14708997
Tunisia,3014,39468,Tamaghza,2018,0.13848494,0.13533685
Tunisia,3014,39468,Tamaghza,2019,0.14653805,0.14311856
Tunisia,3014,39468,Tamaghza,2020,0.13390416,0.13286842
Tunisia,3014,39468,Tamaghza,2021,0.13068813,0.12828578
Tunisia,3014,39468,Tamaghza,2022,0.13184766,0.12580541
Tunisia,3014,39468,Tamaghza,2023,0.14849953,0.14387213
Tunisia,3014,39468,Tamaghza,2024,0.13434371,0.13027032
Tunisia,3014,39469,Tozeur,2015,0.28005558,0.26358134
Tunisia,3014,39469,Tozeur,2016,0.25792196,0.2011962
Tunisia,3014,39469,Tozeur,2017,0.21669224,0.16120484
Tunisia,3014,39469,Tozeur,2018,0.24034189,0.18873727
Tunisia,3014,39469,Tozeur,2019,0.22510906,0.17143172
Tunisia,3014,39469,Tozeur,2020,0.22364065,0.16600047
Tunisia,3014,39469,Tozeur,2021,0.22918555,0.1850274
Tunisia,3014,39469,Tozeur,2022,0.1830473,0.11606591
Tunisia,3014,39469,Tozeur,2023,0.19350982,0.13217846
Tunisia,3014,39469,Tozeur,2024,0.1921652,0.13668892
Tunisia,3015,39470,Bab Bhar,2015,0.03946968,0.038872436
Tunisia,3015,39470,Bab Bhar,2016,0.037578586,0.03698133
Tunisia,3015,39470,Bab Bhar,2017,0.042283334,0.04168608
Tunisia,3015,39470,Bab Bhar,2018,0.04012002,0.039132413
Tunisia,3015,39470,Bab Bhar,2019,0.043249805,0.042262204
Tunisia,3015,39470,Bab Bhar,2020,0.036787808,0.03580914
Tunisia,3015,39470,Bab Bhar,2021,0.036912598,0.03516168
Tunisia,3015,39470,Bab Bhar,2022,0.041408714,0.04042111
Tunisia,3015,39470,Bab Bhar,2023,0.041948516,0.04135126
Tunisia,3015,39470,Bab Bhar,2024,0.040077228,0.039089628
Tunisia,3015,39471,Bab Souika,2015,0.1035755,0.102587916
Tunisia,3015,39471,Bab Souika,2016,0.082827985,0.0818404
Tunisia,3015,39471,Bab Souika,2017,0.08025563,0.07926803
Tunisia,3015,39471,Bab Souika,2018,0.0806552,0.07966761
Tunisia,3015,39471,Bab Souika,2019,0.08058344,0.079604775
Tunisia,3015,39471,Bab Souika,2020,0.08013827,0.07915961
Tunisia,3015,39471,Bab Souika,2021,0.08351058,0.08252299
Tunisia,3015,39471,Bab Souika,2022,0.083733045,0.083135806
Tunisia,3015,39471,Bab Souika,2023,0.09434052,0.09374327
Tunisia,3015,39471,Bab Souika,2024,0.09184632,0.09085873
Tunisia,3015,39472,Bardo,2015,0.06924428,0.06825667
Tunisia,3015,39472,Bardo,2016,0.07116341,0.070175804
Tunisia,3015,39472,Bardo,2017,0.06740655,0.06641894
Tunisia,3015,39472,Bardo,2018,0.06972233,0.06873473
Tunisia,3015,39472,Bardo,2019,0.06516203,0.064183354
Tunisia,3015,39472,Bardo,2020,0.071865536,0.07088686
Tunisia,3015,39472,Bardo,2021,0.06972233,0.06873473
Tunisia,3015,39472,Bardo,2022,0.065893196,0.065295935
Tunisia,3015,39472,Bardo,2023,0.06871529,0.068118036
Tunisia,3015,39472,Bardo,2024,0.06924428,0.06825667
Tunisia,3015,39473,Carthage,2015,0.03593341,0.03692929
Tunisia,3015,39473,Carthage,2016,0.036083367,0.034478445
Tunisia,3015,39473,Carthage,2017,0.04060133,0.03729796
Tunisia,3015,39473,Carthage,2018,0.035281543,0.031258192
Tunisia,3015,39473,Carthage,2019,0.037652593,0.033629254
Tunisia,3015,39473,Carthage,2020,0.038047086,0.034023732
Tunisia,3015,39473,Carthage,2021,0.033583578,0.031978667
Tunisia,3015,39473,Carthage,2022,0.03921179,0.035188433
Tunisia,3015,39473,Carthage,2023,0.036420688,0.033577356
Tunisia,3015,39473,Carthage,2024,0.03696572,0.0365408
Tunisia,3015,39474,El Harairria,2015,0.059211783,0.041283753
Tunisia,3015,39474,El Harairria,2016,0.059211783,0.041283753
Tunisia,3015,39474,El Harairria,2017,0.056390453,0.038066268
Tunisia,3015,39474,El Harairria,2018,0.056700006,0.038375814
Tunisia,3015,39474,El Harairria,2019,0.055845164,0.037520982
Tunisia,3015,39474,El Harairria,2020,0.05609672,0.036853325
Tunisia,3015,39474,El Harairria,2021,0.057903137,0.03865973
Tunisia,3015,39474,El Harairria,2022,0.05891211,0.03966871
Tunisia,3015,39474,El Harairria,2023,0.059030242,0.05341803
Tunisia,3015,39474,El Harairria,2024,0.060822994,0.041579593
Tunisia,3015,39475,El Kabaria,2015,0.04697269,0.046455637
Tunisia,3015,39475,El Kabaria,2016,0.049101356,0.04858431
Tunisia,3015,39475,El Kabaria,2017,0.046820205,0.04631208
Tunisia,3015,39475,El Kabaria,2018,0.043715656,0.043207534
Tunisia,3015,39475,El Kabaria,2019,0.04404148,0.042761113
Tunisia,3015,39475,El Kabaria,2020,0.04404148,0.04353336
Tunisia,3015,39475,El Kabaria,2021,0.041502804,0.04022243
Tunisia,3015,39475,El Kabaria,2022,0.048874583,0.048357528
Tunisia,3015,39475,El Kabaria,2023,0.04783752,0.04771081
Tunisia,3015,39475,El Kabaria,2024,0.045905236,0.045388177
Tunisia,3015,39476,El Khadra,2015,0.0076686577,0.0041817077
Tunisia,3015,39476,El Khadra,2016,0.0076198336,0.0040912735
Tunisia,3015,39476,El Khadra,2017,0.0070004915,0.0035135432
Tunisia,3015,39476,El Khadra,2018,0.0070004915,0.003471932
Tunisia,3015,39476,El Khadra,2019,0.0087890625,0.0053021135
Tunisia,3015,39476,El Khadra,2020,0.007566489,0.004079539
Tunisia,3015,39476,El Khadra,2021,0.007232292,0.0037037323
Tunisia,3015,39476,El Khadra,2022,0.009096472,0.0055679134
Tunisia,3015,39476,El Khadra,2023,0.008654208,0.003373073
Tunisia,3015,39476,El Khadra,2024,0.009636579,0.006108018
Tunisia,3015,39477,El Kram,2015,0.03454788,0.027775282
Tunisia,3015,39477,El Kram,2016,0.03656234,0.035281967
Tunisia,3015,39477,El Kram,2017,0.03136735,0.024594747
Tunisia,3015,39477,El Kram,2018,0.030575586,0.023343777
Tunisia,3015,39477,El Kram,2019,0.029859552,0.023671146
Tunisia,3015,39477,El Kram,2020,0.02975727,0.023343777
Tunisia,3015,39477,El Kram,2021,0.030450854,0.023678249
Tunisia,3015,39477,El Kram,2022,0.029807804,0.023035198
Tunisia,3015,39477,El Kram,2023,0.03197266,0.030692289
Tunisia,3015,39477,El Kram,2024,0.030987434,0.024015976
Tunisia,3015,39478,El Marsa,2015,0.02045862,0.01654299
Tunisia,3015,39478,El Marsa,2016,0.019767249,0.015851624
Tunisia,3015,39478,El Marsa,2017,0.016981758,0.014827321
Tunisia,3015,39478,El Marsa,2018,0.01958343,0.017428996
Tunisia,3015,39478,El Marsa,2019,0.01946806,0.016863717
Tunisia,3015,39478,El Marsa,2020,0.01976024,0.015844613
Tunisia,3015,39478,El Marsa,2021,0.019910913,0.016445192
Tunisia,3015,39478,El Marsa,2022,0.021040872,0.017125245
Tunisia,3015,39478,El Marsa,2023,0.019156834,0.016552487
Tunisia,3015,39478,El Marsa,2024,0.023233734,0.019714275
Tunisia,3015,39479,El Menzah,2015,0.059552096,0.051614102
Tunisia,3015,39479,El Menzah,2016,0.051810633,0.043602858
Tunisia,3015,39479,El Menzah,2017,0.05656397,0.047329683
Tunisia,3015,39479,El Menzah,2018,0.051774833,0.044604182
Tunisia,3015,39479,El Menzah,2019,0.051523346,0.045690604
Tunisia,3015,39479,El Menzah,2020,0.052106902,0.045332655
Tunisia,3015,39479,El Menzah,2021,0.051233258,0.04410421
Tunisia,3015,39479,El Menzah,2022,0.049468104,0.04367876
Tunisia,3015,39479,El Menzah,2023,0.04915451,0.041666046
Tunisia,3015,39479,El Menzah,2024,0.048931357,0.043142013
Tunisia,3015,39480,El Querdia,2015,0.07652975,0.06981142
Tunisia,3015,39480,El Querdia,2016,0.08289742,0.078526564
Tunisia,3015,39480,El Querdia,2017,0.07445472,0.07008384
Tunisia,3015,39480,El Querdia,2018,0.084046654,0.07842339
Tunisia,3015,39480,El Querdia,2019,0.0739658,0.07221488
Tunisia,3015,39480,El Querdia,2020,0.0739658,0.071635604
Tunisia,3015,39480,El Querdia,2021,0.083293125,0.075934924
Tunisia,3015,39480,El Querdia,2022,0.07418742,0.073208734
Tunisia,3015,39480,El Querdia,2023,0.07938966,0.07879239
Tunisia,3015,39480,El Querdia,2024,0.08392286,0.08110593
Tunisia,3015,39481,El Tahrir,2015,0.09393312,0.09294553
Tunisia,3015,39481,El Tahrir,2016,0.09597913,0.095381886
Tunisia,3015,39481,El Tahrir,2017,0.09546075,0.09447316
Tunisia,3015,39481,El Tahrir,2018,0.09135926,0.09037168
Tunisia,3015,39481,El Tahrir,2019,0.08247466,0.08149601
Tunisia,3015,39481,El Tahrir,2020,0.094187446,0.09319986
Tunisia,3015,39481,El Tahrir,2021,0.09132014,0.09033255
Tunisia,3015,39481,El Tahrir,2022,0.09564821,0.09505097
Tunisia,3015,39481,El Tahrir,2023,0.09496413,0.094366886
Tunisia,3015,39481,El Tahrir,2024,0.09487403,0.09388645
Tunisia,3015,39482,Ezouhour,2015,0.046739437,0.045751832
Tunisia,3015,39482,Ezouhour,2016,0.04897928,0.048852574
Tunisia,3015,39482,Ezouhour,2017,0.04895101,0.048442893
Tunisia,3015,39482,Ezouhour,2018,0.048720274,0.048593566
Tunisia,3015,39482,Ezouhour,2019,0.050526675,0.050399974
Tunisia,3015,39482,Ezouhour,2020,0.048498612,0.047981553
Tunisia,3015,39482,Ezouhour,2021,0.04895101,0.048442893
Tunisia,3015,39482,Ezouhour,2022,0.04940577,0.04927906
Tunisia,3015,39482,Ezouhour,2023,0.050526675,0.050399974
Tunisia,3015,39482,Ezouhour,2024,0.051845033,0.051718336
Tunisia,3015,39483,Jbel Jloud,2015,0.09962838,0.09903113
Tunisia,3015,39483,Jbel Jloud,2016,0.08927636,0.0886791
Tunisia,3015,39483,Jbel Jloud,2017,0.088201344,0.08760409
Tunisia,3015,39483,Jbel Jloud,2018,0.08819974,0.087212145
Tunisia,3015,39483,Jbel Jloud,2019,0.087879896,0.0868923
Tunisia,3015,39483,Jbel Jloud,2020,0.087879896,0.0868923
Tunisia,3015,39483,Jbel Jloud,2021,0.08729627,0.08630868
Tunisia,3015,39483,Jbel Jloud,2022,0.08878498,0.08818772
Tunisia,3015,39483,Jbel Jloud,2023,0.08861101,0.08861101
Tunisia,3015,39483,Jbel Jloud,2024,0.08942598,0.08882872
Tunisia,3015,39484,La Goulette,2015,0.04097172,0.042016067
Tunisia,3015,39484,La Goulette,2016,0.03775148,0.0387869
Tunisia,3015,39484,La Goulette,2017,0.03522672,0.036271073
Tunisia,3015,39484,La Goulette,2018,0.03468855,0.029545186
Tunisia,3015,39484,La Goulette,2019,0.03248915,0.027345788
Tunisia,3015,39484,La Goulette,2020,0.034970075,0.02982671
Tunisia,3015,39484,La Goulette,2021,0.034788758,0.035833113
Tunisia,3015,39484,La Goulette,2022,0.035395637,0.03643999
Tunisia,3015,39484,La Goulette,2023,0.040080294,0.040725358
Tunisia,3015,39484,La Goulette,2024,0.038603723,0.033460367
Tunisia,3015,39485,Medina,2015,0.0960459,0.09544865
Tunisia,3015,39485,Medina,2016,0.09290101,0.09230375
Tunisia,3015,39485,Medina,2017,0.09305413,0.092456885
Tunisia,3015,39485,Medina,2018,0.0927967,0.092199475
Tunisia,3015,39485,Medina,2019,0.092751384,0.09215413
Tunisia,3015,39485,Medina,2020,0.092751384,0.09215413
Tunisia,3015,39485,Medina,2021,0.09973869,0.09914145
Tunisia,3015,39485,Medina,2022,0.10032233,0.09972508
Tunisia,3015,39485,Medina,2023,0.09965698,0.09905973
Tunisia,3015,39485,Medina,2024,0.10032233,0.09972508
Tunisia,3015,39486,Omrane,2015,0.06131568,0.060337003
Tunisia,3015,39486,Omrane,2016,0.06080396,0.059825283
Tunisia,3015,39486,Omrane,2017,0.05197563,0.05022471
Tunisia,3015,39486,Omrane,2018,0.05115711,0.049406182
Tunisia,3015,39486,Omrane,2019,0.05074911,0.04899818
Tunisia,3015,39486,Omrane,2020,0.04153908,0.03524171
Tunisia,3015,39486,Omrane,2021,0.04090192,0.034604553
Tunisia,3015,39486,Omrane,2022,0.038042136,0.037063457
Tunisia,3015,39486,Omrane,2023,0.044029746,0.04304214
Tunisia,3015,39486,Omrane,2024,0.041884426,0.040133506
Tunisia,3015,39487,Omrane Superieur,2015,0.092751384,0.09215413
Tunisia,3015,39487,Omrane Superieur,2016,0.09353157,0.092934325
Tunisia,3015,39487,Omrane Superieur,2017,0.09242356,0.09182631
Tunisia,3015,39487,Omrane Superieur,2018,0.09091739,0.09032016
Tunisia,3015,39487,Omrane Superieur,2019,0.08114901,0.08055176
Tunisia,3015,39487,Omrane Superieur,2020,0.08114901,0.08055176
Tunisia,3015,39487,Omrane Superieur,2021,0.08056538,0.079968125
Tunisia,3015,39487,Omrane Superieur,2022,0.09150104,0.090903796
Tunisia,3015,39487,Omrane Superieur,2023,0.0807667,0.08016944
Tunisia,3015,39487,Omrane Superieur,2024,0.09098932,0.090392075
Tunisia,3015,39488,Sidi Bechir,2015,0.08034639,0.079358816
Tunisia,3015,39488,Sidi Bechir,2016,0.07962306,0.07902582
Tunisia,3015,39488,Sidi Bechir,2017,0.07316841,0.07257116
Tunisia,3015,39488,Sidi Bechir,2018,0.08060681,0.07961922
Tunisia,3015,39488,Sidi Bechir,2019,0.073493525,0.07250592
Tunisia,3015,39488,Sidi Bechir,2020,0.08048515,0.079497546
Tunisia,3015,39488,Sidi Bechir,2021,0.07812732,0.077139735
Tunisia,3015,39488,Sidi Bechir,2022,0.07211496,0.071517706
Tunisia,3015,39488,Sidi Bechir,2023,0.07934178,0.07874453
Tunisia,3015,39488,Sidi Bechir,2024,0.08327021,0.08267297
Tunisia,3015,39489,Sidi Hassine,2015,0.12555487,0.11438804
Tunisia,3015,39489,Sidi Hassine,2016,0.12090657,0.107346505
Tunisia,3015,39489,Sidi Hassine,2017,0.12043902,0.110072464
Tunisia,3015,39489,Sidi Hassine,2018,0.13130489,0.118861966
Tunisia,3015,39489,Sidi Hassine,2019,0.11977235,0.10638452
Tunisia,3015,39489,Sidi Hassine,2020,0.11917365,0.106781386
Tunisia,3015,39489,Sidi Hassine,2021,0.121557474,0.10916607
Tunisia,3015,39489,Sidi Hassine,2022,0.10569359,0.096075
Tunisia,3015,39489,Sidi Hassine,2023,0.1267848,0.1133276
Tunisia,3015,39489,Sidi Hassine,2024,0.10602263,0.09473279
Tunisia,3015,39490,Sijoumi,2015,0.091774896,0.09117765
Tunisia,3015,39490,Sijoumi,2016,0.092373595,0.09177633
Tunisia,3015,39490,Sijoumi,2017,0.09602016,0.09542292
Tunisia,3015,39490,Sijoumi,2018,0.090514176,0.08991692
Tunisia,3015,39490,Sijoumi,2019,0.08092144,0.0803242
Tunisia,3015,39490,Sijoumi,2020,0.080461554,0.079864316
Tunisia,3015,39490,Sijoumi,2021,0.09235518,0.091757946
Tunisia,3015,39490,Sijoumi,2022,0.08136879,0.08077155
Tunisia,3015,39490,Sijoumi,2023,0.09919204,0.0985948
Tunisia,3015,39490,Sijoumi,2024,0.103202835,0.102605596
Tunisia,3016,39491,Bir M'charga,2015,0.16350959,0.14829245
Tunisia,3016,39491,Bir M'charga,2016,0.1595557,0.1416572
Tunisia,3016,39491,Bir M'charga,2017,0.17216267,0.13859834
Tunisia,3016,39491,Bir M'charga,2018,0.18520598,0.15652688
Tunisia,3016,39491,Bir M'charga,2019,0.18984863,0.15380079
Tunisia,3016,39491,Bir M'charga,2020,0.17222294,0.14242223
Tunisia,3016,39491,Bir M'charga,2021,0.16378449,0.13378721
Tunisia,3016,39491,Bir M'charga,2022,0.14708187,0.12611672
Tunisia,3016,39491,Bir M'charga,2023,0.13850649,0.14119847
Tunisia,3016,39491,Bir M'charga,2024,0.17029297,0.13731311
Tunisia,3016,39492,Fahs,2015,0.1867955,0.18799224
Tunisia,3016,39492,Fahs,2016,0.18218908,0.1858814
Tunisia,3016,39492,Fahs,2017,0.18270802,0.18233392
Tunisia,3016,39492,Fahs,2018,0.18799973,0.18591402
Tunisia,3016,39492,Fahs,2019,0.17859077,0.1758571
Tunisia,3016,39492,Fahs,2020,0.16931883,0.17274304
Tunisia,3016,39492,Fahs,2021,0.150111,0.15370642
Tunisia,3016,39492,Fahs,2022,0.1471487,0.1504638
Tunisia,3016,39492,Fahs,2023,0.14465232,0.1479999
Tunisia,3016,39492,Fahs,2024,0.1317147,0.13194373
Tunisia,3016,39493,Nadhour,2015,0.21170571,0.21711513
Tunisia,3016,39493,Nadhour,2016,0.20108926,0.20106743
Tunisia,3016,39493,Nadhour,2017,0.18581519,0.18210286
Tunisia,3016,39493,Nadhour,2018,0.1857782,0.19660959
Tunisia,3016,39493,Nadhour,2019,0.14666781,0.15435365
Tunisia,3016,39493,Nadhour,2020,0.16940993,0.1730065
Tunisia,3016,39493,Nadhour,2021,0.1619254,0.17110163
Tunisia,3016,39493,Nadhour,2022,0.14538483,0.1558647
Tunisia,3016,39493,Nadhour,2023,0.114522725,0.13222952
Tunisia,3016,39493,Nadhour,2024,0.136487,0.14932871
Tunisia,3016,39494,Saouaf,2015,0.26333535,0.25419793
Tunisia,3016,39494,Saouaf,2016,0.2597164,0.25336146
Tunisia,3016,39494,Saouaf,2017,0.25754774,0.251615
Tunisia,3016,39494,Saouaf,2018,0.25873026,0.2551448
Tunisia,3016,39494,Saouaf,2019,0.25772038,0.24796909
Tunisia,3016,39494,Saouaf,2020,0.27464852,0.26484066
Tunisia,3016,39494,Saouaf,2021,0.23476796,0.23635468
Tunisia,3016,39494,Saouaf,2022,0.20637837,0.20764685
Tunisia,3016,39494,Saouaf,2023,0.19234307,0.20641625
Tunisia,3016,39494,Saouaf,2024,0.2208431,0.2098099
Tunisia,3016,39495,Zaghouan,2015,0.18090627,0.1359598
Tunisia,3016,39495,Zaghouan,2016,0.17250869,0.14020109
Tunisia,3016,39495,Zaghouan,2017,0.16962425,0.119784646
Tunisia,3016,39495,Zaghouan,2018,0.16264339,0.12316105
Tunisia,3016,39495,Zaghouan,2019,0.16697484,0.11812396
Tunisia,3016,39495,Zaghouan,2020,0.14889371,0.1170449
Tunisia,3016,39495,Zaghouan,2021,0.14237353,0.10779898
Tunisia,3016,39495,Zaghouan,2022,0.12869503,0.107806034
Tunisia,3016,39495,Zaghouan,2023,0.12951235,0.12324546
Tunisia,3016,39495,Zaghouan,2024,0.14289525,0.11777421
Tunisia,3016,39496,Zriba,2015,0.19023536,0.14407319
Tunisia,3016,39496,Zriba,2016,0.1673336,0.12820908
Tunisia,3016,39496,Zriba,2017,0.18121645,0.13561623
Tunisia,3016,39496,Zriba,2018,0.19050995,0.1501817
Tunisia,3016,39496,Zriba,2019,0.20054936,0.14570203
Tunisia,3016,39496,Zriba,2020,0.18055898,0.13428354
Tunisia,3016,39496,Zriba,2021,0.1745526,0.13426352
Tunisia,3016,39496,Zriba,2022,0.16601373,0.13274269
Tunisia,3016,39496,Zriba,2023,0.14596204,0.13599484
Tunisia,3016,39496,Zriba,2024,0.17237851,0.12745589
Turkey,3017,27448,Aladag,2015,0.1995861,0.18661804
Turkey,3017,27448,Aladag,2016,0.21756345,0.20247044
Turkey,3017,27448,Aladag,2017,0.21222271,0.19805214
Turkey,3017,27448,Aladag,2018,0.22632349,0.21252763
Turkey,3017,27448,Aladag,2019,0.2276594,0.21351603
Turkey,3017,27448,Aladag,2020,0.2281675,0.21734217
Turkey,3017,27448,Aladag,2021,0.2281625,0.22196352
Turkey,3017,27448,Aladag,2022,0.23724821,0.22772586
Turkey,3017,27448,Aladag,2023,0.22905192,0.21053615
Turkey,3017,27448,Aladag,2024,0.23160051,0.21608022
Turkey,3017,27449,Ceyhan,2015,0.07274132,0.067213096
Turkey,3017,27449,Ceyhan,2016,0.075111255,0.06958303
Turkey,3017,27449,Ceyhan,2017,0.07472045,0.0691922
Turkey,3017,27449,Ceyhan,2018,0.08756055,0.07043147
Turkey,3017,27449,Ceyhan,2019,0.09037356,0.071587555
Turkey,3017,27449,Ceyhan,2020,0.0858301,0.07056531
Turkey,3017,27449,Ceyhan,2021,0.083093315,0.07223503
Turkey,3017,27449,Ceyhan,2022,0.072729,0.06656493
Turkey,3017,27449,Ceyhan,2023,0.07814931,0.068265565
Turkey,3017,27449,Ceyhan,2024,0.08131199,0.07375803
Turkey,3017,27450,Feke,2015,0.29296708,0.17658938
Turkey,3017,27450,Feke,2016,0.2796185,0.16515835
Turkey,3017,27450,Feke,2017,0.2831039,0.17595932
Turkey,3017,27450,Feke,2018,0.2988305,0.20268972
Turkey,3017,27450,Feke,2019,0.2879601,0.1925169
Turkey,3017,27450,Feke,2020,0.29203993,0.18869984
Turkey,3017,27450,Feke,2021,0.26660678,0.16428076
Turkey,3017,27450,Feke,2022,0.2511149,0.13158411
Turkey,3017,27450,Feke,2023,0.22998583,0.13404405
Turkey,3017,27450,Feke,2024,0.2458641,0.13413298
Turkey,3017,27451,Imamoglu,2015,0.1084167,0.08681008
Turkey,3017,27451,Imamoglu,2016,0.10184998,0.08939998
Turkey,3017,27451,Imamoglu,2017,0.08943128,0.078726396
Turkey,3017,27451,Imamoglu,2018,0.10383539,0.082021624
Turkey,3017,27451,Imamoglu,2019,0.10584828,0.0797258
Turkey,3017,27451,Imamoglu,2020,0.10549987,0.07908911
Turkey,3017,27451,Imamoglu,2021,0.101836205,0.077771656
Turkey,3017,27451,Imamoglu,2022,0.10221633,0.08063984
Turkey,3017,27451,Imamoglu,2023,0.10677442,0.080236025
Turkey,3017,27451,Imamoglu,2024,0.106100336,0.08099464
Turkey,3017,27452,Karaisali,2015,0.17597717,0.108925
Turkey,3017,27452,Karaisali,2016,0.1688971,0.10652578
Turkey,3017,27452,Karaisali,2017,0.17696151,0.12056011
Turkey,3017,27452,Karaisali,2018,0.1956487,0.12234564
Turkey,3017,27452,Karaisali,2019,0.18631083,0.12230639
Turkey,3017,27452,Karaisali,2020,0.17596081,0.109304324
Turkey,3017,27452,Karaisali,2021,0.15943977,0.09892536
Turkey,3017,27452,Karaisali,2022,0.15385848,0.09821224
Turkey,3017,27452,Karaisali,2023,0.15405107,0.09689506
Turkey,3017,27452,Karaisali,2024,0.16934404,0.11091364
Turkey,3017,27453,Karatas,2015,0.17317608,0.095426165
Turkey,3017,27453,Karatas,2016,0.19516967,0.10884353
Turkey,3017,27453,Karatas,2017,0.17334248,0.094362386
Turkey,3017,27453,Karatas,2018,0.2303646,0.15177037
Turkey,3017,27453,Karatas,2019,0.21195889,0.1368686
Turkey,3017,27453,Karatas,2020,0.19445576,0.120470695
Turkey,3017,27453,Karatas,2021,0.18977578,0.13524427
Turkey,3017,27453,Karatas,2022,0.16656068,0.10170627
Turkey,3017,27453,Karatas,2023,0.17512946,0.13532181
Turkey,3017,27453,Karatas,2024,0.1756081,0.1359189
Turkey,3017,27454,Kozan,2015,0.12560809,0.0902851
Turkey,3017,27454,Kozan,2016,0.111164466,0.07060321
Turkey,3017,27454,Kozan,2017,0.10910098,0.06939822
Turkey,3017,27454,Kozan,2018,0.12581198,0.14097536
Turkey,3017,27454,Kozan,2019,0.11113491,0.12516826
Turkey,3017,27454,Kozan,2020,0.11042024,0.10562745
Turkey,3017,27454,Kozan,2021,0.10237947,0.098931365
Turkey,3017,27454,Kozan,2022,0.09526022,0.09282547
Turkey,3017,27454,Kozan,2023,0.10251641,0.110834464
Turkey,3017,27454,Kozan,2024,0.11041059,0.10670359
Turkey,3017,27455,Pozanti,2015,0.23298678,0.12571429
Turkey,3017,27455,Pozanti,2016,0.22599594,0.12037918
Turkey,3017,27455,Pozanti,2017,0.22773305,0.12465996
Turkey,3017,27455,Pozanti,2018,0.20698018,0.12169392
Turkey,3017,27455,Pozanti,2019,0.2130712,0.121713914
Turkey,3017,27455,Pozanti,2020,0.21383536,0.123100236
Turkey,3017,27455,Pozanti,2021,0.20398924,0.116523065
Turkey,3017,27455,Pozanti,2022,0.20286041,0.11060682
Turkey,3017,27455,Pozanti,2023,0.20011355,0.11430519
Turkey,3017,27455,Pozanti,2024,0.20028147,0.11376521
Turkey,3017,27456,Saimbeyli,2015,0.24589813,0.1668081
Turkey,3017,27456,Saimbeyli,2016,0.2253478,0.14510705
Turkey,3017,27456,Saimbeyli,2017,0.27823687,0.20170683
Turkey,3017,27456,Saimbeyli,2018,0.27623534,0.18359801
Turkey,3017,27456,Saimbeyli,2019,0.27809656,0.19794938
Turkey,3017,27456,Saimbeyli,2020,0.2725078,0.1848244
Turkey,3017,27456,Saimbeyli,2021,0.28901774,0.21142985
Turkey,3017,27456,Saimbeyli,2022,0.24435505,0.17614397
Turkey,3017,27456,Saimbeyli,2023,0.2271153,0.16130687
Turkey,3017,27456,Saimbeyli,2024,0.25083947,0.16366494
Turkey,3017,27457,Seyhan,2015,0.05441045,0.043023214
Turkey,3017,27457,Seyhan,2016,0.05711932,0.046060275
Turkey,3017,27457,Seyhan,2017,0.051741514,0.04239899
Turkey,3017,27457,Seyhan,2018,0.06239045,0.051217254
Turkey,3017,27457,Seyhan,2019,0.060877685,0.049153276
Turkey,3017,27457,Seyhan,2020,0.04473937,0.042358354
Turkey,3017,27457,Seyhan,2021,0.04521386,0.040889524
Turkey,3017,27457,Seyhan,2022,0.042090688,0.037873898
Turkey,3017,27457,Seyhan,2023,0.047232263,0.04379885
Turkey,3017,27457,Seyhan,2024,0.035739318,0.034272026
Turkey,3017,27458,Tufanbeyli,2015,0.17550932,0.17255297
Turkey,3017,27458,Tufanbeyli,2016,0.16573936,0.15996468
Turkey,3017,27458,Tufanbeyli,2017,0.1782288,0.17434353
Turkey,3017,27458,Tufanbeyli,2018,0.1695651,0.16636574
Turkey,3017,27458,Tufanbeyli,2019,0.17773241,0.17204897
Turkey,3017,27458,Tufanbeyli,2020,0.18493044,0.1789299
Turkey,3017,27458,Tufanbeyli,2021,0.18453053,0.17423579
Turkey,3017,27458,Tufanbeyli,2022,0.1781277,0.16771345
Turkey,3017,27458,Tufanbeyli,2023,0.16845797,0.15217051
Turkey,3017,27458,Tufanbeyli,2024,0.16998383,0.15127982
Turkey,3017,27459,Yumurtalik,2015,0.17888567,0.15087065
Turkey,3017,27459,Yumurtalik,2016,0.18489033,0.15559362
Turkey,3017,27459,Yumurtalik,2017,0.18025723,0.15216112
Turkey,3017,27459,Yumurtalik,2018,0.21624172,0.20250028
Turkey,3017,27459,Yumurtalik,2019,0.20729634,0.18986166
Turkey,3017,27459,Yumurtalik,2020,0.21437764,0.16362306
Turkey,3017,27459,Yumurtalik,2021,0.19494101,0.14713845
Turkey,3017,27459,Yumurtalik,2022,0.17846015,0.12629345
Turkey,3017,27459,Yumurtalik,2023,0.18090926,0.109755754
Turkey,3017,27459,Yumurtalik,2024,0.19636092,0.10730374
Turkey,3017,27460,Yuregir,2015,0.088463835,0.081336185
Turkey,3017,27460,Yuregir,2016,0.09088477,0.08873665
Turkey,3017,27460,Yuregir,2017,0.086017884,0.080758795
Turkey,3017,27460,Yuregir,2018,0.09811147,0.0982413
Turkey,3017,27460,Yuregir,2019,0.09527771,0.09284711
Turkey,3017,27460,Yuregir,2020,0.09148467,0.087894715
Turkey,3017,27460,Yuregir,2021,0.090935685,0.08902667
Turkey,3017,27460,Yuregir,2022,0.09052325,0.09036659
Turkey,3017,27460,Yuregir,2023,0.08812031,0.08812826
Turkey,3017,27460,Yuregir,2024,0.08723271,0.08605231
Turkey,3018,27461,Besni,2015,0.20302598,0.1821836
Turkey,3018,27461,Besni,2016,0.19098325,0.170238
Turkey,3018,27461,Besni,2017,0.20188145,0.1655551
Turkey,3018,27461,Besni,2018,0.18313283,0.15525985
Turkey,3018,27461,Besni,2019,0.16079164,0.14020307
Turkey,3018,27461,Besni,2020,0.15599489,0.12475466
Turkey,3018,27461,Besni,2021,0.16464283,0.1330635
Turkey,3018,27461,Besni,2022,0.1616344,0.12971854
Turkey,3018,27461,Besni,2023,0.15250623,0.123625614
Turkey,3018,27461,Besni,2024,0.14231649,0.11804879
Turkey,3018,27462,Celikhan,2015,0.1691348,0.14704302
Turkey,3018,27462,Celikhan,2016,0.17790931,0.1596593
Turkey,3018,27462,Celikhan,2017,0.18262863,0.1706473
Turkey,3018,27462,Celikhan,2018,0.17701371,0.1625713
Turkey,3018,27462,Celikhan,2019,0.16657108,0.155318
Turkey,3018,27462,Celikhan,2020,0.1525475,0.13596435
Turkey,3018,27462,Celikhan,2021,0.15715611,0.13866088
Turkey,3018,27462,Celikhan,2022,0.16824293,0.1544768
Turkey,3018,27462,Celikhan,2023,0.1733149,0.15721846
Turkey,3018,27462,Celikhan,2024,0.16632247,0.14458817
Turkey,3018,27463,Gerger,2015,0.19715509,0.15818533
Turkey,3018,27463,Gerger,2016,0.18248123,0.16508436
Turkey,3018,27463,Gerger,2017,0.17840374,0.16535659
Turkey,3018,27463,Gerger,2018,0.22970508,0.20751679
Turkey,3018,27463,Gerger,2019,0.21510822,0.20205218
Turkey,3018,27463,Gerger,2020,0.19419748,0.16805382
Turkey,3018,27463,Gerger,2021,0.190306,0.1669591
Turkey,3018,27463,Gerger,2022,0.16456112,0.14226922
Turkey,3018,27463,Gerger,2023,0.17087194,0.14654288
Turkey,3018,27463,Gerger,2024,0.18919107,0.15969092
Turkey,3018,27464,Golbasi,2015,0.09584676,0.08185071
Turkey,3018,27464,Golbasi,2016,0.09932095,0.09689894
Turkey,3018,27464,Golbasi,2017,0.09179813,0.08467853
Turkey,3018,27464,Golbasi,2018,0.10627249,0.077433154
Turkey,3018,27464,Golbasi,2019,0.0957942,0.07754078
Turkey,3018,27464,Golbasi,2020,0.09519174,0.07783657
Turkey,3018,27464,Golbasi,2021,0.09102727,0.07805838
Turkey,3018,27464,Golbasi,2022,0.09710744,0.08092171
Turkey,3018,27464,Golbasi,2023,0.08344994,0.07299637
Turkey,3018,27464,Golbasi,2024,0.07525566,0.06872115
Turkey,3018,27465,Kahta,2015,0.11503419,0.07454487
Turkey,3018,27465,Kahta,2016,0.10500147,0.07686671
Turkey,3018,27465,Kahta,2017,0.09522573,0.0713501
Turkey,3018,27465,Kahta,2018,0.12172718,0.08163006
Turkey,3018,27465,Kahta,2019,0.11127582,0.083180316
Turkey,3018,27465,Kahta,2020,0.110684335,0.08216984
Turkey,3018,27465,Kahta,2021,0.09731704,0.072847046
Turkey,3018,27465,Kahta,2022,0.08954816,0.07166077
Turkey,3018,27465,Kahta,2023,0.0835274,0.06666272
Turkey,3018,27465,Kahta,2024,0.09140168,0.06872297
Turkey,3018,27466,Merkez,2015,0.07205605,0.0663587
Turkey,3018,27466,Merkez,2016,0.0748216,0.06893769
Turkey,3018,27466,Merkez,2017,0.07161083,0.06637278
Turkey,3018,27466,Merkez,2018,0.07528627,0.06910215
Turkey,3018,27466,Merkez,2019,0.077063024,0.07090822
Turkey,3018,27466,Merkez,2020,0.07547007,0.07006325
Turkey,3018,27466,Merkez,2021,0.0770195,0.07252938
Turkey,3018,27466,Merkez,2022,0.0764116,0.07127563
Turkey,3018,27466,Merkez,2023,0.07530176,0.07183698
Turkey,3018,27466,Merkez,2024,0.07740852,0.0736729
Turkey,3018,27467,Samsat,2015,0.1645504,0.09837777
Turkey,3018,27467,Samsat,2016,0.14700146,0.122570224
Turkey,3018,27467,Samsat,2017,0.13855004,0.10214083
Turkey,3018,27467,Samsat,2018,0.14484814,0.13285774
Turkey,3018,27467,Samsat,2019,0.13315159,0.12379704
Turkey,3018,27467,Samsat,2020,0.14405127,0.11020067
Turkey,3018,27467,Samsat,2021,0.1367206,0.0952543
Turkey,3018,27467,Samsat,2022,0.13298851,0.10341151
Turkey,3018,27467,Samsat,2023,0.14842382,0.09981893
Turkey,3018,27467,Samsat,2024,0.15174547,0.11556499
Turkey,3019,27470,Basmakci,2015,0.18593396,0.1103822
Turkey,3019,27470,Basmakci,2016,0.20266768,0.16426063
Turkey,3019,27470,Basmakci,2017,0.20293984,0.15500292
Turkey,3019,27470,Basmakci,2018,0.1939821,0.14036252
Turkey,3019,27470,Basmakci,2019,0.18627487,0.12790793
Turkey,3019,27470,Basmakci,2020,0.16331773,0.114157446
Turkey,3019,27470,Basmakci,2021,0.1536354,0.115964375
Turkey,3019,27470,Basmakci,2022,0.17126016,0.11541239
Turkey,3019,27470,Basmakci,2023,0.15703309,0.10749964
Turkey,3019,27470,Basmakci,2024,0.15531158,0.108455814
Turkey,3019,27471,Bayat,2015,0.20072511,0.1543141
Turkey,3019,27471,Bayat,2016,0.2134307,0.18392959
Turkey,3019,27471,Bayat,2017,0.20792022,0.17343973
Turkey,3019,27471,Bayat,2018,0.19026916,0.16177042
Turkey,3019,27471,Bayat,2019,0.19815572,0.18139252
Turkey,3019,27471,Bayat,2020,0.18300882,0.18340145
Turkey,3019,27471,Bayat,2021,0.18894432,0.17805214
Turkey,3019,27471,Bayat,2022,0.18813112,0.17771912
Turkey,3019,27471,Bayat,2023,0.18359947,0.17352824
Turkey,3019,27471,Bayat,2024,0.19240218,0.18309186
Turkey,3019,27472,Bolvadin,2015,0.14343524,0.100729965
Turkey,3019,27472,Bolvadin,2016,0.14377955,0.11602293
Turkey,3019,27472,Bolvadin,2017,0.1368493,0.11062496
Turkey,3019,27472,Bolvadin,2018,0.13544406,0.11159004
Turkey,3019,27472,Bolvadin,2019,0.13546933,0.1039825
Turkey,3019,27472,Bolvadin,2020,0.12815161,0.10391523
Turkey,3019,27472,Bolvadin,2021,0.1286266,0.088402875
Turkey,3019,27472,Bolvadin,2022,0.1207944,0.08022553
Turkey,3019,27472,Bolvadin,2023,0.109939024,0.07838759
Turkey,3019,27472,Bolvadin,2024,0.11911106,0.08892612
Turkey,3019,27473,Cay,2015,0.16728714,0.08705806
Turkey,3019,27473,Cay,2016,0.14703421,0.086548686
Turkey,3019,27473,Cay,2017,0.15748274,0.10216521
Turkey,3019,27473,Cay,2018,0.14036368,0.0914042
Turkey,3019,27473,Cay,2019,0.1461952,0.09325435
Turkey,3019,27473,Cay,2020,0.1329853,0.08689612
Turkey,3019,27473,Cay,2021,0.13798355,0.09180254
Turkey,3019,27473,Cay,2022,0.1589188,0.11250837
Turkey,3019,27473,Cay,2023,0.14494264,0.090870455
Turkey,3019,27473,Cay,2024,0.14929944,0.099247046
Turkey,3019,27474,Cobanlar,2015,0.17460048,0.12637475
Turkey,3019,27474,Cobanlar,2016,0.16282097,0.11883651
Turkey,3019,27474,Cobanlar,2017,0.15765819,0.11626956
Turkey,3019,27474,Cobanlar,2018,0.1425413,0.11377117
Turkey,3019,27474,Cobanlar,2019,0.14284295,0.122063056
Turkey,3019,27474,Cobanlar,2020,0.1385943,0.12338692
Turkey,3019,27474,Cobanlar,2021,0.12579453,0.09092734
Turkey,3019,27474,Cobanlar,2022,0.12657675,0.08077265
Turkey,3019,27474,Cobanlar,2023,0.113520846,0.079372145
Turkey,3019,27474,Cobanlar,2024,0.12596488,0.100379385
Turkey,3019,27475,Dazkiri,2015,0.17325723,0.12866649
Turkey,3019,27475,Dazkiri,2016,0.16114843,0.14412943
Turkey,3019,27475,Dazkiri,2017,0.16448519,0.13579209
Turkey,3019,27475,Dazkiri,2018,0.15918753,0.14017323
Turkey,3019,27475,Dazkiri,2019,0.16451421,0.14344794
Turkey,3019,27475,Dazkiri,2020,0.15529014,0.13681772
Turkey,3019,27475,Dazkiri,2021,0.15574618,0.124668226
Turkey,3019,27475,Dazkiri,2022,0.15174168,0.12306309
Turkey,3019,27475,Dazkiri,2023,0.1608792,0.12346348
Turkey,3019,27475,Dazkiri,2024,0.14696616,0.13372046
Turkey,3019,27476,Dinar,2015,0.15933576,0.08638719
Turkey,3019,27476,Dinar,2016,0.14944129,0.08404482
Turkey,3019,27476,Dinar,2017,0.15924712,0.0914696
Turkey,3019,27476,Dinar,2018,0.14311339,0.09904234
Turkey,3019,27476,Dinar,2019,0.13747638,0.08833076
Turkey,3019,27476,Dinar,2020,0.120358795,0.08494634
Turkey,3019,27476,Dinar,2021,0.12334667,0.08137087
Turkey,3019,27476,Dinar,2022,0.124448195,0.07675251
Turkey,3019,27476,Dinar,2023,0.11581187,0.07665627
Turkey,3019,27476,Dinar,2024,0.10556694,0.07538149
Turkey,3019,27477,Emirdag,2015,0.20176992,0.14224733
Turkey,3019,27477,Emirdag,2016,0.20409882,0.16556396
Turkey,3019,27477,Emirdag,2017,0.19809967,0.16270071
Turkey,3019,27477,Emirdag,2018,0.18963292,0.14101091
Turkey,3019,27477,Emirdag,2019,0.17756823,0.13708478
Turkey,3019,27477,Emirdag,2020,0.17343336,0.12777671
Turkey,3019,27477,Emirdag,2021,0.18034762,0.13722673
Turkey,3019,27477,Emirdag,2022,0.18735592,0.14168635
Turkey,3019,27477,Emirdag,2023,0.17080367,0.10757561
Turkey,3019,27477,Emirdag,2024,0.15538329,0.118227616
Turkey,3019,27478,Evciler,2015,0.18707877,0.15299289
Turkey,3019,27478,Evciler,2016,0.17313918,0.16931425
Turkey,3019,27478,Evciler,2017,0.1631955,0.15364157
Turkey,3019,27478,Evciler,2018,0.16664901,0.14038807
Turkey,3019,27478,Evciler,2019,0.17955285,0.15911737
Turkey,3019,27478,Evciler,2020,0.13833289,0.13871577
Turkey,3019,27478,Evciler,2021,0.1608019,0.15039015
Turkey,3019,27478,Evciler,2022,0.16603917,0.15746781
Turkey,3019,27478,Evciler,2023,0.1606428,0.13550824
Turkey,3019,27478,Evciler,2024,0.15492451,0.15179765
Turkey,3019,27479,Hocalar,2015,0.1747173,0.15127498
Turkey,3019,27479,Hocalar,2016,0.20521273,0.1825759
Turkey,3019,27479,Hocalar,2017,0.1997512,0.18035579
Turkey,3019,27479,Hocalar,2018,0.18157095,0.16534726
Turkey,3019,27479,Hocalar,2019,0.18929893,0.17656133
Turkey,3019,27479,Hocalar,2020,0.1647552,0.1613126
Turkey,3019,27479,Hocalar,2021,0.17122692,0.16789
Turkey,3019,27479,Hocalar,2022,0.16863398,0.16319212
Turkey,3019,27479,Hocalar,2023,0.15880387,0.14111656
Turkey,3019,27479,Hocalar,2024,0.17079869,0.16406047
Turkey,3019,27480,Ihsaniye,2015,0.17565086,0.121179834
Turkey,3019,27480,Ihsaniye,2016,0.20293573,0.15245293
Turkey,3019,27480,Ihsaniye,2017,0.19282739,0.14548227
Turkey,3019,27480,Ihsaniye,2018,0.16467093,0.1147815
Turkey,3019,27480,Ihsaniye,2019,0.18078053,0.13523588
Turkey,3019,27480,Ihsaniye,2020,0.16330205,0.13370927
Turkey,3019,27480,Ihsaniye,2021,0.17177412,0.13488755
Turkey,3019,27480,Ihsaniye,2022,0.17192382,0.13094102
Turkey,3019,27480,Ihsaniye,2023,0.15031539,0.09162589
Turkey,3019,27480,Ihsaniye,2024,0.17449637,0.13436694
Turkey,3019,27481,Iscehisar,2015,0.14681709,0.105676286
Turkey,3019,27481,Iscehisar,2016,0.14090079,0.111705534
Turkey,3019,27481,Iscehisar,2017,0.13872823,0.11266211
Turkey,3019,27481,Iscehisar,2018,0.12988612,0.108707204
Turkey,3019,27481,Iscehisar,2019,0.13468862,0.11171404
Turkey,3019,27481,Iscehisar,2020,0.12809348,0.11395132
Turkey,3019,27481,Iscehisar,2021,0.13512857,0.11105621
Turkey,3019,27481,Iscehisar,2022,0.15229852,0.116627514
Turkey,3019,27481,Iscehisar,2023,0.14011429,0.10683451
Turkey,3019,27481,Iscehisar,2024,0.1446501,0.118265264
Turkey,3019,27482,Kiziloren,2015,0.18900982,0.16213211
Turkey,3019,27482,Kiziloren,2016,0.19623163,0.17892465
Turkey,3019,27482,Kiziloren,2017,0.1905995,0.1701902
Turkey,3019,27482,Kiziloren,2018,0.1796901,0.15039796
Turkey,3019,27482,Kiziloren,2019,0.17627311,0.16683072
Turkey,3019,27482,Kiziloren,2020,0.1786507,0.16862462
Turkey,3019,27482,Kiziloren,2021,0.1947957,0.18145551
Turkey,3019,27482,Kiziloren,2022,0.19645539,0.18501213
Turkey,3019,27482,Kiziloren,2023,0.17773043,0.1507404
Turkey,3019,27482,Kiziloren,2024,0.17871258,0.16363695
Turkey,3019,27483,Merkez,2015,0.08418715,0.07882169
Turkey,3019,27483,Merkez,2016,0.07767321,0.072687395
Turkey,3019,27483,Merkez,2017,0.080669895,0.07267246
Turkey,3019,27483,Merkez,2018,0.07996804,0.07315839
Turkey,3019,27483,Merkez,2019,0.0755824,0.07108531
Turkey,3019,27483,Merkez,2020,0.0839538,0.07627315
Turkey,3019,27483,Merkez,2021,0.08268405,0.07468656
Turkey,3019,27483,Merkez,2022,0.0839538,0.07627315
Turkey,3019,27483,Merkez,2023,0.08285779,0.07438181
Turkey,3019,27483,Merkez,2024,0.083479464,0.07654678
Turkey,3019,27484,Sandikli,2015,0.17842063,0.09643092
Turkey,3019,27484,Sandikli,2016,0.16923037,0.10631476
Turkey,3019,27484,Sandikli,2017,0.17344448,0.095842645
Turkey,3019,27484,Sandikli,2018,0.16324809,0.09246339
Turkey,3019,27484,Sandikli,2019,0.15516347,0.09540161
Turkey,3019,27484,Sandikli,2020,0.1269855,0.07528987
Turkey,3019,27484,Sandikli,2021,0.12434621,0.07498604
Turkey,3019,27484,Sandikli,2022,0.13123232,0.07167307
Turkey,3019,27484,Sandikli,2023,0.120671354,0.07412818
Turkey,3019,27484,Sandikli,2024,0.12093297,0.07606804
Turkey,3019,27485,Sincanli,2015,0.23579846,0.1615332
Turkey,3019,27485,Sincanli,2016,0.2397047,0.16617763
Turkey,3019,27485,Sincanli,2017,0.24698713,0.17006297
Turkey,3019,27485,Sincanli,2018,0.226832,0.1531949
Turkey,3019,27485,Sincanli,2019,0.22204953,0.16254413
Turkey,3019,27485,Sincanli,2020,0.20509505,0.14754827
Turkey,3019,27485,Sincanli,2021,0.20320082,0.13820127
Turkey,3019,27485,Sincanli,2022,0.21403211,0.14328845
Turkey,3019,27485,Sincanli,2023,0.202216,0.13976441
Turkey,3019,27485,Sincanli,2024,0.2152315,0.15202868
Turkey,3019,27486,Suhut,2015,0.1764617,0.086313635
Turkey,3019,27486,Suhut,2016,0.17711812,0.10617215
Turkey,3019,27486,Suhut,2017,0.17657211,0.09321358
Turkey,3019,27486,Suhut,2018,0.18271387,0.10977291
Turkey,3019,27486,Suhut,2019,0.16599804,0.08678158
Turkey,3019,27486,Suhut,2020,0.16197939,0.094628416
Turkey,3019,27486,Suhut,2021,0.16080695,0.08189261
Turkey,3019,27486,Suhut,2022,0.16403878,0.10272314
Turkey,3019,27486,Suhut,2023,0.15359819,0.08170082
Turkey,3019,27486,Suhut,2024,0.15257645,0.084513284
Turkey,3019,27487,Sultandagi,2015,0.18188941,0.12084879
Turkey,3019,27487,Sultandagi,2016,0.16821223,0.1274615
Turkey,3019,27487,Sultandagi,2017,0.13638276,0.1007678
Turkey,3019,27487,Sultandagi,2018,0.1546335,0.13381459
Turkey,3019,27487,Sultandagi,2019,0.14601508,0.1107226
Turkey,3019,27487,Sultandagi,2020,0.13539812,0.09943866
Turkey,3019,27487,Sultandagi,2021,0.1414327,0.09664259
Turkey,3019,27487,Sultandagi,2022,0.15496176,0.0980775
Turkey,3019,27487,Sultandagi,2023,0.13205191,0.09585955
Turkey,3019,27487,Sultandagi,2024,0.13239914,0.09975865
Turkey,3020,27488,Diyadin,2015,0.15284118,0.13383535
Turkey,3020,27488,Diyadin,2016,0.11533604,0.09593455
Turkey,3020,27488,Diyadin,2017,0.11307168,0.096849404
Turkey,3020,27488,Diyadin,2018,0.11224293,0.08326737
Turkey,3020,27488,Diyadin,2019,0.09173961,0.09221016
Turkey,3020,27488,Diyadin,2020,0.098851204,0.09463525
Turkey,3020,27488,Diyadin,2021,0.0906928,0.09116335
Turkey,3020,27488,Diyadin,2022,0.09500957,0.095578365
Turkey,3020,27488,Diyadin,2023,0.09796146,0.07554933
Turkey,3020,27488,Diyadin,2024,0.089731425,0.075527735
Turkey,3020,27489,Dogubeyazit,2015,0.10702959,0.08189489
Turkey,3020,27489,Dogubeyazit,2016,0.11230372,0.090324976
Turkey,3020,27489,Dogubeyazit,2017,0.08102564,0.08180027
Turkey,3020,27489,Dogubeyazit,2018,0.07759702,0.069592394
Turkey,3020,27489,Dogubeyazit,2019,0.07611924,0.076893866
Turkey,3020,27489,Dogubeyazit,2020,0.083308235,0.08339737
Turkey,3020,27489,Dogubeyazit,2021,0.08513819,0.08590389
Turkey,3020,27489,Dogubeyazit,2022,0.08321539,0.0832956
Turkey,3020,27489,Dogubeyazit,2023,0.08043365,0.0738799
Turkey,3020,27489,Dogubeyazit,2024,0.0777781,0.069794334
Turkey,3020,27490,Eleskirt,2015,0.20820078,0.12509374
Turkey,3020,27490,Eleskirt,2016,0.19993243,0.12810531
Turkey,3020,27490,Eleskirt,2017,0.19939826,0.12458135
Turkey,3020,27490,Eleskirt,2018,0.18691924,0.101084314
Turkey,3020,27490,Eleskirt,2019,0.18644692,0.13832302
Turkey,3020,27490,Eleskirt,2020,0.18732058,0.099902764
Turkey,3020,27490,Eleskirt,2021,0.1867088,0.13434687
Turkey,3020,27490,Eleskirt,2022,0.16112159,0.0866873
Turkey,3020,27490,Eleskirt,2023,0.1648756,0.0749092
Turkey,3020,27490,Eleskirt,2024,0.16775836,0.07558397
Turkey,3020,27491,Hamur,2015,0.16103064,0.12850602
Turkey,3020,27491,Hamur,2016,0.15929464,0.13032144
Turkey,3020,27491,Hamur,2017,0.16280438,0.13194788
Turkey,3020,27491,Hamur,2018,0.15432653,0.12123945
Turkey,3020,27491,Hamur,2019,0.15786391,0.14253889
Turkey,3020,27491,Hamur,2020,0.15772137,0.12911527
Turkey,3020,27491,Hamur,2021,0.17151508,0.15323865
Turkey,3020,27491,Hamur,2022,0.16220972,0.13171974
Turkey,3020,27491,Hamur,2023,0.16645136,0.12957613
Turkey,3020,27491,Hamur,2024,0.1884429,0.1556175
Turkey,3020,27492,Merkez,2015,0.11779267,0.07431732
Turkey,3020,27492,Merkez,2016,0.109931864,0.078887045
Turkey,3020,27492,Merkez,2017,0.10055323,0.07576429
Turkey,3020,27492,Merkez,2018,0.07870694,0.07380174
Turkey,3020,27492,Merkez,2019,0.08338467,0.07933638
Turkey,3020,27492,Merkez,2020,0.082103975,0.07463109
Turkey,3020,27492,Merkez,2021,0.085329175,0.08128089
Turkey,3020,27492,Merkez,2022,0.0752968,0.071283676
Turkey,3020,27492,Merkez,2023,0.0788431,0.07482992
Turkey,3020,27492,Merkez,2024,0.0704648,0.070798576
Turkey,3020,27493,Patnos,2015,0.14547434,0.068825856
Turkey,3020,27493,Patnos,2016,0.14419973,0.074893005
Turkey,3020,27493,Patnos,2017,0.14763713,0.0782229
Turkey,3020,27493,Patnos,2018,0.11512074,0.067913696
Turkey,3020,27493,Patnos,2019,0.116661035,0.0687972
Turkey,3020,27493,Patnos,2020,0.10495226,0.06608846
Turkey,3020,27493,Patnos,2021,0.12826891,0.078749634
Turkey,3020,27493,Patnos,2022,0.12324865,0.074825935
Turkey,3020,27493,Patnos,2023,0.08549836,0.064028375
Turkey,3020,27493,Patnos,2024,0.11924346,0.06719205
Turkey,3020,27494,Taslicay,2015,0.14996721,0.106417164
Turkey,3020,27494,Taslicay,2016,0.1684561,0.11951382
Turkey,3020,27494,Taslicay,2017,0.13769989,0.097918645
Turkey,3020,27494,Taslicay,2018,0.15375623,0.10182204
Turkey,3020,27494,Taslicay,2019,0.14924118,0.109854534
Turkey,3020,27494,Taslicay,2020,0.13182038,0.08114387
Turkey,3020,27494,Taslicay,2021,0.13173746,0.09608002
Turkey,3020,27494,Taslicay,2022,0.13461763,0.08722484
Turkey,3020,27494,Taslicay,2023,0.12393123,0.080509305
Turkey,3020,27494,Taslicay,2024,0.141564,0.087040626
Turkey,3020,27495,Tutak,2015,0.15360728,0.110965684
Turkey,3020,27495,Tutak,2016,0.16534406,0.1386227
Turkey,3020,27495,Tutak,2017,0.15980287,0.12792066
Turkey,3020,27495,Tutak,2018,0.1715787,0.12451196
Turkey,3020,27495,Tutak,2019,0.17561536,0.15965612
Turkey,3020,27495,Tutak,2020,0.17099437,0.1365785
Turkey,3020,27495,Tutak,2021,0.18626544,0.17257269
Turkey,3020,27495,Tutak,2022,0.178181,0.14868121
Turkey,3020,27495,Tutak,2023,0.16248342,0.09874798
Turkey,3020,27495,Tutak,2024,0.1542587,0.11427909
Turkey,3021,27496,Agacoren,2015,0.15110709,0.0957299
Turkey,3021,27496,Agacoren,2016,0.1656466,0.13271825
Turkey,3021,27496,Agacoren,2017,0.17853796,0.15075445
Turkey,3021,27496,Agacoren,2018,0.16074333,0.11687763
Turkey,3021,27496,Agacoren,2019,0.17061388,0.13413897
Turkey,3021,27496,Agacoren,2020,0.16055858,0.133879
Turkey,3021,27496,Agacoren,2021,0.15522091,0.11731756
Turkey,3021,27496,Agacoren,2022,0.1639557,0.1368972
Turkey,3021,27496,Agacoren,2023,0.15020932,0.11056629
Turkey,3021,27496,Agacoren,2024,0.15220922,0.11631479
Turkey,3021,27497,Eskil,2015,0.1595363,0.112464085
Turkey,3021,27497,Eskil,2016,0.17933221,0.14287315
Turkey,3021,27497,Eskil,2017,0.20048462,0.16596395
Turkey,3021,27497,Eskil,2018,0.20540994,0.16847955
Turkey,3021,27497,Eskil,2019,0.20372209,0.17012063
Turkey,3021,27497,Eskil,2020,0.20268178,0.16624889
Turkey,3021,27497,Eskil,2021,0.21613795,0.17899102
Turkey,3021,27497,Eskil,2022,0.21223548,0.17795576
Turkey,3021,27497,Eskil,2023,0.21383509,0.17153454
Turkey,3021,27497,Eskil,2024,0.20465392,0.16267677
Turkey,3021,27498,Gulagac,2015,0.19756055,0.16027027
Turkey,3021,27498,Gulagac,2016,0.20340434,0.19451098
Turkey,3021,27498,Gulagac,2017,0.2010932,0.19813013
Turkey,3021,27498,Gulagac,2018,0.18486458,0.16161841
Turkey,3021,27498,Gulagac,2019,0.20411128,0.19155493
Turkey,3021,27498,Gulagac,2020,0.19548827,0.1839009
Turkey,3021,27498,Gulagac,2021,0.19211718,0.18646437
Turkey,3021,27498,Gulagac,2022,0.19326255,0.1952786
Turkey,3021,27498,Gulagac,2023,0.18369544,0.16647625
Turkey,3021,27498,Gulagac,2024,0.1664037,0.15550005
Turkey,3021,27499,Guzelyurt,2015,0.18611318,0.14568798
Turkey,3021,27499,Guzelyurt,2016,0.2048448,0.18930277
Turkey,3021,27499,Guzelyurt,2017,0.19639,0.18380877
Turkey,3021,27499,Guzelyurt,2018,0.19192007,0.16980103
Turkey,3021,27499,Guzelyurt,2019,0.19097489,0.17060894
Turkey,3021,27499,Guzelyurt,2020,0.19849885,0.18732291
Turkey,3021,27499,Guzelyurt,2021,0.19228834,0.17314497
Turkey,3021,27499,Guzelyurt,2022,0.19405422,0.1925359
Turkey,3021,27499,Guzelyurt,2023,0.18725298,0.16137421
Turkey,3021,27499,Guzelyurt,2024,0.18421474,0.15733649
Turkey,3021,27500,Merkez,2015,0.129374,0.06535115
Turkey,3021,27500,Merkez,2016,0.12949525,0.07395994
Turkey,3021,27500,Merkez,2017,0.120569855,0.0812394
Turkey,3021,27500,Merkez,2018,0.09396957,0.06451477
Turkey,3021,27500,Merkez,2019,0.10559043,0.06814913
Turkey,3021,27500,Merkez,2020,0.09925314,0.072801
Turkey,3021,27500,Merkez,2021,0.099865735,0.06752352
Turkey,3021,27500,Merkez,2022,0.09606196,0.07130762
Turkey,3021,27500,Merkez,2023,0.09089308,0.067530885
Turkey,3021,27500,Merkez,2024,0.082942866,0.06999866
Turkey,3021,27501,Ortakoy,2015,0.17546225,0.13983497
Turkey,3021,27501,Ortakoy,2016,0.1715819,0.14827019
Turkey,3021,27501,Ortakoy,2017,0.164888,0.14102301
Turkey,3021,27501,Ortakoy,2018,0.15672633,0.12098952
Turkey,3021,27501,Ortakoy,2019,0.16577643,0.13376412
Turkey,3021,27501,Ortakoy,2020,0.15922159,0.13646431
Turkey,3021,27501,Ortakoy,2021,0.15511644,0.13030247
Turkey,3021,27501,Ortakoy,2022,0.15260164,0.13335592
Turkey,3021,27501,Ortakoy,2023,0.14942485,0.1129116
Turkey,3021,27501,Ortakoy,2024,0.14450553,0.114309594
Turkey,3021,27502,Sariyahsi,2015,0.12366445,0.10491916
Turkey,3021,27502,Sariyahsi,2016,0.13651158,0.12395407
Turkey,3021,27502,Sariyahsi,2017,0.113069765,0.10944566
Turkey,3021,27502,Sariyahsi,2018,0.1211711,0.11138693
Turkey,3021,27502,Sariyahsi,2019,0.1284,0.11632247
Turkey,3021,27502,Sariyahsi,2020,0.10042427,0.09867242
Turkey,3021,27502,Sariyahsi,2021,0.11974174,0.116065174
Turkey,3021,27502,Sariyahsi,2022,0.09661805,0.08797497
Turkey,3021,27502,Sariyahsi,2023,0.098775424,0.092892475
Turkey,3021,27502,Sariyahsi,2024,0.08020744,0.08005868
Turkey,3022,27503,Goynucek,2015,0.1572989,0.08147582
Turkey,3022,27503,Goynucek,2016,0.16234171,0.100922
Turkey,3022,27503,Goynucek,2017,0.16154996,0.10852872
Turkey,3022,27503,Goynucek,2018,0.16840008,0.11798806
Turkey,3022,27503,Goynucek,2019,0.16575652,0.11758836
Turkey,3022,27503,Goynucek,2020,0.1640535,0.1122093
Turkey,3022,27503,Goynucek,2021,0.15094021,0.098954394
Turkey,3022,27503,Goynucek,2022,0.14005879,0.089663886
Turkey,3022,27503,Goynucek,2023,0.14116201,0.09264453
Turkey,3022,27503,Goynucek,2024,0.14753023,0.0982529
Turkey,3022,27504,Gumushacikoy,2015,0.17138532,0.09325556
Turkey,3022,27504,Gumushacikoy,2016,0.16916731,0.093274176
Turkey,3022,27504,Gumushacikoy,2017,0.1758917,0.100309856
Turkey,3022,27504,Gumushacikoy,2018,0.15287891,0.09717162
Turkey,3022,27504,Gumushacikoy,2019,0.1591152,0.091531016
Turkey,3022,27504,Gumushacikoy,2020,0.16422206,0.09335991
Turkey,3022,27504,Gumushacikoy,2021,0.16480778,0.083922096
Turkey,3022,27504,Gumushacikoy,2022,0.15140802,0.0824034
Turkey,3022,27504,Gumushacikoy,2023,0.14413439,0.082631506
Turkey,3022,27504,Gumushacikoy,2024,0.15596506,0.079602264
Turkey,3022,27505,Hamamozu,2015,0.189109,0.14946017
Turkey,3022,27505,Hamamozu,2016,0.16041376,0.12317524
Turkey,3022,27505,Hamamozu,2017,0.17922172,0.13130546
Turkey,3022,27505,Hamamozu,2018,0.19310784,0.15132248
Turkey,3022,27505,Hamamozu,2019,0.19417375,0.13878156
Turkey,3022,27505,Hamamozu,2020,0.22901991,0.18510216
Turkey,3022,27505,Hamamozu,2021,0.22834805,0.1821184
Turkey,3022,27505,Hamamozu,2022,0.21097884,0.16263965
Turkey,3022,27505,Hamamozu,2023,0.21872911,0.17184816
Turkey,3022,27505,Hamamozu,2024,0.23972034,0.18440357
Turkey,3022,27506,Merkez,2015,0.11936898,0.08886862
Turkey,3022,27506,Merkez,2016,0.115847774,0.088957846
Turkey,3022,27506,Merkez,2017,0.11167864,0.08996576
Turkey,3022,27506,Merkez,2018,0.081907034,0.0710421
Turkey,3022,27506,Merkez,2019,0.08535098,0.07259338
Turkey,3022,27506,Merkez,2020,0.08767563,0.07063125
Turkey,3022,27506,Merkez,2021,0.09022377,0.07049598
Turkey,3022,27506,Merkez,2022,0.083333366,0.066353105
Turkey,3022,27506,Merkez,2023,0.08994462,0.07275194
Turkey,3022,27506,Merkez,2024,0.0841264,0.073937744
Turkey,3022,27507,Merzifon,2015,0.13042997,0.09535756
Turkey,3022,27507,Merzifon,2016,0.12764692,0.093228824
Turkey,3022,27507,Merzifon,2017,0.10458573,0.089625336
Turkey,3022,27507,Merzifon,2018,0.09959125,0.088743225
Turkey,3022,27507,Merzifon,2019,0.08524408,0.0714207
Turkey,3022,27507,Merzifon,2020,0.10164709,0.07637853
Turkey,3022,27507,Merzifon,2021,0.098843366,0.07247019
Turkey,3022,27507,Merzifon,2022,0.08527834,0.07181704
Turkey,3022,27507,Merzifon,2023,0.080577575,0.07493501
Turkey,3022,27507,Merzifon,2024,0.089140855,0.073698625
Turkey,3022,27508,Suluova,2015,0.09701427,0.08725968
Turkey,3022,27508,Suluova,2016,0.089565866,0.0801716
Turkey,3022,27508,Suluova,2017,0.090958215,0.08276121
Turkey,3022,27508,Suluova,2018,0.091043934,0.08273298
Turkey,3022,27508,Suluova,2019,0.092274584,0.08604909
Turkey,3022,27508,Suluova,2020,0.09364568,0.08572619
Turkey,3022,27508,Suluova,2021,0.091077045,0.08415169
Turkey,3022,27508,Suluova,2022,0.09013617,0.0840627
Turkey,3022,27508,Suluova,2023,0.09222597,0.087503895
Turkey,3022,27508,Suluova,2024,0.09029341,0.084492885
Turkey,3022,27509,Tasova,2015,0.1968001,0.1695239
Turkey,3022,27509,Tasova,2016,0.1906707,0.16514021
Turkey,3022,27509,Tasova,2017,0.18855026,0.16446877
Turkey,3022,27509,Tasova,2018,0.19289458,0.18297864
Turkey,3022,27509,Tasova,2019,0.2129968,0.18332407
Turkey,3022,27509,Tasova,2020,0.24329753,0.22379883
Turkey,3022,27509,Tasova,2021,0.22713134,0.20680359
Turkey,3022,27509,Tasova,2022,0.17311013,0.14533953
Turkey,3022,27509,Tasova,2023,0.17428039,0.14071624
Turkey,3022,27509,Tasova,2024,0.21499452,0.19039246
Turkey,3023,27510,Akyurt,2015,0.17377982,0.118481115
Turkey,3023,27510,Akyurt,2016,0.1656853,0.11712362
Turkey,3023,27510,Akyurt,2017,0.13622671,0.11035892
Turkey,3023,27510,Akyurt,2018,0.15072541,0.11151299
Turkey,3023,27510,Akyurt,2019,0.13596243,0.11090446
Turkey,3023,27510,Akyurt,2020,0.11704269,0.1107163
Turkey,3023,27510,Akyurt,2021,0.11870148,0.10702769
Turkey,3023,27510,Akyurt,2022,0.11755236,0.10587858
Turkey,3023,27510,Akyurt,2023,0.11371977,0.113074176
Turkey,3023,27510,Akyurt,2024,0.12383631,0.11819725
Turkey,3023,27511,Altindag,2015,0.028704718,0.015304581
Turkey,3023,27511,Altindag,2016,0.028500669,0.0134293
Turkey,3023,27511,Altindag,2017,0.03003919,0.013512368
Turkey,3023,27511,Altindag,2018,0.028289678,0.014889538
Turkey,3023,27511,Altindag,2019,0.028500669,0.0134293
Turkey,3023,27511,Altindag,2020,0.02983894,0.012897146
Turkey,3023,27511,Altindag,2021,0.030604022,0.014077202
Turkey,3023,27511,Altindag,2022,0.030604022,0.014077202
Turkey,3023,27511,Altindag,2023,0.02908914,0.013462716
Turkey,3023,27511,Altindag,2024,0.03025398,0.013867241
Turkey,3023,27512,Ayas,2015,0.19951227,0.118956126
Turkey,3023,27512,Ayas,2016,0.18398657,0.124113426
Turkey,3023,27512,Ayas,2017,0.17492865,0.12878266
Turkey,3023,27512,Ayas,2018,0.16210485,0.11907674
Turkey,3023,27512,Ayas,2019,0.16242488,0.11637445
Turkey,3023,27512,Ayas,2020,0.15970753,0.12442051
Turkey,3023,27512,Ayas,2021,0.16543932,0.12386145
Turkey,3023,27512,Ayas,2022,0.17404455,0.12558451
Turkey,3023,27512,Ayas,2023,0.15509391,0.10406746
Turkey,3023,27512,Ayas,2024,0.14876029,0.10108114
Turkey,3023,27513,Bala,2015,0.20398998,0.15888673
Turkey,3023,27513,Bala,2016,0.20844492,0.1745387
Turkey,3023,27513,Bala,2017,0.19076633,0.1695241
Turkey,3023,27513,Bala,2018,0.18508363,0.14726728
Turkey,3023,27513,Bala,2019,0.18149999,0.14977369
Turkey,3023,27513,Bala,2020,0.16272643,0.13654858
Turkey,3023,27513,Bala,2021,0.17247021,0.14896157
Turkey,3023,27513,Bala,2022,0.17727232,0.15235682
Turkey,3023,27513,Bala,2023,0.17048039,0.14093593
Turkey,3023,27513,Bala,2024,0.1760732,0.13847467
Turkey,3023,27514,Beypazari,2015,0.20344839,0.1978868
Turkey,3023,27514,Beypazari,2016,0.19341247,0.20039366
Turkey,3023,27514,Beypazari,2017,0.17610173,0.17597444
Turkey,3023,27514,Beypazari,2018,0.18990585,0.18330458
Turkey,3023,27514,Beypazari,2019,0.1712877,0.16298483
Turkey,3023,27514,Beypazari,2020,0.18137541,0.17224912
Turkey,3023,27514,Beypazari,2021,0.17221224,0.1669606
Turkey,3023,27514,Beypazari,2022,0.17421253,0.16743104
Turkey,3023,27514,Beypazari,2023,0.1991793,0.18603447
Turkey,3023,27514,Beypazari,2024,0.18523583,0.17808191
Turkey,3023,27515,Camlidere,2015,0.2248293,0.17891526
Turkey,3023,27515,Camlidere,2016,0.22460636,0.19116801
Turkey,3023,27515,Camlidere,2017,0.22418785,0.2041302
Turkey,3023,27515,Camlidere,2018,0.20778425,0.169149
Turkey,3023,27515,Camlidere,2019,0.21894324,0.19789849
Turkey,3023,27515,Camlidere,2020,0.23485506,0.2230275
Turkey,3023,27515,Camlidere,2021,0.2364102,0.2157784
Turkey,3023,27515,Camlidere,2022,0.22382897,0.19398466
Turkey,3023,27515,Camlidere,2023,0.2166112,0.18577263
Turkey,3023,27515,Camlidere,2024,0.22142489,0.19793977
Turkey,3023,27516,Cankaya,2015,0.011372118,0.009237936
Turkey,3023,27516,Cankaya,2016,0.010989114,0.00820907
Turkey,3023,27516,Cankaya,2017,0.011212263,0.007835558
Turkey,3023,27516,Cankaya,2018,0.014330056,0.008049638
Turkey,3023,27516,Cankaya,2019,0.01418558,0.009369339
Turkey,3023,27516,Cankaya,2020,0.014954812,0.009320258
Turkey,3023,27516,Cankaya,2021,0.017234206,0.010953782
Turkey,3023,27516,Cankaya,2022,0.013422571,0.010642519
Turkey,3023,27516,Cankaya,2023,0.017130965,0.011496405
Turkey,3023,27516,Cankaya,2024,0.01278809,0.011697303
Turkey,3023,27517,Cubuk,2015,0.1025779,0.0808063
Turkey,3023,27517,Cubuk,2016,0.10788565,0.08542829
Turkey,3023,27517,Cubuk,2017,0.093570985,0.08405214
Turkey,3023,27517,Cubuk,2018,0.09196926,0.08424723
Turkey,3023,27517,Cubuk,2019,0.0912925,0.084818736
Turkey,3023,27517,Cubuk,2020,0.08781491,0.08190568
Turkey,3023,27517,Cubuk,2021,0.08675974,0.08085051
Turkey,3023,27517,Cubuk,2022,0.08772947,0.08182024
Turkey,3023,27517,Cubuk,2023,0.07364223,0.06326434
Turkey,3023,27517,Cubuk,2024,0.072807014,0.06515228
Turkey,3023,27518,Elmadag,2015,0.09714229,0.091340296
Turkey,3023,27518,Elmadag,2016,0.10548917,0.09423729
Turkey,3023,27518,Elmadag,2017,0.10406857,0.09412293
Turkey,3023,27518,Elmadag,2018,0.07913852,0.074709795
Turkey,3023,27518,Elmadag,2019,0.09714229,0.091340296
Turkey,3023,27518,Elmadag,2020,0.10369346,0.093747824
Turkey,3023,27518,Elmadag,2021,0.09775557,0.09339164
Turkey,3023,27518,Elmadag,2022,0.0969586,0.08990969
Turkey,3023,27518,Elmadag,2023,0.079539634,0.06951225
Turkey,3023,27518,Elmadag,2024,0.07197506,0.06649959
Turkey,3023,27519,Etimesgut,2015,0.035013203,0.015992396
Turkey,3023,27519,Etimesgut,2016,0.03809969,0.017658927
Turkey,3023,27519,Etimesgut,2017,0.03434527,0.029265836
Turkey,3023,27519,Etimesgut,2018,0.036120296,0.015679533
Turkey,3023,27519,Etimesgut,2019,0.033586986,0.012731251
Turkey,3023,27519,Etimesgut,2020,0.03585958,0.015418816
Turkey,3023,27519,Etimesgut,2021,0.03450159,0.014658084
Turkey,3023,27519,Etimesgut,2022,0.03330347,0.013783516
Turkey,3023,27519,Etimesgut,2023,0.03300013,0.013156627
Turkey,3023,27519,Etimesgut,2024,0.034800597,0.01495709
Turkey,3023,27520,Evren,2015,0.16793762,0.12362389
Turkey,3023,27520,Evren,2016,0.1704796,0.12967202
Turkey,3023,27520,Evren,2017,0.14562567,0.1268957
Turkey,3023,27520,Evren,2018,0.12123945,0.112683
Turkey,3023,27520,Evren,2019,0.135909,0.11537424
Turkey,3023,27520,Evren,2020,0.12804416,0.10804964
Turkey,3023,27520,Evren,2021,0.12036356,0.10896154
Turkey,3023,27520,Evren,2022,0.12567566,0.11270543
Turkey,3023,27520,Evren,2023,0.11481394,0.10129251
Turkey,3023,27520,Evren,2024,0.1246087,0.111087665
Turkey,3023,27521,Golbasi,2015,0.14777374,0.10312044
Turkey,3023,27521,Golbasi,2016,0.14845815,0.10303211
Turkey,3023,27521,Golbasi,2017,0.12545368,0.10371154
Turkey,3023,27521,Golbasi,2018,0.1265699,0.10226693
Turkey,3023,27521,Golbasi,2019,0.12316747,0.10176934
Turkey,3023,27521,Golbasi,2020,0.11887911,0.1023815
Turkey,3023,27521,Golbasi,2021,0.108999185,0.10678141
Turkey,3023,27521,Golbasi,2022,0.11037852,0.10678141
Turkey,3023,27521,Golbasi,2023,0.11021793,0.10620585
Turkey,3023,27521,Golbasi,2024,0.11029956,0.10628748
Turkey,3023,27522,Gudul,2015,0.17126097,0.14691123
Turkey,3023,27522,Gudul,2016,0.19319418,0.17492653
Turkey,3023,27522,Gudul,2017,0.18919873,0.17479876
Turkey,3023,27522,Gudul,2018,0.18119647,0.1643248
Turkey,3023,27522,Gudul,2019,0.17748979,0.16714619
Turkey,3023,27522,Gudul,2020,0.18101066,0.1703071
Turkey,3023,27522,Gudul,2021,0.1826199,0.17216724
Turkey,3023,27522,Gudul,2022,0.18660378,0.17870697
Turkey,3023,27522,Gudul,2023,0.1720902,0.15890634
Turkey,3023,27522,Gudul,2024,0.16498776,0.1613698
Turkey,3023,27523,Haymana,2015,0.2081694,0.16049272
Turkey,3023,27523,Haymana,2016,0.22057264,0.18932071
Turkey,3023,27523,Haymana,2017,0.22981946,0.21024394
Turkey,3023,27523,Haymana,2018,0.2328259,0.18678099
Turkey,3023,27523,Haymana,2019,0.20854689,0.17210343
Turkey,3023,27523,Haymana,2020,0.22486684,0.19443366
Turkey,3023,27523,Haymana,2021,0.22105065,0.19047312
Turkey,3023,27523,Haymana,2022,0.20201156,0.17084847
Turkey,3023,27523,Haymana,2023,0.20472887,0.16016135
Turkey,3023,27523,Haymana,2024,0.20818147,0.16627772
Turkey,3023,27524,Kalecik,2015,0.19043653,0.16502342
Turkey,3023,27524,Kalecik,2016,0.18837966,0.17130518
Turkey,3023,27524,Kalecik,2017,0.21045637,0.19607034
Turkey,3023,27524,Kalecik,2018,0.1997198,0.18593252
Turkey,3023,27524,Kalecik,2019,0.19823012,0.17996895
Turkey,3023,27524,Kalecik,2020,0.20068385,0.18686345
Turkey,3023,27524,Kalecik,2021,0.20079954,0.18931359
Turkey,3023,27524,Kalecik,2022,0.19185102,0.18523625
Turkey,3023,27524,Kalecik,2023,0.1942634,0.18479824
Turkey,3023,27524,Kalecik,2024,0.20373456,0.19501054
Turkey,3023,27525,Kazan,2015,0.08567479,0.07366675
Turkey,3023,27525,Kazan,2016,0.08510794,0.07309989
Turkey,3023,27525,Kazan,2017,0.08513799,0.074568
Turkey,3023,27525,Kazan,2018,0.08513799,0.07377582
Turkey,3023,27525,Kazan,2019,0.083551705,0.0715437
Turkey,3023,27525,Kazan,2020,0.091908105,0.08043757
Turkey,3023,27525,Kazan,2021,0.09410191,0.08393078
Turkey,3023,27525,Kazan,2022,0.09168999,0.08174977
Turkey,3023,27525,Kazan,2023,0.09403388,0.08532315
Turkey,3023,27525,Kazan,2024,0.09403388,0.08532315
Turkey,3023,27526,Kecioren,2015,0.028905962,0.012931177
Turkey,3023,27526,Kecioren,2016,0.030003678,0.013888813
Turkey,3023,27526,Kecioren,2017,0.028906668,0.027837526
Turkey,3023,27526,Kecioren,2018,0.035108697,0.015045245
Turkey,3023,27526,Kecioren,2019,0.030256487,0.028112784
Turkey,3023,27526,Kecioren,2020,0.03203599,0.03052419
Turkey,3023,27526,Kecioren,2021,0.036963385,0.032991126
Turkey,3023,27526,Kecioren,2022,0.033228453,0.032756567
Turkey,3023,27526,Kecioren,2023,0.03945517,0.020023623
Turkey,3023,27526,Kecioren,2024,0.035666004,0.020183045
Turkey,3023,27527,Kizilcahamam,2015,0.16364425,0.09060934
Turkey,3023,27527,Kizilcahamam,2016,0.16852689,0.09521325
Turkey,3023,27527,Kizilcahamam,2017,0.15989931,0.097236015
Turkey,3023,27527,Kizilcahamam,2018,0.14431961,0.101042494
Turkey,3023,27527,Kizilcahamam,2019,0.1499522,0.09789582
Turkey,3023,27527,Kizilcahamam,2020,0.15790306,0.11139028
Turkey,3023,27527,Kizilcahamam,2021,0.1598593,0.107844956
Turkey,3023,27527,Kizilcahamam,2022,0.16205175,0.10188345
Turkey,3023,27527,Kizilcahamam,2023,0.14274105,0.10359945
Turkey,3023,27527,Kizilcahamam,2024,0.1496647,0.103235416
Turkey,3023,27528,Mamak,2015,0.06174798,0.048265632
Turkey,3023,27528,Mamak,2016,0.06194109,0.047257826
Turkey,3023,27528,Mamak,2017,0.06312873,0.04889509
Turkey,3023,27528,Mamak,2018,0.06679293,0.048609283
Turkey,3023,27528,Mamak,2019,0.0669174,0.048733756
Turkey,3023,27528,Mamak,2020,0.066615075,0.048431434
Turkey,3023,27528,Mamak,2021,0.065518565,0.047369566
Turkey,3023,27528,Mamak,2022,0.06335188,0.04911824
Turkey,3023,27528,Mamak,2023,0.066850126,0.048666477
Turkey,3023,27528,Mamak,2024,0.06679293,0.048609283
Turkey,3023,27529,Nallihan,2015,0.23484588,0.22862042
Turkey,3023,27529,Nallihan,2016,0.24961725,0.23599327
Turkey,3023,27529,Nallihan,2017,0.2444589,0.24132012
Turkey,3023,27529,Nallihan,2018,0.25085568,0.26251215
Turkey,3023,27529,Nallihan,2019,0.24249133,0.2688125
Turkey,3023,27529,Nallihan,2020,0.23433596,0.26271918
Turkey,3023,27529,Nallihan,2021,0.23302832,0.24767244
Turkey,3023,27529,Nallihan,2022,0.2292777,0.2250323
Turkey,3023,27529,Nallihan,2023,0.2141951,0.23423809
Turkey,3023,27529,Nallihan,2024,0.21798758,0.23131832
Turkey,3023,27530,Polatli,2015,0.13876987,0.10161005
Turkey,3023,27530,Polatli,2016,0.12730974,0.112616025
Turkey,3023,27530,Polatli,2017,0.12492096,0.12859441
Turkey,3023,27530,Polatli,2018,0.12289467,0.10391694
Turkey,3023,27530,Polatli,2019,0.10723677,0.091615
Turkey,3023,27530,Polatli,2020,0.092893675,0.07491191
Turkey,3023,27530,Polatli,2021,0.098780215,0.07398251
Turkey,3023,27530,Polatli,2022,0.10983973,0.077696644
Turkey,3023,27530,Polatli,2023,0.10279246,0.080498606
Turkey,3023,27530,Polatli,2024,0.09927128,0.074716166
Turkey,3023,27531,S.kochisar,2015,0.107880265,0.0997194
Turkey,3023,27531,S.kochisar,2016,0.106577694,0.0975817
Turkey,3023,27531,S.kochisar,2017,0.10698474,0.10288494
Turkey,3023,27531,S.kochisar,2018,0.1058408,0.104129784
Turkey,3023,27531,S.kochisar,2019,0.09752701,0.09545809
Turkey,3023,27531,S.kochisar,2020,0.09840402,0.09353783
Turkey,3023,27531,S.kochisar,2021,0.10169164,0.09697089
Turkey,3023,27531,S.kochisar,2022,0.09650091,0.09683077
Turkey,3023,27531,S.kochisar,2023,0.09728166,0.095433824
Turkey,3023,27531,S.kochisar,2024,0.099218346,0.09755587
Turkey,3023,27532,Sincan,2015,0.13330501,0.122358724
Turkey,3023,27532,Sincan,2016,0.12669912,0.12653156
Turkey,3023,27532,Sincan,2017,0.12679532,0.12649788
Turkey,3023,27532,Sincan,2018,0.13370158,0.11962945
Turkey,3023,27532,Sincan,2019,0.13440289,0.120330766
Turkey,3023,27532,Sincan,2020,0.13117252,0.12737471
Turkey,3023,27532,Sincan,2021,0.13266706,0.12886924
Turkey,3023,27532,Sincan,2022,0.1333437,0.1294769
Turkey,3023,27532,Sincan,2023,0.13579103,0.12152006
Turkey,3023,27532,Sincan,2024,0.12971702,0.11914525
Turkey,3023,27533,Yenimahalle,2015,0.03585693,0.015378499
Turkey,3023,27533,Yenimahalle,2016,0.037182093,0.017118638
Turkey,3023,27533,Yenimahalle,2017,0.04094069,0.0359285
Turkey,3023,27533,Yenimahalle,2018,0.037396822,0.017333366
Turkey,3023,27533,Yenimahalle,2019,0.036327247,0.015848815
Turkey,3023,27533,Yenimahalle,2020,0.039432514,0.019966314
Turkey,3023,27533,Yenimahalle,2021,0.04119633,0.021730132
Turkey,3023,27533,Yenimahalle,2022,0.041335177,0.021868976
Turkey,3023,27533,Yenimahalle,2023,0.036417007,0.016353551
Turkey,3023,27533,Yenimahalle,2024,0.031784873,0.015611231
Turkey,3024,27534,Akseki,2015,0.21611753,0.14478469
Turkey,3024,27534,Akseki,2016,0.22245121,0.14996712
Turkey,3024,27534,Akseki,2017,0.24515155,0.18716812
Turkey,3024,27534,Akseki,2018,0.24752104,0.18175884
Turkey,3024,27534,Akseki,2019,0.2490643,0.19730866
Turkey,3024,27534,Akseki,2020,0.24577735,0.18921353
Turkey,3024,27534,Akseki,2021,0.24480501,0.19560689
Turkey,3024,27534,Akseki,2022,0.24191786,0.2051465
Turkey,3024,27534,Akseki,2023,0.22921678,0.17543861
Turkey,3024,27534,Akseki,2024,0.24183664,0.18215743
Turkey,3024,27535,Alanya,2015,0.11455743,0.07423371
Turkey,3024,27535,Alanya,2016,0.11253362,0.07809495
Turkey,3024,27535,Alanya,2017,0.109869055,0.07263934
Turkey,3024,27535,Alanya,2018,0.13831455,0.08326925
Turkey,3024,27535,Alanya,2019,0.119038574,0.083294384
Turkey,3024,27535,Alanya,2020,0.10822607,0.07895422
Turkey,3024,27535,Alanya,2021,0.08529939,0.07233752
Turkey,3024,27535,Alanya,2022,0.07907764,0.07394801
Turkey,3024,27535,Alanya,2023,0.08533991,0.08203088
Turkey,3024,27535,Alanya,2024,0.07148578,0.070032336
Turkey,3024,27536,Elmali,2015,0.24569087,0.16848922
Turkey,3024,27536,Elmali,2016,0.24186401,0.17842646
Turkey,3024,27536,Elmali,2017,0.24052648,0.17428365
Turkey,3024,27536,Elmali,2018,0.23818798,0.16144916
Turkey,3024,27536,Elmali,2019,0.22998971,0.16176617
Turkey,3024,27536,Elmali,2020,0.22685868,0.14687634
Turkey,3024,27536,Elmali,2021,0.21343955,0.1369599
Turkey,3024,27536,Elmali,2022,0.22270042,0.15294856
Turkey,3024,27536,Elmali,2023,0.20135722,0.11334572
Turkey,3024,27536,Elmali,2024,0.21815923,0.14573032
Turkey,3024,27537,Finike,2015,0.19188288,0.22308332
Turkey,3024,27537,Finike,2016,0.17839104,0.22372797
Turkey,3024,27537,Finike,2017,0.17477015,0.19899578
Turkey,3024,27537,Finike,2018,0.16817299,0.16317816
Turkey,3024,27537,Finike,2019,0.14908561,0.11805081
Turkey,3024,27537,Finike,2020,0.14548382,0.0804718
Turkey,3024,27537,Finike,2021,0.12742841,0.074075595
Turkey,3024,27537,Finike,2022,0.12085417,0.06967529
Turkey,3024,27537,Finike,2023,0.10564075,0.07074505
Turkey,3024,27537,Finike,2024,0.10677352,0.08231799
Turkey,3024,27538,Gazipasa,2015,0.2248781,0.18651585
Turkey,3024,27538,Gazipasa,2016,0.20156085,0.13559888
Turkey,3024,27538,Gazipasa,2017,0.20490633,0.16059574
Turkey,3024,27538,Gazipasa,2018,0.21906883,0.20460817
Turkey,3024,27538,Gazipasa,2019,0.21317455,0.2044361
Turkey,3024,27538,Gazipasa,2020,0.2101714,0.19107726
Turkey,3024,27538,Gazipasa,2021,0.14595544,0.102349274
Turkey,3024,27538,Gazipasa,2022,0.13406762,0.0966724
Turkey,3024,27538,Gazipasa,2023,0.13032925,0.1206087
Turkey,3024,27538,Gazipasa,2024,0.15339665,0.149607
Turkey,3024,27539,Gundogmus,2015,0.22495332,0.115365006
Turkey,3024,27539,Gundogmus,2016,0.22837418,0.08932189
Turkey,3024,27539,Gundogmus,2017,0.2160836,0.09260074
Turkey,3024,27539,Gundogmus,2018,0.22791308,0.119331196
Turkey,3024,27539,Gundogmus,2019,0.18948314,0.089970626
Turkey,3024,27539,Gundogmus,2020,0.20992322,0.1218421
Turkey,3024,27539,Gundogmus,2021,0.20633525,0.07737952
Turkey,3024,27539,Gundogmus,2022,0.21254632,0.084089726
Turkey,3024,27539,Gundogmus,2023,0.23697695,0.12118893
Turkey,3024,27539,Gundogmus,2024,0.23055303,0.11371577
Turkey,3024,27540,Ibradi,2015,0.31398195,0.20324174
Turkey,3024,27540,Ibradi,2016,0.31326458,0.2001436
Turkey,3024,27540,Ibradi,2017,0.3176777,0.1977182
Turkey,3024,27540,Ibradi,2018,0.30528447,0.20921594
Turkey,3024,27540,Ibradi,2019,0.31602412,0.21598151
Turkey,3024,27540,Ibradi,2020,0.32277784,0.21716079
Turkey,3024,27540,Ibradi,2021,0.3196578,0.22782248
Turkey,3024,27540,Ibradi,2022,0.28595987,0.17030203
Turkey,3024,27540,Ibradi,2023,0.31600672,0.23490974
Turkey,3024,27540,Ibradi,2024,0.3007955,0.23698789
Turkey,3024,27541,Kale,2015,0.24181044,0.25970796
Turkey,3024,27541,Kale,2016,0.21005628,0.19072337
Turkey,3024,27541,Kale,2017,0.22321235,0.22446138
Turkey,3024,27541,Kale,2018,0.2465049,0.26167452
Turkey,3024,27541,Kale,2019,0.22890176,0.26556867
Turkey,3024,27541,Kale,2020,0.23158899,0.25662935
Turkey,3024,27541,Kale,2021,0.21387246,0.23793265
Turkey,3024,27541,Kale,2022,0.1844739,0.20429341
Turkey,3024,27541,Kale,2023,0.20223078,0.22818539
Turkey,3024,27541,Kale,2024,0.22466871,0.23872936
Turkey,3024,27542,Kas,2015,0.25717235,0.1952429
Turkey,3024,27542,Kas,2016,0.2636243,0.21455857
Turkey,3024,27542,Kas,2017,0.28844887,0.2366318
Turkey,3024,27542,Kas,2018,0.28585324,0.22621687
Turkey,3024,27542,Kas,2019,0.28593805,0.23375353
Turkey,3024,27542,Kas,2020,0.27848062,0.22270164
Turkey,3024,27542,Kas,2021,0.24524318,0.18431297
Turkey,3024,27542,Kas,2022,0.23450871,0.17117953
Turkey,3024,27542,Kas,2023,0.23412478,0.16479123
Turkey,3024,27542,Kas,2024,0.24021101,0.19158432
Turkey,3024,27543,Kemer,2015,0.13156605,0.10009165
Turkey,3024,27543,Kemer,2016,0.15304048,0.10154351
Turkey,3024,27543,Kemer,2017,0.11794307,0.10081137
Turkey,3024,27543,Kemer,2018,0.14420173,0.13296989
Turkey,3024,27543,Kemer,2019,0.12300287,0.112609155
Turkey,3024,27543,Kemer,2020,0.12952104,0.12033428
Turkey,3024,27543,Kemer,2021,0.11699369,0.112675495
Turkey,3024,27543,Kemer,2022,0.104615726,0.09951829
Turkey,3024,27543,Kemer,2023,0.11180624,0.10796792
Turkey,3024,27543,Kemer,2024,0.13986427,0.12971498
Turkey,3024,27544,Korkuteli,2015,0.26111418,0.18151271
Turkey,3024,27544,Korkuteli,2016,0.2536533,0.20121732
Turkey,3024,27544,Korkuteli,2017,0.25034115,0.19449739
Turkey,3024,27544,Korkuteli,2018,0.24107319,0.17094503
Turkey,3024,27544,Korkuteli,2019,0.23250991,0.1611622
Turkey,3024,27544,Korkuteli,2020,0.23347539,0.15737662
Turkey,3024,27544,Korkuteli,2021,0.22495237,0.15828511
Turkey,3024,27544,Korkuteli,2022,0.23965631,0.17740515
Turkey,3024,27544,Korkuteli,2023,0.22669989,0.14808437
Turkey,3024,27544,Korkuteli,2024,0.22015437,0.1563101
Turkey,3024,27545,Kumluca,2015,0.22793162,0.24871078
Turkey,3024,27545,Kumluca,2016,0.19192415,0.19634923
Turkey,3024,27545,Kumluca,2017,0.1986253,0.22852004
Turkey,3024,27545,Kumluca,2018,0.18730253,0.22973838
Turkey,3024,27545,Kumluca,2019,0.18867199,0.2388978
Turkey,3024,27545,Kumluca,2020,0.17484859,0.23019601
Turkey,3024,27545,Kumluca,2021,0.15182698,0.20166928
Turkey,3024,27545,Kumluca,2022,0.14929274,0.20987749
Turkey,3024,27545,Kumluca,2023,0.16034389,0.2140546
Turkey,3024,27545,Kumluca,2024,0.17140217,0.20907745
Turkey,3024,27546,Manavgat,2015,0.10290226,0.08678636
Turkey,3024,27546,Manavgat,2016,0.103618175,0.087991565
Turkey,3024,27546,Manavgat,2017,0.106813096,0.087270364
Turkey,3024,27546,Manavgat,2018,0.12907575,0.09795737
Turkey,3024,27546,Manavgat,2019,0.10165409,0.07073282
Turkey,3024,27546,Manavgat,2020,0.09688036,0.06939596
Turkey,3024,27546,Manavgat,2021,0.08158798,0.068517916
Turkey,3024,27546,Manavgat,2022,0.07007792,0.06421789
Turkey,3024,27546,Manavgat,2023,0.08373391,0.067382
Turkey,3024,27546,Manavgat,2024,0.09841221,0.072780766
Turkey,3024,27547,Merkez,2015,0.041881762,0.040069252
Turkey,3024,27547,Merkez,2016,0.06046285,0.05783366
Turkey,3024,27547,Merkez,2017,0.06018134,0.057552148
Turkey,3024,27547,Merkez,2018,0.06277048,0.05744519
Turkey,3024,27547,Merkez,2019,0.063357286,0.058032
Turkey,3024,27547,Merkez,2020,0.06439665,0.06005094
Turkey,3024,27547,Merkez,2021,0.062507376,0.05816166
Turkey,3024,27547,Merkez,2022,0.053495925,0.04965343
Turkey,3024,27547,Merkez,2023,0.06069603,0.058066837
Turkey,3024,27547,Merkez,2024,0.059324555,0.053765543
Turkey,3024,27548,Serik,2015,0.19329406,0.16755787
Turkey,3024,27548,Serik,2016,0.17435727,0.13494107
Turkey,3024,27548,Serik,2017,0.17959976,0.14618729
Turkey,3024,27548,Serik,2018,0.1799906,0.16989858
Turkey,3024,27548,Serik,2019,0.17743215,0.15581094
Turkey,3024,27548,Serik,2020,0.17245007,0.14463839
Turkey,3024,27548,Serik,2021,0.15819651,0.124041095
Turkey,3024,27548,Serik,2022,0.1493224,0.124716945
Turkey,3024,27548,Serik,2023,0.17679346,0.17985514
Turkey,3024,27548,Serik,2024,0.1673905,0.14997809
Turkey,3025,27549,Cildir,2015,0.18283756,0.07548073
Turkey,3025,27549,Cildir,2016,0.17242007,0.075566426
Turkey,3025,27549,Cildir,2017,0.17134745,0.08240617
Turkey,3025,27549,Cildir,2018,0.16229826,0.070289016
Turkey,3025,27549,Cildir,2019,0.1900064,0.09042622
Turkey,3025,27549,Cildir,2020,0.18477806,0.08221804
Turkey,3025,27549,Cildir,2021,0.17669591,0.08650363
Turkey,3025,27549,Cildir,2022,0.20153017,0.10276486
Turkey,3025,27549,Cildir,2023,0.20376506,0.10619015
Turkey,3025,27549,Cildir,2024,0.18288168,0.09960178
Turkey,3025,27550,Damal,2015,0.15753312,0.12315171
Turkey,3025,27550,Damal,2016,0.1821376,0.14204456
Turkey,3025,27550,Damal,2017,0.19524342,0.15264475
Turkey,3025,27550,Damal,2018,0.16827221,0.12025125
Turkey,3025,27550,Damal,2019,0.15004039,0.11028679
Turkey,3025,27550,Damal,2020,0.14248945,0.10634701
Turkey,3025,27550,Damal,2021,0.15765831,0.115038946
Turkey,3025,27550,Damal,2022,0.16135412,0.12654383
Turkey,3025,27550,Damal,2023,0.16315323,0.12440644
Turkey,3025,27550,Damal,2024,0.1640273,0.111237675
Turkey,3025,27551,Gole,2015,0.15336263,0.08897157
Turkey,3025,27551,Gole,2016,0.16138901,0.098368295
Turkey,3025,27551,Gole,2017,0.15304248,0.0944865
Turkey,3025,27551,Gole,2018,0.1414467,0.0823568
Turkey,3025,27551,Gole,2019,0.1741583,0.11007179
Turkey,3025,27551,Gole,2020,0.15731227,0.09860827
Turkey,3025,27551,Gole,2021,0.17707911,0.11215778
Turkey,3025,27551,Gole,2022,0.1556656,0.10426756
Turkey,3025,27551,Gole,2023,0.15921189,0.10122879
Turkey,3025,27551,Gole,2024,0.12840986,0.07497606
Turkey,3025,27552,Hanak,2015,0.19423679,0.15198973
Turkey,3025,27552,Hanak,2016,0.19709617,0.1418
Turkey,3025,27552,Hanak,2017,0.19911002,0.15358455
Turkey,3025,27552,Hanak,2018,0.17888057,0.13807634
Turkey,3025,27552,Hanak,2019,0.19109303,0.14780734
Turkey,3025,27552,Hanak,2020,0.19296691,0.15047507
Turkey,3025,27552,Hanak,2021,0.18106124,0.14383544
Turkey,3025,27552,Hanak,2022,0.19475089,0.14580162
Turkey,3025,27552,Hanak,2023,0.1804012,0.13972634
Turkey,3025,27552,Hanak,2024,0.16560367,0.12836076
Turkey,3025,27553,Merkez,2015,0.13735428,0.092358634
Turkey,3025,27553,Merkez,2016,0.13651991,0.09328577
Turkey,3025,27553,Merkez,2017,0.12682363,0.07850425
Turkey,3025,27553,Merkez,2018,0.13193311,0.08602752
Turkey,3025,27553,Merkez,2019,0.12912734,0.07180745
Turkey,3025,27553,Merkez,2020,0.13274302,0.08739073
Turkey,3025,27553,Merkez,2021,0.124497175,0.063459165
Turkey,3025,27553,Merkez,2022,0.09995325,0.06403899
Turkey,3025,27553,Merkez,2023,0.11752012,0.06285668
Turkey,3025,27553,Merkez,2024,0.121554874,0.06717236
Turkey,3025,27554,Posof,2015,0.19826624,0.12049531
Turkey,3025,27554,Posof,2016,0.21415146,0.14802168
Turkey,3025,27554,Posof,2017,0.22097379,0.19382396
Turkey,3025,27554,Posof,2018,0.19593751,0.124313936
Turkey,3025,27554,Posof,2019,0.20660985,0.12887777
Turkey,3025,27554,Posof,2020,0.19893101,0.1482326
Turkey,3025,27554,Posof,2021,0.19664302,0.13521905
Turkey,3025,27554,Posof,2022,0.20316932,0.15839149
Turkey,3025,27554,Posof,2023,0.19229877,0.1345501
Turkey,3025,27554,Posof,2024,0.20374829,0.13529505
Turkey,3026,27555,Ardanuc,2015,0.24551013,0.19852063
Turkey,3026,27555,Ardanuc,2016,0.23850098,0.16511366
Turkey,3026,27555,Ardanuc,2017,0.24028623,0.20434004
Turkey,3026,27555,Ardanuc,2018,0.2372764,0.16932443
Turkey,3026,27555,Ardanuc,2019,0.24294427,0.18961012
Turkey,3026,27555,Ardanuc,2020,0.23989198,0.20512743
Turkey,3026,27555,Ardanuc,2021,0.24104378,0.18425381
Turkey,3026,27555,Ardanuc,2022,0.24046957,0.1760082
Turkey,3026,27555,Ardanuc,2023,0.236381,0.17128979
Turkey,3026,27555,Ardanuc,2024,0.2340338,0.15563786
Turkey,3026,27556,Arhavi,2015,0.16901135,0.08220018
Turkey,3026,27556,Arhavi,2016,0.12997006,0.0761119
Turkey,3026,27556,Arhavi,2017,0.09753546,0.08077373
Turkey,3026,27556,Arhavi,2018,0.09604152,0.080778815
Turkey,3026,27556,Arhavi,2019,0.08712109,0.07971274
Turkey,3026,27556,Arhavi,2020,0.08367422,0.073487416
Turkey,3026,27556,Arhavi,2021,0.08807,0.08016508
Turkey,3026,27556,Arhavi,2022,0.086339876,0.07641339
Turkey,3026,27556,Arhavi,2023,0.09357141,0.07929562
Turkey,3026,27556,Arhavi,2024,0.08013335,0.06111636
Turkey,3026,27557,Borcka,2015,0.18338972,0.0641201
Turkey,3026,27557,Borcka,2016,0.18276042,0.0835359
Turkey,3026,27557,Borcka,2017,0.18294011,0.0986053
Turkey,3026,27557,Borcka,2018,0.18769026,0.082450375
Turkey,3026,27557,Borcka,2019,0.13076141,0.08595985
Turkey,3026,27557,Borcka,2020,0.10303087,0.06762688
Turkey,3026,27557,Borcka,2021,0.13033871,0.06261724
Turkey,3026,27557,Borcka,2022,0.10296966,0.07847039
Turkey,3026,27557,Borcka,2023,0.100440525,0.0661182
Turkey,3026,27557,Borcka,2024,0.14561178,0.07185085
Turkey,3026,27558,Hopa,2015,0.095690496,0.08548808
Turkey,3026,27558,Hopa,2016,0.09630817,0.08421445
Turkey,3026,27558,Hopa,2017,0.094363704,0.09290868
Turkey,3026,27558,Hopa,2018,0.09838998,0.08630707
Turkey,3026,27558,Hopa,2019,0.08973857,0.082202904
Turkey,3026,27558,Hopa,2020,0.07315409,0.06580757
Turkey,3026,27558,Hopa,2021,0.074730836,0.07410224
Turkey,3026,27558,Hopa,2022,0.074476205,0.064326495
Turkey,3026,27558,Hopa,2023,0.07296616,0.07517947
Turkey,3026,27558,Hopa,2024,0.079762965,0.07693503
Turkey,3026,27559,Merkez,2015,0.10847263,0.10002626
Turkey,3026,27559,Merkez,2016,0.10056021,0.09754695
Turkey,3026,27559,Merkez,2017,0.10762147,0.10110098
Turkey,3026,27559,Merkez,2018,0.10345451,0.096001685
Turkey,3026,27559,Merkez,2019,0.10604872,0.099133424
Turkey,3026,27559,Merkez,2020,0.09549399,0.090336256
Turkey,3026,27559,Merkez,2021,0.090060756,0.08458618
Turkey,3026,27559,Merkez,2022,0.0875475,0.08168032
Turkey,3026,27559,Merkez,2023,0.085150816,0.07825304
Turkey,3026,27559,Merkez,2024,0.091049984,0.08415221
Turkey,3026,27560,Murgul,2015,0.29945746,0.1520953
Turkey,3026,27560,Murgul,2016,0.29647514,0.12467683
Turkey,3026,27560,Murgul,2017,0.30535802,0.15560739
Turkey,3026,27560,Murgul,2018,0.2927842,0.14844596
Turkey,3026,27560,Murgul,2019,0.30157375,0.14945422
Turkey,3026,27560,Murgul,2020,0.30301425,0.15878789
Turkey,3026,27560,Murgul,2021,0.30030382,0.13276003
Turkey,3026,27560,Murgul,2022,0.29855287,0.1332138
Turkey,3026,27560,Murgul,2023,0.29686636,0.12827824
Turkey,3026,27560,Murgul,2024,0.2920866,0.13665399
Turkey,3026,27561,Savsat,2015,0.1703183,0.07183804
Turkey,3026,27561,Savsat,2016,0.12938283,0.028047694
Turkey,3026,27561,Savsat,2017,0.1569103,0.068569146
Turkey,3026,27561,Savsat,2018,0.14674339,0.042898677
Turkey,3026,27561,Savsat,2019,0.17347178,0.051639963
Turkey,3026,27561,Savsat,2020,0.14523104,0.053479332
Turkey,3026,27561,Savsat,2021,0.14362398,0.034546234
Turkey,3026,27561,Savsat,2022,0.15732114,0.06434229
Turkey,3026,27561,Savsat,2023,0.1578298,0.061631463
Turkey,3026,27561,Savsat,2024,0.12982582,0.03350258
Turkey,3026,27562,Yusufeli,2015,0.23706515,0.1903224
Turkey,3026,27562,Yusufeli,2016,0.2438074,0.1866829
Turkey,3026,27562,Yusufeli,2017,0.22978328,0.19134556
Turkey,3026,27562,Yusufeli,2018,0.26017824,0.19232842
Turkey,3026,27562,Yusufeli,2019,0.26324272,0.2173174
Turkey,3026,27562,Yusufeli,2020,0.24993291,0.18268555
Turkey,3026,27562,Yusufeli,2021,0.26322302,0.20600724
Turkey,3026,27562,Yusufeli,2022,0.25051275,0.21321027
Turkey,3026,27562,Yusufeli,2023,0.25786757,0.17383125
Turkey,3026,27562,Yusufeli,2024,0.26946092,0.14918077
Turkey,3027,27563,Bozdogan,2015,0.20503527,0.13270834
Turkey,3027,27563,Bozdogan,2016,0.20577556,0.15082715
Turkey,3027,27563,Bozdogan,2017,0.20732328,0.13889003
Turkey,3027,27563,Bozdogan,2018,0.22270042,0.13801984
Turkey,3027,27563,Bozdogan,2019,0.2194182,0.14902292
Turkey,3027,27563,Bozdogan,2020,0.21497977,0.14843114
Turkey,3027,27563,Bozdogan,2021,0.20253892,0.1596842
Turkey,3027,27563,Bozdogan,2022,0.20302254,0.14406745
Turkey,3027,27563,Bozdogan,2023,0.2121517,0.14026892
Turkey,3027,27563,Bozdogan,2024,0.20172027,0.16610688
Turkey,3027,27564,Buharkent,2015,0.20643333,0.11604043
Turkey,3027,27564,Buharkent,2016,0.21745655,0.15082106
Turkey,3027,27564,Buharkent,2017,0.18434678,0.13982515
Turkey,3027,27564,Buharkent,2018,0.19886172,0.1693612
Turkey,3027,27564,Buharkent,2019,0.18706284,0.17934772
Turkey,3027,27564,Buharkent,2020,0.17133084,0.16560027
Turkey,3027,27564,Buharkent,2021,0.15792692,0.15304235
Turkey,3027,27564,Buharkent,2022,0.14118189,0.13842046
Turkey,3027,27564,Buharkent,2023,0.12994665,0.11290371
Turkey,3027,27564,Buharkent,2024,0.129502,0.08998875
Turkey,3027,27565,Cine,2015,0.20395815,0.17039622
Turkey,3027,27565,Cine,2016,0.18771054,0.15163742
Turkey,3027,27565,Cine,2017,0.18357529,0.15022002
Turkey,3027,27565,Cine,2018,0.18840128,0.1902042
Turkey,3027,27565,Cine,2019,0.19181609,0.19607872
Turkey,3027,27565,Cine,2020,0.18636298,0.19227321
Turkey,3027,27565,Cine,2021,0.17104647,0.16018121
Turkey,3027,27565,Cine,2022,0.17622796,0.16544878
Turkey,3027,27565,Cine,2023,0.16702813,0.18474866
Turkey,3027,27565,Cine,2024,0.15252852,0.14284232
Turkey,3027,27566,Germencik,2015,0.1466663,0.086493924
Turkey,3027,27566,Germencik,2016,0.12699069,0.085692555
Turkey,3027,27566,Germencik,2017,0.11592443,0.08195549
Turkey,3027,27566,Germencik,2018,0.1242574,0.07984527
Turkey,3027,27566,Germencik,2019,0.1298817,0.09796043
Turkey,3027,27566,Germencik,2020,0.12328528,0.09414072
Turkey,3027,27566,Germencik,2021,0.121746354,0.09326598
Turkey,3027,27566,Germencik,2022,0.112184614,0.09123098
Turkey,3027,27566,Germencik,2023,0.11809903,0.10158019
Turkey,3027,27566,Germencik,2024,0.12858787,0.10656756
Turkey,3027,27567,Incirliova,2015,0.0962715,0.084886394
Turkey,3027,27567,Incirliova,2016,0.113535,0.10156072
Turkey,3027,27567,Incirliova,2017,0.11105669,0.10220659
Turkey,3027,27567,Incirliova,2018,0.09813323,0.08470625
Turkey,3027,27567,Incirliova,2019,0.097890005,0.08575128
Turkey,3027,27567,Incirliova,2020,0.08933477,0.08497455
Turkey,3027,27567,Incirliova,2021,0.09341919,0.08939044
Turkey,3027,27567,Incirliova,2022,0.08942402,0.08202619
Turkey,3027,27567,Incirliova,2023,0.09056793,0.08465476
Turkey,3027,27567,Incirliova,2024,0.093614,0.0873453
Turkey,3027,27568,Karacasu,2015,0.22326653,0.12846795
Turkey,3027,27568,Karacasu,2016,0.20115246,0.10940359
Turkey,3027,27568,Karacasu,2017,0.21444538,0.11400384
Turkey,3027,27568,Karacasu,2018,0.20735821,0.108353205
Turkey,3027,27568,Karacasu,2019,0.21519306,0.119927354
Turkey,3027,27568,Karacasu,2020,0.20362091,0.102264
Turkey,3027,27568,Karacasu,2021,0.19172779,0.09975472
Turkey,3027,27568,Karacasu,2022,0.18276444,0.090615496
Turkey,3027,27568,Karacasu,2023,0.19105946,0.08814031
Turkey,3027,27568,Karacasu,2024,0.1985267,0.105407916
Turkey,3027,27569,Karpuzlu,2015,0.17996722,0.0827224
Turkey,3027,27569,Karpuzlu,2016,0.16778722,0.104128376
Turkey,3027,27569,Karpuzlu,2017,0.1879031,0.12808907
Turkey,3027,27569,Karpuzlu,2018,0.19286752,0.11582344
Turkey,3027,27569,Karpuzlu,2019,0.21004954,0.13622119
Turkey,3027,27569,Karpuzlu,2020,0.19803512,0.12356774
Turkey,3027,27569,Karpuzlu,2021,0.17655736,0.12573585
Turkey,3027,27569,Karpuzlu,2022,0.19207707,0.13576081
Turkey,3027,27569,Karpuzlu,2023,0.19566438,0.13513637
Turkey,3027,27569,Karpuzlu,2024,0.20193446,0.15761645
Turkey,3027,27570,Kocarli,2015,0.2141788,0.13532725
Turkey,3027,27570,Kocarli,2016,0.21330509,0.14462501
Turkey,3027,27570,Kocarli,2017,0.20729014,0.15471189
Turkey,3027,27570,Kocarli,2018,0.19148456,0.13396908
Turkey,3027,27570,Kocarli,2019,0.21693599,0.15587533
Turkey,3027,27570,Kocarli,2020,0.20317386,0.13585888
Turkey,3027,27570,Kocarli,2021,0.18821552,0.13649854
Turkey,3027,27570,Kocarli,2022,0.19911022,0.13304342
Turkey,3027,27570,Kocarli,2023,0.20508441,0.1639017
Turkey,3027,27570,Kocarli,2024,0.19807869,0.15647775
Turkey,3027,27571,Kosk,2015,0.14966732,0.10296753
Turkey,3027,27571,Kosk,2016,0.12280113,0.08770591
Turkey,3027,27571,Kosk,2017,0.118903294,0.08709705
Turkey,3027,27571,Kosk,2018,0.11539355,0.12705444
Turkey,3027,27571,Kosk,2019,0.11442713,0.116777755
Turkey,3027,27571,Kosk,2020,0.119669996,0.116917804
Turkey,3027,27571,Kosk,2021,0.10135071,0.097481355
Turkey,3027,27571,Kosk,2022,0.088436924,0.0732295
Turkey,3027,27571,Kosk,2023,0.08816924,0.09533056
Turkey,3027,27571,Kosk,2024,0.10512412,0.11348936
Turkey,3027,27572,Kusadasi,2015,0.032719534,0.034196787
Turkey,3027,27572,Kusadasi,2016,0.037813343,0.03840188
Turkey,3027,27572,Kusadasi,2017,0.042621844,0.044392183
Turkey,3027,27572,Kusadasi,2018,0.0419287,0.04369903
Turkey,3027,27572,Kusadasi,2019,0.04038832,0.042158637
Turkey,3027,27572,Kusadasi,2020,0.04093332,0.042703643
Turkey,3027,27572,Kusadasi,2021,0.038712945,0.03930147
Turkey,3027,27572,Kusadasi,2022,0.040627774,0.041216318
Turkey,3027,27572,Kusadasi,2023,0.038994636,0.04047191
Turkey,3027,27572,Kusadasi,2024,0.037397504,0.037986044
Turkey,3027,27573,Kuyucak,2015,0.1409477,0.09976902
Turkey,3027,27573,Kuyucak,2016,0.14832726,0.11996974
Turkey,3027,27573,Kuyucak,2017,0.14321116,0.11209811
Turkey,3027,27573,Kuyucak,2018,0.15794203,0.10807568
Turkey,3027,27573,Kuyucak,2019,0.15520498,0.13244507
Turkey,3027,27573,Kuyucak,2020,0.1558088,0.12684985
Turkey,3027,27573,Kuyucak,2021,0.15300131,0.1435323
Turkey,3027,27573,Kuyucak,2022,0.13635215,0.12748708
Turkey,3027,27573,Kuyucak,2023,0.1402611,0.12859303
Turkey,3027,27573,Kuyucak,2024,0.15539333,0.15265298
Turkey,3027,27574,Merkez,2015,0.052564044,0.04087198
Turkey,3027,27574,Merkez,2016,0.048190925,0.041829012
Turkey,3027,27574,Merkez,2017,0.04747911,0.039769735
Turkey,3027,27574,Merkez,2018,0.055557836,0.044664945
Turkey,3027,27574,Merkez,2019,0.04534576,0.03715407
Turkey,3027,27574,Merkez,2020,0.05151365,0.039821588
Turkey,3027,27574,Merkez,2021,0.04757406,0.03986469
Turkey,3027,27574,Merkez,2022,0.04757406,0.04121213
Turkey,3027,27574,Merkez,2023,0.041825175,0.036116067
Turkey,3027,27574,Merkez,2024,0.050837547,0.046101872
Turkey,3027,27575,Nazilli,2015,0.08934088,0.08487952
Turkey,3027,27575,Nazilli,2016,0.09077237,0.08689431
Turkey,3027,27575,Nazilli,2017,0.08663617,0.08227579
Turkey,3027,27575,Nazilli,2018,0.09175061,0.08711938
Turkey,3027,27575,Nazilli,2019,0.08703703,0.0824058
Turkey,3027,27575,Nazilli,2020,0.08738814,0.082756914
Turkey,3027,27575,Nazilli,2021,0.07797688,0.078322776
Turkey,3027,27575,Nazilli,2022,0.08494725,0.08027002
Turkey,3027,27575,Nazilli,2023,0.08491256,0.08023533
Turkey,3027,27575,Nazilli,2024,0.0819011,0.082247004
Turkey,3027,27576,Soke,2015,0.1189957,0.123339236
Turkey,3027,27576,Soke,2016,0.10642556,0.112813935
Turkey,3027,27576,Soke,2017,0.100512624,0.10892354
Turkey,3027,27576,Soke,2018,0.1075459,0.121603966
Turkey,3027,27576,Soke,2019,0.12149824,0.14803803
Turkey,3027,27576,Soke,2020,0.11308021,0.15585113
Turkey,3027,27576,Soke,2021,0.107500866,0.1311369
Turkey,3027,27576,Soke,2022,0.105387524,0.124915764
Turkey,3027,27576,Soke,2023,0.10759891,0.11098316
Turkey,3027,27576,Soke,2024,0.10818813,0.11087665
Turkey,3027,27577,Sultanhisar,2015,0.13997364,0.09536587
Turkey,3027,27577,Sultanhisar,2016,0.1359484,0.094168015
Turkey,3027,27577,Sultanhisar,2017,0.13579006,0.09664698
Turkey,3027,27577,Sultanhisar,2018,0.14559656,0.09498152
Turkey,3027,27577,Sultanhisar,2019,0.14884871,0.09711826
Turkey,3027,27577,Sultanhisar,2020,0.15638499,0.10988954
Turkey,3027,27577,Sultanhisar,2021,0.15636298,0.10907094
Turkey,3027,27577,Sultanhisar,2022,0.13850263,0.10825282
Turkey,3027,27577,Sultanhisar,2023,0.14916109,0.108703606
Turkey,3027,27577,Sultanhisar,2024,0.15495284,0.103547946
Turkey,3027,27578,Yenihisar,2015,0.07393866,0.06892459
Turkey,3027,27578,Yenihisar,2016,0.08057228,0.06756811
Turkey,3027,27578,Yenihisar,2017,0.0767485,0.06662337
Turkey,3027,27578,Yenihisar,2018,0.093862295,0.07074073
Turkey,3027,27578,Yenihisar,2019,0.10190281,0.07423455
Turkey,3027,27578,Yenihisar,2020,0.07486293,0.06870083
Turkey,3027,27578,Yenihisar,2021,0.07988323,0.07282429
Turkey,3027,27578,Yenihisar,2022,0.07483805,0.07263714
Turkey,3027,27578,Yenihisar,2023,0.07645451,0.07214448
Turkey,3027,27578,Yenihisar,2024,0.07544678,0.071950205
Turkey,3027,27579,Yenipazar,2015,0.14697886,0.073804125
Turkey,3027,27579,Yenipazar,2016,0.14259902,0.0884641
Turkey,3027,27579,Yenipazar,2017,0.14635025,0.07502626
Turkey,3027,27579,Yenipazar,2018,0.14411934,0.09429015
Turkey,3027,27579,Yenipazar,2019,0.15193078,0.12608215
Turkey,3027,27579,Yenipazar,2020,0.14585976,0.10375834
Turkey,3027,27579,Yenipazar,2021,0.14494823,0.08485468
Turkey,3027,27579,Yenipazar,2022,0.12469875,0.07051258
Turkey,3027,27579,Yenipazar,2023,0.12772882,0.07703687
Turkey,3027,27579,Yenipazar,2024,0.11524577,0.07130857
Turkey,3028,27580,Ayvalik,2015,0.057120763,0.052770194
Turkey,3028,27580,Ayvalik,2016,0.061324123,0.056702696
Turkey,3028,27580,Ayvalik,2017,0.05664627,0.052295696
Turkey,3028,27580,Ayvalik,2018,0.060181335,0.06284278
Turkey,3028,27580,Ayvalik,2019,0.061921973,0.0781257
Turkey,3028,27580,Ayvalik,2020,0.061190233,0.05666396
Turkey,3028,27580,Ayvalik,2021,0.0604249,0.05564053
Turkey,3028,27580,Ayvalik,2022,0.060123205,0.055609692
Turkey,3028,27580,Ayvalik,2023,0.055524983,0.05074061
Turkey,3028,27580,Ayvalik,2024,0.05458497,0.049800593
Turkey,3028,27581,Balya,2015,0.17751008,0.1044524
Turkey,3028,27581,Balya,2016,0.17571977,0.112265445
Turkey,3028,27581,Balya,2017,0.18360287,0.124368936
Turkey,3028,27581,Balya,2018,0.17767018,0.10323944
Turkey,3028,27581,Balya,2019,0.18753806,0.10589271
Turkey,3028,27581,Balya,2020,0.18709671,0.09660319
Turkey,3028,27581,Balya,2021,0.18881476,0.112875305
Turkey,3028,27581,Balya,2022,0.18327993,0.11109249
Turkey,3028,27581,Balya,2023,0.18028721,0.11230898
Turkey,3028,27581,Balya,2024,0.18341152,0.107736774
Turkey,3028,27582,Bandirma,2015,0.090383545,0.08759958
Turkey,3028,27582,Bandirma,2016,0.07851446,0.07541365
Turkey,3028,27582,Bandirma,2017,0.07954777,0.076697096
Turkey,3028,27582,Bandirma,2018,0.085194394,0.08213958
Turkey,3028,27582,Bandirma,2019,0.08143723,0.07704805
Turkey,3028,27582,Bandirma,2020,0.08200701,0.07920217
Turkey,3028,27582,Bandirma,2021,0.08439702,0.07871442
Turkey,3028,27582,Bandirma,2022,0.084258825,0.07896885
Turkey,3028,27582,Bandirma,2023,0.087516256,0.08197612
Turkey,3028,27582,Bandirma,2024,0.08393345,0.081492424
Turkey,3028,27583,Bigadic,2015,0.23617929,0.18727838
Turkey,3028,27583,Bigadic,2016,0.218806,0.18451259
Turkey,3028,27583,Bigadic,2017,0.23000987,0.18652004
Turkey,3028,27583,Bigadic,2018,0.22146389,0.19249651
Turkey,3028,27583,Bigadic,2019,0.21520871,0.19482702
Turkey,3028,27583,Bigadic,2020,0.22702894,0.19764817
Turkey,3028,27583,Bigadic,2021,0.21260473,0.18982266
Turkey,3028,27583,Bigadic,2022,0.21189627,0.16031432
Turkey,3028,27583,Bigadic,2023,0.20939517,0.1838251
Turkey,3028,27583,Bigadic,2024,0.21151114,0.19946393
Turkey,3028,27584,Burhaniye,2015,0.09814535,0.12088196
Turkey,3028,27584,Burhaniye,2016,0.09020701,0.097757615
Turkey,3028,27584,Burhaniye,2017,0.074742556,0.07288027
Turkey,3028,27584,Burhaniye,2018,0.09944436,0.11308044
Turkey,3028,27584,Burhaniye,2019,0.09502547,0.091132015
Turkey,3028,27584,Burhaniye,2020,0.09420717,0.078333214
Turkey,3028,27584,Burhaniye,2021,0.08744126,0.07489349
Turkey,3028,27584,Burhaniye,2022,0.077226296,0.07504476
Turkey,3028,27584,Burhaniye,2023,0.07195749,0.07294363
Turkey,3028,27584,Burhaniye,2024,0.07906612,0.074656084
Turkey,3028,27585,Dursunbey,2015,0.20779337,0.12296168
Turkey,3028,27585,Dursunbey,2016,0.20038024,0.11470968
Turkey,3028,27585,Dursunbey,2017,0.19882467,0.10949298
Turkey,3028,27585,Dursunbey,2018,0.18103234,0.118096784
Turkey,3028,27585,Dursunbey,2019,0.20047995,0.124611266
Turkey,3028,27585,Dursunbey,2020,0.18915057,0.11129973
Turkey,3028,27585,Dursunbey,2021,0.18620977,0.11050665
Turkey,3028,27585,Dursunbey,2022,0.19137573,0.10516921
Turkey,3028,27585,Dursunbey,2023,0.18344684,0.10187224
Turkey,3028,27585,Dursunbey,2024,0.18425468,0.109170586
Turkey,3028,27586,Edremit,2015,0.082567275,0.07054196
Turkey,3028,27586,Edremit,2016,0.084463745,0.07034164
Turkey,3028,27586,Edremit,2017,0.085697,0.07367169
Turkey,3028,27586,Edremit,2018,0.08529474,0.07301609
Turkey,3028,27586,Edremit,2019,0.08220964,0.07327374
Turkey,3028,27586,Edremit,2020,0.088125624,0.076100305
Turkey,3028,27586,Edremit,2021,0.08892104,0.07764364
Turkey,3028,27586,Edremit,2022,0.08892104,0.07764364
Turkey,3028,27586,Edremit,2023,0.08892104,0.07764364
Turkey,3028,27586,Edremit,2024,0.08892104,0.07764364
Turkey,3028,27587,Erdek,2015,0.2099854,0.15553248
Turkey,3028,27587,Erdek,2016,0.18873088,0.15374123
Turkey,3028,27587,Erdek,2017,0.2001057,0.16988888
Turkey,3028,27587,Erdek,2018,0.16043696,0.16453914
Turkey,3028,27587,Erdek,2019,0.20346498,0.16067645
Turkey,3028,27587,Erdek,2020,0.22115186,0.1467197
Turkey,3028,27587,Erdek,2021,0.19927625,0.12875175
Turkey,3028,27587,Erdek,2022,0.19168615,0.14977014
Turkey,3028,27587,Erdek,2023,0.17870986,0.15903588
Turkey,3028,27587,Erdek,2024,0.19536641,0.16800153
Turkey,3028,27588,Gomec,2015,0.17635444,0.108724944
Turkey,3028,27588,Gomec,2016,0.18009302,0.104245454
Turkey,3028,27588,Gomec,2017,0.1593003,0.11070401
Turkey,3028,27588,Gomec,2018,0.17609915,0.114430726
Turkey,3028,27588,Gomec,2019,0.16975422,0.10704311
Turkey,3028,27588,Gomec,2020,0.16593385,0.12737863
Turkey,3028,27588,Gomec,2021,0.15871227,0.12981111
Turkey,3028,27588,Gomec,2022,0.1408645,0.11666573
Turkey,3028,27588,Gomec,2023,0.15425748,0.11490233
Turkey,3028,27588,Gomec,2024,0.16134807,0.11829099
Turkey,3028,27589,Gonen,2015,0.17485936,0.103016205
Turkey,3028,27589,Gonen,2016,0.15608832,0.08989667
Turkey,3028,27589,Gonen,2017,0.16198602,0.10136164
Turkey,3028,27589,Gonen,2018,0.15149689,0.10797286
Turkey,3028,27589,Gonen,2019,0.14909396,0.13239133
Turkey,3028,27589,Gonen,2020,0.15269187,0.12539142
Turkey,3028,27589,Gonen,2021,0.13374165,0.09936139
Turkey,3028,27589,Gonen,2022,0.11747348,0.099252254
Turkey,3028,27589,Gonen,2023,0.10557842,0.09229308
Turkey,3028,27589,Gonen,2024,0.112619504,0.12487003
Turkey,3028,27590,Havran,2015,0.13578248,0.10143639
Turkey,3028,27590,Havran,2016,0.12961112,0.10723789
Turkey,3028,27590,Havran,2017,0.11086499,0.093141496
Turkey,3028,27590,Havran,2018,0.118984364,0.11763868
Turkey,3028,27590,Havran,2019,0.12918003,0.13999972
Turkey,3028,27590,Havran,2020,0.104504816,0.120098874
Turkey,3028,27590,Havran,2021,0.09468124,0.101230785
Turkey,3028,27590,Havran,2022,0.090833776,0.09736421
Turkey,3028,27590,Havran,2023,0.091304176,0.10721877
Turkey,3028,27590,Havran,2024,0.099028535,0.12759787
Turkey,3028,27591,Ivrindi,2015,0.15425783,0.09122723
Turkey,3028,27591,Ivrindi,2016,0.15623654,0.09184128
Turkey,3028,27591,Ivrindi,2017,0.16099975,0.086018965
Turkey,3028,27591,Ivrindi,2018,0.14514464,0.095194906
Turkey,3028,27591,Ivrindi,2019,0.16106445,0.10019893
Turkey,3028,27591,Ivrindi,2020,0.16373101,0.07754508
Turkey,3028,27591,Ivrindi,2021,0.16689667,0.09630666
Turkey,3028,27591,Ivrindi,2022,0.15235245,0.07807022
Turkey,3028,27591,Ivrindi,2023,0.14470738,0.077830866
Turkey,3028,27591,Ivrindi,2024,0.1623672,0.10165743
Turkey,3028,27592,Kepsut,2015,0.16755049,0.10271028
Turkey,3028,27592,Kepsut,2016,0.17731404,0.11901741
Turkey,3028,27592,Kepsut,2017,0.1696582,0.10953067
Turkey,3028,27592,Kepsut,2018,0.17477772,0.13359588
Turkey,3028,27592,Kepsut,2019,0.17300928,0.12508893
Turkey,3028,27592,Kepsut,2020,0.17029628,0.10591143
Turkey,3028,27592,Kepsut,2021,0.17324743,0.10790065
Turkey,3028,27592,Kepsut,2022,0.1535291,0.08331643
Turkey,3028,27592,Kepsut,2023,0.15279259,0.095828965
Turkey,3028,27592,Kepsut,2024,0.15897122,0.11577066
Turkey,3028,27593,Manyas,2015,0.18384598,0.12183054
Turkey,3028,27593,Manyas,2016,0.16951232,0.12639801
Turkey,3028,27593,Manyas,2017,0.18979,0.11344574
Turkey,3028,27593,Manyas,2018,0.17698234,0.12144181
Turkey,3028,27593,Manyas,2019,0.1940592,0.14314112
Turkey,3028,27593,Manyas,2020,0.22086264,0.1043527
Turkey,3028,27593,Manyas,2021,0.20601633,0.10469316
Turkey,3028,27593,Manyas,2022,0.19232358,0.11533326
Turkey,3028,27593,Manyas,2023,0.1874833,0.122716956
Turkey,3028,27593,Manyas,2024,0.21010375,0.15346882
Turkey,3028,27594,Marmara,2015,0.20952922,0.21511564
Turkey,3028,27594,Marmara,2016,0.19098367,0.18141413
Turkey,3028,27594,Marmara,2017,0.17393222,0.1776545
Turkey,3028,27594,Marmara,2018,0.19189821,0.19113487
Turkey,3028,27594,Marmara,2019,0.18331125,0.18955928
Turkey,3028,27594,Marmara,2020,0.18785052,0.2027274
Turkey,3028,27594,Marmara,2021,0.19113317,0.2035659
Turkey,3028,27594,Marmara,2022,0.16624735,0.17004724
Turkey,3028,27594,Marmara,2023,0.1756898,0.15781647
Turkey,3028,27594,Marmara,2024,0.18078843,0.1730789
Turkey,3028,27595,Merkez,2015,0.08338371,0.07532182
Turkey,3028,27595,Merkez,2016,0.082859725,0.07500362
Turkey,3028,27595,Merkez,2017,0.08214928,0.074361555
Turkey,3028,27595,Merkez,2018,0.07854156,0.074320905
Turkey,3028,27595,Merkez,2019,0.08658761,0.07840729
Turkey,3028,27595,Merkez,2020,0.086053714,0.07782909
Turkey,3028,27595,Merkez,2021,0.08223151,0.07829951
Turkey,3028,27595,Merkez,2022,0.08223151,0.07829951
Turkey,3028,27595,Merkez,2023,0.07856828,0.076223984
Turkey,3028,27595,Merkez,2024,0.08138376,0.078268446
Turkey,3028,27596,Savastepe,2015,0.14381756,0.08925296
Turkey,3028,27596,Savastepe,2016,0.15196325,0.09904264
Turkey,3028,27596,Savastepe,2017,0.14232415,0.0843477
Turkey,3028,27596,Savastepe,2018,0.1450854,0.0996943
Turkey,3028,27596,Savastepe,2019,0.1531912,0.09865885
Turkey,3028,27596,Savastepe,2020,0.15243891,0.08686984
Turkey,3028,27596,Savastepe,2021,0.14061195,0.1027813
Turkey,3028,27596,Savastepe,2022,0.14807211,0.09900979
Turkey,3028,27596,Savastepe,2023,0.14950745,0.10764721
Turkey,3028,27596,Savastepe,2024,0.13538684,0.0934716
Turkey,3028,27597,Sindirgi,2015,0.18625689,0.1441737
Turkey,3028,27597,Sindirgi,2016,0.17957097,0.15839456
Turkey,3028,27597,Sindirgi,2017,0.18751213,0.16078389
Turkey,3028,27597,Sindirgi,2018,0.16899124,0.15301923
Turkey,3028,27597,Sindirgi,2019,0.18382944,0.16633521
Turkey,3028,27597,Sindirgi,2020,0.18560728,0.15204926
Turkey,3028,27597,Sindirgi,2021,0.16737986,0.15012108
Turkey,3028,27597,Sindirgi,2022,0.1779339,0.14763106
Turkey,3028,27597,Sindirgi,2023,0.16431715,0.12120767
Turkey,3028,27597,Sindirgi,2024,0.19350675,0.17008674
Turkey,3028,27598,Susurluk,2015,0.15885568,0.11393361
Turkey,3028,27598,Susurluk,2016,0.14380689,0.10222572
Turkey,3028,27598,Susurluk,2017,0.14584994,0.111258805
Turkey,3028,27598,Susurluk,2018,0.15494587,0.10454082
Turkey,3028,27598,Susurluk,2019,0.15168552,0.12006724
Turkey,3028,27598,Susurluk,2020,0.17655295,0.13466877
Turkey,3028,27598,Susurluk,2021,0.16441725,0.124439426
Turkey,3028,27598,Susurluk,2022,0.1480023,0.108129166
Turkey,3028,27598,Susurluk,2023,0.14716238,0.10200317
Turkey,3028,27598,Susurluk,2024,0.14221886,0.11730606
Turkey,3029,27599,Amasra,2015,0.23427895,0.122466646
Turkey,3029,27599,Amasra,2016,0.19812918,0.090728685
Turkey,3029,27599,Amasra,2017,0.20381093,0.09144508
Turkey,3029,27599,Amasra,2018,0.20920911,0.08899039
Turkey,3029,27599,Amasra,2019,0.21900573,0.0999906
Turkey,3029,27599,Amasra,2020,0.22066912,0.099126324
Turkey,3029,27599,Amasra,2021,0.20412973,0.09245318
Turkey,3029,27599,Amasra,2022,0.1918537,0.084247544
Turkey,3029,27599,Amasra,2023,0.2400817,0.11628084
Turkey,3029,27599,Amasra,2024,0.24390821,0.11957105
Turkey,3029,27600,Kurucasile,2015,0.30758038,0.16996571
Turkey,3029,27600,Kurucasile,2016,0.3011858,0.14481962
Turkey,3029,27600,Kurucasile,2017,0.30082855,0.15223056
Turkey,3029,27600,Kurucasile,2018,0.30785584,0.19997242
Turkey,3029,27600,Kurucasile,2019,0.30872405,0.15486872
Turkey,3029,27600,Kurucasile,2020,0.317786,0.17590514
Turkey,3029,27600,Kurucasile,2021,0.3069878,0.16997641
Turkey,3029,27600,Kurucasile,2022,0.3150022,0.16806473
Turkey,3029,27600,Kurucasile,2023,0.32112807,0.21308395
Turkey,3029,27600,Kurucasile,2024,0.3212157,0.17955989
Turkey,3029,27601,Merkez,2015,0.1463566,0.0407864
Turkey,3029,27601,Merkez,2016,0.1348862,0.03308947
Turkey,3029,27601,Merkez,2017,0.12549186,0.024644496
Turkey,3029,27601,Merkez,2018,0.12450415,0.021822909
Turkey,3029,27601,Merkez,2019,0.1195531,0.026271515
Turkey,3029,27601,Merkez,2020,0.12785842,0.031104945
Turkey,3029,27601,Merkez,2021,0.111825354,0.025020165
Turkey,3029,27601,Merkez,2022,0.115397155,0.02788252
Turkey,3029,27601,Merkez,2023,0.14101513,0.046498638
Turkey,3029,27601,Merkez,2024,0.13227464,0.029448917
Turkey,3029,27602,Ulus,2015,0.122479536,0.048225865
Turkey,3029,27602,Ulus,2016,0.12702404,0.061515875
Turkey,3029,27602,Ulus,2017,0.17218378,0.101047635
Turkey,3029,27602,Ulus,2018,0.19610992,0.11729373
Turkey,3029,27602,Ulus,2019,0.19931352,0.10590607
Turkey,3029,27602,Ulus,2020,0.20352256,0.11714263
Turkey,3029,27602,Ulus,2021,0.1991314,0.10205969
Turkey,3029,27602,Ulus,2022,0.19447035,0.106401056
Turkey,3029,27602,Ulus,2023,0.17554317,0.09781932
Turkey,3029,27602,Ulus,2024,0.20744607,0.11613428
Turkey,3030,27603,Besiri,2015,0.13700365,0.09460904
Turkey,3030,27603,Besiri,2016,0.11573869,0.08085132
Turkey,3030,27603,Besiri,2017,0.12040821,0.09631149
Turkey,3030,27603,Besiri,2018,0.09142236,0.077970244
Turkey,3030,27603,Besiri,2019,0.08513366,0.07756007
Turkey,3030,27603,Besiri,2020,0.12373553,0.09351074
Turkey,3030,27603,Besiri,2021,0.14491844,0.12958911
Turkey,3030,27603,Besiri,2022,0.1472844,0.11674799
Turkey,3030,27603,Besiri,2023,0.16387069,0.12797828
Turkey,3030,27603,Besiri,2024,0.15139608,0.112631686
Turkey,3030,27604,Gercus,2015,0.13885753,0.12704076
Turkey,3030,27604,Gercus,2016,0.12955286,0.13301049
Turkey,3030,27604,Gercus,2017,0.11738801,0.13429905
Turkey,3030,27604,Gercus,2018,0.09192987,0.11114468
Turkey,3030,27604,Gercus,2019,0.103415206,0.114871085
Turkey,3030,27604,Gercus,2020,0.09696592,0.10790111
Turkey,3030,27604,Gercus,2021,0.10949284,0.12228517
Turkey,3030,27604,Gercus,2022,0.10529893,0.11912316
Turkey,3030,27604,Gercus,2023,0.10351725,0.10983524
Turkey,3030,27604,Gercus,2024,0.09271245,0.10153649
Turkey,3030,27605,Hasankeyf,2015,0.1346461,0.15005827
Turkey,3030,27605,Hasankeyf,2016,0.12428694,0.14028065
Turkey,3030,27605,Hasankeyf,2017,0.11492749,0.14099129
Turkey,3030,27605,Hasankeyf,2018,0.13918313,0.15578045
Turkey,3030,27605,Hasankeyf,2019,0.1620225,0.17029248
Turkey,3030,27605,Hasankeyf,2020,0.28308785,0.2525137
Turkey,3030,27605,Hasankeyf,2021,0.28780556,0.2673452
Turkey,3030,27605,Hasankeyf,2022,0.28697824,0.26386726
Turkey,3030,27605,Hasankeyf,2023,0.2945709,0.27878118
Turkey,3030,27605,Hasankeyf,2024,0.28752264,0.2741785
Turkey,3030,27606,Kozluk,2015,0.16613422,0.12388621
Turkey,3030,27606,Kozluk,2016,0.1385889,0.112844944
Turkey,3030,27606,Kozluk,2017,0.1261933,0.11295459
Turkey,3030,27606,Kozluk,2018,0.12782797,0.11617784
Turkey,3030,27606,Kozluk,2019,0.12564427,0.11553154
Turkey,3030,27606,Kozluk,2020,0.13125215,0.11586922
Turkey,3030,27606,Kozluk,2021,0.124423094,0.117417246
Turkey,3030,27606,Kozluk,2022,0.12265095,0.109953515
Turkey,3030,27606,Kozluk,2023,0.12280405,0.120170884
Turkey,3030,27606,Kozluk,2024,0.1330237,0.1199292
Turkey,3030,27607,Merkez,2015,0.08657308,0.07359291
Turkey,3030,27607,Merkez,2016,0.08562578,0.07311615
Turkey,3030,27607,Merkez,2017,0.08862689,0.0750535
Turkey,3030,27607,Merkez,2018,0.08535024,0.073081724
Turkey,3030,27607,Merkez,2019,0.07781168,0.07562004
Turkey,3030,27607,Merkez,2020,0.07848857,0.076859675
Turkey,3030,27607,Merkez,2021,0.07828352,0.075158715
Turkey,3030,27607,Merkez,2022,0.07571584,0.07281613
Turkey,3030,27607,Merkez,2023,0.0779377,0.07386947
Turkey,3030,27607,Merkez,2024,0.07821614,0.073123604
Turkey,3030,27608,Sason,2015,0.13220169,0.110070504
Turkey,3030,27608,Sason,2016,0.14003174,0.12474943
Turkey,3030,27608,Sason,2017,0.14008626,0.13052289
Turkey,3030,27608,Sason,2018,0.13800338,0.13594387
Turkey,3030,27608,Sason,2019,0.13626291,0.13866803
Turkey,3030,27608,Sason,2020,0.13819283,0.13679326
Turkey,3030,27608,Sason,2021,0.14237386,0.13308659
Turkey,3030,27608,Sason,2022,0.1484088,0.13692066
Turkey,3030,27608,Sason,2023,0.15179864,0.13921583
Turkey,3030,27608,Sason,2024,0.13615437,0.123613015
Turkey,3031,27609,Aydintepe,2015,0.2030229,0.1216342
Turkey,3031,27609,Aydintepe,2016,0.18228614,0.10398839
Turkey,3031,27609,Aydintepe,2017,0.18986212,0.12178028
Turkey,3031,27609,Aydintepe,2018,0.19386144,0.11316413
Turkey,3031,27609,Aydintepe,2019,0.1911743,0.12518843
Turkey,3031,27609,Aydintepe,2020,0.19246493,0.11856894
Turkey,3031,27609,Aydintepe,2021,0.18750568,0.11506851
Turkey,3031,27609,Aydintepe,2022,0.18668438,0.1136183
Turkey,3031,27609,Aydintepe,2023,0.17046101,0.09477473
Turkey,3031,27609,Aydintepe,2024,0.18320185,0.10004871
Turkey,3031,27610,Demirozu,2015,0.15983127,0.09426825
Turkey,3031,27610,Demirozu,2016,0.17582066,0.10611479
Turkey,3031,27610,Demirozu,2017,0.14404482,0.09328953
Turkey,3031,27610,Demirozu,2018,0.16581994,0.09250314
Turkey,3031,27610,Demirozu,2019,0.14754471,0.0984397
Turkey,3031,27610,Demirozu,2020,0.15544662,0.098755226
Turkey,3031,27610,Demirozu,2021,0.15599595,0.10135045
Turkey,3031,27610,Demirozu,2022,0.16236854,0.10670035
Turkey,3031,27610,Demirozu,2023,0.14360154,0.08784786
Turkey,3031,27610,Demirozu,2024,0.16437829,0.08707777
Turkey,3031,27611,Merkez,2015,0.14400603,0.07897303
Turkey,3031,27611,Merkez,2016,0.12381233,0.07695302
Turkey,3031,27611,Merkez,2017,0.1167846,0.08023825
Turkey,3031,27611,Merkez,2018,0.1367363,0.07653722
Turkey,3031,27611,Merkez,2019,0.12222132,0.0789129
Turkey,3031,27611,Merkez,2020,0.13051105,0.08629365
Turkey,3031,27611,Merkez,2021,0.11625842,0.08490355
Turkey,3031,27611,Merkez,2022,0.101226166,0.08025024
Turkey,3031,27611,Merkez,2023,0.10106245,0.077898204
Turkey,3031,27611,Merkez,2024,0.11346786,0.07601328
Turkey,3032,27612,Bozuyuk,2015,0.1085144,0.07251413
Turkey,3032,27612,Bozuyuk,2016,0.080368355,0.06885404
Turkey,3032,27612,Bozuyuk,2017,0.07500398,0.067086935
Turkey,3032,27612,Bozuyuk,2018,0.08036416,0.072647065
Turkey,3032,27612,Bozuyuk,2019,0.07340152,0.06679576
Turkey,3032,27612,Bozuyuk,2020,0.07541446,0.06880865
Turkey,3032,27612,Bozuyuk,2021,0.077172235,0.07093024
Turkey,3032,27612,Bozuyuk,2022,0.07394129,0.06627843
Turkey,3032,27612,Bozuyuk,2023,0.07833862,0.072200075
Turkey,3032,27612,Bozuyuk,2024,0.073835805,0.06921987
Turkey,3032,27613,Golpazari,2015,0.16344696,0.1160787
Turkey,3032,27613,Golpazari,2016,0.16744009,0.13332239
Turkey,3032,27613,Golpazari,2017,0.17849748,0.14588709
Turkey,3032,27613,Golpazari,2018,0.1479176,0.122471236
Turkey,3032,27613,Golpazari,2019,0.17234612,0.14187765
Turkey,3032,27613,Golpazari,2020,0.16351731,0.14123127
Turkey,3032,27613,Golpazari,2021,0.16238521,0.13304949
Turkey,3032,27613,Golpazari,2022,0.16139089,0.12059924
Turkey,3032,27613,Golpazari,2023,0.16103908,0.12493307
Turkey,3032,27613,Golpazari,2024,0.18148246,0.12611224
Turkey,3032,27614,Inhisar,2015,0.19618349,0.14895253
Turkey,3032,27614,Inhisar,2016,0.16782644,0.11440994
Turkey,3032,27614,Inhisar,2017,0.15663578,0.107195824
Turkey,3032,27614,Inhisar,2018,0.16477743,0.109536976
Turkey,3032,27614,Inhisar,2019,0.18948916,0.122901924
Turkey,3032,27614,Inhisar,2020,0.17975429,0.12659547
Turkey,3032,27614,Inhisar,2021,0.17946997,0.11247442
Turkey,3032,27614,Inhisar,2022,0.18204255,0.12947299
Turkey,3032,27614,Inhisar,2023,0.18446076,0.13132693
Turkey,3032,27614,Inhisar,2024,0.18304467,0.1266829
Turkey,3032,27615,Merkez,2015,0.14183506,0.093713045
Turkey,3032,27615,Merkez,2016,0.1178208,0.079066046
Turkey,3032,27615,Merkez,2017,0.12072274,0.07337892
Turkey,3032,27615,Merkez,2018,0.102157794,0.06925579
Turkey,3032,27615,Merkez,2019,0.106413275,0.09064941
Turkey,3032,27615,Merkez,2020,0.110368684,0.07504143
Turkey,3032,27615,Merkez,2021,0.12218419,0.072526775
Turkey,3032,27615,Merkez,2022,0.12464425,0.07175591
Turkey,3032,27615,Merkez,2023,0.11361694,0.0704695
Turkey,3032,27615,Merkez,2024,0.118453816,0.08877311
Turkey,3032,27616,Osmaneli,2015,0.17866634,0.095831655
Turkey,3032,27616,Osmaneli,2016,0.16132313,0.08997133
Turkey,3032,27616,Osmaneli,2017,0.15805915,0.100070484
Turkey,3032,27616,Osmaneli,2018,0.16497427,0.08670436
Turkey,3032,27616,Osmaneli,2019,0.16705832,0.10750967
Turkey,3032,27616,Osmaneli,2020,0.14985213,0.0911096
Turkey,3032,27616,Osmaneli,2021,0.14638925,0.09085726
Turkey,3032,27616,Osmaneli,2022,0.1360319,0.08558449
Turkey,3032,27616,Osmaneli,2023,0.1312577,0.08346115
Turkey,3032,27616,Osmaneli,2024,0.14123245,0.105146125
Turkey,3032,27617,Pazaryeri,2015,0.22444846,0.12014968
Turkey,3032,27617,Pazaryeri,2016,0.20044877,0.10422343
Turkey,3032,27617,Pazaryeri,2017,0.21767445,0.12678318
Turkey,3032,27617,Pazaryeri,2018,0.18434581,0.10996488
Turkey,3032,27617,Pazaryeri,2019,0.18001258,0.09965378
Turkey,3032,27617,Pazaryeri,2020,0.18729249,0.09787906
Turkey,3032,27617,Pazaryeri,2021,0.19054765,0.0977024
Turkey,3032,27617,Pazaryeri,2022,0.18539628,0.09101189
Turkey,3032,27617,Pazaryeri,2023,0.18566188,0.11017496
Turkey,3032,27617,Pazaryeri,2024,0.19707203,0.100475244
Turkey,3032,27618,Sogut,2015,0.12804738,0.097284935
Turkey,3032,27618,Sogut,2016,0.12766948,0.09922844
Turkey,3032,27618,Sogut,2017,0.11712962,0.099455185
Turkey,3032,27618,Sogut,2018,0.1139928,0.09743584
Turkey,3032,27618,Sogut,2019,0.08381577,0.078797504
Turkey,3032,27618,Sogut,2020,0.083712764,0.07738237
Turkey,3032,27618,Sogut,2021,0.0902749,0.08436587
Turkey,3032,27618,Sogut,2022,0.080646604,0.07682234
Turkey,3032,27618,Sogut,2023,0.076413676,0.07481071
Turkey,3032,27618,Sogut,2024,0.07208999,0.0711073
Turkey,3033,27620,Adakli,2015,0.17157945,0.11252928
Turkey,3033,27620,Adakli,2016,0.16489023,0.10261323
Turkey,3033,27620,Adakli,2017,0.16819632,0.10136089
Turkey,3033,27620,Adakli,2018,0.14819972,0.08348654
Turkey,3033,27620,Adakli,2019,0.16386025,0.1026804
Turkey,3033,27620,Adakli,2020,0.1664359,0.10016136
Turkey,3033,27620,Adakli,2021,0.17228636,0.11045188
Turkey,3033,27620,Adakli,2022,0.14778507,0.0800319
Turkey,3033,27620,Adakli,2023,0.14558417,0.08723223
Turkey,3033,27620,Adakli,2024,0.14042659,0.07424883
Turkey,3033,27621,Genc,2015,0.22972453,0.14637002
Turkey,3033,27621,Genc,2016,0.22419514,0.17220472
Turkey,3033,27621,Genc,2017,0.22039784,0.17148802
Turkey,3033,27621,Genc,2018,0.2053259,0.121633396
Turkey,3033,27621,Genc,2019,0.20422357,0.15150505
Turkey,3033,27621,Genc,2020,0.21192437,0.13606502
Turkey,3033,27621,Genc,2021,0.19139382,0.13852692
Turkey,3033,27621,Genc,2022,0.19445562,0.15116577
Turkey,3033,27621,Genc,2023,0.200811,0.14399478
Turkey,3033,27621,Genc,2024,0.1924929,0.1051762
Turkey,3033,27622,Karliova,2015,0.17536718,0.13775882
Turkey,3033,27622,Karliova,2016,0.18424132,0.14185582
Turkey,3033,27622,Karliova,2017,0.19517094,0.15306574
Turkey,3033,27622,Karliova,2018,0.16931698,0.13262577
Turkey,3033,27622,Karliova,2019,0.20594586,0.18811499
Turkey,3033,27622,Karliova,2020,0.1916857,0.1591836
Turkey,3033,27622,Karliova,2021,0.21491699,0.19168636
Turkey,3033,27622,Karliova,2022,0.21087857,0.18344964
Turkey,3033,27622,Karliova,2023,0.22777654,0.2026726
Turkey,3033,27622,Karliova,2024,0.21540639,0.17955568
Turkey,3033,27624,Merkez,2015,0.14796458,0.0696787
Turkey,3033,27624,Merkez,2016,0.15176708,0.080306135
Turkey,3033,27624,Merkez,2017,0.13598263,0.08013917
Turkey,3033,27624,Merkez,2018,0.12019846,0.07220265
Turkey,3033,27624,Merkez,2019,0.11287552,0.07142699
Turkey,3033,27624,Merkez,2020,0.123751834,0.072197855
Turkey,3033,27624,Merkez,2021,0.11958456,0.06774421
Turkey,3033,27624,Merkez,2022,0.12469697,0.06731463
Turkey,3033,27624,Merkez,2023,0.12371247,0.077148356
Turkey,3033,27624,Merkez,2024,0.12673713,0.07314201
Turkey,3033,27625,Solhan,2015,0.16140339,0.109961644
Turkey,3033,27625,Solhan,2016,0.15102372,0.10679451
Turkey,3033,27625,Solhan,2017,0.13739385,0.09064647
Turkey,3033,27625,Solhan,2018,0.11169489,0.06326278
Turkey,3033,27625,Solhan,2019,0.113086335,0.07603289
Turkey,3033,27625,Solhan,2020,0.11890429,0.08549822
Turkey,3033,27625,Solhan,2021,0.107341364,0.07176126
Turkey,3033,27625,Solhan,2022,0.11807389,0.07726989
Turkey,3033,27625,Solhan,2023,0.11392188,0.0769126
Turkey,3033,27625,Solhan,2024,0.11064857,0.07395978
Turkey,3033,27626,Yayladere,2015,0.18077141,0.16437893
Turkey,3033,27626,Yayladere,2016,0.17365214,0.13318297
Turkey,3033,27626,Yayladere,2017,0.17907523,0.14517938
Turkey,3033,27626,Yayladere,2018,0.2685643,0.223313
Turkey,3033,27626,Yayladere,2019,0.1989662,0.16872638
Turkey,3033,27626,Yayladere,2020,0.19855426,0.16985719
Turkey,3033,27626,Yayladere,2021,0.22562659,0.1875611
Turkey,3033,27626,Yayladere,2022,0.1993128,0.15636945
Turkey,3033,27626,Yayladere,2023,0.22527564,0.16289115
Turkey,3033,27626,Yayladere,2024,0.216571,0.18260175
Turkey,3034,27628,Adilcevaz,2015,0.17771518,0.15582597
Turkey,3034,27628,Adilcevaz,2016,0.18254213,0.16006339
Turkey,3034,27628,Adilcevaz,2017,0.167556,0.15118262
Turkey,3034,27628,Adilcevaz,2018,0.15626287,0.13876703
Turkey,3034,27628,Adilcevaz,2019,0.15021881,0.13662739
Turkey,3034,27628,Adilcevaz,2020,0.13316962,0.109861396
Turkey,3034,27628,Adilcevaz,2021,0.13393669,0.115967244
Turkey,3034,27628,Adilcevaz,2022,0.1457468,0.12120969
Turkey,3034,27628,Adilcevaz,2023,0.12082711,0.09310022
Turkey,3034,27628,Adilcevaz,2024,0.117908545,0.09316151
Turkey,3034,27629,Ahlat,2015,0.19245708,0.10036749
Turkey,3034,27629,Ahlat,2016,0.18506804,0.098214194
Turkey,3034,27629,Ahlat,2017,0.16468814,0.09385918
Turkey,3034,27629,Ahlat,2018,0.13506562,0.09025765
Turkey,3034,27629,Ahlat,2019,0.14570157,0.09099421
Turkey,3034,27629,Ahlat,2020,0.1426858,0.09029159
Turkey,3034,27629,Ahlat,2021,0.13253176,0.09071904
Turkey,3034,27629,Ahlat,2022,0.14159238,0.09039697
Turkey,3034,27629,Ahlat,2023,0.13946533,0.095347956
Turkey,3034,27629,Ahlat,2024,0.12914771,0.096200146
Turkey,3034,27630,Guroymak,2015,0.16470782,0.10582945
Turkey,3034,27630,Guroymak,2016,0.1701287,0.11939053
Turkey,3034,27630,Guroymak,2017,0.13501927,0.09216239
Turkey,3034,27630,Guroymak,2018,0.14216252,0.095591135
Turkey,3034,27630,Guroymak,2019,0.100430734,0.084600694
Turkey,3034,27630,Guroymak,2020,0.091594905,0.08512376
Turkey,3034,27630,Guroymak,2021,0.0971072,0.09113808
Turkey,3034,27630,Guroymak,2022,0.092099905,0.08562876
Turkey,3034,27630,Guroymak,2023,0.109291084,0.0962773
Turkey,3034,27630,Guroymak,2024,0.10873258,0.09830496
Turkey,3034,27631,Hizan,2015,0.16600642,0.12004432
Turkey,3034,27631,Hizan,2016,0.16896513,0.13157775
Turkey,3034,27631,Hizan,2017,0.10799419,0.104940146
Turkey,3034,27631,Hizan,2018,0.10860389,0.09888765
Turkey,3034,27631,Hizan,2019,0.10724156,0.09634247
Turkey,3034,27631,Hizan,2020,0.10405775,0.093158655
Turkey,3034,27631,Hizan,2021,0.10381113,0.09291203
Turkey,3034,27631,Hizan,2022,0.10568399,0.0947849
Turkey,3034,27631,Hizan,2023,0.10227496,0.09307558
Turkey,3034,27631,Hizan,2024,0.102777496,0.09368287
Turkey,3034,27632,Administrative unit not available,2015,0.10789924,0.104818486
Turkey,3034,27632,Administrative unit not available,2016,0.10973363,0.106652886
Turkey,3034,27632,Administrative unit not available,2017,0.11408786,0.11409678
Turkey,3034,27632,Administrative unit not available,2018,0.10080217,0.09738981
Turkey,3034,27632,Administrative unit not available,2019,0.107881725,0.107881725
Turkey,3034,27632,Administrative unit not available,2020,0.08013524,0.07763294
Turkey,3034,27632,Administrative unit not available,2021,0.0871796,0.087188534
Turkey,3034,27632,Administrative unit not available,2022,0.09367024,0.09367024
Turkey,3034,27632,Administrative unit not available,2023,0.0820602,0.07823288
Turkey,3034,27632,Administrative unit not available,2024,0.08025798,0.077816896
Turkey,3034,27633,Merkez,2015,0.07891307,0.07714976
Turkey,3034,27633,Merkez,2016,0.080451965,0.072729416
Turkey,3034,27633,Merkez,2017,0.07930797,0.072231285
Turkey,3034,27633,Merkez,2018,0.07895802,0.07348575
Turkey,3034,27633,Merkez,2019,0.07962714,0.072965406
Turkey,3034,27633,Merkez,2020,0.077226326,0.071528964
Turkey,3034,27633,Merkez,2021,0.08144976,0.073619574
Turkey,3034,27633,Merkez,2022,0.07493852,0.06831241
Turkey,3034,27633,Merkez,2023,0.07766602,0.07271111
Turkey,3034,27633,Merkez,2024,0.076911226,0.07010646
Turkey,3034,27634,Mutki,2015,0.20300877,0.15582404
Turkey,3034,27634,Mutki,2016,0.17761227,0.113561675
Turkey,3034,27634,Mutki,2017,0.19844517,0.14469478
Turkey,3034,27634,Mutki,2018,0.19925243,0.12447792
Turkey,3034,27634,Mutki,2019,0.18698405,0.15246175
Turkey,3034,27634,Mutki,2020,0.19924259,0.1493175
Turkey,3034,27634,Mutki,2021,0.20383254,0.16643938
Turkey,3034,27634,Mutki,2022,0.21331301,0.17446977
Turkey,3034,27634,Mutki,2023,0.19266328,0.12128909
Turkey,3034,27634,Mutki,2024,0.20678374,0.13876925
Turkey,3034,27635,Tatvan,2015,0.08242683,0.07631988
Turkey,3034,27635,Tatvan,2016,0.077229045,0.07453269
Turkey,3034,27635,Tatvan,2017,0.070990734,0.06877811
Turkey,3034,27635,Tatvan,2018,0.07253439,0.06989363
Turkey,3034,27635,Tatvan,2019,0.07400654,0.071793914
Turkey,3034,27635,Tatvan,2020,0.07315018,0.06624301
Turkey,3034,27635,Tatvan,2021,0.07602192,0.07380927
Turkey,3034,27635,Tatvan,2022,0.07436232,0.072620235
Turkey,3034,27635,Tatvan,2023,0.073249735,0.06672788
Turkey,3034,27635,Tatvan,2024,0.07030033,0.06384686
Turkey,3035,27636,Akcakoca,2015,0.24454555,0.08646324
Turkey,3035,27636,Akcakoca,2016,0.22435564,0.12558642
Turkey,3035,27636,Akcakoca,2017,0.23213542,0.08403726
Turkey,3035,27636,Akcakoca,2018,0.23407692,0.1618024
Turkey,3035,27636,Akcakoca,2019,0.23354325,0.12368134
Turkey,3035,27636,Akcakoca,2020,0.23825657,0.11094592
Turkey,3035,27636,Akcakoca,2021,0.21511316,0.08341339
Turkey,3035,27636,Akcakoca,2022,0.20388724,0.08078885
Turkey,3035,27636,Akcakoca,2023,0.1968301,0.073333114
Turkey,3035,27636,Akcakoca,2024,0.20338231,0.091011815
Turkey,3035,27637,Cilimli,2015,0.10113488,0.014689038
Turkey,3035,27637,Cilimli,2016,0.08545517,0.0033190923
Turkey,3035,27637,Cilimli,2017,0.08953814,0.015239271
Turkey,3035,27637,Cilimli,2018,0.095116295,0.0012226214
Turkey,3035,27637,Cilimli,2019,0.103375345,0.012502885
Turkey,3035,27637,Cilimli,2020,0.10565677,0.013486532
Turkey,3035,27637,Cilimli,2021,0.092207044,0.005876718
Turkey,3035,27637,Cilimli,2022,0.08174619,0.010052165
Turkey,3035,27637,Cilimli,2023,0.10359941,0.021146998
Turkey,3035,27637,Cilimli,2024,0.10097532,0.013872371
Turkey,3035,27638,Cumayeri,2015,0.17071187,0.0839166
Turkey,3035,27638,Cumayeri,2016,0.16764396,0.08108969
Turkey,3035,27638,Cumayeri,2017,0.17241499,0.087570384
Turkey,3035,27638,Cumayeri,2018,0.17452091,0.08398594
Turkey,3035,27638,Cumayeri,2019,0.16987845,0.08573754
Turkey,3035,27638,Cumayeri,2020,0.18545602,0.0882055
Turkey,3035,27638,Cumayeri,2021,0.1714696,0.081496574
Turkey,3035,27638,Cumayeri,2022,0.17312121,0.089065805
Turkey,3035,27638,Cumayeri,2023,0.17151703,0.082010716
Turkey,3035,27638,Cumayeri,2024,0.19453476,0.08616789
Turkey,3035,27639,Dortdivan,2015,0.15308261,0.11906778
Turkey,3035,27639,Dortdivan,2016,0.15796523,0.11900918
Turkey,3035,27639,Dortdivan,2017,0.15388568,0.118828826
Turkey,3035,27639,Dortdivan,2018,0.1426368,0.09677163
Turkey,3035,27639,Dortdivan,2019,0.1405488,0.10505855
Turkey,3035,27639,Dortdivan,2020,0.1588907,0.12333192
Turkey,3035,27639,Dortdivan,2021,0.14438778,0.10482089
Turkey,3035,27639,Dortdivan,2022,0.18959554,0.15005007
Turkey,3035,27639,Dortdivan,2023,0.17644352,0.12954085
Turkey,3035,27639,Dortdivan,2024,0.18298626,0.14161766
Turkey,3035,27640,Duzce,2015,0.030402334,0.026047764
Turkey,3035,27640,Duzce,2016,0.031806033,0.026934272
Turkey,3035,27640,Duzce,2017,0.0317624,0.026297443
Turkey,3035,27640,Duzce,2018,0.029713932,0.024817811
Turkey,3035,27640,Duzce,2019,0.029269217,0.023683686
Turkey,3035,27640,Duzce,2020,0.031329118,0.027949495
Turkey,3035,27640,Duzce,2021,0.031622317,0.027292578
Turkey,3035,27640,Duzce,2022,0.021346461,0.01694445
Turkey,3035,27640,Duzce,2023,0.01650322,0.010978412
Turkey,3035,27640,Duzce,2024,0.013704477,0.011740883
Turkey,3035,27641,Gerede,2015,0.18250164,0.09218884
Turkey,3035,27641,Gerede,2016,0.1901023,0.09952084
Turkey,3035,27641,Gerede,2017,0.1938543,0.09785629
Turkey,3035,27641,Gerede,2018,0.19725451,0.10699988
Turkey,3035,27641,Gerede,2019,0.18925038,0.10877508
Turkey,3035,27641,Gerede,2020,0.18970686,0.09729192
Turkey,3035,27641,Gerede,2021,0.18896948,0.10133792
Turkey,3035,27641,Gerede,2022,0.17318623,0.094334036
Turkey,3035,27641,Gerede,2023,0.16857335,0.090543374
Turkey,3035,27641,Gerede,2024,0.17801654,0.09695696
Turkey,3035,27642,Golyaka,2015,0.1909634,0.09514318
Turkey,3035,27642,Golyaka,2016,0.17962313,0.08399569
Turkey,3035,27642,Golyaka,2017,0.19136752,0.09046333
Turkey,3035,27642,Golyaka,2018,0.18284643,0.08211185
Turkey,3035,27642,Golyaka,2019,0.16422047,0.07001381
Turkey,3035,27642,Golyaka,2020,0.1789859,0.07596624
Turkey,3035,27642,Golyaka,2021,0.16019982,0.0709805
Turkey,3035,27642,Golyaka,2022,0.14441851,0.07188488
Turkey,3035,27642,Golyaka,2023,0.15774587,0.07302618
Turkey,3035,27642,Golyaka,2024,0.17300743,0.0817001
Turkey,3035,27643,Goynuk,2015,0.19419986,0.14254251
Turkey,3035,27643,Goynuk,2016,0.17343925,0.11969585
Turkey,3035,27643,Goynuk,2017,0.1936692,0.12991841
Turkey,3035,27643,Goynuk,2018,0.20269044,0.14992215
Turkey,3035,27643,Goynuk,2019,0.18963215,0.1258388
Turkey,3035,27643,Goynuk,2020,0.2120501,0.14856511
Turkey,3035,27643,Goynuk,2021,0.20287316,0.1308203
Turkey,3035,27643,Goynuk,2022,0.18699205,0.110552326
Turkey,3035,27643,Goynuk,2023,0.1970034,0.120032944
Turkey,3035,27643,Goynuk,2024,0.19490258,0.11695554
Turkey,3035,27644,Gumusova,2015,0.14444935,0.09189138
Turkey,3035,27644,Gumusova,2016,0.15115525,0.09345852
Turkey,3035,27644,Gumusova,2017,0.15841144,0.09549413
Turkey,3035,27644,Gumusova,2018,0.16448075,0.09959359
Turkey,3035,27644,Gumusova,2019,0.16148372,0.10057377
Turkey,3035,27644,Gumusova,2020,0.18247822,0.110512145
Turkey,3035,27644,Gumusova,2021,0.16345651,0.09473442
Turkey,3035,27644,Gumusova,2022,0.18054548,0.094348565
Turkey,3035,27644,Gumusova,2023,0.19164884,0.09852114
Turkey,3035,27644,Gumusova,2024,0.20259596,0.102404736
Turkey,3035,27645,Kibriscik,2015,0.18104738,0.11709474
Turkey,3035,27645,Kibriscik,2016,0.1785053,0.116959974
Turkey,3035,27645,Kibriscik,2017,0.16028582,0.10884448
Turkey,3035,27645,Kibriscik,2018,0.17721294,0.11308099
Turkey,3035,27645,Kibriscik,2019,0.17854059,0.1120442
Turkey,3035,27645,Kibriscik,2020,0.1663014,0.097080365
Turkey,3035,27645,Kibriscik,2021,0.16410965,0.10295969
Turkey,3035,27645,Kibriscik,2022,0.13927475,0.09188049
Turkey,3035,27645,Kibriscik,2023,0.10973294,0.051986285
Turkey,3035,27645,Kibriscik,2024,0.12707207,0.07622646
Turkey,3035,27646,Mengen,2015,0.17589916,0.063475795
Turkey,3035,27646,Mengen,2016,0.1652106,0.060640547
Turkey,3035,27646,Mengen,2017,0.18603107,0.07337914
Turkey,3035,27646,Mengen,2018,0.18851218,0.07591863
Turkey,3035,27646,Mengen,2019,0.18780404,0.075994425
Turkey,3035,27646,Mengen,2020,0.19410437,0.08335092
Turkey,3035,27646,Mengen,2021,0.19376111,0.08758195
Turkey,3035,27646,Mengen,2022,0.16815394,0.071117766
Turkey,3035,27646,Mengen,2023,0.1754883,0.07337402
Turkey,3035,27646,Mengen,2024,0.18525907,0.07243685
Turkey,3035,27647,Merkez,2015,0.09921167,0.07647321
Turkey,3035,27647,Merkez,2016,0.084357105,0.074901536
Turkey,3035,27647,Merkez,2017,0.083512485,0.07592537
Turkey,3035,27647,Merkez,2018,0.08418539,0.07691513
Turkey,3035,27647,Merkez,2019,0.084950075,0.07736295
Turkey,3035,27647,Merkez,2020,0.08271937,0.07653504
Turkey,3035,27647,Merkez,2021,0.08353711,0.07615681
Turkey,3035,27647,Merkez,2022,0.08421179,0.078945704
Turkey,3035,27647,Merkez,2023,0.07327386,0.07091545
Turkey,3035,27647,Merkez,2024,0.074232094,0.07322113
Turkey,3035,27648,Mudurnu,2015,0.1508907,0.05172981
Turkey,3035,27648,Mudurnu,2016,0.18072028,0.08481639
Turkey,3035,27648,Mudurnu,2017,0.19273624,0.10274612
Turkey,3035,27648,Mudurnu,2018,0.16744247,0.07720193
Turkey,3035,27648,Mudurnu,2019,0.19864333,0.10676488
Turkey,3035,27648,Mudurnu,2020,0.19437087,0.09085526
Turkey,3035,27648,Mudurnu,2021,0.1937376,0.089533776
Turkey,3035,27648,Mudurnu,2022,0.18826374,0.08983066
Turkey,3035,27648,Mudurnu,2023,0.19014704,0.0955557
Turkey,3035,27648,Mudurnu,2024,0.22248243,0.1269297
Turkey,3035,27649,Seben,2015,0.22439326,0.14061095
Turkey,3035,27649,Seben,2016,0.22301698,0.14066808
Turkey,3035,27649,Seben,2017,0.22768691,0.14414585
Turkey,3035,27649,Seben,2018,0.2245718,0.13846616
Turkey,3035,27649,Seben,2019,0.22891854,0.14696962
Turkey,3035,27649,Seben,2020,0.24003622,0.15748739
Turkey,3035,27649,Seben,2021,0.21327084,0.13082363
Turkey,3035,27649,Seben,2022,0.20838118,0.12162767
Turkey,3035,27649,Seben,2023,0.2091134,0.13062859
Turkey,3035,27649,Seben,2024,0.21706435,0.12525116
Turkey,3035,27650,Yenicaga,2015,0.1750243,0.08773546
Turkey,3035,27650,Yenicaga,2016,0.16293368,0.07580215
Turkey,3035,27650,Yenicaga,2017,0.171215,0.07580215
Turkey,3035,27650,Yenicaga,2018,0.17230366,0.07960222
Turkey,3035,27650,Yenicaga,2019,0.16602126,0.073031925
Turkey,3035,27650,Yenicaga,2020,0.17937942,0.10721494
Turkey,3035,27650,Yenicaga,2021,0.16798784,0.07509034
Turkey,3035,27650,Yenicaga,2022,0.16146627,0.07263525
Turkey,3035,27650,Yenicaga,2023,0.15986782,0.07259515
Turkey,3035,27650,Yenicaga,2024,0.1648762,0.07059246
Turkey,3035,27651,Yigilca,2015,0.12851954,0.021565042
Turkey,3035,27651,Yigilca,2016,0.115247,0.02414345
Turkey,3035,27651,Yigilca,2017,0.1463337,0.055341188
Turkey,3035,27651,Yigilca,2018,0.15026906,0.050332893
Turkey,3035,27651,Yigilca,2019,0.14413759,0.03920465
Turkey,3035,27651,Yigilca,2020,0.12910613,0.014835301
Turkey,3035,27651,Yigilca,2021,0.14788982,0.046862897
Turkey,3035,27651,Yigilca,2022,0.13551956,0.04471096
Turkey,3035,27651,Yigilca,2023,0.17500451,0.06431936
Turkey,3035,27651,Yigilca,2024,0.17751858,0.068125345
Turkey,3036,27652,Aglasun,2015,0.18309042,0.14547971
Turkey,3036,27652,Aglasun,2016,0.18315868,0.14600988
Turkey,3036,27652,Aglasun,2017,0.18737233,0.15464967
Turkey,3036,27652,Aglasun,2018,0.17208326,0.12857774
Turkey,3036,27652,Aglasun,2019,0.17894994,0.14109804
Turkey,3036,27652,Aglasun,2020,0.15820518,0.12545839
Turkey,3036,27652,Aglasun,2021,0.15395562,0.12575828
Turkey,3036,27652,Aglasun,2022,0.17114098,0.13883612
Turkey,3036,27652,Aglasun,2023,0.13949499,0.10947895
Turkey,3036,27652,Aglasun,2024,0.14903589,0.119975984
Turkey,3036,27653,Altinyayla,2015,0.14808881,0.08979227
Turkey,3036,27653,Altinyayla,2016,0.12886836,0.073234
Turkey,3036,27653,Altinyayla,2017,0.15086311,0.088484794
Turkey,3036,27653,Altinyayla,2018,0.12888822,0.0742448
Turkey,3036,27653,Altinyayla,2019,0.13046277,0.07205401
Turkey,3036,27653,Altinyayla,2020,0.1315757,0.07334732
Turkey,3036,27653,Altinyayla,2021,0.12031025,0.0720817
Turkey,3036,27653,Altinyayla,2022,0.13466996,0.073490694
Turkey,3036,27653,Altinyayla,2023,0.13151395,0.073164955
Turkey,3036,27653,Altinyayla,2024,0.13463113,0.07124962
Turkey,3036,27654,Bucak,2015,0.17015237,0.0907617
Turkey,3036,27654,Bucak,2016,0.15526018,0.09170076
Turkey,3036,27654,Bucak,2017,0.15576607,0.09528396
Turkey,3036,27654,Bucak,2018,0.1280204,0.089623645
Turkey,3036,27654,Bucak,2019,0.12661545,0.090829685
Turkey,3036,27654,Bucak,2020,0.10485102,0.07083945
Turkey,3036,27654,Bucak,2021,0.10242326,0.07140483
Turkey,3036,27654,Bucak,2022,0.11720444,0.07245105
Turkey,3036,27654,Bucak,2023,0.102436766,0.0743525
Turkey,3036,27654,Bucak,2024,0.099718414,0.07277401
Turkey,3036,27655,Cavdir,2015,0.23698047,0.21088466
Turkey,3036,27655,Cavdir,2016,0.21969387,0.20258498
Turkey,3036,27655,Cavdir,2017,0.22714892,0.21336702
Turkey,3036,27655,Cavdir,2018,0.22353634,0.2107242
Turkey,3036,27655,Cavdir,2019,0.21857634,0.20068261
Turkey,3036,27655,Cavdir,2020,0.2163705,0.19453843
Turkey,3036,27655,Cavdir,2021,0.21838969,0.19455406
Turkey,3036,27655,Cavdir,2022,0.22142321,0.18126291
Turkey,3036,27655,Cavdir,2023,0.21978006,0.18608156
Turkey,3036,27655,Cavdir,2024,0.2144709,0.18409999
Turkey,3036,27656,Celtikci,2015,0.1988019,0.12150132
Turkey,3036,27656,Celtikci,2016,0.19977435,0.1424399
Turkey,3036,27656,Celtikci,2017,0.19779524,0.14289604
Turkey,3036,27656,Celtikci,2018,0.19130272,0.14201653
Turkey,3036,27656,Celtikci,2019,0.23803252,0.192185
Turkey,3036,27656,Celtikci,2020,0.23684272,0.1825425
Turkey,3036,27656,Celtikci,2021,0.22299598,0.16537641
Turkey,3036,27656,Celtikci,2022,0.22527775,0.14693636
Turkey,3036,27656,Celtikci,2023,0.21779689,0.13403141
Turkey,3036,27656,Celtikci,2024,0.2301287,0.17796794
Turkey,3036,27657,Golhisar,2015,0.108700864,0.098964736
Turkey,3036,27657,Golhisar,2016,0.11448492,0.104922526
Turkey,3036,27657,Golhisar,2017,0.11760824,0.10314651
Turkey,3036,27657,Golhisar,2018,0.11030957,0.10030243
Turkey,3036,27657,Golhisar,2019,0.086053036,0.07514086
Turkey,3036,27657,Golhisar,2020,0.090716936,0.07476478
Turkey,3036,27657,Golhisar,2021,0.100512,0.084304266
Turkey,3036,27657,Golhisar,2022,0.08886005,0.07265233
Turkey,3036,27657,Golhisar,2023,0.07454028,0.068778224
Turkey,3036,27657,Golhisar,2024,0.0742557,0.06797679
Turkey,3036,27658,Karamanli,2015,0.13230321,0.09718104
Turkey,3036,27658,Karamanli,2016,0.11717226,0.104733855
Turkey,3036,27658,Karamanli,2017,0.12474498,0.10581298
Turkey,3036,27658,Karamanli,2018,0.11130451,0.09596082
Turkey,3036,27658,Karamanli,2019,0.106549956,0.09615365
Turkey,3036,27658,Karamanli,2020,0.107687965,0.096358776
Turkey,3036,27658,Karamanli,2021,0.11190955,0.10324248
Turkey,3036,27658,Karamanli,2022,0.11244073,0.10653798
Turkey,3036,27658,Karamanli,2023,0.11125072,0.10309308
Turkey,3036,27658,Karamanli,2024,0.104576,0.098673545
Turkey,3036,27659,Kemer,2015,0.18691112,0.12349051
Turkey,3036,27659,Kemer,2016,0.20125404,0.15579781
Turkey,3036,27659,Kemer,2017,0.18388365,0.13272509
Turkey,3036,27659,Kemer,2018,0.1960381,0.15700556
Turkey,3036,27659,Kemer,2019,0.1995855,0.16511148
Turkey,3036,27659,Kemer,2020,0.20896313,0.17330733
Turkey,3036,27659,Kemer,2021,0.20394722,0.17564118
Turkey,3036,27659,Kemer,2022,0.21378402,0.17652717
Turkey,3036,27659,Kemer,2023,0.20490795,0.16236979
Turkey,3036,27659,Kemer,2024,0.20147458,0.1639395
Turkey,3036,27660,Merkez,2015,0.087597355,0.06606388
Turkey,3036,27660,Merkez,2016,0.08243012,0.06572346
Turkey,3036,27660,Merkez,2017,0.08175436,0.066865735
Turkey,3036,27660,Merkez,2018,0.072228454,0.06596262
Turkey,3036,27660,Merkez,2019,0.07031013,0.067513004
Turkey,3036,27660,Merkez,2020,0.06996994,0.06579347
Turkey,3036,27660,Merkez,2021,0.0735636,0.07022416
Turkey,3036,27660,Merkez,2022,0.07337916,0.07089581
Turkey,3036,27660,Merkez,2023,0.0629146,0.06482615
Turkey,3036,27660,Merkez,2024,0.0629146,0.064309284
Turkey,3036,27661,Tefenni,2015,0.1534488,0.10957985
Turkey,3036,27661,Tefenni,2016,0.14209475,0.12454083
Turkey,3036,27661,Tefenni,2017,0.15542439,0.13027106
Turkey,3036,27661,Tefenni,2018,0.15106681,0.123643845
Turkey,3036,27661,Tefenni,2019,0.13339543,0.11434531
Turkey,3036,27661,Tefenni,2020,0.12845825,0.10354009
Turkey,3036,27661,Tefenni,2021,0.12580687,0.097837016
Turkey,3036,27661,Tefenni,2022,0.12810998,0.09767413
Turkey,3036,27661,Tefenni,2023,0.11054385,0.07180109
Turkey,3036,27661,Tefenni,2024,0.12250885,0.099499635
Turkey,3036,27662,Yesilova,2015,0.20700565,0.11590954
Turkey,3036,27662,Yesilova,2016,0.19951898,0.12811188
Turkey,3036,27662,Yesilova,2017,0.19957054,0.12418145
Turkey,3036,27662,Yesilova,2018,0.20460685,0.13426755
Turkey,3036,27662,Yesilova,2019,0.20087233,0.123402014
Turkey,3036,27662,Yesilova,2020,0.21156697,0.13223886
Turkey,3036,27662,Yesilova,2021,0.19517764,0.11994728
Turkey,3036,27662,Yesilova,2022,0.19673628,0.116483465
Turkey,3036,27662,Yesilova,2023,0.20063858,0.09994227
Turkey,3036,27662,Yesilova,2024,0.19371931,0.11347214
Turkey,3037,27664,Gemlik,2015,0.070686415,0.066742815
Turkey,3037,27664,Gemlik,2016,0.07584052,0.07353952
Turkey,3037,27664,Gemlik,2017,0.07532733,0.072386086
Turkey,3037,27664,Gemlik,2018,0.07671918,0.0740674
Turkey,3037,27664,Gemlik,2019,0.07570524,0.07094407
Turkey,3037,27664,Gemlik,2020,0.07156781,0.0664019
Turkey,3037,27664,Gemlik,2021,0.08553057,0.08501312
Turkey,3037,27664,Gemlik,2022,0.08574197,0.085627936
Turkey,3037,27664,Gemlik,2023,0.08106939,0.07864234
Turkey,3037,27664,Gemlik,2024,0.071999125,0.07196469
Turkey,3037,27665,Gursu,2015,0.037052225,0.029223097
Turkey,3037,27665,Gursu,2016,0.044540785,0.028994506
Turkey,3037,27665,Gursu,2017,0.04273312,0.026928734
Turkey,3037,27665,Gursu,2018,0.044372976,0.027883973
Turkey,3037,27665,Gursu,2019,0.033990502,0.027103
Turkey,3037,27665,Gursu,2020,0.032998767,0.026067013
Turkey,3037,27665,Gursu,2021,0.03719144,0.029852172
Turkey,3037,27665,Gursu,2022,0.03591509,0.029058145
Turkey,3037,27665,Gursu,2023,0.03568146,0.028342195
Turkey,3037,27665,Gursu,2024,0.032040194,0.025676688
Turkey,3037,27666,Harmancik,2015,0.15531361,0.10004632
Turkey,3037,27666,Harmancik,2016,0.18544552,0.12891138
Turkey,3037,27666,Harmancik,2017,0.20370522,0.14201245
Turkey,3037,27666,Harmancik,2018,0.18614861,0.13228132
Turkey,3037,27666,Harmancik,2019,0.19834895,0.13539201
Turkey,3037,27666,Harmancik,2020,0.20402864,0.14281027
Turkey,3037,27666,Harmancik,2021,0.19179659,0.13585547
Turkey,3037,27666,Harmancik,2022,0.19694653,0.14169395
Turkey,3037,27666,Harmancik,2023,0.17167282,0.11769786
Turkey,3037,27666,Harmancik,2024,0.1911476,0.13267219
Turkey,3037,27667,Inegol,2015,0.091130845,0.07660858
Turkey,3037,27667,Inegol,2016,0.0806953,0.07745278
Turkey,3037,27667,Inegol,2017,0.08460319,0.07946565
Turkey,3037,27667,Inegol,2018,0.08350684,0.07736356
Turkey,3037,27667,Inegol,2019,0.085715115,0.08013285
Turkey,3037,27667,Inegol,2020,0.08872536,0.082240395
Turkey,3037,27667,Inegol,2021,0.08225011,0.075765155
Turkey,3037,27667,Inegol,2022,0.085637584,0.078707896
Turkey,3037,27667,Inegol,2023,0.08438371,0.07939667
Turkey,3037,27667,Inegol,2024,0.080516905,0.07786979
Turkey,3037,27668,Iznik,2015,0.20995918,0.14288774
Turkey,3037,27668,Iznik,2016,0.1913037,0.14465351
Turkey,3037,27668,Iznik,2017,0.18533224,0.14981347
Turkey,3037,27668,Iznik,2018,0.18220548,0.17056584
Turkey,3037,27668,Iznik,2019,0.19489744,0.18999054
Turkey,3037,27668,Iznik,2020,0.18610407,0.16447324
Turkey,3037,27668,Iznik,2021,0.14444919,0.11002126
Turkey,3037,27668,Iznik,2022,0.13693097,0.07550186
Turkey,3037,27668,Iznik,2023,0.14756039,0.08614497
Turkey,3037,27668,Iznik,2024,0.16719773,0.11367819
Turkey,3037,27669,Karacabey,2015,0.14246418,0.08879041
Turkey,3037,27669,Karacabey,2016,0.12617135,0.0875134
Turkey,3037,27669,Karacabey,2017,0.1272911,0.08331468
Turkey,3037,27669,Karacabey,2018,0.13670717,0.11664862
Turkey,3037,27669,Karacabey,2019,0.12991422,0.11506056
Turkey,3037,27669,Karacabey,2020,0.14229855,0.14573073
Turkey,3037,27669,Karacabey,2021,0.10944325,0.10060711
Turkey,3037,27669,Karacabey,2022,0.10476722,0.08756886
Turkey,3037,27669,Karacabey,2023,0.09674817,0.07962895
Turkey,3037,27669,Karacabey,2024,0.10440385,0.099885926
Turkey,3037,27670,Keles,2015,0.18660462,0.12998313
Turkey,3037,27670,Keles,2016,0.19559687,0.1353236
Turkey,3037,27670,Keles,2017,0.21195747,0.16010042
Turkey,3037,27670,Keles,2018,0.19209902,0.13722496
Turkey,3037,27670,Keles,2019,0.19239435,0.13054368
Turkey,3037,27670,Keles,2020,0.18256238,0.12449884
Turkey,3037,27670,Keles,2021,0.19445573,0.13810566
Turkey,3037,27670,Keles,2022,0.19411688,0.13493404
Turkey,3037,27670,Keles,2023,0.1953453,0.13825962
Turkey,3037,27670,Keles,2024,0.19153467,0.12695844
Turkey,3037,27671,Kestel,2015,0.07389234,0.069093004
Turkey,3037,27671,Kestel,2016,0.09335292,0.075611174
Turkey,3037,27671,Kestel,2017,0.07739283,0.0752924
Turkey,3037,27671,Kestel,2018,0.07609768,0.07512093
Turkey,3037,27671,Kestel,2019,0.07192637,0.068914786
Turkey,3037,27671,Kestel,2020,0.0725452,0.06969263
Turkey,3037,27671,Kestel,2021,0.07391427,0.07072173
Turkey,3037,27671,Kestel,2022,0.07342643,0.0699325
Turkey,3037,27671,Kestel,2023,0.07274457,0.06682835
Turkey,3037,27671,Kestel,2024,0.0668284,0.062362615
Turkey,3037,27672,M.kemalpasa,2015,0.14005859,0.08066739
Turkey,3037,27672,M.kemalpasa,2016,0.12714575,0.08648673
Turkey,3037,27672,M.kemalpasa,2017,0.13247092,0.08628615
Turkey,3037,27672,M.kemalpasa,2018,0.13484547,0.0951499
Turkey,3037,27672,M.kemalpasa,2019,0.13151714,0.10488595
Turkey,3037,27672,M.kemalpasa,2020,0.12185103,0.09702082
Turkey,3037,27672,M.kemalpasa,2021,0.11240749,0.0784449
Turkey,3037,27672,M.kemalpasa,2022,0.10636357,0.07489357
Turkey,3037,27672,M.kemalpasa,2023,0.09923115,0.07856109
Turkey,3037,27672,M.kemalpasa,2024,0.106106736,0.102104254
Turkey,3037,27673,Mudanya,2015,0.124346964,0.12421258
Turkey,3037,27673,Mudanya,2016,0.08320544,0.10047045
Turkey,3037,27673,Mudanya,2017,0.08459084,0.07197433
Turkey,3037,27673,Mudanya,2018,0.098060764,0.083145104
Turkey,3037,27673,Mudanya,2019,0.086423896,0.07429289
Turkey,3037,27673,Mudanya,2020,0.08283742,0.07219634
Turkey,3037,27673,Mudanya,2021,0.07692034,0.073979124
Turkey,3037,27673,Mudanya,2022,0.0795675,0.076626256
Turkey,3037,27673,Mudanya,2023,0.078916825,0.076535866
Turkey,3037,27673,Mudanya,2024,0.083949246,0.07763967
Turkey,3037,27674,Nilufer,2015,0.041931383,0.034351237
Turkey,3037,27674,Nilufer,2016,0.03796259,0.03180133
Turkey,3037,27674,Nilufer,2017,0.04002208,0.033860818
Turkey,3037,27674,Nilufer,2018,0.0422923,0.03505903
Turkey,3037,27674,Nilufer,2019,0.04590339,0.04020144
Turkey,3037,27674,Nilufer,2020,0.04530093,0.038307764
Turkey,3037,27674,Nilufer,2021,0.03871181,0.032550555
Turkey,3037,27674,Nilufer,2022,0.038106434,0.031945184
Turkey,3037,27674,Nilufer,2023,0.039397325,0.033236064
Turkey,3037,27674,Nilufer,2024,0.039518714,0.03381675
Turkey,3037,27675,Orhaneli,2015,0.20641136,0.10768912
Turkey,3037,27675,Orhaneli,2016,0.20755243,0.1179981
Turkey,3037,27675,Orhaneli,2017,0.20097235,0.10985893
Turkey,3037,27675,Orhaneli,2018,0.20666979,0.13311125
Turkey,3037,27675,Orhaneli,2019,0.21592942,0.12412417
Turkey,3037,27675,Orhaneli,2020,0.23043376,0.11841637
Turkey,3037,27675,Orhaneli,2021,0.22281215,0.12251878
Turkey,3037,27675,Orhaneli,2022,0.20819725,0.10053897
Turkey,3037,27675,Orhaneli,2023,0.20558839,0.11522668
Turkey,3037,27675,Orhaneli,2024,0.22505836,0.123857275
Turkey,3037,27676,Orhangazi,2015,0.1341522,0.12959462
Turkey,3037,27676,Orhangazi,2016,0.09375259,0.106871575
Turkey,3037,27676,Orhangazi,2017,0.099528536,0.092209086
Turkey,3037,27676,Orhangazi,2018,0.08880882,0.124303624
Turkey,3037,27676,Orhangazi,2019,0.105121315,0.112018086
Turkey,3037,27676,Orhangazi,2020,0.11148387,0.08049933
Turkey,3037,27676,Orhangazi,2021,0.08576477,0.067863256
Turkey,3037,27676,Orhangazi,2022,0.08847572,0.091235384
Turkey,3037,27676,Orhangazi,2023,0.079414845,0.066281684
Turkey,3037,27676,Orhangazi,2024,0.09143019,0.061592113
Turkey,3037,27677,Osmangazi,2015,0.055828523,0.047456272
Turkey,3037,27677,Osmangazi,2016,0.05589693,0.046994682
Turkey,3037,27677,Osmangazi,2017,0.0638965,0.052566443
Turkey,3037,27677,Osmangazi,2018,0.059381593,0.047438268
Turkey,3037,27677,Osmangazi,2019,0.05571689,0.046814643
Turkey,3037,27677,Osmangazi,2020,0.06186378,0.049461152
Turkey,3037,27677,Osmangazi,2021,0.05000597,0.04091195
Turkey,3037,27677,Osmangazi,2022,0.05331767,0.040723275
Turkey,3037,27677,Osmangazi,2023,0.051654793,0.044465277
Turkey,3037,27677,Osmangazi,2024,0.057959188,0.048382837
Turkey,3037,27678,Yenisehir,2015,0.14402334,0.07913137
Turkey,3037,27678,Yenisehir,2016,0.13982847,0.078838006
Turkey,3037,27678,Yenisehir,2017,0.13493764,0.07741062
Turkey,3037,27678,Yenisehir,2018,0.1374163,0.076621234
Turkey,3037,27678,Yenisehir,2019,0.13949823,0.08529426
Turkey,3037,27678,Yenisehir,2020,0.13872948,0.07796129
Turkey,3037,27678,Yenisehir,2021,0.1342807,0.08690898
Turkey,3037,27678,Yenisehir,2022,0.13167346,0.093924776
Turkey,3037,27678,Yenisehir,2023,0.1170077,0.080739535
Turkey,3037,27678,Yenisehir,2024,0.12180172,0.08716309
Turkey,3037,27679,Yildirim,2015,0.071364164,0.077764645
Turkey,3037,27679,Yildirim,2016,0.070622824,0.07850967
Turkey,3037,27679,Yildirim,2017,0.07095126,0.07246612
Turkey,3037,27679,Yildirim,2018,0.07090909,0.07242397
Turkey,3037,27679,Yildirim,2019,0.06867105,0.07167228
Turkey,3037,27679,Yildirim,2020,0.06867105,0.07167228
Turkey,3037,27679,Yildirim,2021,0.056497898,0.058012735
Turkey,3037,27679,Yildirim,2022,0.06456008,0.06607492
Turkey,3037,27679,Yildirim,2023,0.06260832,0.06412316
Turkey,3037,27679,Yildirim,2024,0.06217959,0.06518081
Turkey,3038,27680,Ayvacik,2015,0.22962847,0.17645864
Turkey,3038,27680,Ayvacik,2016,0.24446858,0.194342
Turkey,3038,27680,Ayvacik,2017,0.20130034,0.13086529
Turkey,3038,27680,Ayvacik,2018,0.21474586,0.20801982
Turkey,3038,27680,Ayvacik,2019,0.23135412,0.21874377
Turkey,3038,27680,Ayvacik,2020,0.21247745,0.19171003
Turkey,3038,27680,Ayvacik,2021,0.19316067,0.18007629
Turkey,3038,27680,Ayvacik,2022,0.1829957,0.15147433
Turkey,3038,27680,Ayvacik,2023,0.18661346,0.20108163
Turkey,3038,27680,Ayvacik,2024,0.18458322,0.19815415
Turkey,3038,27681,Bayramic,2015,0.1946035,0.116887935
Turkey,3038,27681,Bayramic,2016,0.1821666,0.12917873
Turkey,3038,27681,Bayramic,2017,0.17165384,0.11981925
Turkey,3038,27681,Bayramic,2018,0.1849131,0.101600856
Turkey,3038,27681,Bayramic,2019,0.1914249,0.14648652
Turkey,3038,27681,Bayramic,2020,0.2046673,0.12774335
Turkey,3038,27681,Bayramic,2021,0.20015341,0.1094751
Turkey,3038,27681,Bayramic,2022,0.18643264,0.10337588
Turkey,3038,27681,Bayramic,2023,0.1615579,0.09509992
Turkey,3038,27681,Bayramic,2024,0.16171534,0.11278991
Turkey,3038,27682,Biga,2015,0.22346336,0.18019833
Turkey,3038,27682,Biga,2016,0.18652828,0.14909676
Turkey,3038,27682,Biga,2017,0.18876122,0.14350525
Turkey,3038,27682,Biga,2018,0.20470214,0.17540732
Turkey,3038,27682,Biga,2019,0.20550337,0.17403713
Turkey,3038,27682,Biga,2020,0.20298795,0.15801606
Turkey,3038,27682,Biga,2021,0.19346243,0.15433207
Turkey,3038,27682,Biga,2022,0.19408154,0.16081595
Turkey,3038,27682,Biga,2023,0.18353532,0.16929673
Turkey,3038,27682,Biga,2024,0.19058523,0.17883089
Turkey,3038,27683,Bozcaada,2015,0.27779013,0.13043655
Turkey,3038,27683,Bozcaada,2016,0.20554149,0.13792096
Turkey,3038,27683,Bozcaada,2017,0.21179871,0.11872737
Turkey,3038,27683,Bozcaada,2018,0.22320205,0.117084995
Turkey,3038,27683,Bozcaada,2019,0.18059997,0.097668156
Turkey,3038,27683,Bozcaada,2020,0.18764757,0.12763976
Turkey,3038,27683,Bozcaada,2021,0.19962852,0.10533441
Turkey,3038,27683,Bozcaada,2022,0.21182196,0.12623434
Turkey,3038,27683,Bozcaada,2023,0.20210528,0.1573684
Turkey,3038,27683,Bozcaada,2024,0.22742169,0.17783561
Turkey,3038,27684,Can,2015,0.19569889,0.12566783
Turkey,3038,27684,Can,2016,0.18793517,0.122643605
Turkey,3038,27684,Can,2017,0.1826466,0.10666071
Turkey,3038,27684,Can,2018,0.1867779,0.13835932
Turkey,3038,27684,Can,2019,0.19538215,0.16114643
Turkey,3038,27684,Can,2020,0.19246927,0.12814309
Turkey,3038,27684,Can,2021,0.16163656,0.10686036
Turkey,3038,27684,Can,2022,0.16410357,0.092184305
Turkey,3038,27684,Can,2023,0.1487231,0.12425645
Turkey,3038,27684,Can,2024,0.15737936,0.13361076
Turkey,3038,27685,Eceabat,2015,0.261397,0.12501262
Turkey,3038,27685,Eceabat,2016,0.22676149,0.12109555
Turkey,3038,27685,Eceabat,2017,0.1526157,0.10203158
Turkey,3038,27685,Eceabat,2018,0.17354763,0.15277275
Turkey,3038,27685,Eceabat,2019,0.18871173,0.16090804
Turkey,3038,27685,Eceabat,2020,0.16818716,0.15413925
Turkey,3038,27685,Eceabat,2021,0.15754272,0.14177798
Turkey,3038,27685,Eceabat,2022,0.14443803,0.118546516
Turkey,3038,27685,Eceabat,2023,0.13327241,0.1215286
Turkey,3038,27685,Eceabat,2024,0.13636276,0.13670784
Turkey,3038,27686,Ezine,2015,0.1991022,0.13769825
Turkey,3038,27686,Ezine,2016,0.16810662,0.107468754
Turkey,3038,27686,Ezine,2017,0.16138774,0.10823763
Turkey,3038,27686,Ezine,2018,0.18023506,0.12273083
Turkey,3038,27686,Ezine,2019,0.17163715,0.11585343
Turkey,3038,27686,Ezine,2020,0.16557957,0.104543395
Turkey,3038,27686,Ezine,2021,0.16415799,0.09390544
Turkey,3038,27686,Ezine,2022,0.16370608,0.104917675
Turkey,3038,27686,Ezine,2023,0.14396048,0.09486671
Turkey,3038,27686,Ezine,2024,0.15088138,0.098743215
Turkey,3038,27687,Gelibolu,2015,0.21037415,0.120765194
Turkey,3038,27687,Gelibolu,2016,0.18271264,0.10901714
Turkey,3038,27687,Gelibolu,2017,0.15873152,0.10752818
Turkey,3038,27687,Gelibolu,2018,0.18149179,0.11117221
Turkey,3038,27687,Gelibolu,2019,0.16616091,0.09407185
Turkey,3038,27687,Gelibolu,2020,0.1622423,0.094007276
Turkey,3038,27687,Gelibolu,2021,0.15160246,0.09320016
Turkey,3038,27687,Gelibolu,2022,0.1231519,0.08813317
Turkey,3038,27687,Gelibolu,2023,0.1267424,0.09041487
Turkey,3038,27687,Gelibolu,2024,0.14277777,0.09433393
Turkey,3038,27688,Gokceada,2015,0.17406386,0.16590807
Turkey,3038,27688,Gokceada,2016,0.14214048,0.11811973
Turkey,3038,27688,Gokceada,2017,0.11987689,0.10698306
Turkey,3038,27688,Gokceada,2018,0.13071725,0.11137168
Turkey,3038,27688,Gokceada,2019,0.1359223,0.13863888
Turkey,3038,27688,Gokceada,2020,0.15844895,0.14399783
Turkey,3038,27688,Gokceada,2021,0.14466445,0.13676332
Turkey,3038,27688,Gokceada,2022,0.16276006,0.14787818
Turkey,3038,27688,Gokceada,2023,0.14712854,0.12983654
Turkey,3038,27688,Gokceada,2024,0.1439695,0.13486989
Turkey,3038,27689,Lapseki,2015,0.22113258,0.12932083
Turkey,3038,27689,Lapseki,2016,0.21703656,0.155708
Turkey,3038,27689,Lapseki,2017,0.20914048,0.14291146
Turkey,3038,27689,Lapseki,2018,0.21683636,0.17487343
Turkey,3038,27689,Lapseki,2019,0.19939126,0.17528635
Turkey,3038,27689,Lapseki,2020,0.2033095,0.17987527
Turkey,3038,27689,Lapseki,2021,0.16438606,0.11952299
Turkey,3038,27689,Lapseki,2022,0.16487104,0.128759
Turkey,3038,27689,Lapseki,2023,0.17267513,0.15714476
Turkey,3038,27689,Lapseki,2024,0.18687221,0.15214747
Turkey,3038,27690,Merkez,2015,0.13268653,0.14042273
Turkey,3038,27690,Merkez,2016,0.11531137,0.12106662
Turkey,3038,27690,Merkez,2017,0.10821832,0.08477311
Turkey,3038,27690,Merkez,2018,0.12629089,0.09674246
Turkey,3038,27690,Merkez,2019,0.12813918,0.091556
Turkey,3038,27690,Merkez,2020,0.13010609,0.09180111
Turkey,3038,27690,Merkez,2021,0.1122864,0.08300071
Turkey,3038,27690,Merkez,2022,0.108719915,0.077613406
Turkey,3038,27690,Merkez,2023,0.10856985,0.08482465
Turkey,3038,27690,Merkez,2024,0.11591953,0.08285723
Turkey,3038,27691,Yenice,2015,0.15300143,0.08962297
Turkey,3038,27691,Yenice,2016,0.19927976,0.12735797
Turkey,3038,27691,Yenice,2017,0.1991426,0.12977454
Turkey,3038,27691,Yenice,2018,0.17024063,0.09346391
Turkey,3038,27691,Yenice,2019,0.18152204,0.10012785
Turkey,3038,27691,Yenice,2020,0.18238324,0.08842911
Turkey,3038,27691,Yenice,2021,0.17325516,0.09760373
Turkey,3038,27691,Yenice,2022,0.18602297,0.104115464
Turkey,3038,27691,Yenice,2023,0.16904971,0.08455114
Turkey,3038,27691,Yenice,2024,0.19000384,0.118036725
Turkey,3039,27692,Atkaracalar,2015,0.19072753,0.13268721
Turkey,3039,27692,Atkaracalar,2016,0.16574144,0.107748
Turkey,3039,27692,Atkaracalar,2017,0.2197654,0.15970021
Turkey,3039,27692,Atkaracalar,2018,0.20240691,0.14111081
Turkey,3039,27692,Atkaracalar,2019,0.1994656,0.13830945
Turkey,3039,27692,Atkaracalar,2020,0.19221038,0.1303881
Turkey,3039,27692,Atkaracalar,2021,0.19712009,0.14254135
Turkey,3039,27692,Atkaracalar,2022,0.1730979,0.13156113
Turkey,3039,27692,Atkaracalar,2023,0.16832465,0.12337512
Turkey,3039,27692,Atkaracalar,2024,0.1693305,0.12505017
Turkey,3039,27694,Cerkes,2015,0.22527876,0.14022797
Turkey,3039,27694,Cerkes,2016,0.20602217,0.12318301
Turkey,3039,27694,Cerkes,2017,0.21490349,0.15243544
Turkey,3039,27694,Cerkes,2018,0.21475697,0.13587919
Turkey,3039,27694,Cerkes,2019,0.21847484,0.14382021
Turkey,3039,27694,Cerkes,2020,0.21354297,0.15844505
Turkey,3039,27694,Cerkes,2021,0.20372823,0.13612823
Turkey,3039,27694,Cerkes,2022,0.20274058,0.12786177
Turkey,3039,27694,Cerkes,2023,0.2079755,0.12562303
Turkey,3039,27694,Cerkes,2024,0.21299244,0.14777134
Turkey,3039,27695,Eldivan,2015,0.19158757,0.11437175
Turkey,3039,27695,Eldivan,2016,0.19674344,0.13744941
Turkey,3039,27695,Eldivan,2017,0.1807104,0.13894784
Turkey,3039,27695,Eldivan,2018,0.17131853,0.13495795
Turkey,3039,27695,Eldivan,2019,0.16711321,0.1294546
Turkey,3039,27695,Eldivan,2020,0.15910107,0.1198272
Turkey,3039,27695,Eldivan,2021,0.1596274,0.13179168
Turkey,3039,27695,Eldivan,2022,0.14388885,0.11788274
Turkey,3039,27695,Eldivan,2023,0.13903108,0.11796648
Turkey,3039,27695,Eldivan,2024,0.1494095,0.124272004
Turkey,3039,27696,Ilgaz,2015,0.22261089,0.104210384
Turkey,3039,27696,Ilgaz,2016,0.2284588,0.12096712
Turkey,3039,27696,Ilgaz,2017,0.24158955,0.13304454
Turkey,3039,27696,Ilgaz,2018,0.22011515,0.1328302
Turkey,3039,27696,Ilgaz,2019,0.23171777,0.1367746
Turkey,3039,27696,Ilgaz,2020,0.23529837,0.14080806
Turkey,3039,27696,Ilgaz,2021,0.2271011,0.14019628
Turkey,3039,27696,Ilgaz,2022,0.22408846,0.13367115
Turkey,3039,27696,Ilgaz,2023,0.22236997,0.13411966
Turkey,3039,27696,Ilgaz,2024,0.22802481,0.13669215
Turkey,3039,27697,Kizilirmak,2015,0.11405182,0.0816689
Turkey,3039,27697,Kizilirmak,2016,0.16697538,0.14712793
Turkey,3039,27697,Kizilirmak,2017,0.18823296,0.17121212
Turkey,3039,27697,Kizilirmak,2018,0.15460473,0.1447912
Turkey,3039,27697,Kizilirmak,2019,0.15299228,0.14184651
Turkey,3039,27697,Kizilirmak,2020,0.1933123,0.17493048
Turkey,3039,27697,Kizilirmak,2021,0.17596474,0.15880576
Turkey,3039,27697,Kizilirmak,2022,0.17608021,0.16686717
Turkey,3039,27697,Kizilirmak,2023,0.17671296,0.16874939
Turkey,3039,27697,Kizilirmak,2024,0.16706526,0.15428688
Turkey,3039,27698,Korgun,2015,0.19064541,0.14740947
Turkey,3039,27698,Korgun,2016,0.19139999,0.1623441
Turkey,3039,27698,Korgun,2017,0.18745002,0.16418159
Turkey,3039,27698,Korgun,2018,0.17909965,0.13239552
Turkey,3039,27698,Korgun,2019,0.1814899,0.15117967
Turkey,3039,27698,Korgun,2020,0.1819727,0.15676859
Turkey,3039,27698,Korgun,2021,0.1825167,0.14348358
Turkey,3039,27698,Korgun,2022,0.18653506,0.13292976
Turkey,3039,27698,Korgun,2023,0.1763713,0.12566417
Turkey,3039,27698,Korgun,2024,0.18751802,0.13957193
Turkey,3039,27699,Kursunlu,2015,0.23914593,0.16652511
Turkey,3039,27699,Kursunlu,2016,0.24028558,0.16405183
Turkey,3039,27699,Kursunlu,2017,0.22285995,0.16725872
Turkey,3039,27699,Kursunlu,2018,0.21139446,0.13181339
Turkey,3039,27699,Kursunlu,2019,0.22005731,0.16238083
Turkey,3039,27699,Kursunlu,2020,0.21334508,0.16530052
Turkey,3039,27699,Kursunlu,2021,0.20575985,0.15520008
Turkey,3039,27699,Kursunlu,2022,0.22378182,0.16689171
Turkey,3039,27699,Kursunlu,2023,0.2098447,0.15361503
Turkey,3039,27699,Kursunlu,2024,0.22129884,0.15223344
Turkey,3039,27700,Merkez,2015,0.11103077,0.073320895
Turkey,3039,27700,Merkez,2016,0.11065241,0.08535879
Turkey,3039,27700,Merkez,2017,0.102819234,0.1032042
Turkey,3039,27700,Merkez,2018,0.08503364,0.07389807
Turkey,3039,27700,Merkez,2019,0.08669221,0.0797477
Turkey,3039,27700,Merkez,2020,0.08607083,0.07753311
Turkey,3039,27700,Merkez,2021,0.085619584,0.07446386
Turkey,3039,27700,Merkez,2022,0.07970656,0.073700555
Turkey,3039,27700,Merkez,2023,0.08048793,0.07082903
Turkey,3039,27700,Merkez,2024,0.08417742,0.07390294
Turkey,3039,27701,Orta,2015,0.17436147,0.13055022
Turkey,3039,27701,Orta,2016,0.16943032,0.12340967
Turkey,3039,27701,Orta,2017,0.15716551,0.12493612
Turkey,3039,27701,Orta,2018,0.17177945,0.12181985
Turkey,3039,27701,Orta,2019,0.17051,0.13560446
Turkey,3039,27701,Orta,2020,0.17052469,0.14008386
Turkey,3039,27701,Orta,2021,0.16344827,0.124140054
Turkey,3039,27701,Orta,2022,0.174876,0.14295362
Turkey,3039,27701,Orta,2023,0.17186159,0.13454816
Turkey,3039,27701,Orta,2024,0.17009763,0.12815714
Turkey,3039,27702,Sabanozu,2015,0.1763795,0.13509044
Turkey,3039,27702,Sabanozu,2016,0.1685628,0.13510157
Turkey,3039,27702,Sabanozu,2017,0.16843578,0.1392308
Turkey,3039,27702,Sabanozu,2018,0.16661847,0.12597232
Turkey,3039,27702,Sabanozu,2019,0.15958436,0.13461912
Turkey,3039,27702,Sabanozu,2020,0.17088965,0.14176166
Turkey,3039,27702,Sabanozu,2021,0.16886422,0.14398775
Turkey,3039,27702,Sabanozu,2022,0.1670736,0.13908276
Turkey,3039,27702,Sabanozu,2023,0.1587135,0.13019383
Turkey,3039,27702,Sabanozu,2024,0.17349127,0.1456885
Turkey,3039,27703,Yaprakli,2015,0.2025285,0.15310958
Turkey,3039,27703,Yaprakli,2016,0.19666094,0.14757386
Turkey,3039,27703,Yaprakli,2017,0.2040689,0.15248911
Turkey,3039,27703,Yaprakli,2018,0.17028765,0.110900335
Turkey,3039,27703,Yaprakli,2019,0.17953697,0.13000916
Turkey,3039,27703,Yaprakli,2020,0.20699054,0.14799082
Turkey,3039,27703,Yaprakli,2021,0.21190614,0.1610763
Turkey,3039,27703,Yaprakli,2022,0.18319449,0.12944026
Turkey,3039,27703,Yaprakli,2023,0.18527678,0.13245226
Turkey,3039,27703,Yaprakli,2024,0.22130415,0.16530596
Turkey,3040,27704,Alaca,2015,0.15462363,0.10077112
Turkey,3040,27704,Alaca,2016,0.1753289,0.13707449
Turkey,3040,27704,Alaca,2017,0.17531556,0.14081277
Turkey,3040,27704,Alaca,2018,0.16635028,0.124448374
Turkey,3040,27704,Alaca,2019,0.16940194,0.13247551
Turkey,3040,27704,Alaca,2020,0.17514911,0.13941622
Turkey,3040,27704,Alaca,2021,0.17339441,0.13743582
Turkey,3040,27704,Alaca,2022,0.16205634,0.13761017
Turkey,3040,27704,Alaca,2023,0.14861369,0.11291854
Turkey,3040,27704,Alaca,2024,0.15315941,0.11491205
Turkey,3040,27705,Bayat,2015,0.18741539,0.15059793
Turkey,3040,27705,Bayat,2016,0.17910986,0.1576117
Turkey,3040,27705,Bayat,2017,0.19366774,0.17157328
Turkey,3040,27705,Bayat,2018,0.18949124,0.17049631
Turkey,3040,27705,Bayat,2019,0.16806225,0.1539127
Turkey,3040,27705,Bayat,2020,0.19601387,0.16194117
Turkey,3040,27705,Bayat,2021,0.20111611,0.15907058
Turkey,3040,27705,Bayat,2022,0.17175668,0.14699614
Turkey,3040,27705,Bayat,2023,0.19483271,0.16261433
Turkey,3040,27705,Bayat,2024,0.22009987,0.17487851
Turkey,3040,27706,Bogazkale,2015,0.170016,0.114639655
Turkey,3040,27706,Bogazkale,2016,0.16506782,0.12538397
Turkey,3040,27706,Bogazkale,2017,0.16629475,0.12587757
Turkey,3040,27706,Bogazkale,2018,0.13881204,0.10885738
Turkey,3040,27706,Bogazkale,2019,0.17538242,0.1460149
Turkey,3040,27706,Bogazkale,2020,0.16798505,0.15432659
Turkey,3040,27706,Bogazkale,2021,0.17958868,0.13753927
Turkey,3040,27706,Bogazkale,2022,0.18009657,0.16350016
Turkey,3040,27706,Bogazkale,2023,0.17487995,0.14070372
Turkey,3040,27706,Bogazkale,2024,0.16780397,0.1540958
Turkey,3040,27707,Dodurga,2015,0.21115023,0.18590108
Turkey,3040,27707,Dodurga,2016,0.21122986,0.18668848
Turkey,3040,27707,Dodurga,2017,0.21523713,0.19477192
Turkey,3040,27707,Dodurga,2018,0.20375212,0.1839304
Turkey,3040,27707,Dodurga,2019,0.20431858,0.18986413
Turkey,3040,27707,Dodurga,2020,0.19691133,0.18015307
Turkey,3040,27707,Dodurga,2021,0.2050524,0.18593307
Turkey,3040,27707,Dodurga,2022,0.20023802,0.18468112
Turkey,3040,27707,Dodurga,2023,0.20135868,0.18321428
Turkey,3040,27707,Dodurga,2024,0.1981875,0.17308511
Turkey,3040,27708,Iskilip,2015,0.19798172,0.08253532
Turkey,3040,27708,Iskilip,2016,0.2012668,0.09220146
Turkey,3040,27708,Iskilip,2017,0.20304812,0.09348891
Turkey,3040,27708,Iskilip,2018,0.16043895,0.09212001
Turkey,3040,27708,Iskilip,2019,0.17583346,0.096040525
Turkey,3040,27708,Iskilip,2020,0.1688101,0.09489679
Turkey,3040,27708,Iskilip,2021,0.17790383,0.096936874
Turkey,3040,27708,Iskilip,2022,0.18620656,0.07398856
Turkey,3040,27708,Iskilip,2023,0.16468118,0.079312846
Turkey,3040,27708,Iskilip,2024,0.1498385,0.081701495
Turkey,3040,27709,Kargi,2015,0.18080518,0.08405343
Turkey,3040,27709,Kargi,2016,0.19969091,0.10356527
Turkey,3040,27709,Kargi,2017,0.19426093,0.10787339
Turkey,3040,27709,Kargi,2018,0.19611077,0.10881245
Turkey,3040,27709,Kargi,2019,0.17418197,0.104336
Turkey,3040,27709,Kargi,2020,0.18079852,0.10121614
Turkey,3040,27709,Kargi,2021,0.18949467,0.10360241
Turkey,3040,27709,Kargi,2022,0.17698316,0.095865935
Turkey,3040,27709,Kargi,2023,0.17912427,0.10233226
Turkey,3040,27709,Kargi,2024,0.19101366,0.10185468
Turkey,3040,27710,Lacin,2015,0.16770132,0.10969473
Turkey,3040,27710,Lacin,2016,0.2137438,0.16494524
Turkey,3040,27710,Lacin,2017,0.22136495,0.17978697
Turkey,3040,27710,Lacin,2018,0.21447578,0.1725607
Turkey,3040,27710,Lacin,2019,0.21069491,0.17439267
Turkey,3040,27710,Lacin,2020,0.2337091,0.1947208
Turkey,3040,27710,Lacin,2021,0.22868994,0.18971327
Turkey,3040,27710,Lacin,2022,0.20919417,0.16333716
Turkey,3040,27710,Lacin,2023,0.21001747,0.168029
Turkey,3040,27710,Lacin,2024,0.23121884,0.18240643
Turkey,3040,27711,Mecitozu,2015,0.17488152,0.13399461
Turkey,3040,27711,Mecitozu,2016,0.19478753,0.15465781
Turkey,3040,27711,Mecitozu,2017,0.20456131,0.17159921
Turkey,3040,27711,Mecitozu,2018,0.19398358,0.16140509
Turkey,3040,27711,Mecitozu,2019,0.18449008,0.16038434
Turkey,3040,27711,Mecitozu,2020,0.19316956,0.16667539
Turkey,3040,27711,Mecitozu,2021,0.21753693,0.18352711
Turkey,3040,27711,Mecitozu,2022,0.20343122,0.17640978
Turkey,3040,27711,Mecitozu,2023,0.21923572,0.18561703
Turkey,3040,27711,Mecitozu,2024,0.22423103,0.19680703
Turkey,3040,27712,Merkez,2015,0.11537789,0.06400575
Turkey,3040,27712,Merkez,2016,0.113588616,0.06410582
Turkey,3040,27712,Merkez,2017,0.10735887,0.06484821
Turkey,3040,27712,Merkez,2018,0.09368462,0.06482601
Turkey,3040,27712,Merkez,2019,0.101192676,0.06574224
Turkey,3040,27712,Merkez,2020,0.10990092,0.06661169
Turkey,3040,27712,Merkez,2021,0.11888172,0.068849005
Turkey,3040,27712,Merkez,2022,0.11793877,0.07078263
Turkey,3040,27712,Merkez,2023,0.10937837,0.07098732
Turkey,3040,27712,Merkez,2024,0.11319354,0.0727144
Turkey,3040,27713,Oguzlar,2015,0.17285737,0.07607919
Turkey,3040,27713,Oguzlar,2016,0.19048052,0.09482863
Turkey,3040,27713,Oguzlar,2017,0.20633295,0.105754234
Turkey,3040,27713,Oguzlar,2018,0.1838435,0.098775074
Turkey,3040,27713,Oguzlar,2019,0.19606113,0.10193979
Turkey,3040,27713,Oguzlar,2020,0.19329685,0.10616843
Turkey,3040,27713,Oguzlar,2021,0.18628359,0.08760354
Turkey,3040,27713,Oguzlar,2022,0.20473377,0.12521797
Turkey,3040,27713,Oguzlar,2023,0.20416327,0.11236625
Turkey,3040,27713,Oguzlar,2024,0.20208497,0.11836694
Turkey,3040,27714,Ortakoy,2015,0.15102746,0.109974466
Turkey,3040,27714,Ortakoy,2016,0.19497204,0.1612066
Turkey,3040,27714,Ortakoy,2017,0.21763209,0.18370037
Turkey,3040,27714,Ortakoy,2018,0.20339122,0.18083918
Turkey,3040,27714,Ortakoy,2019,0.19770119,0.17618167
Turkey,3040,27714,Ortakoy,2020,0.20944184,0.18562615
Turkey,3040,27714,Ortakoy,2021,0.23565519,0.20971385
Turkey,3040,27714,Ortakoy,2022,0.20897359,0.17914586
Turkey,3040,27714,Ortakoy,2023,0.21214817,0.17876373
Turkey,3040,27714,Ortakoy,2024,0.21870804,0.18416789
Turkey,3040,27715,Osmancik,2015,0.18652858,0.10614451
Turkey,3040,27715,Osmancik,2016,0.17853148,0.12062196
Turkey,3040,27715,Osmancik,2017,0.1744374,0.11401868
Turkey,3040,27715,Osmancik,2018,0.13798812,0.10512356
Turkey,3040,27715,Osmancik,2019,0.1514046,0.10610688
Turkey,3040,27715,Osmancik,2020,0.15424316,0.09881399
Turkey,3040,27715,Osmancik,2021,0.15968902,0.10273079
Turkey,3040,27715,Osmancik,2022,0.15411456,0.098020226
Turkey,3040,27715,Osmancik,2023,0.1372034,0.09404597
Turkey,3040,27715,Osmancik,2024,0.15156287,0.10215605
Turkey,3040,27716,Sungurlu,2015,0.18085757,0.115943894
Turkey,3040,27716,Sungurlu,2016,0.18646187,0.12390025
Turkey,3040,27716,Sungurlu,2017,0.16918507,0.12416029
Turkey,3040,27716,Sungurlu,2018,0.1516267,0.10446403
Turkey,3040,27716,Sungurlu,2019,0.14884499,0.10666506
Turkey,3040,27716,Sungurlu,2020,0.14687425,0.10880983
Turkey,3040,27716,Sungurlu,2021,0.16496216,0.12177588
Turkey,3040,27716,Sungurlu,2022,0.16687568,0.12051346
Turkey,3040,27716,Sungurlu,2023,0.1587086,0.10436811
Turkey,3040,27716,Sungurlu,2024,0.17252475,0.1158945
Turkey,3040,27717,Ugurludag,2015,0.15908054,0.12546757
Turkey,3040,27717,Ugurludag,2016,0.17006868,0.1454766
Turkey,3040,27717,Ugurludag,2017,0.18182054,0.15283349
Turkey,3040,27717,Ugurludag,2018,0.17349158,0.1474308
Turkey,3040,27717,Ugurludag,2019,0.16457799,0.13672578
Turkey,3040,27717,Ugurludag,2020,0.16627422,0.14325045
Turkey,3040,27717,Ugurludag,2021,0.16796193,0.1406893
Turkey,3040,27717,Ugurludag,2022,0.15441285,0.1457869
Turkey,3040,27717,Ugurludag,2023,0.15753192,0.14085728
Turkey,3040,27717,Ugurludag,2024,0.16454227,0.13680252
Turkey,3041,27718,Acipayam,2015,0.19036204,0.11677622
Turkey,3041,27718,Acipayam,2016,0.18797487,0.10342713
Turkey,3041,27718,Acipayam,2017,0.18600404,0.12205095
Turkey,3041,27718,Acipayam,2018,0.17843126,0.11044004
Turkey,3041,27718,Acipayam,2019,0.17187816,0.0934103
Turkey,3041,27718,Acipayam,2020,0.17515038,0.09763749
Turkey,3041,27718,Acipayam,2021,0.18313771,0.10657033
Turkey,3041,27718,Acipayam,2022,0.1873227,0.121151686
Turkey,3041,27718,Acipayam,2023,0.17668939,0.09620788
Turkey,3041,27718,Acipayam,2024,0.1731298,0.099359736
Turkey,3041,27719,Akkoy,2015,0.21956779,0.16810644
Turkey,3041,27719,Akkoy,2016,0.21128905,0.18748891
Turkey,3041,27719,Akkoy,2017,0.2145766,0.17587414
Turkey,3041,27719,Akkoy,2018,0.20389333,0.14654313
Turkey,3041,27719,Akkoy,2019,0.20012103,0.14309369
Turkey,3041,27719,Akkoy,2020,0.21539694,0.18604487
Turkey,3041,27719,Akkoy,2021,0.22040415,0.18384708
Turkey,3041,27719,Akkoy,2022,0.22076976,0.1848012
Turkey,3041,27719,Akkoy,2023,0.19331324,0.11639437
Turkey,3041,27719,Akkoy,2024,0.20129114,0.13416103
Turkey,3041,27721,Baklan,2015,0.16300513,0.08981517
Turkey,3041,27721,Baklan,2016,0.16327962,0.10154646
Turkey,3041,27721,Baklan,2017,0.15836558,0.09181777
Turkey,3041,27721,Baklan,2018,0.13054627,0.079094425
Turkey,3041,27721,Baklan,2019,0.1474362,0.087932356
Turkey,3041,27721,Baklan,2020,0.14929578,0.08791317
Turkey,3041,27721,Baklan,2021,0.1486668,0.08760237
Turkey,3041,27721,Baklan,2022,0.16126487,0.09728271
Turkey,3041,27721,Baklan,2023,0.14535785,0.07535444
Turkey,3041,27721,Baklan,2024,0.15222922,0.086969756
Turkey,3041,27722,Bekilli,2015,0.11696837,0.090139955
Turkey,3041,27722,Bekilli,2016,0.1058138,0.086679086
Turkey,3041,27722,Bekilli,2017,0.10082197,0.08117287
Turkey,3041,27722,Bekilli,2018,0.11221243,0.09340309
Turkey,3041,27722,Bekilli,2019,0.10026494,0.09327068
Turkey,3041,27722,Bekilli,2020,0.09664386,0.08908351
Turkey,3041,27722,Bekilli,2021,0.1090732,0.091602035
Turkey,3041,27722,Bekilli,2022,0.1038611,0.08203594
Turkey,3041,27722,Bekilli,2023,0.116549216,0.09367538
Turkey,3041,27722,Bekilli,2024,0.09073248,0.07650189
Turkey,3041,27723,Beyagac,2015,0.18090178,0.11142902
Turkey,3041,27723,Beyagac,2016,0.18706441,0.116784155
Turkey,3041,27723,Beyagac,2017,0.18574321,0.12281461
Turkey,3041,27723,Beyagac,2018,0.17479901,0.10239915
Turkey,3041,27723,Beyagac,2019,0.18711667,0.109024525
Turkey,3041,27723,Beyagac,2020,0.17469111,0.10565506
Turkey,3041,27723,Beyagac,2021,0.18662383,0.11941043
Turkey,3041,27723,Beyagac,2022,0.19902503,0.14497307
Turkey,3041,27723,Beyagac,2023,0.19859335,0.15042442
Turkey,3041,27723,Beyagac,2024,0.21090074,0.16282907
Turkey,3041,27724,Bozkurt,2015,0.21781625,0.2033304
Turkey,3041,27724,Bozkurt,2016,0.23159622,0.21995462
Turkey,3041,27724,Bozkurt,2017,0.21825832,0.21682544
Turkey,3041,27724,Bozkurt,2018,0.19316164,0.18362826
Turkey,3041,27724,Bozkurt,2019,0.20828232,0.20404509
Turkey,3041,27724,Bozkurt,2020,0.21040697,0.20827836
Turkey,3041,27724,Bozkurt,2021,0.20174322,0.19669418
Turkey,3041,27724,Bozkurt,2022,0.20574652,0.20136976
Turkey,3041,27724,Bozkurt,2023,0.20326531,0.18119192
Turkey,3041,27724,Bozkurt,2024,0.2169582,0.20693329
Turkey,3041,27725,Buldan,2015,0.11354309,0.09684495
Turkey,3041,27725,Buldan,2016,0.10809394,0.09204395
Turkey,3041,27725,Buldan,2017,0.109778665,0.094065554
Turkey,3041,27725,Buldan,2018,0.10555793,0.09408934
Turkey,3041,27725,Buldan,2019,0.083395265,0.074876584
Turkey,3041,27725,Buldan,2020,0.08664104,0.07486454
Turkey,3041,27725,Buldan,2021,0.089429095,0.07490211
Turkey,3041,27725,Buldan,2022,0.10233009,0.0761846
Turkey,3041,27725,Buldan,2023,0.103127494,0.07870557
Turkey,3041,27725,Buldan,2024,0.094284065,0.074338004
Turkey,3041,27726,Cal,2015,0.118513696,0.10229949
Turkey,3041,27726,Cal,2016,0.10640097,0.09935244
Turkey,3041,27726,Cal,2017,0.11125257,0.09755242
Turkey,3041,27726,Cal,2018,0.10189158,0.09472477
Turkey,3041,27726,Cal,2019,0.10163839,0.09778149
Turkey,3041,27726,Cal,2020,0.10058588,0.092278585
Turkey,3041,27726,Cal,2021,0.103064515,0.08748791
Turkey,3041,27726,Cal,2022,0.10636516,0.087249346
Turkey,3041,27726,Cal,2023,0.10745511,0.08441322
Turkey,3041,27726,Cal,2024,0.10019466,0.08844684
Turkey,3041,27727,Cameli,2015,0.18095663,0.14060289
Turkey,3041,27727,Cameli,2016,0.19064686,0.15948246
Turkey,3041,27727,Cameli,2017,0.18259847,0.16114381
Turkey,3041,27727,Cameli,2018,0.16271883,0.13269132
Turkey,3041,27727,Cameli,2019,0.17709681,0.14735271
Turkey,3041,27727,Cameli,2020,0.16948053,0.1317868
Turkey,3041,27727,Cameli,2021,0.1796167,0.14497149
Turkey,3041,27727,Cameli,2022,0.18259683,0.14704856
Turkey,3041,27727,Cameli,2023,0.17989647,0.13196692
Turkey,3041,27727,Cameli,2024,0.17202294,0.12627725
Turkey,3041,27728,Cardak,2015,0.17879458,0.09994393
Turkey,3041,27728,Cardak,2016,0.16536245,0.094367675
Turkey,3041,27728,Cardak,2017,0.1704331,0.09979238
Turkey,3041,27728,Cardak,2018,0.16402316,0.10883043
Turkey,3041,27728,Cardak,2019,0.16565958,0.10161605
Turkey,3041,27728,Cardak,2020,0.1674456,0.09832662
Turkey,3041,27728,Cardak,2021,0.16816404,0.0994814
Turkey,3041,27728,Cardak,2022,0.17660524,0.107746735
Turkey,3041,27728,Cardak,2023,0.1672793,0.11446525
Turkey,3041,27728,Cardak,2024,0.15238318,0.10168255
Turkey,3041,27729,Civril,2015,0.1415363,0.08211952
Turkey,3041,27729,Civril,2016,0.12511227,0.080525026
Turkey,3041,27729,Civril,2017,0.13246313,0.08522158
Turkey,3041,27729,Civril,2018,0.12333988,0.08624552
Turkey,3041,27729,Civril,2019,0.1165685,0.08312557
Turkey,3041,27729,Civril,2020,0.11609851,0.08273799
Turkey,3041,27729,Civril,2021,0.12118401,0.08420174
Turkey,3041,27729,Civril,2022,0.13752045,0.091398045
Turkey,3041,27729,Civril,2023,0.12375066,0.08991286
Turkey,3041,27729,Civril,2024,0.12152429,0.093551755
Turkey,3041,27730,Guney,2015,0.19555178,0.17236513
Turkey,3041,27730,Guney,2016,0.19973171,0.18695977
Turkey,3041,27730,Guney,2017,0.19747531,0.18269555
Turkey,3041,27730,Guney,2018,0.18522803,0.16412398
Turkey,3041,27730,Guney,2019,0.19681388,0.1826525
Turkey,3041,27730,Guney,2020,0.19525698,0.1744588
Turkey,3041,27730,Guney,2021,0.18147275,0.16361986
Turkey,3041,27730,Guney,2022,0.19369477,0.17404115
Turkey,3041,27730,Guney,2023,0.1898469,0.15731093
Turkey,3041,27730,Guney,2024,0.18929301,0.16348073
Turkey,3041,27731,Honaz,2015,0.21332127,0.22205514
Turkey,3041,27731,Honaz,2016,0.22819412,0.25048247
Turkey,3041,27731,Honaz,2017,0.21953915,0.22522411
Turkey,3041,27731,Honaz,2018,0.2088966,0.21491161
Turkey,3041,27731,Honaz,2019,0.21061999,0.21684548
Turkey,3041,27731,Honaz,2020,0.22341314,0.23142394
Turkey,3041,27731,Honaz,2021,0.21827567,0.2136791
Turkey,3041,27731,Honaz,2022,0.2094099,0.19583213
Turkey,3041,27731,Honaz,2023,0.21402259,0.18423413
Turkey,3041,27731,Honaz,2024,0.21519405,0.19891483
Turkey,3041,27732,Kale,2015,0.15273935,0.09939874
Turkey,3041,27732,Kale,2016,0.15504512,0.10256122
Turkey,3041,27732,Kale,2017,0.15648073,0.10096498
Turkey,3041,27732,Kale,2018,0.13743028,0.09732022
Turkey,3041,27732,Kale,2019,0.14279659,0.096943155
Turkey,3041,27732,Kale,2020,0.12905486,0.078927286
Turkey,3041,27732,Kale,2021,0.13184148,0.07784666
Turkey,3041,27732,Kale,2022,0.13327017,0.08135894
Turkey,3041,27732,Kale,2023,0.13075949,0.08400605
Turkey,3041,27732,Kale,2024,0.12976238,0.08469917
Turkey,3041,27733,Merkez,2015,0.09208081,0.08357824
Turkey,3041,27733,Merkez,2016,0.092477135,0.08360056
Turkey,3041,27733,Merkez,2017,0.0916081,0.08273152
Turkey,3041,27733,Merkez,2018,0.08947437,0.0810571
Turkey,3041,27733,Merkez,2019,0.09433388,0.0859166
Turkey,3041,27733,Merkez,2020,0.097353935,0.088936664
Turkey,3041,27733,Merkez,2021,0.09250422,0.08408694
Turkey,3041,27733,Merkez,2022,0.093429536,0.08455296
Turkey,3041,27733,Merkez,2023,0.091267146,0.08322387
Turkey,3041,27733,Merkez,2024,0.09194498,0.08319951
Turkey,3041,27734,Saraykoy,2015,0.09328827,0.079412915
Turkey,3041,27734,Saraykoy,2016,0.10155826,0.07968604
Turkey,3041,27734,Saraykoy,2017,0.08803021,0.08078312
Turkey,3041,27734,Saraykoy,2018,0.10128921,0.080034435
Turkey,3041,27734,Saraykoy,2019,0.10757585,0.077962086
Turkey,3041,27734,Saraykoy,2020,0.10654751,0.086255275
Turkey,3041,27734,Saraykoy,2021,0.12564953,0.095689885
Turkey,3041,27734,Saraykoy,2022,0.106237434,0.094146684
Turkey,3041,27734,Saraykoy,2023,0.11415527,0.09399635
Turkey,3041,27734,Saraykoy,2024,0.12146827,0.092507586
Turkey,3041,27735,Serinhisar,2015,0.108839534,0.09872723
Turkey,3041,27735,Serinhisar,2016,0.10972058,0.09960829
Turkey,3041,27735,Serinhisar,2017,0.11060883,0.100217395
Turkey,3041,27735,Serinhisar,2018,0.10739474,0.09608331
Turkey,3041,27735,Serinhisar,2019,0.10759386,0.09806001
Turkey,3041,27735,Serinhisar,2020,0.10858631,0.09977018
Turkey,3041,27735,Serinhisar,2021,0.11353799,0.0996547
Turkey,3041,27735,Serinhisar,2022,0.10835666,0.10129561
Turkey,3041,27735,Serinhisar,2023,0.11126588,0.10177841
Turkey,3041,27735,Serinhisar,2024,0.10680653,0.096622184
Turkey,3041,27736,Tavas,2015,0.16443856,0.08952458
Turkey,3041,27736,Tavas,2016,0.1628306,0.0885936
Turkey,3041,27736,Tavas,2017,0.16344126,0.089333236
Turkey,3041,27736,Tavas,2018,0.14900987,0.089359835
Turkey,3041,27736,Tavas,2019,0.14880084,0.0901304
Turkey,3041,27736,Tavas,2020,0.15669394,0.08832231
Turkey,3041,27736,Tavas,2021,0.15232314,0.08477591
Turkey,3041,27736,Tavas,2022,0.16489354,0.08576399
Turkey,3041,27736,Tavas,2023,0.15274972,0.08825607
Turkey,3041,27736,Tavas,2024,0.15273052,0.08672795
Turkey,3042,27737,Bismil,2015,0.11567676,0.07756134
Turkey,3042,27737,Bismil,2016,0.10390881,0.07827784
Turkey,3042,27737,Bismil,2017,0.10480472,0.07827784
Turkey,3042,27737,Bismil,2018,0.08711913,0.07705626
Turkey,3042,27737,Bismil,2019,0.0940725,0.0773459
Turkey,3042,27737,Bismil,2020,0.099685505,0.08166579
Turkey,3042,27737,Bismil,2021,0.095460095,0.081869245
Turkey,3042,27737,Bismil,2022,0.09958238,0.081869245
Turkey,3042,27737,Bismil,2023,0.08018236,0.064007476
Turkey,3042,27737,Bismil,2024,0.08792798,0.06455925
Turkey,3042,27738,Cermik,2015,0.1512314,0.12826858
Turkey,3042,27738,Cermik,2016,0.121654905,0.0998947
Turkey,3042,27738,Cermik,2017,0.11420996,0.09820327
Turkey,3042,27738,Cermik,2018,0.16148248,0.13812976
Turkey,3042,27738,Cermik,2019,0.15948486,0.15031311
Turkey,3042,27738,Cermik,2020,0.13926838,0.1347624
Turkey,3042,27738,Cermik,2021,0.16385327,0.14909312
Turkey,3042,27738,Cermik,2022,0.16624345,0.15290278
Turkey,3042,27738,Cermik,2023,0.16926485,0.1470445
Turkey,3042,27738,Cermik,2024,0.15483065,0.1365686
Turkey,3042,27739,Cinar,2015,0.13945815,0.11060751
Turkey,3042,27739,Cinar,2016,0.11538611,0.09967709
Turkey,3042,27739,Cinar,2017,0.12271736,0.111297116
Turkey,3042,27739,Cinar,2018,0.12875816,0.12411344
Turkey,3042,27739,Cinar,2019,0.12168944,0.11816552
Turkey,3042,27739,Cinar,2020,0.15325445,0.1402632
Turkey,3042,27739,Cinar,2021,0.13733006,0.12977448
Turkey,3042,27739,Cinar,2022,0.16265032,0.14694384
Turkey,3042,27739,Cinar,2023,0.14552182,0.12811747
Turkey,3042,27739,Cinar,2024,0.1515789,0.13847825
Turkey,3042,27740,Cungus,2015,0.16881433,0.13114901
Turkey,3042,27740,Cungus,2016,0.16365282,0.14669114
Turkey,3042,27740,Cungus,2017,0.15046372,0.13463813
Turkey,3042,27740,Cungus,2018,0.15453406,0.12339107
Turkey,3042,27740,Cungus,2019,0.14644004,0.1296308
Turkey,3042,27740,Cungus,2020,0.15104567,0.12944241
Turkey,3042,27740,Cungus,2021,0.1590386,0.1354112
Turkey,3042,27740,Cungus,2022,0.15253863,0.12621239
Turkey,3042,27740,Cungus,2023,0.17006005,0.14029595
Turkey,3042,27740,Cungus,2024,0.16521701,0.12642914
Turkey,3042,27741,Dicle,2015,0.12367227,0.11025571
Turkey,3042,27741,Dicle,2016,0.12239237,0.11796801
Turkey,3042,27741,Dicle,2017,0.15272532,0.15039325
Turkey,3042,27741,Dicle,2018,0.1362879,0.15122461
Turkey,3042,27741,Dicle,2019,0.14548948,0.14967021
Turkey,3042,27741,Dicle,2020,0.14039038,0.14698976
Turkey,3042,27741,Dicle,2021,0.1421488,0.14251716
Turkey,3042,27741,Dicle,2022,0.14908801,0.14008816
Turkey,3042,27741,Dicle,2023,0.1547102,0.14773114
Turkey,3042,27741,Dicle,2024,0.15039924,0.15094653
Turkey,3042,27742,Egil,2015,0.11747904,0.10724394
Turkey,3042,27742,Egil,2016,0.1363894,0.13463967
Turkey,3042,27742,Egil,2017,0.1543048,0.1505852
Turkey,3042,27742,Egil,2018,0.14710535,0.1558703
Turkey,3042,27742,Egil,2019,0.1313377,0.14602208
Turkey,3042,27742,Egil,2020,0.12650274,0.12606955
Turkey,3042,27742,Egil,2021,0.14436282,0.14722636
Turkey,3042,27742,Egil,2022,0.15066668,0.15005422
Turkey,3042,27742,Egil,2023,0.16325065,0.15820944
Turkey,3042,27742,Egil,2024,0.15364723,0.15811765
Turkey,3042,27743,Ergani,2015,0.15307486,0.11068263
Turkey,3042,27743,Ergani,2016,0.13134913,0.12460066
Turkey,3042,27743,Ergani,2017,0.13553624,0.12593359
Turkey,3042,27743,Ergani,2018,0.13270204,0.113734476
Turkey,3042,27743,Ergani,2019,0.12359533,0.11133819
Turkey,3042,27743,Ergani,2020,0.13246077,0.11968827
Turkey,3042,27743,Ergani,2021,0.13184413,0.11922512
Turkey,3042,27743,Ergani,2022,0.13589013,0.124763034
Turkey,3042,27743,Ergani,2023,0.14774564,0.13350767
Turkey,3042,27743,Ergani,2024,0.14555444,0.13431472
Turkey,3042,27744,Hani,2015,0.13383885,0.10996831
Turkey,3042,27744,Hani,2016,0.16724434,0.15406913
Turkey,3042,27744,Hani,2017,0.17716926,0.16773903
Turkey,3042,27744,Hani,2018,0.18018162,0.17294279
Turkey,3042,27744,Hani,2019,0.19150311,0.180794
Turkey,3042,27744,Hani,2020,0.17930157,0.16297907
Turkey,3042,27744,Hani,2021,0.16799809,0.1639443
Turkey,3042,27744,Hani,2022,0.16715443,0.16773269
Turkey,3042,27744,Hani,2023,0.15875262,0.15536597
Turkey,3042,27744,Hani,2024,0.16600919,0.15724546
Turkey,3042,27745,Hazro,2015,0.144102,0.12208593
Turkey,3042,27745,Hazro,2016,0.12915948,0.11697337
Turkey,3042,27745,Hazro,2017,0.15804145,0.14459656
Turkey,3042,27745,Hazro,2018,0.14160012,0.15422037
Turkey,3042,27745,Hazro,2019,0.13339338,0.14600423
Turkey,3042,27745,Hazro,2020,0.14489923,0.1446593
Turkey,3042,27745,Hazro,2021,0.1500366,0.13266528
Turkey,3042,27745,Hazro,2022,0.1557172,0.1388985
Turkey,3042,27745,Hazro,2023,0.15210527,0.13615593
Turkey,3042,27745,Hazro,2024,0.14364177,0.14123113
Turkey,3042,27746,Kocakoy,2015,0.1560401,0.13285923
Turkey,3042,27746,Kocakoy,2016,0.13876829,0.12948246
Turkey,3042,27746,Kocakoy,2017,0.14400901,0.13261455
Turkey,3042,27746,Kocakoy,2018,0.13768865,0.122479066
Turkey,3042,27746,Kocakoy,2019,0.11894023,0.13347617
Turkey,3042,27746,Kocakoy,2020,0.12903602,0.13121128
Turkey,3042,27746,Kocakoy,2021,0.14028004,0.13804983
Turkey,3042,27746,Kocakoy,2022,0.13861121,0.13939036
Turkey,3042,27746,Kocakoy,2023,0.14403865,0.14369419
Turkey,3042,27746,Kocakoy,2024,0.14911023,0.1404532
Turkey,3042,27747,Kulp,2015,0.15580063,0.1252108
Turkey,3042,27747,Kulp,2016,0.16931373,0.15361774
Turkey,3042,27747,Kulp,2017,0.16452937,0.15551353
Turkey,3042,27747,Kulp,2018,0.16416341,0.15151124
Turkey,3042,27747,Kulp,2019,0.16212924,0.14882329
Turkey,3042,27747,Kulp,2020,0.15792276,0.13734144
Turkey,3042,27747,Kulp,2021,0.160308,0.15465732
Turkey,3042,27747,Kulp,2022,0.15780589,0.15812194
Turkey,3042,27747,Kulp,2023,0.15730447,0.14932355
Turkey,3042,27747,Kulp,2024,0.17011136,0.14895517
Turkey,3042,27748,Lice,2015,0.15682311,0.12369117
Turkey,3042,27748,Lice,2016,0.15618551,0.1335961
Turkey,3042,27748,Lice,2017,0.17205277,0.15545595
Turkey,3042,27748,Lice,2018,0.17600629,0.15923816
Turkey,3042,27748,Lice,2019,0.19213122,0.17104259
Turkey,3042,27748,Lice,2020,0.1724028,0.14530271
Turkey,3042,27748,Lice,2021,0.16947868,0.14678168
Turkey,3042,27748,Lice,2022,0.17474243,0.15703847
Turkey,3042,27748,Lice,2023,0.16870901,0.14274156
Turkey,3042,27748,Lice,2024,0.17397285,0.14248879
Turkey,3042,27749,Merkez,2015,0.078122064,0.071954
Turkey,3042,27749,Merkez,2016,0.07666024,0.07238111
Turkey,3042,27749,Merkez,2017,0.07816178,0.07250332
Turkey,3042,27749,Merkez,2018,0.0744943,0.07035303
Turkey,3042,27749,Merkez,2019,0.073891446,0.06763227
Turkey,3042,27749,Merkez,2020,0.07455881,0.068016715
Turkey,3042,27749,Merkez,2021,0.07560202,0.06768061
Turkey,3042,27749,Merkez,2022,0.07432061,0.06731922
Turkey,3042,27749,Merkez,2023,0.071395025,0.064424664
Turkey,3042,27749,Merkez,2024,0.07763218,0.07305564
Turkey,3042,27750,Silvan,2015,0.14637944,0.094238155
Turkey,3042,27750,Silvan,2016,0.12307733,0.09520897
Turkey,3042,27750,Silvan,2017,0.112130806,0.09328237
Turkey,3042,27750,Silvan,2018,0.11947963,0.09682236
Turkey,3042,27750,Silvan,2019,0.1277196,0.10601983
Turkey,3042,27750,Silvan,2020,0.12881422,0.10675625
Turkey,3042,27750,Silvan,2021,0.11472045,0.10392323
Turkey,3042,27750,Silvan,2022,0.10211057,0.0951758
Turkey,3042,27750,Silvan,2023,0.106584854,0.09651548
Turkey,3042,27750,Silvan,2024,0.121523276,0.10277864
Turkey,3043,27751,Enez,2015,0.2189911,0.19820367
Turkey,3043,27751,Enez,2016,0.220871,0.2027817
Turkey,3043,27751,Enez,2017,0.20380498,0.18834293
Turkey,3043,27751,Enez,2018,0.1883858,0.16152512
Turkey,3043,27751,Enez,2019,0.21864548,0.20653853
Turkey,3043,27751,Enez,2020,0.21717986,0.1998362
Turkey,3043,27751,Enez,2021,0.21371156,0.20362997
Turkey,3043,27751,Enez,2022,0.2249779,0.20776096
Turkey,3043,27751,Enez,2023,0.19151671,0.17712215
Turkey,3043,27751,Enez,2024,0.2127958,0.19725122
Turkey,3043,27752,Havsa,2015,0.11698404,0.059692513
Turkey,3043,27752,Havsa,2016,0.113809615,0.059658423
Turkey,3043,27752,Havsa,2017,0.11374317,0.059658423
Turkey,3043,27752,Havsa,2018,0.10646242,0.06081266
Turkey,3043,27752,Havsa,2019,0.109862596,0.0628531
Turkey,3043,27752,Havsa,2020,0.12482916,0.072461754
Turkey,3043,27752,Havsa,2021,0.13456194,0.077103734
Turkey,3043,27752,Havsa,2022,0.13305555,0.07756349
Turkey,3043,27752,Havsa,2023,0.114996806,0.07860682
Turkey,3043,27752,Havsa,2024,0.11880912,0.08051132
Turkey,3043,27753,Ipsala,2015,0.12731716,0.098595664
Turkey,3043,27753,Ipsala,2016,0.13365301,0.10758965
Turkey,3043,27753,Ipsala,2017,0.13202211,0.10235136
Turkey,3043,27753,Ipsala,2018,0.13665971,0.107307956
Turkey,3043,27753,Ipsala,2019,0.13130668,0.10044878
Turkey,3043,27753,Ipsala,2020,0.1426388,0.11617677
Turkey,3043,27753,Ipsala,2021,0.11795813,0.09787377
Turkey,3043,27753,Ipsala,2022,0.11756162,0.09515979
Turkey,3043,27753,Ipsala,2023,0.09373246,0.090445064
Turkey,3043,27753,Ipsala,2024,0.09559162,0.09293084
Turkey,3043,27754,Kesan,2015,0.17057814,0.10618995
Turkey,3043,27754,Kesan,2016,0.15350008,0.09012901
Turkey,3043,27754,Kesan,2017,0.1299607,0.08269817
Turkey,3043,27754,Kesan,2018,0.16623789,0.100783475
Turkey,3043,27754,Kesan,2019,0.16211691,0.09820214
Turkey,3043,27754,Kesan,2020,0.15790857,0.09486542
Turkey,3043,27754,Kesan,2021,0.119295895,0.073201805
Turkey,3043,27754,Kesan,2022,0.11010477,0.07121432
Turkey,3043,27754,Kesan,2023,0.10051874,0.071374856
Turkey,3043,27754,Kesan,2024,0.10361796,0.07167488
Turkey,3043,27755,Lalapasa,2015,0.16888995,0.099312104
Turkey,3043,27755,Lalapasa,2016,0.17194688,0.09048852
Turkey,3043,27755,Lalapasa,2017,0.15843764,0.08776842
Turkey,3043,27755,Lalapasa,2018,0.15655418,0.08315882
Turkey,3043,27755,Lalapasa,2019,0.18601811,0.11225709
Turkey,3043,27755,Lalapasa,2020,0.19260837,0.10915743
Turkey,3043,27755,Lalapasa,2021,0.18465517,0.114138186
Turkey,3043,27755,Lalapasa,2022,0.191774,0.1253897
Turkey,3043,27755,Lalapasa,2023,0.18449767,0.12688063
Turkey,3043,27755,Lalapasa,2024,0.19056202,0.13360192
Turkey,3043,27756,Meric,2015,0.17556903,0.14242372
Turkey,3043,27756,Meric,2016,0.17397636,0.119054906
Turkey,3043,27756,Meric,2017,0.16276942,0.112731814
Turkey,3043,27756,Meric,2018,0.1694364,0.1265508
Turkey,3043,27756,Meric,2019,0.16683185,0.12577748
Turkey,3043,27756,Meric,2020,0.17544413,0.11548665
Turkey,3043,27756,Meric,2021,0.16844556,0.12785906
Turkey,3043,27756,Meric,2022,0.15977563,0.11789049
Turkey,3043,27756,Meric,2023,0.13861574,0.12168057
Turkey,3043,27756,Meric,2024,0.15101358,0.12760009
Turkey,3043,27757,Merkez,2015,0.0816796,0.0730623
Turkey,3043,27757,Merkez,2016,0.08728398,0.07827405
Turkey,3043,27757,Merkez,2017,0.08564051,0.07663064
Turkey,3043,27757,Merkez,2018,0.082404524,0.07339464
Turkey,3043,27757,Merkez,2019,0.08310102,0.07409113
Turkey,3043,27757,Merkez,2020,0.08576939,0.076759525
Turkey,3043,27757,Merkez,2021,0.084930986,0.07592109
Turkey,3043,27757,Merkez,2022,0.087557115,0.078230366
Turkey,3043,27757,Merkez,2023,0.08751514,0.07842125
Turkey,3043,27757,Merkez,2024,0.078559,0.073590286
Turkey,3043,27758,Suleoglu,2015,0.15562458,0.123366445
Turkey,3043,27758,Suleoglu,2016,0.1526313,0.09613778
Turkey,3043,27758,Suleoglu,2017,0.16923083,0.11344238
Turkey,3043,27758,Suleoglu,2018,0.17592877,0.11025907
Turkey,3043,27758,Suleoglu,2019,0.16560155,0.11898981
Turkey,3043,27758,Suleoglu,2020,0.16833444,0.110828996
Turkey,3043,27758,Suleoglu,2021,0.14456305,0.10205126
Turkey,3043,27758,Suleoglu,2022,0.17162958,0.12416192
Turkey,3043,27758,Suleoglu,2023,0.14108047,0.11324442
Turkey,3043,27758,Suleoglu,2024,0.15452869,0.12520969
Turkey,3043,27759,Uzunkopru,2015,0.13852546,0.09975327
Turkey,3043,27759,Uzunkopru,2016,0.13154343,0.09316688
Turkey,3043,27759,Uzunkopru,2017,0.13132435,0.09586997
Turkey,3043,27759,Uzunkopru,2018,0.13241026,0.09734033
Turkey,3043,27759,Uzunkopru,2019,0.12808506,0.10164922
Turkey,3043,27759,Uzunkopru,2020,0.13636199,0.09304452
Turkey,3043,27759,Uzunkopru,2021,0.13619812,0.097885214
Turkey,3043,27759,Uzunkopru,2022,0.1377405,0.09472942
Turkey,3043,27759,Uzunkopru,2023,0.110281676,0.0835662
Turkey,3043,27759,Uzunkopru,2024,0.09747785,0.08616808
Turkey,3044,27760,Agin,2015,0.1655367,0.13914636
Turkey,3044,27760,Agin,2016,0.16832839,0.15201487
Turkey,3044,27760,Agin,2017,0.16930667,0.15756074
Turkey,3044,27760,Agin,2018,0.1499226,0.14608209
Turkey,3044,27760,Agin,2019,0.1531297,0.14843974
Turkey,3044,27760,Agin,2020,0.15458877,0.15129259
Turkey,3044,27760,Agin,2021,0.15233281,0.15000007
Turkey,3044,27760,Agin,2022,0.15478685,0.15750521
Turkey,3044,27760,Agin,2023,0.1474074,0.14142191
Turkey,3044,27760,Agin,2024,0.14464954,0.13651864
Turkey,3044,27761,Alacakaya,2015,0.19169128,0.12702875
Turkey,3044,27761,Alacakaya,2016,0.19381991,0.15415183
Turkey,3044,27761,Alacakaya,2017,0.161065,0.12258047
Turkey,3044,27761,Alacakaya,2018,0.232691,0.16585808
Turkey,3044,27761,Alacakaya,2019,0.22168927,0.1815801
Turkey,3044,27761,Alacakaya,2020,0.1923432,0.14150982
Turkey,3044,27761,Alacakaya,2021,0.2006654,0.14776364
Turkey,3044,27761,Alacakaya,2022,0.19919127,0.16069451
Turkey,3044,27761,Alacakaya,2023,0.20454797,0.15933748
Turkey,3044,27761,Alacakaya,2024,0.2077331,0.15556175
Turkey,3044,27762,Aricak,2015,0.16133037,0.11503694
Turkey,3044,27762,Aricak,2016,0.1564813,0.1244798
Turkey,3044,27762,Aricak,2017,0.16361651,0.1279781
Turkey,3044,27762,Aricak,2018,0.15314989,0.12666227
Turkey,3044,27762,Aricak,2019,0.15175197,0.12866876
Turkey,3044,27762,Aricak,2020,0.14215994,0.107628174
Turkey,3044,27762,Aricak,2021,0.1540187,0.12120308
Turkey,3044,27762,Aricak,2022,0.1341176,0.10522197
Turkey,3044,27762,Aricak,2023,0.14838216,0.11659454
Turkey,3044,27762,Aricak,2024,0.13669258,0.10386523
Turkey,3044,27763,Baskil,2015,0.2577495,0.25127608
Turkey,3044,27763,Baskil,2016,0.26614904,0.25498128
Turkey,3044,27763,Baskil,2017,0.25605467,0.25201705
Turkey,3044,27763,Baskil,2018,0.23902042,0.25254887
Turkey,3044,27763,Baskil,2019,0.20292503,0.20082271
Turkey,3044,27763,Baskil,2020,0.2216018,0.22278726
Turkey,3044,27763,Baskil,2021,0.2146683,0.20707655
Turkey,3044,27763,Baskil,2022,0.22303462,0.2129964
Turkey,3044,27763,Baskil,2023,0.19519544,0.17491217
Turkey,3044,27763,Baskil,2024,0.19609194,0.18391797
Turkey,3044,27764,Karakocan,2015,0.16598448,0.11859633
Turkey,3044,27764,Karakocan,2016,0.15173374,0.1411041
Turkey,3044,27764,Karakocan,2017,0.16922337,0.15517032
Turkey,3044,27764,Karakocan,2018,0.16715093,0.14234808
Turkey,3044,27764,Karakocan,2019,0.17185473,0.14998122
Turkey,3044,27764,Karakocan,2020,0.16654205,0.14173384
Turkey,3044,27764,Karakocan,2021,0.17098466,0.14872366
Turkey,3044,27764,Karakocan,2022,0.17297134,0.15462989
Turkey,3044,27764,Karakocan,2023,0.16077864,0.13705972
Turkey,3044,27764,Karakocan,2024,0.16440314,0.14201324
Turkey,3044,27765,Keban,2015,0.17941943,0.07940254
Turkey,3044,27765,Keban,2016,0.1997431,0.124019206
Turkey,3044,27765,Keban,2017,0.19111112,0.12091823
Turkey,3044,27765,Keban,2018,0.16536084,0.09161414
Turkey,3044,27765,Keban,2019,0.16831076,0.0977079
Turkey,3044,27765,Keban,2020,0.18170384,0.09278597
Turkey,3044,27765,Keban,2021,0.19182493,0.10549983
Turkey,3044,27765,Keban,2022,0.19324413,0.10223403
Turkey,3044,27765,Keban,2023,0.1704553,0.096545234
Turkey,3044,27765,Keban,2024,0.17047611,0.09046291
Turkey,3044,27766,Kovancilar,2015,0.12961754,0.09617001
Turkey,3044,27766,Kovancilar,2016,0.13315748,0.10612147
Turkey,3044,27766,Kovancilar,2017,0.12040181,0.09841114
Turkey,3044,27766,Kovancilar,2018,0.10553302,0.08227682
Turkey,3044,27766,Kovancilar,2019,0.10317827,0.08398558
Turkey,3044,27766,Kovancilar,2020,0.10919935,0.08981493
Turkey,3044,27766,Kovancilar,2021,0.1031284,0.09068836
Turkey,3044,27766,Kovancilar,2022,0.112618,0.093431376
Turkey,3044,27766,Kovancilar,2023,0.11895614,0.086031035
Turkey,3044,27766,Kovancilar,2024,0.11705743,0.08894722
Turkey,3044,27767,Maden,2015,0.24059072,0.19244486
Turkey,3044,27767,Maden,2016,0.23337623,0.19507201
Turkey,3044,27767,Maden,2017,0.22926623,0.19775769
Turkey,3044,27767,Maden,2018,0.22935987,0.1872668
Turkey,3044,27767,Maden,2019,0.22049753,0.19218189
Turkey,3044,27767,Maden,2020,0.22084913,0.1908254
Turkey,3044,27767,Maden,2021,0.21522743,0.19366795
Turkey,3044,27767,Maden,2022,0.21492234,0.18946828
Turkey,3044,27767,Maden,2023,0.21738528,0.18717897
Turkey,3044,27767,Maden,2024,0.21878088,0.1886484
Turkey,3044,27768,Merkez,2015,0.12551785,0.071824744
Turkey,3044,27768,Merkez,2016,0.114381954,0.068851694
Turkey,3044,27768,Merkez,2017,0.10441911,0.08054703
Turkey,3044,27768,Merkez,2018,0.0911472,0.067000106
Turkey,3044,27768,Merkez,2019,0.09590568,0.069428265
Turkey,3044,27768,Merkez,2020,0.09941441,0.06967748
Turkey,3044,27768,Merkez,2021,0.0909594,0.06852186
Turkey,3044,27768,Merkez,2022,0.08020008,0.0675386
Turkey,3044,27768,Merkez,2023,0.092590556,0.07674348
Turkey,3044,27768,Merkez,2024,0.08893078,0.0742948
Turkey,3044,27769,Palu,2015,0.2006753,0.19783683
Turkey,3044,27769,Palu,2016,0.2077521,0.19900152
Turkey,3044,27769,Palu,2017,0.19431928,0.1813989
Turkey,3044,27769,Palu,2018,0.22063369,0.2196666
Turkey,3044,27769,Palu,2019,0.17282988,0.18158862
Turkey,3044,27769,Palu,2020,0.17961174,0.17478898
Turkey,3044,27769,Palu,2021,0.18531066,0.17839137
Turkey,3044,27769,Palu,2022,0.16612,0.16232549
Turkey,3044,27769,Palu,2023,0.19446862,0.17895466
Turkey,3044,27769,Palu,2024,0.17264172,0.16092372
Turkey,3044,27770,Sivrice,2015,0.21234068,0.15918483
Turkey,3044,27770,Sivrice,2016,0.23512197,0.19583803
Turkey,3044,27770,Sivrice,2017,0.20929585,0.17325379
Turkey,3044,27770,Sivrice,2018,0.24141753,0.19118583
Turkey,3044,27770,Sivrice,2019,0.23395494,0.20701802
Turkey,3044,27770,Sivrice,2020,0.22087136,0.15671965
Turkey,3044,27770,Sivrice,2021,0.21321239,0.14859477
Turkey,3044,27770,Sivrice,2022,0.20747891,0.13432705
Turkey,3044,27770,Sivrice,2023,0.21660253,0.15175414
Turkey,3044,27770,Sivrice,2024,0.21056014,0.13583757
Turkey,3045,27771,Cayirli,2015,0.21486774,0.19679844
Turkey,3045,27771,Cayirli,2016,0.2169713,0.19015631
Turkey,3045,27771,Cayirli,2017,0.2141738,0.20153913
Turkey,3045,27771,Cayirli,2018,0.21234551,0.18154643
Turkey,3045,27771,Cayirli,2019,0.21259919,0.18507683
Turkey,3045,27771,Cayirli,2020,0.2169997,0.19739589
Turkey,3045,27771,Cayirli,2021,0.21589178,0.19352013
Turkey,3045,27771,Cayirli,2022,0.20653537,0.19241273
Turkey,3045,27771,Cayirli,2023,0.19844455,0.15962246
Turkey,3045,27771,Cayirli,2024,0.21422133,0.17535917
Turkey,3045,27772,Ilic,2015,0.19752258,0.16128606
Turkey,3045,27772,Ilic,2016,0.2111164,0.18010768
Turkey,3045,27772,Ilic,2017,0.2088362,0.18441692
Turkey,3045,27772,Ilic,2018,0.20958216,0.18821493
Turkey,3045,27772,Ilic,2019,0.22616029,0.20392588
Turkey,3045,27772,Ilic,2020,0.21188581,0.19034404
Turkey,3045,27772,Ilic,2021,0.2102999,0.18688889
Turkey,3045,27772,Ilic,2022,0.2133089,0.19136603
Turkey,3045,27772,Ilic,2023,0.22530584,0.1992774
Turkey,3045,27772,Ilic,2024,0.2083932,0.1946256
Turkey,3045,27774,Kemaliye,2015,0.24237059,0.17223191
Turkey,3045,27774,Kemaliye,2016,0.24092135,0.17066899
Turkey,3045,27774,Kemaliye,2017,0.23802793,0.1804673
Turkey,3045,27774,Kemaliye,2018,0.27564535,0.2321833
Turkey,3045,27774,Kemaliye,2019,0.2773583,0.22197156
Turkey,3045,27774,Kemaliye,2020,0.26626837,0.21403551
Turkey,3045,27774,Kemaliye,2021,0.2452344,0.19170317
Turkey,3045,27774,Kemaliye,2022,0.24659076,0.19293669
Turkey,3045,27774,Kemaliye,2023,0.22520232,0.1792002
Turkey,3045,27774,Kemaliye,2024,0.23237467,0.18080994
Turkey,3045,27775,Merkez,2015,0.07718828,0.071819566
Turkey,3045,27775,Merkez,2016,0.079536095,0.071680576
Turkey,3045,27775,Merkez,2017,0.079450645,0.07159513
Turkey,3045,27775,Merkez,2018,0.077120274,0.069333136
Turkey,3045,27775,Merkez,2019,0.07667868,0.068891555
Turkey,3045,27775,Merkez,2020,0.07667868,0.068891555
Turkey,3045,27775,Merkez,2021,0.07821433,0.070427194
Turkey,3045,27775,Merkez,2022,0.07708007,0.06869977
Turkey,3045,27775,Merkez,2023,0.07728087,0.069493756
Turkey,3045,27775,Merkez,2024,0.07547772,0.06769061
Turkey,3045,27776,Otlukbeli,2015,0.21154408,0.20153235
Turkey,3045,27776,Otlukbeli,2016,0.19766536,0.17353785
Turkey,3045,27776,Otlukbeli,2017,0.20957923,0.19711375
Turkey,3045,27776,Otlukbeli,2018,0.19431624,0.18106705
Turkey,3045,27776,Otlukbeli,2019,0.2036353,0.17686158
Turkey,3045,27776,Otlukbeli,2020,0.19372301,0.1702853
Turkey,3045,27776,Otlukbeli,2021,0.21164222,0.20162454
Turkey,3045,27776,Otlukbeli,2022,0.22430511,0.19888765
Turkey,3045,27776,Otlukbeli,2023,0.19579169,0.1538141
Turkey,3045,27776,Otlukbeli,2024,0.2030805,0.17850968
Turkey,3045,27777,Refahiye,2015,0.24528158,0.17803314
Turkey,3045,27777,Refahiye,2016,0.24152285,0.17694327
Turkey,3045,27777,Refahiye,2017,0.247639,0.1964336
Turkey,3045,27777,Refahiye,2018,0.23281875,0.20719422
Turkey,3045,27777,Refahiye,2019,0.23439598,0.19907337
Turkey,3045,27777,Refahiye,2020,0.2482953,0.18173647
Turkey,3045,27777,Refahiye,2021,0.2407335,0.18030041
Turkey,3045,27777,Refahiye,2022,0.2370728,0.20758384
Turkey,3045,27777,Refahiye,2023,0.23636654,0.18924287
Turkey,3045,27777,Refahiye,2024,0.22753565,0.19942282
Turkey,3045,27778,Tercan,2015,0.20110601,0.15878272
Turkey,3045,27778,Tercan,2016,0.21643254,0.17558715
Turkey,3045,27778,Tercan,2017,0.20773189,0.17209888
Turkey,3045,27778,Tercan,2018,0.22068477,0.17130397
Turkey,3045,27778,Tercan,2019,0.21345344,0.17111862
Turkey,3045,27778,Tercan,2020,0.21138208,0.16390562
Turkey,3045,27778,Tercan,2021,0.21551184,0.17678696
Turkey,3045,27778,Tercan,2022,0.21391687,0.17700037
Turkey,3045,27778,Tercan,2023,0.21672715,0.16876617
Turkey,3045,27778,Tercan,2024,0.22097111,0.17365311
Turkey,3045,27779,Uzumlu,2015,0.24002323,0.20009401
Turkey,3045,27779,Uzumlu,2016,0.23730835,0.20793107
Turkey,3045,27779,Uzumlu,2017,0.23199505,0.2070843
Turkey,3045,27779,Uzumlu,2018,0.22426286,0.19113553
Turkey,3045,27779,Uzumlu,2019,0.22538699,0.19560775
Turkey,3045,27779,Uzumlu,2020,0.23983455,0.21812803
Turkey,3045,27779,Uzumlu,2021,0.23298706,0.21789217
Turkey,3045,27779,Uzumlu,2022,0.22911087,0.2124281
Turkey,3045,27779,Uzumlu,2023,0.22211638,0.19284645
Turkey,3045,27779,Uzumlu,2024,0.2236943,0.20251845
Turkey,3046,27780,Askale,2015,0.15114118,0.08768495
Turkey,3046,27780,Askale,2016,0.1474885,0.09178376
Turkey,3046,27780,Askale,2017,0.15896747,0.11207339
Turkey,3046,27780,Askale,2018,0.16511908,0.10477503
Turkey,3046,27780,Askale,2019,0.1505105,0.09409085
Turkey,3046,27780,Askale,2020,0.14241123,0.0848291
Turkey,3046,27780,Askale,2021,0.16128436,0.12097536
Turkey,3046,27780,Askale,2022,0.13326256,0.082143985
Turkey,3046,27780,Askale,2023,0.13594021,0.07921336
Turkey,3046,27780,Askale,2024,0.15726142,0.08680795
Turkey,3046,27781,Cat,2015,0.1623956,0.10963027
Turkey,3046,27781,Cat,2016,0.17727877,0.12133412
Turkey,3046,27781,Cat,2017,0.18606207,0.15099326
Turkey,3046,27781,Cat,2018,0.18373346,0.12926805
Turkey,3046,27781,Cat,2019,0.19159168,0.1593683
Turkey,3046,27781,Cat,2020,0.19344419,0.12417133
Turkey,3046,27781,Cat,2021,0.20255119,0.17112799
Turkey,3046,27781,Cat,2022,0.20136529,0.12727527
Turkey,3046,27781,Cat,2023,0.19455726,0.13087858
Turkey,3046,27781,Cat,2024,0.20079565,0.14170022
Turkey,3046,27782,Hinis,2015,0.16403587,0.13818878
Turkey,3046,27782,Hinis,2016,0.1622797,0.14101207
Turkey,3046,27782,Hinis,2017,0.17466787,0.16109759
Turkey,3046,27782,Hinis,2018,0.17497668,0.1467422
Turkey,3046,27782,Hinis,2019,0.15757042,0.15014532
Turkey,3046,27782,Hinis,2020,0.17853843,0.16014014
Turkey,3046,27782,Hinis,2021,0.1545592,0.14100596
Turkey,3046,27782,Hinis,2022,0.15901977,0.15259224
Turkey,3046,27782,Hinis,2023,0.17024286,0.13373278
Turkey,3046,27782,Hinis,2024,0.179458,0.15256695
Turkey,3046,27783,Horasan,2015,0.1574062,0.12419082
Turkey,3046,27783,Horasan,2016,0.14049435,0.090189695
Turkey,3046,27783,Horasan,2017,0.15563671,0.12940994
Turkey,3046,27783,Horasan,2018,0.15524068,0.11039627
Turkey,3046,27783,Horasan,2019,0.1600036,0.1316961
Turkey,3046,27783,Horasan,2020,0.1498582,0.099122286
Turkey,3046,27783,Horasan,2021,0.16131641,0.14092442
Turkey,3046,27783,Horasan,2022,0.14715336,0.102587104
Turkey,3046,27783,Horasan,2023,0.14120284,0.07373395
Turkey,3046,27783,Horasan,2024,0.14641812,0.080205984
Turkey,3046,27784,Ilica,2015,0.16263774,0.10239477
Turkey,3046,27784,Ilica,2016,0.17558114,0.109827414
Turkey,3046,27784,Ilica,2017,0.17563412,0.1274971
Turkey,3046,27784,Ilica,2018,0.17368034,0.1129843
Turkey,3046,27784,Ilica,2019,0.17674424,0.13244657
Turkey,3046,27784,Ilica,2020,0.17374703,0.11346269
Turkey,3046,27784,Ilica,2021,0.17681581,0.1289906
Turkey,3046,27784,Ilica,2022,0.17236386,0.10814824
Turkey,3046,27784,Ilica,2023,0.17625263,0.10518281
Turkey,3046,27784,Ilica,2024,0.18480171,0.11192341
Turkey,3046,27785,Ispir,2015,0.18415657,0.11908484
Turkey,3046,27785,Ispir,2016,0.19077463,0.11387923
Turkey,3046,27785,Ispir,2017,0.19998726,0.13625823
Turkey,3046,27785,Ispir,2018,0.20526096,0.13575703
Turkey,3046,27785,Ispir,2019,0.22034761,0.14665596
Turkey,3046,27785,Ispir,2020,0.20859116,0.1352875
Turkey,3046,27785,Ispir,2021,0.21167666,0.14860728
Turkey,3046,27785,Ispir,2022,0.20840505,0.12619661
Turkey,3046,27785,Ispir,2023,0.21222067,0.12897061
Turkey,3046,27785,Ispir,2024,0.21767655,0.13323246
Turkey,3046,27786,Karacoban,2015,0.15079911,0.100242406
Turkey,3046,27786,Karacoban,2016,0.14826573,0.09981458
Turkey,3046,27786,Karacoban,2017,0.15545802,0.1026132
Turkey,3046,27786,Karacoban,2018,0.15958807,0.091091804
Turkey,3046,27786,Karacoban,2019,0.16336676,0.1313567
Turkey,3046,27786,Karacoban,2020,0.1612543,0.10182333
Turkey,3046,27786,Karacoban,2021,0.16066627,0.12078272
Turkey,3046,27786,Karacoban,2022,0.17171437,0.11597145
Turkey,3046,27786,Karacoban,2023,0.14013955,0.089753956
Turkey,3046,27786,Karacoban,2024,0.12390727,0.06618922
Turkey,3046,27787,Karayazi,2015,0.22167107,0.2049183
Turkey,3046,27787,Karayazi,2016,0.22291744,0.20737492
Turkey,3046,27787,Karayazi,2017,0.21761626,0.20665243
Turkey,3046,27787,Karayazi,2018,0.18665384,0.16400343
Turkey,3046,27787,Karayazi,2019,0.2313821,0.22085448
Turkey,3046,27787,Karayazi,2020,0.21718353,0.20290975
Turkey,3046,27787,Karayazi,2021,0.2238853,0.21806133
Turkey,3046,27787,Karayazi,2022,0.21697864,0.1995427
Turkey,3046,27787,Karayazi,2023,0.21032614,0.1680687
Turkey,3046,27787,Karayazi,2024,0.19739947,0.16276681
Turkey,3046,27788,Koprukoy,2015,0.21000934,0.17486502
Turkey,3046,27788,Koprukoy,2016,0.19822384,0.15848386
Turkey,3046,27788,Koprukoy,2017,0.20606184,0.18388635
Turkey,3046,27788,Koprukoy,2018,0.20343602,0.18166825
Turkey,3046,27788,Koprukoy,2019,0.2020958,0.18326755
Turkey,3046,27788,Koprukoy,2020,0.19971111,0.16854188
Turkey,3046,27788,Koprukoy,2021,0.21458332,0.18311426
Turkey,3046,27788,Koprukoy,2022,0.19776027,0.16065972
Turkey,3046,27788,Koprukoy,2023,0.1899142,0.14288987
Turkey,3046,27788,Koprukoy,2024,0.19043547,0.14114606
Turkey,3046,27789,Merkez,2015,0.09064089,0.08369703
Turkey,3046,27789,Merkez,2016,0.08930397,0.08236012
Turkey,3046,27789,Merkez,2017,0.091439225,0.08545539
Turkey,3046,27789,Merkez,2018,0.09077645,0.082946725
Turkey,3046,27789,Merkez,2019,0.08038418,0.07440034
Turkey,3046,27789,Merkez,2020,0.08175641,0.073019154
Turkey,3046,27789,Merkez,2021,0.081479415,0.076013885
Turkey,3046,27789,Merkez,2022,0.07104881,0.06541957
Turkey,3046,27789,Merkez,2023,0.07467192,0.07088561
Turkey,3046,27789,Merkez,2024,0.07123651,0.065806136
Turkey,3046,27790,Narman,2015,0.21222524,0.19025244
Turkey,3046,27790,Narman,2016,0.21052493,0.18419674
Turkey,3046,27790,Narman,2017,0.215231,0.20017938
Turkey,3046,27790,Narman,2018,0.19618881,0.16160882
Turkey,3046,27790,Narman,2019,0.20733188,0.19351709
Turkey,3046,27790,Narman,2020,0.20641759,0.17614168
Turkey,3046,27790,Narman,2021,0.2063415,0.18887667
Turkey,3046,27790,Narman,2022,0.19812039,0.16493976
Turkey,3046,27790,Narman,2023,0.20734927,0.1939443
Turkey,3046,27790,Narman,2024,0.21447164,0.17806515
Turkey,3046,27791,Oltu,2015,0.22140816,0.17306869
Turkey,3046,27791,Oltu,2016,0.21436667,0.15762153
Turkey,3046,27791,Oltu,2017,0.21128537,0.18279593
Turkey,3046,27791,Oltu,2018,0.20675465,0.1492899
Turkey,3046,27791,Oltu,2019,0.21290445,0.16575584
Turkey,3046,27791,Oltu,2020,0.21565896,0.1619961
Turkey,3046,27791,Oltu,2021,0.21326908,0.17171663
Turkey,3046,27791,Oltu,2022,0.21065643,0.15497984
Turkey,3046,27791,Oltu,2023,0.21203655,0.15353125
Turkey,3046,27791,Oltu,2024,0.21527828,0.15162778
Turkey,3046,27792,Olur,2015,0.17160049,0.10624343
Turkey,3046,27792,Olur,2016,0.1781963,0.123240486
Turkey,3046,27792,Olur,2017,0.17879531,0.118922114
Turkey,3046,27792,Olur,2018,0.17050312,0.103682645
Turkey,3046,27792,Olur,2019,0.17606598,0.10863285
Turkey,3046,27792,Olur,2020,0.1748738,0.110011876
Turkey,3046,27792,Olur,2021,0.17640069,0.10837195
Turkey,3046,27792,Olur,2022,0.1670042,0.10738645
Turkey,3046,27792,Olur,2023,0.17230327,0.10618688
Turkey,3046,27792,Olur,2024,0.17464061,0.1119031
Turkey,3046,27793,Pasinler,2015,0.16020826,0.09335601
Turkey,3046,27793,Pasinler,2016,0.14596318,0.07568237
Turkey,3046,27793,Pasinler,2017,0.14658305,0.08347936
Turkey,3046,27793,Pasinler,2018,0.16764599,0.09318008
Turkey,3046,27793,Pasinler,2019,0.17599718,0.12597954
Turkey,3046,27793,Pasinler,2020,0.16948521,0.094896294
Turkey,3046,27793,Pasinler,2021,0.167198,0.11238521
Turkey,3046,27793,Pasinler,2022,0.15809098,0.0873725
Turkey,3046,27793,Pasinler,2023,0.1564515,0.0822321
Turkey,3046,27793,Pasinler,2024,0.13963968,0.07765418
Turkey,3046,27795,Senkaya,2015,0.19004296,0.16490133
Turkey,3046,27795,Senkaya,2016,0.20849255,0.16379644
Turkey,3046,27795,Senkaya,2017,0.21575847,0.18814906
Turkey,3046,27795,Senkaya,2018,0.20134166,0.16957754
Turkey,3046,27795,Senkaya,2019,0.21572995,0.18927175
Turkey,3046,27795,Senkaya,2020,0.20369692,0.16629323
Turkey,3046,27795,Senkaya,2021,0.21180344,0.18503715
Turkey,3046,27795,Senkaya,2022,0.20751223,0.16817167
Turkey,3046,27795,Senkaya,2023,0.20534101,0.16645405
Turkey,3046,27795,Senkaya,2024,0.18740162,0.1504319
Turkey,3046,27796,Tekman,2015,0.17272131,0.1272094
Turkey,3046,27796,Tekman,2016,0.17556642,0.13140026
Turkey,3046,27796,Tekman,2017,0.18502495,0.16577101
Turkey,3046,27796,Tekman,2018,0.13684751,0.092393145
Turkey,3046,27796,Tekman,2019,0.1864636,0.18103683
Turkey,3046,27796,Tekman,2020,0.17272073,0.12162332
Turkey,3046,27796,Tekman,2021,0.17648588,0.13855915
Turkey,3046,27796,Tekman,2022,0.17992327,0.1340824
Turkey,3046,27796,Tekman,2023,0.17324026,0.12487954
Turkey,3046,27796,Tekman,2024,0.1769548,0.1334619
Turkey,3046,27797,Tortum,2015,0.24652833,0.22232457
Turkey,3046,27797,Tortum,2016,0.23354442,0.20866624
Turkey,3046,27797,Tortum,2017,0.24139859,0.22347511
Turkey,3046,27797,Tortum,2018,0.23337206,0.21465766
Turkey,3046,27797,Tortum,2019,0.24808249,0.23124091
Turkey,3046,27797,Tortum,2020,0.24328627,0.22498018
Turkey,3046,27797,Tortum,2021,0.25819004,0.2353001
Turkey,3046,27797,Tortum,2022,0.23929897,0.21333848
Turkey,3046,27797,Tortum,2023,0.24646059,0.2243967
Turkey,3046,27797,Tortum,2024,0.24016497,0.20866787
Turkey,3046,27798,Uzundere,2015,0.19786564,0.1599586
Turkey,3046,27798,Uzundere,2016,0.20127563,0.16387196
Turkey,3046,27798,Uzundere,2017,0.20589708,0.16887647
Turkey,3046,27798,Uzundere,2018,0.23204008,0.18905586
Turkey,3046,27798,Uzundere,2019,0.2302441,0.18843627
Turkey,3046,27798,Uzundere,2020,0.2247039,0.18584654
Turkey,3046,27798,Uzundere,2021,0.22748059,0.18862122
Turkey,3046,27798,Uzundere,2022,0.22497767,0.18433732
Turkey,3046,27798,Uzundere,2023,0.22360855,0.1824874
Turkey,3046,27798,Uzundere,2024,0.23088855,0.18412869
Turkey,3047,27799,Alpu,2015,0.18715155,0.1410588
Turkey,3047,27799,Alpu,2016,0.19250193,0.14604458
Turkey,3047,27799,Alpu,2017,0.19359064,0.14764911
Turkey,3047,27799,Alpu,2018,0.1975273,0.14664412
Turkey,3047,27799,Alpu,2019,0.18853712,0.14311314
Turkey,3047,27799,Alpu,2020,0.19324651,0.14174698
Turkey,3047,27799,Alpu,2021,0.18235102,0.13557367
Turkey,3047,27799,Alpu,2022,0.19202352,0.14393839
Turkey,3047,27799,Alpu,2023,0.18792233,0.13658533
Turkey,3047,27799,Alpu,2024,0.19083555,0.13868332
Turkey,3047,27800,Beylikova,2015,0.18648785,0.1157752
Turkey,3047,27800,Beylikova,2016,0.1883899,0.12729008
Turkey,3047,27800,Beylikova,2017,0.20252395,0.12798843
Turkey,3047,27800,Beylikova,2018,0.20742643,0.13493638
Turkey,3047,27800,Beylikova,2019,0.20250942,0.13496982
Turkey,3047,27800,Beylikova,2020,0.20690808,0.1426519
Turkey,3047,27800,Beylikova,2021,0.20920092,0.14000554
Turkey,3047,27800,Beylikova,2022,0.20700046,0.12472844
Turkey,3047,27800,Beylikova,2023,0.19711944,0.12775998
Turkey,3047,27800,Beylikova,2024,0.19241683,0.12471785
Turkey,3047,27801,Cifteler,2015,0.17434889,0.14640789
Turkey,3047,27801,Cifteler,2016,0.17515445,0.1446811
Turkey,3047,27801,Cifteler,2017,0.16894133,0.14094633
Turkey,3047,27801,Cifteler,2018,0.16249886,0.13124794
Turkey,3047,27801,Cifteler,2019,0.16314393,0.13432416
Turkey,3047,27801,Cifteler,2020,0.17659381,0.15045702
Turkey,3047,27801,Cifteler,2021,0.16876924,0.1429224
Turkey,3047,27801,Cifteler,2022,0.18602747,0.15962973
Turkey,3047,27801,Cifteler,2023,0.17140765,0.1424638
Turkey,3047,27801,Cifteler,2024,0.17084402,0.14949308
Turkey,3047,27802,Gunyuzu,2015,0.17682916,0.120870784
Turkey,3047,27802,Gunyuzu,2016,0.1911971,0.13874958
Turkey,3047,27802,Gunyuzu,2017,0.1900697,0.14047645
Turkey,3047,27802,Gunyuzu,2018,0.1833191,0.13200389
Turkey,3047,27802,Gunyuzu,2019,0.18772356,0.14035392
Turkey,3047,27802,Gunyuzu,2020,0.1973581,0.14641629
Turkey,3047,27802,Gunyuzu,2021,0.19353765,0.14099397
Turkey,3047,27802,Gunyuzu,2022,0.19138324,0.13545601
Turkey,3047,27802,Gunyuzu,2023,0.1886977,0.14188121
Turkey,3047,27802,Gunyuzu,2024,0.1946575,0.1440276
Turkey,3047,27803,Han,2015,0.15241113,0.1179726
Turkey,3047,27803,Han,2016,0.17890795,0.15390095
Turkey,3047,27803,Han,2017,0.16619222,0.13994841
Turkey,3047,27803,Han,2018,0.18345529,0.1387632
Turkey,3047,27803,Han,2019,0.16528004,0.14341106
Turkey,3047,27803,Han,2020,0.18519402,0.16527107
Turkey,3047,27803,Han,2021,0.1612997,0.1273252
Turkey,3047,27803,Han,2022,0.19827473,0.16755338
Turkey,3047,27803,Han,2023,0.15042265,0.11781074
Turkey,3047,27803,Han,2024,0.20669362,0.18004574
Turkey,3047,27804,Inonu,2015,0.19819763,0.15286845
Turkey,3047,27804,Inonu,2016,0.2053903,0.15838192
Turkey,3047,27804,Inonu,2017,0.1982797,0.16048981
Turkey,3047,27804,Inonu,2018,0.19735223,0.16428979
Turkey,3047,27804,Inonu,2019,0.19480383,0.17192148
Turkey,3047,27804,Inonu,2020,0.1957945,0.16724046
Turkey,3047,27804,Inonu,2021,0.18434486,0.15524182
Turkey,3047,27804,Inonu,2022,0.1903325,0.16193411
Turkey,3047,27804,Inonu,2023,0.18734649,0.15721682
Turkey,3047,27804,Inonu,2024,0.19833508,0.17280397
Turkey,3047,27805,Mahmudiye,2015,0.1936962,0.13021502
Turkey,3047,27805,Mahmudiye,2016,0.18575677,0.13315025
Turkey,3047,27805,Mahmudiye,2017,0.17560136,0.12363704
Turkey,3047,27805,Mahmudiye,2018,0.19062296,0.1352251
Turkey,3047,27805,Mahmudiye,2019,0.17835209,0.12349002
Turkey,3047,27805,Mahmudiye,2020,0.17108378,0.12251471
Turkey,3047,27805,Mahmudiye,2021,0.17957765,0.12236126
Turkey,3047,27805,Mahmudiye,2022,0.17337583,0.11712803
Turkey,3047,27805,Mahmudiye,2023,0.17044729,0.117861524
Turkey,3047,27805,Mahmudiye,2024,0.16907266,0.117440514
Turkey,3047,27806,Merkez,2015,0.08304467,0.07481389
Turkey,3047,27806,Merkez,2016,0.075396076,0.072175935
Turkey,3047,27806,Merkez,2017,0.083349176,0.07511839
Turkey,3047,27806,Merkez,2018,0.081679255,0.07344849
Turkey,3047,27806,Merkez,2019,0.07908803,0.068999894
Turkey,3047,27806,Merkez,2020,0.07792209,0.06932487
Turkey,3047,27806,Merkez,2021,0.078189686,0.07113808
Turkey,3047,27806,Merkez,2022,0.08449975,0.078449875
Turkey,3047,27806,Merkez,2023,0.074054874,0.070022106
Turkey,3047,27806,Merkez,2024,0.07394536,0.07035496
Turkey,3047,27807,Mihalgazi,2015,0.18725577,0.15779117
Turkey,3047,27807,Mihalgazi,2016,0.18553725,0.15978672
Turkey,3047,27807,Mihalgazi,2017,0.19916636,0.16420963
Turkey,3047,27807,Mihalgazi,2018,0.19311813,0.17735454
Turkey,3047,27807,Mihalgazi,2019,0.19576901,0.1809158
Turkey,3047,27807,Mihalgazi,2020,0.19881955,0.18002993
Turkey,3047,27807,Mihalgazi,2021,0.19267362,0.17676637
Turkey,3047,27807,Mihalgazi,2022,0.17889827,0.1506455
Turkey,3047,27807,Mihalgazi,2023,0.15757857,0.14811713
Turkey,3047,27807,Mihalgazi,2024,0.16278628,0.14677903
Turkey,3047,27808,Mihaliccik,2015,0.23111293,0.16383839
Turkey,3047,27808,Mihaliccik,2016,0.2247837,0.15088195
Turkey,3047,27808,Mihaliccik,2017,0.2405427,0.17816353
Turkey,3047,27808,Mihaliccik,2018,0.22901231,0.16592944
Turkey,3047,27808,Mihaliccik,2019,0.2370368,0.17936456
Turkey,3047,27808,Mihaliccik,2020,0.25274962,0.20191213
Turkey,3047,27808,Mihaliccik,2021,0.2590391,0.21905722
Turkey,3047,27808,Mihaliccik,2022,0.26786256,0.21784616
Turkey,3047,27808,Mihaliccik,2023,0.24544263,0.17326073
Turkey,3047,27808,Mihaliccik,2024,0.25740612,0.21470594
Turkey,3047,27809,Saricakaya,2015,0.18546976,0.15467435
Turkey,3047,27809,Saricakaya,2016,0.17662919,0.14913917
Turkey,3047,27809,Saricakaya,2017,0.18310636,0.14959744
Turkey,3047,27809,Saricakaya,2018,0.16336575,0.1396454
Turkey,3047,27809,Saricakaya,2019,0.17575097,0.1569261
Turkey,3047,27809,Saricakaya,2020,0.18292727,0.15314928
Turkey,3047,27809,Saricakaya,2021,0.16111624,0.12929009
Turkey,3047,27809,Saricakaya,2022,0.1723255,0.13254052
Turkey,3047,27809,Saricakaya,2023,0.13760439,0.11247955
Turkey,3047,27809,Saricakaya,2024,0.1298891,0.09934124
Turkey,3047,27810,Seyitgazi,2015,0.19078311,0.12467096
Turkey,3047,27810,Seyitgazi,2016,0.19687095,0.138102
Turkey,3047,27810,Seyitgazi,2017,0.19902201,0.14099708
Turkey,3047,27810,Seyitgazi,2018,0.18708494,0.14134896
Turkey,3047,27810,Seyitgazi,2019,0.18549292,0.1568982
Turkey,3047,27810,Seyitgazi,2020,0.17930228,0.163026
Turkey,3047,27810,Seyitgazi,2021,0.18517101,0.15570268
Turkey,3047,27810,Seyitgazi,2022,0.18743391,0.14895485
Turkey,3047,27810,Seyitgazi,2023,0.19204387,0.14695254
Turkey,3047,27810,Seyitgazi,2024,0.18800507,0.14920697
Turkey,3047,27811,Sivrihisar,2015,0.20485464,0.15283594
Turkey,3047,27811,Sivrihisar,2016,0.22502205,0.18291655
Turkey,3047,27811,Sivrihisar,2017,0.22244304,0.18640988
Turkey,3047,27811,Sivrihisar,2018,0.20574006,0.16400325
Turkey,3047,27811,Sivrihisar,2019,0.2092805,0.16731879
Turkey,3047,27811,Sivrihisar,2020,0.19918525,0.16498159
Turkey,3047,27811,Sivrihisar,2021,0.19999227,0.16225193
Turkey,3047,27811,Sivrihisar,2022,0.20468813,0.16418372
Turkey,3047,27811,Sivrihisar,2023,0.19066317,0.15225449
Turkey,3047,27811,Sivrihisar,2024,0.19614168,0.16365123
Turkey,3048,27812,Araban,2015,0.13085681,0.114968896
Turkey,3048,27812,Araban,2016,0.11547168,0.11496243
Turkey,3048,27812,Araban,2017,0.13050058,0.11685868
Turkey,3048,27812,Araban,2018,0.14186332,0.11892252
Turkey,3048,27812,Araban,2019,0.12988049,0.112250835
Turkey,3048,27812,Araban,2020,0.11861828,0.09570075
Turkey,3048,27812,Araban,2021,0.11441731,0.078176804
Turkey,3048,27812,Araban,2022,0.11074154,0.08302144
Turkey,3048,27812,Araban,2023,0.10449597,0.07018172
Turkey,3048,27812,Araban,2024,0.11143015,0.08342726
Turkey,3048,27813,Islahiye,2015,0.14236423,0.12384265
Turkey,3048,27813,Islahiye,2016,0.13121596,0.12038092
Turkey,3048,27813,Islahiye,2017,0.13486177,0.11819672
Turkey,3048,27813,Islahiye,2018,0.15763807,0.1304327
Turkey,3048,27813,Islahiye,2019,0.13817938,0.120783515
Turkey,3048,27813,Islahiye,2020,0.1267519,0.10319241
Turkey,3048,27813,Islahiye,2021,0.11513054,0.10389861
Turkey,3048,27813,Islahiye,2022,0.115509674,0.103002
Turkey,3048,27813,Islahiye,2023,0.11853721,0.10453598
Turkey,3048,27813,Islahiye,2024,0.12613651,0.10428385
Turkey,3048,27814,Kargamis,2015,0.15862468,0.1416795
Turkey,3048,27814,Kargamis,2016,0.14231686,0.15087777
Turkey,3048,27814,Kargamis,2017,0.1330331,0.15257338
Turkey,3048,27814,Kargamis,2018,0.16931793,0.16533922
Turkey,3048,27814,Kargamis,2019,0.15503235,0.12357542
Turkey,3048,27814,Kargamis,2020,0.15126719,0.13331586
Turkey,3048,27814,Kargamis,2021,0.13712688,0.11326053
Turkey,3048,27814,Kargamis,2022,0.11895173,0.11448418
Turkey,3048,27814,Kargamis,2023,0.12316295,0.09042142
Turkey,3048,27814,Kargamis,2024,0.13223022,0.10069315
Turkey,3048,27815,Nizip,2015,0.07065965,0.06616788
Turkey,3048,27815,Nizip,2016,0.072121404,0.072896
Turkey,3048,27815,Nizip,2017,0.072034664,0.072809264
Turkey,3048,27815,Nizip,2018,0.087588735,0.072631314
Turkey,3048,27815,Nizip,2019,0.07603437,0.065063894
Turkey,3048,27815,Nizip,2020,0.07142537,0.06533756
Turkey,3048,27815,Nizip,2021,0.070744425,0.06920503
Turkey,3048,27815,Nizip,2022,0.07537839,0.074215844
Turkey,3048,27815,Nizip,2023,0.076583266,0.07219747
Turkey,3048,27815,Nizip,2024,0.07737868,0.07374084
Turkey,3048,27816,Nurdagi,2015,0.14321539,0.13128865
Turkey,3048,27816,Nurdagi,2016,0.13622533,0.12186152
Turkey,3048,27816,Nurdagi,2017,0.15721187,0.14152855
Turkey,3048,27816,Nurdagi,2018,0.15069824,0.12352745
Turkey,3048,27816,Nurdagi,2019,0.13642582,0.11048522
Turkey,3048,27816,Nurdagi,2020,0.1580586,0.13695082
Turkey,3048,27816,Nurdagi,2021,0.16878013,0.15721692
Turkey,3048,27816,Nurdagi,2022,0.17404127,0.16120599
Turkey,3048,27816,Nurdagi,2023,0.18039359,0.17440693
Turkey,3048,27816,Nurdagi,2024,0.1669373,0.15435088
Turkey,3048,27817,Oguzeli,2015,0.18977761,0.16255265
Turkey,3048,27817,Oguzeli,2016,0.16938274,0.13996239
Turkey,3048,27817,Oguzeli,2017,0.16954607,0.13492118
Turkey,3048,27817,Oguzeli,2018,0.17703414,0.15552916
Turkey,3048,27817,Oguzeli,2019,0.16032016,0.1328724
Turkey,3048,27817,Oguzeli,2020,0.17317633,0.14277217
Turkey,3048,27817,Oguzeli,2021,0.16614518,0.13657627
Turkey,3048,27817,Oguzeli,2022,0.15124163,0.12532958
Turkey,3048,27817,Oguzeli,2023,0.15762737,0.12598078
Turkey,3048,27817,Oguzeli,2024,0.15240797,0.120693065
Turkey,3048,27818,Sahinbey,2015,0.07894366,0.0722582
Turkey,3048,27818,Sahinbey,2016,0.07804006,0.07616982
Turkey,3048,27818,Sahinbey,2017,0.07804006,0.07145364
Turkey,3048,27818,Sahinbey,2018,0.07879852,0.07392765
Turkey,3048,27818,Sahinbey,2019,0.0784099,0.07353903
Turkey,3048,27818,Sahinbey,2020,0.07328756,0.07067963
Turkey,3048,27818,Sahinbey,2021,0.07316705,0.07055912
Turkey,3048,27818,Sahinbey,2022,0.07521745,0.07135326
Turkey,3048,27818,Sahinbey,2023,0.07405109,0.071443155
Turkey,3048,27818,Sahinbey,2024,0.07313429,0.07098565
Turkey,3048,27819,Sehitkamil,2015,0.076834716,0.071494296
Turkey,3048,27819,Sehitkamil,2016,0.07678207,0.07438183
Turkey,3048,27819,Sehitkamil,2017,0.07601957,0.07361932
Turkey,3048,27819,Sehitkamil,2018,0.07503992,0.071414754
Turkey,3048,27819,Sehitkamil,2019,0.074832365,0.0707479
Turkey,3048,27819,Sehitkamil,2020,0.07632105,0.07051009
Turkey,3048,27819,Sehitkamil,2021,0.0770467,0.07212122
Turkey,3048,27819,Sehitkamil,2022,0.07818844,0.07531765
Turkey,3048,27819,Sehitkamil,2023,0.07740662,0.0718872
Turkey,3048,27819,Sehitkamil,2024,0.07338851,0.0674542
Turkey,3048,27820,Yavuzeli,2015,0.1340369,0.1196105
Turkey,3048,27820,Yavuzeli,2016,0.11288781,0.12930627
Turkey,3048,27820,Yavuzeli,2017,0.12444379,0.12265083
Turkey,3048,27820,Yavuzeli,2018,0.15468995,0.14187966
Turkey,3048,27820,Yavuzeli,2019,0.13634984,0.1270965
Turkey,3048,27820,Yavuzeli,2020,0.12763388,0.11166771
Turkey,3048,27820,Yavuzeli,2021,0.13397014,0.12553363
Turkey,3048,27820,Yavuzeli,2022,0.12522256,0.13021654
Turkey,3048,27820,Yavuzeli,2023,0.1263686,0.09789375
Turkey,3048,27820,Yavuzeli,2024,0.12988243,0.109240524
Turkey,3049,27821,Alucra,2015,0.1413009,0.084561475
Turkey,3049,27821,Alucra,2016,0.1614811,0.102547415
Turkey,3049,27821,Alucra,2017,0.18210113,0.13830535
Turkey,3049,27821,Alucra,2018,0.15918624,0.09845592
Turkey,3049,27821,Alucra,2019,0.17003176,0.119962215
Turkey,3049,27821,Alucra,2020,0.18081325,0.13246855
Turkey,3049,27821,Alucra,2021,0.16790596,0.11384997
Turkey,3049,27821,Alucra,2022,0.16213274,0.11981398
Turkey,3049,27821,Alucra,2023,0.15231757,0.10541083
Turkey,3049,27821,Alucra,2024,0.15498951,0.10996948
Turkey,3049,27822,Bulancak,2015,0.18322614,0.12621062
Turkey,3049,27822,Bulancak,2016,0.1415171,0.08950816
Turkey,3049,27822,Bulancak,2017,0.11108455,0.085893735
Turkey,3049,27822,Bulancak,2018,0.11181432,0.082042195
Turkey,3049,27822,Bulancak,2019,0.07029011,0.060047586
Turkey,3049,27822,Bulancak,2020,0.069859035,0.058370207
Turkey,3049,27822,Bulancak,2021,0.069859035,0.058370207
Turkey,3049,27822,Bulancak,2022,0.07693827,0.06306445
Turkey,3049,27822,Bulancak,2023,0.07007207,0.06043085
Turkey,3049,27822,Bulancak,2024,0.06942036,0.05773141
Turkey,3049,27823,Camoluk,2015,0.17191681,0.10380092
Turkey,3049,27823,Camoluk,2016,0.17528015,0.11625303
Turkey,3049,27823,Camoluk,2017,0.15370384,0.08906346
Turkey,3049,27823,Camoluk,2018,0.14731343,0.08580446
Turkey,3049,27823,Camoluk,2019,0.15150091,0.08653487
Turkey,3049,27823,Camoluk,2020,0.15513822,0.085543215
Turkey,3049,27823,Camoluk,2021,0.1368576,0.07678747
Turkey,3049,27823,Camoluk,2022,0.1321351,0.072202474
Turkey,3049,27823,Camoluk,2023,0.1167905,0.062374108
Turkey,3049,27823,Camoluk,2024,0.118915424,0.06523799
Turkey,3049,27824,Canakci,2015,0.16558667,0.053756397
Turkey,3049,27824,Canakci,2016,0.16117908,0.065242365
Turkey,3049,27824,Canakci,2017,0.1609005,0.06578298
Turkey,3049,27824,Canakci,2018,0.21741018,0.106298916
Turkey,3049,27824,Canakci,2019,0.17565224,0.073754676
Turkey,3049,27824,Canakci,2020,0.16584611,0.08186142
Turkey,3049,27824,Canakci,2021,0.177748,0.08475297
Turkey,3049,27824,Canakci,2022,0.15353397,0.08239535
Turkey,3049,27824,Canakci,2023,0.1861544,0.07555737
Turkey,3049,27824,Canakci,2024,0.18455836,0.08243631
Turkey,3049,27826,Dogankent,2015,0.13630944,0.04901878
Turkey,3049,27826,Dogankent,2016,0.17356537,0.09997415
Turkey,3049,27826,Dogankent,2017,0.17201374,0.08936382
Turkey,3049,27826,Dogankent,2018,0.19371143,0.088869445
Turkey,3049,27826,Dogankent,2019,0.17829044,0.09688634
Turkey,3049,27826,Dogankent,2020,0.1697784,0.08405417
Turkey,3049,27826,Dogankent,2021,0.16874564,0.097532645
Turkey,3049,27826,Dogankent,2022,0.13851294,0.08704947
Turkey,3049,27826,Dogankent,2023,0.16068721,0.08228658
Turkey,3049,27826,Dogankent,2024,0.1570102,0.09379469
Turkey,3049,27827,Espiye,2015,0.19160274,0.08198633
Turkey,3049,27827,Espiye,2016,0.20614094,0.12013379
Turkey,3049,27827,Espiye,2017,0.17343988,0.092479564
Turkey,3049,27827,Espiye,2018,0.21342345,0.11533925
Turkey,3049,27827,Espiye,2019,0.18574992,0.089027375
Turkey,3049,27827,Espiye,2020,0.16998732,0.09092526
Turkey,3049,27827,Espiye,2021,0.16121113,0.074001946
Turkey,3049,27827,Espiye,2022,0.14568081,0.071243815
Turkey,3049,27827,Espiye,2023,0.15618935,0.073637895
Turkey,3049,27827,Espiye,2024,0.15446779,0.06032332
Turkey,3049,27829,Gorele,2015,0.1582084,0.07540224
Turkey,3049,27829,Gorele,2016,0.15275007,0.07831362
Turkey,3049,27829,Gorele,2017,0.12173127,0.079731815
Turkey,3049,27829,Gorele,2018,0.15049902,0.0903064
Turkey,3049,27829,Gorele,2019,0.093656994,0.08180845
Turkey,3049,27829,Gorele,2020,0.078598365,0.063272975
Turkey,3049,27829,Gorele,2021,0.07418113,0.06327463
Turkey,3049,27829,Gorele,2022,0.08100574,0.06632589
Turkey,3049,27829,Gorele,2023,0.0774473,0.070969485
Turkey,3049,27829,Gorele,2024,0.0741213,0.06302853
Turkey,3049,27830,Guce,2015,0.161417,0.035849314
Turkey,3049,27830,Guce,2016,0.13902119,0.035439435
Turkey,3049,27830,Guce,2017,0.18153632,0.07955628
Turkey,3049,27830,Guce,2018,0.22872716,0.12143922
Turkey,3049,27830,Guce,2019,0.20031148,0.10388103
Turkey,3049,27830,Guce,2020,0.19585639,0.0924792
Turkey,3049,27830,Guce,2021,0.18731976,0.09885166
Turkey,3049,27830,Guce,2022,0.16260397,0.090698734
Turkey,3049,27830,Guce,2023,0.19888291,0.10484626
Turkey,3049,27830,Guce,2024,0.20089337,0.10501091
Turkey,3049,27831,Kesap,2015,0.20534092,0.07104982
Turkey,3049,27831,Kesap,2016,0.20490512,0.120982975
Turkey,3049,27831,Kesap,2017,0.200127,0.07934647
Turkey,3049,27831,Kesap,2018,0.21178856,0.09467809
Turkey,3049,27831,Kesap,2019,0.20412141,0.08716223
Turkey,3049,27831,Kesap,2020,0.1906242,0.074864425
Turkey,3049,27831,Kesap,2021,0.18227959,0.07273924
Turkey,3049,27831,Kesap,2022,0.14618692,0.067155495
Turkey,3049,27831,Kesap,2023,0.181701,0.078803316
Turkey,3049,27831,Kesap,2024,0.16994587,0.07389133
Turkey,3049,27832,Merkez,2015,0.07794588,0.07459704
Turkey,3049,27832,Merkez,2016,0.078899205,0.07088082
Turkey,3049,27832,Merkez,2017,0.07453488,0.06974902
Turkey,3049,27832,Merkez,2018,0.066670656,0.062779754
Turkey,3049,27832,Merkez,2019,0.06905173,0.06703699
Turkey,3049,27832,Merkez,2020,0.06796511,0.0657817
Turkey,3049,27832,Merkez,2021,0.06690679,0.066051
Turkey,3049,27832,Merkez,2022,0.06879931,0.067305945
Turkey,3049,27832,Merkez,2023,0.06253485,0.063178025
Turkey,3049,27832,Merkez,2024,0.061371263,0.060866237
Turkey,3049,27833,Piraziz,2015,0.23665375,0.094217665
Turkey,3049,27833,Piraziz,2016,0.23858596,0.14169987
Turkey,3049,27833,Piraziz,2017,0.24704579,0.08644497
Turkey,3049,27833,Piraziz,2018,0.25892776,0.2093952
Turkey,3049,27833,Piraziz,2019,0.21110779,0.115939796
Turkey,3049,27833,Piraziz,2020,0.17358883,0.08226776
Turkey,3049,27833,Piraziz,2021,0.117190436,0.07571392
Turkey,3049,27833,Piraziz,2022,0.13300928,0.075816974
Turkey,3049,27833,Piraziz,2023,0.1638733,0.076567546
Turkey,3049,27833,Piraziz,2024,0.17188513,0.07126942
Turkey,3049,27834,S.karahisar,2015,0.17665292,0.08663545
Turkey,3049,27834,S.karahisar,2016,0.17567366,0.09335078
Turkey,3049,27834,S.karahisar,2017,0.18674359,0.119038336
Turkey,3049,27834,S.karahisar,2018,0.18422726,0.12485397
Turkey,3049,27834,S.karahisar,2019,0.20017807,0.12621744
Turkey,3049,27834,S.karahisar,2020,0.2008525,0.14481355
Turkey,3049,27834,S.karahisar,2021,0.19032308,0.11603147
Turkey,3049,27834,S.karahisar,2022,0.2089616,0.15000397
Turkey,3049,27834,S.karahisar,2023,0.19907889,0.123524345
Turkey,3049,27834,S.karahisar,2024,0.20073491,0.13467938
Turkey,3049,27835,Tirebolu,2015,0.2536195,0.10421889
Turkey,3049,27835,Tirebolu,2016,0.2400541,0.11510021
Turkey,3049,27835,Tirebolu,2017,0.22985916,0.09825654
Turkey,3049,27835,Tirebolu,2018,0.26507556,0.1368288
Turkey,3049,27835,Tirebolu,2019,0.2235851,0.0882491
Turkey,3049,27835,Tirebolu,2020,0.2141661,0.11406852
Turkey,3049,27835,Tirebolu,2021,0.20046614,0.08568824
Turkey,3049,27835,Tirebolu,2022,0.18846047,0.0888774
Turkey,3049,27835,Tirebolu,2023,0.2339144,0.11765171
Turkey,3049,27835,Tirebolu,2024,0.21702984,0.10190655
Turkey,3049,27836,Yaglidere,2015,0.19246933,0.075042635
Turkey,3049,27836,Yaglidere,2016,0.17391635,0.08783977
Turkey,3049,27836,Yaglidere,2017,0.16569927,0.07465867
Turkey,3049,27836,Yaglidere,2018,0.20212018,0.08790571
Turkey,3049,27836,Yaglidere,2019,0.18472818,0.08249162
Turkey,3049,27836,Yaglidere,2020,0.17615134,0.073849626
Turkey,3049,27836,Yaglidere,2021,0.17720713,0.09304866
Turkey,3049,27836,Yaglidere,2022,0.15148568,0.06902562
Turkey,3049,27836,Yaglidere,2023,0.16140218,0.07578731
Turkey,3049,27836,Yaglidere,2024,0.1672743,0.06669304
Turkey,3050,27837,Kelkit,2015,0.18239167,0.1308412
Turkey,3050,27837,Kelkit,2016,0.1681875,0.119182914
Turkey,3050,27837,Kelkit,2017,0.16940539,0.13355187
Turkey,3050,27837,Kelkit,2018,0.16814408,0.11676931
Turkey,3050,27837,Kelkit,2019,0.19180769,0.14011185
Turkey,3050,27837,Kelkit,2020,0.17754814,0.12919806
Turkey,3050,27837,Kelkit,2021,0.17553332,0.12737101
Turkey,3050,27837,Kelkit,2022,0.16277954,0.11007695
Turkey,3050,27837,Kelkit,2023,0.16479515,0.096096635
Turkey,3050,27837,Kelkit,2024,0.16541132,0.1067288
Turkey,3050,27838,Kose,2015,0.19702305,0.19488038
Turkey,3050,27838,Kose,2016,0.20519498,0.19147564
Turkey,3050,27838,Kose,2017,0.2109834,0.22059125
Turkey,3050,27838,Kose,2018,0.17871194,0.18304974
Turkey,3050,27838,Kose,2019,0.1917687,0.20178264
Turkey,3050,27838,Kose,2020,0.19973192,0.19785252
Turkey,3050,27838,Kose,2021,0.1916115,0.1809567
Turkey,3050,27838,Kose,2022,0.20357172,0.2050625
Turkey,3050,27838,Kose,2023,0.17202216,0.16418397
Turkey,3050,27838,Kose,2024,0.17969951,0.18043238
Turkey,3050,27839,Kurtun,2015,0.19633073,0.09497006
Turkey,3050,27839,Kurtun,2016,0.21552603,0.10450935
Turkey,3050,27839,Kurtun,2017,0.2616888,0.15085936
Turkey,3050,27839,Kurtun,2018,0.25974077,0.14708546
Turkey,3050,27839,Kurtun,2019,0.26597196,0.1504282
Turkey,3050,27839,Kurtun,2020,0.24491146,0.13785113
Turkey,3050,27839,Kurtun,2021,0.2539552,0.1395655
Turkey,3050,27839,Kurtun,2022,0.23224175,0.13210365
Turkey,3050,27839,Kurtun,2023,0.2584286,0.141978
Turkey,3050,27839,Kurtun,2024,0.2631127,0.14388159
Turkey,3050,27840,Merkez,2015,0.22774315,0.15732491
Turkey,3050,27840,Merkez,2016,0.2161953,0.13975997
Turkey,3050,27840,Merkez,2017,0.229529,0.16724205
Turkey,3050,27840,Merkez,2018,0.22322035,0.1588201
Turkey,3050,27840,Merkez,2019,0.21972626,0.15170568
Turkey,3050,27840,Merkez,2020,0.2210238,0.15428947
Turkey,3050,27840,Merkez,2021,0.2096678,0.13744012
Turkey,3050,27840,Merkez,2022,0.20253605,0.12598914
Turkey,3050,27840,Merkez,2023,0.20554568,0.13059682
Turkey,3050,27840,Merkez,2024,0.20692149,0.13062465
Turkey,3050,27841,Siran,2015,0.20976935,0.16522968
Turkey,3050,27841,Siran,2016,0.22171175,0.17924869
Turkey,3050,27841,Siran,2017,0.21497819,0.17875448
Turkey,3050,27841,Siran,2018,0.21509477,0.19073868
Turkey,3050,27841,Siran,2019,0.21774167,0.19182293
Turkey,3050,27841,Siran,2020,0.2164087,0.19706592
Turkey,3050,27841,Siran,2021,0.21511868,0.18714644
Turkey,3050,27841,Siran,2022,0.19939305,0.16883439
Turkey,3050,27841,Siran,2023,0.19745433,0.15990649
Turkey,3050,27841,Siran,2024,0.20457757,0.16496678
Turkey,3050,27842,Torul,2015,0.18548095,0.10931494
Turkey,3050,27842,Torul,2016,0.22003242,0.14678524
Turkey,3050,27842,Torul,2017,0.22033753,0.14753161
Turkey,3050,27842,Torul,2018,0.23696285,0.14784375
Turkey,3050,27842,Torul,2019,0.23393294,0.14958665
Turkey,3050,27842,Torul,2020,0.22861403,0.14962319
Turkey,3050,27842,Torul,2021,0.22809285,0.14483431
Turkey,3050,27842,Torul,2022,0.22638759,0.15522222
Turkey,3050,27842,Torul,2023,0.22242117,0.13864632
Turkey,3050,27842,Torul,2024,0.23051426,0.14433162
Turkey,3051,27843,Cukurca,2015,0.18211888,0.17108984
Turkey,3051,27843,Cukurca,2016,0.15749674,0.14844923
Turkey,3051,27843,Cukurca,2017,0.14257555,0.1404097
Turkey,3051,27843,Cukurca,2018,0.14547592,0.1289676
Turkey,3051,27843,Cukurca,2019,0.15745409,0.1474877
Turkey,3051,27843,Cukurca,2020,0.13308343,0.12074809
Turkey,3051,27843,Cukurca,2021,0.12594712,0.11269359
Turkey,3051,27843,Cukurca,2022,0.122726746,0.107763395
Turkey,3051,27843,Cukurca,2023,0.12360358,0.107937224
Turkey,3051,27843,Cukurca,2024,0.13743502,0.12460211
Turkey,3051,27844,Merkez,2015,0.13793275,0.12016587
Turkey,3051,27844,Merkez,2016,0.119665936,0.11781682
Turkey,3051,27844,Merkez,2017,0.120587535,0.12212322
Turkey,3051,27844,Merkez,2018,0.11932684,0.11460603
Turkey,3051,27844,Merkez,2019,0.12537068,0.12567477
Turkey,3051,27844,Merkez,2020,0.12157344,0.123428576
Turkey,3051,27844,Merkez,2021,0.11741337,0.11595384
Turkey,3051,27844,Merkez,2022,0.12201269,0.123867825
Turkey,3051,27844,Merkez,2023,0.11348039,0.1149202
Turkey,3051,27844,Merkez,2024,0.11262924,0.11568812
Turkey,3051,27845,Semdinli,2015,0.27106166,0.22724167
Turkey,3051,27845,Semdinli,2016,0.22685866,0.2254636
Turkey,3051,27845,Semdinli,2017,0.23854722,0.2467336
Turkey,3051,27845,Semdinli,2018,0.25590816,0.24436793
Turkey,3051,27845,Semdinli,2019,0.24931511,0.257892
Turkey,3051,27845,Semdinli,2020,0.2391048,0.2516851
Turkey,3051,27845,Semdinli,2021,0.2337802,0.24803668
Turkey,3051,27845,Semdinli,2022,0.2303172,0.23910329
Turkey,3051,27845,Semdinli,2023,0.23750076,0.21740627
Turkey,3051,27845,Semdinli,2024,0.24455929,0.23031372
Turkey,3051,27846,Yuksekova,2015,0.19903687,0.14279738
Turkey,3051,27846,Yuksekova,2016,0.20306098,0.14410362
Turkey,3051,27846,Yuksekova,2017,0.17274264,0.12449996
Turkey,3051,27846,Yuksekova,2018,0.15001279,0.08421676
Turkey,3051,27846,Yuksekova,2019,0.14256513,0.1140294
Turkey,3051,27846,Yuksekova,2020,0.14669234,0.10579662
Turkey,3051,27846,Yuksekova,2021,0.1477912,0.09492871
Turkey,3051,27846,Yuksekova,2022,0.13776308,0.07535063
Turkey,3051,27846,Yuksekova,2023,0.15044418,0.07005985
Turkey,3051,27846,Yuksekova,2024,0.14059299,0.071910135
Turkey,3052,27847,Altinozu,2015,0.13401073,0.08457799
Turkey,3052,27847,Altinozu,2016,0.11745242,0.07981492
Turkey,3052,27847,Altinozu,2017,0.11129464,0.082111016
Turkey,3052,27847,Altinozu,2018,0.11841281,0.08637517
Turkey,3052,27847,Altinozu,2019,0.110016994,0.07663204
Turkey,3052,27847,Altinozu,2020,0.109727785,0.07804915
Turkey,3052,27847,Altinozu,2021,0.08992279,0.07820849
Turkey,3052,27847,Altinozu,2022,0.0822853,0.07571668
Turkey,3052,27847,Altinozu,2023,0.08816,0.081266835
Turkey,3052,27847,Altinozu,2024,0.094313785,0.0835655
Turkey,3052,27848,Belen,2015,0.09200046,0.07683978
Turkey,3052,27848,Belen,2016,0.07942171,0.07468529
Turkey,3052,27848,Belen,2017,0.07899658,0.070781514
Turkey,3052,27848,Belen,2018,0.07789852,0.073207565
Turkey,3052,27848,Belen,2019,0.07945684,0.07257652
Turkey,3052,27848,Belen,2020,0.08231152,0.12242838
Turkey,3052,27848,Belen,2021,0.08002713,0.07833815
Turkey,3052,27848,Belen,2022,0.076395676,0.071039446
Turkey,3052,27848,Belen,2023,0.0787526,0.07373328
Turkey,3052,27848,Belen,2024,0.081332386,0.07631306
Turkey,3052,27849,Dortyol,2015,0.05567805,0.038437136
Turkey,3052,27849,Dortyol,2016,0.067453794,0.054659337
Turkey,3052,27849,Dortyol,2017,0.06614251,0.054659337
Turkey,3052,27849,Dortyol,2018,0.051213548,0.042850062
Turkey,3052,27849,Dortyol,2019,0.061310954,0.04512682
Turkey,3052,27849,Dortyol,2020,0.050747108,0.037169147
Turkey,3052,27849,Dortyol,2021,0.04449797,0.040215716
Turkey,3052,27849,Dortyol,2022,0.029952683,0.027851382
Turkey,3052,27849,Dortyol,2023,0.033053484,0.027330367
Turkey,3052,27849,Dortyol,2024,0.03791084,0.03317196
Turkey,3052,27850,Erzin,2015,0.14621946,0.11494506
Turkey,3052,27850,Erzin,2016,0.13976464,0.10065703
Turkey,3052,27850,Erzin,2017,0.12708665,0.088657945
Turkey,3052,27850,Erzin,2018,0.13581088,0.07005307
Turkey,3052,27850,Erzin,2019,0.1314961,0.048232637
Turkey,3052,27850,Erzin,2020,0.13151509,0.046995744
Turkey,3052,27850,Erzin,2021,0.1269073,0.036024507
Turkey,3052,27850,Erzin,2022,0.10713807,0.023147918
Turkey,3052,27850,Erzin,2023,0.09264171,0.019977983
Turkey,3052,27850,Erzin,2024,0.07918498,0.024954418
Turkey,3052,27851,Hassa,2015,0.123998,0.09809105
Turkey,3052,27851,Hassa,2016,0.13827005,0.10489914
Turkey,3052,27851,Hassa,2017,0.12788337,0.09317888
Turkey,3052,27851,Hassa,2018,0.18786386,0.1598584
Turkey,3052,27851,Hassa,2019,0.13905302,0.11240717
Turkey,3052,27851,Hassa,2020,0.12772207,0.111253195
Turkey,3052,27851,Hassa,2021,0.11466459,0.08352713
Turkey,3052,27851,Hassa,2022,0.10694492,0.06857072
Turkey,3052,27851,Hassa,2023,0.1069746,0.06506913
Turkey,3052,27851,Hassa,2024,0.116135634,0.079592004
Turkey,3052,27852,Iskenderun,2015,0.037190903,0.030617017
Turkey,3052,27852,Iskenderun,2016,0.0383772,0.031168738
Turkey,3052,27852,Iskenderun,2017,0.03505118,0.029559234
Turkey,3052,27852,Iskenderun,2018,0.04635197,0.03888443
Turkey,3052,27852,Iskenderun,2019,0.041426104,0.03477525
Turkey,3052,27852,Iskenderun,2020,0.046057053,0.03838232
Turkey,3052,27852,Iskenderun,2021,0.037098635,0.029854579
Turkey,3052,27852,Iskenderun,2022,0.029131232,0.02386278
Turkey,3052,27852,Iskenderun,2023,0.032308526,0.02532355
Turkey,3052,27852,Iskenderun,2024,0.030857755,0.023872782
Turkey,3052,27853,Kirikhan,2015,0.14158012,0.11211507
Turkey,3052,27853,Kirikhan,2016,0.10717432,0.065372735
Turkey,3052,27853,Kirikhan,2017,0.116013795,0.093963616
Turkey,3052,27853,Kirikhan,2018,0.14205341,0.14973876
Turkey,3052,27853,Kirikhan,2019,0.12672696,0.10112495
Turkey,3052,27853,Kirikhan,2020,0.1255912,0.155924
Turkey,3052,27853,Kirikhan,2021,0.10756922,0.12456983
Turkey,3052,27853,Kirikhan,2022,0.09719385,0.10565743
Turkey,3052,27853,Kirikhan,2023,0.11082484,0.1194607
Turkey,3052,27853,Kirikhan,2024,0.10824862,0.088970244
Turkey,3052,27854,Kumlu,2015,0.13915361,0.10338941
Turkey,3052,27854,Kumlu,2016,0.16096002,0.1260872
Turkey,3052,27854,Kumlu,2017,0.13585529,0.09189013
Turkey,3052,27854,Kumlu,2018,0.14696503,0.11166798
Turkey,3052,27854,Kumlu,2019,0.16890886,0.12441175
Turkey,3052,27854,Kumlu,2020,0.27147365,0.26077688
Turkey,3052,27854,Kumlu,2021,0.2802322,0.30352628
Turkey,3052,27854,Kumlu,2022,0.26600862,0.27395463
Turkey,3052,27854,Kumlu,2023,0.26438868,0.25551513
Turkey,3052,27854,Kumlu,2024,0.21307859,0.17773163
Turkey,3052,27855,Merkez,2015,0.11519668,0.12198502
Turkey,3052,27855,Merkez,2016,0.10501061,0.090870984
Turkey,3052,27855,Merkez,2017,0.10143369,0.09061618
Turkey,3052,27855,Merkez,2018,0.10303532,0.091307566
Turkey,3052,27855,Merkez,2019,0.08514273,0.079550095
Turkey,3052,27855,Merkez,2020,0.09338577,0.090308085
Turkey,3052,27855,Merkez,2021,0.09180833,0.088410296
Turkey,3052,27855,Merkez,2022,0.08185847,0.07764377
Turkey,3052,27855,Merkez,2023,0.08011925,0.07828805
Turkey,3052,27855,Merkez,2024,0.09194642,0.08747575
Turkey,3052,27856,Reyhanli,2015,0.10180861,0.07376749
Turkey,3052,27856,Reyhanli,2016,0.10481578,0.074635975
Turkey,3052,27856,Reyhanli,2017,0.10152173,0.0739875
Turkey,3052,27856,Reyhanli,2018,0.1430307,0.09639539
Turkey,3052,27856,Reyhanli,2019,0.11928475,0.08836788
Turkey,3052,27856,Reyhanli,2020,0.11276681,0.08231145
Turkey,3052,27856,Reyhanli,2021,0.089432135,0.08006979
Turkey,3052,27856,Reyhanli,2022,0.081979334,0.07293382
Turkey,3052,27856,Reyhanli,2023,0.083935484,0.07615481
Turkey,3052,27856,Reyhanli,2024,0.08432595,0.07926281
Turkey,3052,27857,Samandagi,2015,0.16800109,0.1915425
Turkey,3052,27857,Samandagi,2016,0.16714613,0.19541305
Turkey,3052,27857,Samandagi,2017,0.15844128,0.19762251
Turkey,3052,27857,Samandagi,2018,0.15815066,0.18411228
Turkey,3052,27857,Samandagi,2019,0.1473339,0.14355475
Turkey,3052,27857,Samandagi,2020,0.143442,0.115356475
Turkey,3052,27857,Samandagi,2021,0.13666262,0.11874853
Turkey,3052,27857,Samandagi,2022,0.13202353,0.11474044
Turkey,3052,27857,Samandagi,2023,0.121431105,0.099773414
Turkey,3052,27857,Samandagi,2024,0.1293912,0.100105524
Turkey,3052,27858,Yayladagi,2015,0.17541572,0.13272248
Turkey,3052,27858,Yayladagi,2016,0.21624807,0.20342234
Turkey,3052,27858,Yayladagi,2017,0.21398586,0.21226403
Turkey,3052,27858,Yayladagi,2018,0.17609242,0.16965245
Turkey,3052,27858,Yayladagi,2019,0.16275431,0.1545366
Turkey,3052,27858,Yayladagi,2020,0.18450573,0.1777763
Turkey,3052,27858,Yayladagi,2021,0.18408138,0.17640476
Turkey,3052,27858,Yayladagi,2022,0.18508539,0.18066975
Turkey,3052,27858,Yayladagi,2023,0.17614308,0.14592198
Turkey,3052,27858,Yayladagi,2024,0.18478787,0.143657
Turkey,3053,27859,Anamur,2015,0.17703496,0.13949367
Turkey,3053,27859,Anamur,2016,0.15551388,0.09557299
Turkey,3053,27859,Anamur,2017,0.14511384,0.09377351
Turkey,3053,27859,Anamur,2018,0.15703149,0.104593426
Turkey,3053,27859,Anamur,2019,0.14975984,0.098173134
Turkey,3053,27859,Anamur,2020,0.15466323,0.1040216
Turkey,3053,27859,Anamur,2021,0.12847447,0.09172184
Turkey,3053,27859,Anamur,2022,0.10779023,0.08961199
Turkey,3053,27859,Anamur,2023,0.104294874,0.085165076
Turkey,3053,27859,Anamur,2024,0.11693303,0.08680933
Turkey,3053,27860,Aydincik,2015,0.22560984,0.14249156
Turkey,3053,27860,Aydincik,2016,0.22675249,0.14364639
Turkey,3053,27860,Aydincik,2017,0.22386485,0.14075008
Turkey,3053,27860,Aydincik,2018,0.24412456,0.17112711
Turkey,3053,27860,Aydincik,2019,0.23773277,0.15615089
Turkey,3053,27860,Aydincik,2020,0.23455313,0.16311592
Turkey,3053,27860,Aydincik,2021,0.23280936,0.16048889
Turkey,3053,27860,Aydincik,2022,0.22008309,0.14750734
Turkey,3053,27860,Aydincik,2023,0.24616322,0.17676905
Turkey,3053,27860,Aydincik,2024,0.24860033,0.18974549
Turkey,3053,27861,Bozyazi,2015,0.28759813,0.2362952
Turkey,3053,27861,Bozyazi,2016,0.2730435,0.22086471
Turkey,3053,27861,Bozyazi,2017,0.24944761,0.20165944
Turkey,3053,27861,Bozyazi,2018,0.26077285,0.222359
Turkey,3053,27861,Bozyazi,2019,0.23079857,0.19540131
Turkey,3053,27861,Bozyazi,2020,0.22499229,0.20298928
Turkey,3053,27861,Bozyazi,2021,0.22074848,0.19298218
Turkey,3053,27861,Bozyazi,2022,0.20214611,0.1681214
Turkey,3053,27861,Bozyazi,2023,0.18689616,0.1571736
Turkey,3053,27861,Bozyazi,2024,0.21591377,0.19340058
Turkey,3053,27862,Camliyayla,2015,0.20919475,0.16811737
Turkey,3053,27862,Camliyayla,2016,0.22253157,0.19965172
Turkey,3053,27862,Camliyayla,2017,0.22410157,0.22057155
Turkey,3053,27862,Camliyayla,2018,0.20384306,0.16289999
Turkey,3053,27862,Camliyayla,2019,0.2268588,0.1897346
Turkey,3053,27862,Camliyayla,2020,0.2184673,0.20339778
Turkey,3053,27862,Camliyayla,2021,0.19233038,0.16451831
Turkey,3053,27862,Camliyayla,2022,0.18898532,0.16206662
Turkey,3053,27862,Camliyayla,2023,0.18830884,0.13919598
Turkey,3053,27862,Camliyayla,2024,0.17830053,0.12199398
Turkey,3053,27863,Erdemli,2015,0.1755327,0.10411858
Turkey,3053,27863,Erdemli,2016,0.1869832,0.11876933
Turkey,3053,27863,Erdemli,2017,0.1706388,0.091550365
Turkey,3053,27863,Erdemli,2018,0.18708378,0.09856284
Turkey,3053,27863,Erdemli,2019,0.16883439,0.098919906
Turkey,3053,27863,Erdemli,2020,0.17077276,0.098919906
Turkey,3053,27863,Erdemli,2021,0.1454487,0.088334344
Turkey,3053,27863,Erdemli,2022,0.12845968,0.0914752
Turkey,3053,27863,Erdemli,2023,0.14497463,0.091893256
Turkey,3053,27863,Erdemli,2024,0.14605524,0.087989055
Turkey,3053,27864,Gulnar,2015,0.2612134,0.25224108
Turkey,3053,27864,Gulnar,2016,0.26554066,0.25469977
Turkey,3053,27864,Gulnar,2017,0.2600454,0.25254196
Turkey,3053,27864,Gulnar,2018,0.26792473,0.25685942
Turkey,3053,27864,Gulnar,2019,0.27535948,0.26741183
Turkey,3053,27864,Gulnar,2020,0.2756883,0.26821452
Turkey,3053,27864,Gulnar,2021,0.28010723,0.26619494
Turkey,3053,27864,Gulnar,2022,0.25339112,0.23732552
Turkey,3053,27864,Gulnar,2023,0.2851404,0.2594568
Turkey,3053,27864,Gulnar,2024,0.2918566,0.2805218
Turkey,3053,27865,Merkez,2015,0.08597988,0.07400725
Turkey,3053,27865,Merkez,2016,0.07759187,0.073749416
Turkey,3053,27865,Merkez,2017,0.07759187,0.073749416
Turkey,3053,27865,Merkez,2018,0.083840415,0.07851512
Turkey,3053,27865,Merkez,2019,0.08077158,0.0771628
Turkey,3053,27865,Merkez,2020,0.079365686,0.07229774
Turkey,3053,27865,Merkez,2021,0.0725236,0.065913394
Turkey,3053,27865,Merkez,2022,0.071590886,0.073206626
Turkey,3053,27865,Merkez,2023,0.071590886,0.07264857
Turkey,3053,27865,Merkez,2024,0.07368646,0.07354449
Turkey,3053,27866,Mut,2015,0.22428897,0.16097462
Turkey,3053,27866,Mut,2016,0.21963713,0.17327513
Turkey,3053,27866,Mut,2017,0.21831411,0.16017559
Turkey,3053,27866,Mut,2018,0.21006799,0.13066077
Turkey,3053,27866,Mut,2019,0.19857731,0.11224893
Turkey,3053,27866,Mut,2020,0.19488007,0.10720147
Turkey,3053,27866,Mut,2021,0.20364425,0.12129141
Turkey,3053,27866,Mut,2022,0.18280706,0.10035624
Turkey,3053,27866,Mut,2023,0.17207265,0.10026389
Turkey,3053,27866,Mut,2024,0.18241362,0.09964221
Turkey,3053,27867,Silifke,2015,0.16165824,0.1046639
Turkey,3053,27867,Silifke,2016,0.1546749,0.09176257
Turkey,3053,27867,Silifke,2017,0.14036645,0.08781283
Turkey,3053,27867,Silifke,2018,0.15367767,0.10140475
Turkey,3053,27867,Silifke,2019,0.1626647,0.10859022
Turkey,3053,27867,Silifke,2020,0.15176308,0.099320024
Turkey,3053,27867,Silifke,2021,0.13931322,0.09823368
Turkey,3053,27867,Silifke,2022,0.11097781,0.08182445
Turkey,3053,27867,Silifke,2023,0.11157522,0.08735239
Turkey,3053,27867,Silifke,2024,0.12219052,0.09251585
Turkey,3053,27868,Tarsus,2015,0.07764293,0.07268399
Turkey,3053,27868,Tarsus,2016,0.07610373,0.07082057
Turkey,3053,27868,Tarsus,2017,0.074813664,0.069208205
Turkey,3053,27868,Tarsus,2018,0.076658,0.070781685
Turkey,3053,27868,Tarsus,2019,0.07968256,0.070347875
Turkey,3053,27868,Tarsus,2020,0.078853585,0.069672324
Turkey,3053,27868,Tarsus,2021,0.080454275,0.06816765
Turkey,3053,27868,Tarsus,2022,0.07291374,0.0679838
Turkey,3053,27868,Tarsus,2023,0.075643115,0.06838567
Turkey,3053,27868,Tarsus,2024,0.074631445,0.06920235
Turkey,3054,27869,Aralik,2015,0.21606418,0.11329863
Turkey,3054,27869,Aralik,2016,0.21154091,0.11443598
Turkey,3054,27869,Aralik,2017,0.20815483,0.16415933
Turkey,3054,27869,Aralik,2018,0.22346903,0.13981986
Turkey,3054,27869,Aralik,2019,0.21827404,0.1080376
Turkey,3054,27869,Aralik,2020,0.21162163,0.11125556
Turkey,3054,27869,Aralik,2021,0.2120108,0.12508747
Turkey,3054,27869,Aralik,2022,0.21194357,0.1309349
Turkey,3054,27869,Aralik,2023,0.21483937,0.114883676
Turkey,3054,27869,Aralik,2024,0.20676225,0.11404752
Turkey,3054,27870,Karakoyunlu,2015,0.17339627,0.100561105
Turkey,3054,27870,Karakoyunlu,2016,0.14286596,0.10440632
Turkey,3054,27870,Karakoyunlu,2017,0.12645978,0.1041976
Turkey,3054,27870,Karakoyunlu,2018,0.15206999,0.100123
Turkey,3054,27870,Karakoyunlu,2019,0.13743646,0.08595688
Turkey,3054,27870,Karakoyunlu,2020,0.11035499,0.06773121
Turkey,3054,27870,Karakoyunlu,2021,0.11143635,0.0701261
Turkey,3054,27870,Karakoyunlu,2022,0.101885565,0.07263844
Turkey,3054,27870,Karakoyunlu,2023,0.10020085,0.072700165
Turkey,3054,27870,Karakoyunlu,2024,0.09730003,0.07086478
Turkey,3054,27871,Merkez,2015,0.12793532,0.11009143
Turkey,3054,27871,Merkez,2016,0.12779988,0.08088306
Turkey,3054,27871,Merkez,2017,0.097403176,0.07257389
Turkey,3054,27871,Merkez,2018,0.095540784,0.10973768
Turkey,3054,27871,Merkez,2019,0.090773776,0.07254136
Turkey,3054,27871,Merkez,2020,0.08997341,0.07499752
Turkey,3054,27871,Merkez,2021,0.07780295,0.068909734
Turkey,3054,27871,Merkez,2022,0.07655302,0.06856354
Turkey,3054,27871,Merkez,2023,0.08534968,0.07843671
Turkey,3054,27871,Merkez,2024,0.08457076,0.07721302
Turkey,3054,27872,Tuzluca,2015,0.2173065,0.17111245
Turkey,3054,27872,Tuzluca,2016,0.20379409,0.14828432
Turkey,3054,27872,Tuzluca,2017,0.19669613,0.15735433
Turkey,3054,27872,Tuzluca,2018,0.18736205,0.121152595
Turkey,3054,27872,Tuzluca,2019,0.20797537,0.17108537
Turkey,3054,27872,Tuzluca,2020,0.20785889,0.16414951
Turkey,3054,27872,Tuzluca,2021,0.19712019,0.16136459
Turkey,3054,27872,Tuzluca,2022,0.20051017,0.15749703
Turkey,3054,27872,Tuzluca,2023,0.20153168,0.14896497
Turkey,3054,27872,Tuzluca,2024,0.19916819,0.15895088
Turkey,3055,27873,Aksu,2015,0.19255926,0.09838658
Turkey,3055,27873,Aksu,2016,0.19290924,0.096892126
Turkey,3055,27873,Aksu,2017,0.17746842,0.08585776
Turkey,3055,27873,Aksu,2018,0.18225956,0.08679888
Turkey,3055,27873,Aksu,2019,0.19667299,0.09737997
Turkey,3055,27873,Aksu,2020,0.19296786,0.089963555
Turkey,3055,27873,Aksu,2021,0.1948389,0.09798507
Turkey,3055,27873,Aksu,2022,0.17696401,0.11565413
Turkey,3055,27873,Aksu,2023,0.19190447,0.102537386
Turkey,3055,27873,Aksu,2024,0.18633041,0.10702209
Turkey,3055,27874,Atabey,2015,0.1610072,0.12371398
Turkey,3055,27874,Atabey,2016,0.16512638,0.14066738
Turkey,3055,27874,Atabey,2017,0.16449201,0.13626385
Turkey,3055,27874,Atabey,2018,0.14979328,0.1144512
Turkey,3055,27874,Atabey,2019,0.15841275,0.12437856
Turkey,3055,27874,Atabey,2020,0.15171964,0.11868845
Turkey,3055,27874,Atabey,2021,0.15781267,0.12401354
Turkey,3055,27874,Atabey,2022,0.15152591,0.12250812
Turkey,3055,27874,Atabey,2023,0.15829858,0.10115565
Turkey,3055,27874,Atabey,2024,0.14234708,0.10090554
Turkey,3055,27875,Egirdir,2015,0.21465135,0.1597921
Turkey,3055,27875,Egirdir,2016,0.20971844,0.11188578
Turkey,3055,27875,Egirdir,2017,0.20543864,0.10308681
Turkey,3055,27875,Egirdir,2018,0.20578343,0.13893744
Turkey,3055,27875,Egirdir,2019,0.181804,0.12129597
Turkey,3055,27875,Egirdir,2020,0.18968296,0.13454641
Turkey,3055,27875,Egirdir,2021,0.1775991,0.16398898
Turkey,3055,27875,Egirdir,2022,0.14714837,0.098854944
Turkey,3055,27875,Egirdir,2023,0.1652258,0.11403842
Turkey,3055,27875,Egirdir,2024,0.16919465,0.1518665
Turkey,3055,27876,Gelendost,2015,0.15356912,0.07923963
Turkey,3055,27876,Gelendost,2016,0.15019979,0.10357476
Turkey,3055,27876,Gelendost,2017,0.14770201,0.093088165
Turkey,3055,27876,Gelendost,2018,0.1528483,0.09269931
Turkey,3055,27876,Gelendost,2019,0.13330603,0.084049
Turkey,3055,27876,Gelendost,2020,0.13449077,0.07929577
Turkey,3055,27876,Gelendost,2021,0.115360245,0.0736283
Turkey,3055,27876,Gelendost,2022,0.1243999,0.07544849
Turkey,3055,27876,Gelendost,2023,0.119383276,0.07137584
Turkey,3055,27876,Gelendost,2024,0.10528813,0.07258843
Turkey,3055,27877,Gonen,2015,0.15946943,0.09715877
Turkey,3055,27877,Gonen,2016,0.13806528,0.09647059
Turkey,3055,27877,Gonen,2017,0.12630244,0.09292928
Turkey,3055,27877,Gonen,2018,0.115785144,0.084869854
Turkey,3055,27877,Gonen,2019,0.12086676,0.093876965
Turkey,3055,27877,Gonen,2020,0.112179466,0.08613201
Turkey,3055,27877,Gonen,2021,0.10232105,0.08711229
Turkey,3055,27877,Gonen,2022,0.10321226,0.09380359
Turkey,3055,27877,Gonen,2023,0.10797053,0.10161471
Turkey,3055,27877,Gonen,2024,0.0986304,0.09295417
Turkey,3055,27878,Keciborlu,2015,0.15990925,0.10647341
Turkey,3055,27878,Keciborlu,2016,0.14491613,0.10298881
Turkey,3055,27878,Keciborlu,2017,0.14440289,0.109159306
Turkey,3055,27878,Keciborlu,2018,0.121227026,0.11375296
Turkey,3055,27878,Keciborlu,2019,0.11107915,0.10646366
Turkey,3055,27878,Keciborlu,2020,0.11609627,0.111277685
Turkey,3055,27878,Keciborlu,2021,0.10016202,0.09402364
Turkey,3055,27878,Keciborlu,2022,0.100707665,0.09480738
Turkey,3055,27878,Keciborlu,2023,0.09601223,0.09027522
Turkey,3055,27878,Keciborlu,2024,0.09403446,0.087580904
Turkey,3055,27879,Merkez,2015,0.07574271,0.077640206
Turkey,3055,27879,Merkez,2016,0.076050274,0.07794778
Turkey,3055,27879,Merkez,2017,0.076050274,0.075277925
Turkey,3055,27879,Merkez,2018,0.082992464,0.07971075
Turkey,3055,27879,Merkez,2019,0.080170006,0.08019794
Turkey,3055,27879,Merkez,2020,0.08590972,0.082437284
Turkey,3055,27879,Merkez,2021,0.08076295,0.080790885
Turkey,3055,27879,Merkez,2022,0.08506727,0.08079456
Turkey,3055,27879,Merkez,2023,0.08364163,0.08035991
Turkey,3055,27879,Merkez,2024,0.08076295,0.081349105
Turkey,3055,27880,Sarkikaraagac,2015,0.21831656,0.13476661
Turkey,3055,27880,Sarkikaraagac,2016,0.19934252,0.13201699
Turkey,3055,27880,Sarkikaraagac,2017,0.19502884,0.1381143
Turkey,3055,27880,Sarkikaraagac,2018,0.19294994,0.13613707
Turkey,3055,27880,Sarkikaraagac,2019,0.1852777,0.122930296
Turkey,3055,27880,Sarkikaraagac,2020,0.1736198,0.13090163
Turkey,3055,27880,Sarkikaraagac,2021,0.18433276,0.12238667
Turkey,3055,27880,Sarkikaraagac,2022,0.19892156,0.14584522
Turkey,3055,27880,Sarkikaraagac,2023,0.20313124,0.1293163
Turkey,3055,27880,Sarkikaraagac,2024,0.18124609,0.119517885
Turkey,3055,27881,Senirkent,2015,0.11017243,0.10060312
Turkey,3055,27881,Senirkent,2016,0.1014887,0.091663815
Turkey,3055,27881,Senirkent,2017,0.100812055,0.09151968
Turkey,3055,27881,Senirkent,2018,0.10873312,0.09937355
Turkey,3055,27881,Senirkent,2019,0.097802386,0.088510014
Turkey,3055,27881,Senirkent,2020,0.09911072,0.08981835
Turkey,3055,27881,Senirkent,2021,0.09677703,0.090697035
Turkey,3055,27881,Senirkent,2022,0.09682228,0.09074228
Turkey,3055,27881,Senirkent,2023,0.10611125,0.099826515
Turkey,3055,27881,Senirkent,2024,0.09420478,0.08766446
Turkey,3055,27882,Sutculer,2015,0.28529206,0.20858914
Turkey,3055,27882,Sutculer,2016,0.27406585,0.20257907
Turkey,3055,27882,Sutculer,2017,0.2712804,0.17787124
Turkey,3055,27882,Sutculer,2018,0.27945754,0.21172664
Turkey,3055,27882,Sutculer,2019,0.27568313,0.19694161
Turkey,3055,27882,Sutculer,2020,0.28942698,0.21505728
Turkey,3055,27882,Sutculer,2021,0.28817868,0.23683521
Turkey,3055,27882,Sutculer,2022,0.29716763,0.24942455
Turkey,3055,27882,Sutculer,2023,0.27573356,0.22474113
Turkey,3055,27882,Sutculer,2024,0.29315293,0.24327089
Turkey,3055,27883,Uluborlu,2015,0.16254264,0.11115465
Turkey,3055,27883,Uluborlu,2016,0.1612615,0.12607281
Turkey,3055,27883,Uluborlu,2017,0.1585255,0.11960597
Turkey,3055,27883,Uluborlu,2018,0.15491685,0.11745881
Turkey,3055,27883,Uluborlu,2019,0.16289787,0.11548775
Turkey,3055,27883,Uluborlu,2020,0.13491432,0.0966824
Turkey,3055,27883,Uluborlu,2021,0.13865122,0.09316115
Turkey,3055,27883,Uluborlu,2022,0.14077064,0.088199355
Turkey,3055,27883,Uluborlu,2023,0.15458469,0.095328376
Turkey,3055,27883,Uluborlu,2024,0.14381607,0.087427154
Turkey,3055,27884,Yalvac,2015,0.19665034,0.13598837
Turkey,3055,27884,Yalvac,2016,0.18313652,0.14124946
Turkey,3055,27884,Yalvac,2017,0.17734718,0.13724837
Turkey,3055,27884,Yalvac,2018,0.16609451,0.113563664
Turkey,3055,27884,Yalvac,2019,0.1699272,0.1170666
Turkey,3055,27884,Yalvac,2020,0.16278538,0.11932628
Turkey,3055,27884,Yalvac,2021,0.15813443,0.10767023
Turkey,3055,27884,Yalvac,2022,0.16687821,0.11150362
Turkey,3055,27884,Yalvac,2023,0.15486601,0.104925185
Turkey,3055,27884,Yalvac,2024,0.15225029,0.10594607
Turkey,3055,27885,Yenisarbademli,2015,0.24237195,0.14664292
Turkey,3055,27885,Yenisarbademli,2016,0.23599176,0.14043055
Turkey,3055,27885,Yenisarbademli,2017,0.22406402,0.14707758
Turkey,3055,27885,Yenisarbademli,2018,0.23675548,0.13742518
Turkey,3055,27885,Yenisarbademli,2019,0.22964641,0.13621217
Turkey,3055,27885,Yenisarbademli,2020,0.21595532,0.142348
Turkey,3055,27885,Yenisarbademli,2021,0.22279495,0.14196676
Turkey,3055,27885,Yenisarbademli,2022,0.21227857,0.16169202
Turkey,3055,27885,Yenisarbademli,2023,0.2260907,0.13302028
Turkey,3055,27885,Yenisarbademli,2024,0.21647471,0.14565648
Turkey,3056,27886,Adalar,2015,0.0420072,0.035771832
Turkey,3056,27886,Adalar,2016,0.041493915,0.035933007
Turkey,3056,27886,Adalar,2017,0.05409589,0.04853499
Turkey,3056,27886,Adalar,2018,0.05681779,0.05106263
Turkey,3056,27886,Adalar,2019,0.047088932,0.04065931
Turkey,3056,27886,Adalar,2020,0.04352954,0.03729418
Turkey,3056,27886,Adalar,2021,0.037501775,0.031266406
Turkey,3056,27886,Adalar,2022,0.039061517,0.03282615
Turkey,3056,27886,Adalar,2023,0.037242178,0.031006804
Turkey,3056,27886,Adalar,2024,0.038181122,0.031428985
Turkey,3056,27887,Avcilar,2015,0.030884424,0.026826235
Turkey,3056,27887,Avcilar,2016,0.025053805,0.022306899
Turkey,3056,27887,Avcilar,2017,0.020411197,0.017664297
Turkey,3056,27887,Avcilar,2018,0.023473917,0.021101011
Turkey,3056,27887,Avcilar,2019,0.022121,0.019374099
Turkey,3056,27887,Avcilar,2020,0.022425152,0.020052249
Turkey,3056,27887,Avcilar,2021,0.022121,0.019374099
Turkey,3056,27887,Avcilar,2022,0.020128004,0.017381104
Turkey,3056,27887,Avcilar,2023,0.022425152,0.019678254
Turkey,3056,27887,Avcilar,2024,0.020758312,0.018011412
Turkey,3056,27888,B.cekmece,2015,0.009368558,0.0059241652
Turkey,3056,27888,B.cekmece,2016,0.009650077,0.006205683
Turkey,3056,27888,B.cekmece,2017,0.010226558,0.0067821657
Turkey,3056,27888,B.cekmece,2018,0.007990535,0.0045461413
Turkey,3056,27888,B.cekmece,2019,0.009368558,0.0059241652
Turkey,3056,27888,B.cekmece,2020,0.009353891,0.005909497
Turkey,3056,27888,B.cekmece,2021,0.009368558,0.0059241652
Turkey,3056,27888,B.cekmece,2022,0.009883318,0.006438926
Turkey,3056,27888,B.cekmece,2023,0.009368558,0.0059241652
Turkey,3056,27888,B.cekmece,2024,0.011778818,0.008334427
Turkey,3056,27889,Bagcilar,2015,0.06099846,0.06099846
Turkey,3056,27889,Bagcilar,2016,0.06343597,0.06343597
Turkey,3056,27889,Bagcilar,2017,0.059501756,0.059501756
Turkey,3056,27889,Bagcilar,2018,0.0625486,0.0625486
Turkey,3056,27889,Bagcilar,2019,0.061188173,0.061188173
Turkey,3056,27889,Bagcilar,2020,0.061851744,0.061461393
Turkey,3056,27889,Bagcilar,2021,0.060946666,0.060556315
Turkey,3056,27889,Bagcilar,2022,0.05801215,0.05801215
Turkey,3056,27889,Bagcilar,2023,0.059884142,0.059884142
Turkey,3056,27889,Bagcilar,2024,0.06274221,0.06274221
Turkey,3056,27890,Bahcelievler,2015,0.062680185,0.062680185
Turkey,3056,27890,Bahcelievler,2016,0.061376076,0.061376076
Turkey,3056,27890,Bahcelievler,2017,0.0628746,0.0628746
Turkey,3056,27890,Bahcelievler,2018,0.065094374,0.065094374
Turkey,3056,27890,Bahcelievler,2019,0.06296523,0.06296523
Turkey,3056,27890,Bahcelievler,2020,0.06336426,0.06297391
Turkey,3056,27890,Bahcelievler,2021,0.06206015,0.0616698
Turkey,3056,27890,Bahcelievler,2022,0.061468523,0.061468523
Turkey,3056,27890,Bahcelievler,2023,0.06296523,0.06296523
Turkey,3056,27890,Bahcelievler,2024,0.061119735,0.060738318
Turkey,3056,27891,Bakirkoy,2015,0.0209243,0.023479132
Turkey,3056,27891,Bakirkoy,2016,0.015959963,0.02106743
Turkey,3056,27891,Bakirkoy,2017,0.014903173,0.021230517
Turkey,3056,27891,Bakirkoy,2018,0.016876563,0.022091106
Turkey,3056,27891,Bakirkoy,2019,0.02265488,0.025209708
Turkey,3056,27891,Bakirkoy,2020,0.0209243,0.023479132
Turkey,3056,27891,Bakirkoy,2021,0.0209243,0.023479132
Turkey,3056,27891,Bakirkoy,2022,0.016101832,0.022429185
Turkey,3056,27891,Bakirkoy,2023,0.016101832,0.022429185
Turkey,3056,27891,Bakirkoy,2024,0.019628324,0.024038289
Turkey,3056,27892,Bayrampasa,2015,0.060675573,0.060675573
Turkey,3056,27892,Bayrampasa,2016,0.063060276,0.06246302
Turkey,3056,27892,Bayrampasa,2017,0.06082049,0.060223233
Turkey,3056,27892,Bayrampasa,2018,0.06315026,0.06315026
Turkey,3056,27892,Bayrampasa,2019,0.06353994,0.062942676
Turkey,3056,27892,Bayrampasa,2020,0.062461924,0.061864667
Turkey,3056,27892,Bayrampasa,2021,0.060965218,0.06036796
Turkey,3056,27892,Bayrampasa,2022,0.06144488,0.06084762
Turkey,3056,27892,Bayrampasa,2023,0.061535496,0.06093824
Turkey,3056,27892,Bayrampasa,2024,0.061535496,0.06093824
Turkey,3056,27893,Besiktas,2015,0.024690356,0.026466433
Turkey,3056,27893,Besiktas,2016,0.026903812,0.026161624
Turkey,3056,27893,Besiktas,2017,0.025712164,0.027488241
Turkey,3056,27893,Besiktas,2018,0.022957455,0.021374319
Turkey,3056,27893,Besiktas,2019,0.023810914,0.024397269
Turkey,3056,27893,Besiktas,2020,0.016730322,0.018100534
Turkey,3056,27893,Besiktas,2021,0.016157124,0.016743489
Turkey,3056,27893,Besiktas,2022,0.021859247,0.023635326
Turkey,3056,27893,Besiktas,2023,0.019523114,0.020109471
Turkey,3056,27893,Besiktas,2024,0.020526728,0.021113079
Turkey,3056,27894,Beykoz,2015,0.046353772,0.033709798
Turkey,3056,27894,Beykoz,2016,0.03937494,0.027602017
Turkey,3056,27894,Beykoz,2017,0.04657146,0.032141287
Turkey,3056,27894,Beykoz,2018,0.03935632,0.023148665
Turkey,3056,27894,Beykoz,2019,0.031258736,0.014432416
Turkey,3056,27894,Beykoz,2020,0.03596046,0.024934491
Turkey,3056,27894,Beykoz,2021,0.040374085,0.027547218
Turkey,3056,27894,Beykoz,2022,0.05408425,0.035707355
Turkey,3056,27894,Beykoz,2023,0.038584884,0.026301289
Turkey,3056,27894,Beykoz,2024,0.03745764,0.026268816
Turkey,3056,27895,Beyoglu,2015,0.037059575,0.036071975
Turkey,3056,27895,Beyoglu,2016,0.037114494,0.036126893
Turkey,3056,27895,Beyoglu,2017,0.03780229,0.03682362
Turkey,3056,27895,Beyoglu,2018,0.03799829,0.03740103
Turkey,3056,27895,Beyoglu,2019,0.034180302,0.03320163
Turkey,3056,27895,Beyoglu,2020,0.039265208,0.038286533
Turkey,3056,27895,Beyoglu,2021,0.034180302,0.03320163
Turkey,3056,27895,Beyoglu,2022,0.04590367,0.044916064
Turkey,3056,27895,Beyoglu,2023,0.037806552,0.036827877
Turkey,3056,27895,Beyoglu,2024,0.038090024,0.036339104
Turkey,3056,27896,Catalca,2015,0.1934739,0.19921136
Turkey,3056,27896,Catalca,2016,0.17506754,0.18687245
Turkey,3056,27896,Catalca,2017,0.17445675,0.19175875
Turkey,3056,27896,Catalca,2018,0.15653096,0.19898283
Turkey,3056,27896,Catalca,2019,0.1697883,0.14425889
Turkey,3056,27896,Catalca,2020,0.17243442,0.1288626
Turkey,3056,27896,Catalca,2021,0.17281929,0.12280504
Turkey,3056,27896,Catalca,2022,0.17051832,0.12294005
Turkey,3056,27896,Catalca,2023,0.14388448,0.114301614
Turkey,3056,27896,Catalca,2024,0.13942647,0.11341072
Turkey,3056,27897,Eminonu,2015,0.05444859,0.053469915
Turkey,3056,27897,Eminonu,2016,0.055247568,0.054268893
Turkey,3056,27897,Eminonu,2017,0.058279894,0.05889569
Turkey,3056,27897,Eminonu,2018,0.04959439,0.048606783
Turkey,3056,27897,Eminonu,2019,0.055303913,0.055725202
Turkey,3056,27897,Eminonu,2020,0.050562575,0.05705892
Turkey,3056,27897,Eminonu,2021,0.04944079,0.047689863
Turkey,3056,27897,Eminonu,2022,0.056897,0.055918325
Turkey,3056,27897,Eminonu,2023,0.046166625,0.046587914
Turkey,3056,27897,Eminonu,2024,0.0477823,0.048246086
Turkey,3056,27898,Esenler,2015,0.02166452,0.020443741
Turkey,3056,27898,Esenler,2016,0.022241367,0.021426458
Turkey,3056,27898,Esenler,2017,0.01937639,0.017371768
Turkey,3056,27898,Esenler,2018,0.019128483,0.01712386
Turkey,3056,27898,Esenler,2019,0.019128483,0.01712386
Turkey,3056,27898,Esenler,2020,0.019128483,0.01712386
Turkey,3056,27898,Esenler,2021,0.01680712,0.0148025
Turkey,3056,27898,Esenler,2022,0.01937639,0.017371768
Turkey,3056,27898,Esenler,2023,0.022241367,0.021426458
Turkey,3056,27898,Esenler,2024,0.019128483,0.01712386
Turkey,3056,27899,Eyup,2015,0.048929255,0.037425403
Turkey,3056,27899,Eyup,2016,0.056125253,0.044621393
Turkey,3056,27899,Eyup,2017,0.07320206,0.061238904
Turkey,3056,27899,Eyup,2018,0.058094066,0.043833643
Turkey,3056,27899,Eyup,2019,0.07054759,0.05904374
Turkey,3056,27899,Eyup,2020,0.06552126,0.054017406
Turkey,3056,27899,Eyup,2021,0.07181445,0.059034623
Turkey,3056,27899,Eyup,2022,0.064915754,0.050891336
Turkey,3056,27899,Eyup,2023,0.059207723,0.0456426
Turkey,3056,27899,Eyup,2024,0.07470405,0.062383518
Turkey,3056,27900,Fatih,2015,0.063682325,0.06193141
Turkey,3056,27900,Fatih,2016,0.06693216,0.06518124
Turkey,3056,27900,Fatih,2017,0.06400251,0.06378142
Turkey,3056,27900,Fatih,2018,0.065926865,0.06493927
Turkey,3056,27900,Fatih,2019,0.063088074,0.06286698
Turkey,3056,27900,Fatih,2020,0.063088074,0.06286698
Turkey,3056,27900,Fatih,2021,0.06400251,0.06378142
Turkey,3056,27900,Fatih,2022,0.06469873,0.06294782
Turkey,3056,27900,Fatih,2023,0.063088074,0.06286698
Turkey,3056,27900,Fatih,2024,0.064025916,0.06380483
Turkey,3056,27901,G.osmanpasa,2015,0.036893744,0.020187208
Turkey,3056,27901,G.osmanpasa,2016,0.038957316,0.023082728
Turkey,3056,27901,G.osmanpasa,2017,0.031363636,0.014657103
Turkey,3056,27901,G.osmanpasa,2018,0.024038503,0.015510721
Turkey,3056,27901,G.osmanpasa,2019,0.03376865,0.01699142
Turkey,3056,27901,G.osmanpasa,2020,0.02459188,0.015604798
Turkey,3056,27901,G.osmanpasa,2021,0.037836164,0.020407852
Turkey,3056,27901,G.osmanpasa,2022,0.032035545,0.015439161
Turkey,3056,27901,G.osmanpasa,2023,0.053716507,0.03629737
Turkey,3056,27901,G.osmanpasa,2024,0.028684532,0.019514853
Turkey,3056,27902,Gungoren,2015,0.064423986,0.064423986
Turkey,3056,27902,Gungoren,2016,0.06283501,0.06283501
Turkey,3056,27902,Gungoren,2017,0.06451644,0.06451644
Turkey,3056,27902,Gungoren,2018,0.06424108,0.06424108
Turkey,3056,27902,Gungoren,2019,0.06601314,0.06601314
Turkey,3056,27902,Gungoren,2020,0.068517275,0.068517275
Turkey,3056,27902,Gungoren,2021,0.06403678,0.06403678
Turkey,3056,27902,Gungoren,2022,0.06403678,0.06403678
Turkey,3056,27902,Gungoren,2023,0.06601314,0.06601314
Turkey,3056,27902,Gungoren,2024,0.068517275,0.068517275
Turkey,3056,27903,K.cekmece,2015,0.010501267,0.009299143
Turkey,3056,27903,K.cekmece,2016,0.010501267,0.009107363
Turkey,3056,27903,K.cekmece,2017,0.0110694375,0.009107363
Turkey,3056,27903,K.cekmece,2018,0.0110694375,0.009107363
Turkey,3056,27903,K.cekmece,2019,0.0110694375,0.009107363
Turkey,3056,27903,K.cekmece,2020,0.0125873415,0.010625267
Turkey,3056,27903,K.cekmece,2021,0.012171414,0.010209339
Turkey,3056,27903,K.cekmece,2022,0.013459098,0.011497023
Turkey,3056,27903,K.cekmece,2023,0.012184228,0.009367671
Turkey,3056,27903,K.cekmece,2024,0.01321119,0.011249115
Turkey,3056,27904,Kadikoy,2015,0.022370458,0.022958681
Turkey,3056,27904,Kadikoy,2016,0.022488285,0.017091023
Turkey,3056,27904,Kadikoy,2017,0.02305079,0.019773418
Turkey,3056,27904,Kadikoy,2018,0.020135548,0.015051988
Turkey,3056,27904,Kadikoy,2019,0.017211318,0.012109395
Turkey,3056,27904,Kadikoy,2020,0.018649342,0.012859513
Turkey,3056,27904,Kadikoy,2021,0.017211318,0.017371442
Turkey,3056,27904,Kadikoy,2022,0.018275207,0.018393725
Turkey,3056,27904,Kadikoy,2023,0.021612978,0.021773104
Turkey,3056,27904,Kadikoy,2024,0.017979303,0.018525977
Turkey,3056,27905,Kagithane,2015,0.057719108,0.058479544
Turkey,3056,27905,Kagithane,2016,0.062111005,0.06095734
Turkey,3056,27905,Kagithane,2017,0.06501026,0.06796704
Turkey,3056,27905,Kagithane,2018,0.062263027,0.06188161
Turkey,3056,27905,Kagithane,2019,0.05663543,0.059634704
Turkey,3056,27905,Kagithane,2020,0.051459305,0.0583423
Turkey,3056,27905,Kagithane,2021,0.05634244,0.06322543
Turkey,3056,27905,Kagithane,2022,0.05869746,0.06558046
Turkey,3056,27905,Kagithane,2023,0.04801703,0.052982643
Turkey,3056,27905,Kagithane,2024,0.054709114,0.06159211
Turkey,3056,27906,Kartal,2015,0.031344492,0.028202703
Turkey,3056,27906,Kartal,2016,0.035500474,0.03474954
Turkey,3056,27906,Kartal,2017,0.024593456,0.027978528
Turkey,3056,27906,Kartal,2018,0.024463022,0.02351758
Turkey,3056,27906,Kartal,2019,0.020661067,0.022855837
Turkey,3056,27906,Kartal,2020,0.021307047,0.023501812
Turkey,3056,27906,Kartal,2021,0.020030502,0.022225268
Turkey,3056,27906,Kartal,2022,0.021554956,0.023749718
Turkey,3056,27906,Kartal,2023,0.021307047,0.023501812
Turkey,3056,27906,Kartal,2024,0.020676479,0.022871241
Turkey,3056,27907,Maltepe,2015,0.0064400253,0.008730378
Turkey,3056,27907,Maltepe,2016,0.009075223,0.011365576
Turkey,3056,27907,Maltepe,2017,0.0041447557,0.006435106
Turkey,3056,27907,Maltepe,2018,0.00913329,0.007191123
Turkey,3056,27907,Maltepe,2019,0.008813307,0.0068711354
Turkey,3056,27907,Maltepe,2020,0.008391944,0.0064497734
Turkey,3056,27907,Maltepe,2021,0.00462607,0.006386419
Turkey,3056,27907,Maltepe,2022,0.00436156,0.005930133
Turkey,3056,27907,Maltepe,2023,0.005119508,0.006879859
Turkey,3056,27907,Maltepe,2024,0.008764224,0.006822053
Turkey,3056,27908,Pendik,2015,0.0069671487,0.00977428
Turkey,3056,27908,Pendik,2016,0.00970757,0.007927121
Turkey,3056,27908,Pendik,2017,0.00935477,0.0070443214
Turkey,3056,27908,Pendik,2018,0.00960439,0.007293941
Turkey,3056,27908,Pendik,2019,0.01017256,0.0071021607
Turkey,3056,27908,Pendik,2020,0.009498719,0.0064283195
Turkey,3056,27908,Pendik,2021,0.010420469,0.0073500704
Turkey,3056,27908,Pendik,2022,0.0040944098,0.0056115873
Turkey,3056,27908,Pendik,2023,0.01017256,0.0071021607
Turkey,3056,27908,Pendik,2024,0.01017256,0.0071021607
Turkey,3056,27909,Sariyer,2015,0.016080923,0.0073424284
Turkey,3056,27909,Sariyer,2016,0.028517025,0.012022146
Turkey,3056,27909,Sariyer,2017,0.02962516,0.009332131
Turkey,3056,27909,Sariyer,2018,0.026422158,0.010409599
Turkey,3056,27909,Sariyer,2019,0.019525524,0.0110754
Turkey,3056,27909,Sariyer,2020,0.027650205,0.0071372646
Turkey,3056,27909,Sariyer,2021,0.028561724,0.011986922
Turkey,3056,27909,Sariyer,2022,0.032552335,0.015518229
Turkey,3056,27909,Sariyer,2023,0.032250494,0.011321682
Turkey,3056,27909,Sariyer,2024,0.020572264,0.008494918
Turkey,3056,27910,Sile,2015,0.1939272,0.1416628
Turkey,3056,27910,Sile,2016,0.1773183,0.19132844
Turkey,3056,27910,Sile,2017,0.18221492,0.13607717
Turkey,3056,27910,Sile,2018,0.16224855,0.22568023
Turkey,3056,27910,Sile,2019,0.16282938,0.17973113
Turkey,3056,27910,Sile,2020,0.14615211,0.16345656
Turkey,3056,27910,Sile,2021,0.13876866,0.093550324
Turkey,3056,27910,Sile,2022,0.14372548,0.093989536
Turkey,3056,27910,Sile,2023,0.13434,0.094459414
Turkey,3056,27910,Sile,2024,0.13298139,0.091325305
Turkey,3056,27911,Silivri,2015,0.10375012,0.083834894
Turkey,3056,27911,Silivri,2016,0.09103317,0.08421135
Turkey,3056,27911,Silivri,2017,0.0901317,0.08304564
Turkey,3056,27911,Silivri,2018,0.09519367,0.08687919
Turkey,3056,27911,Silivri,2019,0.09649583,0.09047429
Turkey,3056,27911,Silivri,2020,0.09826343,0.09215696
Turkey,3056,27911,Silivri,2021,0.095380075,0.088044114
Turkey,3056,27911,Silivri,2022,0.09402711,0.08739273
Turkey,3056,27911,Silivri,2023,0.07459913,0.06833285
Turkey,3056,27911,Silivri,2024,0.07623477,0.070515655
Turkey,3056,27912,Sisli,2015,0.02363372,0.021031832
Turkey,3056,27912,Sisli,2016,0.024192493,0.022780323
Turkey,3056,27912,Sisli,2017,0.02632953,0.024917366
Turkey,3056,27912,Sisli,2018,0.01758642,0.014984542
Turkey,3056,27912,Sisli,2019,0.015805295,0.01320341
Turkey,3056,27912,Sisli,2020,0.017335726,0.0153311035
Turkey,3056,27912,Sisli,2021,0.018159106,0.016154485
Turkey,3056,27912,Sisli,2022,0.025754433,0.02493952
Turkey,3056,27912,Sisli,2023,0.018159106,0.016154485
Turkey,3056,27912,Sisli,2024,0.018159106,0.016154485
Turkey,3056,27913,Sultanbeyli,2015,0.028414087,0.02629239
Turkey,3056,27913,Sultanbeyli,2016,0.022977745,0.02085606
Turkey,3056,27913,Sultanbeyli,2017,0.020538762,0.015740536
Turkey,3056,27913,Sultanbeyli,2018,0.019937204,0.015138978
Turkey,3056,27913,Sultanbeyli,2019,0.020927534,0.016726563
Turkey,3056,27913,Sultanbeyli,2020,0.020893902,0.01669293
Turkey,3056,27913,Sultanbeyli,2021,0.020832688,0.016631717
Turkey,3056,27913,Sultanbeyli,2022,0.020419776,0.016218808
Turkey,3056,27913,Sultanbeyli,2023,0.020893902,0.01669293
Turkey,3056,27913,Sultanbeyli,2024,0.020893902,0.01669293
Turkey,3056,27914,Tuzla,2015,0.016411621,0.014999457
Turkey,3056,27914,Tuzla,2016,0.018724127,0.017311968
Turkey,3056,27914,Tuzla,2017,0.016388753,0.014976591
Turkey,3056,27914,Tuzla,2018,0.017431933,0.016019773
Turkey,3056,27914,Tuzla,2019,0.01717572,0.015763557
Turkey,3056,27914,Tuzla,2020,0.016741201,0.01532904
Turkey,3056,27914,Tuzla,2021,0.015877355,0.014465193
Turkey,3056,27914,Tuzla,2022,0.01674607,0.015333908
Turkey,3056,27914,Tuzla,2023,0.017084956,0.015672795
Turkey,3056,27914,Tuzla,2024,0.0155050745,0.014092912
Turkey,3056,27915,Umraniye,2015,0.009212613,0.0063853827
Turkey,3056,27915,Umraniye,2016,0.010805646,0.0077866404
Turkey,3056,27915,Umraniye,2017,0.011208817,0.0076216403
Turkey,3056,27915,Umraniye,2018,0.010910895,0.0073237177
Turkey,3056,27915,Umraniye,2019,0.0084930975,0.0049059186
Turkey,3056,27915,Umraniye,2020,0.010895349,0.007308172
Turkey,3056,27915,Umraniye,2021,0.011143259,0.007556081
Turkey,3056,27915,Umraniye,2022,0.011208817,0.0076216403
Turkey,3056,27915,Umraniye,2023,0.010910895,0.0073237177
Turkey,3056,27915,Umraniye,2024,0.0085059125,0.0040642503
Turkey,3056,27916,Uskudar,2015,0.017985642,0.011869464
Turkey,3056,27916,Uskudar,2016,0.020290002,0.015604193
Turkey,3056,27916,Uskudar,2017,0.01567846,0.010992659
Turkey,3056,27916,Uskudar,2018,0.018598024,0.012481837
Turkey,3056,27916,Uskudar,2019,0.016248051,0.011562248
Turkey,3056,27916,Uskudar,2020,0.01567846,0.010992659
Turkey,3056,27916,Uskudar,2021,0.016265305,0.011579501
Turkey,3056,27916,Uskudar,2022,0.017006652,0.012320848
Turkey,3056,27916,Uskudar,2023,0.017132012,0.012446206
Turkey,3056,27916,Uskudar,2024,0.01639066,0.011704858
Turkey,3056,27917,Zeytinburnu,2015,0.07200405,0.06585667
Turkey,3056,27917,Zeytinburnu,2016,0.06371554,0.05756815
Turkey,3056,27917,Zeytinburnu,2017,0.06240722,0.056751467
Turkey,3056,27917,Zeytinburnu,2018,0.05119721,0.0502096
Turkey,3056,27917,Zeytinburnu,2019,0.047447547,0.041435592
Turkey,3056,27917,Zeytinburnu,2020,0.07252287,0.06637549
Turkey,3056,27917,Zeytinburnu,2021,0.06488458,0.063133664
Turkey,3056,27917,Zeytinburnu,2022,0.049306374,0.043158974
Turkey,3056,27917,Zeytinburnu,2023,0.04895268,0.047201753
Turkey,3056,27917,Zeytinburnu,2024,0.057160787,0.048218828
Turkey,3057,27918,Aliaga,2015,0.033024773,0.031055067
Turkey,3057,27918,Aliaga,2016,0.0294194,0.026932828
Turkey,3057,27918,Aliaga,2017,0.029799288,0.027312716
Turkey,3057,27918,Aliaga,2018,0.029768603,0.030888328
Turkey,3057,27918,Aliaga,2019,0.02741367,0.028318267
Turkey,3057,27918,Aliaga,2020,0.033803444,0.029179329
Turkey,3057,27918,Aliaga,2021,0.036024444,0.030883461
Turkey,3057,27918,Aliaga,2022,0.03449455,0.032443006
Turkey,3057,27918,Aliaga,2023,0.033863444,0.02963193
Turkey,3057,27918,Aliaga,2024,0.033747315,0.0291232
Turkey,3057,27919,Balcova,2015,0.019299751,0.014759635
Turkey,3057,27919,Balcova,2016,0.019352248,0.014812131
Turkey,3057,27919,Balcova,2017,0.023490114,0.01894999
Turkey,3057,27919,Balcova,2018,0.015439409,0.010899284
Turkey,3057,27919,Balcova,2019,0.017314358,0.0127742365
Turkey,3057,27919,Balcova,2020,0.017759604,0.013219482
Turkey,3057,27919,Balcova,2021,0.016136203,0.011596077
Turkey,3057,27919,Balcova,2022,0.018720735,0.014180611
Turkey,3057,27919,Balcova,2023,0.0251496,0.020609474
Turkey,3057,27919,Balcova,2024,0.025979588,0.021439461
Turkey,3057,27920,Bayindir,2015,0.14367048,0.0841693
Turkey,3057,27920,Bayindir,2016,0.14121568,0.08895951
Turkey,3057,27920,Bayindir,2017,0.1428156,0.088565156
Turkey,3057,27920,Bayindir,2018,0.14175895,0.09390871
Turkey,3057,27920,Bayindir,2019,0.14456202,0.0999343
Turkey,3057,27920,Bayindir,2020,0.14058822,0.08916413
Turkey,3057,27920,Bayindir,2021,0.14400591,0.09179609
Turkey,3057,27920,Bayindir,2022,0.13848214,0.09479297
Turkey,3057,27920,Bayindir,2023,0.1400832,0.08806792
Turkey,3057,27920,Bayindir,2024,0.13427079,0.09143375
Turkey,3057,27921,Bergama,2015,0.15811515,0.13388729
Turkey,3057,27921,Bergama,2016,0.1585963,0.1333678
Turkey,3057,27921,Bergama,2017,0.14777893,0.107411936
Turkey,3057,27921,Bergama,2018,0.1616251,0.1417817
Turkey,3057,27921,Bergama,2019,0.15875065,0.15865684
Turkey,3057,27921,Bergama,2020,0.14373766,0.14549698
Turkey,3057,27921,Bergama,2021,0.12695318,0.116474956
Turkey,3057,27921,Bergama,2022,0.11223254,0.0981313
Turkey,3057,27921,Bergama,2023,0.11299602,0.13603003
Turkey,3057,27921,Bergama,2024,0.112140745,0.13872379
Turkey,3057,27922,Beydag,2015,0.12682644,0.08096247
Turkey,3057,27922,Beydag,2016,0.13707997,0.09045948
Turkey,3057,27922,Beydag,2017,0.13236889,0.08341334
Turkey,3057,27922,Beydag,2018,0.13902028,0.08484675
Turkey,3057,27922,Beydag,2019,0.1387797,0.08743678
Turkey,3057,27922,Beydag,2020,0.13702407,0.09224565
Turkey,3057,27922,Beydag,2021,0.13720608,0.09137959
Turkey,3057,27922,Beydag,2022,0.13415633,0.08884032
Turkey,3057,27922,Beydag,2023,0.14347325,0.09138884
Turkey,3057,27922,Beydag,2024,0.14605294,0.09400124
Turkey,3057,27923,Bornova,2015,0.025260145,0.011937698
Turkey,3057,27923,Bornova,2016,0.024779243,0.011456797
Turkey,3057,27923,Bornova,2017,0.024779243,0.011456797
Turkey,3057,27923,Bornova,2018,0.022868726,0.009546283
Turkey,3057,27923,Bornova,2019,0.02334963,0.010027184
Turkey,3057,27923,Bornova,2020,0.023634695,0.01031225
Turkey,3057,27923,Bornova,2021,0.023634695,0.01031225
Turkey,3057,27923,Bornova,2022,0.013810389,0.009831349
Turkey,3057,27923,Bornova,2023,0.013236666,0.008929436
Turkey,3057,27923,Bornova,2024,0.015061648,0.011082608
Turkey,3057,27924,Buca,2015,0.050990902,0.03891203
Turkey,3057,27924,Buca,2016,0.056698706,0.047207367
Turkey,3057,27924,Buca,2017,0.05401013,0.045212172
Turkey,3057,27924,Buca,2018,0.05428844,0.046041694
Turkey,3057,27924,Buca,2019,0.066766515,0.056391515
Turkey,3057,27924,Buca,2020,0.055151887,0.046905134
Turkey,3057,27924,Buca,2021,0.056825444,0.0485787
Turkey,3057,27924,Buca,2022,0.056825444,0.0485787
Turkey,3057,27924,Buca,2023,0.04685279,0.03637161
Turkey,3057,27924,Buca,2024,0.065891415,0.055188235
Turkey,3057,27925,Cesme,2015,0.015234448,0.010312231
Turkey,3057,27925,Cesme,2016,0.017419687,0.013454045
Turkey,3057,27925,Cesme,2017,0.020910028,0.016810942
Turkey,3057,27925,Cesme,2018,0.023156358,0.0168469
Turkey,3057,27925,Cesme,2019,0.017494908,0.011712048
Turkey,3057,27925,Cesme,2020,0.017560301,0.016069395
Turkey,3057,27925,Cesme,2021,0.019869853,0.018796176
Turkey,3057,27925,Cesme,2022,0.024571327,0.022546142
Turkey,3057,27925,Cesme,2023,0.024345694,0.022117613
Turkey,3057,27925,Cesme,2024,0.028581604,0.025112376
Turkey,3057,27926,Cigli,2015,0.06219871,0.045873012
Turkey,3057,27926,Cigli,2016,0.05560525,0.043540902
Turkey,3057,27926,Cigli,2017,0.061832666,0.04450845
Turkey,3057,27926,Cigli,2018,0.05728672,0.045222364
Turkey,3057,27926,Cigli,2019,0.0643383,0.047754504
Turkey,3057,27926,Cigli,2020,0.055888705,0.043824345
Turkey,3057,27926,Cigli,2021,0.05532947,0.043265115
Turkey,3057,27926,Cigli,2022,0.060900602,0.043576375
Turkey,3057,27926,Cigli,2023,0.054589048,0.043265115
Turkey,3057,27926,Cigli,2024,0.053646423,0.041582063
Turkey,3057,27927,Dikili,2015,0.12355663,0.08488677
Turkey,3057,27927,Dikili,2016,0.11238498,0.08635598
Turkey,3057,27927,Dikili,2017,0.099282935,0.08770969
Turkey,3057,27927,Dikili,2018,0.116124906,0.08931617
Turkey,3057,27927,Dikili,2019,0.115703724,0.09170034
Turkey,3057,27927,Dikili,2020,0.096562475,0.08726132
Turkey,3057,27927,Dikili,2021,0.09111209,0.08268109
Turkey,3057,27927,Dikili,2022,0.09051693,0.07864713
Turkey,3057,27927,Dikili,2023,0.08794684,0.07888263
Turkey,3057,27927,Dikili,2024,0.08813143,0.08004596
Turkey,3057,27928,Foca,2015,0.12167503,0.09736719
Turkey,3057,27928,Foca,2016,0.11153965,0.098673396
Turkey,3057,27928,Foca,2017,0.10057387,0.09824026
Turkey,3057,27928,Foca,2018,0.10628947,0.097330265
Turkey,3057,27928,Foca,2019,0.10634943,0.09865416
Turkey,3057,27928,Foca,2020,0.08421172,0.08060029
Turkey,3057,27928,Foca,2021,0.083332375,0.08066869
Turkey,3057,27928,Foca,2022,0.08345648,0.08099525
Turkey,3057,27928,Foca,2023,0.08024043,0.075768106
Turkey,3057,27928,Foca,2024,0.08431529,0.07880271
Turkey,3057,27929,Gaziemir,2015,0.034163784,0.016892757
Turkey,3057,27929,Gaziemir,2016,0.035425257,0.018154228
Turkey,3057,27929,Gaziemir,2017,0.035425257,0.018154228
Turkey,3057,27929,Gaziemir,2018,0.027716512,0.018570157
Turkey,3057,27929,Gaziemir,2019,0.035425257,0.018154228
Turkey,3057,27929,Gaziemir,2020,0.035425257,0.018154228
Turkey,3057,27929,Gaziemir,2021,0.022892023,0.013339803
Turkey,3057,27929,Gaziemir,2022,0.027716512,0.018570157
Turkey,3057,27929,Gaziemir,2023,0.03722917,0.018646853
Turkey,3057,27929,Gaziemir,2024,0.04368896,0.025106646
Turkey,3057,27930,Guzelbahce,2015,0.031563845,0.033299204
Turkey,3057,27930,Guzelbahce,2016,0.02496406,0.026719952
Turkey,3057,27930,Guzelbahce,2017,0.038843565,0.038206253
Turkey,3057,27930,Guzelbahce,2018,0.02400582,0.02576171
Turkey,3057,27930,Guzelbahce,2019,0.026519215,0.024534432
Turkey,3057,27930,Guzelbahce,2020,0.02400582,0.024414264
Turkey,3057,27930,Guzelbahce,2021,0.032273628,0.034029525
Turkey,3057,27930,Guzelbahce,2022,0.034324918,0.036080815
Turkey,3057,27930,Guzelbahce,2023,0.02218057,0.02256848
Turkey,3057,27930,Guzelbahce,2024,0.026841551,0.024836233
Turkey,3057,27933,Karaburun,2015,0.20205966,0.09560201
Turkey,3057,27933,Karaburun,2016,0.21901575,0.112538785
Turkey,3057,27933,Karaburun,2017,0.20039675,0.1063375
Turkey,3057,27933,Karaburun,2018,0.21171035,0.11578312
Turkey,3057,27933,Karaburun,2019,0.22025171,0.11834411
Turkey,3057,27933,Karaburun,2020,0.20246907,0.11674353
Turkey,3057,27933,Karaburun,2021,0.17079985,0.09695299
Turkey,3057,27933,Karaburun,2022,0.15451638,0.09529927
Turkey,3057,27933,Karaburun,2023,0.15974829,0.09499932
Turkey,3057,27933,Karaburun,2024,0.15246464,0.09544506
Turkey,3057,27934,Kemalpasa,2015,0.10463263,0.10472719
Turkey,3057,27934,Kemalpasa,2016,0.101697445,0.12551223
Turkey,3057,27934,Kemalpasa,2017,0.096750736,0.10453744
Turkey,3057,27934,Kemalpasa,2018,0.085703574,0.08057887
Turkey,3057,27934,Kemalpasa,2019,0.077419914,0.070405476
Turkey,3057,27934,Kemalpasa,2020,0.07893477,0.07420446
Turkey,3057,27934,Kemalpasa,2021,0.08203705,0.07911349
Turkey,3057,27934,Kemalpasa,2022,0.084734395,0.08179627
Turkey,3057,27934,Kemalpasa,2023,0.08372201,0.07097775
Turkey,3057,27934,Kemalpasa,2024,0.0938321,0.07665925
Turkey,3057,27935,Kinik,2015,0.11260228,0.07674935
Turkey,3057,27935,Kinik,2016,0.10285558,0.07563672
Turkey,3057,27935,Kinik,2017,0.103465505,0.08441335
Turkey,3057,27935,Kinik,2018,0.10560666,0.08650834
Turkey,3057,27935,Kinik,2019,0.10961433,0.10746156
Turkey,3057,27935,Kinik,2020,0.11010057,0.10848341
Turkey,3057,27935,Kinik,2021,0.11250015,0.09069098
Turkey,3057,27935,Kinik,2022,0.105534956,0.086657435
Turkey,3057,27935,Kinik,2023,0.114974774,0.10639776
Turkey,3057,27935,Kinik,2024,0.12272283,0.12176045
Turkey,3057,27936,Kiraz,2015,0.124287434,0.06311919
Turkey,3057,27936,Kiraz,2016,0.11960581,0.082779646
Turkey,3057,27936,Kiraz,2017,0.12157811,0.07985167
Turkey,3057,27936,Kiraz,2018,0.12366362,0.065472074
Turkey,3057,27936,Kiraz,2019,0.11372478,0.070429824
Turkey,3057,27936,Kiraz,2020,0.11830294,0.0711481
Turkey,3057,27936,Kiraz,2021,0.11468235,0.07493005
Turkey,3057,27936,Kiraz,2022,0.10570376,0.07039921
Turkey,3057,27936,Kiraz,2023,0.114157386,0.062524036
Turkey,3057,27936,Kiraz,2024,0.10704683,0.078978434
Turkey,3057,27937,Konak,2015,0.015035017,0.010416609
Turkey,3057,27937,Konak,2016,0.014572094,0.009953687
Turkey,3057,27937,Konak,2017,0.014861234,0.009852478
Turkey,3057,27937,Konak,2018,0.013341698,0.00779896
Turkey,3057,27937,Konak,2019,0.014748676,0.010770017
Turkey,3057,27937,Konak,2020,0.012760099,0.008781443
Turkey,3057,27937,Konak,2021,0.012760099,0.007814615
Turkey,3057,27937,Konak,2022,0.012760099,0.008738946
Turkey,3057,27937,Konak,2023,0.011714852,0.0077361953
Turkey,3057,27937,Konak,2024,0.012151683,0.006445125
Turkey,3057,27938,Menderes,2015,0.10157245,0.08082983
Turkey,3057,27938,Menderes,2016,0.09811022,0.082524724
Turkey,3057,27938,Menderes,2017,0.091996066,0.07973719
Turkey,3057,27938,Menderes,2018,0.08932543,0.08006898
Turkey,3057,27938,Menderes,2019,0.09221353,0.08114931
Turkey,3057,27938,Menderes,2020,0.08734921,0.07646309
Turkey,3057,27938,Menderes,2021,0.090089336,0.08055064
Turkey,3057,27938,Menderes,2022,0.09103052,0.081570044
Turkey,3057,27938,Menderes,2023,0.09117689,0.08217572
Turkey,3057,27938,Menderes,2024,0.091602534,0.08296519
Turkey,3057,27939,Menemen,2015,0.07866305,0.07884397
Turkey,3057,27939,Menemen,2016,0.0744556,0.07519978
Turkey,3057,27939,Menemen,2017,0.07418809,0.07436906
Turkey,3057,27939,Menemen,2018,0.081202626,0.07800494
Turkey,3057,27939,Menemen,2019,0.08046348,0.07885348
Turkey,3057,27939,Menemen,2020,0.07381814,0.07570855
Turkey,3057,27939,Menemen,2021,0.07911539,0.079025455
Turkey,3057,27939,Menemen,2022,0.07824553,0.0749261
Turkey,3057,27939,Menemen,2023,0.07392885,0.07542664
Turkey,3057,27939,Menemen,2024,0.07719039,0.07784485
Turkey,3057,27940,Narlidere,2015,0.071606986,0.07102742
Turkey,3057,27940,Narlidere,2016,0.071696736,0.0714552
Turkey,3057,27940,Narlidere,2017,0.074185066,0.068924285
Turkey,3057,27940,Narlidere,2018,0.08143811,0.075360656
Turkey,3057,27940,Narlidere,2019,0.07647364,0.070058145
Turkey,3057,27940,Narlidere,2020,0.076996736,0.07139794
Turkey,3057,27940,Narlidere,2021,0.07868586,0.07342507
Turkey,3057,27940,Narlidere,2022,0.07419265,0.07357712
Turkey,3057,27940,Narlidere,2023,0.07619489,0.07595334
Turkey,3057,27940,Narlidere,2024,0.07349269,0.072913125
Turkey,3057,27941,Odemis,2015,0.11973515,0.06409806
Turkey,3057,27941,Odemis,2016,0.10520538,0.06482251
Turkey,3057,27941,Odemis,2017,0.106628045,0.06493297
Turkey,3057,27941,Odemis,2018,0.107036375,0.09203814
Turkey,3057,27941,Odemis,2019,0.10369228,0.09373151
Turkey,3057,27941,Odemis,2020,0.10383919,0.09100924
Turkey,3057,27941,Odemis,2021,0.09942585,0.089922294
Turkey,3057,27941,Odemis,2022,0.09695405,0.06518299
Turkey,3057,27941,Odemis,2023,0.0954286,0.055982564
Turkey,3057,27941,Odemis,2024,0.08974588,0.06399621
Turkey,3057,27942,Seferihisar,2015,0.13843814,0.17790282
Turkey,3057,27942,Seferihisar,2016,0.12740824,0.16625717
Turkey,3057,27942,Seferihisar,2017,0.112137266,0.15132856
Turkey,3057,27942,Seferihisar,2018,0.12122814,0.18309003
Turkey,3057,27942,Seferihisar,2019,0.12091334,0.18169492
Turkey,3057,27942,Seferihisar,2020,0.10579605,0.13507639
Turkey,3057,27942,Seferihisar,2021,0.11707279,0.1265146
Turkey,3057,27942,Seferihisar,2022,0.09871018,0.08941027
Turkey,3057,27942,Seferihisar,2023,0.09647006,0.08689099
Turkey,3057,27942,Seferihisar,2024,0.095811665,0.084669776
Turkey,3057,27943,Selcuk,2015,0.07579823,0.06782415
Turkey,3057,27943,Selcuk,2016,0.08060622,0.07213219
Turkey,3057,27943,Selcuk,2017,0.07505323,0.07183874
Turkey,3057,27943,Selcuk,2018,0.08588894,0.07182653
Turkey,3057,27943,Selcuk,2019,0.08467179,0.0686586
Turkey,3057,27943,Selcuk,2020,0.082956456,0.073449746
Turkey,3057,27943,Selcuk,2021,0.078472756,0.072944075
Turkey,3057,27943,Selcuk,2022,0.078643605,0.072006464
Turkey,3057,27943,Selcuk,2023,0.07917854,0.06842743
Turkey,3057,27943,Selcuk,2024,0.09023301,0.07378069
Turkey,3057,27944,Tire,2015,0.15740533,0.13504252
Turkey,3057,27944,Tire,2016,0.14351761,0.10963743
Turkey,3057,27944,Tire,2017,0.13329405,0.1192375
Turkey,3057,27944,Tire,2018,0.1356903,0.13030697
Turkey,3057,27944,Tire,2019,0.12159551,0.13016233
Turkey,3057,27944,Tire,2020,0.118230686,0.11936861
Turkey,3057,27944,Tire,2021,0.10696335,0.09986252
Turkey,3057,27944,Tire,2022,0.10276749,0.08767251
Turkey,3057,27944,Tire,2023,0.110439405,0.09965488
Turkey,3057,27944,Tire,2024,0.10405208,0.111019984
Turkey,3057,27946,Torbali,2015,0.08601023,0.08496677
Turkey,3057,27946,Torbali,2016,0.08003173,0.07944757
Turkey,3057,27946,Torbali,2017,0.08085306,0.07943697
Turkey,3057,27946,Torbali,2018,0.0895752,0.08872019
Turkey,3057,27946,Torbali,2019,0.07980027,0.079185516
Turkey,3057,27946,Torbali,2020,0.07619742,0.076884136
Turkey,3057,27946,Torbali,2021,0.082111076,0.08228269
Turkey,3057,27946,Torbali,2022,0.08488251,0.08459483
Turkey,3057,27946,Torbali,2023,0.07737118,0.07805786
Turkey,3057,27946,Torbali,2024,0.077781945,0.07846863
Turkey,3057,27947,Urla,2015,0.11600894,0.16266389
Turkey,3057,27947,Urla,2016,0.11029589,0.14606139
Turkey,3057,27947,Urla,2017,0.09629823,0.113689065
Turkey,3057,27947,Urla,2018,0.10656285,0.15246311
Turkey,3057,27947,Urla,2019,0.11634606,0.18803208
Turkey,3057,27947,Urla,2020,0.11011445,0.17807826
Turkey,3057,27947,Urla,2021,0.11114314,0.17599794
Turkey,3057,27947,Urla,2022,0.10133193,0.15434438
Turkey,3057,27947,Urla,2023,0.10210133,0.14172001
Turkey,3057,27947,Urla,2024,0.11658939,0.1494656
Turkey,3057,27948,Uzunada,2015,0.29848644,0.25546825
Turkey,3057,27948,Uzunada,2016,0.27400386,0.23737368
Turkey,3057,27948,Uzunada,2017,0.24738711,0.20018199
Turkey,3057,27948,Uzunada,2018,0.2557436,0.25548106
Turkey,3057,27948,Uzunada,2019,0.30535588,0.2801508
Turkey,3057,27948,Uzunada,2020,0.2980277,0.2205963
Turkey,3057,27948,Uzunada,2021,0.31322363,0.24288829
Turkey,3057,27948,Uzunada,2022,0.2954021,0.235834
Turkey,3057,27948,Uzunada,2023,0.26169875,0.22371247
Turkey,3057,27948,Uzunada,2024,0.256859,0.21465121
Turkey,3058,27949,Afsin,2015,0.17583217,0.12703419
Turkey,3058,27949,Afsin,2016,0.18439746,0.13996813
Turkey,3058,27949,Afsin,2017,0.18465038,0.14651088
Turkey,3058,27949,Afsin,2018,0.16772895,0.12343515
Turkey,3058,27949,Afsin,2019,0.15278287,0.1123766
Turkey,3058,27949,Afsin,2020,0.15409684,0.115327656
Turkey,3058,27949,Afsin,2021,0.1555089,0.11856118
Turkey,3058,27949,Afsin,2022,0.1560063,0.12343255
Turkey,3058,27949,Afsin,2023,0.13771163,0.09327573
Turkey,3058,27949,Afsin,2024,0.1327675,0.09987691
Turkey,3058,27950,Andirin,2015,0.23778637,0.14319688
Turkey,3058,27950,Andirin,2016,0.23116277,0.16206005
Turkey,3058,27950,Andirin,2017,0.23162347,0.16039719
Turkey,3058,27950,Andirin,2018,0.2522875,0.17081234
Turkey,3058,27950,Andirin,2019,0.25994623,0.17866434
Turkey,3058,27950,Andirin,2020,0.25649214,0.16504571
Turkey,3058,27950,Andirin,2021,0.26097578,0.17996432
Turkey,3058,27950,Andirin,2022,0.25532243,0.14469776
Turkey,3058,27950,Andirin,2023,0.25955102,0.14056785
Turkey,3058,27950,Andirin,2024,0.24942195,0.16130283
Turkey,3058,27952,Ekinozu,2015,0.19340079,0.16493769
Turkey,3058,27952,Ekinozu,2016,0.19030483,0.17386773
Turkey,3058,27952,Ekinozu,2017,0.18031526,0.1700266
Turkey,3058,27952,Ekinozu,2018,0.17578481,0.1582225
Turkey,3058,27952,Ekinozu,2019,0.16658686,0.15501982
Turkey,3058,27952,Ekinozu,2020,0.16964945,0.1564365
Turkey,3058,27952,Ekinozu,2021,0.16565004,0.15593061
Turkey,3058,27952,Ekinozu,2022,0.16087937,0.1532624
Turkey,3058,27952,Ekinozu,2023,0.17545283,0.1479031
Turkey,3058,27952,Ekinozu,2024,0.16727549,0.15094233
Turkey,3058,27953,Elbistan,2015,0.13025387,0.072296284
Turkey,3058,27953,Elbistan,2016,0.13412172,0.10209255
Turkey,3058,27953,Elbistan,2017,0.13221955,0.102528974
Turkey,3058,27953,Elbistan,2018,0.11053276,0.08532147
Turkey,3058,27953,Elbistan,2019,0.1187559,0.09057084
Turkey,3058,27953,Elbistan,2020,0.11801106,0.091686696
Turkey,3058,27953,Elbistan,2021,0.1318046,0.10253103
Turkey,3058,27953,Elbistan,2022,0.12239562,0.09455409
Turkey,3058,27953,Elbistan,2023,0.119148105,0.06993888
Turkey,3058,27953,Elbistan,2024,0.09303856,0.072181374
Turkey,3058,27954,Goksun,2015,0.2122314,0.13058405
Turkey,3058,27954,Goksun,2016,0.19144632,0.134791
Turkey,3058,27954,Goksun,2017,0.19463167,0.14138682
Turkey,3058,27954,Goksun,2018,0.18304653,0.121772654
Turkey,3058,27954,Goksun,2019,0.19073862,0.13493046
Turkey,3058,27954,Goksun,2020,0.18949059,0.13264869
Turkey,3058,27954,Goksun,2021,0.18565828,0.13173506
Turkey,3058,27954,Goksun,2022,0.19292665,0.13822605
Turkey,3058,27954,Goksun,2023,0.18941802,0.108233355
Turkey,3058,27954,Goksun,2024,0.18716922,0.117680356
Turkey,3058,27955,Merkez,2015,0.07874975,0.07242913
Turkey,3058,27955,Merkez,2016,0.07496094,0.06918432
Turkey,3058,27955,Merkez,2017,0.07406285,0.06835462
Turkey,3058,27955,Merkez,2018,0.07451221,0.06880398
Turkey,3058,27955,Merkez,2019,0.07290467,0.0667259
Turkey,3058,27955,Merkez,2020,0.073537484,0.06883673
Turkey,3058,27955,Merkez,2021,0.073132575,0.06796129
Turkey,3058,27955,Merkez,2022,0.07244229,0.06721155
Turkey,3058,27955,Merkez,2023,0.07073559,0.064489305
Turkey,3058,27955,Merkez,2024,0.07256704,0.06600661
Turkey,3058,27956,Nurhak,2015,0.20111783,0.18181261
Turkey,3058,27956,Nurhak,2016,0.20571087,0.1894241
Turkey,3058,27956,Nurhak,2017,0.20672235,0.1957041
Turkey,3058,27956,Nurhak,2018,0.18557104,0.16403033
Turkey,3058,27956,Nurhak,2019,0.20922086,0.19185646
Turkey,3058,27956,Nurhak,2020,0.19797316,0.17787494
Turkey,3058,27956,Nurhak,2021,0.20070507,0.18169594
Turkey,3058,27956,Nurhak,2022,0.20669906,0.18794328
Turkey,3058,27956,Nurhak,2023,0.193025,0.17327529
Turkey,3058,27956,Nurhak,2024,0.19777447,0.17331919
Turkey,3058,27957,Pazarcik,2015,0.16177738,0.09537471
Turkey,3058,27957,Pazarcik,2016,0.1483916,0.10382804
Turkey,3058,27957,Pazarcik,2017,0.14975512,0.10644326
Turkey,3058,27957,Pazarcik,2018,0.13290185,0.10631183
Turkey,3058,27957,Pazarcik,2019,0.12639451,0.104176946
Turkey,3058,27957,Pazarcik,2020,0.114088394,0.08583958
Turkey,3058,27957,Pazarcik,2021,0.119732074,0.08481416
Turkey,3058,27957,Pazarcik,2022,0.12056722,0.08308424
Turkey,3058,27957,Pazarcik,2023,0.1112347,0.07957438
Turkey,3058,27957,Pazarcik,2024,0.10800214,0.08133657
Turkey,3058,27958,Turkoglu,2015,0.1644803,0.12910101
Turkey,3058,27958,Turkoglu,2016,0.16263993,0.13144782
Turkey,3058,27958,Turkoglu,2017,0.15022704,0.12239321
Turkey,3058,27958,Turkoglu,2018,0.15435117,0.12092083
Turkey,3058,27958,Turkoglu,2019,0.14867182,0.11887608
Turkey,3058,27958,Turkoglu,2020,0.14699869,0.11887608
Turkey,3058,27958,Turkoglu,2021,0.14868453,0.123264395
Turkey,3058,27958,Turkoglu,2022,0.15004219,0.12264926
Turkey,3058,27958,Turkoglu,2023,0.15026319,0.124570675
Turkey,3058,27958,Turkoglu,2024,0.14757924,0.12667966
Turkey,3059,27959,Eflani,2015,0.16943848,0.074505374
Turkey,3059,27959,Eflani,2016,0.15495619,0.06234576
Turkey,3059,27959,Eflani,2017,0.18267632,0.08057369
Turkey,3059,27959,Eflani,2018,0.16334522,0.05491079
Turkey,3059,27959,Eflani,2019,0.16184433,0.056492083
Turkey,3059,27959,Eflani,2020,0.16310081,0.06814779
Turkey,3059,27959,Eflani,2021,0.15796807,0.049555548
Turkey,3059,27959,Eflani,2022,0.16314146,0.06881827
Turkey,3059,27959,Eflani,2023,0.15072158,0.04316351
Turkey,3059,27959,Eflani,2024,0.1600781,0.05151067
Turkey,3059,27960,Eskipazar,2015,0.21244022,0.17462829
Turkey,3059,27960,Eskipazar,2016,0.23974344,0.2156395
Turkey,3059,27960,Eskipazar,2017,0.23046276,0.20608504
Turkey,3059,27960,Eskipazar,2018,0.22085348,0.1848451
Turkey,3059,27960,Eskipazar,2019,0.22672918,0.19276914
Turkey,3059,27960,Eskipazar,2020,0.23405683,0.2088578
Turkey,3059,27960,Eskipazar,2021,0.22721317,0.19701065
Turkey,3059,27960,Eskipazar,2022,0.22429235,0.19078134
Turkey,3059,27960,Eskipazar,2023,0.20153895,0.14872938
Turkey,3059,27960,Eskipazar,2024,0.22139135,0.18525812
Turkey,3059,27961,Merkez,2015,0.083106965,0.07563739
Turkey,3059,27961,Merkez,2016,0.07513707,0.07222395
Turkey,3059,27961,Merkez,2017,0.079465315,0.073531255
Turkey,3059,27961,Merkez,2018,0.07553782,0.07096966
Turkey,3059,27961,Merkez,2019,0.07734281,0.07275263
Turkey,3059,27961,Merkez,2020,0.081171915,0.076603755
Turkey,3059,27961,Merkez,2021,0.07428635,0.07086434
Turkey,3059,27961,Merkez,2022,0.06934623,0.06717945
Turkey,3059,27961,Merkez,2023,0.0758178,0.07443196
Turkey,3059,27961,Merkez,2024,0.07096784,0.06997461
Turkey,3059,27962,Ovacik,2015,0.19356667,0.12620893
Turkey,3059,27962,Ovacik,2016,0.18899138,0.13699204
Turkey,3059,27962,Ovacik,2017,0.19401607,0.13421093
Turkey,3059,27962,Ovacik,2018,0.1757845,0.124279514
Turkey,3059,27962,Ovacik,2019,0.18092972,0.12100871
Turkey,3059,27962,Ovacik,2020,0.20827028,0.15588301
Turkey,3059,27962,Ovacik,2021,0.18941054,0.13216788
Turkey,3059,27962,Ovacik,2022,0.1686331,0.111334056
Turkey,3059,27962,Ovacik,2023,0.17553332,0.12900482
Turkey,3059,27962,Ovacik,2024,0.19262427,0.13357665
Turkey,3059,27963,Safranbolu,2015,0.14123763,0.07852079
Turkey,3059,27963,Safranbolu,2016,0.15048969,0.10792265
Turkey,3059,27963,Safranbolu,2017,0.15456174,0.13175392
Turkey,3059,27963,Safranbolu,2018,0.13619745,0.12508687
Turkey,3059,27963,Safranbolu,2019,0.13894676,0.09738215
Turkey,3059,27963,Safranbolu,2020,0.14436357,0.11531688
Turkey,3059,27963,Safranbolu,2021,0.1529108,0.11167028
Turkey,3059,27963,Safranbolu,2022,0.13259532,0.08830909
Turkey,3059,27963,Safranbolu,2023,0.11866527,0.088435814
Turkey,3059,27963,Safranbolu,2024,0.105369866,0.08210561
Turkey,3059,27964,Yenice,2015,0.19369012,0.066752374
Turkey,3059,27964,Yenice,2016,0.18095765,0.078408554
Turkey,3059,27964,Yenice,2017,0.17957574,0.06451446
Turkey,3059,27964,Yenice,2018,0.18798554,0.07199088
Turkey,3059,27964,Yenice,2019,0.18039651,0.065101236
Turkey,3059,27964,Yenice,2020,0.1862974,0.064181976
Turkey,3059,27964,Yenice,2021,0.17286326,0.07143099
Turkey,3059,27964,Yenice,2022,0.17720921,0.075656444
Turkey,3059,27964,Yenice,2023,0.18670619,0.06819317
Turkey,3059,27964,Yenice,2024,0.19376236,0.07276399
Turkey,3060,27965,Ayranci,2015,0.172749,0.13755734
Turkey,3060,27965,Ayranci,2016,0.18024915,0.16581391
Turkey,3060,27965,Ayranci,2017,0.18749247,0.16388294
Turkey,3060,27965,Ayranci,2018,0.19222432,0.16498241
Turkey,3060,27965,Ayranci,2019,0.17568913,0.14981687
Turkey,3060,27965,Ayranci,2020,0.18524456,0.1606688
Turkey,3060,27965,Ayranci,2021,0.20594469,0.18407667
Turkey,3060,27965,Ayranci,2022,0.22135812,0.20136346
Turkey,3060,27965,Ayranci,2023,0.21919265,0.19627401
Turkey,3060,27965,Ayranci,2024,0.21350989,0.18896294
Turkey,3060,27967,Ermenek,2015,0.2001428,0.15915786
Turkey,3060,27967,Ermenek,2016,0.18305373,0.15065601
Turkey,3060,27967,Ermenek,2017,0.19133922,0.15407883
Turkey,3060,27967,Ermenek,2018,0.18547878,0.15820336
Turkey,3060,27967,Ermenek,2019,0.18540105,0.15168485
Turkey,3060,27967,Ermenek,2020,0.1776188,0.14948907
Turkey,3060,27967,Ermenek,2021,0.1779012,0.14804763
Turkey,3060,27967,Ermenek,2022,0.18571058,0.15153569
Turkey,3060,27967,Ermenek,2023,0.17682426,0.14411259
Turkey,3060,27967,Ermenek,2024,0.17039672,0.14779827
Turkey,3060,27968,Kazimkarabekir,2015,0.17827165,0.1310299
Turkey,3060,27968,Kazimkarabekir,2016,0.17625776,0.14726287
Turkey,3060,27968,Kazimkarabekir,2017,0.17479435,0.1568839
Turkey,3060,27968,Kazimkarabekir,2018,0.15927924,0.122467354
Turkey,3060,27968,Kazimkarabekir,2019,0.15896598,0.12838799
Turkey,3060,27968,Kazimkarabekir,2020,0.14266361,0.1284347
Turkey,3060,27968,Kazimkarabekir,2021,0.14485124,0.124178484
Turkey,3060,27968,Kazimkarabekir,2022,0.1460046,0.13596205
Turkey,3060,27968,Kazimkarabekir,2023,0.14256504,0.11780452
Turkey,3060,27968,Kazimkarabekir,2024,0.12203337,0.110478595
Turkey,3060,27969,Merkez,2015,0.12744793,0.10302171
Turkey,3060,27969,Merkez,2016,0.12312742,0.11312986
Turkey,3060,27969,Merkez,2017,0.111922026,0.093604244
Turkey,3060,27969,Merkez,2018,0.09663936,0.069202475
Turkey,3060,27969,Merkez,2019,0.09204744,0.070710994
Turkey,3060,27969,Merkez,2020,0.08846393,0.07091195
Turkey,3060,27969,Merkez,2021,0.08786902,0.071271636
Turkey,3060,27969,Merkez,2022,0.09161639,0.07314694
Turkey,3060,27969,Merkez,2023,0.08659947,0.07262304
Turkey,3060,27969,Merkez,2024,0.07924777,0.07484872
Turkey,3061,27971,Akyaka,2015,0.17958748,0.1294364
Turkey,3061,27971,Akyaka,2016,0.16196436,0.11016399
Turkey,3061,27971,Akyaka,2017,0.1534496,0.11344168
Turkey,3061,27971,Akyaka,2018,0.15800332,0.10863541
Turkey,3061,27971,Akyaka,2019,0.17194986,0.13650557
Turkey,3061,27971,Akyaka,2020,0.16234288,0.12657799
Turkey,3061,27971,Akyaka,2021,0.15340185,0.11486101
Turkey,3061,27971,Akyaka,2022,0.17800003,0.15219589
Turkey,3061,27971,Akyaka,2023,0.18422124,0.13303442
Turkey,3061,27971,Akyaka,2024,0.1913331,0.13974833
Turkey,3061,27972,Arpacay,2015,0.17120026,0.11024856
Turkey,3061,27972,Arpacay,2016,0.15969758,0.087914884
Turkey,3061,27972,Arpacay,2017,0.17515099,0.14035787
Turkey,3061,27972,Arpacay,2018,0.16842757,0.099361
Turkey,3061,27972,Arpacay,2019,0.17471436,0.12654294
Turkey,3061,27972,Arpacay,2020,0.16116457,0.09801082
Turkey,3061,27972,Arpacay,2021,0.16531481,0.1199094
Turkey,3061,27972,Arpacay,2022,0.14912121,0.10377607
Turkey,3061,27972,Arpacay,2023,0.17275831,0.1047278
Turkey,3061,27972,Arpacay,2024,0.18739034,0.11092289
Turkey,3061,27973,Digor,2015,0.20447636,0.1775369
Turkey,3061,27973,Digor,2016,0.190696,0.15099356
Turkey,3061,27973,Digor,2017,0.18914917,0.17159334
Turkey,3061,27973,Digor,2018,0.17239468,0.14161415
Turkey,3061,27973,Digor,2019,0.18867478,0.16633475
Turkey,3061,27973,Digor,2020,0.1891057,0.16286945
Turkey,3061,27973,Digor,2021,0.18658465,0.17493479
Turkey,3061,27973,Digor,2022,0.20531896,0.18021536
Turkey,3061,27973,Digor,2023,0.21894103,0.188643
Turkey,3061,27973,Digor,2024,0.22458428,0.18511945
Turkey,3061,27974,Kagizman,2015,0.21554476,0.15602723
Turkey,3061,27974,Kagizman,2016,0.22125238,0.16435319
Turkey,3061,27974,Kagizman,2017,0.2325455,0.18234326
Turkey,3061,27974,Kagizman,2018,0.23182651,0.17709324
Turkey,3061,27974,Kagizman,2019,0.23198472,0.17575645
Turkey,3061,27974,Kagizman,2020,0.22631523,0.16597
Turkey,3061,27974,Kagizman,2021,0.22877415,0.17891121
Turkey,3061,27974,Kagizman,2022,0.23018502,0.17163165
Turkey,3061,27974,Kagizman,2023,0.22433966,0.16138044
Turkey,3061,27974,Kagizman,2024,0.22357874,0.1627024
Turkey,3061,27975,Merkez,2015,0.12505378,0.072227284
Turkey,3061,27975,Merkez,2016,0.09768459,0.06626926
Turkey,3061,27975,Merkez,2017,0.09017419,0.07028669
Turkey,3061,27975,Merkez,2018,0.105475545,0.06621151
Turkey,3061,27975,Merkez,2019,0.11229116,0.0728314
Turkey,3061,27975,Merkez,2020,0.10978861,0.07433577
Turkey,3061,27975,Merkez,2021,0.106899396,0.07553391
Turkey,3061,27975,Merkez,2022,0.09250775,0.07134998
Turkey,3061,27975,Merkez,2023,0.09777014,0.06670534
Turkey,3061,27975,Merkez,2024,0.08204656,0.06177139
Turkey,3061,27976,Sarikamis,2015,0.2145467,0.11623516
Turkey,3061,27976,Sarikamis,2016,0.20415658,0.1052274
Turkey,3061,27976,Sarikamis,2017,0.20671156,0.13063526
Turkey,3061,27976,Sarikamis,2018,0.19297926,0.09386088
Turkey,3061,27976,Sarikamis,2019,0.20982827,0.123967476
Turkey,3061,27976,Sarikamis,2020,0.21618512,0.124332614
Turkey,3061,27976,Sarikamis,2021,0.20553698,0.13672057
Turkey,3061,27976,Sarikamis,2022,0.19461289,0.107069485
Turkey,3061,27976,Sarikamis,2023,0.18250337,0.09067836
Turkey,3061,27976,Sarikamis,2024,0.16792989,0.07319149
Turkey,3061,27977,Selim,2015,0.13054158,0.058785688
Turkey,3061,27977,Selim,2016,0.12904671,0.056138076
Turkey,3061,27977,Selim,2017,0.15722477,0.09507043
Turkey,3061,27977,Selim,2018,0.12611412,0.055063147
Turkey,3061,27977,Selim,2019,0.17894664,0.124402925
Turkey,3061,27977,Selim,2020,0.14134295,0.06997104
Turkey,3061,27977,Selim,2021,0.16440853,0.10077652
Turkey,3061,27977,Selim,2022,0.15571724,0.08874956
Turkey,3061,27977,Selim,2023,0.13606888,0.0628773
Turkey,3061,27977,Selim,2024,0.13496852,0.058295373
Turkey,3061,27978,Susuz,2015,0.16442631,0.10453792
Turkey,3061,27978,Susuz,2016,0.16319883,0.09987956
Turkey,3061,27978,Susuz,2017,0.17606172,0.14387232
Turkey,3061,27978,Susuz,2018,0.15692905,0.09169065
Turkey,3061,27978,Susuz,2019,0.1983653,0.15752912
Turkey,3061,27978,Susuz,2020,0.16512889,0.119365335
Turkey,3061,27978,Susuz,2021,0.19200642,0.16138197
Turkey,3061,27978,Susuz,2022,0.20385951,0.17180406
Turkey,3061,27978,Susuz,2023,0.19290987,0.12378864
Turkey,3061,27978,Susuz,2024,0.2052638,0.113669306
Turkey,3062,27979,Abana,2015,0.29668826,0.1538077
Turkey,3062,27979,Abana,2016,0.27652726,0.18203816
Turkey,3062,27979,Abana,2017,0.2999214,0.09346202
Turkey,3062,27979,Abana,2018,0.28531796,0.18711299
Turkey,3062,27979,Abana,2019,0.27595448,0.15677166
Turkey,3062,27979,Abana,2020,0.28492117,0.14609826
Turkey,3062,27979,Abana,2021,0.28061455,0.11373873
Turkey,3062,27979,Abana,2022,0.30269802,0.09705913
Turkey,3062,27979,Abana,2023,0.30844888,0.083640836
Turkey,3062,27979,Abana,2024,0.29632157,0.08501994
Turkey,3062,27981,Arac,2015,0.15771045,0.11602725
Turkey,3062,27981,Arac,2016,0.16572331,0.115523815
Turkey,3062,27981,Arac,2017,0.17224666,0.11457889
Turkey,3062,27981,Arac,2018,0.19275138,0.13341059
Turkey,3062,27981,Arac,2019,0.19036373,0.12501068
Turkey,3062,27981,Arac,2020,0.1960173,0.1373168
Turkey,3062,27981,Arac,2021,0.19105351,0.11733489
Turkey,3062,27981,Arac,2022,0.15503404,0.1042553
Turkey,3062,27981,Arac,2023,0.16941836,0.097257145
Turkey,3062,27981,Arac,2024,0.15639356,0.087432645
Turkey,3062,27983,Bozkurt,2015,0.27893913,0.20650929
Turkey,3062,27983,Bozkurt,2016,0.27063575,0.19760878
Turkey,3062,27983,Bozkurt,2017,0.26549855,0.17186305
Turkey,3062,27983,Bozkurt,2018,0.2807566,0.17809342
Turkey,3062,27983,Bozkurt,2019,0.2644797,0.1373834
Turkey,3062,27983,Bozkurt,2020,0.27819568,0.15339568
Turkey,3062,27983,Bozkurt,2021,0.26836956,0.18000838
Turkey,3062,27983,Bozkurt,2022,0.26688945,0.18929037
Turkey,3062,27983,Bozkurt,2023,0.25418928,0.15044245
Turkey,3062,27983,Bozkurt,2024,0.2656682,0.13835248
Turkey,3062,27984,Catalzeytin,2015,0.23483425,0.16209383
Turkey,3062,27984,Catalzeytin,2016,0.24158376,0.15699844
Turkey,3062,27984,Catalzeytin,2017,0.24209815,0.13499786
Turkey,3062,27984,Catalzeytin,2018,0.27139246,0.18556
Turkey,3062,27984,Catalzeytin,2019,0.25063846,0.09128425
Turkey,3062,27984,Catalzeytin,2020,0.25273246,0.16287932
Turkey,3062,27984,Catalzeytin,2021,0.26377666,0.12140663
Turkey,3062,27984,Catalzeytin,2022,0.2319587,0.12517634
Turkey,3062,27984,Catalzeytin,2023,0.2678401,0.17461643
Turkey,3062,27984,Catalzeytin,2024,0.26958624,0.16804221
Turkey,3062,27985,Cide,2015,0.27421844,0.144976
Turkey,3062,27985,Cide,2016,0.27526668,0.14326641
Turkey,3062,27985,Cide,2017,0.28215128,0.14996646
Turkey,3062,27985,Cide,2018,0.2945758,0.17339054
Turkey,3062,27985,Cide,2019,0.27775696,0.13104086
Turkey,3062,27985,Cide,2020,0.28288567,0.14300951
Turkey,3062,27985,Cide,2021,0.26843864,0.13641913
Turkey,3062,27985,Cide,2022,0.25575322,0.14604613
Turkey,3062,27985,Cide,2023,0.2858954,0.17623016
Turkey,3062,27985,Cide,2024,0.29436338,0.17668122
Turkey,3062,27986,Daday,2015,0.13597621,0.08597543
Turkey,3062,27986,Daday,2016,0.13242932,0.08690261
Turkey,3062,27986,Daday,2017,0.13813525,0.08115123
Turkey,3062,27986,Daday,2018,0.1623254,0.08371602
Turkey,3062,27986,Daday,2019,0.1455315,0.08346881
Turkey,3062,27986,Daday,2020,0.14363943,0.07030333
Turkey,3062,27986,Daday,2021,0.15057184,0.08164236
Turkey,3062,27986,Daday,2022,0.1556584,0.08553721
Turkey,3062,27986,Daday,2023,0.15376148,0.089771
Turkey,3062,27986,Daday,2024,0.17643532,0.09826491
Turkey,3062,27987,Devrekani,2015,0.15521175,0.06703517
Turkey,3062,27987,Devrekani,2016,0.14275144,0.063345596
Turkey,3062,27987,Devrekani,2017,0.16270655,0.07082911
Turkey,3062,27987,Devrekani,2018,0.17342156,0.086815454
Turkey,3062,27987,Devrekani,2019,0.16108395,0.07111556
Turkey,3062,27987,Devrekani,2020,0.16697937,0.0796788
Turkey,3062,27987,Devrekani,2021,0.15335533,0.064865746
Turkey,3062,27987,Devrekani,2022,0.15983213,0.07111563
Turkey,3062,27987,Devrekani,2023,0.16792533,0.083342284
Turkey,3062,27987,Devrekani,2024,0.15023273,0.07232939
Turkey,3062,27988,Doganyurt,2015,0.2607618,0.07543466
Turkey,3062,27988,Doganyurt,2016,0.25939533,0.07445164
Turkey,3062,27988,Doganyurt,2017,0.2148667,0.06520894
Turkey,3062,27988,Doganyurt,2018,0.24965653,0.10024972
Turkey,3062,27988,Doganyurt,2019,0.25600648,0.096839614
Turkey,3062,27988,Doganyurt,2020,0.26145202,0.10198799
Turkey,3062,27988,Doganyurt,2021,0.21861711,0.05677391
Turkey,3062,27988,Doganyurt,2022,0.1754382,0.0463622
Turkey,3062,27988,Doganyurt,2023,0.21738467,0.12080534
Turkey,3062,27988,Doganyurt,2024,0.21790126,0.10593848
Turkey,3062,27989,Hanonu,2015,0.17872429,0.13263363
Turkey,3062,27989,Hanonu,2016,0.16449322,0.12029299
Turkey,3062,27989,Hanonu,2017,0.18550862,0.12871651
Turkey,3062,27989,Hanonu,2018,0.19790949,0.15078284
Turkey,3062,27989,Hanonu,2019,0.19829452,0.13431422
Turkey,3062,27989,Hanonu,2020,0.19154122,0.12630782
Turkey,3062,27989,Hanonu,2021,0.19377384,0.12815045
Turkey,3062,27989,Hanonu,2022,0.17628676,0.11684613
Turkey,3062,27989,Hanonu,2023,0.19218822,0.14680305
Turkey,3062,27989,Hanonu,2024,0.18837059,0.13812032
Turkey,3062,27991,Inebolu,2015,0.26849633,0.17402017
Turkey,3062,27991,Inebolu,2016,0.26060134,0.20704266
Turkey,3062,27991,Inebolu,2017,0.2486617,0.15892555
Turkey,3062,27991,Inebolu,2018,0.2426434,0.16975439
Turkey,3062,27991,Inebolu,2019,0.25848514,0.13752244
Turkey,3062,27991,Inebolu,2020,0.2405765,0.1629084
Turkey,3062,27991,Inebolu,2021,0.22755325,0.14545545
Turkey,3062,27991,Inebolu,2022,0.21864969,0.17128643
Turkey,3062,27991,Inebolu,2023,0.2552265,0.12852055
Turkey,3062,27991,Inebolu,2024,0.2438612,0.11323027
Turkey,3062,27992,Kure,2015,0.25398427,0.101104
Turkey,3062,27992,Kure,2016,0.23290339,0.08796102
Turkey,3062,27992,Kure,2017,0.23388086,0.091968395
Turkey,3062,27992,Kure,2018,0.2501932,0.11107432
Turkey,3062,27992,Kure,2019,0.25774974,0.10145149
Turkey,3062,27992,Kure,2020,0.234983,0.08739557
Turkey,3062,27992,Kure,2021,0.19374579,0.09042108
Turkey,3062,27992,Kure,2022,0.19554727,0.0903839
Turkey,3062,27992,Kure,2023,0.21742256,0.08610228
Turkey,3062,27992,Kure,2024,0.21943772,0.09734902
Turkey,3062,27993,Merkez,2015,0.1317084,0.08937788
Turkey,3062,27993,Merkez,2016,0.14018378,0.09466657
Turkey,3062,27993,Merkez,2017,0.13806868,0.095795505
Turkey,3062,27993,Merkez,2018,0.11960266,0.08460675
Turkey,3062,27993,Merkez,2019,0.118190914,0.082256086
Turkey,3062,27993,Merkez,2020,0.110173136,0.07836862
Turkey,3062,27993,Merkez,2021,0.11238737,0.085718825
Turkey,3062,27993,Merkez,2022,0.10181555,0.076813884
Turkey,3062,27993,Merkez,2023,0.10303792,0.079162195
Turkey,3062,27993,Merkez,2024,0.10450681,0.074396536
Turkey,3062,27995,Senpazar,2015,0.17900065,0.08719651
Turkey,3062,27995,Senpazar,2016,0.1617139,0.08276172
Turkey,3062,27995,Senpazar,2017,0.17483146,0.089149944
Turkey,3062,27995,Senpazar,2018,0.1824727,0.0791374
Turkey,3062,27995,Senpazar,2019,0.17849913,0.0824375
Turkey,3062,27995,Senpazar,2020,0.18083821,0.0820467
Turkey,3062,27995,Senpazar,2021,0.16616681,0.07503489
Turkey,3062,27995,Senpazar,2022,0.1716816,0.09117872
Turkey,3062,27995,Senpazar,2023,0.18505938,0.080959216
Turkey,3062,27995,Senpazar,2024,0.18719281,0.08442528
Turkey,3062,27996,Seydiler,2015,0.1560415,0.088968046
Turkey,3062,27996,Seydiler,2016,0.14162078,0.06953025
Turkey,3062,27996,Seydiler,2017,0.17283005,0.09794673
Turkey,3062,27996,Seydiler,2018,0.17198351,0.08782484
Turkey,3062,27996,Seydiler,2019,0.1871261,0.10624263
Turkey,3062,27996,Seydiler,2020,0.17040634,0.10162819
Turkey,3062,27996,Seydiler,2021,0.16065772,0.08515349
Turkey,3062,27996,Seydiler,2022,0.16610138,0.11923641
Turkey,3062,27996,Seydiler,2023,0.16985837,0.095365085
Turkey,3062,27996,Seydiler,2024,0.16445452,0.08277282
Turkey,3062,27997,Taskopru,2015,0.24286038,0.17832713
Turkey,3062,27997,Taskopru,2016,0.23426569,0.16420338
Turkey,3062,27997,Taskopru,2017,0.23919041,0.18565857
Turkey,3062,27997,Taskopru,2018,0.24068855,0.19975966
Turkey,3062,27997,Taskopru,2019,0.21538281,0.13632858
Turkey,3062,27997,Taskopru,2020,0.22554186,0.1608956
Turkey,3062,27997,Taskopru,2021,0.21773139,0.14317562
Turkey,3062,27997,Taskopru,2022,0.21251208,0.14765915
Turkey,3062,27997,Taskopru,2023,0.20200977,0.11877312
Turkey,3062,27997,Taskopru,2024,0.21434554,0.14069493
Turkey,3062,27998,Tosya,2015,0.15942438,0.09182395
Turkey,3062,27998,Tosya,2016,0.14389366,0.087210454
Turkey,3062,27998,Tosya,2017,0.13341095,0.08505157
Turkey,3062,27998,Tosya,2018,0.13349393,0.0916757
Turkey,3062,27998,Tosya,2019,0.13720536,0.09236923
Turkey,3062,27998,Tosya,2020,0.13934503,0.09584911
Turkey,3062,27998,Tosya,2021,0.14258586,0.0970182
Turkey,3062,27998,Tosya,2022,0.14675052,0.09715537
Turkey,3062,27998,Tosya,2023,0.14062874,0.105122946
Turkey,3062,27998,Tosya,2024,0.13671826,0.10250602
Turkey,3063,27999,Akkisla,2015,0.23848283,0.17672905
Turkey,3063,27999,Akkisla,2016,0.22811799,0.18796554
Turkey,3063,27999,Akkisla,2017,0.23280136,0.1918801
Turkey,3063,27999,Akkisla,2018,0.22189075,0.18397972
Turkey,3063,27999,Akkisla,2019,0.23014955,0.18221098
Turkey,3063,27999,Akkisla,2020,0.232409,0.18203285
Turkey,3063,27999,Akkisla,2021,0.23177281,0.18599133
Turkey,3063,27999,Akkisla,2022,0.21464157,0.18894148
Turkey,3063,27999,Akkisla,2023,0.22236195,0.17409489
Turkey,3063,27999,Akkisla,2024,0.21617037,0.1717937
Turkey,3063,28000,Bunyan,2015,0.25541475,0.19708565
Turkey,3063,28000,Bunyan,2016,0.2539321,0.20004304
Turkey,3063,28000,Bunyan,2017,0.259862,0.21491228
Turkey,3063,28000,Bunyan,2018,0.22651765,0.17325456
Turkey,3063,28000,Bunyan,2019,0.23327728,0.18188618
Turkey,3063,28000,Bunyan,2020,0.24246703,0.18588495
Turkey,3063,28000,Bunyan,2021,0.24957076,0.19824454
Turkey,3063,28000,Bunyan,2022,0.23306227,0.1914292
Turkey,3063,28000,Bunyan,2023,0.22445108,0.14144072
Turkey,3063,28000,Bunyan,2024,0.21318378,0.13520084
Turkey,3063,28001,Develi,2015,0.19023287,0.12117458
Turkey,3063,28001,Develi,2016,0.18834275,0.12243685
Turkey,3063,28001,Develi,2017,0.18146476,0.13164335
Turkey,3063,28001,Develi,2018,0.16091704,0.09252967
Turkey,3063,28001,Develi,2019,0.16034696,0.091021344
Turkey,3063,28001,Develi,2020,0.14598043,0.07418598
Turkey,3063,28001,Develi,2021,0.14425147,0.07653947
Turkey,3063,28001,Develi,2022,0.1500074,0.09826498
Turkey,3063,28001,Develi,2023,0.11694252,0.06596086
Turkey,3063,28001,Develi,2024,0.11513992,0.065784425
Turkey,3063,28002,Felahiye,2015,0.1432209,0.08277559
Turkey,3063,28002,Felahiye,2016,0.14136088,0.08545765
Turkey,3063,28002,Felahiye,2017,0.16923422,0.12514438
Turkey,3063,28002,Felahiye,2018,0.1528824,0.09948735
Turkey,3063,28002,Felahiye,2019,0.18803194,0.14162296
Turkey,3063,28002,Felahiye,2020,0.19808462,0.1507751
Turkey,3063,28002,Felahiye,2021,0.20086655,0.15594922
Turkey,3063,28002,Felahiye,2022,0.1905316,0.15424086
Turkey,3063,28002,Felahiye,2023,0.17193471,0.114383385
Turkey,3063,28002,Felahiye,2024,0.18160939,0.12503271
Turkey,3063,28003,Hacilar,2015,0.03540557,0.033653237
Turkey,3063,28003,Hacilar,2016,0.033744503,0.03414431
Turkey,3063,28003,Hacilar,2017,0.03285193,0.033251736
Turkey,3063,28003,Hacilar,2018,0.03539717,0.03305158
Turkey,3063,28003,Hacilar,2019,0.041287128,0.035903655
Turkey,3063,28003,Hacilar,2020,0.043002702,0.041884962
Turkey,3063,28003,Hacilar,2021,0.04566127,0.040038195
Turkey,3063,28003,Hacilar,2022,0.038957946,0.03767939
Turkey,3063,28003,Hacilar,2023,0.03986465,0.039825547
Turkey,3063,28003,Hacilar,2024,0.04040893,0.038782116
Turkey,3063,28004,Incesu,2015,0.22670296,0.18399218
Turkey,3063,28004,Incesu,2016,0.22732022,0.19788358
Turkey,3063,28004,Incesu,2017,0.21678919,0.19686079
Turkey,3063,28004,Incesu,2018,0.199842,0.17976516
Turkey,3063,28004,Incesu,2019,0.21143213,0.18385665
Turkey,3063,28004,Incesu,2020,0.21248853,0.185147
Turkey,3063,28004,Incesu,2021,0.20169076,0.1723648
Turkey,3063,28004,Incesu,2022,0.21261325,0.18812327
Turkey,3063,28004,Incesu,2023,0.21622396,0.18112758
Turkey,3063,28004,Incesu,2024,0.2164782,0.18707949
Turkey,3063,28005,Kocasinan,2015,0.07943487,0.075801566
Turkey,3063,28005,Kocasinan,2016,0.07562428,0.07176012
Turkey,3063,28005,Kocasinan,2017,0.07686572,0.07162224
Turkey,3063,28005,Kocasinan,2018,0.07442473,0.070145585
Turkey,3063,28005,Kocasinan,2019,0.07585276,0.07157363
Turkey,3063,28005,Kocasinan,2020,0.0749756,0.07069645
Turkey,3063,28005,Kocasinan,2021,0.0749756,0.07069645
Turkey,3063,28005,Kocasinan,2022,0.075198755,0.07133458
Turkey,3063,28005,Kocasinan,2023,0.074436225,0.07182832
Turkey,3063,28005,Kocasinan,2024,0.0749756,0.07069645
Turkey,3063,28006,Melikgazi,2015,0.05969024,0.046117075
Turkey,3063,28006,Melikgazi,2016,0.060418967,0.060200747
Turkey,3063,28006,Melikgazi,2017,0.062051617,0.06282624
Turkey,3063,28006,Melikgazi,2018,0.058522813,0.04753472
Turkey,3063,28006,Melikgazi,2019,0.057753317,0.057005096
Turkey,3063,28006,Melikgazi,2020,0.056909885,0.056161664
Turkey,3063,28006,Melikgazi,2021,0.060693886,0.05999634
Turkey,3063,28006,Melikgazi,2022,0.05962656,0.058929015
Turkey,3063,28006,Melikgazi,2023,0.058204107,0.047601324
Turkey,3063,28006,Melikgazi,2024,0.05720556,0.045577407
Turkey,3063,28007,Ozvatan,2015,0.23584309,0.18330541
Turkey,3063,28007,Ozvatan,2016,0.23222747,0.18932202
Turkey,3063,28007,Ozvatan,2017,0.24066094,0.20188364
Turkey,3063,28007,Ozvatan,2018,0.21847442,0.17062771
Turkey,3063,28007,Ozvatan,2019,0.23511127,0.19235831
Turkey,3063,28007,Ozvatan,2020,0.22780095,0.18328784
Turkey,3063,28007,Ozvatan,2021,0.22683477,0.18931726
Turkey,3063,28007,Ozvatan,2022,0.20778875,0.17590609
Turkey,3063,28007,Ozvatan,2023,0.18792348,0.12623082
Turkey,3063,28007,Ozvatan,2024,0.20935708,0.14232759
Turkey,3063,28008,Pinarbasi,2015,0.18237549,0.1431615
Turkey,3063,28008,Pinarbasi,2016,0.16619185,0.14184472
Turkey,3063,28008,Pinarbasi,2017,0.16922085,0.14940451
Turkey,3063,28008,Pinarbasi,2018,0.1621668,0.12730703
Turkey,3063,28008,Pinarbasi,2019,0.19197202,0.1647549
Turkey,3063,28008,Pinarbasi,2020,0.18563882,0.15962705
Turkey,3063,28008,Pinarbasi,2021,0.18485597,0.16903481
Turkey,3063,28008,Pinarbasi,2022,0.21106146,0.193317
Turkey,3063,28008,Pinarbasi,2023,0.204766,0.16514352
Turkey,3063,28008,Pinarbasi,2024,0.19266078,0.1539143
Turkey,3063,28009,Sarioglan,2015,0.14101085,0.08845159
Turkey,3063,28009,Sarioglan,2016,0.14754346,0.10222886
Turkey,3063,28009,Sarioglan,2017,0.14583503,0.10198565
Turkey,3063,28009,Sarioglan,2018,0.1706675,0.12321554
Turkey,3063,28009,Sarioglan,2019,0.17931621,0.13575158
Turkey,3063,28009,Sarioglan,2020,0.18296975,0.13910288
Turkey,3063,28009,Sarioglan,2021,0.18258339,0.14043039
Turkey,3063,28009,Sarioglan,2022,0.18656433,0.14852664
Turkey,3063,28009,Sarioglan,2023,0.18351132,0.13439646
Turkey,3063,28009,Sarioglan,2024,0.17252047,0.12823993
Turkey,3063,28010,Sariz,2015,0.15411504,0.10425982
Turkey,3063,28010,Sariz,2016,0.15908238,0.11975926
Turkey,3063,28010,Sariz,2017,0.17642342,0.14772362
Turkey,3063,28010,Sariz,2018,0.16658181,0.13016969
Turkey,3063,28010,Sariz,2019,0.18654305,0.15436019
Turkey,3063,28010,Sariz,2020,0.19661368,0.17138956
Turkey,3063,28010,Sariz,2021,0.18960255,0.15828285
Turkey,3063,28010,Sariz,2022,0.18799494,0.1574145
Turkey,3063,28010,Sariz,2023,0.18287793,0.12846866
Turkey,3063,28010,Sariz,2024,0.18067828,0.1534982
Turkey,3063,28011,Talas,2015,0.075647615,0.073414944
Turkey,3063,28011,Talas,2016,0.08917998,0.07465781
Turkey,3063,28011,Talas,2017,0.084704325,0.08296222
Turkey,3063,28011,Talas,2018,0.08673473,0.074934974
Turkey,3063,28011,Talas,2019,0.086852625,0.076271355
Turkey,3063,28011,Talas,2020,0.098331735,0.08606864
Turkey,3063,28011,Talas,2021,0.11618515,0.10837065
Turkey,3063,28011,Talas,2022,0.11295901,0.11196487
Turkey,3063,28011,Talas,2023,0.11107601,0.0988685
Turkey,3063,28011,Talas,2024,0.110011466,0.09780396
Turkey,3063,28012,Tomarza,2015,0.13695477,0.10037074
Turkey,3063,28012,Tomarza,2016,0.14939171,0.11811161
Turkey,3063,28012,Tomarza,2017,0.15391958,0.1327057
Turkey,3063,28012,Tomarza,2018,0.1497222,0.10794443
Turkey,3063,28012,Tomarza,2019,0.15357463,0.116194695
Turkey,3063,28012,Tomarza,2020,0.15310958,0.122319974
Turkey,3063,28012,Tomarza,2021,0.18853426,0.1560775
Turkey,3063,28012,Tomarza,2022,0.18342061,0.17074552
Turkey,3063,28012,Tomarza,2023,0.17784704,0.12855324
Turkey,3063,28012,Tomarza,2024,0.17303008,0.14101845
Turkey,3063,28013,Yahyali,2015,0.17976627,0.1349802
Turkey,3063,28013,Yahyali,2016,0.18331519,0.13861859
Turkey,3063,28013,Yahyali,2017,0.17449006,0.1323112
Turkey,3063,28013,Yahyali,2018,0.16612612,0.106348164
Turkey,3063,28013,Yahyali,2019,0.16558683,0.13870391
Turkey,3063,28013,Yahyali,2020,0.15625739,0.1114281
Turkey,3063,28013,Yahyali,2021,0.1545074,0.111121476
Turkey,3063,28013,Yahyali,2022,0.16245115,0.104166955
Turkey,3063,28013,Yahyali,2023,0.14855815,0.08076858
Turkey,3063,28013,Yahyali,2024,0.14207649,0.09599465
Turkey,3063,28014,Yesilhisar,2015,0.18071589,0.123189226
Turkey,3063,28014,Yesilhisar,2016,0.18436894,0.13029733
Turkey,3063,28014,Yesilhisar,2017,0.19531906,0.14574195
Turkey,3063,28014,Yesilhisar,2018,0.14950016,0.093619764
Turkey,3063,28014,Yesilhisar,2019,0.15205108,0.10791526
Turkey,3063,28014,Yesilhisar,2020,0.15356682,0.09663669
Turkey,3063,28014,Yesilhisar,2021,0.17136812,0.14014131
Turkey,3063,28014,Yesilhisar,2022,0.17165256,0.14088592
Turkey,3063,28014,Yesilhisar,2023,0.14616582,0.10541016
Turkey,3063,28014,Yesilhisar,2024,0.1468124,0.11667775
Turkey,3064,28015,Elbeyli,2015,0.1539588,0.128732
Turkey,3064,28015,Elbeyli,2016,0.14672767,0.13192756
Turkey,3064,28015,Elbeyli,2017,0.14945,0.14002307
Turkey,3064,28015,Elbeyli,2018,0.12918903,0.13475622
Turkey,3064,28015,Elbeyli,2019,0.122501895,0.1182886
Turkey,3064,28015,Elbeyli,2020,0.15564005,0.138046
Turkey,3064,28015,Elbeyli,2021,0.1648629,0.1501557
Turkey,3064,28015,Elbeyli,2022,0.15489036,0.13689756
Turkey,3064,28015,Elbeyli,2023,0.15791018,0.14626679
Turkey,3064,28015,Elbeyli,2024,0.1337932,0.12582022
Turkey,3064,28016,Merkez,2015,0.07716951,0.069572985
Turkey,3064,28016,Merkez,2016,0.080610104,0.072084345
Turkey,3064,28016,Merkez,2017,0.0819274,0.07196362
Turkey,3064,28016,Merkez,2018,0.08131284,0.069686495
Turkey,3064,28016,Merkez,2019,0.0788736,0.068174355
Turkey,3064,28016,Merkez,2020,0.083362006,0.07395046
Turkey,3064,28016,Merkez,2021,0.081122935,0.07264689
Turkey,3064,28016,Merkez,2022,0.082416676,0.074211486
Turkey,3064,28016,Merkez,2023,0.07653637,0.07209165
Turkey,3064,28016,Merkez,2024,0.084292546,0.076133355
Turkey,3064,28017,Musabeyli,2015,0.1715037,0.14946735
Turkey,3064,28017,Musabeyli,2016,0.18097529,0.15665482
Turkey,3064,28017,Musabeyli,2017,0.14448738,0.12319888
Turkey,3064,28017,Musabeyli,2018,0.14374448,0.12823822
Turkey,3064,28017,Musabeyli,2019,0.12223564,0.11232141
Turkey,3064,28017,Musabeyli,2020,0.13424337,0.12001513
Turkey,3064,28017,Musabeyli,2021,0.15817398,0.14788702
Turkey,3064,28017,Musabeyli,2022,0.15057331,0.13760653
Turkey,3064,28017,Musabeyli,2023,0.16485472,0.15361035
Turkey,3064,28017,Musabeyli,2024,0.15767393,0.15036024
Turkey,3064,28018,Polateli,2015,0.23627576,0.18849534
Turkey,3064,28018,Polateli,2016,0.2356798,0.2018561
Turkey,3064,28018,Polateli,2017,0.21897474,0.18472338
Turkey,3064,28018,Polateli,2018,0.20195419,0.16670316
Turkey,3064,28018,Polateli,2019,0.15773623,0.1340813
Turkey,3064,28018,Polateli,2020,0.1688751,0.14682807
Turkey,3064,28018,Polateli,2021,0.17686683,0.15114519
Turkey,3064,28018,Polateli,2022,0.17743206,0.15254858
Turkey,3064,28018,Polateli,2023,0.16547768,0.13765132
Turkey,3064,28018,Polateli,2024,0.15911157,0.13722175
Turkey,3065,28019,Bahsili,2015,0.14202632,0.12293559
Turkey,3065,28019,Bahsili,2016,0.18429156,0.17868973
Turkey,3065,28019,Bahsili,2017,0.18549477,0.17618185
Turkey,3065,28019,Bahsili,2018,0.17430256,0.16810608
Turkey,3065,28019,Bahsili,2019,0.17835143,0.17436585
Turkey,3065,28019,Bahsili,2020,0.17236686,0.16888186
Turkey,3065,28019,Bahsili,2021,0.18383187,0.18163711
Turkey,3065,28019,Bahsili,2022,0.18576196,0.18498424
Turkey,3065,28019,Bahsili,2023,0.16566138,0.16620937
Turkey,3065,28019,Bahsili,2024,0.17796499,0.1736196
Turkey,3065,28020,Baliseyh,2015,0.16176745,0.11246094
Turkey,3065,28020,Baliseyh,2016,0.20999734,0.16344005
Turkey,3065,28020,Baliseyh,2017,0.22569782,0.18968731
Turkey,3065,28020,Baliseyh,2018,0.18769768,0.14680004
Turkey,3065,28020,Baliseyh,2019,0.19261667,0.15223859
Turkey,3065,28020,Baliseyh,2020,0.20775872,0.16889817
Turkey,3065,28020,Baliseyh,2021,0.21574771,0.17423049
Turkey,3065,28020,Baliseyh,2022,0.21144184,0.1769868
Turkey,3065,28020,Baliseyh,2023,0.19694823,0.15505624
Turkey,3065,28020,Baliseyh,2024,0.22297716,0.17627794
Turkey,3065,28021,Celebi,2015,0.1260284,0.094717026
Turkey,3065,28021,Celebi,2016,0.13007544,0.10406655
Turkey,3065,28021,Celebi,2017,0.14923716,0.12692389
Turkey,3065,28021,Celebi,2018,0.1422037,0.11429681
Turkey,3065,28021,Celebi,2019,0.14906573,0.12457134
Turkey,3065,28021,Celebi,2020,0.14839508,0.12453988
Turkey,3065,28021,Celebi,2021,0.16287234,0.1321467
Turkey,3065,28021,Celebi,2022,0.13647859,0.11363212
Turkey,3065,28021,Celebi,2023,0.123241365,0.12030806
Turkey,3065,28021,Celebi,2024,0.12272228,0.11538388
Turkey,3065,28022,Delice,2015,0.1382404,0.1005788
Turkey,3065,28022,Delice,2016,0.14257914,0.11436034
Turkey,3065,28022,Delice,2017,0.12675135,0.105426036
Turkey,3065,28022,Delice,2018,0.12584482,0.11365437
Turkey,3065,28022,Delice,2019,0.11836479,0.09646826
Turkey,3065,28022,Delice,2020,0.11623173,0.098673
Turkey,3065,28022,Delice,2021,0.13033551,0.113557905
Turkey,3065,28022,Delice,2022,0.12528601,0.10376244
Turkey,3065,28022,Delice,2023,0.099239245,0.08487093
Turkey,3065,28022,Delice,2024,0.11434005,0.089831315
Turkey,3065,28023,Karakecili,2015,0.19967449,0.18363754
Turkey,3065,28023,Karakecili,2016,0.19859424,0.19180787
Turkey,3065,28023,Karakecili,2017,0.2066024,0.20153101
Turkey,3065,28023,Karakecili,2018,0.1819831,0.17166181
Turkey,3065,28023,Karakecili,2019,0.19385561,0.18447833
Turkey,3065,28023,Karakecili,2020,0.1949019,0.18243933
Turkey,3065,28023,Karakecili,2021,0.18538448,0.17448935
Turkey,3065,28023,Karakecili,2022,0.18882796,0.18300456
Turkey,3065,28023,Karakecili,2023,0.16663808,0.16582015
Turkey,3065,28023,Karakecili,2024,0.17743647,0.17146131
Turkey,3065,28024,Keskin,2015,0.21335743,0.16656399
Turkey,3065,28024,Keskin,2016,0.20325156,0.1727768
Turkey,3065,28024,Keskin,2017,0.19184545,0.17176442
Turkey,3065,28024,Keskin,2018,0.1838947,0.15392032
Turkey,3065,28024,Keskin,2019,0.18751243,0.16011357
Turkey,3065,28024,Keskin,2020,0.18181315,0.15686427
Turkey,3065,28024,Keskin,2021,0.18246602,0.16086276
Turkey,3065,28024,Keskin,2022,0.18569079,0.15535212
Turkey,3065,28024,Keskin,2023,0.17355856,0.14655319
Turkey,3065,28024,Keskin,2024,0.17813985,0.14472163
Turkey,3065,28025,Merkez,2015,0.06701049,0.052589238
Turkey,3065,28025,Merkez,2016,0.060600158,0.055024136
Turkey,3065,28025,Merkez,2017,0.06123442,0.056569237
Turkey,3065,28025,Merkez,2018,0.0615818,0.054136205
Turkey,3065,28025,Merkez,2019,0.059969865,0.052524272
Turkey,3065,28025,Merkez,2020,0.067193195,0.052978586
Turkey,3065,28025,Merkez,2021,0.059715066,0.052269474
Turkey,3065,28025,Merkez,2022,0.060827218,0.053381618
Turkey,3065,28025,Merkez,2023,0.07033538,0.059170086
Turkey,3065,28025,Merkez,2024,0.06241602,0.051272735
Turkey,3065,28026,Sulakyurt,2015,0.16852763,0.14864217
Turkey,3065,28026,Sulakyurt,2016,0.18311645,0.17020202
Turkey,3065,28026,Sulakyurt,2017,0.19525158,0.1950318
Turkey,3065,28026,Sulakyurt,2018,0.18641286,0.18135025
Turkey,3065,28026,Sulakyurt,2019,0.18750155,0.17906746
Turkey,3065,28026,Sulakyurt,2020,0.18799612,0.18212882
Turkey,3065,28026,Sulakyurt,2021,0.19391555,0.1866875
Turkey,3065,28026,Sulakyurt,2022,0.19069576,0.1860171
Turkey,3065,28026,Sulakyurt,2023,0.18378162,0.17540419
Turkey,3065,28026,Sulakyurt,2024,0.19075432,0.18013829
Turkey,3065,28027,Yahsihan,2015,0.17033821,0.15336095
Turkey,3065,28027,Yahsihan,2016,0.15005933,0.13036236
Turkey,3065,28027,Yahsihan,2017,0.13883662,0.13031906
Turkey,3065,28027,Yahsihan,2018,0.14016007,0.1346014
Turkey,3065,28027,Yahsihan,2019,0.13489293,0.12038709
Turkey,3065,28027,Yahsihan,2020,0.13248946,0.12477678
Turkey,3065,28027,Yahsihan,2021,0.1363062,0.12486652
Turkey,3065,28027,Yahsihan,2022,0.13023697,0.11796371
Turkey,3065,28027,Yahsihan,2023,0.11401221,0.10702298
Turkey,3065,28027,Yahsihan,2024,0.10390128,0.09659371
Turkey,3066,28028,Babaeski,2015,0.15327266,0.108372435
Turkey,3066,28028,Babaeski,2016,0.156906,0.11107455
Turkey,3066,28028,Babaeski,2017,0.15419352,0.10811013
Turkey,3066,28028,Babaeski,2018,0.13846108,0.1082379
Turkey,3066,28028,Babaeski,2019,0.14918253,0.11242992
Turkey,3066,28028,Babaeski,2020,0.15473723,0.11146475
Turkey,3066,28028,Babaeski,2021,0.14244346,0.108197466
Turkey,3066,28028,Babaeski,2022,0.13461037,0.10274199
Turkey,3066,28028,Babaeski,2023,0.11019767,0.09291875
Turkey,3066,28028,Babaeski,2024,0.11237578,0.08704206
Turkey,3066,28029,Demirkoy,2015,0.29481304,0.22162348
Turkey,3066,28029,Demirkoy,2016,0.2713685,0.1975896
Turkey,3066,28029,Demirkoy,2017,0.2666873,0.18347171
Turkey,3066,28029,Demirkoy,2018,0.2797752,0.21392898
Turkey,3066,28029,Demirkoy,2019,0.26990235,0.2195189
Turkey,3066,28029,Demirkoy,2020,0.25364065,0.19787475
Turkey,3066,28029,Demirkoy,2021,0.23084491,0.17946523
Turkey,3066,28029,Demirkoy,2022,0.24837285,0.18687421
Turkey,3066,28029,Demirkoy,2023,0.2543309,0.22271734
Turkey,3066,28029,Demirkoy,2024,0.2337186,0.19804725
Turkey,3066,28030,Kofcaz,2015,0.17895526,0.11957584
Turkey,3066,28030,Kofcaz,2016,0.17801741,0.09425962
Turkey,3066,28030,Kofcaz,2017,0.17744806,0.12283963
Turkey,3066,28030,Kofcaz,2018,0.14885989,0.07359629
Turkey,3066,28030,Kofcaz,2019,0.14134665,0.07266645
Turkey,3066,28030,Kofcaz,2020,0.1613062,0.09902063
Turkey,3066,28030,Kofcaz,2021,0.11707187,0.06534143
Turkey,3066,28030,Kofcaz,2022,0.15752915,0.10937458
Turkey,3066,28030,Kofcaz,2023,0.14862995,0.107298136
Turkey,3066,28030,Kofcaz,2024,0.14380704,0.09248942
Turkey,3066,28031,Luleburgaz,2015,0.09830719,0.06733413
Turkey,3066,28031,Luleburgaz,2016,0.09463658,0.06960144
Turkey,3066,28031,Luleburgaz,2017,0.09706363,0.06944788
Turkey,3066,28031,Luleburgaz,2018,0.08932531,0.06608525
Turkey,3066,28031,Luleburgaz,2019,0.08999831,0.064676896
Turkey,3066,28031,Luleburgaz,2020,0.09599254,0.064168744
Turkey,3066,28031,Luleburgaz,2021,0.101840585,0.07652216
Turkey,3066,28031,Luleburgaz,2022,0.09188166,0.07094725
Turkey,3066,28031,Luleburgaz,2023,0.093215965,0.078619435
Turkey,3066,28031,Luleburgaz,2024,0.09949637,0.08134401
Turkey,3066,28032,Merkez,2015,0.1641472,0.097779095
Turkey,3066,28032,Merkez,2016,0.16386355,0.09683842
Turkey,3066,28032,Merkez,2017,0.15533786,0.099550895
Turkey,3066,28032,Merkez,2018,0.14633395,0.096131675
Turkey,3066,28032,Merkez,2019,0.15113011,0.10512912
Turkey,3066,28032,Merkez,2020,0.15454338,0.10143155
Turkey,3066,28032,Merkez,2021,0.14283955,0.09791072
Turkey,3066,28032,Merkez,2022,0.14211118,0.08576989
Turkey,3066,28032,Merkez,2023,0.12666509,0.08648219
Turkey,3066,28032,Merkez,2024,0.13182643,0.09249566
Turkey,3066,28033,Pehlivankoy,2015,0.15741709,0.10583314
Turkey,3066,28033,Pehlivankoy,2016,0.15732361,0.10361422
Turkey,3066,28033,Pehlivankoy,2017,0.14815395,0.11317995
Turkey,3066,28033,Pehlivankoy,2018,0.16559099,0.11931764
Turkey,3066,28033,Pehlivankoy,2019,0.15276834,0.10424199
Turkey,3066,28033,Pehlivankoy,2020,0.1473873,0.102451436
Turkey,3066,28033,Pehlivankoy,2021,0.1447068,0.10448516
Turkey,3066,28033,Pehlivankoy,2022,0.13616318,0.10171501
Turkey,3066,28033,Pehlivankoy,2023,0.13501485,0.1167373
Turkey,3066,28033,Pehlivankoy,2024,0.12851506,0.10080518
Turkey,3066,28034,Pinarhisar,2015,0.22169815,0.1701877
Turkey,3066,28034,Pinarhisar,2016,0.2288155,0.17754087
Turkey,3066,28034,Pinarhisar,2017,0.22937036,0.16823469
Turkey,3066,28034,Pinarhisar,2018,0.21918187,0.17715392
Turkey,3066,28034,Pinarhisar,2019,0.2100797,0.16996302
Turkey,3066,28034,Pinarhisar,2020,0.2194088,0.16524474
Turkey,3066,28034,Pinarhisar,2021,0.20352708,0.15091117
Turkey,3066,28034,Pinarhisar,2022,0.20519432,0.14798528
Turkey,3066,28034,Pinarhisar,2023,0.18051937,0.15241587
Turkey,3066,28034,Pinarhisar,2024,0.20318821,0.1503988
Turkey,3066,28035,Vize,2015,0.2537639,0.20720606
Turkey,3066,28035,Vize,2016,0.24069333,0.19499522
Turkey,3066,28035,Vize,2017,0.24525747,0.19340086
Turkey,3066,28035,Vize,2018,0.2459907,0.21765985
Turkey,3066,28035,Vize,2019,0.2366246,0.2048621
Turkey,3066,28035,Vize,2020,0.21764049,0.16450657
Turkey,3066,28035,Vize,2021,0.21387473,0.14744833
Turkey,3066,28035,Vize,2022,0.2194756,0.1316917
Turkey,3066,28035,Vize,2023,0.20308247,0.16370653
Turkey,3066,28035,Vize,2024,0.20878601,0.17881978
Turkey,3067,28036,Akcakent,2015,0.1669729,0.1095365
Turkey,3067,28036,Akcakent,2016,0.1647903,0.12378518
Turkey,3067,28036,Akcakent,2017,0.18350804,0.15110935
Turkey,3067,28036,Akcakent,2018,0.17585872,0.13799621
Turkey,3067,28036,Akcakent,2019,0.20302095,0.16867325
Turkey,3067,28036,Akcakent,2020,0.2017777,0.17635833
Turkey,3067,28036,Akcakent,2021,0.20687117,0.1761816
Turkey,3067,28036,Akcakent,2022,0.2054779,0.1728026
Turkey,3067,28036,Akcakent,2023,0.20032331,0.15991613
Turkey,3067,28036,Akcakent,2024,0.20548907,0.151468
Turkey,3067,28037,Akpinar,2015,0.19194898,0.1519986
Turkey,3067,28037,Akpinar,2016,0.20691442,0.17290914
Turkey,3067,28037,Akpinar,2017,0.20474306,0.17839745
Turkey,3067,28037,Akpinar,2018,0.19438788,0.15717389
Turkey,3067,28037,Akpinar,2019,0.1885467,0.1540112
Turkey,3067,28037,Akpinar,2020,0.18772581,0.16005325
Turkey,3067,28037,Akpinar,2021,0.1980339,0.17074187
Turkey,3067,28037,Akpinar,2022,0.19974008,0.17697206
Turkey,3067,28037,Akpinar,2023,0.1883255,0.15455845
Turkey,3067,28037,Akpinar,2024,0.1869081,0.14902015
Turkey,3067,28038,Boztepe,2015,0.19111916,0.15050025
Turkey,3067,28038,Boztepe,2016,0.20161167,0.18470272
Turkey,3067,28038,Boztepe,2017,0.20755902,0.19987552
Turkey,3067,28038,Boztepe,2018,0.19292472,0.18433109
Turkey,3067,28038,Boztepe,2019,0.19341478,0.18354556
Turkey,3067,28038,Boztepe,2020,0.19228709,0.18802203
Turkey,3067,28038,Boztepe,2021,0.19484213,0.19788507
Turkey,3067,28038,Boztepe,2022,0.19784114,0.19832423
Turkey,3067,28038,Boztepe,2023,0.18186682,0.1755414
Turkey,3067,28038,Boztepe,2024,0.18756567,0.18061131
Turkey,3067,28039,Cicekdagi,2015,0.19038075,0.1667425
Turkey,3067,28039,Cicekdagi,2016,0.1936627,0.18195759
Turkey,3067,28039,Cicekdagi,2017,0.1931029,0.1827673
Turkey,3067,28039,Cicekdagi,2018,0.18389843,0.16998734
Turkey,3067,28039,Cicekdagi,2019,0.18249625,0.17460449
Turkey,3067,28039,Cicekdagi,2020,0.18646379,0.181725
Turkey,3067,28039,Cicekdagi,2021,0.17817256,0.17547545
Turkey,3067,28039,Cicekdagi,2022,0.19512884,0.1902194
Turkey,3067,28039,Cicekdagi,2023,0.17819372,0.167777
Turkey,3067,28039,Cicekdagi,2024,0.18084835,0.1740416
Turkey,3067,28040,Kaman,2015,0.15792108,0.08269626
Turkey,3067,28040,Kaman,2016,0.15662232,0.10334274
Turkey,3067,28040,Kaman,2017,0.15443477,0.10397352
Turkey,3067,28040,Kaman,2018,0.1282134,0.08704186
Turkey,3067,28040,Kaman,2019,0.1457025,0.09909123
Turkey,3067,28040,Kaman,2020,0.12681845,0.09920343
Turkey,3067,28040,Kaman,2021,0.15248689,0.11400868
Turkey,3067,28040,Kaman,2022,0.14060885,0.11199172
Turkey,3067,28040,Kaman,2023,0.1333574,0.09015122
Turkey,3067,28040,Kaman,2024,0.12575178,0.08627708
Turkey,3067,28041,Merkez,2015,0.11379539,0.07037517
Turkey,3067,28041,Merkez,2016,0.10587184,0.09185964
Turkey,3067,28041,Merkez,2017,0.104338914,0.09768779
Turkey,3067,28041,Merkez,2018,0.09235584,0.077153794
Turkey,3067,28041,Merkez,2019,0.10531688,0.08628151
Turkey,3067,28041,Merkez,2020,0.09932125,0.08634296
Turkey,3067,28041,Merkez,2021,0.10725511,0.09017393
Turkey,3067,28041,Merkez,2022,0.10385761,0.07849991
Turkey,3067,28041,Merkez,2023,0.08680638,0.07359555
Turkey,3067,28041,Merkez,2024,0.088440165,0.073227026
Turkey,3067,28042,Mucur,2015,0.19400309,0.14654516
Turkey,3067,28042,Mucur,2016,0.18720523,0.15994814
Turkey,3067,28042,Mucur,2017,0.1873643,0.16460969
Turkey,3067,28042,Mucur,2018,0.17666052,0.14326175
Turkey,3067,28042,Mucur,2019,0.17236844,0.14142667
Turkey,3067,28042,Mucur,2020,0.163203,0.14185971
Turkey,3067,28042,Mucur,2021,0.1577828,0.1399987
Turkey,3067,28042,Mucur,2022,0.17182001,0.15411513
Turkey,3067,28042,Mucur,2023,0.16341102,0.12759702
Turkey,3067,28042,Mucur,2024,0.14683102,0.12364576
Turkey,3068,28043,Gebze,2015,0.008667577,0.004736556
Turkey,3068,28043,Gebze,2016,0.009265241,0.00486367
Turkey,3068,28043,Gebze,2017,0.010875678,0.0069446615
Turkey,3068,28043,Gebze,2018,0.009022479,0.005550757
Turkey,3068,28043,Gebze,2019,0.011572704,0.0076416903
Turkey,3068,28043,Gebze,2020,0.013428335,0.009497319
Turkey,3068,28043,Gebze,2021,0.014844063,0.010913047
Turkey,3068,28043,Gebze,2022,0.009953322,0.00679455
Turkey,3068,28043,Gebze,2023,0.014883273,0.012321756
Turkey,3068,28043,Gebze,2024,0.008982054,0.00679455
Turkey,3068,28044,Golcuk,2015,0.03796728,0.03876797
Turkey,3068,28044,Golcuk,2016,0.028432107,0.026143366
Turkey,3068,28044,Golcuk,2017,0.034187417,0.03394464
Turkey,3068,28044,Golcuk,2018,0.030934958,0.028212251
Turkey,3068,28044,Golcuk,2019,0.02822822,0.029488211
Turkey,3068,28044,Golcuk,2020,0.04050804,0.041308735
Turkey,3068,28044,Golcuk,2021,0.045708373,0.04349957
Turkey,3068,28044,Golcuk,2022,0.043588188,0.04446881
Turkey,3068,28044,Golcuk,2023,0.04491017,0.042836275
Turkey,3068,28044,Golcuk,2024,0.035653364,0.03293066
Turkey,3068,28045,Kandira,2015,0.24971196,0.13339481
Turkey,3068,28045,Kandira,2016,0.23900452,0.13638109
Turkey,3068,28045,Kandira,2017,0.24900222,0.13235788
Turkey,3068,28045,Kandira,2018,0.254893,0.16633278
Turkey,3068,28045,Kandira,2019,0.24734142,0.12240019
Turkey,3068,28045,Kandira,2020,0.22646122,0.11803196
Turkey,3068,28045,Kandira,2021,0.24414173,0.119388305
Turkey,3068,28045,Kandira,2022,0.23248352,0.122920424
Turkey,3068,28045,Kandira,2023,0.23624015,0.11936218
Turkey,3068,28045,Kandira,2024,0.23913717,0.12509865
Turkey,3068,28046,Karamursel,2015,0.19928557,0.15238449
Turkey,3068,28046,Karamursel,2016,0.17121837,0.15761605
Turkey,3068,28046,Karamursel,2017,0.17472792,0.14403658
Turkey,3068,28046,Karamursel,2018,0.18800433,0.1864869
Turkey,3068,28046,Karamursel,2019,0.1879315,0.17082278
Turkey,3068,28046,Karamursel,2020,0.18302041,0.14836852
Turkey,3068,28046,Karamursel,2021,0.1629549,0.14549604
Turkey,3068,28046,Karamursel,2022,0.15777403,0.1531781
Turkey,3068,28046,Karamursel,2023,0.15785745,0.13038427
Turkey,3068,28046,Karamursel,2024,0.16758938,0.13844869
Turkey,3068,28047,Korfez,2015,0.16614923,0.076133475
Turkey,3068,28047,Korfez,2016,0.15474759,0.0797312
Turkey,3068,28047,Korfez,2017,0.14770399,0.07807488
Turkey,3068,28047,Korfez,2018,0.1252699,0.074404225
Turkey,3068,28047,Korfez,2019,0.124057695,0.07328142
Turkey,3068,28047,Korfez,2020,0.115103334,0.067689784
Turkey,3068,28047,Korfez,2021,0.11159287,0.07151596
Turkey,3068,28047,Korfez,2022,0.12426527,0.08059678
Turkey,3068,28047,Korfez,2023,0.08400028,0.06836824
Turkey,3068,28047,Korfez,2024,0.08607583,0.06802481
Turkey,3068,28048,Merkez,2015,0.021404766,0.013435935
Turkey,3068,28048,Merkez,2016,0.019884028,0.016264714
Turkey,3068,28048,Merkez,2017,0.020288793,0.014961097
Turkey,3068,28048,Merkez,2018,0.025531745,0.014486546
Turkey,3068,28048,Merkez,2019,0.023497758,0.013876104
Turkey,3068,28048,Merkez,2020,0.019075658,0.012982734
Turkey,3068,28048,Merkez,2021,0.020010574,0.014986782
Turkey,3068,28048,Merkez,2022,0.025033858,0.016856615
Turkey,3068,28048,Merkez,2023,0.023662025,0.014205819
Turkey,3068,28048,Merkez,2024,0.021896971,0.010601093
Turkey,3069,28049,Ahirli,2015,0.1317205,0.06932317
Turkey,3069,28049,Ahirli,2016,0.12875043,0.076147154
Turkey,3069,28049,Ahirli,2017,0.16196245,0.12847723
Turkey,3069,28049,Ahirli,2018,0.16919833,0.123955145
Turkey,3069,28049,Ahirli,2019,0.17775947,0.14741217
Turkey,3069,28049,Ahirli,2020,0.18124449,0.14960995
Turkey,3069,28049,Ahirli,2021,0.1631538,0.14045551
Turkey,3069,28049,Ahirli,2022,0.1672794,0.14788769
Turkey,3069,28049,Ahirli,2023,0.17222908,0.13702747
Turkey,3069,28049,Ahirli,2024,0.15524393,0.13184977
Turkey,3069,28050,Akoren,2015,0.17785893,0.13364981
Turkey,3069,28050,Akoren,2016,0.18305376,0.14489211
Turkey,3069,28050,Akoren,2017,0.1597135,0.119847685
Turkey,3069,28050,Akoren,2018,0.14172512,0.11036454
Turkey,3069,28050,Akoren,2019,0.12677573,0.09357629
Turkey,3069,28050,Akoren,2020,0.12162677,0.096378975
Turkey,3069,28050,Akoren,2021,0.13432007,0.10057847
Turkey,3069,28050,Akoren,2022,0.13974184,0.10633398
Turkey,3069,28050,Akoren,2023,0.12938641,0.08551378
Turkey,3069,28050,Akoren,2024,0.12357366,0.08844434
Turkey,3069,28051,Aksehir,2015,0.10917558,0.076491095
Turkey,3069,28051,Aksehir,2016,0.10970929,0.073689885
Turkey,3069,28051,Aksehir,2017,0.09740998,0.06996338
Turkey,3069,28051,Aksehir,2018,0.08166698,0.07084085
Turkey,3069,28051,Aksehir,2019,0.0789633,0.06891996
Turkey,3069,28051,Aksehir,2020,0.078090124,0.07132105
Turkey,3069,28051,Aksehir,2021,0.07533578,0.068729624
Turkey,3069,28051,Aksehir,2022,0.0812806,0.071072586
Turkey,3069,28051,Aksehir,2023,0.07486607,0.07133053
Turkey,3069,28051,Aksehir,2024,0.07557926,0.071209595
Turkey,3069,28052,Altinekin,2015,0.21725237,0.1672391
Turkey,3069,28052,Altinekin,2016,0.22550793,0.20343164
Turkey,3069,28052,Altinekin,2017,0.22179496,0.18638612
Turkey,3069,28052,Altinekin,2018,0.19958419,0.15796417
Turkey,3069,28052,Altinekin,2019,0.2014513,0.16066183
Turkey,3069,28052,Altinekin,2020,0.19598588,0.1581604
Turkey,3069,28052,Altinekin,2021,0.20611714,0.17180768
Turkey,3069,28052,Altinekin,2022,0.21364102,0.17835145
Turkey,3069,28052,Altinekin,2023,0.20756817,0.16255957
Turkey,3069,28052,Altinekin,2024,0.188431,0.15334539
Turkey,3069,28053,Beysehir,2015,0.17746632,0.09407492
Turkey,3069,28053,Beysehir,2016,0.17557149,0.09366234
Turkey,3069,28053,Beysehir,2017,0.164076,0.09161078
Turkey,3069,28053,Beysehir,2018,0.13552389,0.0907299
Turkey,3069,28053,Beysehir,2019,0.13358808,0.084701195
Turkey,3069,28053,Beysehir,2020,0.12420961,0.08309807
Turkey,3069,28053,Beysehir,2021,0.114247784,0.06471943
Turkey,3069,28053,Beysehir,2022,0.11771205,0.06525202
Turkey,3069,28053,Beysehir,2023,0.102167234,0.06422735
Turkey,3069,28053,Beysehir,2024,0.094685726,0.064293526
Turkey,3069,28054,Bozkir,2015,0.17682245,0.13660075
Turkey,3069,28054,Bozkir,2016,0.2018204,0.16434114
Turkey,3069,28054,Bozkir,2017,0.22305673,0.19486687
Turkey,3069,28054,Bozkir,2018,0.19733152,0.15972844
Turkey,3069,28054,Bozkir,2019,0.20943958,0.17198004
Turkey,3069,28054,Bozkir,2020,0.20999302,0.176667
Turkey,3069,28054,Bozkir,2021,0.19574863,0.16356921
Turkey,3069,28054,Bozkir,2022,0.20527504,0.18023708
Turkey,3069,28054,Bozkir,2023,0.198454,0.1486694
Turkey,3069,28054,Bozkir,2024,0.18861225,0.15912893
Turkey,3069,28055,Celtik,2015,0.18310492,0.1198248
Turkey,3069,28055,Celtik,2016,0.19861278,0.14527395
Turkey,3069,28055,Celtik,2017,0.18432146,0.13444814
Turkey,3069,28055,Celtik,2018,0.19886252,0.15066448
Turkey,3069,28055,Celtik,2019,0.20529047,0.15259677
Turkey,3069,28055,Celtik,2020,0.20213628,0.15396594
Turkey,3069,28055,Celtik,2021,0.18019396,0.13206935
Turkey,3069,28055,Celtik,2022,0.1883143,0.14157525
Turkey,3069,28055,Celtik,2023,0.19188157,0.13858685
Turkey,3069,28055,Celtik,2024,0.16465174,0.12903829
Turkey,3069,28056,Cihanbeyli,2015,0.19992612,0.15735966
Turkey,3069,28056,Cihanbeyli,2016,0.20106602,0.18642473
Turkey,3069,28056,Cihanbeyli,2017,0.19043037,0.17542452
Turkey,3069,28056,Cihanbeyli,2018,0.17239684,0.14597312
Turkey,3069,28056,Cihanbeyli,2019,0.17491665,0.14831482
Turkey,3069,28056,Cihanbeyli,2020,0.1642156,0.14193285
Turkey,3069,28056,Cihanbeyli,2021,0.15966615,0.14920615
Turkey,3069,28056,Cihanbeyli,2022,0.16222605,0.14852142
Turkey,3069,28056,Cihanbeyli,2023,0.15015641,0.12159265
Turkey,3069,28056,Cihanbeyli,2024,0.14295742,0.11656301
Turkey,3069,28057,Cumra,2015,0.13035788,0.09012166
Turkey,3069,28057,Cumra,2016,0.13552505,0.10320321
Turkey,3069,28057,Cumra,2017,0.12946272,0.08803987
Turkey,3069,28057,Cumra,2018,0.10822508,0.08558455
Turkey,3069,28057,Cumra,2019,0.113369875,0.08659442
Turkey,3069,28057,Cumra,2020,0.11760517,0.09196861
Turkey,3069,28057,Cumra,2021,0.114954226,0.08809348
Turkey,3069,28057,Cumra,2022,0.11283713,0.08659442
Turkey,3069,28057,Cumra,2023,0.094655484,0.07163709
Turkey,3069,28057,Cumra,2024,0.09609802,0.07271113
Turkey,3069,28058,Derbent,2015,0.19098127,0.14409485
Turkey,3069,28058,Derbent,2016,0.19425797,0.15054154
Turkey,3069,28058,Derbent,2017,0.18048331,0.14118785
Turkey,3069,28058,Derbent,2018,0.1850799,0.1356599
Turkey,3069,28058,Derbent,2019,0.1853298,0.14125116
Turkey,3069,28058,Derbent,2020,0.19299391,0.14433223
Turkey,3069,28058,Derbent,2021,0.17404228,0.1301791
Turkey,3069,28058,Derbent,2022,0.17167893,0.13374698
Turkey,3069,28058,Derbent,2023,0.17190406,0.12676343
Turkey,3069,28058,Derbent,2024,0.17142898,0.119013384
Turkey,3069,28059,Derebucak,2015,0.14553878,0.074865036
Turkey,3069,28059,Derebucak,2016,0.16332522,0.10332896
Turkey,3069,28059,Derebucak,2017,0.1711499,0.1275747
Turkey,3069,28059,Derebucak,2018,0.15102011,0.09246312
Turkey,3069,28059,Derebucak,2019,0.111312926,0.08041805
Turkey,3069,28059,Derebucak,2020,0.116547935,0.08885542
Turkey,3069,28059,Derebucak,2021,0.14449047,0.0994548
Turkey,3069,28059,Derebucak,2022,0.1367061,0.090040654
Turkey,3069,28059,Derebucak,2023,0.14105175,0.10003934
Turkey,3069,28059,Derebucak,2024,0.13545112,0.096446864
Turkey,3069,28060,Doganhisar,2015,0.20161393,0.10248277
Turkey,3069,28060,Doganhisar,2016,0.20744866,0.10281891
Turkey,3069,28060,Doganhisar,2017,0.2031794,0.11667584
Turkey,3069,28060,Doganhisar,2018,0.17870906,0.105218746
Turkey,3069,28060,Doganhisar,2019,0.17911717,0.10575616
Turkey,3069,28060,Doganhisar,2020,0.16874607,0.10448488
Turkey,3069,28060,Doganhisar,2021,0.16744417,0.10045496
Turkey,3069,28060,Doganhisar,2022,0.17511481,0.0979716
Turkey,3069,28060,Doganhisar,2023,0.1634641,0.0996008
Turkey,3069,28060,Doganhisar,2024,0.1647076,0.10419158
Turkey,3069,28061,Emirgazi,2015,0.16719678,0.12915738
Turkey,3069,28061,Emirgazi,2016,0.18371728,0.16355106
Turkey,3069,28061,Emirgazi,2017,0.16084145,0.13980995
Turkey,3069,28061,Emirgazi,2018,0.16348752,0.12724927
Turkey,3069,28061,Emirgazi,2019,0.18052989,0.15044805
Turkey,3069,28061,Emirgazi,2020,0.19801691,0.16934119
Turkey,3069,28061,Emirgazi,2021,0.21043941,0.17779198
Turkey,3069,28061,Emirgazi,2022,0.20832902,0.18617326
Turkey,3069,28061,Emirgazi,2023,0.22118777,0.18393463
Turkey,3069,28061,Emirgazi,2024,0.21187419,0.17218101
Turkey,3069,28062,Eregli,2015,0.1729128,0.118784495
Turkey,3069,28062,Eregli,2016,0.16841692,0.13378277
Turkey,3069,28062,Eregli,2017,0.1669283,0.1330701
Turkey,3069,28062,Eregli,2018,0.14557244,0.116161324
Turkey,3069,28062,Eregli,2019,0.14804833,0.12179831
Turkey,3069,28062,Eregli,2020,0.15173522,0.12412016
Turkey,3069,28062,Eregli,2021,0.1592304,0.13183166
Turkey,3069,28062,Eregli,2022,0.15396595,0.12380108
Turkey,3069,28062,Eregli,2023,0.14696503,0.109403715
Turkey,3069,28062,Eregli,2024,0.13638556,0.10560479
Turkey,3069,28063,Guneysinir,2015,0.12804009,0.08246272
Turkey,3069,28063,Guneysinir,2016,0.14644119,0.102516145
Turkey,3069,28063,Guneysinir,2017,0.1397286,0.11029209
Turkey,3069,28063,Guneysinir,2018,0.116157725,0.08951347
Turkey,3069,28063,Guneysinir,2019,0.10323802,0.08467976
Turkey,3069,28063,Guneysinir,2020,0.10892809,0.085143544
Turkey,3069,28063,Guneysinir,2021,0.12317967,0.100324795
Turkey,3069,28063,Guneysinir,2022,0.12772194,0.105328746
Turkey,3069,28063,Guneysinir,2023,0.11582208,0.09380757
Turkey,3069,28063,Guneysinir,2024,0.11472238,0.09354604
Turkey,3069,28064,Hadim,2015,0.15672676,0.11609078
Turkey,3069,28064,Hadim,2016,0.16188097,0.12611741
Turkey,3069,28064,Hadim,2017,0.15443565,0.1176212
Turkey,3069,28064,Hadim,2018,0.15501307,0.120061755
Turkey,3069,28064,Hadim,2019,0.15013884,0.11398421
Turkey,3069,28064,Hadim,2020,0.15681903,0.12276515
Turkey,3069,28064,Hadim,2021,0.14646898,0.11228468
Turkey,3069,28064,Hadim,2022,0.14543459,0.10829905
Turkey,3069,28064,Hadim,2023,0.14342704,0.0997484
Turkey,3069,28064,Hadim,2024,0.14019881,0.108254254
Turkey,3069,28065,Halkapinar,2015,0.21524073,0.14039487
Turkey,3069,28065,Halkapinar,2016,0.21706873,0.15126234
Turkey,3069,28065,Halkapinar,2017,0.23249505,0.17018393
Turkey,3069,28065,Halkapinar,2018,0.23816353,0.18777913
Turkey,3069,28065,Halkapinar,2019,0.24343047,0.18821263
Turkey,3069,28065,Halkapinar,2020,0.24532545,0.1980525
Turkey,3069,28065,Halkapinar,2021,0.2464455,0.198657
Turkey,3069,28065,Halkapinar,2022,0.23488535,0.19356258
Turkey,3069,28065,Halkapinar,2023,0.22419827,0.17827997
Turkey,3069,28065,Halkapinar,2024,0.22511765,0.1840738
Turkey,3069,28066,Huyuk,2015,0.20784265,0.15322646
Turkey,3069,28066,Huyuk,2016,0.18683574,0.13498577
Turkey,3069,28066,Huyuk,2017,0.1789755,0.1269526
Turkey,3069,28066,Huyuk,2018,0.16431399,0.09756577
Turkey,3069,28066,Huyuk,2019,0.1595742,0.098679535
Turkey,3069,28066,Huyuk,2020,0.14208052,0.10289887
Turkey,3069,28066,Huyuk,2021,0.14743663,0.103979535
Turkey,3069,28066,Huyuk,2022,0.15614101,0.11230591
Turkey,3069,28066,Huyuk,2023,0.14006077,0.10072945
Turkey,3069,28066,Huyuk,2024,0.12578899,0.10046235
Turkey,3069,28067,Ilgin,2015,0.16637862,0.10470445
Turkey,3069,28067,Ilgin,2016,0.15694445,0.11920956
Turkey,3069,28067,Ilgin,2017,0.15054482,0.11528104
Turkey,3069,28067,Ilgin,2018,0.13369074,0.11882354
Turkey,3069,28067,Ilgin,2019,0.14646444,0.116889745
Turkey,3069,28067,Ilgin,2020,0.1396517,0.11279521
Turkey,3069,28067,Ilgin,2021,0.14273378,0.10986251
Turkey,3069,28067,Ilgin,2022,0.145746,0.12044166
Turkey,3069,28067,Ilgin,2023,0.13597439,0.105587125
Turkey,3069,28067,Ilgin,2024,0.13746572,0.11200988
Turkey,3069,28068,Kadinhani,2015,0.21458788,0.15258932
Turkey,3069,28068,Kadinhani,2016,0.19347213,0.15608132
Turkey,3069,28068,Kadinhani,2017,0.1966931,0.16107981
Turkey,3069,28068,Kadinhani,2018,0.18167792,0.14454731
Turkey,3069,28068,Kadinhani,2019,0.18037033,0.14538963
Turkey,3069,28068,Kadinhani,2020,0.18650353,0.15387926
Turkey,3069,28068,Kadinhani,2021,0.1808761,0.15610935
Turkey,3069,28068,Kadinhani,2022,0.15858275,0.13885078
Turkey,3069,28068,Kadinhani,2023,0.15745065,0.12041299
Turkey,3069,28068,Kadinhani,2024,0.16348785,0.12273623
Turkey,3069,28069,Karapinar,2015,0.18417926,0.1376782
Turkey,3069,28069,Karapinar,2016,0.18902645,0.1650819
Turkey,3069,28069,Karapinar,2017,0.17860812,0.13730606
Turkey,3069,28069,Karapinar,2018,0.16123582,0.13861084
Turkey,3069,28069,Karapinar,2019,0.16499946,0.13045743
Turkey,3069,28069,Karapinar,2020,0.16954139,0.13654555
Turkey,3069,28069,Karapinar,2021,0.17578496,0.14987117
Turkey,3069,28069,Karapinar,2022,0.17589846,0.15155166
Turkey,3069,28069,Karapinar,2023,0.17107691,0.14228109
Turkey,3069,28069,Karapinar,2024,0.15956864,0.12872797
Turkey,3069,28070,Karatay,2015,0.097825356,0.06445457
Turkey,3069,28070,Karatay,2016,0.108931094,0.087991476
Turkey,3069,28070,Karatay,2017,0.09817597,0.07285245
Turkey,3069,28070,Karatay,2018,0.07275841,0.06760835
Turkey,3069,28070,Karatay,2019,0.07727404,0.06639729
Turkey,3069,28070,Karatay,2020,0.069788575,0.065092064
Turkey,3069,28070,Karatay,2021,0.07032824,0.065447755
Turkey,3069,28070,Karatay,2022,0.06934015,0.06445965
Turkey,3069,28070,Karatay,2023,0.07096932,0.06753124
Turkey,3069,28070,Karatay,2024,0.07160282,0.06648695
Turkey,3069,28071,Kulu,2015,0.1655729,0.113338605
Turkey,3069,28071,Kulu,2016,0.15781158,0.14272842
Turkey,3069,28071,Kulu,2017,0.15652148,0.14495131
Turkey,3069,28071,Kulu,2018,0.1310212,0.100880064
Turkey,3069,28071,Kulu,2019,0.13471135,0.10802257
Turkey,3069,28071,Kulu,2020,0.12801473,0.106614985
Turkey,3069,28071,Kulu,2021,0.14039764,0.13100123
Turkey,3069,28071,Kulu,2022,0.12732399,0.11735945
Turkey,3069,28071,Kulu,2023,0.11693439,0.10653751
Turkey,3069,28071,Kulu,2024,0.11547781,0.10181697
Turkey,3069,28072,Meram,2015,0.13552442,0.06784021
Turkey,3069,28072,Meram,2016,0.1362783,0.068206474
Turkey,3069,28072,Meram,2017,0.13291815,0.07778413
Turkey,3069,28072,Meram,2018,0.1049293,0.06670781
Turkey,3069,28072,Meram,2019,0.114972144,0.06963256
Turkey,3069,28072,Meram,2020,0.11340663,0.07193491
Turkey,3069,28072,Meram,2021,0.11972021,0.07130651
Turkey,3069,28072,Meram,2022,0.12521772,0.07230216
Turkey,3069,28072,Meram,2023,0.10895795,0.069656186
Turkey,3069,28072,Meram,2024,0.10032574,0.07077751
Turkey,3069,28073,Sarayonu,2015,0.14314261,0.08542129
Turkey,3069,28073,Sarayonu,2016,0.14304492,0.121953316
Turkey,3069,28073,Sarayonu,2017,0.14671603,0.12492612
Turkey,3069,28073,Sarayonu,2018,0.11103482,0.08448833
Turkey,3069,28073,Sarayonu,2019,0.12060939,0.09661586
Turkey,3069,28073,Sarayonu,2020,0.11291768,0.08761597
Turkey,3069,28073,Sarayonu,2021,0.115853325,0.09224394
Turkey,3069,28073,Sarayonu,2022,0.13106969,0.11671332
Turkey,3069,28073,Sarayonu,2023,0.11629157,0.08253522
Turkey,3069,28073,Sarayonu,2024,0.10691848,0.0855985
Turkey,3069,28074,Selcuklu,2015,0.07740833,0.073836334
Turkey,3069,28074,Selcuklu,2016,0.08193473,0.08240528
Turkey,3069,28074,Selcuklu,2017,0.084429696,0.08519539
Turkey,3069,28074,Selcuklu,2018,0.07963746,0.07979029
Turkey,3069,28074,Selcuklu,2019,0.078320496,0.07827446
Turkey,3069,28074,Selcuklu,2020,0.075178385,0.07533121
Turkey,3069,28074,Selcuklu,2021,0.081196964,0.08197159
Turkey,3069,28074,Selcuklu,2022,0.08170092,0.08246662
Turkey,3069,28074,Selcuklu,2023,0.07858592,0.07873874
Turkey,3069,28074,Selcuklu,2024,0.07755208,0.07770491
Turkey,3069,28075,Seydisehir,2015,0.12562668,0.09021066
Turkey,3069,28075,Seydisehir,2016,0.118953414,0.08561905
Turkey,3069,28075,Seydisehir,2017,0.10367857,0.07915453
Turkey,3069,28075,Seydisehir,2018,0.08674088,0.080059096
Turkey,3069,28075,Seydisehir,2019,0.08960834,0.08255984
Turkey,3069,28075,Seydisehir,2020,0.089976974,0.083306536
Turkey,3069,28075,Seydisehir,2021,0.08871482,0.08415441
Turkey,3069,28075,Seydisehir,2022,0.087166466,0.08126028
Turkey,3069,28075,Seydisehir,2023,0.06764933,0.063449524
Turkey,3069,28075,Seydisehir,2024,0.0714933,0.06788042
Turkey,3069,28077,Tuzlukcu,2015,0.18299188,0.11885768
Turkey,3069,28077,Tuzlukcu,2016,0.15799087,0.14545883
Turkey,3069,28077,Tuzlukcu,2017,0.1508825,0.13043293
Turkey,3069,28077,Tuzlukcu,2018,0.15821531,0.11883855
Turkey,3069,28077,Tuzlukcu,2019,0.15816742,0.121245906
Turkey,3069,28077,Tuzlukcu,2020,0.15375112,0.11891933
Turkey,3069,28077,Tuzlukcu,2021,0.1550399,0.12678245
Turkey,3069,28077,Tuzlukcu,2022,0.17079914,0.15200019
Turkey,3069,28077,Tuzlukcu,2023,0.16212004,0.11382037
Turkey,3069,28077,Tuzlukcu,2024,0.14842115,0.12205596
Turkey,3069,28078,Yalihuyuk,2015,0.11664099,0.071144685
Turkey,3069,28078,Yalihuyuk,2016,0.09863891,0.06359366
Turkey,3069,28078,Yalihuyuk,2017,0.11787768,0.09762651
Turkey,3069,28078,Yalihuyuk,2018,0.12859343,0.09981799
Turkey,3069,28078,Yalihuyuk,2019,0.12986743,0.09133352
Turkey,3069,28078,Yalihuyuk,2020,0.108339064,0.09477238
Turkey,3069,28078,Yalihuyuk,2021,0.1069198,0.088933915
Turkey,3069,28078,Yalihuyuk,2022,0.08838653,0.08528742
Turkey,3069,28078,Yalihuyuk,2023,0.10595939,0.08240635
Turkey,3069,28078,Yalihuyuk,2024,0.084633075,0.081442185
Turkey,3069,28079,Yunak,2015,0.1793858,0.111156195
Turkey,3069,28079,Yunak,2016,0.18477252,0.15313014
Turkey,3069,28079,Yunak,2017,0.18529983,0.1515724
Turkey,3069,28079,Yunak,2018,0.17226708,0.13027535
Turkey,3069,28079,Yunak,2019,0.18015072,0.13392757
Turkey,3069,28079,Yunak,2020,0.18286227,0.1388816
Turkey,3069,28079,Yunak,2021,0.17858997,0.13858512
Turkey,3069,28079,Yunak,2022,0.1804776,0.14184408
Turkey,3069,28079,Yunak,2023,0.16422746,0.1054246
Turkey,3069,28079,Yunak,2024,0.15817954,0.11369729
Turkey,3070,28080,Altintas,2015,0.20451757,0.16100645
Turkey,3070,28080,Altintas,2016,0.20624006,0.16790381
Turkey,3070,28080,Altintas,2017,0.1999142,0.15728453
Turkey,3070,28080,Altintas,2018,0.18846005,0.1495497
Turkey,3070,28080,Altintas,2019,0.1901735,0.16665703
Turkey,3070,28080,Altintas,2020,0.196815,0.1774083
Turkey,3070,28080,Altintas,2021,0.19742441,0.17576288
Turkey,3070,28080,Altintas,2022,0.20270944,0.17396104
Turkey,3070,28080,Altintas,2023,0.20745003,0.1717698
Turkey,3070,28080,Altintas,2024,0.19287455,0.16245261
Turkey,3070,28081,Aslanapa,2015,0.17436236,0.12399956
Turkey,3070,28081,Aslanapa,2016,0.17775092,0.13652374
Turkey,3070,28081,Aslanapa,2017,0.20109725,0.16495967
Turkey,3070,28081,Aslanapa,2018,0.19444367,0.17311081
Turkey,3070,28081,Aslanapa,2019,0.1813958,0.17358121
Turkey,3070,28081,Aslanapa,2020,0.1925303,0.18720995
Turkey,3070,28081,Aslanapa,2021,0.19806385,0.18457782
Turkey,3070,28081,Aslanapa,2022,0.21399292,0.18811059
Turkey,3070,28081,Aslanapa,2023,0.19174866,0.16191968
Turkey,3070,28081,Aslanapa,2024,0.19347316,0.17655984
Turkey,3070,28082,Cavdarhisar,2015,0.14295515,0.063594386
Turkey,3070,28082,Cavdarhisar,2016,0.16969481,0.09896299
Turkey,3070,28082,Cavdarhisar,2017,0.16111772,0.081480734
Turkey,3070,28082,Cavdarhisar,2018,0.15569662,0.07649185
Turkey,3070,28082,Cavdarhisar,2019,0.17297703,0.106719136
Turkey,3070,28082,Cavdarhisar,2020,0.1727849,0.13247193
Turkey,3070,28082,Cavdarhisar,2021,0.16370207,0.140798
Turkey,3070,28082,Cavdarhisar,2022,0.17595455,0.14109382
Turkey,3070,28082,Cavdarhisar,2023,0.15135753,0.10161068
Turkey,3070,28082,Cavdarhisar,2024,0.17684847,0.14008053
Turkey,3070,28083,Domanic,2015,0.1638383,0.13463539
Turkey,3070,28083,Domanic,2016,0.16634232,0.13570145
Turkey,3070,28083,Domanic,2017,0.1793378,0.14946106
Turkey,3070,28083,Domanic,2018,0.16126819,0.13543884
Turkey,3070,28083,Domanic,2019,0.17089255,0.14268862
Turkey,3070,28083,Domanic,2020,0.16843912,0.13479692
Turkey,3070,28083,Domanic,2021,0.16842102,0.13496189
Turkey,3070,28083,Domanic,2022,0.18135402,0.14756185
Turkey,3070,28083,Domanic,2023,0.16855408,0.12804782
Turkey,3070,28083,Domanic,2024,0.19671859,0.16255783
Turkey,3070,28085,Emet,2015,0.2270533,0.14532766
Turkey,3070,28085,Emet,2016,0.22664678,0.15235141
Turkey,3070,28085,Emet,2017,0.22168085,0.14114128
Turkey,3070,28085,Emet,2018,0.21855967,0.1297271
Turkey,3070,28085,Emet,2019,0.22886583,0.15138182
Turkey,3070,28085,Emet,2020,0.22527358,0.16541824
Turkey,3070,28085,Emet,2021,0.2208778,0.14587572
Turkey,3070,28085,Emet,2022,0.22487481,0.15583368
Turkey,3070,28085,Emet,2023,0.22185256,0.14100756
Turkey,3070,28085,Emet,2024,0.22717538,0.15348946
Turkey,3070,28086,Gediz,2015,0.17817979,0.09806289
Turkey,3070,28086,Gediz,2016,0.18368082,0.119986124
Turkey,3070,28086,Gediz,2017,0.17918336,0.098481044
Turkey,3070,28086,Gediz,2018,0.16459131,0.09141001
Turkey,3070,28086,Gediz,2019,0.17121127,0.09294681
Turkey,3070,28086,Gediz,2020,0.16832069,0.09400202
Turkey,3070,28086,Gediz,2021,0.16329275,0.09011489
Turkey,3070,28086,Gediz,2022,0.17205775,0.10086888
Turkey,3070,28086,Gediz,2023,0.1569539,0.09051654
Turkey,3070,28086,Gediz,2024,0.16418868,0.10000154
Turkey,3070,28087,Hisarcik,2015,0.23091507,0.14614494
Turkey,3070,28087,Hisarcik,2016,0.23619632,0.14525038
Turkey,3070,28087,Hisarcik,2017,0.22880259,0.14200337
Turkey,3070,28087,Hisarcik,2018,0.22969733,0.12704818
Turkey,3070,28087,Hisarcik,2019,0.23094311,0.15009508
Turkey,3070,28087,Hisarcik,2020,0.2325016,0.15962757
Turkey,3070,28087,Hisarcik,2021,0.23281625,0.15367454
Turkey,3070,28087,Hisarcik,2022,0.23569849,0.15901439
Turkey,3070,28087,Hisarcik,2023,0.22793329,0.13598503
Turkey,3070,28087,Hisarcik,2024,0.24183339,0.15848425
Turkey,3070,28088,Merkez,2015,0.14733243,0.076276645
Turkey,3070,28088,Merkez,2016,0.14618132,0.074608654
Turkey,3070,28088,Merkez,2017,0.13523689,0.07450474
Turkey,3070,28088,Merkez,2018,0.1280011,0.07658288
Turkey,3070,28088,Merkez,2019,0.12120027,0.07431742
Turkey,3070,28088,Merkez,2020,0.11417131,0.07467557
Turkey,3070,28088,Merkez,2021,0.08866639,0.08598102
Turkey,3070,28088,Merkez,2022,0.07992957,0.07760417
Turkey,3070,28088,Merkez,2023,0.07720359,0.07846314
Turkey,3070,28088,Merkez,2024,0.075251676,0.07563311
Turkey,3070,28089,Pazarlar,2015,0.175075,0.15258685
Turkey,3070,28089,Pazarlar,2016,0.17815055,0.16630878
Turkey,3070,28089,Pazarlar,2017,0.16498014,0.1453356
Turkey,3070,28089,Pazarlar,2018,0.1563753,0.12888747
Turkey,3070,28089,Pazarlar,2019,0.16793612,0.15125197
Turkey,3070,28089,Pazarlar,2020,0.17446229,0.15849556
Turkey,3070,28089,Pazarlar,2021,0.16045639,0.14565262
Turkey,3070,28089,Pazarlar,2022,0.17663214,0.15433042
Turkey,3070,28089,Pazarlar,2023,0.17148069,0.14018515
Turkey,3070,28089,Pazarlar,2024,0.164991,0.14824943
Turkey,3070,28090,Saphane,2015,0.1769576,0.11333303
Turkey,3070,28090,Saphane,2016,0.17411017,0.121240646
Turkey,3070,28090,Saphane,2017,0.17017409,0.117522255
Turkey,3070,28090,Saphane,2018,0.16592115,0.117081806
Turkey,3070,28090,Saphane,2019,0.17270005,0.1236769
Turkey,3070,28090,Saphane,2020,0.16917476,0.116818875
Turkey,3070,28090,Saphane,2021,0.16328192,0.11577737
Turkey,3070,28090,Saphane,2022,0.15811762,0.101737626
Turkey,3070,28090,Saphane,2023,0.15503825,0.10462922
Turkey,3070,28090,Saphane,2024,0.17800176,0.12419203
Turkey,3070,28091,Simav,2015,0.1868226,0.09533679
Turkey,3070,28091,Simav,2016,0.17620903,0.09447959
Turkey,3070,28091,Simav,2017,0.1766354,0.0943395
Turkey,3070,28091,Simav,2018,0.15128003,0.08857369
Turkey,3070,28091,Simav,2019,0.1584144,0.09537477
Turkey,3070,28091,Simav,2020,0.15427825,0.100253314
Turkey,3070,28091,Simav,2021,0.1510832,0.10204015
Turkey,3070,28091,Simav,2022,0.15608366,0.09505122
Turkey,3070,28091,Simav,2023,0.15059274,0.09776837
Turkey,3070,28091,Simav,2024,0.14950919,0.09984348
Turkey,3070,28092,Tavsanli,2015,0.19278245,0.097975396
Turkey,3070,28092,Tavsanli,2016,0.18432051,0.094776645
Turkey,3070,28092,Tavsanli,2017,0.18292256,0.09433743
Turkey,3070,28092,Tavsanli,2018,0.17198439,0.09490224
Turkey,3070,28092,Tavsanli,2019,0.1534554,0.07621624
Turkey,3070,28092,Tavsanli,2020,0.1503958,0.075566694
Turkey,3070,28092,Tavsanli,2021,0.15521826,0.08104597
Turkey,3070,28092,Tavsanli,2022,0.15548249,0.07356094
Turkey,3070,28092,Tavsanli,2023,0.13872445,0.0709301
Turkey,3070,28092,Tavsanli,2024,0.13983601,0.07302179
Turkey,3071,28093,Akcadag,2015,0.16445231,0.13432124
Turkey,3071,28093,Akcadag,2016,0.16210958,0.1390049
Turkey,3071,28093,Akcadag,2017,0.13964695,0.122612536
Turkey,3071,28093,Akcadag,2018,0.12044121,0.09422214
Turkey,3071,28093,Akcadag,2019,0.14401482,0.105052896
Turkey,3071,28093,Akcadag,2020,0.14583382,0.10370642
Turkey,3071,28093,Akcadag,2021,0.14653175,0.10333182
Turkey,3071,28093,Akcadag,2022,0.13701522,0.113410376
Turkey,3071,28093,Akcadag,2023,0.13912706,0.1108596
Turkey,3071,28093,Akcadag,2024,0.14557889,0.10819297
Turkey,3071,28094,Arapkir,2015,0.16795066,0.111072615
Turkey,3071,28094,Arapkir,2016,0.1743321,0.124029666
Turkey,3071,28094,Arapkir,2017,0.15893506,0.11399951
Turkey,3071,28094,Arapkir,2018,0.14317933,0.09523667
Turkey,3071,28094,Arapkir,2019,0.13120015,0.087525114
Turkey,3071,28094,Arapkir,2020,0.13392732,0.09445849
Turkey,3071,28094,Arapkir,2021,0.14644118,0.09098942
Turkey,3071,28094,Arapkir,2022,0.13309062,0.09795783
Turkey,3071,28094,Arapkir,2023,0.13439144,0.08609469
Turkey,3071,28094,Arapkir,2024,0.13209015,0.085992284
Turkey,3071,28095,Arguvan,2015,0.15558863,0.12907237
Turkey,3071,28095,Arguvan,2016,0.1805594,0.15503761
Turkey,3071,28095,Arguvan,2017,0.19004664,0.16538447
Turkey,3071,28095,Arguvan,2018,0.19985323,0.17418763
Turkey,3071,28095,Arguvan,2019,0.16087642,0.13683929
Turkey,3071,28095,Arguvan,2020,0.16357224,0.13507387
Turkey,3071,28095,Arguvan,2021,0.17649612,0.14585511
Turkey,3071,28095,Arguvan,2022,0.18656999,0.15808982
Turkey,3071,28095,Arguvan,2023,0.14817971,0.12010063
Turkey,3071,28095,Arguvan,2024,0.15323253,0.13194427
Turkey,3071,28096,Battalgazi,2015,0.20430988,0.13581534
Turkey,3071,28096,Battalgazi,2016,0.20645657,0.16291976
Turkey,3071,28096,Battalgazi,2017,0.19653904,0.1605007
Turkey,3071,28096,Battalgazi,2018,0.1908731,0.16513051
Turkey,3071,28096,Battalgazi,2019,0.18071282,0.14092183
Turkey,3071,28096,Battalgazi,2020,0.1955562,0.16146703
Turkey,3071,28096,Battalgazi,2021,0.18454233,0.14849925
Turkey,3071,28096,Battalgazi,2022,0.18065912,0.14293846
Turkey,3071,28096,Battalgazi,2023,0.16966678,0.13378522
Turkey,3071,28096,Battalgazi,2024,0.17247432,0.12770051
Turkey,3071,28097,Darende,2015,0.24414834,0.2374531
Turkey,3071,28097,Darende,2016,0.24097897,0.23155153
Turkey,3071,28097,Darende,2017,0.24845287,0.2406801
Turkey,3071,28097,Darende,2018,0.24301863,0.2449784
Turkey,3071,28097,Darende,2019,0.23017497,0.23185468
Turkey,3071,28097,Darende,2020,0.22411638,0.2215485
Turkey,3071,28097,Darende,2021,0.22715567,0.22046408
Turkey,3071,28097,Darende,2022,0.22620775,0.21914676
Turkey,3071,28097,Darende,2023,0.23215783,0.21888578
Turkey,3071,28097,Darende,2024,0.2229158,0.21584271
Turkey,3071,28098,Dogansehir,2015,0.17743915,0.0909971
Turkey,3071,28098,Dogansehir,2016,0.16430563,0.07690666
Turkey,3071,28098,Dogansehir,2017,0.16196182,0.08407471
Turkey,3071,28098,Dogansehir,2018,0.13150953,0.084067374
Turkey,3071,28098,Dogansehir,2019,0.13071314,0.08354106
Turkey,3071,28098,Dogansehir,2020,0.13646008,0.08610997
Turkey,3071,28098,Dogansehir,2021,0.14665937,0.083845876
Turkey,3071,28098,Dogansehir,2022,0.14200595,0.081977
Turkey,3071,28098,Dogansehir,2023,0.13490301,0.081977
Turkey,3071,28098,Dogansehir,2024,0.13128679,0.080628045
Turkey,3071,28099,Doganyol,2015,0.17753763,0.10332638
Turkey,3071,28099,Doganyol,2016,0.17291316,0.117804594
Turkey,3071,28099,Doganyol,2017,0.1575226,0.11594806
Turkey,3071,28099,Doganyol,2018,0.17143157,0.12795943
Turkey,3071,28099,Doganyol,2019,0.20252396,0.13607658
Turkey,3071,28099,Doganyol,2020,0.1800267,0.13205892
Turkey,3071,28099,Doganyol,2021,0.14891772,0.09943058
Turkey,3071,28099,Doganyol,2022,0.16892079,0.109205395
Turkey,3071,28099,Doganyol,2023,0.16381769,0.122802004
Turkey,3071,28099,Doganyol,2024,0.1859595,0.14551157
Turkey,3071,28100,Hekimhan,2015,0.20687419,0.1942757
Turkey,3071,28100,Hekimhan,2016,0.19454552,0.18339863
Turkey,3071,28100,Hekimhan,2017,0.20048067,0.19231759
Turkey,3071,28100,Hekimhan,2018,0.18413788,0.16988066
Turkey,3071,28100,Hekimhan,2019,0.18332171,0.1702621
Turkey,3071,28100,Hekimhan,2020,0.17852592,0.15734932
Turkey,3071,28100,Hekimhan,2021,0.19627115,0.18743494
Turkey,3071,28100,Hekimhan,2022,0.19656795,0.18965882
Turkey,3071,28100,Hekimhan,2023,0.20620038,0.19039962
Turkey,3071,28100,Hekimhan,2024,0.18784434,0.17006904
Turkey,3071,28101,Kale,2015,0.20458496,0.08204551
Turkey,3071,28101,Kale,2016,0.1838303,0.065297335
Turkey,3071,28101,Kale,2017,0.1831983,0.08753593
Turkey,3071,28101,Kale,2018,0.21498677,0.10555182
Turkey,3071,28101,Kale,2019,0.20596406,0.08890435
Turkey,3071,28101,Kale,2020,0.19713297,0.086048216
Turkey,3071,28101,Kale,2021,0.19799083,0.10134108
Turkey,3071,28101,Kale,2022,0.20893043,0.092083886
Turkey,3071,28101,Kale,2023,0.19206601,0.08429587
Turkey,3071,28101,Kale,2024,0.1972278,0.082555175
Turkey,3071,28102,Kuluncak,2015,0.18820213,0.13223352
Turkey,3071,28102,Kuluncak,2016,0.20341957,0.154008
Turkey,3071,28102,Kuluncak,2017,0.19076928,0.15385625
Turkey,3071,28102,Kuluncak,2018,0.18317986,0.14901692
Turkey,3071,28102,Kuluncak,2019,0.19328734,0.14378078
Turkey,3071,28102,Kuluncak,2020,0.19139478,0.14948225
Turkey,3071,28102,Kuluncak,2021,0.19065982,0.15017426
Turkey,3071,28102,Kuluncak,2022,0.1833126,0.15668322
Turkey,3071,28102,Kuluncak,2023,0.17204055,0.12491569
Turkey,3071,28102,Kuluncak,2024,0.21937878,0.19291365
Turkey,3071,28103,Merkez,2015,0.08291133,0.080973595
Turkey,3071,28103,Merkez,2016,0.08598079,0.084043056
Turkey,3071,28103,Merkez,2017,0.0917504,0.09012951
Turkey,3071,28103,Merkez,2018,0.09372996,0.09210907
Turkey,3071,28103,Merkez,2019,0.0893856,0.0880906
Turkey,3071,28103,Merkez,2020,0.09758785,0.0958481
Turkey,3071,28103,Merkez,2021,0.09013396,0.087983064
Turkey,3071,28103,Merkez,2022,0.0929361,0.090785205
Turkey,3071,28103,Merkez,2023,0.09762349,0.095883735
Turkey,3071,28103,Merkez,2024,0.09238117,0.090230286
Turkey,3071,28104,Poturge,2015,0.23115456,0.16050299
Turkey,3071,28104,Poturge,2016,0.22756521,0.15460792
Turkey,3071,28104,Poturge,2017,0.20392898,0.13601717
Turkey,3071,28104,Poturge,2018,0.21470521,0.16304353
Turkey,3071,28104,Poturge,2019,0.20783147,0.14772207
Turkey,3071,28104,Poturge,2020,0.18831658,0.12816371
Turkey,3071,28104,Poturge,2021,0.18525964,0.11532002
Turkey,3071,28104,Poturge,2022,0.1949625,0.124999
Turkey,3071,28104,Poturge,2023,0.17477447,0.10171293
Turkey,3071,28104,Poturge,2024,0.18567261,0.11649144
Turkey,3071,28105,Yazihan,2015,0.24225737,0.19392669
Turkey,3071,28105,Yazihan,2016,0.2709794,0.23548006
Turkey,3071,28105,Yazihan,2017,0.26211908,0.21743488
Turkey,3071,28105,Yazihan,2018,0.26206803,0.22858518
Turkey,3071,28105,Yazihan,2019,0.21975121,0.15327857
Turkey,3071,28105,Yazihan,2020,0.23383582,0.19937928
Turkey,3071,28105,Yazihan,2021,0.2199716,0.1863197
Turkey,3071,28105,Yazihan,2022,0.23025277,0.18450013
Turkey,3071,28105,Yazihan,2023,0.21846308,0.20230517
Turkey,3071,28105,Yazihan,2024,0.21441251,0.138973
Turkey,3071,28106,Yesilyurt,2015,0.089853466,0.086050466
Turkey,3071,28106,Yesilyurt,2016,0.08698811,0.08042842
Turkey,3071,28106,Yesilyurt,2017,0.084700026,0.08094448
Turkey,3071,28106,Yesilyurt,2018,0.07594619,0.07269897
Turkey,3071,28106,Yesilyurt,2019,0.08094594,0.0739713
Turkey,3071,28106,Yesilyurt,2020,0.080523305,0.0738655
Turkey,3071,28106,Yesilyurt,2021,0.07983925,0.07327958
Turkey,3071,28106,Yesilyurt,2022,0.08007457,0.07383175
Turkey,3071,28106,Yesilyurt,2023,0.08136792,0.07688055
Turkey,3071,28106,Yesilyurt,2024,0.080018386,0.073360585
Turkey,3072,28107,Ahmetli,2015,0.1630078,0.089691006
Turkey,3072,28107,Ahmetli,2016,0.16198091,0.10082745
Turkey,3072,28107,Ahmetli,2017,0.14318144,0.0897508
Turkey,3072,28107,Ahmetli,2018,0.16368368,0.09651689
Turkey,3072,28107,Ahmetli,2019,0.15834868,0.08931087
Turkey,3072,28107,Ahmetli,2020,0.15881105,0.094429426
Turkey,3072,28107,Ahmetli,2021,0.16032699,0.099338144
Turkey,3072,28107,Ahmetli,2022,0.14061217,0.09112196
Turkey,3072,28107,Ahmetli,2023,0.16311863,0.1074378
Turkey,3072,28107,Ahmetli,2024,0.16230722,0.120633505
Turkey,3072,28108,Akhisar,2015,0.09561469,0.0646947
Turkey,3072,28108,Akhisar,2016,0.08445326,0.06296869
Turkey,3072,28108,Akhisar,2017,0.07990865,0.064467825
Turkey,3072,28108,Akhisar,2018,0.09009694,0.071420036
Turkey,3072,28108,Akhisar,2019,0.08104749,0.060680456
Turkey,3072,28108,Akhisar,2020,0.084858425,0.07098506
Turkey,3072,28108,Akhisar,2021,0.0858462,0.07645864
Turkey,3072,28108,Akhisar,2022,0.07933414,0.070594616
Turkey,3072,28108,Akhisar,2023,0.077456266,0.07461066
Turkey,3072,28108,Akhisar,2024,0.08330714,0.077922754
Turkey,3072,28109,Alasehir,2015,0.08879898,0.07528203
Turkey,3072,28109,Alasehir,2016,0.09513322,0.076879695
Turkey,3072,28109,Alasehir,2017,0.087145336,0.07797436
Turkey,3072,28109,Alasehir,2018,0.107333116,0.07532754
Turkey,3072,28109,Alasehir,2019,0.106085844,0.07577803
Turkey,3072,28109,Alasehir,2020,0.09730429,0.07224279
Turkey,3072,28109,Alasehir,2021,0.09813242,0.072943516
Turkey,3072,28109,Alasehir,2022,0.07984023,0.071888454
Turkey,3072,28109,Alasehir,2023,0.08211737,0.07065837
Turkey,3072,28109,Alasehir,2024,0.093842365,0.07624662
Turkey,3072,28110,Demirci,2015,0.21715531,0.1684896
Turkey,3072,28110,Demirci,2016,0.22124094,0.1786638
Turkey,3072,28110,Demirci,2017,0.20923388,0.17297041
Turkey,3072,28110,Demirci,2018,0.19377336,0.14040726
Turkey,3072,28110,Demirci,2019,0.20511603,0.15951675
Turkey,3072,28110,Demirci,2020,0.19240052,0.16578387
Turkey,3072,28110,Demirci,2021,0.19152647,0.1537689
Turkey,3072,28110,Demirci,2022,0.19729242,0.1582701
Turkey,3072,28110,Demirci,2023,0.19041716,0.1482897
Turkey,3072,28110,Demirci,2024,0.19684622,0.15660964
Turkey,3072,28111,Golmarmara,2015,0.15128334,0.08849889
Turkey,3072,28111,Golmarmara,2016,0.14750682,0.0886444
Turkey,3072,28111,Golmarmara,2017,0.13981634,0.09563169
Turkey,3072,28111,Golmarmara,2018,0.15109451,0.10453129
Turkey,3072,28111,Golmarmara,2019,0.13913009,0.097535506
Turkey,3072,28111,Golmarmara,2020,0.11436504,0.08134147
Turkey,3072,28111,Golmarmara,2021,0.11661956,0.079799004
Turkey,3072,28111,Golmarmara,2022,0.10393001,0.079876766
Turkey,3072,28111,Golmarmara,2023,0.1195576,0.08566627
Turkey,3072,28111,Golmarmara,2024,0.11877765,0.08185967
Turkey,3072,28112,Gordes,2015,0.15955064,0.12440364
Turkey,3072,28112,Gordes,2016,0.15766379,0.13934088
Turkey,3072,28112,Gordes,2017,0.15992613,0.1340265
Turkey,3072,28112,Gordes,2018,0.14243834,0.122636065
Turkey,3072,28112,Gordes,2019,0.1647465,0.14135665
Turkey,3072,28112,Gordes,2020,0.17693153,0.15306108
Turkey,3072,28112,Gordes,2021,0.15727825,0.13050969
Turkey,3072,28112,Gordes,2022,0.1715312,0.13364334
Turkey,3072,28112,Gordes,2023,0.15510434,0.11524169
Turkey,3072,28112,Gordes,2024,0.17233111,0.13733715
Turkey,3072,28113,Kirkagac,2015,0.14396018,0.09445214
Turkey,3072,28113,Kirkagac,2016,0.13354532,0.092369154
Turkey,3072,28113,Kirkagac,2017,0.12838748,0.08190867
Turkey,3072,28113,Kirkagac,2018,0.11606425,0.07183682
Turkey,3072,28113,Kirkagac,2019,0.123630196,0.08125225
Turkey,3072,28113,Kirkagac,2020,0.12750566,0.08895249
Turkey,3072,28113,Kirkagac,2021,0.120966956,0.08198908
Turkey,3072,28113,Kirkagac,2022,0.13523701,0.08704528
Turkey,3072,28113,Kirkagac,2023,0.13134912,0.08653401
Turkey,3072,28113,Kirkagac,2024,0.13203694,0.10576364
Turkey,3072,28114,Koprubasi,2015,0.110583715,0.11102156
Turkey,3072,28114,Koprubasi,2016,0.11343994,0.12039557
Turkey,3072,28114,Koprubasi,2017,0.12589581,0.13218227
Turkey,3072,28114,Koprubasi,2018,0.120394446,0.12244861
Turkey,3072,28114,Koprubasi,2019,0.11229631,0.11437857
Turkey,3072,28114,Koprubasi,2020,0.12466638,0.1090357
Turkey,3072,28114,Koprubasi,2021,0.108106144,0.10463375
Turkey,3072,28114,Koprubasi,2022,0.11176623,0.10556573
Turkey,3072,28114,Koprubasi,2023,0.118861444,0.10025442
Turkey,3072,28114,Koprubasi,2024,0.121047035,0.111941874
Turkey,3072,28115,Kula,2015,0.12430938,0.091318816
Turkey,3072,28115,Kula,2016,0.10876895,0.08917551
Turkey,3072,28115,Kula,2017,0.10964697,0.08910387
Turkey,3072,28115,Kula,2018,0.12265727,0.0884389
Turkey,3072,28115,Kula,2019,0.09645809,0.07780933
Turkey,3072,28115,Kula,2020,0.11134134,0.08087167
Turkey,3072,28115,Kula,2021,0.10318255,0.07046588
Turkey,3072,28115,Kula,2022,0.10933565,0.072691455
Turkey,3072,28115,Kula,2023,0.11402896,0.07246747
Turkey,3072,28115,Kula,2024,0.10243016,0.07341632
Turkey,3072,28116,Merkez,2015,0.07934513,0.07587241
Turkey,3072,28116,Merkez,2016,0.07882556,0.07574547
Turkey,3072,28116,Merkez,2017,0.075646944,0.071714915
Turkey,3072,28116,Merkez,2018,0.080479495,0.077823475
Turkey,3072,28116,Merkez,2019,0.08135491,0.07788221
Turkey,3072,28116,Merkez,2020,0.077437155,0.07449819
Turkey,3072,28116,Merkez,2021,0.0780047,0.0770173
Turkey,3072,28116,Merkez,2022,0.0748558,0.07096981
Turkey,3072,28116,Merkez,2023,0.07658963,0.074987136
Turkey,3072,28116,Merkez,2024,0.08093858,0.08155184
Turkey,3072,28117,Salihli,2015,0.09006556,0.07035071
Turkey,3072,28117,Salihli,2016,0.0898499,0.07286458
Turkey,3072,28117,Salihli,2017,0.08113112,0.071859434
Turkey,3072,28117,Salihli,2018,0.103076935,0.07514443
Turkey,3072,28117,Salihli,2019,0.09280788,0.072285734
Turkey,3072,28117,Salihli,2020,0.09506476,0.07457997
Turkey,3072,28117,Salihli,2021,0.08909147,0.074180335
Turkey,3072,28117,Salihli,2022,0.07889724,0.07445915
Turkey,3072,28117,Salihli,2023,0.09056526,0.07407436
Turkey,3072,28117,Salihli,2024,0.08693133,0.07561187
Turkey,3072,28118,Sarigol,2015,0.13275778,0.08103751
Turkey,3072,28118,Sarigol,2016,0.09537769,0.08047363
Turkey,3072,28118,Sarigol,2017,0.09351224,0.08308299
Turkey,3072,28118,Sarigol,2018,0.09026064,0.08127706
Turkey,3072,28118,Sarigol,2019,0.104029424,0.08807111
Turkey,3072,28118,Sarigol,2020,0.10428849,0.08107636
Turkey,3072,28118,Sarigol,2021,0.10065904,0.08046956
Turkey,3072,28118,Sarigol,2022,0.09922928,0.085430935
Turkey,3072,28118,Sarigol,2023,0.10382229,0.083713576
Turkey,3072,28118,Sarigol,2024,0.102542154,0.083713576
Turkey,3072,28119,Saruhanli,2015,0.16939552,0.11126096
Turkey,3072,28119,Saruhanli,2016,0.13887537,0.09637918
Turkey,3072,28119,Saruhanli,2017,0.14336006,0.1054471
Turkey,3072,28119,Saruhanli,2018,0.1261615,0.097953886
Turkey,3072,28119,Saruhanli,2019,0.11665724,0.0829343
Turkey,3072,28119,Saruhanli,2020,0.1326095,0.091603056
Turkey,3072,28119,Saruhanli,2021,0.12240384,0.08456705
Turkey,3072,28119,Saruhanli,2022,0.12240189,0.08801626
Turkey,3072,28119,Saruhanli,2023,0.124461286,0.08842854
Turkey,3072,28119,Saruhanli,2024,0.12665744,0.09094801
Turkey,3072,28120,Selendi,2015,0.15038773,0.11835348
Turkey,3072,28120,Selendi,2016,0.14359161,0.11948408
Turkey,3072,28120,Selendi,2017,0.14834495,0.12784332
Turkey,3072,28120,Selendi,2018,0.13768333,0.116584025
Turkey,3072,28120,Selendi,2019,0.14152242,0.12638277
Turkey,3072,28120,Selendi,2020,0.142871,0.11040641
Turkey,3072,28120,Selendi,2021,0.14665756,0.10923286
Turkey,3072,28120,Selendi,2022,0.15346745,0.1120318
Turkey,3072,28120,Selendi,2023,0.14859617,0.10716553
Turkey,3072,28120,Selendi,2024,0.17708462,0.14288448
Turkey,3072,28121,Soma,2015,0.11626755,0.12849659
Turkey,3072,28121,Soma,2016,0.104215294,0.092735946
Turkey,3072,28121,Soma,2017,0.098355,0.09001535
Turkey,3072,28121,Soma,2018,0.09263032,0.07215133
Turkey,3072,28121,Soma,2019,0.10668755,0.08190755
Turkey,3072,28121,Soma,2020,0.09990117,0.07427597
Turkey,3072,28121,Soma,2021,0.09312811,0.078877985
Turkey,3072,28121,Soma,2022,0.08651661,0.07528777
Turkey,3072,28121,Soma,2023,0.09647838,0.08018512
Turkey,3072,28121,Soma,2024,0.09749287,0.07810415
Turkey,3072,28122,Turgutlu,2015,0.081786714,0.07644564
Turkey,3072,28122,Turgutlu,2016,0.08474408,0.07921496
Turkey,3072,28122,Turgutlu,2017,0.08263098,0.07710186
Turkey,3072,28122,Turgutlu,2018,0.08474381,0.07833176
Turkey,3072,28122,Turgutlu,2019,0.08378558,0.0773735
Turkey,3072,28122,Turgutlu,2020,0.0823522,0.079175256
Turkey,3072,28122,Turgutlu,2021,0.08400306,0.08082612
Turkey,3072,28122,Turgutlu,2022,0.08450777,0.08087153
Turkey,3072,28122,Turgutlu,2023,0.0828235,0.08166328
Turkey,3072,28122,Turgutlu,2024,0.0828235,0.08166328
Turkey,3073,28123,Dargecit,2015,0.14851016,0.104365714
Turkey,3073,28123,Dargecit,2016,0.12135458,0.10193582
Turkey,3073,28123,Dargecit,2017,0.11988118,0.112075
Turkey,3073,28123,Dargecit,2018,0.12486044,0.09106875
Turkey,3073,28123,Dargecit,2019,0.13359421,0.08478452
Turkey,3073,28123,Dargecit,2020,0.15076768,0.08612296
Turkey,3073,28123,Dargecit,2021,0.17225982,0.11168679
Turkey,3073,28123,Dargecit,2022,0.165842,0.117714606
Turkey,3073,28123,Dargecit,2023,0.16644117,0.11654029
Turkey,3073,28123,Dargecit,2024,0.15988648,0.09890085
Turkey,3073,28124,Derik,2015,0.18479101,0.18992928
Turkey,3073,28124,Derik,2016,0.18597244,0.20076123
Turkey,3073,28124,Derik,2017,0.19642201,0.23557958
Turkey,3073,28124,Derik,2018,0.19051182,0.19778094
Turkey,3073,28124,Derik,2019,0.15633509,0.14951736
Turkey,3073,28124,Derik,2020,0.19408906,0.20536551
Turkey,3073,28124,Derik,2021,0.20038399,0.23221639
Turkey,3073,28124,Derik,2022,0.20005639,0.2344574
Turkey,3073,28124,Derik,2023,0.18060991,0.17785673
Turkey,3073,28124,Derik,2024,0.17534256,0.16324104
Turkey,3073,28125,Kiziltepe,2015,0.10432552,0.06937888
Turkey,3073,28125,Kiziltepe,2016,0.08271366,0.06837501
Turkey,3073,28125,Kiziltepe,2017,0.08011718,0.06634137
Turkey,3073,28125,Kiziltepe,2018,0.10235047,0.07962917
Turkey,3073,28125,Kiziltepe,2019,0.07194744,0.06599537
Turkey,3073,28125,Kiziltepe,2020,0.09674598,0.07297634
Turkey,3073,28125,Kiziltepe,2021,0.0943023,0.06892432
Turkey,3073,28125,Kiziltepe,2022,0.0937398,0.06927334
Turkey,3073,28125,Kiziltepe,2023,0.07736872,0.07175524
Turkey,3073,28125,Kiziltepe,2024,0.08900046,0.071136266
Turkey,3073,28126,Mazidagi,2015,0.15585038,0.14534499
Turkey,3073,28126,Mazidagi,2016,0.17540601,0.1757779
Turkey,3073,28126,Mazidagi,2017,0.16546619,0.17302284
Turkey,3073,28126,Mazidagi,2018,0.14510708,0.15017337
Turkey,3073,28126,Mazidagi,2019,0.14037,0.15135098
Turkey,3073,28126,Mazidagi,2020,0.14539433,0.15538403
Turkey,3073,28126,Mazidagi,2021,0.14805125,0.15073296
Turkey,3073,28126,Mazidagi,2022,0.16156892,0.16617729
Turkey,3073,28126,Mazidagi,2023,0.16545837,0.16702136
Turkey,3073,28126,Mazidagi,2024,0.16166344,0.1618981
Turkey,3073,28127,Merkez,2015,0.07116911,0.068987645
Turkey,3073,28127,Merkez,2016,0.07470492,0.06710319
Turkey,3073,28127,Merkez,2017,0.07324612,0.0710335
Turkey,3073,28127,Merkez,2018,0.07279254,0.06802608
Turkey,3073,28127,Merkez,2019,0.074057095,0.06624005
Turkey,3073,28127,Merkez,2020,0.072564,0.066418216
Turkey,3073,28127,Merkez,2021,0.07274876,0.066547394
Turkey,3073,28127,Merkez,2022,0.07175537,0.06973039
Turkey,3073,28127,Merkez,2023,0.07250448,0.065888144
Turkey,3073,28127,Merkez,2024,0.07229351,0.06567717
Turkey,3073,28128,Midyat,2015,0.079968356,0.07266998
Turkey,3073,28128,Midyat,2016,0.077849746,0.072285235
Turkey,3073,28128,Midyat,2017,0.075315036,0.07102159
Turkey,3073,28128,Midyat,2018,0.08235852,0.072641715
Turkey,3073,28128,Midyat,2019,0.07349877,0.06909028
Turkey,3073,28128,Midyat,2020,0.07035948,0.067223325
Turkey,3073,28128,Midyat,2021,0.070074975,0.067359544
Turkey,3073,28128,Midyat,2022,0.07470458,0.07198914
Turkey,3073,28128,Midyat,2023,0.060808055,0.061831947
Turkey,3073,28128,Midyat,2024,0.061848518,0.06287241
Turkey,3073,28129,Nusaybin,2015,0.13557608,0.10076119
Turkey,3073,28129,Nusaybin,2016,0.14926401,0.12498
Turkey,3073,28129,Nusaybin,2017,0.13317825,0.09519665
Turkey,3073,28129,Nusaybin,2018,0.14201035,0.111448556
Turkey,3073,28129,Nusaybin,2019,0.1250224,0.08039298
Turkey,3073,28129,Nusaybin,2020,0.11784375,0.076580316
Turkey,3073,28129,Nusaybin,2021,0.09345583,0.0730637
Turkey,3073,28129,Nusaybin,2022,0.08258287,0.07257914
Turkey,3073,28129,Nusaybin,2023,0.08490116,0.07425156
Turkey,3073,28129,Nusaybin,2024,0.10474127,0.08032332
Turkey,3073,28130,Omerli,2015,0.1442332,0.15626812
Turkey,3073,28130,Omerli,2016,0.12911785,0.14734547
Turkey,3073,28130,Omerli,2017,0.12755245,0.14257354
Turkey,3073,28130,Omerli,2018,0.11679384,0.12933299
Turkey,3073,28130,Omerli,2019,0.12447174,0.13636312
Turkey,3073,28130,Omerli,2020,0.120453656,0.11868691
Turkey,3073,28130,Omerli,2021,0.11595885,0.10806713
Turkey,3073,28130,Omerli,2022,0.1179561,0.112676635
Turkey,3073,28130,Omerli,2023,0.122371055,0.12089181
Turkey,3073,28130,Omerli,2024,0.12720957,0.13992792
Turkey,3073,28131,Savur,2015,0.13314629,0.094210826
Turkey,3073,28131,Savur,2016,0.14722562,0.13304766
Turkey,3073,28131,Savur,2017,0.12996139,0.12186417
Turkey,3073,28131,Savur,2018,0.117221884,0.106045194
Turkey,3073,28131,Savur,2019,0.114520796,0.095836945
Turkey,3073,28131,Savur,2020,0.12798572,0.11714587
Turkey,3073,28131,Savur,2021,0.14401512,0.13216479
Turkey,3073,28131,Savur,2022,0.13438109,0.12220469
Turkey,3073,28131,Savur,2023,0.13283995,0.104880676
Turkey,3073,28131,Savur,2024,0.13652328,0.10562326
Turkey,3073,28132,Yesilli,2015,0.15040375,0.137842
Turkey,3073,28132,Yesilli,2016,0.14609042,0.13175064
Turkey,3073,28132,Yesilli,2017,0.13954583,0.12092857
Turkey,3073,28132,Yesilli,2018,0.12847994,0.104746364
Turkey,3073,28132,Yesilli,2019,0.13165408,0.10392739
Turkey,3073,28132,Yesilli,2020,0.13742867,0.11297346
Turkey,3073,28132,Yesilli,2021,0.1223031,0.10180785
Turkey,3073,28132,Yesilli,2022,0.09082196,0.09243641
Turkey,3073,28132,Yesilli,2023,0.103250355,0.09258268
Turkey,3073,28132,Yesilli,2024,0.13144925,0.09947999
Turkey,3074,28133,Bodrum,2015,0.06027215,0.055536628
Turkey,3074,28133,Bodrum,2016,0.06239742,0.059211645
Turkey,3074,28133,Bodrum,2017,0.058678858,0.056154367
Turkey,3074,28133,Bodrum,2018,0.07800839,0.06415535
Turkey,3074,28133,Bodrum,2019,0.061756246,0.059289575
Turkey,3074,28133,Bodrum,2020,0.05738381,0.0535378
Turkey,3074,28133,Bodrum,2021,0.055470444,0.054152887
Turkey,3074,28133,Bodrum,2022,0.05068705,0.051591653
Turkey,3074,28133,Bodrum,2023,0.057369757,0.053803377
Turkey,3074,28133,Bodrum,2024,0.05751648,0.054710098
Turkey,3074,28134,Dalaman,2015,0.14291458,0.09219789
Turkey,3074,28134,Dalaman,2016,0.13850313,0.08961977
Turkey,3074,28134,Dalaman,2017,0.117870755,0.08986838
Turkey,3074,28134,Dalaman,2018,0.096576884,0.09221379
Turkey,3074,28134,Dalaman,2019,0.07626943,0.06930716
Turkey,3074,28134,Dalaman,2020,0.08393587,0.07345405
Turkey,3074,28134,Dalaman,2021,0.07098088,0.06742918
Turkey,3074,28134,Dalaman,2022,0.07160491,0.06635918
Turkey,3074,28134,Dalaman,2023,0.077461876,0.07049961
Turkey,3074,28134,Dalaman,2024,0.07785365,0.07089141
Turkey,3074,28135,Datca,2015,0.2303842,0.14609632
Turkey,3074,28135,Datca,2016,0.22259638,0.15458512
Turkey,3074,28135,Datca,2017,0.21144575,0.15102106
Turkey,3074,28135,Datca,2018,0.24045676,0.20310792
Turkey,3074,28135,Datca,2019,0.22560725,0.17101206
Turkey,3074,28135,Datca,2020,0.17797047,0.1465541
Turkey,3074,28135,Datca,2021,0.17640597,0.14423315
Turkey,3074,28135,Datca,2022,0.15241931,0.12699488
Turkey,3074,28135,Datca,2023,0.1633535,0.12943201
Turkey,3074,28135,Datca,2024,0.18073009,0.14539838
Turkey,3074,28136,Fethiye,2015,0.102393486,0.085346535
Turkey,3074,28136,Fethiye,2016,0.10888767,0.087626494
Turkey,3074,28136,Fethiye,2017,0.11519126,0.091293365
Turkey,3074,28136,Fethiye,2018,0.116899475,0.087577336
Turkey,3074,28136,Fethiye,2019,0.100996114,0.06808289
Turkey,3074,28136,Fethiye,2020,0.097828515,0.06775423
Turkey,3074,28136,Fethiye,2021,0.0880849,0.06910168
Turkey,3074,28136,Fethiye,2022,0.07634372,0.06889668
Turkey,3074,28136,Fethiye,2023,0.087313056,0.06688421
Turkey,3074,28136,Fethiye,2024,0.09795737,0.06920821
Turkey,3074,28137,Kavaklidere,2015,0.19494769,0.1229185
Turkey,3074,28137,Kavaklidere,2016,0.19768047,0.12517153
Turkey,3074,28137,Kavaklidere,2017,0.20385009,0.12263151
Turkey,3074,28137,Kavaklidere,2018,0.19118758,0.11168891
Turkey,3074,28137,Kavaklidere,2019,0.19189498,0.10800927
Turkey,3074,28137,Kavaklidere,2020,0.18890354,0.093581334
Turkey,3074,28137,Kavaklidere,2021,0.17932004,0.09804856
Turkey,3074,28137,Kavaklidere,2022,0.19337904,0.10246588
Turkey,3074,28137,Kavaklidere,2023,0.18441954,0.085373186
Turkey,3074,28137,Kavaklidere,2024,0.19696319,0.1004664
Turkey,3074,28138,Koycegiz,2015,0.23308751,0.18262282
Turkey,3074,28138,Koycegiz,2016,0.22493044,0.17387584
Turkey,3074,28138,Koycegiz,2017,0.22264993,0.18848068
Turkey,3074,28138,Koycegiz,2018,0.23856753,0.197415
Turkey,3074,28138,Koycegiz,2019,0.23274262,0.18127024
Turkey,3074,28138,Koycegiz,2020,0.20416284,0.16530332
Turkey,3074,28138,Koycegiz,2021,0.18898624,0.1673468
Turkey,3074,28138,Koycegiz,2022,0.16472211,0.17483048
Turkey,3074,28138,Koycegiz,2023,0.17961097,0.16545777
Turkey,3074,28138,Koycegiz,2024,0.18942432,0.19124024
Turkey,3074,28139,Marmaris,2015,0.07858236,0.06909546
Turkey,3074,28139,Marmaris,2016,0.09247402,0.082921766
Turkey,3074,28139,Marmaris,2017,0.07933884,0.07001634
Turkey,3074,28139,Marmaris,2018,0.08569284,0.077350214
Turkey,3074,28139,Marmaris,2019,0.08297633,0.07559289
Turkey,3074,28139,Marmaris,2020,0.084207885,0.0745131
Turkey,3074,28139,Marmaris,2021,0.09885734,0.089341134
Turkey,3074,28139,Marmaris,2022,0.08221116,0.076518536
Turkey,3074,28139,Marmaris,2023,0.09857067,0.08948895
Turkey,3074,28139,Marmaris,2024,0.11430036,0.10578587
Turkey,3074,28140,Merkez,2015,0.074766785,0.07225451
Turkey,3074,28140,Merkez,2016,0.0819442,0.07587359
Turkey,3074,28140,Merkez,2017,0.08556076,0.08850094
Turkey,3074,28140,Merkez,2018,0.07669886,0.06974346
Turkey,3074,28140,Merkez,2019,0.087576255,0.07306027
Turkey,3074,28140,Merkez,2020,0.09297602,0.073260784
Turkey,3074,28140,Merkez,2021,0.091002494,0.07702123
Turkey,3074,28140,Merkez,2022,0.082351886,0.07287201
Turkey,3074,28140,Merkez,2023,0.08787723,0.073786855
Turkey,3074,28140,Merkez,2024,0.083819,0.072583124
Turkey,3074,28141,Milas,2015,0.16650549,0.17628542
Turkey,3074,28141,Milas,2016,0.14741309,0.121644706
Turkey,3074,28141,Milas,2017,0.15107702,0.14730996
Turkey,3074,28141,Milas,2018,0.1512017,0.16002825
Turkey,3074,28141,Milas,2019,0.16285262,0.1928159
Turkey,3074,28141,Milas,2020,0.16027018,0.19437
Turkey,3074,28141,Milas,2021,0.13764596,0.15514334
Turkey,3074,28141,Milas,2022,0.12212233,0.14184228
Turkey,3074,28141,Milas,2023,0.12755321,0.17279759
Turkey,3074,28141,Milas,2024,0.10759772,0.15377294
Turkey,3074,28142,Ortaca,2015,0.10755368,0.05056668
Turkey,3074,28142,Ortaca,2016,0.09961821,0.072310716
Turkey,3074,28142,Ortaca,2017,0.11700022,0.06268629
Turkey,3074,28142,Ortaca,2018,0.12413039,0.033231333
Turkey,3074,28142,Ortaca,2019,0.12292819,0.033035874
Turkey,3074,28142,Ortaca,2020,0.1229292,0.036578313
Turkey,3074,28142,Ortaca,2021,0.12332193,0.053001177
Turkey,3074,28142,Ortaca,2022,0.08918684,0.030813524
Turkey,3074,28142,Ortaca,2023,0.09059037,0.026449004
Turkey,3074,28142,Ortaca,2024,0.10877286,0.04104461
Turkey,3074,28143,Ula,2015,0.24476966,0.14546613
Turkey,3074,28143,Ula,2016,0.23102027,0.13220581
Turkey,3074,28143,Ula,2017,0.22078234,0.14238343
Turkey,3074,28143,Ula,2018,0.22013667,0.17254817
Turkey,3074,28143,Ula,2019,0.22735968,0.16074926
Turkey,3074,28143,Ula,2020,0.21853285,0.15581411
Turkey,3074,28143,Ula,2021,0.20761988,0.1327821
Turkey,3074,28143,Ula,2022,0.21130179,0.11977079
Turkey,3074,28143,Ula,2023,0.21865928,0.13341206
Turkey,3074,28143,Ula,2024,0.22448188,0.13820767
Turkey,3074,28144,Yatagan,2015,0.1830804,0.0876063
Turkey,3074,28144,Yatagan,2016,0.15099353,0.08885411
Turkey,3074,28144,Yatagan,2017,0.1483817,0.092544936
Turkey,3074,28144,Yatagan,2018,0.16285217,0.098867804
Turkey,3074,28144,Yatagan,2019,0.16102499,0.11367269
Turkey,3074,28144,Yatagan,2020,0.16879547,0.09956894
Turkey,3074,28144,Yatagan,2021,0.14233384,0.09508134
Turkey,3074,28144,Yatagan,2022,0.137108,0.09168304
Turkey,3074,28144,Yatagan,2023,0.14783064,0.122248344
Turkey,3074,28144,Yatagan,2024,0.14819321,0.11982907
Turkey,3075,28145,Bulanik,2015,0.1847632,0.1410378
Turkey,3075,28145,Bulanik,2016,0.16410704,0.14323983
Turkey,3075,28145,Bulanik,2017,0.17145358,0.14778197
Turkey,3075,28145,Bulanik,2018,0.16551194,0.11195658
Turkey,3075,28145,Bulanik,2019,0.15832299,0.13921967
Turkey,3075,28145,Bulanik,2020,0.16270095,0.12648667
Turkey,3075,28145,Bulanik,2021,0.16599274,0.14404568
Turkey,3075,28145,Bulanik,2022,0.16272518,0.13118397
Turkey,3075,28145,Bulanik,2023,0.15757275,0.09627512
Turkey,3075,28145,Bulanik,2024,0.16901848,0.094191365
Turkey,3075,28146,Haskoy,2015,0.16330689,0.11264521
Turkey,3075,28146,Haskoy,2016,0.1583458,0.11813614
Turkey,3075,28146,Haskoy,2017,0.1565297,0.124951944
Turkey,3075,28146,Haskoy,2018,0.15688387,0.11014714
Turkey,3075,28146,Haskoy,2019,0.14403477,0.12271304
Turkey,3075,28146,Haskoy,2020,0.13585116,0.10999406
Turkey,3075,28146,Haskoy,2021,0.13903247,0.10953474
Turkey,3075,28146,Haskoy,2022,0.14083074,0.107324414
Turkey,3075,28146,Haskoy,2023,0.123037696,0.10663182
Turkey,3075,28146,Haskoy,2024,0.121307634,0.10480581
Turkey,3075,28147,Korkut,2015,0.15191752,0.11579481
Turkey,3075,28147,Korkut,2016,0.1721017,0.13503653
Turkey,3075,28147,Korkut,2017,0.15756595,0.14148417
Turkey,3075,28147,Korkut,2018,0.15298733,0.1062228
Turkey,3075,28147,Korkut,2019,0.14100839,0.13738483
Turkey,3075,28147,Korkut,2020,0.13409787,0.1327616
Turkey,3075,28147,Korkut,2021,0.15133631,0.13614926
Turkey,3075,28147,Korkut,2022,0.15464559,0.1378021
Turkey,3075,28147,Korkut,2023,0.1525668,0.11559595
Turkey,3075,28147,Korkut,2024,0.15374526,0.11235484
Turkey,3075,28148,Malazgirt,2015,0.21236148,0.17774215
Turkey,3075,28148,Malazgirt,2016,0.20157988,0.18466341
Turkey,3075,28148,Malazgirt,2017,0.19276115,0.17278714
Turkey,3075,28148,Malazgirt,2018,0.19594142,0.13534492
Turkey,3075,28148,Malazgirt,2019,0.16576155,0.15357575
Turkey,3075,28148,Malazgirt,2020,0.15832624,0.13279355
Turkey,3075,28148,Malazgirt,2021,0.17230082,0.15221328
Turkey,3075,28148,Malazgirt,2022,0.1699576,0.14689146
Turkey,3075,28148,Malazgirt,2023,0.16437836,0.09791915
Turkey,3075,28148,Malazgirt,2024,0.17335531,0.110649996
Turkey,3075,28149,Merkez,2015,0.15528396,0.09390171
Turkey,3075,28149,Merkez,2016,0.15473466,0.107144736
Turkey,3075,28149,Merkez,2017,0.13693494,0.106913075
Turkey,3075,28149,Merkez,2018,0.13364866,0.06985354
Turkey,3075,28149,Merkez,2019,0.11264323,0.09367759
Turkey,3075,28149,Merkez,2020,0.12258718,0.092462346
Turkey,3075,28149,Merkez,2021,0.11912091,0.088309884
Turkey,3075,28149,Merkez,2022,0.12581751,0.07574764
Turkey,3075,28149,Merkez,2023,0.10214083,0.07098577
Turkey,3075,28149,Merkez,2024,0.11036005,0.06746251
Turkey,3075,28150,Varto,2015,0.17075065,0.11909059
Turkey,3075,28150,Varto,2016,0.17939822,0.14026958
Turkey,3075,28150,Varto,2017,0.18092749,0.14505346
Turkey,3075,28150,Varto,2018,0.1789034,0.1317279
Turkey,3075,28150,Varto,2019,0.18437064,0.15722981
Turkey,3075,28150,Varto,2020,0.2270644,0.19607139
Turkey,3075,28150,Varto,2021,0.23411193,0.22454399
Turkey,3075,28150,Varto,2022,0.24191177,0.20933318
Turkey,3075,28150,Varto,2023,0.24057709,0.17252824
Turkey,3075,28150,Varto,2024,0.23282483,0.19209337
Turkey,3076,28151,Acigol,2015,0.17804922,0.16885306
Turkey,3076,28151,Acigol,2016,0.17971897,0.18047717
Turkey,3076,28151,Acigol,2017,0.16672164,0.164889
Turkey,3076,28151,Acigol,2018,0.14662378,0.13758399
Turkey,3076,28151,Acigol,2019,0.15227368,0.1395444
Turkey,3076,28151,Acigol,2020,0.14449793,0.13575852
Turkey,3076,28151,Acigol,2021,0.15533522,0.14120007
Turkey,3076,28151,Acigol,2022,0.15530466,0.14728844
Turkey,3076,28151,Acigol,2023,0.14669994,0.1371332
Turkey,3076,28151,Acigol,2024,0.15200071,0.14401262
Turkey,3076,28152,Avanos,2015,0.20121206,0.1668304
Turkey,3076,28152,Avanos,2016,0.19264823,0.17885455
Turkey,3076,28152,Avanos,2017,0.19725524,0.1846125
Turkey,3076,28152,Avanos,2018,0.17196754,0.15771024
Turkey,3076,28152,Avanos,2019,0.17800225,0.15294811
Turkey,3076,28152,Avanos,2020,0.17507921,0.15777767
Turkey,3076,28152,Avanos,2021,0.17485785,0.1423436
Turkey,3076,28152,Avanos,2022,0.18269204,0.16546358
Turkey,3076,28152,Avanos,2023,0.1718715,0.13130116
Turkey,3076,28152,Avanos,2024,0.16979134,0.12662104
Turkey,3076,28153,Derinkuyu,2015,0.111529686,0.10132788
Turkey,3076,28153,Derinkuyu,2016,0.12639882,0.09703038
Turkey,3076,28153,Derinkuyu,2017,0.12384008,0.10128638
Turkey,3076,28153,Derinkuyu,2018,0.10334514,0.09242357
Turkey,3076,28153,Derinkuyu,2019,0.113792844,0.09937248
Turkey,3076,28153,Derinkuyu,2020,0.10199874,0.098255545
Turkey,3076,28153,Derinkuyu,2021,0.10256531,0.09585937
Turkey,3076,28153,Derinkuyu,2022,0.10762186,0.107339926
Turkey,3076,28153,Derinkuyu,2023,0.1060719,0.09307116
Turkey,3076,28153,Derinkuyu,2024,0.10535588,0.094434306
Turkey,3076,28154,Gulsehir,2015,0.17304589,0.14291304
Turkey,3076,28154,Gulsehir,2016,0.15979691,0.15041724
Turkey,3076,28154,Gulsehir,2017,0.16104801,0.15234318
Turkey,3076,28154,Gulsehir,2018,0.15824887,0.13010338
Turkey,3076,28154,Gulsehir,2019,0.16249293,0.13738152
Turkey,3076,28154,Gulsehir,2020,0.16674648,0.14873251
Turkey,3076,28154,Gulsehir,2021,0.15397072,0.13339107
Turkey,3076,28154,Gulsehir,2022,0.1683842,0.14167222
Turkey,3076,28154,Gulsehir,2023,0.16214578,0.1299367
Turkey,3076,28154,Gulsehir,2024,0.16568859,0.13331203
Turkey,3076,28155,Hacibektas,2015,0.18116195,0.1749658
Turkey,3076,28155,Hacibektas,2016,0.18797544,0.17915729
Turkey,3076,28155,Hacibektas,2017,0.18173905,0.18501173
Turkey,3076,28155,Hacibektas,2018,0.16752169,0.16308635
Turkey,3076,28155,Hacibektas,2019,0.1781627,0.17565623
Turkey,3076,28155,Hacibektas,2020,0.172485,0.17137331
Turkey,3076,28155,Hacibektas,2021,0.17619374,0.1800262
Turkey,3076,28155,Hacibektas,2022,0.18706748,0.18686226
Turkey,3076,28155,Hacibektas,2023,0.17965327,0.17297648
Turkey,3076,28155,Hacibektas,2024,0.16688338,0.16260706
Turkey,3076,28156,Kozakli,2015,0.18397209,0.14586338
Turkey,3076,28156,Kozakli,2016,0.19739422,0.17516077
Turkey,3076,28156,Kozakli,2017,0.19143899,0.17263332
Turkey,3076,28156,Kozakli,2018,0.18090156,0.15362
Turkey,3076,28156,Kozakli,2019,0.1911324,0.16003697
Turkey,3076,28156,Kozakli,2020,0.1931715,0.16901773
Turkey,3076,28156,Kozakli,2021,0.16975051,0.14185274
Turkey,3076,28156,Kozakli,2022,0.1742234,0.16337802
Turkey,3076,28156,Kozakli,2023,0.17091459,0.1417507
Turkey,3076,28156,Kozakli,2024,0.16829793,0.13844125
Turkey,3076,28157,Merkez,2015,0.07127357,0.06784335
Turkey,3076,28157,Merkez,2016,0.07046891,0.07077298
Turkey,3076,28157,Merkez,2017,0.07046891,0.07077298
Turkey,3076,28157,Merkez,2018,0.07331538,0.07254081
Turkey,3076,28157,Merkez,2019,0.07199614,0.07122157
Turkey,3076,28157,Merkez,2020,0.07469521,0.073920645
Turkey,3076,28157,Merkez,2021,0.074665144,0.073890574
Turkey,3076,28157,Merkez,2022,0.07651818,0.075743586
Turkey,3076,28157,Merkez,2023,0.07202422,0.06812343
Turkey,3076,28157,Merkez,2024,0.07322176,0.07006893
Turkey,3076,28158,Urgup,2015,0.14200817,0.10610639
Turkey,3076,28158,Urgup,2016,0.12729199,0.11447473
Turkey,3076,28158,Urgup,2017,0.1298109,0.11996321
Turkey,3076,28158,Urgup,2018,0.12123261,0.10522078
Turkey,3076,28158,Urgup,2019,0.11913228,0.10105409
Turkey,3076,28158,Urgup,2020,0.12345913,0.110065416
Turkey,3076,28158,Urgup,2021,0.10791017,0.098564304
Turkey,3076,28158,Urgup,2022,0.11349928,0.11057558
Turkey,3076,28158,Urgup,2023,0.09837179,0.08297851
Turkey,3076,28158,Urgup,2024,0.09619025,0.079098776
Turkey,3077,28159,Altunhisar,2015,0.24254683,0.23290192
Turkey,3077,28159,Altunhisar,2016,0.21781588,0.21978447
Turkey,3077,28159,Altunhisar,2017,0.2208094,0.2249713
Turkey,3077,28159,Altunhisar,2018,0.19374701,0.18166009
Turkey,3077,28159,Altunhisar,2019,0.223261,0.22656871
Turkey,3077,28159,Altunhisar,2020,0.1960165,0.19131097
Turkey,3077,28159,Altunhisar,2021,0.19530068,0.19013739
Turkey,3077,28159,Altunhisar,2022,0.19647422,0.19948341
Turkey,3077,28159,Altunhisar,2023,0.1943182,0.18788962
Turkey,3077,28159,Altunhisar,2024,0.18673062,0.1791759
Turkey,3077,28160,Bor,2015,0.13862543,0.098099865
Turkey,3077,28160,Bor,2016,0.12208819,0.09678689
Turkey,3077,28160,Bor,2017,0.117269665,0.0947716
Turkey,3077,28160,Bor,2018,0.10978265,0.085755214
Turkey,3077,28160,Bor,2019,0.11143018,0.08548041
Turkey,3077,28160,Bor,2020,0.10142319,0.0878544
Turkey,3077,28160,Bor,2021,0.09061144,0.085017085
Turkey,3077,28160,Bor,2022,0.08531664,0.08175456
Turkey,3077,28160,Bor,2023,0.08242811,0.0788776
Turkey,3077,28160,Bor,2024,0.08421881,0.08120582
Turkey,3077,28161,Camardi,2015,0.20392269,0.14985827
Turkey,3077,28161,Camardi,2016,0.20484875,0.15178613
Turkey,3077,28161,Camardi,2017,0.20237562,0.15642864
Turkey,3077,28161,Camardi,2018,0.19733621,0.1461853
Turkey,3077,28161,Camardi,2019,0.20374644,0.15308753
Turkey,3077,28161,Camardi,2020,0.20051229,0.15085936
Turkey,3077,28161,Camardi,2021,0.19629614,0.15289102
Turkey,3077,28161,Camardi,2022,0.18674007,0.14955825
Turkey,3077,28161,Camardi,2023,0.1964716,0.14329794
Turkey,3077,28161,Camardi,2024,0.18859893,0.13596854
Turkey,3077,28162,Ciftlik,2015,0.19719785,0.15508516
Turkey,3077,28162,Ciftlik,2016,0.20597059,0.16248518
Turkey,3077,28162,Ciftlik,2017,0.20246616,0.16375041
Turkey,3077,28162,Ciftlik,2018,0.20738111,0.14655016
Turkey,3077,28162,Ciftlik,2019,0.20763585,0.16021727
Turkey,3077,28162,Ciftlik,2020,0.20127428,0.16104227
Turkey,3077,28162,Ciftlik,2021,0.20381875,0.15866874
Turkey,3077,28162,Ciftlik,2022,0.19882768,0.16229698
Turkey,3077,28162,Ciftlik,2023,0.20372319,0.12154755
Turkey,3077,28162,Ciftlik,2024,0.217419,0.13418777
Turkey,3077,28163,Merkez,2015,0.08041389,0.063977055
Turkey,3077,28163,Merkez,2016,0.08301065,0.06348225
Turkey,3077,28163,Merkez,2017,0.077256426,0.06725276
Turkey,3077,28163,Merkez,2018,0.07264135,0.066119485
Turkey,3077,28163,Merkez,2019,0.07541417,0.06809202
Turkey,3077,28163,Merkez,2020,0.07300557,0.065458335
Turkey,3077,28163,Merkez,2021,0.072459064,0.06513691
Turkey,3077,28163,Merkez,2022,0.07751659,0.069738455
Turkey,3077,28163,Merkez,2023,0.07493027,0.068125494
Turkey,3077,28163,Merkez,2024,0.075725704,0.06966887
Turkey,3077,28164,Ulukisla,2015,0.22492492,0.18481913
Turkey,3077,28164,Ulukisla,2016,0.22880572,0.20010695
Turkey,3077,28164,Ulukisla,2017,0.226561,0.20024842
Turkey,3077,28164,Ulukisla,2018,0.21775185,0.18710025
Turkey,3077,28164,Ulukisla,2019,0.22020957,0.18883924
Turkey,3077,28164,Ulukisla,2020,0.22260574,0.1946686
Turkey,3077,28164,Ulukisla,2021,0.2370084,0.2133689
Turkey,3077,28164,Ulukisla,2022,0.2263436,0.20597093
Turkey,3077,28164,Ulukisla,2023,0.23059894,0.20358786
Turkey,3077,28164,Ulukisla,2024,0.24653457,0.21769215
Turkey,3078,28165,Akkus,2015,0.12916264,0.07174529
Turkey,3078,28165,Akkus,2016,0.12152466,0.0734681
Turkey,3078,28165,Akkus,2017,0.14349173,0.068993494
Turkey,3078,28165,Akkus,2018,0.1379535,0.05806105
Turkey,3078,28165,Akkus,2019,0.13355975,0.05602083
Turkey,3078,28165,Akkus,2020,0.12836164,0.050227083
Turkey,3078,28165,Akkus,2021,0.11909002,0.050227083
Turkey,3078,28165,Akkus,2022,0.11427778,0.053756014
Turkey,3078,28165,Akkus,2023,0.144754,0.06565298
Turkey,3078,28165,Akkus,2024,0.12692547,0.058608185
Turkey,3078,28166,Aybasti,2015,0.21843475,0.08986772
Turkey,3078,28166,Aybasti,2016,0.20374188,0.07058272
Turkey,3078,28166,Aybasti,2017,0.20872973,0.07632741
Turkey,3078,28166,Aybasti,2018,0.22528017,0.10060299
Turkey,3078,28166,Aybasti,2019,0.23979059,0.11877566
Turkey,3078,28166,Aybasti,2020,0.22112027,0.11141356
Turkey,3078,28166,Aybasti,2021,0.22290732,0.11156436
Turkey,3078,28166,Aybasti,2022,0.22121796,0.10674239
Turkey,3078,28166,Aybasti,2023,0.21730801,0.11079484
Turkey,3078,28166,Aybasti,2024,0.21104786,0.119348705
Turkey,3078,28168,Catalpinar,2015,0.17272687,0.07990521
Turkey,3078,28168,Catalpinar,2016,0.16229193,0.081033036
Turkey,3078,28168,Catalpinar,2017,0.17368802,0.08488263
Turkey,3078,28168,Catalpinar,2018,0.19304585,0.09505734
Turkey,3078,28168,Catalpinar,2019,0.17556772,0.08589123
Turkey,3078,28168,Catalpinar,2020,0.1719497,0.08728194
Turkey,3078,28168,Catalpinar,2021,0.16489536,0.0864896
Turkey,3078,28168,Catalpinar,2022,0.13876176,0.094030656
Turkey,3078,28168,Catalpinar,2023,0.14673597,0.0834123
Turkey,3078,28168,Catalpinar,2024,0.14518535,0.09149563
Turkey,3078,28170,Fatsa,2015,0.09557156,0.058546256
Turkey,3078,28170,Fatsa,2016,0.07578969,0.06677821
Turkey,3078,28170,Fatsa,2017,0.07769961,0.06868813
Turkey,3078,28170,Fatsa,2018,0.06902769,0.062115442
Turkey,3078,28170,Fatsa,2019,0.07056704,0.05997573
Turkey,3078,28170,Fatsa,2020,0.068514355,0.056345318
Turkey,3078,28170,Fatsa,2021,0.067718744,0.056151852
Turkey,3078,28170,Fatsa,2022,0.07833927,0.066502176
Turkey,3078,28170,Fatsa,2023,0.076268144,0.06678868
Turkey,3078,28170,Fatsa,2024,0.070545614,0.061383042
Turkey,3078,28171,Golkoy,2015,0.10416575,0.06666254
Turkey,3078,28171,Golkoy,2016,0.104680136,0.064976186
Turkey,3078,28171,Golkoy,2017,0.10816373,0.0613145
Turkey,3078,28171,Golkoy,2018,0.12824462,0.06933307
Turkey,3078,28171,Golkoy,2019,0.12215771,0.06739286
Turkey,3078,28171,Golkoy,2020,0.10942413,0.060150743
Turkey,3078,28171,Golkoy,2021,0.09930384,0.06812055
Turkey,3078,28171,Golkoy,2022,0.08098693,0.056764897
Turkey,3078,28171,Golkoy,2023,0.106359646,0.06043637
Turkey,3078,28171,Golkoy,2024,0.09924651,0.062668055
Turkey,3078,28172,Gulyali,2015,0.18328807,0.08980811
Turkey,3078,28172,Gulyali,2016,0.17795983,0.08895795
Turkey,3078,28172,Gulyali,2017,0.1724119,0.0950429
Turkey,3078,28172,Gulyali,2018,0.19929963,0.11068625
Turkey,3078,28172,Gulyali,2019,0.19676808,0.11164022
Turkey,3078,28172,Gulyali,2020,0.18027757,0.09634617
Turkey,3078,28172,Gulyali,2021,0.17720523,0.10815706
Turkey,3078,28172,Gulyali,2022,0.13507089,0.0797732
Turkey,3078,28172,Gulyali,2023,0.15679258,0.09657623
Turkey,3078,28172,Gulyali,2024,0.17131656,0.09305884
Turkey,3078,28173,Gurgentepe,2015,0.19214323,0.11382239
Turkey,3078,28173,Gurgentepe,2016,0.17490941,0.10710583
Turkey,3078,28173,Gurgentepe,2017,0.17253076,0.0953744
Turkey,3078,28173,Gurgentepe,2018,0.16951433,0.1016658
Turkey,3078,28173,Gurgentepe,2019,0.18797359,0.10777033
Turkey,3078,28173,Gurgentepe,2020,0.16974005,0.11220605
Turkey,3078,28173,Gurgentepe,2021,0.17525329,0.10094933
Turkey,3078,28173,Gurgentepe,2022,0.1567164,0.09898194
Turkey,3078,28173,Gurgentepe,2023,0.15744324,0.08662689
Turkey,3078,28173,Gurgentepe,2024,0.16249315,0.09477301
Turkey,3078,28176,Kabatas,2015,0.14885324,0.08885841
Turkey,3078,28176,Kabatas,2016,0.14553203,0.07449881
Turkey,3078,28176,Kabatas,2017,0.16050547,0.09092216
Turkey,3078,28176,Kabatas,2018,0.16366875,0.08048782
Turkey,3078,28176,Kabatas,2019,0.15855986,0.081378
Turkey,3078,28176,Kabatas,2020,0.15482342,0.09553578
Turkey,3078,28176,Kabatas,2021,0.15096836,0.096228085
Turkey,3078,28176,Kabatas,2022,0.12934151,0.08404616
Turkey,3078,28176,Kabatas,2023,0.14082973,0.09640496
Turkey,3078,28176,Kabatas,2024,0.1396671,0.09244366
Turkey,3078,28177,Korgan,2015,0.14791077,0.072587766
Turkey,3078,28177,Korgan,2016,0.15817365,0.07599732
Turkey,3078,28177,Korgan,2017,0.15569773,0.076122
Turkey,3078,28177,Korgan,2018,0.15855955,0.07049292
Turkey,3078,28177,Korgan,2019,0.14360723,0.068701975
Turkey,3078,28177,Korgan,2020,0.16031916,0.08044432
Turkey,3078,28177,Korgan,2021,0.15334865,0.08086377
Turkey,3078,28177,Korgan,2022,0.13741004,0.079583935
Turkey,3078,28177,Korgan,2023,0.1628767,0.08214596
Turkey,3078,28177,Korgan,2024,0.15212026,0.08264098
Turkey,3078,28179,Merkez,2015,0.04399982,0.04289098
Turkey,3078,28179,Merkez,2016,0.049134098,0.048071943
Turkey,3078,28179,Merkez,2017,0.060205657,0.0591435
Turkey,3078,28179,Merkez,2018,0.047888283,0.047535196
Turkey,3078,28179,Merkez,2019,0.046799317,0.04680361
Turkey,3078,28179,Merkez,2020,0.04675696,0.04412651
Turkey,3078,28179,Merkez,2021,0.04663129,0.04566293
Turkey,3078,28179,Merkez,2022,0.059516,0.05680021
Turkey,3078,28179,Merkez,2023,0.04576736,0.045258295
Turkey,3078,28179,Merkez,2024,0.050035406,0.050819185
Turkey,3078,28180,Mesudiye,2015,0.22444847,0.14787988
Turkey,3078,28180,Mesudiye,2016,0.19477461,0.11150648
Turkey,3078,28180,Mesudiye,2017,0.20986354,0.15483284
Turkey,3078,28180,Mesudiye,2018,0.16870953,0.09547417
Turkey,3078,28180,Mesudiye,2019,0.21555829,0.15066357
Turkey,3078,28180,Mesudiye,2020,0.2139422,0.14174414
Turkey,3078,28180,Mesudiye,2021,0.21462658,0.12687127
Turkey,3078,28180,Mesudiye,2022,0.23145151,0.15456977
Turkey,3078,28180,Mesudiye,2023,0.23776752,0.14348306
Turkey,3078,28180,Mesudiye,2024,0.23845294,0.14160855
Turkey,3078,28181,Persembe,2015,0.22208844,0.11816515
Turkey,3078,28181,Persembe,2016,0.19199377,0.13952908
Turkey,3078,28181,Persembe,2017,0.18139136,0.13820861
Turkey,3078,28181,Persembe,2018,0.21962173,0.1771811
Turkey,3078,28181,Persembe,2019,0.19137676,0.14902632
Turkey,3078,28181,Persembe,2020,0.16949624,0.14068303
Turkey,3078,28181,Persembe,2021,0.17850417,0.10482634
Turkey,3078,28181,Persembe,2022,0.15678014,0.13353337
Turkey,3078,28181,Persembe,2023,0.18782708,0.1226219
Turkey,3078,28181,Persembe,2024,0.16936779,0.12045339
Turkey,3078,28183,Unye,2015,0.06984483,0.060972616
Turkey,3078,28183,Unye,2016,0.07944484,0.070082694
Turkey,3078,28183,Unye,2017,0.07329363,0.06572558
Turkey,3078,28183,Unye,2018,0.07127386,0.06514668
Turkey,3078,28183,Unye,2019,0.07143027,0.06381554
Turkey,3078,28183,Unye,2020,0.07162099,0.06400628
Turkey,3078,28183,Unye,2021,0.07144191,0.06449027
Turkey,3078,28183,Unye,2022,0.06623012,0.06044603
Turkey,3078,28183,Unye,2023,0.07509791,0.0678428
Turkey,3078,28183,Unye,2024,0.0756728,0.07437703
Turkey,3079,28184,Bahce,2015,0.18436383,0.14862885
Turkey,3079,28184,Bahce,2016,0.19086435,0.15223496
Turkey,3079,28184,Bahce,2017,0.18745366,0.14810094
Turkey,3079,28184,Bahce,2018,0.17460266,0.15691498
Turkey,3079,28184,Bahce,2019,0.17629959,0.14627095
Turkey,3079,28184,Bahce,2020,0.18064056,0.16960184
Turkey,3079,28184,Bahce,2021,0.1726996,0.16641104
Turkey,3079,28184,Bahce,2022,0.1821155,0.14235066
Turkey,3079,28184,Bahce,2023,0.17582819,0.13403532
Turkey,3079,28184,Bahce,2024,0.17475697,0.13819954
Turkey,3079,28185,Duzici,2015,0.13887936,0.07154148
Turkey,3079,28185,Duzici,2016,0.12245931,0.07235773
Turkey,3079,28185,Duzici,2017,0.1217667,0.07062119
Turkey,3079,28185,Duzici,2018,0.1338085,0.074349895
Turkey,3079,28185,Duzici,2019,0.11648737,0.0733785
Turkey,3079,28185,Duzici,2020,0.11068889,0.07096989
Turkey,3079,28185,Duzici,2021,0.10456365,0.07272179
Turkey,3079,28185,Duzici,2022,0.08523341,0.07506019
Turkey,3079,28185,Duzici,2023,0.09640394,0.07482707
Turkey,3079,28185,Duzici,2024,0.09558865,0.07546938
Turkey,3079,28186,Hasanbeyli,2015,0.18499087,0.1251781
Turkey,3079,28186,Hasanbeyli,2016,0.21549907,0.15605144
Turkey,3079,28186,Hasanbeyli,2017,0.19216779,0.13771749
Turkey,3079,28186,Hasanbeyli,2018,0.19530189,0.12878413
Turkey,3079,28186,Hasanbeyli,2019,0.20798588,0.14755692
Turkey,3079,28186,Hasanbeyli,2020,0.2092911,0.14910008
Turkey,3079,28186,Hasanbeyli,2021,0.21300098,0.14690357
Turkey,3079,28186,Hasanbeyli,2022,0.19970216,0.14299868
Turkey,3079,28186,Hasanbeyli,2023,0.20147744,0.1282988
Turkey,3079,28186,Hasanbeyli,2024,0.20036727,0.13961202
Turkey,3079,28187,Kadirli,2015,0.11052455,0.08382926
Turkey,3079,28187,Kadirli,2016,0.10201301,0.07510998
Turkey,3079,28187,Kadirli,2017,0.089814864,0.07025369
Turkey,3079,28187,Kadirli,2018,0.1070084,0.115536794
Turkey,3079,28187,Kadirli,2019,0.111707695,0.11185594
Turkey,3079,28187,Kadirli,2020,0.120051876,0.11697707
Turkey,3079,28187,Kadirli,2021,0.11018131,0.095556065
Turkey,3079,28187,Kadirli,2022,0.093214534,0.08040222
Turkey,3079,28187,Kadirli,2023,0.11216147,0.09405332
Turkey,3079,28187,Kadirli,2024,0.10755504,0.08153591
Turkey,3079,28188,Merkez,2015,0.08783143,0.07432949
Turkey,3079,28188,Merkez,2016,0.0799624,0.06922433
Turkey,3079,28188,Merkez,2017,0.07721026,0.07333488
Turkey,3079,28188,Merkez,2018,0.07805496,0.07246305
Turkey,3079,28188,Merkez,2019,0.07553525,0.07266737
Turkey,3079,28188,Merkez,2020,0.07619912,0.074918926
Turkey,3079,28188,Merkez,2021,0.07536897,0.07327212
Turkey,3079,28188,Merkez,2022,0.07589827,0.073030375
Turkey,3079,28188,Merkez,2023,0.08071047,0.08170502
Turkey,3079,28188,Merkez,2024,0.078442454,0.07943701
Turkey,3079,28189,Sumbas,2015,0.17365117,0.10473742
Turkey,3079,28189,Sumbas,2016,0.17263636,0.124360666
Turkey,3079,28189,Sumbas,2017,0.16170685,0.12067756
Turkey,3079,28189,Sumbas,2018,0.20927256,0.17991993
Turkey,3079,28189,Sumbas,2019,0.22505838,0.19156879
Turkey,3079,28189,Sumbas,2020,0.20844886,0.17938662
Turkey,3079,28189,Sumbas,2021,0.20048705,0.17644536
Turkey,3079,28189,Sumbas,2022,0.18787453,0.16281909
Turkey,3079,28189,Sumbas,2023,0.20967484,0.18813318
Turkey,3079,28189,Sumbas,2024,0.20222387,0.18067561
Turkey,3079,28190,Toprakkale,2015,0.19745155,0.20682971
Turkey,3079,28190,Toprakkale,2016,0.18969736,0.19485076
Turkey,3079,28190,Toprakkale,2017,0.18730266,0.18226668
Turkey,3079,28190,Toprakkale,2018,0.20309356,0.23560861
Turkey,3079,28190,Toprakkale,2019,0.1752984,0.19329965
Turkey,3079,28190,Toprakkale,2020,0.19297616,0.22305265
Turkey,3079,28190,Toprakkale,2021,0.18830422,0.19659743
Turkey,3079,28190,Toprakkale,2022,0.20440447,0.21860741
Turkey,3079,28190,Toprakkale,2023,0.19755223,0.20609841
Turkey,3079,28190,Toprakkale,2024,0.19657296,0.22402239
Turkey,3080,28191,Ardesen,2015,0.09759113,0.08665656
Turkey,3080,28191,Ardesen,2016,0.094363846,0.08380734
Turkey,3080,28191,Ardesen,2017,0.09490118,0.08499025
Turkey,3080,28191,Ardesen,2018,0.09800205,0.086868435
Turkey,3080,28191,Ardesen,2019,0.098704904,0.087111995
Turkey,3080,28191,Ardesen,2020,0.07981292,0.06822005
Turkey,3080,28191,Ardesen,2021,0.07962117,0.07024681
Turkey,3080,28191,Ardesen,2022,0.07585153,0.06903033
Turkey,3080,28191,Ardesen,2023,0.08184106,0.07547914
Turkey,3080,28191,Ardesen,2024,0.07672541,0.06794223
Turkey,3080,28195,Findikli,2015,0.21123855,0.0884305
Turkey,3080,28195,Findikli,2016,0.18672483,0.082154036
Turkey,3080,28195,Findikli,2017,0.18430236,0.08559906
Turkey,3080,28195,Findikli,2018,0.18801506,0.088859595
Turkey,3080,28195,Findikli,2019,0.14461395,0.078572854
Turkey,3080,28195,Findikli,2020,0.118361115,0.0674316
Turkey,3080,28195,Findikli,2021,0.1635299,0.07973485
Turkey,3080,28195,Findikli,2022,0.13970867,0.07333378
Turkey,3080,28195,Findikli,2023,0.14074709,0.08776143
Turkey,3080,28195,Findikli,2024,0.17299134,0.08669533
Turkey,3080,28196,Guneysu,2015,0.15455937,0.06719325
Turkey,3080,28196,Guneysu,2016,0.14093004,0.06893339
Turkey,3080,28196,Guneysu,2017,0.13563243,0.059404362
Turkey,3080,28196,Guneysu,2018,0.16260576,0.07349637
Turkey,3080,28196,Guneysu,2019,0.11945856,0.066934586
Turkey,3080,28196,Guneysu,2020,0.11776118,0.0667045
Turkey,3080,28196,Guneysu,2021,0.1135854,0.065327644
Turkey,3080,28196,Guneysu,2022,0.09938306,0.06258114
Turkey,3080,28196,Guneysu,2023,0.12760288,0.070095375
Turkey,3080,28196,Guneysu,2024,0.12544423,0.077562064
Turkey,3080,28198,Ikizdere,2015,0.21439385,0.108898506
Turkey,3080,28198,Ikizdere,2016,0.20363578,0.090705186
Turkey,3080,28198,Ikizdere,2017,0.2411485,0.13310054
Turkey,3080,28198,Ikizdere,2018,0.21050891,0.09796642
Turkey,3080,28198,Ikizdere,2019,0.22747159,0.1191172
Turkey,3080,28198,Ikizdere,2020,0.20767555,0.094359756
Turkey,3080,28198,Ikizdere,2021,0.21788117,0.10070065
Turkey,3080,28198,Ikizdere,2022,0.20684643,0.09444611
Turkey,3080,28198,Ikizdere,2023,0.24672087,0.13890158
Turkey,3080,28198,Ikizdere,2024,0.24468836,0.13492607
Turkey,3080,28199,Iyidere,2015,0.20668969,0.09605835
Turkey,3080,28199,Iyidere,2016,0.17164114,0.09137923
Turkey,3080,28199,Iyidere,2017,0.19107555,0.098796
Turkey,3080,28199,Iyidere,2018,0.20472507,0.10244127
Turkey,3080,28199,Iyidere,2019,0.17696111,0.09301518
Turkey,3080,28199,Iyidere,2020,0.17799646,0.09231451
Turkey,3080,28199,Iyidere,2021,0.1807467,0.10306931
Turkey,3080,28199,Iyidere,2022,0.12974307,0.08096367
Turkey,3080,28199,Iyidere,2023,0.14169478,0.09784157
Turkey,3080,28199,Iyidere,2024,0.14336078,0.08244254
Turkey,3080,28200,Kalkandere,2015,0.16776638,0.110563554
Turkey,3080,28200,Kalkandere,2016,0.15138313,0.07418619
Turkey,3080,28200,Kalkandere,2017,0.18446328,0.10004256
Turkey,3080,28200,Kalkandere,2018,0.21130186,0.116318844
Turkey,3080,28200,Kalkandere,2019,0.19345582,0.10096816
Turkey,3080,28200,Kalkandere,2020,0.17944825,0.09370126
Turkey,3080,28200,Kalkandere,2021,0.17953008,0.09271769
Turkey,3080,28200,Kalkandere,2022,0.16850592,0.0968208
Turkey,3080,28200,Kalkandere,2023,0.19963516,0.10306726
Turkey,3080,28200,Kalkandere,2024,0.18948747,0.08641853
Turkey,3080,28201,Merkez,2015,0.11113332,0.09969863
Turkey,3080,28201,Merkez,2016,0.12198107,0.10712465
Turkey,3080,28201,Merkez,2017,0.11448925,0.09958615
Turkey,3080,28201,Merkez,2018,0.11568587,0.10487916
Turkey,3080,28201,Merkez,2019,0.11167949,0.10162074
Turkey,3080,28201,Merkez,2020,0.10629356,0.09522786
Turkey,3080,28201,Merkez,2021,0.11022472,0.099230625
Turkey,3080,28201,Merkez,2022,0.11023512,0.098727636
Turkey,3080,28201,Merkez,2023,0.10720131,0.09628474
Turkey,3080,28201,Merkez,2024,0.08430579,0.07449717
Turkey,3080,28202,Pazar,2015,0.086626254,0.08500448
Turkey,3080,28202,Pazar,2016,0.085195094,0.074475
Turkey,3080,28202,Pazar,2017,0.086298086,0.08331207
Turkey,3080,28202,Pazar,2018,0.085943766,0.07503669
Turkey,3080,28202,Pazar,2019,0.08670636,0.084326744
Turkey,3080,28202,Pazar,2020,0.08170852,0.07104441
Turkey,3080,28202,Pazar,2021,0.08655287,0.0852362
Turkey,3080,28202,Pazar,2022,0.07545782,0.0642028
Turkey,3080,28202,Pazar,2023,0.07697926,0.07703749
Turkey,3080,28202,Pazar,2024,0.07853914,0.076896824
Turkey,3081,28203,Akyazi,2015,0.16733328,0.09629911
Turkey,3081,28203,Akyazi,2016,0.15158482,0.10354562
Turkey,3081,28203,Akyazi,2017,0.14256623,0.08764588
Turkey,3081,28203,Akyazi,2018,0.14645256,0.13278016
Turkey,3081,28203,Akyazi,2019,0.1425259,0.11826801
Turkey,3081,28203,Akyazi,2020,0.12797637,0.111558676
Turkey,3081,28203,Akyazi,2021,0.10523214,0.097813874
Turkey,3081,28203,Akyazi,2022,0.096907735,0.060652956
Turkey,3081,28203,Akyazi,2023,0.097677454,0.1018312
Turkey,3081,28203,Akyazi,2024,0.09599587,0.11276978
Turkey,3081,28204,Ferizli,2015,0.19425248,0.082732275
Turkey,3081,28204,Ferizli,2016,0.18911204,0.09031719
Turkey,3081,28204,Ferizli,2017,0.1850703,0.08519634
Turkey,3081,28204,Ferizli,2018,0.2056597,0.08558944
Turkey,3081,28204,Ferizli,2019,0.20117877,0.08158235
Turkey,3081,28204,Ferizli,2020,0.20258306,0.08934231
Turkey,3081,28204,Ferizli,2021,0.19355161,0.09057862
Turkey,3081,28204,Ferizli,2022,0.17950612,0.08914303
Turkey,3081,28204,Ferizli,2023,0.17535414,0.07914862
Turkey,3081,28204,Ferizli,2024,0.19763058,0.08496209
Turkey,3081,28205,Geyve,2015,0.18569863,0.09941103
Turkey,3081,28205,Geyve,2016,0.17705941,0.095424846
Turkey,3081,28205,Geyve,2017,0.18180789,0.09596788
Turkey,3081,28205,Geyve,2018,0.17250973,0.11808273
Turkey,3081,28205,Geyve,2019,0.16734762,0.1049444
Turkey,3081,28205,Geyve,2020,0.16996743,0.094231755
Turkey,3081,28205,Geyve,2021,0.16321194,0.090094306
Turkey,3081,28205,Geyve,2022,0.14636436,0.085371844
Turkey,3081,28205,Geyve,2023,0.14378886,0.10897655
Turkey,3081,28205,Geyve,2024,0.15022212,0.13117974
Turkey,3081,28206,Hendek,2015,0.13363986,0.057881393
Turkey,3081,28206,Hendek,2016,0.13045613,0.058866613
Turkey,3081,28206,Hendek,2017,0.1285131,0.057602305
Turkey,3081,28206,Hendek,2018,0.119834065,0.04943802
Turkey,3081,28206,Hendek,2019,0.12244582,0.05466939
Turkey,3081,28206,Hendek,2020,0.11719924,0.05063127
Turkey,3081,28206,Hendek,2021,0.10193752,0.05086944
Turkey,3081,28206,Hendek,2022,0.0996885,0.05961557
Turkey,3081,28206,Hendek,2023,0.09136298,0.055551574
Turkey,3081,28206,Hendek,2024,0.10543303,0.06231605
Turkey,3081,28207,Karapurcek,2015,0.17273729,0.080983736
Turkey,3081,28207,Karapurcek,2016,0.17389002,0.080369174
Turkey,3081,28207,Karapurcek,2017,0.1774126,0.08397083
Turkey,3081,28207,Karapurcek,2018,0.16788125,0.115913436
Turkey,3081,28207,Karapurcek,2019,0.16736647,0.07753443
Turkey,3081,28207,Karapurcek,2020,0.17528434,0.08124146
Turkey,3081,28207,Karapurcek,2021,0.17952554,0.08862854
Turkey,3081,28207,Karapurcek,2022,0.18230706,0.11997967
Turkey,3081,28207,Karapurcek,2023,0.18111156,0.090992056
Turkey,3081,28207,Karapurcek,2024,0.18877983,0.09694394
Turkey,3081,28208,Karasu,2015,0.22095495,0.1274947
Turkey,3081,28208,Karasu,2016,0.22128078,0.16029447
Turkey,3081,28208,Karasu,2017,0.21363449,0.13908236
Turkey,3081,28208,Karasu,2018,0.21659318,0.18072635
Turkey,3081,28208,Karasu,2019,0.20703797,0.12711093
Turkey,3081,28208,Karasu,2020,0.21067873,0.13803035
Turkey,3081,28208,Karasu,2021,0.19787784,0.119159736
Turkey,3081,28208,Karasu,2022,0.16422436,0.07779858
Turkey,3081,28208,Karasu,2023,0.16229185,0.06130513
Turkey,3081,28208,Karasu,2024,0.17009735,0.09471193
Turkey,3081,28209,Kaynarca,2015,0.1801596,0.061844572
Turkey,3081,28209,Kaynarca,2016,0.18439217,0.09569479
Turkey,3081,28209,Kaynarca,2017,0.19328469,0.07798127
Turkey,3081,28209,Kaynarca,2018,0.20252241,0.066664115
Turkey,3081,28209,Kaynarca,2019,0.18047118,0.06043805
Turkey,3081,28209,Kaynarca,2020,0.17685458,0.057721313
Turkey,3081,28209,Kaynarca,2021,0.16402218,0.050029654
Turkey,3081,28209,Kaynarca,2022,0.16232231,0.05587228
Turkey,3081,28209,Kaynarca,2023,0.19135736,0.08398228
Turkey,3081,28209,Kaynarca,2024,0.2049977,0.086014554
Turkey,3081,28210,Kocaali,2015,0.28350598,0.13864382
Turkey,3081,28210,Kocaali,2016,0.27286008,0.16321708
Turkey,3081,28210,Kocaali,2017,0.27231103,0.14920606
Turkey,3081,28210,Kocaali,2018,0.26656044,0.22643258
Turkey,3081,28210,Kocaali,2019,0.27597603,0.19470869
Turkey,3081,28210,Kocaali,2020,0.2933303,0.17841592
Turkey,3081,28210,Kocaali,2021,0.265697,0.20202029
Turkey,3081,28210,Kocaali,2022,0.243431,0.19846585
Turkey,3081,28210,Kocaali,2023,0.25561684,0.19055289
Turkey,3081,28210,Kocaali,2024,0.2649041,0.20115504
Turkey,3081,28211,Merkez,2015,0.03693602,0.02834816
Turkey,3081,28211,Merkez,2016,0.047477823,0.031247625
Turkey,3081,28211,Merkez,2017,0.04923965,0.032335345
Turkey,3081,28211,Merkez,2018,0.041790284,0.024885979
Turkey,3081,28211,Merkez,2019,0.041808367,0.025122024
Turkey,3081,28211,Merkez,2020,0.04861214,0.031925797
Turkey,3081,28211,Merkez,2021,0.04119235,0.025322683
Turkey,3081,28211,Merkez,2022,0.04554623,0.02967656
Turkey,3081,28211,Merkez,2023,0.04615482,0.030285152
Turkey,3081,28211,Merkez,2024,0.046991955,0.031122284
Turkey,3081,28212,Pamukova,2015,0.117648676,0.08409734
Turkey,3081,28212,Pamukova,2016,0.109184325,0.087159805
Turkey,3081,28212,Pamukova,2017,0.11300193,0.08379674
Turkey,3081,28212,Pamukova,2018,0.11322735,0.08433806
Turkey,3081,28212,Pamukova,2019,0.11621399,0.08392372
Turkey,3081,28212,Pamukova,2020,0.108547695,0.07004085
Turkey,3081,28212,Pamukova,2021,0.114644796,0.06809856
Turkey,3081,28212,Pamukova,2022,0.10941441,0.068668224
Turkey,3081,28212,Pamukova,2023,0.10619142,0.06954988
Turkey,3081,28212,Pamukova,2024,0.106135204,0.06512806
Turkey,3081,28213,Sapanca,2015,0.12826516,0.06027709
Turkey,3081,28213,Sapanca,2016,0.12254362,0.058504242
Turkey,3081,28213,Sapanca,2017,0.093348786,0.053479195
Turkey,3081,28213,Sapanca,2018,0.08463718,0.057833854
Turkey,3081,28213,Sapanca,2019,0.08346266,0.050633308
Turkey,3081,28213,Sapanca,2020,0.08660645,0.050729346
Turkey,3081,28213,Sapanca,2021,0.064577505,0.054794613
Turkey,3081,28213,Sapanca,2022,0.06521791,0.055435017
Turkey,3081,28213,Sapanca,2023,0.065343566,0.056019973
Turkey,3081,28213,Sapanca,2024,0.0610495,0.053006858
Turkey,3081,28214,Sogutlu,2015,0.18744054,0.10703842
Turkey,3081,28214,Sogutlu,2016,0.19149259,0.120991424
Turkey,3081,28214,Sogutlu,2017,0.18156822,0.08807576
Turkey,3081,28214,Sogutlu,2018,0.19444051,0.11351241
Turkey,3081,28214,Sogutlu,2019,0.17753194,0.09918134
Turkey,3081,28214,Sogutlu,2020,0.1982877,0.116654985
Turkey,3081,28214,Sogutlu,2021,0.18245628,0.09985927
Turkey,3081,28214,Sogutlu,2022,0.20457368,0.12722646
Turkey,3081,28214,Sogutlu,2023,0.18237583,0.0928058
Turkey,3081,28214,Sogutlu,2024,0.2003444,0.11110568
Turkey,3082,28216,19-mayis,2015,0.09653833,0.04050181
Turkey,3082,28216,19-mayis,2016,0.08606282,0.061344597
Turkey,3082,28216,19-mayis,2017,0.07292171,0.03345507
Turkey,3082,28216,19-mayis,2018,0.08860535,0.0632084
Turkey,3082,28216,19-mayis,2019,0.0797769,0.03444504
Turkey,3082,28216,19-mayis,2020,0.077397436,0.038927935
Turkey,3082,28216,19-mayis,2021,0.07957508,0.035678975
Turkey,3082,28216,19-mayis,2022,0.053676926,0.049249776
Turkey,3082,28216,19-mayis,2023,0.07891071,0.044599388
Turkey,3082,28216,19-mayis,2024,0.07149179,0.045437947
Turkey,3082,28217,Alacam,2015,0.24350682,0.15863408
Turkey,3082,28217,Alacam,2016,0.21997261,0.16879839
Turkey,3082,28217,Alacam,2017,0.21308593,0.16604261
Turkey,3082,28217,Alacam,2018,0.24109544,0.20047764
Turkey,3082,28217,Alacam,2019,0.21400708,0.14622624
Turkey,3082,28217,Alacam,2020,0.20122275,0.14895022
Turkey,3082,28217,Alacam,2021,0.20455772,0.1407954
Turkey,3082,28217,Alacam,2022,0.19506381,0.1418953
Turkey,3082,28217,Alacam,2023,0.24527732,0.19779313
Turkey,3082,28217,Alacam,2024,0.2440949,0.17124099
Turkey,3082,28218,Asarcik,2015,0.12413132,0.084825486
Turkey,3082,28218,Asarcik,2016,0.12354797,0.08236764
Turkey,3082,28218,Asarcik,2017,0.14947858,0.107765585
Turkey,3082,28218,Asarcik,2018,0.1280129,0.08451758
Turkey,3082,28218,Asarcik,2019,0.1495657,0.110614076
Turkey,3082,28218,Asarcik,2020,0.1503478,0.09940787
Turkey,3082,28218,Asarcik,2021,0.161037,0.0935233
Turkey,3082,28218,Asarcik,2022,0.16443992,0.114483245
Turkey,3082,28218,Asarcik,2023,0.1518012,0.068002425
Turkey,3082,28218,Asarcik,2024,0.14156221,0.07079554
Turkey,3082,28219,Ayvacik,2015,0.2290639,0.12518296
Turkey,3082,28219,Ayvacik,2016,0.21033952,0.12047516
Turkey,3082,28219,Ayvacik,2017,0.23125952,0.13024782
Turkey,3082,28219,Ayvacik,2018,0.24626037,0.1607372
Turkey,3082,28219,Ayvacik,2019,0.21571001,0.11836688
Turkey,3082,28219,Ayvacik,2020,0.22081077,0.12487751
Turkey,3082,28219,Ayvacik,2021,0.19914165,0.093411945
Turkey,3082,28219,Ayvacik,2022,0.18009749,0.10598469
Turkey,3082,28219,Ayvacik,2023,0.22880355,0.13039134
Turkey,3082,28219,Ayvacik,2024,0.2029511,0.14029154
Turkey,3082,28220,Bafra,2015,0.2004977,0.10465291
Turkey,3082,28220,Bafra,2016,0.18837532,0.117398195
Turkey,3082,28220,Bafra,2017,0.1863719,0.10861118
Turkey,3082,28220,Bafra,2018,0.2107065,0.15863985
Turkey,3082,28220,Bafra,2019,0.160153,0.11683737
Turkey,3082,28220,Bafra,2020,0.14747405,0.11009236
Turkey,3082,28220,Bafra,2021,0.15153813,0.102143034
Turkey,3082,28220,Bafra,2022,0.133845,0.078923985
Turkey,3082,28220,Bafra,2023,0.14842576,0.14921165
Turkey,3082,28220,Bafra,2024,0.13979864,0.14123857
Turkey,3082,28221,Carsamba,2015,0.11729575,0.008273471
Turkey,3082,28221,Carsamba,2016,0.11450289,0.010332526
Turkey,3082,28221,Carsamba,2017,0.11295759,0.015750686
Turkey,3082,28221,Carsamba,2018,0.09886974,0.0009455624
Turkey,3082,28221,Carsamba,2019,0.0905035,0.0002961827
Turkey,3082,28221,Carsamba,2020,0.09944037,0.0036386277
Turkey,3082,28221,Carsamba,2021,0.07779624,0.00032442345
Turkey,3082,28221,Carsamba,2022,0.086475074,0.012931953
Turkey,3082,28221,Carsamba,2023,0.08499885,0.009075868
Turkey,3082,28221,Carsamba,2024,0.08074743,0.0027215208
Turkey,3082,28222,Havza,2015,0.145093,0.08437661
Turkey,3082,28222,Havza,2016,0.14874245,0.08730325
Turkey,3082,28222,Havza,2017,0.1534064,0.086331
Turkey,3082,28222,Havza,2018,0.1358335,0.08650212
Turkey,3082,28222,Havza,2019,0.15183409,0.092731744
Turkey,3082,28222,Havza,2020,0.16543514,0.09632719
Turkey,3082,28222,Havza,2021,0.1687974,0.09327797
Turkey,3082,28222,Havza,2022,0.16243197,0.101988524
Turkey,3082,28222,Havza,2023,0.1462738,0.09223242
Turkey,3082,28222,Havza,2024,0.16435188,0.095216654
Turkey,3082,28223,Kavak,2015,0.21830364,0.14933042
Turkey,3082,28223,Kavak,2016,0.21414116,0.15183431
Turkey,3082,28223,Kavak,2017,0.22443494,0.15855001
Turkey,3082,28223,Kavak,2018,0.20154482,0.110509284
Turkey,3082,28223,Kavak,2019,0.20958987,0.12171653
Turkey,3082,28223,Kavak,2020,0.22549063,0.14992851
Turkey,3082,28223,Kavak,2021,0.22796564,0.12145244
Turkey,3082,28223,Kavak,2022,0.23208559,0.17521042
Turkey,3082,28223,Kavak,2023,0.20588654,0.11201073
Turkey,3082,28223,Kavak,2024,0.20941287,0.10433867
Turkey,3082,28224,Ladik,2015,0.16579002,0.092795864
Turkey,3082,28224,Ladik,2016,0.1882163,0.11090736
Turkey,3082,28224,Ladik,2017,0.19263905,0.10569329
Turkey,3082,28224,Ladik,2018,0.17682356,0.1013089
Turkey,3082,28224,Ladik,2019,0.17313072,0.089436874
Turkey,3082,28224,Ladik,2020,0.19850394,0.105210625
Turkey,3082,28224,Ladik,2021,0.1827429,0.09923071
Turkey,3082,28224,Ladik,2022,0.15935072,0.081797555
Turkey,3082,28224,Ladik,2023,0.17246298,0.08350395
Turkey,3082,28224,Ladik,2024,0.17102727,0.08983248
Turkey,3082,28225,Merkez,2015,0.025418313,0.023078928
Turkey,3082,28225,Merkez,2016,0.02263804,0.021396741
Turkey,3082,28225,Merkez,2017,0.02422634,0.02304262
Turkey,3082,28225,Merkez,2018,0.022909414,0.020758474
Turkey,3082,28225,Merkez,2019,0.023272634,0.021951418
Turkey,3082,28225,Merkez,2020,0.025794776,0.023914693
Turkey,3082,28225,Merkez,2021,0.023977425,0.021558106
Turkey,3082,28225,Merkez,2022,0.028154239,0.025814852
Turkey,3082,28225,Merkez,2023,0.03238984,0.030989556
Turkey,3082,28225,Merkez,2024,0.033807434,0.03229117
Turkey,3082,28226,Salipazari,2015,0.1746573,0.07094009
Turkey,3082,28226,Salipazari,2016,0.16152146,0.07294946
Turkey,3082,28226,Salipazari,2017,0.1683596,0.09353689
Turkey,3082,28226,Salipazari,2018,0.15614754,0.06046978
Turkey,3082,28226,Salipazari,2019,0.16014999,0.077262074
Turkey,3082,28226,Salipazari,2020,0.15197179,0.07390593
Turkey,3082,28226,Salipazari,2021,0.15376729,0.07504366
Turkey,3082,28226,Salipazari,2022,0.14636146,0.07562303
Turkey,3082,28226,Salipazari,2023,0.17150599,0.08726654
Turkey,3082,28226,Salipazari,2024,0.1652259,0.08383599
Turkey,3082,28227,Tekkekoy,2015,0.07314851,0.063289106
Turkey,3082,28227,Tekkekoy,2016,0.054669127,0.043177765
Turkey,3082,28227,Tekkekoy,2017,0.076514795,0.06771172
Turkey,3082,28227,Tekkekoy,2018,0.05139867,0.040196735
Turkey,3082,28227,Tekkekoy,2019,0.050515078,0.040176492
Turkey,3082,28227,Tekkekoy,2020,0.070637085,0.059804004
Turkey,3082,28227,Tekkekoy,2021,0.05394485,0.043052852
Turkey,3082,28227,Tekkekoy,2022,0.06960565,0.062709905
Turkey,3082,28227,Tekkekoy,2023,0.060440596,0.055306308
Turkey,3082,28227,Tekkekoy,2024,0.07098383,0.06373596
Turkey,3082,28228,Terme,2015,0.19099924,0.07912746
Turkey,3082,28228,Terme,2016,0.17614979,0.063475095
Turkey,3082,28228,Terme,2017,0.17004165,0.07934114
Turkey,3082,28228,Terme,2018,0.17972696,0.077871114
Turkey,3082,28228,Terme,2019,0.15864441,0.078961015
Turkey,3082,28228,Terme,2020,0.16442282,0.1061309
Turkey,3082,28228,Terme,2021,0.14340451,0.07395254
Turkey,3082,28228,Terme,2022,0.14641942,0.06599343
Turkey,3082,28228,Terme,2023,0.14042501,0.075287536
Turkey,3082,28228,Terme,2024,0.15897256,0.08956863
Turkey,3082,28229,Vezirkopru,2015,0.19400695,0.15469109
Turkey,3082,28229,Vezirkopru,2016,0.20518827,0.15491967
Turkey,3082,28229,Vezirkopru,2017,0.22787693,0.1994493
Turkey,3082,28229,Vezirkopru,2018,0.21370634,0.19435328
Turkey,3082,28229,Vezirkopru,2019,0.203134,0.17068636
Turkey,3082,28229,Vezirkopru,2020,0.22258389,0.1957879
Turkey,3082,28229,Vezirkopru,2021,0.21738255,0.18019368
Turkey,3082,28229,Vezirkopru,2022,0.20688584,0.1610003
Turkey,3082,28229,Vezirkopru,2023,0.20717084,0.15416884
Turkey,3082,28229,Vezirkopru,2024,0.21445882,0.17166442
Turkey,3082,28230,Yakakent,2015,0.2824992,0.20663583
Turkey,3082,28230,Yakakent,2016,0.26539537,0.227187
Turkey,3082,28230,Yakakent,2017,0.23905763,0.21312232
Turkey,3082,28230,Yakakent,2018,0.1563841,0.1370613
Turkey,3082,28230,Yakakent,2019,0.15859479,0.110002466
Turkey,3082,28230,Yakakent,2020,0.17900774,0.17896678
Turkey,3082,28230,Yakakent,2021,0.14783174,0.115710884
Turkey,3082,28230,Yakakent,2022,0.15872155,0.14580755
Turkey,3082,28230,Yakakent,2023,0.19275288,0.18651721
Turkey,3082,28230,Yakakent,2024,0.21946546,0.21606985
Turkey,3083,28231,Akcakale,2015,0.14339297,0.08391894
Turkey,3083,28231,Akcakale,2016,0.111208096,0.0660569
Turkey,3083,28231,Akcakale,2017,0.11530853,0.065802716
Turkey,3083,28231,Akcakale,2018,0.11853221,0.06861862
Turkey,3083,28231,Akcakale,2019,0.105775915,0.06844775
Turkey,3083,28231,Akcakale,2020,0.18061234,0.12729247
Turkey,3083,28231,Akcakale,2021,0.14413942,0.082782246
Turkey,3083,28231,Akcakale,2022,0.12560233,0.06970638
Turkey,3083,28231,Akcakale,2023,0.12562001,0.069592215
Turkey,3083,28231,Akcakale,2024,0.13457982,0.06655892
Turkey,3083,28232,Birecik,2015,0.14765386,0.13017012
Turkey,3083,28232,Birecik,2016,0.13603057,0.13198708
Turkey,3083,28232,Birecik,2017,0.13680992,0.13518167
Turkey,3083,28232,Birecik,2018,0.12630174,0.13110729
Turkey,3083,28232,Birecik,2019,0.09921269,0.09143199
Turkey,3083,28232,Birecik,2020,0.11459027,0.10808256
Turkey,3083,28232,Birecik,2021,0.111190744,0.103207506
Turkey,3083,28232,Birecik,2022,0.120945394,0.11018363
Turkey,3083,28232,Birecik,2023,0.10002619,0.08550138
Turkey,3083,28232,Birecik,2024,0.10862483,0.10057923
Turkey,3083,28233,Bozova,2015,0.17473844,0.14930905
Turkey,3083,28233,Bozova,2016,0.16704965,0.15507385
Turkey,3083,28233,Bozova,2017,0.1721306,0.15402171
Turkey,3083,28233,Bozova,2018,0.16585398,0.14924422
Turkey,3083,28233,Bozova,2019,0.16313232,0.14346465
Turkey,3083,28233,Bozova,2020,0.16488162,0.14169902
Turkey,3083,28233,Bozova,2021,0.16950576,0.14749631
Turkey,3083,28233,Bozova,2022,0.1731751,0.14817783
Turkey,3083,28233,Bozova,2023,0.16495739,0.13338655
Turkey,3083,28233,Bozova,2024,0.15631229,0.13485852
Turkey,3083,28234,Ceylanpinar,2015,0.107713416,0.0962774
Turkey,3083,28234,Ceylanpinar,2016,0.100769415,0.07916466
Turkey,3083,28234,Ceylanpinar,2017,0.09505123,0.07606626
Turkey,3083,28234,Ceylanpinar,2018,0.09983906,0.07082612
Turkey,3083,28234,Ceylanpinar,2019,0.07713659,0.070885964
Turkey,3083,28234,Ceylanpinar,2020,0.10305478,0.07506607
Turkey,3083,28234,Ceylanpinar,2021,0.09993665,0.07082515
Turkey,3083,28234,Ceylanpinar,2022,0.09227157,0.07227502
Turkey,3083,28234,Ceylanpinar,2023,0.07345356,0.071145974
Turkey,3083,28234,Ceylanpinar,2024,0.06657498,0.06762624
Turkey,3083,28235,Halfeti,2015,0.08792931,0.09851
Turkey,3083,28235,Halfeti,2016,0.11204727,0.13377964
Turkey,3083,28235,Halfeti,2017,0.10772622,0.12895438
Turkey,3083,28235,Halfeti,2018,0.093856886,0.12378131
Turkey,3083,28235,Halfeti,2019,0.10837421,0.14240727
Turkey,3083,28235,Halfeti,2020,0.10581516,0.13844159
Turkey,3083,28235,Halfeti,2021,0.11174174,0.14164548
Turkey,3083,28235,Halfeti,2022,0.12102624,0.1404243
Turkey,3083,28235,Halfeti,2023,0.10522264,0.13308099
Turkey,3083,28235,Halfeti,2024,0.10473922,0.13819116
Turkey,3083,28236,Harran,2015,0.21032955,0.13460466
Turkey,3083,28236,Harran,2016,0.18307567,0.10579115
Turkey,3083,28236,Harran,2017,0.19797519,0.11851814
Turkey,3083,28236,Harran,2018,0.21977803,0.13849732
Turkey,3083,28236,Harran,2019,0.18725574,0.1187208
Turkey,3083,28236,Harran,2020,0.2751484,0.17828743
Turkey,3083,28236,Harran,2021,0.24597412,0.15363157
Turkey,3083,28236,Harran,2022,0.24226663,0.16170628
Turkey,3083,28236,Harran,2023,0.23080114,0.14153412
Turkey,3083,28236,Harran,2024,0.23666453,0.13649945
Turkey,3083,28237,Hilvan,2015,0.13272354,0.10392016
Turkey,3083,28237,Hilvan,2016,0.120556116,0.116104946
Turkey,3083,28237,Hilvan,2017,0.120968714,0.09983366
Turkey,3083,28237,Hilvan,2018,0.12714955,0.09686836
Turkey,3083,28237,Hilvan,2019,0.103781484,0.08071686
Turkey,3083,28237,Hilvan,2020,0.14034444,0.09284027
Turkey,3083,28237,Hilvan,2021,0.14329392,0.11196089
Turkey,3083,28237,Hilvan,2022,0.15104292,0.12064596
Turkey,3083,28237,Hilvan,2023,0.14779812,0.1041374
Turkey,3083,28237,Hilvan,2024,0.1529899,0.110066436
Turkey,3083,28238,Merkez,2015,0.09554401,0.067166865
Turkey,3083,28238,Merkez,2016,0.07417852,0.067366175
Turkey,3083,28238,Merkez,2017,0.07512791,0.066063374
Turkey,3083,28238,Merkez,2018,0.101532154,0.07136364
Turkey,3083,28238,Merkez,2019,0.07938388,0.06931562
Turkey,3083,28238,Merkez,2020,0.11533945,0.07350097
Turkey,3083,28238,Merkez,2021,0.0949063,0.069406144
Turkey,3083,28238,Merkez,2022,0.08725909,0.071320966
Turkey,3083,28238,Merkez,2023,0.08798872,0.07092333
Turkey,3083,28238,Merkez,2024,0.08819722,0.065642014
Turkey,3083,28239,Siverek,2015,0.14450619,0.059841026
Turkey,3083,28239,Siverek,2016,0.12401573,0.062028464
Turkey,3083,28239,Siverek,2017,0.12638487,0.060893502
Turkey,3083,28239,Siverek,2018,0.12542368,0.070130534
Turkey,3083,28239,Siverek,2019,0.118847236,0.067819335
Turkey,3083,28239,Siverek,2020,0.11394987,0.05896585
Turkey,3083,28239,Siverek,2021,0.11444439,0.06149175
Turkey,3083,28239,Siverek,2022,0.12014572,0.061561517
Turkey,3083,28239,Siverek,2023,0.113552675,0.06493801
Turkey,3083,28239,Siverek,2024,0.11821827,0.06976698
Turkey,3083,28240,Suruc,2015,0.15217423,0.10365145
Turkey,3083,28240,Suruc,2016,0.13787276,0.11633963
Turkey,3083,28240,Suruc,2017,0.14903645,0.11208284
Turkey,3083,28240,Suruc,2018,0.14579295,0.10800758
Turkey,3083,28240,Suruc,2019,0.1348995,0.092221074
Turkey,3083,28240,Suruc,2020,0.17932838,0.16581526
Turkey,3083,28240,Suruc,2021,0.17279688,0.14836513
Turkey,3083,28240,Suruc,2022,0.15624684,0.14593403
Turkey,3083,28240,Suruc,2023,0.14197324,0.12217474
Turkey,3083,28240,Suruc,2024,0.15091467,0.12896605
Turkey,3083,28241,Viransehir,2015,0.19535363,0.15152621
Turkey,3083,28241,Viransehir,2016,0.15743694,0.11917364
Turkey,3083,28241,Viransehir,2017,0.1568223,0.12944415
Turkey,3083,28241,Viransehir,2018,0.1629913,0.12085944
Turkey,3083,28241,Viransehir,2019,0.12714022,0.083705194
Turkey,3083,28241,Viransehir,2020,0.15480125,0.112835735
Turkey,3083,28241,Viransehir,2021,0.1490088,0.12244611
Turkey,3083,28241,Viransehir,2022,0.14916864,0.14598672
Turkey,3083,28241,Viransehir,2023,0.13973546,0.10322582
Turkey,3083,28241,Viransehir,2024,0.14003046,0.097321615
Turkey,3084,28242,Aydinlar,2015,0.13047993,0.12721357
Turkey,3084,28242,Aydinlar,2016,0.13149023,0.119664
Turkey,3084,28242,Aydinlar,2017,0.12402435,0.1177572
Turkey,3084,28242,Aydinlar,2018,0.12142429,0.1031763
Turkey,3084,28242,Aydinlar,2019,0.12348915,0.1001915
Turkey,3084,28242,Aydinlar,2020,0.13324805,0.10889702
Turkey,3084,28242,Aydinlar,2021,0.14082493,0.12332953
Turkey,3084,28242,Aydinlar,2022,0.14123555,0.12691487
Turkey,3084,28242,Aydinlar,2023,0.13650078,0.113424465
Turkey,3084,28242,Aydinlar,2024,0.13155904,0.118601225
Turkey,3084,28243,Baykan,2015,0.17179799,0.15862006
Turkey,3084,28243,Baykan,2016,0.15175393,0.14261252
Turkey,3084,28243,Baykan,2017,0.14886636,0.14191683
Turkey,3084,28243,Baykan,2018,0.12453403,0.13100442
Turkey,3084,28243,Baykan,2019,0.12093758,0.12902558
Turkey,3084,28243,Baykan,2020,0.12499288,0.13563852
Turkey,3084,28243,Baykan,2021,0.13201351,0.13154007
Turkey,3084,28243,Baykan,2022,0.1352923,0.12541321
Turkey,3084,28243,Baykan,2023,0.13693781,0.12098612
Turkey,3084,28243,Baykan,2024,0.12310219,0.1279853
Turkey,3084,28244,Eruh,2015,0.22824374,0.21354018
Turkey,3084,28244,Eruh,2016,0.20258772,0.19225869
Turkey,3084,28244,Eruh,2017,0.18193734,0.179033
Turkey,3084,28244,Eruh,2018,0.1637446,0.16222349
Turkey,3084,28244,Eruh,2019,0.20897749,0.20443389
Turkey,3084,28244,Eruh,2020,0.19057554,0.1905616
Turkey,3084,28244,Eruh,2021,0.16304585,0.16504233
Turkey,3084,28244,Eruh,2022,0.16496554,0.16421387
Turkey,3084,28244,Eruh,2023,0.15923741,0.15992884
Turkey,3084,28244,Eruh,2024,0.18346465,0.18314528
Turkey,3084,28245,Kurtalan,2015,0.18622094,0.16346104
Turkey,3084,28245,Kurtalan,2016,0.15621836,0.14604703
Turkey,3084,28245,Kurtalan,2017,0.13376528,0.12970233
Turkey,3084,28245,Kurtalan,2018,0.1418686,0.12788822
Turkey,3084,28245,Kurtalan,2019,0.11624312,0.10219794
Turkey,3084,28245,Kurtalan,2020,0.11458399,0.10421226
Turkey,3084,28245,Kurtalan,2021,0.11465828,0.11089577
Turkey,3084,28245,Kurtalan,2022,0.118026644,0.109113984
Turkey,3084,28245,Kurtalan,2023,0.12427119,0.10934024
Turkey,3084,28245,Kurtalan,2024,0.1191986,0.102683306
Turkey,3084,28246,Merkez,2015,0.096176356,0.087336056
Turkey,3084,28246,Merkez,2016,0.09819289,0.08746227
Turkey,3084,28246,Merkez,2017,0.10029091,0.08714186
Turkey,3084,28246,Merkez,2018,0.10063307,0.087672465
Turkey,3084,28246,Merkez,2019,0.09323657,0.08243714
Turkey,3084,28246,Merkez,2020,0.07672727,0.067908324
Turkey,3084,28246,Merkez,2021,0.08315539,0.0776173
Turkey,3084,28246,Merkez,2022,0.07448429,0.07026343
Turkey,3084,28246,Merkez,2023,0.073279515,0.06860181
Turkey,3084,28246,Merkez,2024,0.073279515,0.0668876
Turkey,3084,28247,Pervari,2015,0.26885638,0.20293891
Turkey,3084,28247,Pervari,2016,0.26362148,0.20813039
Turkey,3084,28247,Pervari,2017,0.25378865,0.2092074
Turkey,3084,28247,Pervari,2018,0.26143044,0.20615801
Turkey,3084,28247,Pervari,2019,0.27070963,0.22482745
Turkey,3084,28247,Pervari,2020,0.25130802,0.21687448
Turkey,3084,28247,Pervari,2021,0.23810065,0.21301226
Turkey,3084,28247,Pervari,2022,0.24618739,0.21036595
Turkey,3084,28247,Pervari,2023,0.2731588,0.20527959
Turkey,3084,28247,Pervari,2024,0.27415344,0.20327677
Turkey,3084,28248,Sirvan,2015,0.19230922,0.18495902
Turkey,3084,28248,Sirvan,2016,0.1633411,0.15453798
Turkey,3084,28248,Sirvan,2017,0.15665683,0.14835227
Turkey,3084,28248,Sirvan,2018,0.15669137,0.15598395
Turkey,3084,28248,Sirvan,2019,0.1526396,0.15659538
Turkey,3084,28248,Sirvan,2020,0.11778031,0.1301943
Turkey,3084,28248,Sirvan,2021,0.122080974,0.12715693
Turkey,3084,28248,Sirvan,2022,0.14108686,0.1382405
Turkey,3084,28248,Sirvan,2023,0.15110548,0.14928854
Turkey,3084,28248,Sirvan,2024,0.16842037,0.16376658
Turkey,3085,28249,Ayancik,2015,0.20835483,0.058322575
Turkey,3085,28249,Ayancik,2016,0.23699063,0.11352332
Turkey,3085,28249,Ayancik,2017,0.23410454,0.09108409
Turkey,3085,28249,Ayancik,2018,0.27351075,0.15672214
Turkey,3085,28249,Ayancik,2019,0.24011907,0.097210154
Turkey,3085,28249,Ayancik,2020,0.23619005,0.09586197
Turkey,3085,28249,Ayancik,2021,0.23784214,0.0782654
Turkey,3085,28249,Ayancik,2022,0.23343676,0.09342432
Turkey,3085,28249,Ayancik,2023,0.2578756,0.09839986
Turkey,3085,28249,Ayancik,2024,0.25092047,0.0813117
Turkey,3085,28250,Boyabat,2015,0.17951986,0.1136719
Turkey,3085,28250,Boyabat,2016,0.17494094,0.10964024
Turkey,3085,28250,Boyabat,2017,0.17151222,0.102021076
Turkey,3085,28250,Boyabat,2018,0.14869249,0.101594545
Turkey,3085,28250,Boyabat,2019,0.14981985,0.093208216
Turkey,3085,28250,Boyabat,2020,0.15704413,0.09532348
Turkey,3085,28250,Boyabat,2021,0.15939313,0.09329671
Turkey,3085,28250,Boyabat,2022,0.15196742,0.097238846
Turkey,3085,28250,Boyabat,2023,0.14245105,0.09576752
Turkey,3085,28250,Boyabat,2024,0.14565966,0.09453834
Turkey,3085,28251,Dikmen,2015,0.35095167,0.27495077
Turkey,3085,28251,Dikmen,2016,0.33882442,0.2842434
Turkey,3085,28251,Dikmen,2017,0.36141255,0.2886691
Turkey,3085,28251,Dikmen,2018,0.42644697,0.35168043
Turkey,3085,28251,Dikmen,2019,0.32682765,0.2552367
Turkey,3085,28251,Dikmen,2020,0.30594453,0.24988794
Turkey,3085,28251,Dikmen,2021,0.32837826,0.26890785
Turkey,3085,28251,Dikmen,2022,0.31854224,0.24128541
Turkey,3085,28251,Dikmen,2023,0.36470813,0.30974692
Turkey,3085,28251,Dikmen,2024,0.31787938,0.2736431
Turkey,3085,28252,Duragan,2015,0.16019121,0.124713376
Turkey,3085,28252,Duragan,2016,0.16389582,0.108206704
Turkey,3085,28252,Duragan,2017,0.18549351,0.12833814
Turkey,3085,28252,Duragan,2018,0.18206207,0.13988884
Turkey,3085,28252,Duragan,2019,0.17852575,0.12371914
Turkey,3085,28252,Duragan,2020,0.18291703,0.117835075
Turkey,3085,28252,Duragan,2021,0.1759004,0.1007719
Turkey,3085,28252,Duragan,2022,0.15731108,0.095977314
Turkey,3085,28252,Duragan,2023,0.16772756,0.10700929
Turkey,3085,28252,Duragan,2024,0.17994031,0.114090495
Turkey,3085,28253,Erfelek,2015,0.21224687,0.0804166
Turkey,3085,28253,Erfelek,2016,0.1833212,0.07273813
Turkey,3085,28253,Erfelek,2017,0.18667877,0.07521155
Turkey,3085,28253,Erfelek,2018,0.19743411,0.07513455
Turkey,3085,28253,Erfelek,2019,0.20083481,0.09070263
Turkey,3085,28253,Erfelek,2020,0.22134078,0.08728045
Turkey,3085,28253,Erfelek,2021,0.2090546,0.098633245
Turkey,3085,28253,Erfelek,2022,0.19841132,0.09195189
Turkey,3085,28253,Erfelek,2023,0.20440584,0.08364137
Turkey,3085,28253,Erfelek,2024,0.20547837,0.08396301
Turkey,3085,28254,Gerze,2015,0.16126347,0.12623751
Turkey,3085,28254,Gerze,2016,0.15263958,0.12210134
Turkey,3085,28254,Gerze,2017,0.14669509,0.11439383
Turkey,3085,28254,Gerze,2018,0.1549948,0.1017698
Turkey,3085,28254,Gerze,2019,0.17197168,0.10450077
Turkey,3085,28254,Gerze,2020,0.14740431,0.09508649
Turkey,3085,28254,Gerze,2021,0.1442278,0.0825286
Turkey,3085,28254,Gerze,2022,0.108221695,0.08191889
Turkey,3085,28254,Gerze,2023,0.1300022,0.08395859
Turkey,3085,28254,Gerze,2024,0.1500311,0.0889719
Turkey,3085,28255,Merkez,2015,0.20638622,0.17369756
Turkey,3085,28255,Merkez,2016,0.19055037,0.16814539
Turkey,3085,28255,Merkez,2017,0.20906612,0.17674899
Turkey,3085,28255,Merkez,2018,0.19675595,0.18383327
Turkey,3085,28255,Merkez,2019,0.21066244,0.16734298
Turkey,3085,28255,Merkez,2020,0.16970211,0.14197974
Turkey,3085,28255,Merkez,2021,0.16433433,0.070211515
Turkey,3085,28255,Merkez,2022,0.14105695,0.11834377
Turkey,3085,28255,Merkez,2023,0.15938863,0.12682325
Turkey,3085,28255,Merkez,2024,0.17443429,0.1164204
Turkey,3085,28256,Sarayduzu,2015,0.15730214,0.09737342
Turkey,3085,28256,Sarayduzu,2016,0.1590373,0.10035486
Turkey,3085,28256,Sarayduzu,2017,0.17091414,0.10378644
Turkey,3085,28256,Sarayduzu,2018,0.18583,0.11292652
Turkey,3085,28256,Sarayduzu,2019,0.17611378,0.119621456
Turkey,3085,28256,Sarayduzu,2020,0.18009278,0.12113197
Turkey,3085,28256,Sarayduzu,2021,0.17146075,0.09921754
Turkey,3085,28256,Sarayduzu,2022,0.16448218,0.086618945
Turkey,3085,28256,Sarayduzu,2023,0.16781478,0.1067272
Turkey,3085,28256,Sarayduzu,2024,0.16751644,0.103498
Turkey,3085,28257,Turkeli,2015,0.2721903,0.12000531
Turkey,3085,28257,Turkeli,2016,0.26645526,0.12569804
Turkey,3085,28257,Turkeli,2017,0.26448083,0.10036371
Turkey,3085,28257,Turkeli,2018,0.27720496,0.16966522
Turkey,3085,28257,Turkeli,2019,0.2559183,0.084412485
Turkey,3085,28257,Turkeli,2020,0.27179763,0.11403592
Turkey,3085,28257,Turkeli,2021,0.27375957,0.10714122
Turkey,3085,28257,Turkeli,2022,0.26916885,0.12241155
Turkey,3085,28257,Turkeli,2023,0.2839434,0.15401733
Turkey,3085,28257,Turkeli,2024,0.2901355,0.12667839
Turkey,3086,28258,Beytussebap,2015,0.20929188,0.19206221
Turkey,3086,28258,Beytussebap,2016,0.15948543,0.10933222
Turkey,3086,28258,Beytussebap,2017,0.1423319,0.11126633
Turkey,3086,28258,Beytussebap,2018,0.15739876,0.12109371
Turkey,3086,28258,Beytussebap,2019,0.16658562,0.13727018
Turkey,3086,28258,Beytussebap,2020,0.17796874,0.14453538
Turkey,3086,28258,Beytussebap,2021,0.17009372,0.1396975
Turkey,3086,28258,Beytussebap,2022,0.15668198,0.11821023
Turkey,3086,28258,Beytussebap,2023,0.1797813,0.14231932
Turkey,3086,28258,Beytussebap,2024,0.19055447,0.16153128
Turkey,3086,28259,Cizre,2015,0.14253463,0.11578502
Turkey,3086,28259,Cizre,2016,0.08720987,0.08174589
Turkey,3086,28259,Cizre,2017,0.084340036,0.079656
Turkey,3086,28259,Cizre,2018,0.12276331,0.096636616
Turkey,3086,28259,Cizre,2019,0.12328041,0.09031627
Turkey,3086,28259,Cizre,2020,0.09446148,0.07679462
Turkey,3086,28259,Cizre,2021,0.085833885,0.083338514
Turkey,3086,28259,Cizre,2022,0.08075665,0.079221934
Turkey,3086,28259,Cizre,2023,0.082030356,0.07726329
Turkey,3086,28259,Cizre,2024,0.08536733,0.079733066
Turkey,3086,28260,Guclukonak,2015,0.19797224,0.194348
Turkey,3086,28260,Guclukonak,2016,0.1707657,0.16969055
Turkey,3086,28260,Guclukonak,2017,0.17610188,0.17709127
Turkey,3086,28260,Guclukonak,2018,0.18913014,0.20542353
Turkey,3086,28260,Guclukonak,2019,0.21056905,0.24401847
Turkey,3086,28260,Guclukonak,2020,0.26282814,0.2619154
Turkey,3086,28260,Guclukonak,2021,0.2596344,0.28174636
Turkey,3086,28260,Guclukonak,2022,0.23898536,0.25621095
Turkey,3086,28260,Guclukonak,2023,0.24179578,0.2653695
Turkey,3086,28260,Guclukonak,2024,0.27407143,0.2951352
Turkey,3086,28261,Idil,2015,0.15395297,0.10006022
Turkey,3086,28261,Idil,2016,0.116235435,0.10450793
Turkey,3086,28261,Idil,2017,0.10337112,0.09720514
Turkey,3086,28261,Idil,2018,0.11805137,0.09845318
Turkey,3086,28261,Idil,2019,0.09568097,0.08295293
Turkey,3086,28261,Idil,2020,0.098221034,0.083348855
Turkey,3086,28261,Idil,2021,0.09381414,0.07907496
Turkey,3086,28261,Idil,2022,0.08490901,0.0786883
Turkey,3086,28261,Idil,2023,0.086391695,0.07843712
Turkey,3086,28261,Idil,2024,0.09156405,0.07837282
Turkey,3086,28262,Merkez,2015,0.08332442,0.077538595
Turkey,3086,28262,Merkez,2016,0.096425466,0.08055405
Turkey,3086,28262,Merkez,2017,0.08180571,0.07582488
Turkey,3086,28262,Merkez,2018,0.08241883,0.076905705
Turkey,3086,28262,Merkez,2019,0.08376747,0.07845847
Turkey,3086,28262,Merkez,2020,0.08335388,0.078244574
Turkey,3086,28262,Merkez,2021,0.08418855,0.07897503
Turkey,3086,28262,Merkez,2022,0.083179876,0.0774958
Turkey,3086,28262,Merkez,2023,0.08173899,0.075160295
Turkey,3086,28262,Merkez,2024,0.08175868,0.07517998
Turkey,3086,28263,Silopi,2015,0.11264329,0.079293534
Turkey,3086,28263,Silopi,2016,0.09069494,0.074435696
Turkey,3086,28263,Silopi,2017,0.088015795,0.07556933
Turkey,3086,28263,Silopi,2018,0.0968637,0.07594471
Turkey,3086,28263,Silopi,2019,0.094437905,0.07749369
Turkey,3086,28263,Silopi,2020,0.08572936,0.07156641
Turkey,3086,28263,Silopi,2021,0.091605075,0.07787639
Turkey,3086,28263,Silopi,2022,0.08807756,0.07831566
Turkey,3086,28263,Silopi,2023,0.08960406,0.077254705
Turkey,3086,28263,Silopi,2024,0.10023665,0.077864125
Turkey,3086,28264,Uludere,2015,0.19719562,0.18334052
Turkey,3086,28264,Uludere,2016,0.19386348,0.18135862
Turkey,3086,28264,Uludere,2017,0.18771353,0.17197064
Turkey,3086,28264,Uludere,2018,0.17613241,0.15913802
Turkey,3086,28264,Uludere,2019,0.18295366,0.16766769
Turkey,3086,28264,Uludere,2020,0.17813878,0.15877596
Turkey,3086,28264,Uludere,2021,0.1834012,0.16561963
Turkey,3086,28264,Uludere,2022,0.19829977,0.18315113
Turkey,3086,28264,Uludere,2023,0.19331637,0.16678329
Turkey,3086,28264,Uludere,2024,0.19902563,0.17907992
Turkey,3087,28265,Akincilar,2015,0.1598606,0.07340782
Turkey,3087,28265,Akincilar,2016,0.15406665,0.09331712
Turkey,3087,28265,Akincilar,2017,0.16272731,0.10902648
Turkey,3087,28265,Akincilar,2018,0.15423325,0.12609206
Turkey,3087,28265,Akincilar,2019,0.16436295,0.095830835
Turkey,3087,28265,Akincilar,2020,0.16260466,0.12396617
Turkey,3087,28265,Akincilar,2021,0.16016617,0.10963061
Turkey,3087,28265,Akincilar,2022,0.15986173,0.1070052
Turkey,3087,28265,Akincilar,2023,0.16042045,0.10155991
Turkey,3087,28265,Akincilar,2024,0.1623013,0.11033029
Turkey,3087,28266,Altinyayla,2015,0.17787431,0.14658764
Turkey,3087,28266,Altinyayla,2016,0.17245997,0.14119491
Turkey,3087,28266,Altinyayla,2017,0.16715035,0.15363345
Turkey,3087,28266,Altinyayla,2018,0.16226119,0.14270934
Turkey,3087,28266,Altinyayla,2019,0.15897569,0.1432708
Turkey,3087,28266,Altinyayla,2020,0.1742264,0.16807282
Turkey,3087,28266,Altinyayla,2021,0.16539699,0.15593682
Turkey,3087,28266,Altinyayla,2022,0.1692679,0.16431434
Turkey,3087,28266,Altinyayla,2023,0.16731906,0.14397877
Turkey,3087,28266,Altinyayla,2024,0.16844596,0.15209216
Turkey,3087,28267,Divrigi,2015,0.17611857,0.13343246
Turkey,3087,28267,Divrigi,2016,0.1666098,0.14243017
Turkey,3087,28267,Divrigi,2017,0.1575746,0.14163649
Turkey,3087,28267,Divrigi,2018,0.15091462,0.13598359
Turkey,3087,28267,Divrigi,2019,0.15377167,0.13965979
Turkey,3087,28267,Divrigi,2020,0.14939463,0.13655749
Turkey,3087,28267,Divrigi,2021,0.16029528,0.152089
Turkey,3087,28267,Divrigi,2022,0.15664244,0.14861788
Turkey,3087,28267,Divrigi,2023,0.15470953,0.13589051
Turkey,3087,28267,Divrigi,2024,0.15531565,0.13996011
Turkey,3087,28268,Dogansar,2015,0.11619468,0.07088083
Turkey,3087,28268,Dogansar,2016,0.089295626,0.06828384
Turkey,3087,28268,Dogansar,2017,0.08897537,0.06093416
Turkey,3087,28268,Dogansar,2018,0.11821602,0.06465111
Turkey,3087,28268,Dogansar,2019,0.104355305,0.06841089
Turkey,3087,28268,Dogansar,2020,0.09200916,0.05664675
Turkey,3087,28268,Dogansar,2021,0.08392389,0.052999046
Turkey,3087,28268,Dogansar,2022,0.065044716,0.05722478
Turkey,3087,28268,Dogansar,2023,0.07640434,0.055916443
Turkey,3087,28268,Dogansar,2024,0.08338265,0.06081603
Turkey,3087,28269,Gemerek,2015,0.18589243,0.10456553
Turkey,3087,28269,Gemerek,2016,0.18076354,0.12136185
Turkey,3087,28269,Gemerek,2017,0.1774502,0.12823586
Turkey,3087,28269,Gemerek,2018,0.15002793,0.11630747
Turkey,3087,28269,Gemerek,2019,0.1657579,0.12703708
Turkey,3087,28269,Gemerek,2020,0.16570713,0.11444174
Turkey,3087,28269,Gemerek,2021,0.17717762,0.13227573
Turkey,3087,28269,Gemerek,2022,0.1819376,0.13077946
Turkey,3087,28269,Gemerek,2023,0.14899467,0.087811045
Turkey,3087,28269,Gemerek,2024,0.16287088,0.099414654
Turkey,3087,28271,Gurun,2015,0.2196827,0.22460878
Turkey,3087,28271,Gurun,2016,0.22309962,0.2298833
Turkey,3087,28271,Gurun,2017,0.22491959,0.23130655
Turkey,3087,28271,Gurun,2018,0.20748977,0.21675596
Turkey,3087,28271,Gurun,2019,0.20624126,0.21382621
Turkey,3087,28271,Gurun,2020,0.21788892,0.22811916
Turkey,3087,28271,Gurun,2021,0.21105465,0.21930018
Turkey,3087,28271,Gurun,2022,0.21459436,0.22129312
Turkey,3087,28271,Gurun,2023,0.21073538,0.21718627
Turkey,3087,28271,Gurun,2024,0.21385553,0.21471113
Turkey,3087,28272,Hafik,2015,0.17888305,0.10196186
Turkey,3087,28272,Hafik,2016,0.1678926,0.12590899
Turkey,3087,28272,Hafik,2017,0.18219978,0.14246753
Turkey,3087,28272,Hafik,2018,0.18204552,0.13732868
Turkey,3087,28272,Hafik,2019,0.18687366,0.13947482
Turkey,3087,28272,Hafik,2020,0.18934643,0.15495096
Turkey,3087,28272,Hafik,2021,0.18491514,0.14889733
Turkey,3087,28272,Hafik,2022,0.19293319,0.15718293
Turkey,3087,28272,Hafik,2023,0.18644649,0.10873346
Turkey,3087,28272,Hafik,2024,0.18400922,0.11940816
Turkey,3087,28273,Imranli,2015,0.17217219,0.13454604
Turkey,3087,28273,Imranli,2016,0.17027743,0.13819683
Turkey,3087,28273,Imranli,2017,0.18491694,0.17661133
Turkey,3087,28273,Imranli,2018,0.14353538,0.14030695
Turkey,3087,28273,Imranli,2019,0.1492718,0.14632764
Turkey,3087,28273,Imranli,2020,0.14048254,0.13902704
Turkey,3087,28273,Imranli,2021,0.15020177,0.15791422
Turkey,3087,28273,Imranli,2022,0.13623899,0.1424588
Turkey,3087,28273,Imranli,2023,0.13441092,0.1335293
Turkey,3087,28273,Imranli,2024,0.13371962,0.1360559
Turkey,3087,28274,Kangal,2015,0.21547809,0.18819262
Turkey,3087,28274,Kangal,2016,0.21430853,0.20878497
Turkey,3087,28274,Kangal,2017,0.2158726,0.22214538
Turkey,3087,28274,Kangal,2018,0.2127251,0.20709527
Turkey,3087,28274,Kangal,2019,0.20339891,0.2004708
Turkey,3087,28274,Kangal,2020,0.20639446,0.20555228
Turkey,3087,28274,Kangal,2021,0.21369211,0.22202483
Turkey,3087,28274,Kangal,2022,0.20666084,0.21208881
Turkey,3087,28274,Kangal,2023,0.2128062,0.1970417
Turkey,3087,28274,Kangal,2024,0.20696422,0.19817589
Turkey,3087,28275,Koyulhisar,2015,0.17589428,0.12034853
Turkey,3087,28275,Koyulhisar,2016,0.17792574,0.12690839
Turkey,3087,28275,Koyulhisar,2017,0.16988632,0.12524386
Turkey,3087,28275,Koyulhisar,2018,0.18248275,0.14081773
Turkey,3087,28275,Koyulhisar,2019,0.18996954,0.15235797
Turkey,3087,28275,Koyulhisar,2020,0.18354097,0.15170977
Turkey,3087,28275,Koyulhisar,2021,0.19252479,0.15519848
Turkey,3087,28275,Koyulhisar,2022,0.19503316,0.15428093
Turkey,3087,28275,Koyulhisar,2023,0.18003285,0.12501377
Turkey,3087,28275,Koyulhisar,2024,0.19206536,0.1476331
Turkey,3087,28276,Merkez,2015,0.08131561,0.073974885
Turkey,3087,28276,Merkez,2016,0.07926686,0.07552459
Turkey,3087,28276,Merkez,2017,0.085326925,0.08167729
Turkey,3087,28276,Merkez,2018,0.0895904,0.07842175
Turkey,3087,28276,Merkez,2019,0.08820341,0.075273134
Turkey,3087,28276,Merkez,2020,0.08314304,0.075624056
Turkey,3087,28276,Merkez,2021,0.08671956,0.08306992
Turkey,3087,28276,Merkez,2022,0.08508559,0.081435956
Turkey,3087,28276,Merkez,2023,0.08226446,0.07289248
Turkey,3087,28276,Merkez,2024,0.084549546,0.075177535
Turkey,3087,28277,Sarkisla,2015,0.1661609,0.089126095
Turkey,3087,28277,Sarkisla,2016,0.16073775,0.10827612
Turkey,3087,28277,Sarkisla,2017,0.14711082,0.10998269
Turkey,3087,28277,Sarkisla,2018,0.1194568,0.085995264
Turkey,3087,28277,Sarkisla,2019,0.1297619,0.08038538
Turkey,3087,28277,Sarkisla,2020,0.13768129,0.08290484
Turkey,3087,28277,Sarkisla,2021,0.1326144,0.08338807
Turkey,3087,28277,Sarkisla,2022,0.13693345,0.08726098
Turkey,3087,28277,Sarkisla,2023,0.134952,0.086433366
Turkey,3087,28277,Sarkisla,2024,0.13324708,0.08534355
Turkey,3087,28278,Susehri,2015,0.1947123,0.13379706
Turkey,3087,28278,Susehri,2016,0.17195147,0.12579626
Turkey,3087,28278,Susehri,2017,0.17703786,0.14103279
Turkey,3087,28278,Susehri,2018,0.17028463,0.15666088
Turkey,3087,28278,Susehri,2019,0.17644411,0.13452116
Turkey,3087,28278,Susehri,2020,0.1722502,0.15331434
Turkey,3087,28278,Susehri,2021,0.16764516,0.13317658
Turkey,3087,28278,Susehri,2022,0.16295324,0.11618555
Turkey,3087,28278,Susehri,2023,0.15878642,0.10579574
Turkey,3087,28278,Susehri,2024,0.16287956,0.12993184
Turkey,3087,28279,Ulas,2015,0.19740357,0.15105733
Turkey,3087,28279,Ulas,2016,0.2120201,0.17151988
Turkey,3087,28279,Ulas,2017,0.20869043,0.17710273
Turkey,3087,28279,Ulas,2018,0.20882231,0.1661285
Turkey,3087,28279,Ulas,2019,0.19911751,0.15673156
Turkey,3087,28279,Ulas,2020,0.20675837,0.16977468
Turkey,3087,28279,Ulas,2021,0.20343451,0.1704987
Turkey,3087,28279,Ulas,2022,0.20638843,0.18198442
Turkey,3087,28279,Ulas,2023,0.2107461,0.14998813
Turkey,3087,28279,Ulas,2024,0.21353933,0.15930288
Turkey,3087,28280,Yildizeli,2015,0.20003636,0.15847641
Turkey,3087,28280,Yildizeli,2016,0.20475897,0.17540172
Turkey,3087,28280,Yildizeli,2017,0.20519838,0.17503223
Turkey,3087,28280,Yildizeli,2018,0.20057014,0.16095066
Turkey,3087,28280,Yildizeli,2019,0.21328792,0.18502858
Turkey,3087,28280,Yildizeli,2020,0.21005228,0.17819092
Turkey,3087,28280,Yildizeli,2021,0.22828752,0.18951789
Turkey,3087,28280,Yildizeli,2022,0.20406497,0.17965922
Turkey,3087,28280,Yildizeli,2023,0.2124321,0.16570282
Turkey,3087,28280,Yildizeli,2024,0.19748732,0.15780565
Turkey,3087,28281,Zara,2015,0.221593,0.18806475
Turkey,3087,28281,Zara,2016,0.22260043,0.19676906
Turkey,3087,28281,Zara,2017,0.2190055,0.2097069
Turkey,3087,28281,Zara,2018,0.22216104,0.21841156
Turkey,3087,28281,Zara,2019,0.21292642,0.19997892
Turkey,3087,28281,Zara,2020,0.22262976,0.21668388
Turkey,3087,28281,Zara,2021,0.221264,0.21072677
Turkey,3087,28281,Zara,2022,0.22899762,0.21512254
Turkey,3087,28281,Zara,2023,0.20048638,0.17365117
Turkey,3087,28281,Zara,2024,0.22072099,0.20556375
Turkey,3088,28282,Cerkezkoy,2015,0.066914305,0.062235113
Turkey,3088,28282,Cerkezkoy,2016,0.06769886,0.06499993
Turkey,3088,28282,Cerkezkoy,2017,0.076899625,0.076165676
Turkey,3088,28282,Cerkezkoy,2018,0.07612544,0.07379843
Turkey,3088,28282,Cerkezkoy,2019,0.07771173,0.07538472
Turkey,3088,28282,Cerkezkoy,2020,0.07291231,0.071030065
Turkey,3088,28282,Cerkezkoy,2021,0.07984895,0.081359774
Turkey,3088,28282,Cerkezkoy,2022,0.06926606,0.06897395
Turkey,3088,28282,Cerkezkoy,2023,0.09082165,0.08925611
Turkey,3088,28282,Cerkezkoy,2024,0.09095198,0.089386426
Turkey,3088,28283,Corlu,2015,0.07690874,0.07044807
Turkey,3088,28283,Corlu,2016,0.07603733,0.07048432
Turkey,3088,28283,Corlu,2017,0.078396216,0.07417839
Turkey,3088,28283,Corlu,2018,0.079848684,0.07235772
Turkey,3088,28283,Corlu,2019,0.08404271,0.0763501
Turkey,3088,28283,Corlu,2020,0.083211035,0.07662717
Turkey,3088,28283,Corlu,2021,0.080961026,0.07375315
Turkey,3088,28283,Corlu,2022,0.07795958,0.0702414
Turkey,3088,28283,Corlu,2023,0.08129209,0.07379899
Turkey,3088,28283,Corlu,2024,0.0779912,0.07568803
Turkey,3088,28284,Hayrabolu,2015,0.15135525,0.090775125
Turkey,3088,28284,Hayrabolu,2016,0.14710918,0.08872097
Turkey,3088,28284,Hayrabolu,2017,0.14435156,0.08418739
Turkey,3088,28284,Hayrabolu,2018,0.15594468,0.10130812
Turkey,3088,28284,Hayrabolu,2019,0.14148274,0.07868947
Turkey,3088,28284,Hayrabolu,2020,0.14439149,0.072273724
Turkey,3088,28284,Hayrabolu,2021,0.13809553,0.07145703
Turkey,3088,28284,Hayrabolu,2022,0.14838554,0.07778327
Turkey,3088,28284,Hayrabolu,2023,0.119589865,0.08833192
Turkey,3088,28284,Hayrabolu,2024,0.12477338,0.08570087
Turkey,3088,28285,Malkara,2015,0.21596253,0.17551553
Turkey,3088,28285,Malkara,2016,0.215528,0.16874586
Turkey,3088,28285,Malkara,2017,0.2251669,0.177781
Turkey,3088,28285,Malkara,2018,0.2100778,0.18581083
Turkey,3088,28285,Malkara,2019,0.20248592,0.16857205
Turkey,3088,28285,Malkara,2020,0.21629536,0.18202624
Turkey,3088,28285,Malkara,2021,0.19290236,0.14940076
Turkey,3088,28285,Malkara,2022,0.21412745,0.15694222
Turkey,3088,28285,Malkara,2023,0.1797621,0.14699979
Turkey,3088,28285,Malkara,2024,0.19457391,0.1715459
Turkey,3088,28286,Marmara-ereglisi,2015,0.05642888,0.053729814
Turkey,3088,28286,Marmara-ereglisi,2016,0.059265077,0.055031165
Turkey,3088,28286,Marmara-ereglisi,2017,0.05644576,0.052834686
Turkey,3088,28286,Marmara-ereglisi,2018,0.034692258,0.03154048
Turkey,3088,28286,Marmara-ereglisi,2019,0.05335934,0.05001844
Turkey,3088,28286,Marmara-ereglisi,2020,0.053316757,0.04759568
Turkey,3088,28286,Marmara-ereglisi,2021,0.03126566,0.02554458
Turkey,3088,28286,Marmara-ereglisi,2022,0.049236443,0.04405289
Turkey,3088,28286,Marmara-ereglisi,2023,0.05154025,0.0469505
Turkey,3088,28286,Marmara-ereglisi,2024,0.055061433,0.049898934
Turkey,3088,28287,Merkez,2015,0.08129045,0.06530108
Turkey,3088,28287,Merkez,2016,0.07957448,0.064192034
Turkey,3088,28287,Merkez,2017,0.081816874,0.06713909
Turkey,3088,28287,Merkez,2018,0.07034945,0.06406154
Turkey,3088,28287,Merkez,2019,0.06865461,0.06419686
Turkey,3088,28287,Merkez,2020,0.0673518,0.063280575
Turkey,3088,28287,Merkez,2021,0.0722741,0.06876812
Turkey,3088,28287,Merkez,2022,0.069260195,0.06486292
Turkey,3088,28287,Merkez,2023,0.065316655,0.06636143
Turkey,3088,28287,Merkez,2024,0.062624864,0.06378334
Turkey,3088,28288,Muratli,2015,0.14104383,0.10056489
Turkey,3088,28288,Muratli,2016,0.13620771,0.09347319
Turkey,3088,28288,Muratli,2017,0.13203499,0.08503539
Turkey,3088,28288,Muratli,2018,0.12893263,0.097020656
Turkey,3088,28288,Muratli,2019,0.12721342,0.087155096
Turkey,3088,28288,Muratli,2020,0.13668844,0.09024518
Turkey,3088,28288,Muratli,2021,0.12510684,0.086606644
Turkey,3088,28288,Muratli,2022,0.1237214,0.08561686
Turkey,3088,28288,Muratli,2023,0.11487585,0.086903736
Turkey,3088,28288,Muratli,2024,0.12866099,0.09886583
Turkey,3088,28289,Saray,2015,0.20940495,0.14098467
Turkey,3088,28289,Saray,2016,0.20263934,0.13362122
Turkey,3088,28289,Saray,2017,0.20913926,0.13078134
Turkey,3088,28289,Saray,2018,0.17943905,0.13271809
Turkey,3088,28289,Saray,2019,0.18430342,0.12471599
Turkey,3088,28289,Saray,2020,0.17989743,0.11114322
Turkey,3088,28289,Saray,2021,0.17774004,0.10771324
Turkey,3088,28289,Saray,2022,0.19760957,0.12514555
Turkey,3088,28289,Saray,2023,0.19548951,0.15255365
Turkey,3088,28289,Saray,2024,0.20825249,0.14829314
Turkey,3088,28290,Sarkoy,2015,0.18657035,0.07914807
Turkey,3088,28290,Sarkoy,2016,0.20452183,0.08763764
Turkey,3088,28290,Sarkoy,2017,0.19014359,0.08517607
Turkey,3088,28290,Sarkoy,2018,0.2086179,0.102685854
Turkey,3088,28290,Sarkoy,2019,0.21132763,0.109859765
Turkey,3088,28290,Sarkoy,2020,0.2068573,0.11678478
Turkey,3088,28290,Sarkoy,2021,0.1754871,0.087523624
Turkey,3088,28290,Sarkoy,2022,0.16877532,0.09569984
Turkey,3088,28290,Sarkoy,2023,0.16845727,0.09754456
Turkey,3088,28290,Sarkoy,2024,0.17860347,0.09940916
Turkey,3089,28291,Almus,2015,0.16301352,0.07488
Turkey,3089,28291,Almus,2016,0.15535283,0.069761455
Turkey,3089,28291,Almus,2017,0.15569484,0.07070291
Turkey,3089,28291,Almus,2018,0.17077994,0.09253401
Turkey,3089,28291,Almus,2019,0.16951609,0.08325474
Turkey,3089,28291,Almus,2020,0.1728119,0.09134375
Turkey,3089,28291,Almus,2021,0.17310956,0.08328643
Turkey,3089,28291,Almus,2022,0.15108588,0.08303675
Turkey,3089,28291,Almus,2023,0.17411989,0.08741763
Turkey,3089,28291,Almus,2024,0.17295521,0.08464044
Turkey,3089,28292,Artova,2015,0.17768952,0.08632289
Turkey,3089,28292,Artova,2016,0.16624808,0.08916716
Turkey,3089,28292,Artova,2017,0.177186,0.104108
Turkey,3089,28292,Artova,2018,0.16589409,0.102894954
Turkey,3089,28292,Artova,2019,0.17630798,0.11165487
Turkey,3089,28292,Artova,2020,0.1846824,0.10621061
Turkey,3089,28292,Artova,2021,0.18996112,0.10480728
Turkey,3089,28292,Artova,2022,0.18097974,0.11711178
Turkey,3089,28292,Artova,2023,0.17729813,0.090846226
Turkey,3089,28292,Artova,2024,0.18193199,0.09718796
Turkey,3089,28293,Basciftlik,2015,0.12145213,0.092549145
Turkey,3089,28293,Basciftlik,2016,0.12440157,0.09254662
Turkey,3089,28293,Basciftlik,2017,0.12645383,0.09439354
Turkey,3089,28293,Basciftlik,2018,0.09330465,0.07431487
Turkey,3089,28293,Basciftlik,2019,0.0990887,0.07324728
Turkey,3089,28293,Basciftlik,2020,0.098262526,0.0785473
Turkey,3089,28293,Basciftlik,2021,0.09444015,0.07281643
Turkey,3089,28293,Basciftlik,2022,0.08291893,0.07400264
Turkey,3089,28293,Basciftlik,2023,0.08123609,0.07533663
Turkey,3089,28293,Basciftlik,2024,0.10157462,0.078052476
Turkey,3089,28294,Erbaa,2015,0.12313742,0.07235569
Turkey,3089,28294,Erbaa,2016,0.1093881,0.074034415
Turkey,3089,28294,Erbaa,2017,0.10085544,0.073398694
Turkey,3089,28294,Erbaa,2018,0.0865791,0.07088571
Turkey,3089,28294,Erbaa,2019,0.077599294,0.071114495
Turkey,3089,28294,Erbaa,2020,0.07661544,0.070655555
Turkey,3089,28294,Erbaa,2021,0.07615939,0.07345263
Turkey,3089,28294,Erbaa,2022,0.077672124,0.07310486
Turkey,3089,28294,Erbaa,2023,0.0885523,0.08535757
Turkey,3089,28294,Erbaa,2024,0.065046445,0.063262306
Turkey,3089,28295,Merkez,2015,0.07518628,0.06976151
Turkey,3089,28295,Merkez,2016,0.07039727,0.06410936
Turkey,3089,28295,Merkez,2017,0.072282664,0.06599475
Turkey,3089,28295,Merkez,2018,0.07490603,0.06945221
Turkey,3089,28295,Merkez,2019,0.07132231,0.06725108
Turkey,3089,28295,Merkez,2020,0.07197045,0.06790868
Turkey,3089,28295,Merkez,2021,0.07523808,0.072861284
Turkey,3089,28295,Merkez,2022,0.06529169,0.06668637
Turkey,3089,28295,Merkez,2023,0.06659877,0.06843236
Turkey,3089,28295,Merkez,2024,0.068615995,0.07044959
Turkey,3089,28296,Niksar,2015,0.1742229,0.08494997
Turkey,3089,28296,Niksar,2016,0.16016075,0.08148174
Turkey,3089,28296,Niksar,2017,0.16144198,0.08492467
Turkey,3089,28296,Niksar,2018,0.14275497,0.08612347
Turkey,3089,28296,Niksar,2019,0.14338663,0.08201594
Turkey,3089,28296,Niksar,2020,0.14778958,0.088943765
Turkey,3089,28296,Niksar,2021,0.14291877,0.09241801
Turkey,3089,28296,Niksar,2022,0.13787898,0.09176841
Turkey,3089,28296,Niksar,2023,0.1168033,0.07860161
Turkey,3089,28296,Niksar,2024,0.11778392,0.081053704
Turkey,3089,28297,Pazar,2015,0.15330045,0.085676804
Turkey,3089,28297,Pazar,2016,0.14439644,0.086101316
Turkey,3089,28297,Pazar,2017,0.14593963,0.089860275
Turkey,3089,28297,Pazar,2018,0.13712582,0.10154798
Turkey,3089,28297,Pazar,2019,0.10840514,0.08460619
Turkey,3089,28297,Pazar,2020,0.11601053,0.0854667
Turkey,3089,28297,Pazar,2021,0.11307513,0.08339298
Turkey,3089,28297,Pazar,2022,0.08565335,0.075328246
Turkey,3089,28297,Pazar,2023,0.08650728,0.07763095
Turkey,3089,28297,Pazar,2024,0.09770481,0.07455379
Turkey,3089,28298,Resadiye,2015,0.22039007,0.0952601
Turkey,3089,28298,Resadiye,2016,0.22402753,0.1038362
Turkey,3089,28298,Resadiye,2017,0.21897486,0.10097019
Turkey,3089,28298,Resadiye,2018,0.209082,0.0979049
Turkey,3089,28298,Resadiye,2019,0.20369458,0.098702945
Turkey,3089,28298,Resadiye,2020,0.20497528,0.09501514
Turkey,3089,28298,Resadiye,2021,0.20076099,0.0911808
Turkey,3089,28298,Resadiye,2022,0.20578557,0.08985256
Turkey,3089,28298,Resadiye,2023,0.20259927,0.092411414
Turkey,3089,28298,Resadiye,2024,0.20533976,0.09426361
Turkey,3089,28299,Sulusaray,2015,0.17304744,0.1276563
Turkey,3089,28299,Sulusaray,2016,0.16266288,0.114369944
Turkey,3089,28299,Sulusaray,2017,0.17695801,0.13221255
Turkey,3089,28299,Sulusaray,2018,0.18387736,0.16722393
Turkey,3089,28299,Sulusaray,2019,0.19736442,0.17495197
Turkey,3089,28299,Sulusaray,2020,0.19893235,0.17775089
Turkey,3089,28299,Sulusaray,2021,0.22306168,0.19232017
Turkey,3089,28299,Sulusaray,2022,0.21067438,0.17590223
Turkey,3089,28299,Sulusaray,2023,0.20261218,0.16696335
Turkey,3089,28299,Sulusaray,2024,0.20262676,0.17384875
Turkey,3089,28300,Turhal,2015,0.11900148,0.08170392
Turkey,3089,28300,Turhal,2016,0.109075904,0.08041802
Turkey,3089,28300,Turhal,2017,0.10228892,0.07990116
Turkey,3089,28300,Turhal,2018,0.085573256,0.08087855
Turkey,3089,28300,Turhal,2019,0.08564775,0.079955146
Turkey,3089,28300,Turhal,2020,0.094005026,0.08914468
Turkey,3089,28300,Turhal,2021,0.1054571,0.098050416
Turkey,3089,28300,Turhal,2022,0.09442077,0.08679508
Turkey,3089,28300,Turhal,2023,0.09626331,0.09168813
Turkey,3089,28300,Turhal,2024,0.081123024,0.08195981
Turkey,3089,28301,Yesilyurt,2015,0.17460772,0.116657555
Turkey,3089,28301,Yesilyurt,2016,0.17004213,0.12832181
Turkey,3089,28301,Yesilyurt,2017,0.16069669,0.12988436
Turkey,3089,28301,Yesilyurt,2018,0.1414798,0.124915674
Turkey,3089,28301,Yesilyurt,2019,0.16639858,0.13671504
Turkey,3089,28301,Yesilyurt,2020,0.15779711,0.1409928
Turkey,3089,28301,Yesilyurt,2021,0.16158584,0.11493546
Turkey,3089,28301,Yesilyurt,2022,0.15787102,0.13859703
Turkey,3089,28301,Yesilyurt,2023,0.14659132,0.10776007
Turkey,3089,28301,Yesilyurt,2024,0.14417927,0.106528506
Turkey,3089,28302,Zile,2015,0.1619471,0.089872934
Turkey,3089,28302,Zile,2016,0.16144896,0.09234952
Turkey,3089,28302,Zile,2017,0.15874675,0.09171843
Turkey,3089,28302,Zile,2018,0.12769063,0.09018542
Turkey,3089,28302,Zile,2019,0.14610015,0.092539944
Turkey,3089,28302,Zile,2020,0.14904255,0.0884751
Turkey,3089,28302,Zile,2021,0.17281349,0.0999736
Turkey,3089,28302,Zile,2022,0.16200203,0.09270992
Turkey,3089,28302,Zile,2023,0.15404102,0.0926838
Turkey,3089,28302,Zile,2024,0.1518046,0.087842874
Turkey,3090,28303,Akcaabat,2015,0.1357322,0.052802958
Turkey,3090,28303,Akcaabat,2016,0.0966244,0.03731306
Turkey,3090,28303,Akcaabat,2017,0.09623775,0.033416443
Turkey,3090,28303,Akcaabat,2018,0.068740346,0.019061185
Turkey,3090,28303,Akcaabat,2019,0.0525776,0.019649662
Turkey,3090,28303,Akcaabat,2020,0.04393209,0.027648024
Turkey,3090,28303,Akcaabat,2021,0.03999063,0.014912021
Turkey,3090,28303,Akcaabat,2022,0.05090381,0.044141047
Turkey,3090,28303,Akcaabat,2023,0.04219329,0.035131186
Turkey,3090,28303,Akcaabat,2024,0.04702386,0.040008444
Turkey,3090,28304,Arakli,2015,0.30939054,0.18109736
Turkey,3090,28304,Arakli,2016,0.28579256,0.19346225
Turkey,3090,28304,Arakli,2017,0.2720659,0.15998268
Turkey,3090,28304,Arakli,2018,0.30183476,0.21101098
Turkey,3090,28304,Arakli,2019,0.27755284,0.22661501
Turkey,3090,28304,Arakli,2020,0.30557868,0.22855216
Turkey,3090,28304,Arakli,2021,0.26198706,0.19677132
Turkey,3090,28304,Arakli,2022,0.26687616,0.17121878
Turkey,3090,28304,Arakli,2023,0.27135825,0.16547439
Turkey,3090,28304,Arakli,2024,0.2686222,0.1839201
Turkey,3090,28305,Arsin,2015,0.16135511,0.033991437
Turkey,3090,28305,Arsin,2016,0.1411683,0.03408367
Turkey,3090,28305,Arsin,2017,0.13842286,0.034009717
Turkey,3090,28305,Arsin,2018,0.1460316,0.03685824
Turkey,3090,28305,Arsin,2019,0.13906682,0.049323667
Turkey,3090,28305,Arsin,2020,0.11997384,0.039552107
Turkey,3090,28305,Arsin,2021,0.123459816,0.042016134
Turkey,3090,28305,Arsin,2022,0.10077454,0.041766994
Turkey,3090,28305,Arsin,2023,0.09026794,0.05160376
Turkey,3090,28305,Arsin,2024,0.10652019,0.05177272
Turkey,3090,28306,Besikduzu,2015,0.22394615,0.08023002
Turkey,3090,28306,Besikduzu,2016,0.18869704,0.1012671
Turkey,3090,28306,Besikduzu,2017,0.20177025,0.047517143
Turkey,3090,28306,Besikduzu,2018,0.18863906,0.035697877
Turkey,3090,28306,Besikduzu,2019,0.15216339,0.03284313
Turkey,3090,28306,Besikduzu,2020,0.16136697,0.07931295
Turkey,3090,28306,Besikduzu,2021,0.17065156,0.07138727
Turkey,3090,28306,Besikduzu,2022,0.14330328,0.06927968
Turkey,3090,28306,Besikduzu,2023,0.20543432,0.08685974
Turkey,3090,28306,Besikduzu,2024,0.16303942,0.07253246
Turkey,3090,28308,Caykara,2015,0.30012575,0.17561108
Turkey,3090,28308,Caykara,2016,0.29220855,0.18834218
Turkey,3090,28308,Caykara,2017,0.27642417,0.17443955
Turkey,3090,28308,Caykara,2018,0.25285947,0.17215903
Turkey,3090,28308,Caykara,2019,0.23821887,0.18682009
Turkey,3090,28308,Caykara,2020,0.24955773,0.16265538
Turkey,3090,28308,Caykara,2021,0.26553917,0.15618537
Turkey,3090,28308,Caykara,2022,0.27467504,0.15185992
Turkey,3090,28308,Caykara,2023,0.25798607,0.17493036
Turkey,3090,28308,Caykara,2024,0.2414096,0.19257629
Turkey,3090,28309,Dernek-pazari,2015,0.16045251,0.054531924
Turkey,3090,28309,Dernek-pazari,2016,0.15962902,0.044715106
Turkey,3090,28309,Dernek-pazari,2017,0.14979003,0.05615841
Turkey,3090,28309,Dernek-pazari,2018,0.1407468,0.12050997
Turkey,3090,28309,Dernek-pazari,2019,0.19469194,0.11007267
Turkey,3090,28309,Dernek-pazari,2020,0.18912235,0.07932553
Turkey,3090,28309,Dernek-pazari,2021,0.18626161,0.088733695
Turkey,3090,28309,Dernek-pazari,2022,0.16467068,0.08124848
Turkey,3090,28309,Dernek-pazari,2023,0.18261535,0.15783855
Turkey,3090,28309,Dernek-pazari,2024,0.18712574,0.13132003
Turkey,3090,28310,Duzkoy,2015,0.1558792,0.069999106
Turkey,3090,28310,Duzkoy,2016,0.16965705,0.058236554
Turkey,3090,28310,Duzkoy,2017,0.17060268,0.06893239
Turkey,3090,28310,Duzkoy,2018,0.16263153,0.07049501
Turkey,3090,28310,Duzkoy,2019,0.15543869,0.06912809
Turkey,3090,28310,Duzkoy,2020,0.14913005,0.07568204
Turkey,3090,28310,Duzkoy,2021,0.15251842,0.07278141
Turkey,3090,28310,Duzkoy,2022,0.15257195,0.08131127
Turkey,3090,28310,Duzkoy,2023,0.15296157,0.070270546
Turkey,3090,28310,Duzkoy,2024,0.14996766,0.07316261
Turkey,3090,28312,Koprubasi,2015,0.30083486,0.2544275
Turkey,3090,28312,Koprubasi,2016,0.30030453,0.25822645
Turkey,3090,28312,Koprubasi,2017,0.29724848,0.2410596
Turkey,3090,28312,Koprubasi,2018,0.32050583,0.23509717
Turkey,3090,28312,Koprubasi,2019,0.2982433,0.22548383
Turkey,3090,28312,Koprubasi,2020,0.30655652,0.23801634
Turkey,3090,28312,Koprubasi,2021,0.28564364,0.22703731
Turkey,3090,28312,Koprubasi,2022,0.23826222,0.203717
Turkey,3090,28312,Koprubasi,2023,0.25112578,0.15899318
Turkey,3090,28312,Koprubasi,2024,0.26136228,0.16359006
Turkey,3090,28313,Macka,2015,0.27895868,0.09397006
Turkey,3090,28313,Macka,2016,0.27965534,0.100704715
Turkey,3090,28313,Macka,2017,0.29950997,0.13291714
Turkey,3090,28313,Macka,2018,0.28604642,0.115009576
Turkey,3090,28313,Macka,2019,0.3058586,0.13794993
Turkey,3090,28313,Macka,2020,0.3098846,0.13367954
Turkey,3090,28313,Macka,2021,0.28839213,0.120292656
Turkey,3090,28313,Macka,2022,0.29618007,0.13803144
Turkey,3090,28313,Macka,2023,0.30979282,0.12880711
Turkey,3090,28313,Macka,2024,0.3048895,0.12804514
Turkey,3090,28314,Merkez,2015,0.034839824,0.015419847
Turkey,3090,28314,Merkez,2016,0.028292304,0.014961638
Turkey,3090,28314,Merkez,2017,0.027368292,0.014037621
Turkey,3090,28314,Merkez,2018,0.022630835,0.009820364
Turkey,3090,28314,Merkez,2019,0.020337379,0.007526904
Turkey,3090,28314,Merkez,2020,0.02548442,0.012153756
Turkey,3090,28314,Merkez,2021,0.020319432,0.006942077
Turkey,3090,28314,Merkez,2022,0.024456242,0.009801874
Turkey,3090,28314,Merkez,2023,0.019445758,0.0066352817
Turkey,3090,28314,Merkez,2024,0.019443529,0.0060661756
Turkey,3090,28315,Of,2015,0.16135688,0.026230726
Turkey,3090,28315,Of,2016,0.12718242,0.010370798
Turkey,3090,28315,Of,2017,0.13264203,0.020920767
Turkey,3090,28315,Of,2018,0.13935807,0.019098137
Turkey,3090,28315,Of,2019,0.1271145,0.017683735
Turkey,3090,28315,Of,2020,0.11647249,0.006643469
Turkey,3090,28315,Of,2021,0.10517706,0.006176256
Turkey,3090,28315,Of,2022,0.09281989,0.012358121
Turkey,3090,28315,Of,2023,0.11668918,0.015318734
Turkey,3090,28315,Of,2024,0.12345504,0.022490628
Turkey,3090,28317,Surmene,2015,0.23572022,0.08142467
Turkey,3090,28317,Surmene,2016,0.21081915,0.084166735
Turkey,3090,28317,Surmene,2017,0.19406417,0.08479343
Turkey,3090,28317,Surmene,2018,0.19753845,0.094531484
Turkey,3090,28317,Surmene,2019,0.18221742,0.085812554
Turkey,3090,28317,Surmene,2020,0.19411507,0.09044194
Turkey,3090,28317,Surmene,2021,0.18238194,0.08627126
Turkey,3090,28317,Surmene,2022,0.14766043,0.08093699
Turkey,3090,28317,Surmene,2023,0.16942734,0.08580265
Turkey,3090,28317,Surmene,2024,0.17236215,0.08261695
Turkey,3090,28318,Tonya,2015,0.17555997,0.10018621
Turkey,3090,28318,Tonya,2016,0.18169624,0.105369
Turkey,3090,28318,Tonya,2017,0.18780693,0.10601201
Turkey,3090,28318,Tonya,2018,0.15545127,0.08712117
Turkey,3090,28318,Tonya,2019,0.15710373,0.09350944
Turkey,3090,28318,Tonya,2020,0.16395167,0.10230655
Turkey,3090,28318,Tonya,2021,0.15881166,0.09582388
Turkey,3090,28318,Tonya,2022,0.17805287,0.115294404
Turkey,3090,28318,Tonya,2023,0.15316375,0.0919613
Turkey,3090,28318,Tonya,2024,0.15921174,0.09291509
Turkey,3090,28319,Vakfikebir,2015,0.21444146,0.12573406
Turkey,3090,28319,Vakfikebir,2016,0.18517217,0.14829601
Turkey,3090,28319,Vakfikebir,2017,0.15013497,0.07248139
Turkey,3090,28319,Vakfikebir,2018,0.16964315,0.0739028
Turkey,3090,28319,Vakfikebir,2019,0.102578916,0.072912514
Turkey,3090,28319,Vakfikebir,2020,0.111185186,0.078111954
Turkey,3090,28319,Vakfikebir,2021,0.11530389,0.07642606
Turkey,3090,28319,Vakfikebir,2022,0.098996855,0.0818582
Turkey,3090,28319,Vakfikebir,2023,0.117915906,0.090451956
Turkey,3090,28319,Vakfikebir,2024,0.10983195,0.07909461
Turkey,3090,28320,Yomra,2015,0.23089063,0.09162578
Turkey,3090,28320,Yomra,2016,0.20130447,0.10149278
Turkey,3090,28320,Yomra,2017,0.18848792,0.10037638
Turkey,3090,28320,Yomra,2018,0.19161502,0.08297025
Turkey,3090,28320,Yomra,2019,0.12429661,0.0806468
Turkey,3090,28320,Yomra,2020,0.118982606,0.07823232
Turkey,3090,28320,Yomra,2021,0.117717095,0.0836389
Turkey,3090,28320,Yomra,2022,0.095552176,0.0811484
Turkey,3090,28320,Yomra,2023,0.07234409,0.06258326
Turkey,3090,28320,Yomra,2024,0.079844855,0.07304252
Turkey,3091,28321,Cemisgezek,2015,0.14679198,0.13231955
Turkey,3091,28321,Cemisgezek,2016,0.14175843,0.12545961
Turkey,3091,28321,Cemisgezek,2017,0.14232045,0.13825409
Turkey,3091,28321,Cemisgezek,2018,0.12233322,0.12644999
Turkey,3091,28321,Cemisgezek,2019,0.12874328,0.13307564
Turkey,3091,28321,Cemisgezek,2020,0.14007036,0.13157186
Turkey,3091,28321,Cemisgezek,2021,0.12801528,0.13333018
Turkey,3091,28321,Cemisgezek,2022,0.12642951,0.1285687
Turkey,3091,28321,Cemisgezek,2023,0.12505545,0.12324923
Turkey,3091,28321,Cemisgezek,2024,0.13103984,0.13437584
Turkey,3091,28322,Hozat,2015,0.18438014,0.18867472
Turkey,3091,28322,Hozat,2016,0.151398,0.14477181
Turkey,3091,28322,Hozat,2017,0.1593025,0.14907603
Turkey,3091,28322,Hozat,2018,0.15770987,0.14810024
Turkey,3091,28322,Hozat,2019,0.16958088,0.17240565
Turkey,3091,28322,Hozat,2020,0.16717918,0.16000587
Turkey,3091,28322,Hozat,2021,0.16886263,0.16171604
Turkey,3091,28322,Hozat,2022,0.16825458,0.15542033
Turkey,3091,28322,Hozat,2023,0.17693207,0.15793489
Turkey,3091,28322,Hozat,2024,0.17182246,0.15272391
Turkey,3091,28323,Mazgirt,2015,0.23555514,0.23025256
Turkey,3091,28323,Mazgirt,2016,0.2454477,0.25246227
Turkey,3091,28323,Mazgirt,2017,0.19882977,0.19790447
Turkey,3091,28323,Mazgirt,2018,0.2072011,0.21240154
Turkey,3091,28323,Mazgirt,2019,0.23098198,0.22927165
Turkey,3091,28323,Mazgirt,2020,0.20468143,0.19873907
Turkey,3091,28323,Mazgirt,2021,0.1854972,0.15195875
Turkey,3091,28323,Mazgirt,2022,0.19997886,0.18850432
Turkey,3091,28323,Mazgirt,2023,0.22168028,0.20716599
Turkey,3091,28323,Mazgirt,2024,0.22973463,0.23170424
Turkey,3091,28324,Merkez,2015,0.15471978,0.11887263
Turkey,3091,28324,Merkez,2016,0.10156585,0.07471306
Turkey,3091,28324,Merkez,2017,0.12657315,0.09354313
Turkey,3091,28324,Merkez,2018,0.1304052,0.104000434
Turkey,3091,28324,Merkez,2019,0.10303847,0.09470097
Turkey,3091,28324,Merkez,2020,0.117450826,0.090198964
Turkey,3091,28324,Merkez,2021,0.1383627,0.104788914
Turkey,3091,28324,Merkez,2022,0.12031352,0.08067632
Turkey,3091,28324,Merkez,2023,0.13930243,0.108756006
Turkey,3091,28324,Merkez,2024,0.12478818,0.095120914
Turkey,3091,28326,Ovacik,2015,0.24091868,0.17982122
Turkey,3091,28326,Ovacik,2016,0.2302357,0.17195086
Turkey,3091,28326,Ovacik,2017,0.22483051,0.17295383
Turkey,3091,28326,Ovacik,2018,0.24539421,0.19058667
Turkey,3091,28326,Ovacik,2019,0.23729335,0.18731704
Turkey,3091,28326,Ovacik,2020,0.23674366,0.17841785
Turkey,3091,28326,Ovacik,2021,0.24004173,0.18548323
Turkey,3091,28326,Ovacik,2022,0.22165458,0.18870452
Turkey,3091,28326,Ovacik,2023,0.22535643,0.15001445
Turkey,3091,28326,Ovacik,2024,0.22704726,0.16448787
Turkey,3091,28327,Pertek,2015,0.2083246,0.18985689
Turkey,3091,28327,Pertek,2016,0.19230908,0.19072162
Turkey,3091,28327,Pertek,2017,0.19489467,0.1865587
Turkey,3091,28327,Pertek,2018,0.19632281,0.19341138
Turkey,3091,28327,Pertek,2019,0.18518715,0.17529741
Turkey,3091,28327,Pertek,2020,0.18487528,0.17810242
Turkey,3091,28327,Pertek,2021,0.18047588,0.17630613
Turkey,3091,28327,Pertek,2022,0.18213814,0.17816213
Turkey,3091,28327,Pertek,2023,0.1782072,0.15403228
Turkey,3091,28327,Pertek,2024,0.17844445,0.15590481
Turkey,3091,28328,Pulumur,2015,0.21597008,0.1518791
Turkey,3091,28328,Pulumur,2016,0.20806304,0.15056664
Turkey,3091,28328,Pulumur,2017,0.21391912,0.15010875
Turkey,3091,28328,Pulumur,2018,0.2038082,0.1429924
Turkey,3091,28328,Pulumur,2019,0.21229532,0.15570363
Turkey,3091,28328,Pulumur,2020,0.22014418,0.15569748
Turkey,3091,28328,Pulumur,2021,0.22435957,0.16674906
Turkey,3091,28328,Pulumur,2022,0.20733997,0.1518777
Turkey,3091,28328,Pulumur,2023,0.19891983,0.1388222
Turkey,3091,28328,Pulumur,2024,0.20151693,0.1436397
Turkey,3092,28329,Banaz,2015,0.20926762,0.14630726
Turkey,3092,28329,Banaz,2016,0.20957223,0.16138329
Turkey,3092,28329,Banaz,2017,0.20247002,0.15575878
Turkey,3092,28329,Banaz,2018,0.19085827,0.14341885
Turkey,3092,28329,Banaz,2019,0.190833,0.15425342
Turkey,3092,28329,Banaz,2020,0.18618524,0.14699385
Turkey,3092,28329,Banaz,2021,0.18800107,0.1474074
Turkey,3092,28329,Banaz,2022,0.19855693,0.15307598
Turkey,3092,28329,Banaz,2023,0.1923095,0.12957731
Turkey,3092,28329,Banaz,2024,0.20249605,0.15187812
Turkey,3092,28330,Esme,2015,0.17030486,0.15609625
Turkey,3092,28330,Esme,2016,0.15851273,0.15285733
Turkey,3092,28330,Esme,2017,0.1606386,0.1553714
Turkey,3092,28330,Esme,2018,0.16640994,0.15018052
Turkey,3092,28330,Esme,2019,0.15880953,0.14834577
Turkey,3092,28330,Esme,2020,0.15948462,0.14442772
Turkey,3092,28330,Esme,2021,0.16547549,0.15362066
Turkey,3092,28330,Esme,2022,0.1631158,0.1570733
Turkey,3092,28330,Esme,2023,0.16413279,0.14337495
Turkey,3092,28330,Esme,2024,0.17550409,0.15873682
Turkey,3092,28331,Karahalli,2015,0.14429815,0.15152067
Turkey,3092,28331,Karahalli,2016,0.15768561,0.15900016
Turkey,3092,28331,Karahalli,2017,0.14748734,0.15585275
Turkey,3092,28331,Karahalli,2018,0.13596527,0.14083725
Turkey,3092,28331,Karahalli,2019,0.13826717,0.13254383
Turkey,3092,28331,Karahalli,2020,0.121477515,0.122749254
Turkey,3092,28331,Karahalli,2021,0.12453566,0.1284338
Turkey,3092,28331,Karahalli,2022,0.1418537,0.14473481
Turkey,3092,28331,Karahalli,2023,0.13532156,0.13005106
Turkey,3092,28331,Karahalli,2024,0.13857809,0.13969378
Turkey,3092,28332,Merkez,2015,0.1168545,0.077149026
Turkey,3092,28332,Merkez,2016,0.10384954,0.071853206
Turkey,3092,28332,Merkez,2017,0.09605014,0.0711586
Turkey,3092,28332,Merkez,2018,0.08472191,0.07595093
Turkey,3092,28332,Merkez,2019,0.08366243,0.07405774
Turkey,3092,28332,Merkez,2020,0.08225166,0.07460622
Turkey,3092,28332,Merkez,2021,0.08753612,0.08093043
Turkey,3092,28332,Merkez,2022,0.07560914,0.071953915
Turkey,3092,28332,Merkez,2023,0.07938546,0.07682562
Turkey,3092,28332,Merkez,2024,0.074987456,0.071910754
Turkey,3092,28333,Sivasli,2015,0.18115696,0.11813597
Turkey,3092,28333,Sivasli,2016,0.19352357,0.14578748
Turkey,3092,28333,Sivasli,2017,0.18462935,0.13842593
Turkey,3092,28333,Sivasli,2018,0.17760214,0.13323565
Turkey,3092,28333,Sivasli,2019,0.17863119,0.13964161
Turkey,3092,28333,Sivasli,2020,0.18365966,0.13848782
Turkey,3092,28333,Sivasli,2021,0.16685455,0.12921402
Turkey,3092,28333,Sivasli,2022,0.17526716,0.13103409
Turkey,3092,28333,Sivasli,2023,0.15559392,0.10546698
Turkey,3092,28333,Sivasli,2024,0.1496299,0.12374492
Turkey,3092,28334,Ulubey,2015,0.20056818,0.19223252
Turkey,3092,28334,Ulubey,2016,0.20499316,0.19841918
Turkey,3092,28334,Ulubey,2017,0.20745581,0.20047802
Turkey,3092,28334,Ulubey,2018,0.21624717,0.201612
Turkey,3092,28334,Ulubey,2019,0.22343133,0.20662221
Turkey,3092,28334,Ulubey,2020,0.21910536,0.20436543
Turkey,3092,28334,Ulubey,2021,0.22021703,0.21002856
Turkey,3092,28334,Ulubey,2022,0.20043722,0.19277444
Turkey,3092,28334,Ulubey,2023,0.21570146,0.1999278
Turkey,3092,28334,Ulubey,2024,0.21975034,0.21125314
Turkey,3093,28335,Bahcesaray,2015,0.16897282,0.11154719
Turkey,3093,28335,Bahcesaray,2016,0.16886178,0.12616292
Turkey,3093,28335,Bahcesaray,2017,0.15148881,0.12505037
Turkey,3093,28335,Bahcesaray,2018,0.1566815,0.12418863
Turkey,3093,28335,Bahcesaray,2019,0.16931884,0.15054008
Turkey,3093,28335,Bahcesaray,2020,0.15323207,0.12309207
Turkey,3093,28335,Bahcesaray,2021,0.15361461,0.1219141
Turkey,3093,28335,Bahcesaray,2022,0.15846986,0.1226144
Turkey,3093,28335,Bahcesaray,2023,0.16176002,0.118341014
Turkey,3093,28335,Bahcesaray,2024,0.14987843,0.10675347
Turkey,3093,28336,Baskale,2015,0.21106797,0.19610757
Turkey,3093,28336,Baskale,2016,0.20292348,0.19195108
Turkey,3093,28336,Baskale,2017,0.20259078,0.1944625
Turkey,3093,28336,Baskale,2018,0.19990021,0.17448136
Turkey,3093,28336,Baskale,2019,0.20580575,0.19783203
Turkey,3093,28336,Baskale,2020,0.20712936,0.1951479
Turkey,3093,28336,Baskale,2021,0.19109148,0.18509251
Turkey,3093,28336,Baskale,2022,0.18810625,0.18122964
Turkey,3093,28336,Baskale,2023,0.19902581,0.18254742
Turkey,3093,28336,Baskale,2024,0.20911649,0.19067073
Turkey,3093,28337,Caldiran,2015,0.15465987,0.106582075
Turkey,3093,28337,Caldiran,2016,0.19007987,0.14531866
Turkey,3093,28337,Caldiran,2017,0.19460417,0.1819292
Turkey,3093,28337,Caldiran,2018,0.18075404,0.16476661
Turkey,3093,28337,Caldiran,2019,0.19373873,0.18763494
Turkey,3093,28337,Caldiran,2020,0.1882077,0.16954368
Turkey,3093,28337,Caldiran,2021,0.18916492,0.19059557
Turkey,3093,28337,Caldiran,2022,0.17837241,0.15910757
Turkey,3093,28337,Caldiran,2023,0.18251258,0.15724677
Turkey,3093,28337,Caldiran,2024,0.17861927,0.152826
Turkey,3093,28338,Catak,2015,0.20069204,0.17583747
Turkey,3093,28338,Catak,2016,0.18172598,0.17041063
Turkey,3093,28338,Catak,2017,0.1687116,0.169526
Turkey,3093,28338,Catak,2018,0.16260377,0.15922709
Turkey,3093,28338,Catak,2019,0.16855717,0.16678885
Turkey,3093,28338,Catak,2020,0.15561178,0.16079852
Turkey,3093,28338,Catak,2021,0.15971163,0.172425
Turkey,3093,28338,Catak,2022,0.16037473,0.16653079
Turkey,3093,28338,Catak,2023,0.18011186,0.1707769
Turkey,3093,28338,Catak,2024,0.19269216,0.17594309
Turkey,3093,28339,Edremit,2015,0.10877881,0.100143015
Turkey,3093,28339,Edremit,2016,0.10840564,0.09686419
Turkey,3093,28339,Edremit,2017,0.103380166,0.092558414
Turkey,3093,28339,Edremit,2018,0.101947114,0.09020258
Turkey,3093,28339,Edremit,2019,0.102971084,0.09164151
Turkey,3093,28339,Edremit,2020,0.10865655,0.098006465
Turkey,3093,28339,Edremit,2021,0.10494017,0.101669796
Turkey,3093,28339,Edremit,2022,0.10383567,0.1005653
Turkey,3093,28339,Edremit,2023,0.10817062,0.09642609
Turkey,3093,28339,Edremit,2024,0.10674974,0.09852539
Turkey,3093,28340,Ercis,2015,0.17687964,0.08459054
Turkey,3093,28340,Ercis,2016,0.17485872,0.08926795
Turkey,3093,28340,Ercis,2017,0.16914344,0.095071994
Turkey,3093,28340,Ercis,2018,0.15380897,0.08572937
Turkey,3093,28340,Ercis,2019,0.15174085,0.10345356
Turkey,3093,28340,Ercis,2020,0.16014442,0.097755566
Turkey,3093,28340,Ercis,2021,0.15105304,0.10580227
Turkey,3093,28340,Ercis,2022,0.15703812,0.077489726
Turkey,3093,28340,Ercis,2023,0.14657807,0.07326062
Turkey,3093,28340,Ercis,2024,0.15128303,0.08266819
Turkey,3093,28341,Gevas,2015,0.23589714,0.16821305
Turkey,3093,28341,Gevas,2016,0.24179512,0.18337414
Turkey,3093,28341,Gevas,2017,0.23609492,0.19439179
Turkey,3093,28341,Gevas,2018,0.23375304,0.16908336
Turkey,3093,28341,Gevas,2019,0.23420727,0.19909726
Turkey,3093,28341,Gevas,2020,0.22671747,0.18060912
Turkey,3093,28341,Gevas,2021,0.22642624,0.18197352
Turkey,3093,28341,Gevas,2022,0.22126874,0.18344009
Turkey,3093,28341,Gevas,2023,0.2196981,0.16922076
Turkey,3093,28341,Gevas,2024,0.22456971,0.17089094
Turkey,3093,28342,Gurpinar,2015,0.27012482,0.22249389
Turkey,3093,28342,Gurpinar,2016,0.27458376,0.23568691
Turkey,3093,28342,Gurpinar,2017,0.27903894,0.24622867
Turkey,3093,28342,Gurpinar,2018,0.28141907,0.23959662
Turkey,3093,28342,Gurpinar,2019,0.28535777,0.26290053
Turkey,3093,28342,Gurpinar,2020,0.28351456,0.24858564
Turkey,3093,28342,Gurpinar,2021,0.27420336,0.24985126
Turkey,3093,28342,Gurpinar,2022,0.2728485,0.24824178
Turkey,3093,28342,Gurpinar,2023,0.26160166,0.23417813
Turkey,3093,28342,Gurpinar,2024,0.2427999,0.24170747
Turkey,3093,28343,Administrative unit not available,2015,0.16586754,0.108845025
Turkey,3093,28343,Administrative unit not available,2016,0.13839735,0.11183497
Turkey,3093,28343,Administrative unit not available,2017,0.11234857,0.10733183
Turkey,3093,28343,Administrative unit not available,2018,0.10732496,0.10732496
Turkey,3093,28343,Administrative unit not available,2019,0.09997853,0.09997853
Turkey,3093,28343,Administrative unit not available,2020,0.09685579,0.09685579
Turkey,3093,28343,Administrative unit not available,2021,0.106222466,0.106222466
Turkey,3093,28343,Administrative unit not available,2022,0.10008741,0.10052979
Turkey,3093,28343,Administrative unit not available,2023,0.09829951,0.09874189
Turkey,3093,28343,Administrative unit not available,2024,0.09375436,0.09419674
Turkey,3093,28344,Merkez,2015,0.10678188,0.07829863
Turkey,3093,28344,Merkez,2016,0.082775384,0.080106124
Turkey,3093,28344,Merkez,2017,0.08139443,0.07996258
Turkey,3093,28344,Merkez,2018,0.083097465,0.077306
Turkey,3093,28344,Merkez,2019,0.07941703,0.07729969
Turkey,3093,28344,Merkez,2020,0.08376726,0.07814956
Turkey,3093,28344,Merkez,2021,0.07872473,0.07814328
Turkey,3093,28344,Merkez,2022,0.07141624,0.0705917
Turkey,3093,28344,Merkez,2023,0.07520228,0.07038157
Turkey,3093,28344,Merkez,2024,0.07170119,0.070911795
Turkey,3093,28345,Muradiye,2015,0.21801811,0.10434924
Turkey,3093,28345,Muradiye,2016,0.21376088,0.10914247
Turkey,3093,28345,Muradiye,2017,0.20035698,0.1109173
Turkey,3093,28345,Muradiye,2018,0.18588376,0.09276297
Turkey,3093,28345,Muradiye,2019,0.16666594,0.09544346
Turkey,3093,28345,Muradiye,2020,0.1647698,0.0825479
Turkey,3093,28345,Muradiye,2021,0.15813366,0.09616816
Turkey,3093,28345,Muradiye,2022,0.16024506,0.07175006
Turkey,3093,28345,Muradiye,2023,0.1535959,0.06878672
Turkey,3093,28345,Muradiye,2024,0.15971586,0.06945944
Turkey,3093,28346,Ozalp,2015,0.20304772,0.15120676
Turkey,3093,28346,Ozalp,2016,0.19951072,0.15120657
Turkey,3093,28346,Ozalp,2017,0.20280816,0.16736183
Turkey,3093,28346,Ozalp,2018,0.21142088,0.19512807
Turkey,3093,28346,Ozalp,2019,0.22244468,0.21022375
Turkey,3093,28346,Ozalp,2020,0.22201279,0.19974753
Turkey,3093,28346,Ozalp,2021,0.2188079,0.21111196
Turkey,3093,28346,Ozalp,2022,0.22203407,0.20336819
Turkey,3093,28346,Ozalp,2023,0.2197161,0.19234985
Turkey,3093,28346,Ozalp,2024,0.22582227,0.19503038
Turkey,3093,28347,Saray,2015,0.19302821,0.16122423
Turkey,3093,28347,Saray,2016,0.20693608,0.17885897
Turkey,3093,28347,Saray,2017,0.21202831,0.21157843
Turkey,3093,28347,Saray,2018,0.208628,0.20379469
Turkey,3093,28347,Saray,2019,0.20132342,0.20703383
Turkey,3093,28347,Saray,2020,0.20916298,0.20880546
Turkey,3093,28347,Saray,2021,0.1961557,0.20289195
Turkey,3093,28347,Saray,2022,0.20525457,0.21044497
Turkey,3093,28347,Saray,2023,0.1871341,0.18621
Turkey,3093,28347,Saray,2024,0.20252433,0.19904435
Turkey,3094,28348,Altinova,2015,0.043376904,0.021745268
Turkey,3094,28348,Altinova,2016,0.02956101,0.021982512
Turkey,3094,28348,Altinova,2017,0.02094715,0.0069119786
Turkey,3094,28348,Altinova,2018,0.027061732,0.01621219
Turkey,3094,28348,Altinova,2019,0.028594658,0.016713476
Turkey,3094,28348,Altinova,2020,0.0151496,0.0045320666
Turkey,3094,28348,Altinova,2021,0.015088296,0.005771999
Turkey,3094,28348,Altinova,2022,0.021035029,0.009185138
Turkey,3094,28348,Altinova,2023,0.014225639,0.0016489761
Turkey,3094,28348,Altinova,2024,0.016229857,0.0019919928
Turkey,3094,28349,Armutlu,2015,0.2052368,0.14964524
Turkey,3094,28349,Armutlu,2016,0.21188611,0.14114937
Turkey,3094,28349,Armutlu,2017,0.19155109,0.1187586
Turkey,3094,28349,Armutlu,2018,0.20548639,0.14828274
Turkey,3094,28349,Armutlu,2019,0.22436088,0.17386241
Turkey,3094,28349,Armutlu,2020,0.20589712,0.15102497
Turkey,3094,28349,Armutlu,2021,0.19545785,0.12496691
Turkey,3094,28349,Armutlu,2022,0.19014683,0.12599619
Turkey,3094,28349,Armutlu,2023,0.19660458,0.14313653
Turkey,3094,28349,Armutlu,2024,0.20879662,0.13993016
Turkey,3094,28350,Ciftlikkoy,2015,0.036921732,0.036495816
Turkey,3094,28350,Ciftlikkoy,2016,0.034443952,0.03401804
Turkey,3094,28350,Ciftlikkoy,2017,0.029906431,0.029142482
Turkey,3094,28350,Ciftlikkoy,2018,0.0319797,0.03201308
Turkey,3094,28350,Ciftlikkoy,2019,0.031257126,0.030348884
Turkey,3094,28350,Ciftlikkoy,2020,0.03121255,0.029119594
Turkey,3094,28350,Ciftlikkoy,2021,0.022965258,0.020872302
Turkey,3094,28350,Ciftlikkoy,2022,0.025789153,0.023696195
Turkey,3094,28350,Ciftlikkoy,2023,0.026214164,0.024121208
Turkey,3094,28350,Ciftlikkoy,2024,0.025634384,0.023258515
Turkey,3094,28351,Cinarcik,2015,0.14429758,0.06917709
Turkey,3094,28351,Cinarcik,2016,0.11815487,0.06916657
Turkey,3094,28351,Cinarcik,2017,0.08870287,0.05943054
Turkey,3094,28351,Cinarcik,2018,0.12313817,0.06848505
Turkey,3094,28351,Cinarcik,2019,0.10168566,0.07263882
Turkey,3094,28351,Cinarcik,2020,0.0870728,0.061900094
Turkey,3094,28351,Cinarcik,2021,0.07260576,0.06397332
Turkey,3094,28351,Cinarcik,2022,0.06350302,0.059814673
Turkey,3094,28351,Cinarcik,2023,0.064951465,0.06692104
Turkey,3094,28351,Cinarcik,2024,0.06925759,0.063216664
Turkey,3094,28352,Merkez,2015,0.054703128,0.042548124
Turkey,3094,28352,Merkez,2016,0.048603054,0.036448047
Turkey,3094,28352,Merkez,2017,0.04726921,0.030832497
Turkey,3094,28352,Merkez,2018,0.051687274,0.04080824
Turkey,3094,28352,Merkez,2019,0.04969268,0.03873372
Turkey,3094,28352,Merkez,2020,0.04811154,0.035010915
Turkey,3094,28352,Merkez,2021,0.049115848,0.037697587
Turkey,3094,28352,Merkez,2022,0.05238889,0.038552195
Turkey,3094,28352,Merkez,2023,0.051429227,0.03827627
Turkey,3094,28352,Merkez,2024,0.054356255,0.043017935
Turkey,3094,28353,Termal,2015,0.12680878,0.03642365
Turkey,3094,28353,Termal,2016,0.10026223,0.040552016
Turkey,3094,28353,Termal,2017,0.0863136,0.028894825
Turkey,3094,28353,Termal,2018,0.084824905,0.037919134
Turkey,3094,28353,Termal,2019,0.08415894,0.0378059
Turkey,3094,28353,Termal,2020,0.074631,0.030430239
Turkey,3094,28353,Termal,2021,0.075768776,0.033889886
Turkey,3094,28353,Termal,2022,0.08047343,0.038802262
Turkey,3094,28353,Termal,2023,0.08126994,0.04354409
Turkey,3094,28353,Termal,2024,0.0705285,0.039039675
Turkey,3095,28354,Akdagmadeni,2015,0.18141189,0.13377932
Turkey,3095,28354,Akdagmadeni,2016,0.19598697,0.15494056
Turkey,3095,28354,Akdagmadeni,2017,0.20470895,0.16157842
Turkey,3095,28354,Akdagmadeni,2018,0.18318206,0.1463258
Turkey,3095,28354,Akdagmadeni,2019,0.1854702,0.1589022
Turkey,3095,28354,Akdagmadeni,2020,0.18602636,0.16163911
Turkey,3095,28354,Akdagmadeni,2021,0.19794188,0.16992803
Turkey,3095,28354,Akdagmadeni,2022,0.18802097,0.16532335
Turkey,3095,28354,Akdagmadeni,2023,0.18786965,0.15217552
Turkey,3095,28354,Akdagmadeni,2024,0.19771995,0.16498825
Turkey,3095,28355,Aydincik,2015,0.16102721,0.112708196
Turkey,3095,28355,Aydincik,2016,0.15130554,0.124963865
Turkey,3095,28355,Aydincik,2017,0.14947353,0.12826084
Turkey,3095,28355,Aydincik,2018,0.16075996,0.13497952
Turkey,3095,28355,Aydincik,2019,0.14401938,0.12917757
Turkey,3095,28355,Aydincik,2020,0.14420651,0.13485327
Turkey,3095,28355,Aydincik,2021,0.15583631,0.1408225
Turkey,3095,28355,Aydincik,2022,0.14543557,0.13027507
Turkey,3095,28355,Aydincik,2023,0.12979339,0.115193725
Turkey,3095,28355,Aydincik,2024,0.13802603,0.11938423
Turkey,3095,28356,Bogazliyan,2015,0.17689623,0.12571223
Turkey,3095,28356,Bogazliyan,2016,0.17612556,0.13585922
Turkey,3095,28356,Bogazliyan,2017,0.16955462,0.14068453
Turkey,3095,28356,Bogazliyan,2018,0.143783,0.11421759
Turkey,3095,28356,Bogazliyan,2019,0.14300609,0.1135167
Turkey,3095,28356,Bogazliyan,2020,0.14835754,0.12200609
Turkey,3095,28356,Bogazliyan,2021,0.14071853,0.1089729
Turkey,3095,28356,Bogazliyan,2022,0.13566905,0.1184769
Turkey,3095,28356,Bogazliyan,2023,0.12262957,0.0858494
Turkey,3095,28356,Bogazliyan,2024,0.118847355,0.08423137
Turkey,3095,28357,Candir,2015,0.18201241,0.14037685
Turkey,3095,28357,Candir,2016,0.17461741,0.1358592
Turkey,3095,28357,Candir,2017,0.18469112,0.15001695
Turkey,3095,28357,Candir,2018,0.16575754,0.1305566
Turkey,3095,28357,Candir,2019,0.18574482,0.15030706
Turkey,3095,28357,Candir,2020,0.17770214,0.1428873
Turkey,3095,28357,Candir,2021,0.18099165,0.14872125
Turkey,3095,28357,Candir,2022,0.1717138,0.14371714
Turkey,3095,28357,Candir,2023,0.15871023,0.12174829
Turkey,3095,28357,Candir,2024,0.16126484,0.124234095
Turkey,3095,28358,Cayiralan,2015,0.17468831,0.09227046
Turkey,3095,28358,Cayiralan,2016,0.19759887,0.13487726
Turkey,3095,28358,Cayiralan,2017,0.18429898,0.13440168
Turkey,3095,28358,Cayiralan,2018,0.18987451,0.110121414
Turkey,3095,28358,Cayiralan,2019,0.1963271,0.11745962
Turkey,3095,28358,Cayiralan,2020,0.19738892,0.13222449
Turkey,3095,28358,Cayiralan,2021,0.18361682,0.113724865
Turkey,3095,28358,Cayiralan,2022,0.19301048,0.1356835
Turkey,3095,28358,Cayiralan,2023,0.17905591,0.09981874
Turkey,3095,28358,Cayiralan,2024,0.17716938,0.09837828
Turkey,3095,28359,Cekerek,2015,0.21186492,0.17195787
Turkey,3095,28359,Cekerek,2016,0.23686162,0.2208881
Turkey,3095,28359,Cekerek,2017,0.22822323,0.22104399
Turkey,3095,28359,Cekerek,2018,0.18780437,0.19396892
Turkey,3095,28359,Cekerek,2019,0.2056436,0.21580657
Turkey,3095,28359,Cekerek,2020,0.2090219,0.21841383
Turkey,3095,28359,Cekerek,2021,0.22239,0.22682181
Turkey,3095,28359,Cekerek,2022,0.20518988,0.21010336
Turkey,3095,28359,Cekerek,2023,0.21027027,0.20871887
Turkey,3095,28359,Cekerek,2024,0.2208623,0.2236171
Turkey,3095,28360,Kadisehri,2015,0.19457766,0.15157145
Turkey,3095,28360,Kadisehri,2016,0.17108212,0.15747967
Turkey,3095,28360,Kadisehri,2017,0.19845077,0.17664535
Turkey,3095,28360,Kadisehri,2018,0.1942699,0.18518761
Turkey,3095,28360,Kadisehri,2019,0.23195891,0.21741515
Turkey,3095,28360,Kadisehri,2020,0.21844485,0.20374413
Turkey,3095,28360,Kadisehri,2021,0.2273788,0.20615613
Turkey,3095,28360,Kadisehri,2022,0.19889526,0.17737341
Turkey,3095,28360,Kadisehri,2023,0.20407379,0.1737994
Turkey,3095,28360,Kadisehri,2024,0.20631918,0.17408597
Turkey,3095,28361,Merkez,2015,0.16313694,0.1382378
Turkey,3095,28361,Merkez,2016,0.15845484,0.13799612
Turkey,3095,28361,Merkez,2017,0.1508938,0.12927738
Turkey,3095,28361,Merkez,2018,0.14358848,0.11922602
Turkey,3095,28361,Merkez,2019,0.14657468,0.11402922
Turkey,3095,28361,Merkez,2020,0.14216635,0.11460452
Turkey,3095,28361,Merkez,2021,0.14686093,0.11675806
Turkey,3095,28361,Merkez,2022,0.14654186,0.11753283
Turkey,3095,28361,Merkez,2023,0.15314066,0.11080392
Turkey,3095,28361,Merkez,2024,0.14392179,0.105473906
Turkey,3095,28362,Saraykent,2015,0.23612612,0.18772045
Turkey,3095,28362,Saraykent,2016,0.21310821,0.17464797
Turkey,3095,28362,Saraykent,2017,0.21340352,0.17514476
Turkey,3095,28362,Saraykent,2018,0.21134123,0.1553657
Turkey,3095,28362,Saraykent,2019,0.21197799,0.17112166
Turkey,3095,28362,Saraykent,2020,0.18708494,0.15079099
Turkey,3095,28362,Saraykent,2021,0.21926701,0.17404324
Turkey,3095,28362,Saraykent,2022,0.20931289,0.18630987
Turkey,3095,28362,Saraykent,2023,0.19982307,0.15670744
Turkey,3095,28362,Saraykent,2024,0.18800169,0.12865728
Turkey,3095,28363,Sarikaya,2015,0.20174938,0.15935776
Turkey,3095,28363,Sarikaya,2016,0.19523726,0.15733254
Turkey,3095,28363,Sarikaya,2017,0.18894859,0.15433899
Turkey,3095,28363,Sarikaya,2018,0.17738146,0.14478648
Turkey,3095,28363,Sarikaya,2019,0.17810123,0.15208083
Turkey,3095,28363,Sarikaya,2020,0.183757,0.15329498
Turkey,3095,28363,Sarikaya,2021,0.18517447,0.15762767
Turkey,3095,28363,Sarikaya,2022,0.17490423,0.14963609
Turkey,3095,28363,Sarikaya,2023,0.16735342,0.13415852
Turkey,3095,28363,Sarikaya,2024,0.17277043,0.13830404
Turkey,3095,28364,Sefaatli,2015,0.18143934,0.16202576
Turkey,3095,28364,Sefaatli,2016,0.18905877,0.18228306
Turkey,3095,28364,Sefaatli,2017,0.19121587,0.18441035
Turkey,3095,28364,Sefaatli,2018,0.19143115,0.19149597
Turkey,3095,28364,Sefaatli,2019,0.18276586,0.18832698
Turkey,3095,28364,Sefaatli,2020,0.18172999,0.18624699
Turkey,3095,28364,Sefaatli,2021,0.18776053,0.19159439
Turkey,3095,28364,Sefaatli,2022,0.183424,0.18870321
Turkey,3095,28364,Sefaatli,2023,0.1813791,0.17924851
Turkey,3095,28364,Sefaatli,2024,0.18293512,0.17860866
Turkey,3095,28365,Sorgun,2015,0.2092968,0.15418556
Turkey,3095,28365,Sorgun,2016,0.19947341,0.16135304
Turkey,3095,28365,Sorgun,2017,0.17396197,0.14775535
Turkey,3095,28365,Sorgun,2018,0.16570687,0.14150383
Turkey,3095,28365,Sorgun,2019,0.15733105,0.12977871
Turkey,3095,28365,Sorgun,2020,0.15730114,0.13130046
Turkey,3095,28365,Sorgun,2021,0.14311987,0.10832588
Turkey,3095,28365,Sorgun,2022,0.15928811,0.1288396
Turkey,3095,28365,Sorgun,2023,0.15869008,0.10646995
Turkey,3095,28365,Sorgun,2024,0.16167381,0.10615972
Turkey,3095,28366,Yenifakili,2015,0.17943707,0.13629176
Turkey,3095,28366,Yenifakili,2016,0.16831386,0.14515081
Turkey,3095,28366,Yenifakili,2017,0.18041112,0.16207062
Turkey,3095,28366,Yenifakili,2018,0.1574505,0.12613495
Turkey,3095,28366,Yenifakili,2019,0.16747205,0.14778881
Turkey,3095,28366,Yenifakili,2020,0.16340962,0.13462457
Turkey,3095,28366,Yenifakili,2021,0.16001692,0.12855262
Turkey,3095,28366,Yenifakili,2022,0.14182292,0.124678634
Turkey,3095,28366,Yenifakili,2023,0.15822819,0.13070372
Turkey,3095,28366,Yenifakili,2024,0.1440391,0.11456214
Turkey,3095,28367,Yerkoy,2015,0.20105359,0.15101929
Turkey,3095,28367,Yerkoy,2016,0.197197,0.16021319
Turkey,3095,28367,Yerkoy,2017,0.19491678,0.16459347
Turkey,3095,28367,Yerkoy,2018,0.15475065,0.13499105
Turkey,3095,28367,Yerkoy,2019,0.15963571,0.1445438
Turkey,3095,28367,Yerkoy,2020,0.16259308,0.14459166
Turkey,3095,28367,Yerkoy,2021,0.17018285,0.15647288
Turkey,3095,28367,Yerkoy,2022,0.16292247,0.1438759
Turkey,3095,28367,Yerkoy,2023,0.15558714,0.13406986
Turkey,3095,28367,Yerkoy,2024,0.14383535,0.12286225
Turkey,3096,28368,Alapli,2015,0.17637369,0.062971205
Turkey,3096,28368,Alapli,2016,0.16245037,0.0592689
Turkey,3096,28368,Alapli,2017,0.17946509,0.07185761
Turkey,3096,28368,Alapli,2018,0.17612383,0.089454845
Turkey,3096,28368,Alapli,2019,0.17291072,0.07398924
Turkey,3096,28368,Alapli,2020,0.17156656,0.070087045
Turkey,3096,28368,Alapli,2021,0.16602609,0.071124524
Turkey,3096,28368,Alapli,2022,0.17614643,0.06387153
Turkey,3096,28368,Alapli,2023,0.16750929,0.07276247
Turkey,3096,28368,Alapli,2024,0.17678304,0.071776554
Turkey,3096,28369,Caycuma,2015,0.11315976,0.0047032516
Turkey,3096,28369,Caycuma,2016,0.09785616,0.0
Turkey,3096,28369,Caycuma,2017,0.09810404,0.002168124
Turkey,3096,28369,Caycuma,2018,0.09072028,0.003245509
Turkey,3096,28369,Caycuma,2019,0.092807546,0.0
Turkey,3096,28369,Caycuma,2020,0.08799,0.0
Turkey,3096,28369,Caycuma,2021,0.084737346,0.0028318139
Turkey,3096,28369,Caycuma,2022,0.086606435,0.007809471
Turkey,3096,28369,Caycuma,2023,0.06297847,0.0
Turkey,3096,28369,Caycuma,2024,0.07714129,0.0
Turkey,3096,28370,Devrek,2015,0.17685117,0.07691908
Turkey,3096,28370,Devrek,2016,0.20204012,0.09836149
Turkey,3096,28370,Devrek,2017,0.19457135,0.09154285
Turkey,3096,28370,Devrek,2018,0.20505339,0.10326777
Turkey,3096,28370,Devrek,2019,0.19232449,0.08806492
Turkey,3096,28370,Devrek,2020,0.17810425,0.075077206
Turkey,3096,28370,Devrek,2021,0.16650611,0.075877175
Turkey,3096,28370,Devrek,2022,0.16568027,0.075797826
Turkey,3096,28370,Devrek,2023,0.14959687,0.05389015
Turkey,3096,28370,Devrek,2024,0.1796268,0.07523491
Turkey,3096,28371,Eregli,2015,0.1427506,0.053535227
Turkey,3096,28371,Eregli,2016,0.13946164,0.058239203
Turkey,3096,28371,Eregli,2017,0.13468471,0.054129075
Turkey,3096,28371,Eregli,2018,0.12476074,0.053058933
Turkey,3096,28371,Eregli,2019,0.10021056,0.035038054
Turkey,3096,28371,Eregli,2020,0.116584465,0.06298924
Turkey,3096,28371,Eregli,2021,0.0955631,0.059519548
Turkey,3096,28371,Eregli,2022,0.10895039,0.0782159
Turkey,3096,28371,Eregli,2023,0.095863365,0.06534343
Turkey,3096,28371,Eregli,2024,0.12358811,0.07667089
Turkey,3096,28372,Gokcebey,2015,0.20428585,0.08401364
Turkey,3096,28372,Gokcebey,2016,0.20172498,0.08669836
Turkey,3096,28372,Gokcebey,2017,0.2044442,0.08764438
Turkey,3096,28372,Gokcebey,2018,0.2052691,0.099541984
Turkey,3096,28372,Gokcebey,2019,0.18367708,0.06811417
Turkey,3096,28372,Gokcebey,2020,0.18588446,0.06731022
Turkey,3096,28372,Gokcebey,2021,0.17358847,0.07591765
Turkey,3096,28372,Gokcebey,2022,0.19506809,0.078887835
Turkey,3096,28372,Gokcebey,2023,0.19918448,0.069083825
Turkey,3096,28372,Gokcebey,2024,0.19645587,0.07556906
Turkey,3096,28373,Merkez,2015,0.03401654,0.02785947
Turkey,3096,28373,Merkez,2016,0.024779368,0.018622303
Turkey,3096,28373,Merkez,2017,0.02416443,0.018007366
Turkey,3096,28373,Merkez,2018,0.03318165,0.028741395
Turkey,3096,28373,Merkez,2019,0.023052499,0.01566699
Turkey,3096,28373,Merkez,2020,0.02163824,0.012995206
Turkey,3096,28373,Merkez,2021,0.024749966,0.015597161
Turkey,3096,28373,Merkez,2022,0.0312627,0.022109894
Turkey,3096,28373,Merkez,2023,0.029254057,0.022732407
Turkey,3096,28373,Merkez,2024,0.027183218,0.021684708
