country,adm1_code,adm2_code,adm2_name,Median_Pop,StdDev_Pop,population_2024,Mean_GPP,StdDev_GPP,Mean_LST,StdDev_LST,Mean_NTL,StdDev_NTL,Sum_NTL,Median_NDVI,StdDev_NDVI
Morocco,2107,147351,Meknès,1.4192296658883778,29.93014726898129,696943.6564787475,0.0099457873258929,23965.70779613567,285.32699798005655,1.133538318121282,17.236935973886812,18.000291213540706,14652.61230269607,0.3456808461083306,0.0974856459784172
Morocco,2107,147350,El Hajeb,0.7217910734271713,7.852600634532357,231904.19563569015,0.0033013910331243,11392.39718590426,284.12900662539533,1.0082998025035674,6.154149569856864,11.799053113685751,5193.37821936274,0.3819369971752167,0.0639677760392399
Morocco,2109,147352,Berkane Taourirt,0.4056401045262452,11.808985179265411,386911.5389338004,0.0022630571179811,18699.576554506515,285.96821193081377,1.4194410890930724,14.289556319160914,21.00797015154408,18377.4341384804,0.2010757884347295,0.0958360990709895
Morocco,2109,147353,Jerada,0.388586284829801,5.52403374822252,49815.66975506465,0.0003645409664417,23182.50508580482,283.1537954378667,1.278383543071366,9.812520475432786,11.446870901637778,2914.164659313727,0.1494423300027847,0.0691185928304422
Morocco,2109,147354,Oujda Angad,0.3329891446032428,23.473067285964014,525827.9674119306,0.0093404873753226,28717.731310355903,285.345723064047,1.50479813408118,28.601754495521277,25.699499861974804,20823.984056372527,0.1353412248178125,0.0375453754028483
Morocco,147326,147339,Ben Slimane,0.2565361772899439,5.5524281224828975,298624.8829720984,0.0040140490277244,13765.559584047667,285.8294962898355,1.283414417889544,11.286774306147157,16.255138916029047,11170.67544730392,0.2791011995443272,0.0629769739618816
Morocco,147328,147340,Fès,0.9598042617928376,65.47082301217111,630953.4487022348,0.0176258408074129,26209.717741683195,286.47866592885003,1.259096937819267,30.50645523744461,31.02216900447081,13287.415569852934,0.2765828371047973,0.0764038699941275
Morocco,147328,147341,Sefrou,0.4322662355867084,12.752508213453924,204365.83445340823,0.0020132842117882,12991.878115743722,284.37145958033955,1.712041059330034,7.501375661687947,12.87863873403153,5607.234181372553,0.3383976693811088,0.0676376986530841
Morocco,147328,147342,Zouagha-Moulay Yacoub,1.4219439910017302,28.84550803363932,600894.9264034801,0.0093438053458892,24134.51168359881,286.1432472546447,1.1836197324509006,24.949130627257297,28.421082540658954,19531.842730392167,0.3075381398200988,0.0807128162089725
Morocco,147330,147343,Casablanca,9.91109754511232,74.28778907268253,3890273.422116584,0.0768949563038762,25783.59159205389,286.4294727665584,1.3300351212563135,37.535733949476985,31.67500983035212,110405.69425255498,0.2402348245444458,0.0789740135328703
Morocco,147330,147344,Mohammedia,47.214518210771146,22.66776547491428,234509.88627369457,0.1766611698507375,29805.916103085143,287.4273300137903,0.9716054658882132,47.13817775376631,27.088646355254483,8447.161453474922,0.2173467741480895,0.0783946282630394
Morocco,147331,147345,Assa-Zag,0.0279336801510961,0.3059408140710832,591.4110339726957,0.0003095522271443,18036.9548000422,291.9990748430312,2.3215163524975067,15.25256451072113,20.04928129226708,1372.7308059649015,0.0951431971043348,0.0288227983089452
Morocco,147333,147347,Al Haouz,1.2845149534610545,4.259163478256452,276853.063192715,0.0013631340378496,4917.72349133808,286.7106437082421,1.0855542857230696,1.9295309186458012,3.331494405200196,3296.9402965686218,0.2354600438300301,0.0779467661641187
Morocco,147331,147346,Guelmim,0.1321625451640342,11.766680522220156,116652.5579198345,0.0025862480820581,28496.019046714344,287.37710745297125,1.285651656094974,6.946144299957129,13.517339432789818,3956.1424363136216,0.1127978581935167,0.0375776225451424
Morocco,147333,147349,Marrakech,1.3269422603849024,43.82762486327128,1348811.140203339,0.0145242163079311,21765.1286894572,287.4698408107375,0.9775954606751583,12.566750792000027,17.629702211756165,39267.20299632336,0.1768582895153741,0.0714406811279529
Morocco,147333,147348,Chichaoua,0.7417457005048554,3.2931876168656053,150707.82755852438,0.0007108600921718,11887.282936467973,286.00999876309623,0.9703786734148552,2.7260687925681446,6.704479268842132,3057.6015196078447,0.1259360235056593,0.0463183717236167
Morocco,147335,147356,Agadir-Ida ou Tanane,1.3455204598599306,24.37571268209573,700450.541164043,0.0085887379544607,27151.91934465993,288.7442810936737,0.8273505114239118,24.311994203839884,30.63165380726821,26851.78719833436,0.1620786224221023,0.0698770495108418
Morocco,147334,147355,Skhirate-Témara,0.5503463340842768,27.32933286684257,728580.8842877594,0.018195583101449,22335.682366460325,286.57724473872275,1.1953205490376415,28.680542047837157,28.63229458232552,29181.38304289212,0.318228954449296,0.0877454091433498
Morocco,147335,147358,Inezgane-Aït Melloul,3.480372573866788,33.03969426569716,427428.8293878689,0.0316463629163182,23558.287451100012,287.8641279165828,1.1352066847721587,17.21574468978081,21.500917695364212,11109.421317401966,0.1885810204549888,0.0608557796651157
Morocco,147335,147357,Chtouka-Aït Baha,0.7283733191627606,5.887861721109578,313713.1572388761,0.0028997662093498,6350.735692607598,287.2671154351232,0.9216668908146152,2.608423461259079,4.748735196091077,6820.464750053789,0.1610921736185929,0.039188575448081
Morocco,147335,147360,Zagora,1.24398197291637,6.380130604217626,56867.94349664304,0.004867240916599,31119.729723280903,289.49330695999413,1.1982442013289138,5.139045756803887,9.387631536416432,1323.2740526960783,0.1450203135609626,0.0763769904678602
Morocco,147335,147359,Ouarzazate,0.7392033617013156,4.994680782249338,76053.44120147993,0.0015224549760294,27953.43750437259,285.6970940148404,2.669325538683233,2.891358645460918,8.387415776993707,8415.032879072165,0.1513573254124802,0.0737648199398531
Morocco,147337,147361,Fahs Anjra,0.7097438519753932,59.38588444814828,541080.5718443822,0.0218013367323844,13928.58865893366,287.3925442034441,0.805227722810949,25.263620665594846,34.25376046471428,14820.135247549022,0.424797019133201,0.0961795389843961
Morocco,147337,147362,Tanger-Assilah,0.7828058039368602,32.391433241510455,654648.5871064115,0.0244492704700314,18762.62875558009,287.44273125508386,1.0652000691004628,33.987236329417264,45.4172906033091,40491.32709662992,0.4315330996399834,0.1106075441203537
Jordan,1701,65716,Ajloon,2.4367026282549924,3.092411773916333,112710.64798015953,0.0153458997536495,10438.447152351991,285.6508183889967,2.308731015945725,15.295178976081967,12.532249418892384,9426.748698976447,0.3504985330485496,0.076782709204387
Jordan,1703,65718,Wadi Araba,0.0275953528907773,0.0448706073797899,530.078769759149,0.0024845945948254,0.0,291.4644049247649,1.1101263841863378,3.8291222777358978,4.0787985137562766,337.29311608825014,0.1047903908327484,0.0201300294767623
Jordan,1702,65722,Al-Salt,4.120759401295235,4.947099118082415,99443.73631917295,0.0293827083210392,21101.299075624254,286.3068950838204,1.066212234451449,23.501957703363303,15.02391819148548,9454.054185472944,0.2860942929983139,0.0430077999302966
Jordan,1707,65740,Irbid,11.121604644609404,15.053601026477876,482886.8114489114,0.0909143412975373,28205.9455169822,287.4816216813797,0.827428510030873,34.30964309034986,26.65555686725396,30148.35430016029,0.2874687925882445,0.0439541151846061
Jordan,1704,65725,Al-Qatraneh,0.0824100983556677,0.2033059913100533,2657.111331743724,0.0095478280988304,0.6298736581540337,283.7245254908154,0.8234067254277394,11.564753085546467,13.060274273822795,2661.344472807991,0.0971659520593861,0.0165991744364322
Jordan,1704,65724,Al-Qaser,1.2157317892204809,2.155447148508789,17258.336970573848,0.0244797935768981,31316.499415427472,284.4651918492348,0.6129901575121662,13.806119457869851,9.44537914318199,2262.2003502281414,0.1716322660446167,0.0291043954134559
Jordan,1709,65744,Ma'an,0.086809326301868,1.4033116810420871,7073.144728927055,0.0012560807342654,3697.02309244922,284.6593298929472,1.6387476888981207,24.912772873932337,37.77531344623295,14615.004933631011,0.1044471800327301,0.0224957773950285
Jordan,1710,65745,Madaba,1.243538079960674,7.794027588163225,117385.3506037957,0.0071201149790416,23014.34029665494,286.67840991468887,4.559599715212402,20.363467781163557,18.648311002507768,9090.252017511411,0.2198365777730941,0.0478162575352801
Jordan,1710,65746,Theeban,0.8759742714986016,1.5996108649246223,22348.380502642576,0.0254308785529067,30799.65785321174,285.82451499984046,1.1725819901390115,11.60971792033837,9.670196414200513,2333.8264718214323,0.1840058602392673,0.0260960758220395
Jordan,1711,65728,Al-ruwaished,0.205621517225321,0.4746496915929628,4600.622024072154,0.0014104064490553,12636.326886503106,285.82682622842583,0.891509618657189,11.116315354915605,10.029504693008253,6059.176549512882,0.112268947503146,0.0367349808017133
Jordan,1711,65729,Bal'ama,0.8429468645696503,1.5742732654975389,56915.32805445545,0.0654161499168302,30485.941879154256,285.0432435695511,0.85772388972777,11.58461720254023,9.918824875445026,10035.276868911087,0.2353455363424792,0.0316417137760703
Jordan,1706,65735,Tafiela,0.4333834633254984,2.3099871358335697,36715.19689981265,0.0145567048829174,15446.441097720824,285.76337635149645,4.327762818028885,23.95648919815814,20.11353414578338,6475.861791836229,0.1488865180449052,0.0314355883228045
Jordan,1711,65731,Sabha,0.5296317935275174,1.6151593536580922,28615.49482261981,0.033934799471163,16055.632005980351,284.1292030495187,0.6876445689973896,12.69444610421475,11.736687492868835,5212.688045381673,0.1461474125583966,0.0449560657219343
Jordan,1712,65736,Al-Hashimiya,0.0516626428733499,0.3642975560161481,5365.926098068668,0.0046443695858925,15458.90085788875,286.2566491589463,1.038222598391645,15.361890528264704,19.458639797172644,4565.915321247995,0.0993128616681131,0.0327357246090963
Jordan,1712,65738,Zarqa,2.9963836352222604,14.88462141945721,567806.6165497388,0.1463266375862977,15695.755922783668,286.11595754964844,1.2145140157483103,27.58450912372217,23.267807645764893,41163.98435442102,0.1395145658230651,0.0529042372274106
Jordan,1711,65730,Mafraq,1.1866070231776842,3.63912389180389,182104.6301883745,0.1211597735591966,14554.3854038413,284.7711719316933,0.7298554752040698,20.095297555722127,16.707922969731438,30264.148559625133,0.1551299342295018,0.0398846659134367
Jordan,1711,65732,Sama Al-Serhan,1.061135515061732,2.18945368259485,43533.987979626094,0.0935474494243911,19504.8404004471,284.8042750985382,0.6119696805232294,18.564329246486697,15.545391388281654,7874.042049574542,0.2213547323050538,0.0298008115771766
Jordan,1707,65739,Al-Wasatiya,5.122972283606514,4.155595759962885,30270.616822707903,0.0255254306570808,15373.572246429818,288.88417291371536,0.8403223129425925,24.698660159289687,13.622231907170374,2963.161216679017,0.3161000162363052,0.0204297646593148
Jordan,1701,65715,Kufranjeh,3.2543196467117355,3.95033106641245,32169.02584898032,0.0075524274829434,1168.4152515726523,289.09040724589227,2.859165948746802,15.354177557462874,9.69700377737218,1868.994789739795,0.3152534663677215,0.0592773924485185
Jordan,1702,65720,Al-Ardha,1.4601802542178506,2.185537520384746,9507.0924681755,0.0026075927606,738.5419509637441,289.2338254998156,0.9316557952890648,14.61557771946491,7.230914144800049,909.5474620791712,0.2731078267097473,0.0333515390962868
Jordan,1702,65721,Zay,9.066168537518696,4.126460306276689,30559.09091336045,0.0307028153169738,15350.179103669969,285.9951746408159,1.1390860845436646,30.99327174693661,11.841084422969978,3773.278907386851,0.2739000694587704,0.0379890512722851
Jordan,1702,65719,Mahes & Fhais,0.9683093013761812,1.4676583692586669,11815.425294163597,0.0088025062199411,594.3625134244684,288.5265367808545,0.722743760873676,10.91944582210242,6.167620678732189,1835.9656455789852,0.322937861084938,0.0214226583821177
Jordan,1702,65723,Ira & Yarqa,2.185646670887124,2.372875601698266,18367.41330365208,0.0156811868026301,668.2952862501073,286.57221482689783,0.9275279256997886,12.520643108944093,6.862378245385405,2158.4606708595384,0.3425598442554474,0.0332735048123686
Jordan,1712,65737,Al-Dhilail,0.5592398312207849,1.1567940024600607,14214.619786742314,0.0291109849108409,21970.860308471496,286.1132839526848,0.7283571301471254,13.302156791787286,6.4457264928266085,4338.068073745219,0.2542845805486043,0.0336023544780787
Jordan,1704,65726,Faqooa',1.3666319182351137,2.060296819359812,10264.199658327592,0.011036129126795,26865.164245362877,285.45086000968735,1.8791031170514425,16.57688582327651,9.036142494418716,1265.5639733629305,0.1822327524423599,0.0213296501893477
Jordan,1704,36739,Ayy,1.8730974933300568,3.111992621953265,8604.809224634078,0.0376982704028849,28517.158377708703,286.4178730597947,1.0090393717867658,14.9098454361678,7.929295330747073,605.5736046368232,0.1648556292057037,0.0268433132398784
Jordan,1704,65727,Karak,1.8744648886175876,3.0860184515442333,67929.91923684691,0.0386272095973424,31364.33791546699,284.69554605900447,1.1368708521225703,25.2697616363017,16.806035902723124,11063.99351831299,0.1711036039743196,0.0304487527488485
Jordan,1706,65733,Al-Hasa,0.1424299572602047,0.4167239206556044,3417.3134009092028,0.0073295184346007,10718.402495527058,284.2945774098437,0.8323328357973963,14.44819038798426,14.869733832746908,1489.013503514613,0.1018800809979438,0.0082925064700876
Jordan,1706,65734,Bsaira,1.716376873111415,2.295957342346295,14985.585887358848,0.0294111946308035,23909.09150928276,282.80927390342976,1.4875336040650255,20.334024658081265,12.017299591218926,2562.087106918239,0.1615237593650818,0.0201547389890326
Jordan,1703,65717,Aqaba,1.8141079678377288,3.671167924794703,80170.71467542094,0.013906053747188,13389.981240869072,294.5114265580365,1.5990205204900276,40.74456010658796,46.7791538005138,18080.83794941721,0.0751803399672687,0.0367302160784425
Jordan,1709,65743,Ail,0.2616308459254957,0.3243089875749969,3051.1454836882385,0.0111261715043406,0.0,281.4506425079317,1.0346781283401347,12.588811537240463,9.467162457349568,1393.9516963353797,0.1075234785676002,0.0096119286800213
Jordan,1709,65741,Al-Mraigha,0.5248128436170937,0.5612485317596048,4371.299756807555,0.0326613692130127,0.0,281.74580129582733,0.4184448732194877,14.489629266634644,9.79137813819365,1488.795201627821,0.118813931941986,0.0109552735451403
Jordan,1709,65742,Al-Jafer,0.3114852399353928,0.5737910078905837,4021.909012726428,0.0127870060253344,0.8624393326201467,283.8599913955392,0.6959041247000298,11.555897501001104,11.56483139112846,1266.2091453940072,0.1022865250706672,0.0168416146165112
Morocco,2107,21792,Errachidia,0.9420189072677184,7.105093967000423,66098.01108260512,0.0018150853054341,30950.728951503675,286.1257898698844,2.433403855925319,5.096117245882734,10.57160971823458,10103.382188725487,0.1542186759552865,0.0805087563896665
Morocco,2107,21793,Ifrane,0.7397908636432245,10.266602558563354,89720.58106290545,0.0011550201944432,18197.34558146364,281.5671885364724,1.9937342626041343,13.5937721388259,19.78327652339569,4255.277150735294,0.349249712058476,0.092123583691679
Morocco,2107,21794,Khénifra,0.3289112004489529,14.292764899859929,236106.9224301319,0.0006187868254229,20753.629081330044,282.94253523850966,3.100580173999632,11.672886276786226,16.717778439796163,7235.221122549021,0.1870713134606679,0.0768349067052124
Morocco,2109,21818,Figuig,0.2115132244015513,9.338496769552243,13415.491952186432,0.000373187176945,29632.60457127216,285.6309118243586,2.2146532374516603,13.26703337257444,21.035318460435427,3933.337215686276,0.1259698293038777,0.0539092515144986
Morocco,2109,21819,Nador,0.4531360505251278,8.396258588010143,575204.0993416104,0.0046930418107069,17687.85243234765,286.5754587681881,1.4460204183158467,10.27725009876433,16.68653646631586,35100.19453437156,0.1698455422927312,0.0538521359021226
Morocco,147326,21805,Khouribga,0.262100236840156,10.107183805485072,451637.88332376815,0.0026877762747693,15852.469275131967,285.00330972662454,1.4147263498017226,11.14325469545102,20.76263484259608,17879.286610294133,0.1886317721184562,0.032202118510661
Morocco,147326,21806,Settat,0.4502884563358814,6.702763844748899,888518.2889681961,0.0039880983066192,9695.363788263045,284.7693417315483,1.2414208837171563,5.369854230729909,12.735154995988957,30481.04044852942,0.2441332826585748,0.0563292908793889
Morocco,147327,21804,El Jadida,0.4020551631848431,6.82227761684495,976560.3735198732,0.0063707785689761,12987.075776641692,285.54465586295805,1.1230916183428687,6.622224766533841,16.829251105220468,28517.79291754801,0.2989072917997515,0.0738947256573466
Morocco,147327,21832,Safi,0.4595655661292213,7.73113727244755,685427.8373122725,0.0040166521254176,13999.46621423663,286.0160667521286,0.9268846395922944,4.932737567691919,13.375841898246938,17781.80320098033,0.2167425186728402,0.0559878349823073
Morocco,147328,21788,Boulemane,0.6250986877750992,5.115745247265483,52230.48582909861,0.0003277476005364,17489.41262932403,282.55172553633963,2.794293429771061,6.332205654414809,11.568181137498796,3300.3207549019608,0.1847411170601844,0.0947674776608032
Morocco,147329,21809,Kénitra,0.8047886657155546,15.032918306365936,1065797.019347996,0.0093406108690381,14668.118576231403,285.6746195952505,1.0378950815459522,8.565027620937096,16.59628327366018,26127.230491717062,0.4201167248287745,0.0983296953570418
Morocco,147329,21814,Sidi Kacem,1.355788159575506,9.058983978539471,380559.423845466,0.0050087616638397,8563.674338561363,286.15606683333016,0.8852573633194487,3.750414945536229,9.876499978643787,7445.05901470589,0.4046195560218844,0.0723614003305911
Morocco,147331,21825,Tan-Tan,0.1759991205200534,11.11205586161429,12981.736152574598,0.0008079817941666,1.057914623024644,287.5095091248086,0.5843280109041917,13.935168479751676,10.797061803113625,1896.002629039155,0.0854948113361994,0.0247197179230878
Morocco,147331,21827,Tata,0.0154578260603911,1.8786473323595076,11840.631446333076,0.0010052660661165,30830.688069169337,290.84821565831925,2.614846798157867,2.180895911270712,5.345962760244318,1371.176298347316,0.1121825252970059,0.0569416250539773
Morocco,147332,21823,Laâyoune,0.0318820344562469,2.8269178212102632,5859.434861268221,0.0002323539048981,0.2664698632600717,287.95536063962555,0.7602073115818564,18.37277039141469,11.826380564791412,388.71018141836174,0.0689161717891693,0.0552071634615725
Morocco,147333,21829,El Kelaâ des Sraghna,0.3652932238422555,5.558332197320754,528333.5191166461,0.002751537112534,13870.059336078584,286.742079122404,0.964921193040724,3.5483418885551576,13.543671298763265,15923.093776960788,0.1553216335719875,0.0765439783414573
Morocco,147333,21830,Essaouira,0.7503607934669052,3.2236807191847063,166859.83129615453,0.0008769414495909,14178.604233175876,287.37071214430364,0.9861868841630572,4.671975794129584,13.738197136205754,3727.925218662467,0.19325177837843,0.0479054946107828
Morocco,147334,21810,Khémisset,0.3722722909714364,12.481720278032093,336249.0959700522,0.0009041130490722,19726.29019113588,285.64505998484617,1.1380691704599857,14.74643401233921,20.454431240833696,8011.766513480386,0.2737092822790146,0.0659771795399474
Morocco,147334,21812,Rabat,26.99545942993285,48.450539455128016,566118.3277012825,0.1717399069766371,24376.643628842696,287.74973074035256,1.1931868949444522,95.36664806730408,63.26790056780179,40338.59618504898,0.3297154302737213,0.1085196344360067
Morocco,147334,21813,Salé,0.5609141942142748,47.80349084208437,761510.0033854668,0.0141622363637723,25102.572031178,286.89948357506705,1.5472085954626582,35.45750634204578,27.15999208192598,15635.230757352929,0.3266835510730743,0.1116881930832917
Morocco,147335,21826,Taroudannt,0.740968122076821,4.468483157079318,252219.18060881257,0.0010535594627324,8344.336757432318,287.0975841638342,1.5253355115220733,2.009691524437341,5.71228636089894,8719.090025059186,0.1670293923543424,0.0723684113552147
Morocco,147335,21828,Tiznit,0.1978388210650336,2.8642685873354714,171822.49994588358,0.0019383780564381,16734.393216637825,287.0348680299523,1.5979226695325708,2.1504840761703847,6.863646222416822,5112.721074834329,0.1298320405697366,0.027935648596289
Morocco,147336,21799,Azilal,1.430477676100601,5.779428867685725,254755.62081213784,0.0006255085618665,7980.184701923535,286.39887981715344,1.825403259563384,5.240030559779322,10.173272439933182,5398.937055147063,0.2394184013245552,0.0746810928992708
Morocco,147336,21802,Béni Mellal,0.4582565602807193,9.179595159945707,822931.5575662216,0.004249086438714,13772.34008387226,287.0285970973909,1.254403240797067,7.009288913972765,14.369765568077575,23496.20844852944,0.2686276682323847,0.0834428767726296
Morocco,147337,21808,Chefchaouen,1.243246087428251,5.448132636085111,192402.9430895671,0.0023420789291439,6967.127148476579,285.73628778669064,1.3894744726618145,2.94315356871559,8.617521470367473,3676.9106078431378,0.4472370493412018,0.082802357216673
Morocco,147337,21811,Larache,0.4775311451853838,13.787059292176322,319601.7271278546,0.007042646503652,12510.39788634901,285.7647099627245,0.9962433469184432,5.4758094091088525,14.419623850050288,7125.896258578426,0.4477446862088908,0.0825236477021343
Morocco,147337,21817,Tétouan,0.7924805544444625,18.500954322028697,630828.6356409659,0.0110793921032528,19499.642145847145,287.42597311457286,1.2583510753968348,19.891158665866595,37.05551203601699,27453.153154278752,0.4242741857704363,0.1086325298884534
Morocco,147338,21787,Al Hoceïma,1.21735488871605,10.874907162015788,253130.9379014925,0.0020739493659849,17121.683218081056,286.9528903077605,1.9434222667430188,18.536341223018876,24.82044136741968,15764.467640602576,0.2021433422540096,0.0914239592422016
Morocco,147338,21790,Taounate,0.5502089338292976,3.3510458534223506,226490.555357216,0.0025456438940863,3934.525663353243,286.6906849597464,0.9039672407231896,2.35176683244429,5.937308291345679,3935.0684901960776,0.388216091050393,0.0705977035361716
Morocco,147338,21791,Taza,0.4005942922359157,9.448289393269278,250989.41851483824,0.0009542235717876,17562.881072671124,285.80080725830925,1.5489215427269911,8.626283025065128,14.858839596056848,10698.485350490184,0.2335694410971232,0.0967273028669989
Jordan,1705,36719,Al-Muwaqar,0.4350718527681265,1.8441836426835316,35757.29429789323,0.0414808498680153,18305.472397287216,283.43660955399974,0.7498893245044645,20.712128791837014,14.643701866764513,11122.49438525095,0.1655426259551729,0.041115850951385
Jordan,1705,36715,Al-Jeeza,0.1808284372669588,0.872949628853583,43641.18112183197,0.0108370567492653,26845.480846275703,283.2788034213535,0.912475831052908,14.544775027071855,15.923548858052005,17372.84967566902,0.1629657702786582,0.0552909646337827
Jordan,1705,36717,Amman,111.52309510260709,20.845611460393823,713384.8924852541,0.300842568173898,13071.557236537685,287.4771901391472,0.6656409109665422,87.2239057499512,23.923355273297634,23152.30307682823,0.15583336353302,0.0308861189024038
Jordan,1705,36714,Jami'ah,23.998225769560207,12.327051728620903,359790.44342575537,0.1650660699035403,30923.053829882483,285.7296540058404,0.7378010497902135,53.4659450675413,25.80780325099336,30183.5178591688,0.1888733476400375,0.0433161923452953
Jordan,1705,36718,Marka,31.66153073659297,34.800174823804824,616681.0101423681,0.186211401236483,24590.698240113248,285.9811765311079,1.3486129187238218,40.70937730870818,26.880836230905054,19200.777363423334,0.1517204124328298,0.0279127627822232
Jordan,1705,36720,Na'oor,3.0905679561336385,4.270224091529139,79636.55602823908,0.0186595140783535,17346.72526996173,285.5433638437537,2.1870365570445918,22.148762743860896,12.410017679505836,9818.416237513864,0.2627560389273375,0.0364603986395152
Jordan,1705,36716,Qwaismeh,21.39527919416777,11.433280586851168,331967.6589208739,0.1363949716380177,31037.89875346781,285.37388783223724,0.8983637330431858,45.75713525704703,20.89709167835123,26852.619685534573,0.1908147668974877,0.0427135350301049
Jordan,1705,36721,Sahab,1.010511520949141,7.1724272545439245,65249.08055338955,0.0247906451811634,22940.07030153905,284.442600566959,1.080545806862501,34.472886107900315,25.11666952641267,8943.888909853242,0.1749080717563629,0.0448914931401454
Jordan,1705,36722,Wadisseer,8.745405432976426,14.121099279369414,223809.93327113293,0.0718588169738849,28302.610539488796,286.7071003769432,0.945122338672562,36.73012336009631,32.69117364323011,16041.557288198304,0.2668190436250359,0.061078146949913
Jordan,1703,36724,Al-Qwaira,0.2491239894591009,0.48066398163207,6871.632271043447,0.0049433834230045,0.4231201661091965,287.61032387464206,1.2143186129886523,12.16377702684937,12.627294262782648,2363.636531205542,0.0990078846613566,0.023668893086158
Jordan,1702,36728,Al-Ruseifa,1.5445168859074636,35.1808292318795,370317.43741387816,0.0680518120226557,30125.712217515986,292.807809383528,3.230757762305526,25.55023039323732,22.29116669448515,14898.589834751512,0.2044511586427688,0.0956024035749586
Jordan,1702,36726,Al-Shoona Al-Janoobiya,1.8102887610104583,2.558725070866692,58427.39140616208,0.0226906823770831,18484.655417701026,293.77752210783444,0.6001858433973541,10.651469139062316,8.572413552319428,4748.759105931677,0.2919908948242664,0.0675446592215853
Jordan,1702,36725,Dair Ala,10.626510747253654,10.631128617228498,170811.40421193704,0.077885283419127,27180.39713153089,286.5885989273075,1.2274991707512768,28.86757103203469,19.01036268208857,11039.864811937345,0.2504987385537889,0.0471205328681763
Jordan,1707,36730,Al-Aghwar Al-Shimaliya,2.441124561999768,5.003244957441375,134585.34086978532,0.0379241561973929,24449.291495534464,286.0112478291242,0.9957697961548688,30.622089929460977,30.0925874376215,19992.98238500431,0.2608387772858461,0.0444140229648971
Jordan,1707,36735,Al-Koora,4.313080956591424,4.66382507921058,56653.35421374965,0.0170254381179217,1003.1036958105072,285.53617564256643,0.9360002978857233,16.82721333303863,9.901495196445872,4224.950328030583,0.3121102321233548,0.0524295422483557
Jordan,1707,36736,Al-Mazar Al-Shimali,4.4289505479809055,4.289556132469406,35803.76496161935,0.0228218451842013,14965.443767237904,288.7455874599967,0.7277308837776144,20.588163758115662,15.489214213009236,3279.977069307642,0.3305041417479515,0.0253277900270334
Jordan,1707,36731,Al-Ramtha,3.055593898251,3.4663648361142823,89905.58145165368,0.0186031197592513,12113.447534103949,287.8318057244548,1.191639759399879,16.21963830122703,9.238767937654185,9326.0375975067,0.330447039433888,0.0298791391404672
Jordan,1707,36729,Al-Teeba,3.065302959052947,4.338181574437782,107591.40954555696,0.0136288373610934,4960.729077038899,291.95495767036675,0.9702892832718016,13.86014235874308,12.021056693330838,6411.701855154552,0.3544467719754611,0.1011887519028715
Jordan,1707,36734,Beni Kinana,4.059367258084331,5.308259809470185,112098.88604039625,0.0180471616029261,12457.57981750098,288.33097723961487,0.7814982268152304,19.689222632814275,13.451134133217169,7860.014887657236,0.333456253836862,0.0354915631085139
Jordan,1707,36732,Beni Obaid,3.3658567382551485,5.36766840035152,121240.84433637524,0.0402995214667108,22301.00250245975,285.72276786995565,0.9973759106766474,24.903648074942105,20.5173351442424,12586.889705265745,0.2666517570614815,0.0396543885278142
Jordan,1708,36737,Jarash,2.684695260563948,4.658164981971866,197188.8758071485,0.0165908933245139,11183.960379078952,286.45641254978415,1.503526246733799,18.69591879512539,13.374138529989605,17203.98447527439,0.2881744968634779,0.0527715329384167
Jordan,1704,36738,Al-Aghwar Al-Janoobiya,0.4980232275796303,1.5297809262656492,21312.27496419161,0.0152966539044689,19857.91465713572,296.6164184328788,1.4328484401462087,16.161827296151984,25.889246157434915,3824.458755703541,0.1114038586616516,0.0879622326151997
Jordan,1704,36741,Al-Mazar Al-Janoobi,1.4402754232490935,4.380661079593449,57575.09830489533,0.0268526987660481,31420.188850808787,283.87539718411983,0.977402503908176,26.2725427756118,22.60232624650452,9194.35967566901,0.1664552559946805,0.0228765629547931
Jordan,1709,36745,Al-Shobak,0.3986659549562343,0.4536043052706442,7124.58678658061,0.0238138151004367,11935.064109976329,281.6936704316521,0.9923288425287734,15.993589180207737,12.126253383648212,2501.7736675299066,0.157722395658493,0.023618780617771
Jordan,1709,36746,Wadi Moosa,1.181185223916362,2.9411046557359697,22103.26471813683,0.0370947789606378,7523.54946154361,283.5388882635174,1.94117166501427,33.02338461015319,27.42837014367345,4455.178342582314,0.1223577409982681,0.0191633348043456
Egypt,61510,61537,A L Labban,338.65420641214257,76.44862662045439,42655.95123578241,0.2820060599205539,23623.20745389419,293.2455413815582,0.2236018005127176,74.3534034392126,14.5832708193641,365.6437957363632,0.127058133482933,0.0254978394443728
Egypt,61510,61538,Al Amreia,0.5523989173923771,12.984595993346892,571564.8701203011,0.0924009394594736,25457.284998753643,289.5463971149496,2.0773865510551803,19.828606128779928,43.04575148626051,67613.36964042738,0.4040318230787913,0.1564685130980158
Egypt,61510,61539,Al Attarin,220.99551277160643,68.7573212535384,49696.7489262375,0.2692777064669267,20623.192264622703,293.5599064281428,0.4854607857358439,107.646915104136,23.581879948288524,939.6942471443404,0.1264462769031524,0.0414032949066106
Egypt,61510,61540,Al Dikhila,90.48763229266032,42.9747885460561,383236.88006819226,0.2335322550837455,21652.02391316212,293.4532127734138,0.753942778782459,77.53569469125213,59.82106416534164,14701.37583655702,0.1238461375236511,0.106238668422081
Egypt,61510,61541,Al Gumruk,364.3160817449969,251.5095213198786,76795.22543904916,0.247029142495452,18431.452396069373,294.0703967364223,0.5874631947249936,63.1550711853793,19.44181051738435,531.4932657404861,0.096444196999073,0.0231609068447552
Egypt,61510,61542,Al Manshiyya,388.3660545349121,122.5085873409436,26707.115432260554,0.2348039383035504,19968.69556747928,293.8874172816505,0.6748029073420149,75.14665900106517,10.245051226400276,205.9902534970375,0.0985822975635528,0.0281558833228387
Egypt,61510,61544,Bab Sharqi,271.53173451522827,70.74089827326199,200076.9440670313,0.233006650418254,26249.178181401418,293.315152437154,0.6191468531349349,67.92328932749494,27.419712087412297,1980.6963899578525,0.159991979598999,0.0513968734027267
Egypt,61510,61545,Burg al-Arab,0.4314639006046021,2.255402292795756,61530.62808252386,0.1442125229752086,26874.343754858477,290.2465207824228,1.9811246778473912,15.14511829753878,13.848808181116455,21014.95040131938,0.2362069226801395,0.1317217109269966
Egypt,61510,61546,Burg Al-Arab City,0.867725132086796,5.098688842309006,47717.00995908638,0.2262395704313417,18720.177386325508,290.1326505063508,0.8778071567128434,25.31611445694292,19.552159148171665,11848.93435465152,0.1378573833819855,0.0795410577744111
Egypt,61510,61548,Kesm than Al Raml,134.09173816708142,141.41230494317762,445802.0855055952,0.1725676384288052,28368.37129539581,292.19747325244674,0.962668929952418,43.23750393979967,19.54681784079257,4736.11749037837,0.2471658158792208,0.1117758089014755
Egypt,61510,61547,Karmuz,376.4346884451564,93.9164145424688,133738.1868995667,0.307366963960366,0.7692307105431168,292.9076999452332,0.2551007802846139,78.02400689981498,15.644995355708575,1142.210265713762,0.154379516839981,0.0239426559936817
Egypt,61510,61549,Mina Al-Basal,283.56836948640944,123.40457818596178,284808.25451840047,0.2822114997694526,19393.043939513973,293.12858231247617,0.3264453411742529,75.53048908014824,31.29278593320081,3370.733198949361,0.1289073377847671,0.0325218824738172
Egypt,61510,61550,Muharam Bik,266.65290049724933,165.32800986724823,336434.7859158442,0.2163186175548922,27654.60305614721,292.57889751196205,0.5299768404405607,51.49780599860091,27.782029356076503,2740.2891356667283,0.2038143724203109,0.0537124028425551
Egypt,61510,61551,Muntazah,90.06350695595235,148.97820986278765,1323932.9161440493,0.1540292292585824,26090.924433804183,291.5504328083395,1.5705099237532814,43.43972090651625,47.805147187055496,15277.153611358346,0.3191112875938415,0.2025883665348986
Egypt,61510,61553,Port Alexandria Police Department,0.0,168.34318403060098,12731.838377589806,0.2329521436444031,25103.67279899119,293.7381619780959,0.5030882940747397,118.101691673504,65.68191741959951,1385.2633717468643,0.0908525437116622,0.0408042146145527
Egypt,61510,61554,Sidi Gabir,210.05370917133035,69.12777872085145,257436.6055726408,0.2898548735759253,17510.278923398546,293.1296268419052,0.3847869450604791,74.78131748815436,25.955460051443023,3703.874666177998,0.1543625766314522,0.0340496260034296
Egypt,61510,61555,Zemam Out,0.0,0.0227127232756776,21.80132455672776,0.0142512141941246,28421.27790541595,288.01477706776444,0.990230557922135,1.9454902979605868,2.235916039687171,561.2548775273352,0.3152725994586944,0.1369924978175063
Egypt,61511,61556,Abnub,19.506294105769637,20.78363958617288,370729.7683690888,0.037551959183698,13224.054933715104,290.04764994525993,1.03276116121921,10.381609964580136,6.746693366639591,5927.736440991497,0.5302517861320822,0.0658576088699445
Egypt,61511,61557,Abu Tig,14.999272216406426,22.016664930551133,323503.1158741953,0.0488192654941431,18655.121381003704,289.86793303300897,1.504185415108766,10.702177321845436,8.099273964037453,6108.215244789742,0.5296635599551587,0.1003375837685766
Egypt,61511,61558,Al- Badari,30.512959743093223,17.795285216871005,259941.29054806527,0.0433519748090166,18885.69814810225,290.13181005631424,1.06687401426561,8.85429807266039,4.977984085555789,2815.736232581083,0.5400386329575421,0.074181197559824
Egypt,61511,61559,Al-Ghanayem,21.46942879498314,12.853541423288714,126239.15231022178,0.0387753860372009,15253.112563437646,289.6836326385097,1.3206685067915107,10.61432849952294,6.939315528935147,2043.6120471081504,0.5301262408494949,0.1073039220381677
Egypt,61511,61560,Al-Qusia,14.48301080787721,17.522404791459348,438564.3688463124,0.0386734663400807,18509.86951079743,290.1607052447847,1.276372114173307,11.058203610308212,8.378425521315888,7502.145522259217,0.4873678353097703,0.1072714128649457
Egypt,61511,61561,Alfath,26.509823932826517,23.935332699501835,296305.6546193684,0.0483934850017967,18212.910029574363,289.9620012695154,1.3729632590168297,12.30809628324268,8.464653011278784,4505.342444197802,0.5210278643811489,0.0882943487834114
Egypt,61511,61562,Assuit,15.943058401458632,21.576302531469864,492683.7106967772,0.043626792148215,20318.51328790084,290.19480611157394,1.4893296265352922,12.943943317947287,12.436376322178306,10106.123337032934,0.509459348927278,0.126509123893897
Egypt,61511,61563,Assuit City,2.045636010507586,1.0287642609573748,2125.272053740452,0.2359088888542962,0.0,291.94910554914765,1.58176388200653,32.180919024537715,37.42698543620156,1281.1791762239486,0.1377807706594467,0.1276119248859358
Egypt,61511,61564,Dayrut,16.010671123157454,22.074824668379065,564790.1805154869,0.0442433200213756,19983.939660874163,290.00553436639854,1.1518293620287594,12.604627733012636,10.522521065480518,9714.11472931311,0.5009196681224835,0.1020354731374588
Egypt,61511,61566,Kesm Than Assuit,151.80615785581173,89.09519146737455,202495.811542986,0.2358742941154056,26629.034684558228,292.96338272410304,1.962219036526936,57.02933369754842,28.58920344357479,3730.613001603158,0.2250530289789653,0.1522158153850185
Egypt,61511,61565,Kesm Awal Assuit,161.141016511751,115.89258669100904,268770.9763339062,0.1623935777364594,29942.670109725404,291.4617493623926,2.0979538180151405,34.822248742080326,27.749299277903667,2219.4745443334573,0.4018244743347168,0.1519763427654671
Egypt,61511,61568,Sahil Silim,22.83428044060208,19.78463094183076,162445.2180417842,0.0454563380508524,18686.00022747713,290.0023680324202,1.191086672991451,10.85370322497287,6.32112310983715,2643.6641608089803,0.5463407471411247,0.0902269980862505
Egypt,61511,61567,Manfalut,18.006940448850077,21.58685460908581,507668.63020140014,0.038279184134318,18316.97827504472,289.9905364649467,1.3881549406362503,10.658681533116138,9.09646364358575,7652.724347021835,0.485369813822583,0.1004581893461381
Egypt,61511,61569,Sidfa,16.26404912222955,17.094893656213614,185905.2362661439,0.0446042256009996,17322.043714373784,289.1760198797518,1.1890140895217305,10.498094441681303,7.112669514986684,3445.26875077075,0.524388089844081,0.0669567540318869
Egypt,61511,61570,Zemam Out,3.034432996858348e-05,2.7230657010577,13341.857007668475,0.0092366375207494,27016.899906999224,291.03647969974617,1.100619969643572,11.404116195328225,24.71291939485513,30495.09864857492,0.1856247697962533,0.149080262284486
Egypt,61512,61572,Adfu,7.49735423411677,9.842061077972923,294458.0679514297,0.0729378348616479,30497.503859016328,291.24821368916696,1.2915204996026672,14.510325657499957,12.160412794425426,11503.38785860086,0.4239761254335119,0.15324915479565
Egypt,61512,61573,Aswan,5.725401573466616,30.98820304125353,259637.5537271613,0.1159059512029998,29789.52143180601,294.1673885497144,1.0064148880527888,40.37110666061152,34.26831799442378,22492.72249644337,0.1421454476353563,0.0955766091321509
Egypt,61512,61575,Daraw,4.501852789187446,8.711464928403707,71415.37342669521,0.0648579795034353,30300.12591818918,291.77861487561347,1.0565277543745473,12.65376234286686,13.38657253311093,3193.511879755057,0.4095825087441616,0.148938528462822
Egypt,61512,61576,Kum Umbu,6.7353361760964825,11.74130284477302,262263.99734509084,0.0484064048680694,25804.880388316877,290.5219070825411,1.498140651392629,16.60692847136323,18.03999300085941,10575.422300983484,0.4833484722508324,0.1094103279455303
Egypt,61512,61577,Nasr,3.486178862857115,5.047301872653536,92704.29748850116,0.0572297275167862,29532.53268248966,290.9200312015858,1.5805987807324071,15.107827606576905,13.311297597356369,6503.890161439969,0.3884600586820356,0.1383572967638923
Egypt,61512,61578,Tushaka,0.0,0.0,0.0,0.0013202530181247,0.0,291.7078292558461,0.209408846858746,0.8859305993690854,0.3505487684942513,4.429652996845427,0.0938116833567619,0.0066279473195951
Egypt,61513,61580,Abu-l-Matamir,1.220269088218445,4.415195604750066,475469.6732628237,0.0676615846724175,19365.394004124013,288.05518657262724,0.8904157215446131,5.524474375969463,6.596595691419715,31965.648640418323,0.4863917255202514,0.0930585373023333
Egypt,61513,61581,Abu Hummus,5.837344981229256,8.833222093020312,494411.7465438778,0.0558236439553664,6059.020713060948,288.56360479992554,1.0598690041993188,5.856912844702857,4.921928073104128,12313.481691560628,0.5996044760183854,0.0797319952469876
Egypt,61513,61582,Al-Dilingat,4.246809232792474,6.242368462970719,366723.66311044106,0.0461600822853617,4443.176279058905,288.24441499154096,0.6824867560792877,5.811296321251652,4.384901979000135,13183.871464748916,0.5321603711814341,0.050320118238109
Egypt,61513,61583,Al-Mahmudiyya,9.000102961057085,18.232664611587065,264086.08303835103,0.0696568578933522,9418.553510465075,288.6040151424163,1.2523564198879662,5.79602472840158,5.318956605037088,4303.21878296146,0.6230349741240805,0.0802614092688741
Egypt,61513,61584,Al-Rahmaniyya,6.840311888058746,12.572910732279205,156256.9728043752,0.0612466477648698,15978.025232273736,288.7543579868158,1.5261979031626716,7.351404583258031,4.636500937211814,3315.8870735755127,0.5915035653280755,0.092794756453084
Egypt,61513,61585,Badr,0.8732790985112391,3.467928756877113,190344.708915018,0.0644341492199918,20768.591758959683,287.9725695165485,0.8704181341790705,4.097396111182045,4.422603904243204,11618.94598192882,0.4590943989865556,0.0739816294298058
Egypt,61513,61587,Hush Isa,4.365093482482358,8.989664138229065,240388.61047119333,0.0565363187815207,6502.217730527929,288.4472980463539,0.5616815395245194,5.532722991569023,5.57475446160662,6652.914973262027,0.5576921887531059,0.0590962624170845
Egypt,61513,61586,Damanhur,6.912813770792051,36.37168147072328,827382.1509685342,0.0567840942120562,9760.73319386656,288.69166417044573,0.8786629348573542,10.719390021873023,12.213807278085868,17187.133666482277,0.568734541354373,0.0870884679607561
Egypt,61513,61589,Itay Al-Barud,9.101101916303367,11.915675658493122,457192.3792857921,0.0493542120132245,8593.440642689822,288.3848776978539,0.8871144485358979,8.133512536183131,6.183122246184036,10142.61771713074,0.5558595143326925,0.0658742594506956
Egypt,61513,61588,Idku,3.5260257689211745,17.979480504463567,176532.1595789966,0.0616157464940058,15542.587554393756,290.22823514042545,1.848559835496254,16.804097213137872,43.59610744335287,9527.132338803856,0.5950727759867676,0.172754579505126
Egypt,61513,61590,Kafr Al-Dawwar,4.934190467555647,29.89431973096027,948380.2735175964,0.063285231469707,11387.191252425577,288.9038397045751,1.255454833907068,9.093727725889192,11.459647653186847,20771.89287147609,0.568430904794103,0.10406138274556
Egypt,61513,61591,Kum Hamada,9.500669014449574,10.07586176824124,477104.6694238236,0.0528317648566999,13042.943918596227,288.89217144584705,0.9439782377522372,8.311218026754327,6.843578948591513,11186.899464011309,0.5206960671335601,0.0691348364061816
Egypt,61513,61592,Nubariyya West,0.202724949615879,0.6236450870238703,42379.54415988619,0.0314115129078112,24909.123545628376,288.37218335826753,0.7753859814122598,1.9207130938400048,2.7562782866943576,2084.380446059808,0.2840282506966181,0.1085092709391504
Egypt,61513,61593,Rashid,7.483780841936279,15.107903700308963,234593.72687268865,0.0850213997465927,16085.802748919834,289.6839980808256,1.8982189508421192,10.839176964601265,22.11252131426428,7527.872161780076,0.63488013524922,0.1609351842342864
Egypt,61513,61594,Shubra Khît,9.471329847574411,11.697766127511752,272237.2670156873,0.0433286896870835,9496.065758209814,288.4683587113389,1.0737734056562758,6.732196563846228,4.981082670796955,4336.696221033867,0.5799576673445549,0.0746292870405101
Egypt,61513,61595,Wadi Al-NatrUn,15.78649645537778,64.67894929403346,79694.86991179954,0.2422200755225301,10164.959031750288,289.4956946350606,0.8998908804535027,8.958766787486718,11.704001745484726,522.1028754072162,0.2037956794763259,0.0508656459227839
Egypt,61513,61596,Zemam Out,0.0005894515803672,2.635892876865389,8844.240655136908,0.0422573109711418,22488.86022848972,288.71700082972785,1.0327767199646287,4.878352590333433,14.95696903287484,12825.839406998632,0.2636834656991512,0.1012502691213135
Egypt,61514,61598,Al Fashn,8.993287489821437,16.17068774882462,417380.6419748031,0.0343941158537197,15326.681995505642,289.85748583116737,0.8030931510629845,8.44439781870105,7.277129767214063,6821.914402515723,0.5367428950097569,0.1073130229795936
Egypt,61514,61597,Ahnasya,10.494988968484805,14.665592784560658,350465.43629046006,0.0280412070134467,14401.47595445798,290.18152520460967,0.6257553127867329,11.03394972515331,8.156214924633213,5893.600346528556,0.5487264849075665,0.0958381630771217
Egypt,61514,61599,Al Wasta,12.480108843831657,19.73838137832055,442189.8501397196,0.0658221256440173,21322.00857095861,290.5061678123435,0.9118552721176229,9.619553150363124,9.023442711659923,7696.547889998768,0.5362190245659716,0.0942301163008467
Egypt,61514,61600,Bani Swayf,13.96179054236326,36.64944410780491,609213.1422557783,0.0865831107846736,26895.95492681912,290.9673836067611,1.364138635637956,21.66537323302161,19.30971951016526,15350.724076951556,0.49830259933661,0.181107663072258
Egypt,61514,61601,Bani Swayf City,0.6918135372134304,2.03427484743276,17242.057131156424,0.043939638201522,9052.653476274692,290.5601426111789,0.8616892024244955,19.925618097294272,19.398728260117903,3058.6214477740773,0.0834384858608245,0.0573344075335401
Egypt,61514,61602,Biba,14.622111837965356,16.180147435825546,406908.4022572933,0.0439783060535901,19596.411015251564,290.27414685670493,1.0168583056526432,11.329368747645164,11.068821989337668,7210.943277839425,0.5259524916317875,0.1169913208317959
Egypt,61514,61603,Nasir,10.491436422344927,13.7317015961438,337989.8246986784,0.0758359227765109,25593.142395163348,290.56097100508003,0.8306360967192127,9.41127330587172,7.942550540718772,6657.018039215685,0.4973343546296055,0.160498750408332
Egypt,61514,61604,Sumusta,11.119888597923572,17.390341896268104,247295.9858373416,0.0352205643469688,14527.502275157392,290.08711262507364,0.6529822031825301,9.289924072511251,7.936559463139039,3877.832894314961,0.5387366414070129,0.0888939053871746
Egypt,61514,61605,Zemam Out,5.509037723562871e-05,1.1447251380104595,5092.153680048885,0.007285734776745,26187.841679312107,290.8387505012251,0.8633467481497417,7.547772498203723,12.413001644659124,9654.429800221978,0.169706383121854,0.136902219473255
Egypt,61515,61606,15 Mayu,5.978754227619658,13.902149196941458,83725.9792676433,0.1640473308499518,9102.32630219964,291.9269548201452,0.8826535316287281,35.14730056291478,22.867424607945928,7311.465512393636,0.0931892385394379,0.0251221894908419
Egypt,61515,61607,Abdin,206.1614986163783,46.62340774764944,38448.81707447276,0.303747436480678,0.0,294.54092559839387,0.1755098248834075,115.45166147422414,24.66716949628545,881.0546401130987,0.1084411665797233,0.0186283620856423
Egypt,61515,61609,Al Azbakiyya,156.06844957685323,60.69275606056824,26882.63522211711,0.3027136841640745,0.0,294.3963305329982,0.1186625894196643,128.39426406249106,19.91265135153644,832.2969352756774,0.109365202486515,0.0050390356846551
Egypt,61515,61608,Ain Shams,514.999497014826,153.67818044070577,483942.1660105162,0.3030882603116193,0.0,294.2952996445397,0.2352971163999821,91.08241205137048,13.057043707366754,3465.060703177823,0.1071850806474685,0.0254137513290299
Egypt,61515,61611,Al Khalifa,35.930166719915505,47.517437130013874,237310.4383610023,0.2994271213804063,9530.234488624135,293.1700122084026,0.6273008821380633,82.86674796840464,24.78160996501284,14898.466381801873,0.1108541297061102,0.0287278602281423
Egypt,61515,61610,Al Darb al-Ahmar,272.2263491896965,66.58438940727133,57445.01004545922,0.3014990368374907,0.0,294.1298375746936,0.2303327278055682,119.92729955596366,42.13337398460241,1027.6123510971788,0.121591068804264,0.0239806577853528
Egypt,61515,61612,Al Matariyya,682.104567942195,177.02037787962848,485494.7429269829,0.3037005576508911,0.0,294.306844530926,0.2203982308239188,107.71911438830088,17.61319706001469,3231.151003749464,0.1099556908011436,0.0136277930297992
Egypt,61515,61613,Al Sahil,494.2497053531682,160.1910832374263,276798.1990692737,0.3037060227669174,1.2583057392117916,294.3435453228699,0.2258998772719862,101.5003992602811,21.142059490091462,2576.1199373040754,0.1208404079079628,0.0173139663475562
Egypt,61515,61614,Al Salam,126.07815080358074,107.1281132851172,528042.3350434073,0.2872170101362443,14074.207861660569,293.64376682280374,0.5401316376587746,86.94907668832647,24.50678742680415,12768.898132644905,0.1098981663599514,0.024584701514925
Egypt,61515,61615,Al Sharabiyya,486.3572379666395,79.86395419780312,215091.46162737664,0.3039237813927286,0.0,294.2064412519825,0.169196161213738,118.31453020605528,16.494788502781525,2102.2868092691624,0.1236768886446952,0.0098233666516464
Egypt,61515,61616,Al Tibbin,17.776293553944882,19.9504252002151,65154.22441240068,0.2392290805687745,17622.12806913796,292.3049596513913,0.9507637083421536,34.79191291775592,19.281123048891285,3542.089612775928,0.1006481995185216,0.0623494787785003
Egypt,61515,61617,Al Wayli,121.60781683868775,86.89165480756151,74492.09643216597,0.3028440218039315,0.0,294.19020965211485,0.2669093444721087,115.6259082047476,17.986674829265684,2566.4417272112605,0.1435634344816208,0.0234113329548547
Egypt,61515,61619,Al Zaytun,330.4973763662516,135.2277758717795,302830.2823165746,0.3031002285095309,0.0,294.21806242157504,0.1757562662441598,105.89441933946,13.775000065091888,3923.9073268178736,0.1231220960617065,0.0390989725525699
Egypt,61515,61618,Al Zahir,258.43745653853455,93.81368067572078,64486.4423661475,0.3042443170389851,0.0,294.3411545696347,0.2395880354298253,100.23978668093888,9.894772891927616,967.0191185690576,0.1094361022114753,0.0092503837126293
Egypt,61515,61620,Bab Al-Shariyya,435.6427295545009,95.79586151177487,51022.25083558325,0.302972824131428,0.0,294.4274852159519,0.1262729493680025,109.08242750945756,8.535783044915636,517.179038662487,0.1092270761728286,0.0046011802972107
Egypt,61515,61621,Badr,1.2165176312611374,1.3449507384223605,16157.039350474395,0.2796061671345431,0.0,291.8271387798147,0.7219273185965405,61.373111448698864,25.60484754128344,21131.84532669494,0.0950125608107318,0.0228674865800176
Egypt,61515,61622,Basatin,135.11158797388498,163.0374484919658,772454.3228855557,0.2734537097819796,19652.99030130224,293.7879486100708,0.9360990484689558,76.06244849865725,22.24794503613659,10922.86588851894,0.1070888249072183,0.0564146078015208
Egypt,61515,61623,Bulaq,237.31481822581168,121.19223964475276,58215.73372774311,0.2616687112511786,19724.62996798574,294.2757586963471,0.1715324876698832,123.18449040716884,18.343033843304248,1366.1401524371508,0.120378166437149,0.023339645820447
Egypt,61515,61624,Gamaliyya,198.88903971527776,62.35873478021034,47719.24456840962,0.3020036067718376,0.0,294.1280217080227,0.2002133202809062,121.83558908658154,32.80783568302882,1121.365206220419,0.1107013076543808,0.0137412760178385
Egypt,61515,61625,Hadaiq Al-Qubba,619.3462708972116,189.38938260138943,275776.12449997547,0.3030378748152875,0.0,294.44070209506066,0.1742182697535048,113.06101947883026,14.328792876129178,2115.792882168541,0.1167538687586784,0.0290789937771844
Egypt,61515,61626,Hilwan,63.693207861053,60.58137334437504,615504.1815580279,0.2578473912465948,19059.262949563432,293.0944212336795,1.0597542651773202,52.42419109365327,26.317840090957404,15824.91023307436,0.1181367859244346,0.0642998280738943
Egypt,61515,61627,Maadi,12.13897753558453,62.55056993414189,85700.7195678139,0.2353841847451642,16636.225566381818,292.19319312963444,1.6424083945664067,52.40186953692594,29.47607945418412,5265.46314958688,0.0969406589865684,0.0548009113515814
Egypt,61515,61629,Marg,231.50623337765825,123.02690967274503,473356.0496176227,0.2592163646068252,22601.195401989167,294.00047346681765,0.6412002918794772,71.42446203376218,20.315874355570568,5372.520024586638,0.1158346941965876,0.0498530819001199
Egypt,61515,61628,Madinat Nasr-2,35.787819573400505,32.80360070981476,77269.80411808722,0.2993533546266859,8615.962004621959,293.47201603685755,0.453468641633494,89.49459920222166,28.494371503976645,7185.187958694449,0.1400326695835706,0.0321359493936907
Egypt,61515,61631,Misr al-Gadida,102.0101237074085,32.401749317034415,109515.06394383487,0.3042305427568061,0.0,294.0375702287798,0.293559898945761,105.1818241639212,12.310617112174034,4452.697222939331,0.1568021923303604,0.0232624579522932
Egypt,61515,61630,Minshat Nasir,403.2244106312697,196.27267143825284,240529.85373277665,0.2684347783123665,18233.818348942237,293.6501630361041,0.6424873691766236,78.26716014264433,18.335540968933124,2038.9362542258284,0.1128925085067749,0.0154945189198971
Egypt,61515,61632,Misr Al-Qadima,173.70018790877114,85.07429798681697,205144.3583341861,0.2431684770059864,25280.930720433036,294.32060856746773,0.3671282103969078,87.0391312291494,16.627938482518925,4284.714565958873,0.1312794536352157,0.0222324558061355
Egypt,61515,61633,Muski,219.9511033658656,69.64106511687142,23260.541121060247,0.3012402083292444,0.0,294.41842975109324,0.1370223028424423,99.12912928332072,13.803260318732232,405.8463175364189,0.1083983704447746,0.0104905730949847
Egypt,61515,61634,Nasr City,38.72018495823844,43.71518048232293,470122.75504550815,0.284783769443324,7329.414624441579,292.90184867304595,0.8904334109712552,85.0288047473136,34.840589522304704,27500.316133039974,0.1077610781497862,0.0276920987877706
Egypt,61515,61635,New Cairo-1,0.0695394611562466,2.114073990260475,27319.917287392283,0.2407491327643486,5285.858942253433,291.61282820185943,0.8685832742306353,78.67434034171222,42.6435968653215,49497.88409428203,0.1383888197684646,0.0500803218337181
Egypt,61515,61637,New Cairo-3,1.3920594309781094,6.0635200643031535,48959.79710956907,0.1848753620470468,12321.694896845942,291.04165629192494,0.9920227659137304,54.93962429396086,31.032607377539037,19192.24208669033,0.1026624514921786,0.0612659145888778
Egypt,61515,61636,New Cairo-2,0.9941397781746296,2.9253310466966185,38469.34993905311,0.2121104325557355,11402.681487791077,291.5140689308181,0.7038927443634879,69.11785787599686,44.57508532318297,42141.02242178379,0.1081055737275558,0.0750094474369316
Egypt,61515,61639,Qasr Al-Nile,71.18365128835043,55.81984040101933,11529.032058611108,0.2973272095398867,21099.630363690616,294.7018033736413,0.1079291233567421,138.8058915227912,28.37752552538145,900.87745282439,0.1293608546257019,0.0258755296205982
Egypt,61515,61638,Nuzha,20.010547491171103,29.13366613801591,161503.53774316248,0.2489213443034479,14363.525263556678,292.89242127644565,0.7736781773393929,87.4677851183307,50.14958836555135,21055.03942713135,0.1040417499314945,0.0263274267723968
Egypt,61515,61640,Rud Al-Farag,486.8161122182081,172.1604760214703,133039.46417218377,0.3035122437813092,12594.794581508657,294.3269399518953,0.179692570469676,115.64135279903384,19.68539918555573,1496.081658368677,0.1146680414676666,0.0121579979903561
Egypt,61515,61641,Sayyida Zainab,289.7712299707074,67.54182973241294,123793.4819951675,0.2940012193860573,12000.825704102494,294.4904064091445,0.190479991342166,105.89361651429896,16.085206750833166,1786.4876009588788,0.1318807303905487,0.0158493482613761
Egypt,61515,61643,Shubra,467.68976012630407,84.84561007734027,76176.97045778763,0.3017718829074963,0.0,294.287268619312,0.0526668280748835,119.50083490744936,17.08426710639332,801.8271706927289,0.1100718453526496,0.0057241813759832
Egypt,61515,61644,Tura,3.926783734087993,20.42072823269821,83920.55000994574,0.1002811007847034,12138.741067304709,291.4549602679951,1.421813365014197,52.990699641561264,37.57774666232276,7839.090833641633,0.0791415321817969,0.0367893047570941
Egypt,61515,61642,Shroq,0.6858638802807003,2.145058721638601,21727.52409591933,0.2629981239630641,6575.125099336663,291.8998536315722,0.6116504975236826,38.893313361331366,27.27718449382645,25403.4345368492,0.1019870754745271,0.03699878729157
Egypt,61515,61646,Zawiyya Al-Hamra,530.2371558071168,67.40889834343301,298704.9927850462,0.3020316297278821,0.0,294.0410380954188,0.2079220057937116,123.53306156044394,18.235913290459447,2795.238294916712,0.1345919072628021,0.0219420720916752
Egypt,61515,61645,Zamalik,47.32344502288026,80.76781894694086,18597.31281454049,0.2800664813744961,15748.02553826346,294.4592426589406,0.2141909647116426,115.08317914714122,26.03300089504223,2068.3380785543063,0.1813770234584808,0.0687094261339037
Egypt,61515,61647,Zemam Out,0.0019033104697709,2.2757496356922395,3515.5863604418746,0.0467457809803368,7687.155419819376,290.4463130942354,1.141459402056498,49.18988265933644,48.538181375554366,54081.671813681925,0.0907361173828213,0.0453642529246143
Egypt,61516,61648,Aga,14.13011521525865,15.391664978159032,472218.6266975037,0.0517396738316618,18400.85567688445,288.7801276594335,0.8878546488329102,10.67219936375737,6.901472586927553,8072.451598746074,0.5301523100246083,0.0869804135621296
Egypt,61516,61649,Bany Abeed,5.734154409287001,12.018713244459988,117796.4758703686,0.0287359128795702,11169.362316047454,288.50786340512315,0.6769832521440223,5.525300286058349,4.583492449649812,1336.6243088081624,0.5475367155480892,0.0818938898586323
Egypt,61516,61650,Bilqas,3.486233278436867,8.678143167148937,500130.4592033088,0.0462321631930589,10161.076716898338,289.59153527290994,1.606041624777499,7.412577104150794,16.91553951165422,15810.503722416865,0.5410662375407543,0.1359588214414564
Egypt,61516,61651,Dikirnis,6.988618955124871,18.440871701478628,327196.44180787954,0.0357465988239041,9231.53870417236,288.5123905229442,0.8292220613107947,6.954741710384021,7.492873711371465,4238.383239289443,0.5723285544266326,0.0890354914491088
Egypt,61516,61653,El Mansora,12.008706532053786,18.46111950701239,530963.8043217224,0.0469346617663393,17656.152848386067,288.8873595638857,1.056399464167606,10.341816829552574,12.16486388658836,8692.763440899877,0.5492009569888845,0.1110201586708037
Egypt,61516,61652,E Mansora 2,82.98981300612199,77.8921214974979,224362.09775439135,0.143614928406645,28199.611982083214,290.9723664783202,1.5402131647986923,35.55938320033108,22.49105517025689,2740.861477656892,0.3401183187961578,0.1672654276498175
Egypt,61516,61654,El Mansora 1,228.16317105780703,107.09150969629064,290314.4055326162,0.2520149301453255,24656.511695144927,292.3260046221316,1.320563630826457,59.93310271773854,24.17826832879009,3166.818141250232,0.1344503756663067,0.1346470567839434
Egypt,61516,61655,Gamaliyya,5.265934810699467,13.47994612976698,97713.233033511,0.0146288082395664,7530.640486486203,290.1297910626032,1.861496281977545,5.554768089012937,4.693481455166709,1363.924291597518,0.588134689169042,0.1957183710577724
Egypt,61516,61656,Gamsa,4.723219514615241,10.37720666942687,3054.7004236168145,0.1853112732078316,29054.762153484506,292.87674176223163,0.8645557730468262,44.04045443008351,29.234839137256262,821.2249443727335,0.1814782321453094,0.1342685253125548
Egypt,61516,61658,Manzala,5.486273954316433,16.237526333583663,306577.3109901744,0.062480687987472,10359.94394438559,289.25479057903505,1.1559537535950506,6.431218306878046,7.189455370497862,5887.036356260368,0.6190896484133005,0.1024583310710931
Egypt,61516,61657,Mahalet Demna,6.617580110434328,19.784215260002924,54039.6048823144,0.0332488336286758,8229.737609717145,288.56617062279264,0.8911156854546838,8.190474069391147,6.115881054928516,773.084393632061,0.5793847408978748,0.0840314692561066
Egypt,61516,61660,Minya Al-Nasr,5.82815134463986,17.074935031896725,271508.79465249216,0.0395942053205798,13455.349138028823,288.8011359603847,0.9252357977018496,6.883690085565853,6.388462461051657,3258.9548454115197,0.5674247874153985,0.0995434496556243
Egypt,61516,61659,Matariyya,18.55130427653478,29.90281067997754,145375.64805781376,0.0628500359071166,14549.810333909594,290.48428793562385,1.2190119179651693,9.744117361933627,8.961780399876963,1747.2157735570715,0.5838937347713336,0.1241584020466521
Egypt,61516,61662,MIt Salsil,3.243833570276624,8.144659627603794,64473.35368435584,0.0444665833697201,8062.519585573794,289.57618542740664,1.4014699216857138,3.898627454763672,3.75183300145961,1403.4294400393392,0.5964124350487685,0.1087279856092352
Egypt,61516,61661,Mit Ghamr,18.015622981167425,26.05972324823696,748982.2168450817,0.0560859727759594,15604.484434048763,288.8610246328283,1.1856995030624238,11.73976848928198,11.072548284947558,12027.461874731089,0.5526613146243289,0.1068729541505265
Egypt,61516,61663,Nebro,8.516411344951957,15.612131442872023,256368.56415598368,0.0316102920557224,6717.173032473753,288.4050433298194,0.8264068196728327,7.306886782754736,6.063075604009276,3005.852641219498,0.5837990584018757,0.0964033057194465
Egypt,61516,61664,Shirbin,7.96456104813697,16.147090932996093,399703.58680418186,0.0532068503372614,13918.299668737993,288.9086393939252,1.1763402302456096,7.285562608483369,6.545663876694917,5841.421245313171,0.584024907545975,0.089837937375566
Egypt,61516,61665,Sinbillawin,11.48341091381053,15.13301975779932,527478.3705562039,0.0347370860506598,8102.879880003041,288.5717487126469,0.810623723051689,8.532741684394663,7.447526028891953,7991.531629479371,0.5539068600531382,0.0875060705019683
Egypt,61516,61666,Talkha,15.861334753561565,18.68950251458209,362547.1843162916,0.0696746165839616,21617.29957494695,289.1755815941738,1.4001036365356452,14.95887308178323,14.661318120920615,7735.673237445453,0.509931624608309,0.1206972511337388
Egypt,61516,61667,Tamy Al-Amdid,8.498251766100887,9.46697253083565,164842.03537467358,0.0301313292745399,5668.287149818269,288.424924341897,0.6732802865031342,6.253593537930183,4.890652924178868,2151.383320425348,0.5579013913685078,0.0807567933037646
Egypt,61517,61668,Dumyat,9.91972561120107,25.802018540043733,291549.2293693353,0.0402776302836557,24846.831708110083,291.9623861117596,1.327528798327615,14.98707809244966,15.904467696761255,7118.450683926739,0.3768558747790478,0.2004691625735101
Egypt,61517,61669,Dumyat 1,95.05792886834396,57.94553861028749,94513.05123151148,0.2032839257588807,26553.80945936352,291.9760059235167,0.9510144944758502,45.32712707888738,20.947754446198985,1660.394878603479,0.2484350055456161,0.1325725497902597
Egypt,61517,61670,Dumyat 2,268.99034309387207,150.45522360281046,155389.88155594235,0.2132285958316129,25231.29131271396,292.2549435076097,0.6356196398171422,43.37129033437829,20.31010681347315,1020.5009490441948,0.1964287012815475,0.1311834889507314
Egypt,61517,61671,Dumyat Al-Gadida,1.940721048994116,4.876309696339931,35846.611189798336,0.1099127408182988,22305.163907943137,291.70960018958755,1.3042291844262992,28.599411967638908,29.96032193701469,10575.389618292453,0.3999443650245666,0.1914447647108199
Egypt,61517,61673,Kafr Sad,8.499391255677864,11.853550850104916,355091.1553020682,0.0709796858395163,12315.814163789284,289.4187825204912,1.2443170258078755,8.732972211014832,8.616985250915802,8535.81252074498,0.5916887924392172,0.1154953964151098
Egypt,61517,61672,Fariskur,11.031785029083853,16.745940643051778,245230.35531340176,0.0781818403322923,11122.639862208216,289.3088039465201,0.9360480770813628,6.06216300801436,5.448360107051376,3216.79765074682,0.6043717287464877,0.0828979810447708
Egypt,61517,61674,Police Department Port of Damietta,0.0,3.760319634582893,176.32836615384792,0.0569836440524721,24037.308704323343,292.8352222579529,0.887583928379565,59.79434322580512,50.23204309217836,2843.396886102404,0.1177242547273635,0.0735174465381036
Egypt,61517,61675,Ras al-Bar,34.96409470182437,17.091412173210728,11917.498724451256,0.2711125563943552,25256.556960210848,293.146217507053,0.4037363446312965,66.29019359601793,18.800195955378488,847.734593398488,0.1553129255771637,0.0336998736770465
Egypt,61517,61676,Zarqa,10.966937975479954,21.020892045310884,148437.34948732884,0.070919654866899,17383.096037239546,289.2110967945792,1.0976875045393617,7.481129443621447,5.950027041686392,1809.318490380478,0.5789484083652496,0.0984366509405617
Egypt,61518,61678,Atsa,9.492322939373793,12.303161813245511,633650.3937085527,0.0406577829093102,18717.989309635523,290.0981556198823,0.5722036785677685,8.886301779835245,8.524366387288572,12135.064014058456,0.4897815525293901,0.115944995637737
Egypt,61518,61677,Abshaway,16.618008665482044,16.19902772296442,377793.2516638166,0.0504237657509147,17852.73268113306,291.2185965246937,1.104848825329332,13.834578160497772,9.287002470716574,8238.192901714136,0.4980439996668705,0.1146812100148851
Egypt,61518,61679,Fayyum,9.973678630633351,42.90078776371617,895851.423528689,0.0584542602735349,22251.55892100853,290.53227587181453,0.9419763169022702,15.28667428891162,15.479251810371569,19322.77593538042,0.5024613309888216,0.1397108206870304
Egypt,61518,61680,Fayyum City,0.0,0.0,0.0,0.1372541779080501,0.0,291.7710951725502,0.7835881737389156,33.42185061947796,16.536184912009695,588.6177691453942,0.1002010554075241,0.0196408897622954
Egypt,61518,61681,Sinuras,13.983974730679002,20.818501223243175,556114.3659906744,0.0521081263010186,17060.145944860455,291.0705513739122,0.9877258509027784,11.16784362065622,8.489873500462204,10362.357425083244,0.5092344600390397,0.1150451086509928
Egypt,61518,61682,Tamya,8.00897317665573,12.59781187948706,402991.8248229167,0.0447632206638236,15669.518029630452,290.58216091898424,0.6882743487012309,9.44686267285376,7.582251447963253,11157.041188802566,0.4943403413780781,0.0951785999450418
Egypt,61518,61683,Yousef El sadeq,10.362967708017448,13.300110559560316,355239.71485129546,0.0433110902267577,19197.040197971844,291.0819432086648,1.1027206391112718,8.968685091493354,6.478098202222348,6864.772254285356,0.4662404604934993,0.1218458005264395
Egypt,61518,61684,Zemam Out,-4.8526011369414e-08,1.1307889450900095,5090.56200012372,0.0139935131565273,26004.21275680539,291.3795318923216,1.06930333187033,9.80878431068828,16.24781772394264,10523.633124922922,0.1702819280853806,0.122755604968796
Egypt,61519,61685,Basyun,10.74909558140916,11.263985568988792,282308.0799902546,0.0471958147246368,9963.124187734642,288.4950491628976,0.9002295471403666,4.890453827079969,2.9961978948169894,3163.855130616509,0.557533109328401,0.0703268607967032
Egypt,61519,61686,El Mahalla El Kobra,6.940802564093513,16.248381297121806,681105.3426052334,0.0434077962928287,10450.356327872772,288.592160514577,0.941572787466727,7.41841317702204,7.107163187896982,11430.378298604695,0.5605844951356437,0.0948044340419536
Egypt,61519,61687,El Mahalla El Kobra 1,234.77266120910645,125.57394054785658,237205.4936268413,0.2542489930096775,24766.31675742063,292.413171986684,1.1438161135159788,48.367339341692784,16.513548995924854,1887.6539652099084,0.1374011635780334,0.1293662474116966
Egypt,61519,61688,El Mahalla El Kobra 2,142.33200149424562,124.78413991007298,273635.7760091408,0.1547192622972454,28547.50960278486,291.24364395138804,1.6008361916972909,33.84991699035969,17.4805547444732,1975.3749597393823,0.2508625388145447,0.166718916837373
Egypt,61519,61689,Kafr Al-Zayyat,13.490157756033875,20.48483950158236,440277.7782862682,0.0637124515971231,16342.463994689637,288.98931605052627,1.1992629487707285,8.13441577856449,8.164258725689251,7067.403726104866,0.5296089422923547,0.0896017973066124
Egypt,61519,61690,Qutur,8.993979250357544,8.738940862290198,323828.59318618843,0.0422000726630665,7841.845006898949,288.4870305481417,0.6262807650384763,6.699184658785361,4.369531921055297,5761.08863605631,0.5516220540909251,0.0723360439743907
Egypt,61519,61691,Samannud,12.449712764136354,21.714925910111955,344076.5125003205,0.0559542276185525,19840.568543860776,289.00479565995937,1.100974145624281,10.099746985874836,7.153513667338718,4752.782504148998,0.5396395019560971,0.1021101474074504
Egypt,61519,61692,Santa,12.744429300991811,13.55541553075419,429066.1202618389,0.0455477485417195,12801.370359175507,288.63490226920374,0.7468637169931088,6.508458310027611,4.2233128570996,5134.178195340837,0.5419695886739035,0.0780844139765336
Egypt,61519,61693,Tanta,12.479293368485973,16.621666325753537,628614.2108759088,0.0552637479137843,18118.72094014346,288.7891363621338,0.9264932387319406,9.989933900146095,10.32587490339399,10685.07659475076,0.5129403106398214,0.0878800293341105
Egypt,61519,61694,Tanta 1,149.92442668568006,91.9927905759323,233255.4942803757,0.2504629758714429,24037.90882772459,291.67277057663006,1.2072713723660626,54.74436982557673,22.17855398889684,3014.160597455284,0.2208229452371597,0.1251976043468743
Egypt,61519,61695,Tanta 2,194.07183305203327,93.56362831514194,253299.39498893893,0.2619496648323817,22930.84713512945,292.1837998785065,1.2120125502018335,53.65254102343916,26.01534333093433,2604.567864035896,0.163373127579689,0.1371489129079197
Egypt,61519,61696,Zifta,15.983121365344946,21.58510736533584,515455.2343122938,0.0583890377566925,17658.92552901585,289.0121765451685,1.30512309520878,9.981701945723051,9.093898036624672,8230.089401930052,0.5254626855281287,0.1055452307548436
Egypt,61520,61697,6 October-1,13.870912137028768,7.644837839167329,58836.90374754224,0.2818370254117199,15516.952559920464,292.449620079594,0.3777010561843461,97.22575060392404,29.95613845360008,14678.419399019083,0.1354822880061008,0.0349846642952232
Egypt,61520,61698,6 October-2,25.96641115882916,12.87530440600722,173864.32709796928,0.2983196226953029,7467.893362938519,292.5410547145652,0.5259660952379283,92.6346252368996,17.736100827459904,22782.305439634987,0.106933206777204,0.0258423476411837
Egypt,61520,61699,Al-Aguza,397.69570988165935,152.84637764701776,239674.1290527942,0.3027053862191053,0.0,294.4790976739557,0.1750154462744581,100.61824245386047,10.910110483128008,2533.6068031225022,0.1593444198369979,0.0409612514833835
Egypt,61520,61700,Al-Ahram,192.69589972613443,108.85028852771862,452748.8201915682,0.2554975818369365,23972.56517992927,293.716191165776,1.0444639699435814,77.13233456333093,25.41418111655624,7049.895379088447,0.1412586924903012,0.106708120595285
Egypt,61520,61701,Atfeh,13.734626267110407,14.022132664313167,252448.64640894395,0.101436476572993,28913.55661099351,291.1273119079386,0.9323995485616912,17.65408175069876,13.976268189098615,8321.857210506838,0.3882846566326415,0.150684334525425
Egypt,61520,61702,Ayat,25.36003806977444,19.61002060153823,534965.3029374311,0.1115982665122483,27406.27382644524,291.16637901047164,0.8173477462620962,13.590332586114348,8.888940607274236,9874.255998273533,0.4900489051640034,0.1061393487961513
Egypt,61520,61703,Badrashain,36.489187754960575,28.61379702711501,583939.9179877416,0.1329523166361998,28997.970102767027,292.08681003955667,0.8847709296331189,22.7316798815286,13.181553322630917,12186.854731779504,0.3965160697698593,0.1286483842434308
Egypt,61520,64448,Bahariya Oasis,0.1473105654606466,1.4327755486856688,2287.6112115470946,0.0064300118926766,29708.30481320949,289.5782600797071,0.447938713597732,5.49462204596957,5.400292940066765,199.6810294117647,0.3758786022663116,0.1334071963994287
Egypt,61520,64449,Bulaq Al-DakrUr,793.9853146302169,300.1531577402728,835847.1052972828,0.3021219648779992,0.0,294.37954430896406,0.4217765524320337,72.84792284264783,14.55649027962048,3091.608709816215,0.1273562908172607,0.0624985601385154
Egypt,61520,64451,DuqqI,236.0490700724964,147.70987113386292,149306.46771912667,0.3040641954253579,0.9526785430996726,294.5317487791593,0.2916388118288401,89.20792151356065,17.503187498134892,2267.980216362407,0.1730171144008636,0.0355451058446624
Egypt,61520,64453,Giza,56.33807335657967,121.74565241967552,759075.3840671942,0.1555722349678973,29381.72098214553,292.79151144492886,1.3944864967741322,38.818618843328856,22.83162204001853,12234.2585905169,0.3184334337711334,0.1425405278453536
Egypt,61520,65305,Hwamdeia,64.52109014372488,73.0501832940677,211500.56084417543,0.1621645712368571,28861.967714423456,293.1540118827571,1.3548869546409543,36.19512020232558,18.8397938686694,3277.432648908618,0.3381395136386576,0.1546365398037068
Egypt,61520,65315,Imbaba,22.749656871076624,185.6947882964784,1489225.112719419,0.0720121597250184,20702.60537864194,290.1739220012119,1.281492727250535,20.012794250102814,21.00571619059369,19445.37267195283,0.4513518304973806,0.1090720557754593
Egypt,61520,65317,Kardasa,58.9678063849635,107.46709191581937,797461.05376091,0.1050029729553946,27051.8983159389,291.5979957315141,1.391503533948074,39.51405729812954,21.061154354694025,13833.484067356552,0.3733467327316847,0.1288886704941091
Egypt,61520,65321,Saf,15.998202138878458,12.631332345300653,286704.7235799208,0.1299407648817628,29289.62020477535,291.531561376032,0.815991715601008,17.765416498201972,10.430632302770288,10855.644836601305,0.3622410983911582,0.1377452007192474
Egypt,61520,65337,Umraniyya,587.7273047223059,187.70795523422265,1113805.6067603456,0.2597627481056488,22404.735438028256,294.64972279376906,0.4557929650797332,82.38603682066817,14.978565063429327,6745.639461877376,0.1177796346740135,0.048441561452446
Egypt,61520,65336,Shaykh Zayed,8.935821484512092,5.057776123537285,44135.232350547856,0.2875567661076306,15837.251560580187,292.4440743089805,0.7265131118330905,98.51762856686,34.602655850431546,17678.312344950507,0.1754878796637058,0.0666497441404809
Egypt,61520,65345,Waraq,95.15480282458692,151.6178465619313,1213095.9234261387,0.1069218371543204,27482.7218986618,291.76419019461144,1.720172977166562,39.38990209117955,26.0879038608077,14295.4450550126,0.3645345757764027,0.171188459550046
Egypt,61520,65350,Zemam out,0.0360870787482546,2.307096439258511,16403.08435584563,0.0104140200386826,22571.844570417077,290.5356510751246,1.2671946962201517,19.247236699958016,29.61724496641488,125050.12711258282,0.1429923857604419,0.1006494676271392
Egypt,61521,65711,Fayid,8.377332074089468,6.600249407740305,133944.1127652868,0.0907434750086836,29705.543572588624,291.8130928478978,1.4719356099148224,10.316570914108768,7.145185083074575,5956.747588665563,0.2944202595193621,0.1737299655495503
Egypt,61521,65747,Ismailiyya,0.6921741714834471,7.420620767314208,302170.71120639105,0.1017675850614456,28079.52472981189,290.2109325589873,0.8968581830700232,9.228877023533826,11.24890264265073,18164.854824512902,0.2676062094420344,0.1364689351722693
Egypt,61521,65749,Ismailiyya 2,23.954369929870467,108.99554816124264,202078.68075437893,0.2163667951131642,23207.01256776905,291.7673279871685,1.481256517272893,39.662878195957234,32.9147782668204,3198.8500116786536,0.1197172403335571,0.0890264652862352
Egypt,61521,65748,Ismailiyya 1,19.171098959906747,27.015605217061307,42274.70644556664,0.2188114934987583,24412.477596537414,292.5974053464999,1.0528246705663185,52.95641133481527,38.12952246606416,4214.914997848669,0.1691376343369484,0.0746812928944905
Egypt,61521,65752,"Qantara Gharb, al-",0.4417425099883169,5.277941817175559,130684.0170421213,0.1249941102540728,28877.782945913583,290.2421950290412,1.3772091340496058,7.083303646945126,9.88523797579591,13188.97250230502,0.3377934297507969,0.1277757172239001
Egypt,61521,65751,Ismailiyya 3,90.93362901661234,48.299778668815925,116507.75933314313,0.2558645610447664,22652.02563460959,292.9873970803661,1.0130466670113971,88.96602428152525,29.807128105407187,4180.705368492224,0.1463222205638885,0.0471574344362355
Egypt,61521,65753,"Qantara Sharq, al-",0.2195350821597019,0.9386743308793062,39548.214904962326,0.0263080797166156,22957.4638238789,290.1073336946882,0.9761724717106096,4.632269197319976,7.715866792138214,7217.31156432478,0.2595629727139192,0.1242029950790865
Egypt,61521,65754,"Tal al-Kabir, al-",0.6152975828954304,3.9532214510376207,181570.155092941,0.0740103497820436,29256.20329907438,289.61249085241155,0.8696423620314077,7.132110425922401,7.516574840773164,12356.479204622288,0.3455717651720233,0.1247950224937953
Egypt,61522,65755,Al Hamul,2.1236030660082186,5.342362092670665,300844.38137705595,0.0485838033065722,16105.00082878046,290.34133818420906,1.9261095662720316,4.5865890941146965,7.1184264303014,10210.21497572068,0.5503910340000703,0.1576465117342587
Egypt,61522,65758,Biyalu,3.73594514997515,6.985461708566428,280356.70259560976,0.0462336226046218,6894.393992836044,288.48602287922085,0.7044469309854844,5.125050488382421,6.498702042551806,6047.861049849402,0.5841139006418186,0.062778211170055
Egypt,61522,65759,Burullus,3.4716606113565582,10.815335853941152,205277.29436259295,0.0434957611890388,13729.563176561278,291.054735192924,1.2350715683007698,6.358587753486022,10.232283960258084,4261.774868768824,0.4341785452339086,0.1774049070466651
Egypt,61522,65760,Disuq,7.906548445080371,30.679369137712413,529365.7780033222,0.056023666119561,13142.63996806677,288.4851501532765,1.3196552835199158,6.406949561988067,6.667705913431636,7064.980969942839,0.6072452694719723,0.0904246510660991
Egypt,61522,65761,Fuwwa,7.976175064733948,18.916158134519595,164284.31793658674,0.0726320736611239,11864.543304487324,288.7943528101709,1.5884966012743424,5.51499040630219,5.717982782744393,2373.6951256991792,0.6266249271720163,0.0974620977287176
Egypt,61522,65762,Kafr Al-Shaykh,7.908656093589935,22.433682400208333,595274.6166874414,0.0491411013207836,10887.028231397504,288.7388991234568,0.87404440191917,9.001801860775506,11.675783263547087,12830.956565246788,0.5605518599495197,0.0903164364403914
Egypt,61522,65763,Mitubas,5.966633989850016,9.980428106615369,262844.6578971368,0.0751783112112829,13745.73457040492,289.5130585689379,1.6633872553247582,4.225667033992409,4.675666828951523,4853.700582703305,0.6228724033509101,0.1194579504738569
Egypt,61522,65766,Qillin,9.751110431715407,12.124514802364462,243127.27744989505,0.0431989836269528,4506.520641032887,288.389235380729,0.6719887261175168,6.806049344998481,5.651682487338284,3790.008631138976,0.5806666738942436,0.0752874057248759
Egypt,61522,65793,Riyad,3.2379097213347388,5.751253093352881,163863.6974756358,0.0716795534571626,17992.883485456456,289.7783706205767,2.1109890369221365,3.985526768055666,3.3052924593717066,3616.326323683075,0.5723268540290378,0.1552244996793366
Egypt,61523,65802,Abour,22.979818224157174,12.298735097092766,50197.249853272566,0.2993200890967576,6483.308814900242,292.64676836540536,0.7196032158047725,78.22276347741621,27.20415228228556,6316.104705882352,0.1349687650799751,0.0322334978777862
Egypt,61522,65801,Sidi Salim,4.490311203116831,7.657026217516122,371095.1020864864,0.0559490816170664,17933.715892810782,289.9800166868788,2.2421530309296767,3.6998666545202807,3.6913696730384618,6574.561480115551,0.5800839306535217,0.1516041206092959
Egypt,61523,65804,Al Khanka,29.196211092579404,26.168464734637745,524725.7523012373,0.1296821287939067,29705.34017371245,291.5151783365619,1.2595640949934388,31.877524361886163,17.15876205913286,17016.972563771593,0.2392918400264016,0.1325931165634479
Egypt,61523,65806,Banha,21.03764515019584,34.893923326509594,637194.0106035128,0.0776275615724558,20514.44438931037,289.62646234503234,1.1382519647119245,17.586031533391825,13.30302543024555,14116.61785358656,0.4875725029179684,0.0959418818243892
Egypt,61523,65807,Kafr Shukr,21.52803140151457,15.013643494757948,176637.6315188472,0.0834428293599277,21932.56812797937,289.0700515324872,1.0390345181021596,11.157824898951976,5.602769038442622,3007.274469235969,0.50060053877487,0.0726216224292727
Egypt,61523,65811,Khsos,488.1568028652893,221.8758173713208,338052.1893724178,0.2802708795188081,17971.528858357062,294.1704082848923,0.5163875119737372,71.21967441024645,30.09800708990304,1885.5059684061716,0.1094049885869026,0.0534258207870647
Egypt,61523,65815,Qaha,16.558309391377023,13.053126684786156,42681.21858303924,0.0788906026233374,19266.64068288564,289.11341321222096,0.5703232425467409,14.362010098633194,7.0064062142020935,1147.2148380355277,0.4704314470291137,0.0627755155695227
Egypt,61523,65816,Qalyub,27.91926908033991,47.1971300265666,575504.8727551887,0.0913146074038844,25129.15369307008,290.2715871527057,1.456406993984832,23.51377484987161,18.55877833113015,11876.945992992798,0.4597872992356618,0.1315426187392344
Egypt,61523,65819,Shibin al-Qanatir,26.980869562033284,20.697882274630395,503854.7150585629,0.0701379899418116,20065.697622953423,289.4811784396305,0.8579706355813009,15.076036656117632,9.345904948092372,8822.614894584798,0.4948978349371927,0.0852422609195916
Egypt,61523,65817,Qanatir Al-Khayriyya,27.03706428661485,28.77229571754033,455282.2779365302,0.0791785437692689,22627.665778684608,290.33581651300506,1.4533740345974662,20.626636562302387,14.130243292960865,9880.320690884508,0.4834584907067488,0.1141090705032897
Egypt,61523,65821,Shubra Al-Khayma 1,480.4612519014343,200.18968841385168,538488.6070787692,0.2764763602295413,23263.36052782167,293.84054892788987,0.7636857803336482,88.93611550171914,27.47137656062842,4465.639305427498,0.1161124594509601,0.0806021440871684
Egypt,61523,65824,Shubra Al-Khayma 2,325.75042057037354,135.07179741744514,685884.2608860463,0.2788053053916102,18344.090890922515,293.95928511325803,0.7346225049448529,102.94391475921654,45.521637362835165,8359.853281701397,0.1164542052481656,0.0716177237419477
Egypt,61523,65828,Zemam Out,0.0,3.391707877910516,2336.850579015881,0.2575244515031124,16663.851861130377,291.4175938283408,1.0144107928178263,35.04702434799883,30.906365069232404,18008.398063802313,0.1476324821906115,0.0726963085553911
Egypt,61523,65825,Tukh,17.625849368963987,14.06845157105862,546595.8796303284,0.070993480839315,17901.657173415246,289.0883120878218,0.7381857638468493,10.488266399738558,5.449659585390704,10171.685276292328,0.520512712233063,0.0702903886314459
Egypt,61524,65830,Luxor,126.44819019419477,153.11997204287795,3292735.0338788712,0.0982457451774562,29728.10351490839,291.52684099409373,1.4931759844709138,21.530337703627072,18.80256430100209,14831.61639880212,0.4587034000442327,0.1294426272346564
Egypt,61524,65832,Tiba police station,64.6628349190844,81.07081065078715,459800.7015250067,0.0738378454563822,28167.529936084276,290.3335523602925,1.2139068736583458,14.029397530330952,7.8592804361519395,2250.205329374652,0.509647897871367,0.1012867903038822
Egypt,61524,65833,Zemam Out,0.0,23.45955786246893,14088.914960291808,0.0342949416836207,28669.35344313628,291.8612912018323,1.1826159361536024,17.31618650559227,22.614986602385297,4718.423149625776,0.2250767350196838,0.1434609745508794
Egypt,61525,65834,Al-Hammam,0.0240930484180833,2.336608133363712,38872.0233950439,0.0066084957960773,13399.689340170453,289.63012206317825,1.34234903909574,7.674701068043318,14.225468873764694,16565.58643200256,0.2053158627028735,0.1085418584169068
Egypt,61525,65835,Alamn,0.0053920925825185,0.6766152887190531,8269.152916919827,0.036766499426765,5307.9420028125405,290.2423668424334,1.5141604839663527,32.25240503100815,35.451102726799625,28394.005549141744,0.1076052811313197,0.0480138224063829
Egypt,61525,65837,Daba,0.0776711459681726,1.426599147725406,15172.77606785146,0.005647211329958,0.3920253805020628,289.0428762763599,1.2243676047457523,9.090116867163294,23.761566872247656,16821.3860289956,0.1006635752124781,0.0264959845952869
Egypt,61525,65838,Marsa Matruh,0.1311247257243027,5.127022060723245,42545.49865180321,0.0061963974778873,2777.4206267434097,289.1734684751869,1.342693296875081,7.980001096540308,43.73731474017099,36330.441462792296,0.1102786814543679,0.0239323920382687
Egypt,61525,65840,Salloum,0.0354240223836398,1.0811824230904428,8864.971870969115,0.0019096500743973,0.610588893002668,288.78507254446225,1.4557776950205013,6.307498416496225,10.324680924085271,2367.2412586428954,0.1128009384072671,0.015187965459613
Egypt,61525,65841,Sidi Barani,0.0713291127235436,1.0299718874300343,20034.41432945193,0.0070278364236866,2140.936514809923,289.07666627728486,0.7791231005101688,7.134929459395571,75.08835342793495,12495.47191252828,0.122527413295977,0.0138508317892007
Egypt,61525,65842,Siwa,0.0827300999103173,0.5162907526157976,3599.765173691325,0.0010341024445293,19572.4965145025,290.50092195549195,1.0609513137621969,3.8161846494696015,6.149213348284703,2564.4760844435727,0.16087681427598,0.1196564563469788
Egypt,61526,65843,Kesm Al-minya,108.75267184752788,71.49882619565577,288642.23461642256,0.1793980082129812,30042.74093175903,292.14977657328194,1.510906671490141,36.60488917463535,24.86183650918275,3753.508400542608,0.3078589131415241,0.136711121510796
Egypt,61526,65845,Kesm Mallawi,52.93588783511273,82.85946925234751,171338.71409521863,0.0819114320142201,27610.30728426609,290.75334438525584,1.6664605427702204,22.319037171903776,18.671793040088144,1294.3291046984828,0.4053183645009994,0.1409384233578107
Egypt,61526,65848,Markz Al Idwa,8.240308671275471,11.13290229764234,252541.34119813135,0.0368939863008632,16284.137464907588,290.2773328357765,0.6851236418440431,14.137635949678367,10.459673719011484,7578.3827278332765,0.4892248259303626,0.0896262201808299
Egypt,61526,65846,Markz Abu Qurqas,12.622836558652589,17.324578229719826,568599.2664439202,0.042416189164719,21628.72027247336,290.0212688251725,1.0488633781651733,9.226770986465452,8.341680715881276,8002.613668763103,0.5022660193426836,0.1122480990161903
Egypt,61526,65849,Markz Al Minya,10.52041016333259,18.19933312064181,642288.8153398512,0.063866342280037,26578.784080044617,290.3607185862781,1.053138019031827,8.99203865343996,8.709338059628172,9999.88750345551,0.4552093681042656,0.1144705388252768
Egypt,61526,65850,Markz Bani Mazar,11.508963017456466,18.35986835347049,566262.7347508041,0.0356409459570946,18116.691528369367,290.2218623466383,0.9084686312347194,10.474769978691368,9.716652006465132,9065.112404735475,0.5163167776577026,0.1035203131296016
Egypt,61526,65854,Markz Maghagha,14.502433989996351,18.89644511084581,529734.4374598812,0.0365288612717422,17579.32430006949,290.37845689275247,0.8579811202852131,13.1682925857769,10.002843183641634,9270.994384017757,0.502227905989701,0.1023148361490455
Egypt,61526,65852,Markz Dir Mawas,11.63301861232133,15.684604266549986,366946.9611659677,0.0430579443688288,19452.66204712716,289.96396624647065,1.028277419478222,10.8296696349211,8.625285718979498,6874.419468491798,0.5178747950528367,0.0946567919116251
Egypt,61526,65855,Markz Mallawi,11.4723596480091,23.4453121103278,683444.1548539526,0.0412524121921714,22126.12415549741,290.02558722873613,1.1091709623218031,8.196583680929427,6.724145803981672,6624.221783203838,0.5293152928352356,0.1245813249945727
Egypt,61526,65857,Markz Matay,10.7562828014619,14.15254707058334,289161.6029409808,0.0313924505180377,17093.65931143335,289.9507272755604,0.7957777678481575,9.85344994125667,7.682820458865768,4693.294809470958,0.5144117097916789,0.0994996815693915
Egypt,61526,65862,Markz Samalut,7.994188805860599,16.879675513918034,717261.6719456823,0.0605968741489122,26310.47124614753,290.276480092764,0.7797487402741022,10.359610878553672,8.88013600951428,13886.550558638532,0.4513866448931055,0.1210206074107018
Egypt,61526,65865,New Minya,2.1821613311374723,3.653656351020076,5237.79617248151,0.1713755346000074,24448.478686084032,291.730077909662,0.9349070247614852,32.650973600494964,26.053576626346864,1487.7320088790236,0.0998315811157226,0.1057518221055729
Egypt,61527,65872,Al-Bagur,16.89459728595964,11.811427874001756,365498.87688489433,0.0553377255407252,12550.824150495657,289.1862730648928,0.7497042190494118,9.428144688935085,4.330920860975237,7254.569120413058,0.5361825273587153,0.0623001404821321
Egypt,61526,65866,Zemam Out,2.763757745406588e-05,1.2812276866229144,3361.5777002523973,0.0061544861785961,22007.881384547545,290.1877583239206,1.6591396331933643,6.443470392807054,13.054417242942309,19740.97395074402,0.1227639592675507,0.1238187065336737
Egypt,61527,65873,Al-Shuhada,12.99956491275455,13.022319130381398,304037.59677290136,0.0452697776400495,7956.590546673541,288.4868904799724,0.8469267692017033,6.451826389175476,4.95895357964665,4568.37380785543,0.5516746680554152,0.0661170967396888
Egypt,61527,65874,Ashmun,17.99548338753131,12.071207962446712,762846.2725123715,0.0470590786648859,9417.942520017412,289.24287051687963,0.7235197517771625,9.580598419194445,5.14640726040449,13694.995803061038,0.5263060750986366,0.0627214467548206
Egypt,61527,65875,Birkat Al-Sab,17.0012255632733,14.923633508007477,286253.9549939968,0.0539439560554192,12518.10502073578,288.7139071372707,0.7367668878502827,7.669828805418643,5.585647172107951,4044.616545577477,0.5514904387436019,0.074351844552518
Egypt,61527,65876,Minuf,15.23479993069376,10.245177162987297,402049.0360470286,0.0481234562584118,8643.740587080372,288.8301229938,0.6608202647174292,6.431171240695992,2.811958071482737,5607.502136578773,0.5557485175315242,0.0551650765871718
Egypt,61527,65879,Quwisna,14.60999751399001,15.661699312463242,454996.10138804105,0.0688730914854708,19799.673927186475,288.7838062573909,1.0062481648471542,10.211995520779755,11.08009161400522,8433.786747802564,0.5450487024858355,0.1011490212033304
Egypt,61527,65877,Minuf City,43.11209010701487,35.524250513944786,106329.2556542284,0.108966960742885,22602.72412336674,289.9508672373689,1.2963234162186197,15.920128516251475,10.218251047161186,1280.3529239658246,0.5091094672679901,0.1276199451155485
Egypt,61527,65888,Sadat City,0.6148528802560533,4.302689250231366,169156.71356802667,0.0953292241495746,29374.80189667604,289.5385116033166,1.3228575342274491,12.915233272175476,19.668160013948008,21773.81709754745,0.322132753598668,0.1279305465621519
Egypt,61527,65889,Shibin al-Kum,20.779344522574355,33.7790444817582,633033.2167324567,0.0707827346282263,17144.705646471186,289.01382545445074,1.0490107366876469,11.831542372932798,13.241929060812446,9965.77773802938,0.5526467023947236,0.096873618564952
Egypt,61527,65891,Sirs Al-Layyana City,23.61004566673582,21.407918402774374,62518.476263282806,0.0508488958213544,9811.79595406426,289.320436524969,0.8049151254342634,12.259223006672851,6.434431761768495,930.2106115925998,0.5497195416123327,0.0775042724372204
Egypt,61527,65894,Tala,12.246107903579876,12.991234058960586,356952.5131682137,0.044306518666608,8518.785882739134,288.2935403621656,0.707311816190681,5.705555854358463,4.375998835027773,4526.519518101919,0.5498988131376413,0.0667845861520762
Egypt,61528,65897,Al-Kharga Oasis,0.072020224968691,3.296178600483393,8329.091495808418,0.0014694375180117,15203.34440527006,291.53499472147206,1.1342691597032906,6.361751067460632,13.032352072676092,12553.755647615357,0.1816031003830044,0.0997606597034633
Egypt,61528,65896,A-Dakhla Oasis,0.3277306584660229,9.028708953255984,1317.9737656898797,0.0002660220959965,27898.53244026424,290.5729058269455,0.9776510270501784,5.160634400521614,8.660897863555839,7766.75477278503,0.2684527273688997,0.1085439917129151
Egypt,61528,65898,Al Farafra Oasis,0.0,0.3649086494927912,4860.3006229661405,0.0015195004601109,17718.36364517813,288.87946501230965,1.2514796536759354,2.971640633306157,7.477985486427379,2891.406336206891,0.1691431121693717,0.0979869005526151
Egypt,61528,65903,Paris Paris,0.0,0.0,0.0,0.0001812388222838,0.0966680544089894,291.53518016552493,1.533348150956284,0.8221546277235593,1.1119162787294028,85.40413307360535,0.0999540222110226,0.0837818713601634
Egypt,61529,65905,Al-Hasna,0.0194479608103301,0.0951939527501192,863.1640506806186,0.0012806372221035,0.0,287.02800327115585,0.8343436424105882,7.948545469775823,13.23482420163592,900.866324007808,0.0863721370697021,0.0112344654230461
Egypt,61529,65907,Bir Al-Abd,0.2255775181903196,0.8018265667352436,24270.84409214186,0.0070206010740828,2671.8186933303773,290.01022913179247,1.3574837251484413,3.936632597355664,5.805016896760823,2177.3746462597546,0.1142123697532547,0.0324849911352395
Egypt,61529,65913,El Arish 1,9.036273331892527,14.994102838513587,78182.92348349301,0.1913938154784129,28058.659686068484,291.30139896725865,1.316680192140682,24.938740019004108,20.278389456488107,4692.884077693773,0.1258373040409766,0.0575587885718325
Egypt,61529,65922,El Arish 3,0.9032578034011868,1.9828892561431184,9621.1845137701,0.054525778635244,10118.462569331874,289.7605715722356,0.5040731759734188,2.384112644604024,3.9179525431283415,339.7687749708033,0.0985091164708137,0.0097832734253657
Egypt,61529,65914,El Arish 2,1.3703746827806091,8.417864567665863,25873.670693146112,0.1028656190173739,17522.866806672217,291.168003332851,1.3278701285580743,16.467127301437188,10.603512688630332,1607.6436634089373,0.116302335920327,0.052385594487472
Egypt,61529,65927,Nakhl,0.0125624770521621,0.0634594910360858,1918.5021933171656,0.0068825325700475,0.444332480241875,285.9181285200031,0.8661741344327653,1.5454002474481618,5.205873357727242,1086.2406225553675,0.0954941278323531,0.0126103713685447
Egypt,61529,65925,El Arish 4,0.6121214552822045,2.71203173065044,14693.836762498388,0.0067291420059758,8769.035279860567,290.4727290434668,1.475317735691001,6.891205460450612,14.423114556844936,990.739150531686,0.097363518550992,0.0202733864155667
Egypt,61529,65928,Qasima,0.0224482810319659,0.0232175179674754,1248.5286090212885,0.0038743320194789,0.4284784125250652,286.95002880211973,0.9195927086672782,1.148722114898827,1.649671289988655,217.1129845084857,0.0987271751309263,0.0122571070537224
Egypt,61529,65929,Rafah,0.8116903971590234,2.4667570719502265,93152.76488472513,0.0806285145093653,19464.69988902847,289.31044587343507,1.2748898232268513,4.589722467962798,11.061320125829395,6423.415587927956,0.1475342912297548,0.0534610311452254
Egypt,61529,65931,Rummana,0.7611876810458984,2.3036364457212954,30512.43523960209,0.0503286866102904,13018.69071206372,290.4596033853541,0.7944105987282023,5.5627807101803,4.582094210844007,2431.3932817013942,0.1471555382013321,0.0442510664015506
Egypt,61529,65932,Shaykh Zuwayd,0.4994551346726797,0.5307862473949416,26147.37731199276,0.0132352360614831,6036.101440936565,289.5869231108617,0.946852782707146,3.5638788419140592,7.1321456151423765,1751.3319909029442,0.124034480880136,0.0306160178116012
Egypt,61530,65933,Al-Arab,274.534387588501,104.0677871651126,52212.39686737807,0.3063714777519277,15167.571029584797,293.64389594024465,0.2269288254655997,121.47724980248842,17.112042372747574,999.9244993546008,0.1360538601875305,0.0164204274657677
Egypt,61530,65935,Al-Dawahy,202.26038869222003,113.0551481451136,117227.64955029206,0.1142319025340033,31314.88045642199,293.5743101455363,0.2851800423061549,84.96527832211085,19.616887975546053,1857.5742221402663,0.1254205852746963,0.0097517793906274
Egypt,61530,65939,Al-Ganoub,0.2613140582301379,4.524233198620849,31038.46544645288,0.0557350510245053,27627.42738203277,291.5642012057757,1.7830184179445103,5.795578818852111,16.335102100055234,4262.841407226355,0.3929751813411712,0.1594139749226989
Egypt,61530,65940,Al-Ganoub 2,0.7970304308128972,1.4609460510662484,25428.91883758427,0.0949283099391322,27704.510049790624,291.3259452320796,1.5461760557096904,2.2864702485003323,2.102907836304626,1284.3058553076396,0.384354578597205,0.1451101083937819
Egypt,61530,65944,Al-Munakh,177.1319230326106,96.13800486158011,67973.82845003463,0.305218835636407,12278.834867461974,293.7439799109255,0.4270599032338721,105.0131073562883,21.38721412707353,1539.3686090110027,0.1212663501501083,0.0679839349766843
Egypt,61530,65949,Al-Zohour,389.0612095424107,204.77435220869296,234799.2370597404,0.2083178466107189,30775.494144376196,293.9705335222001,0.4117537146596373,71.24838322799022,15.880353160636986,1732.593036850068,0.1227573305368423,0.038396047273717
Egypt,61530,65946,Al-Sharq,70.17156792418356,66.28155042197231,34394.04891014847,0.2643669234323749,25250.924606550838,293.6956275401429,0.4698338792183046,120.53141255693292,23.0871574718093,2153.967243223308,0.1246741414070129,0.0242644791966371
Egypt,61530,65951,Mubark-Sharq Tafrea,0.0423757367652263,1.36550039107845,6816.676811613239,0.0429567974195985,29719.51838613053,290.60254215638673,1.1263128152918642,6.2605258244453,22.504096698777712,3846.589821947514,0.2944196007233493,0.1328976069787106
Egypt,61530,65952,Police Department Port Said Port,0.0,85.36694539419486,18674.12114330412,0.2518589354193563,23750.07131555306,294.0111620934788,0.5430261268050495,82.34633879498698,25.698423091428445,2621.8428418686244,0.0782804861664772,0.0567294104768924
Egypt,61530,65953,Port Fuad,94.46596145629884,94.53557480473302,51479.90953971451,0.1623685415644339,26883.61170752121,294.1060985349281,0.5054787759953242,49.23627725499308,27.53595176616055,1113.512199723706,0.0215408056974411,0.1330109264942998
Egypt,61530,65958,Port Fuad 2,5.788091426162415,24.95967023654929,9259.02183958806,0.0493985127113112,30148.49179876333,292.83365036869634,0.8190570550600607,21.87764526271005,22.18971765883286,700.4278271559409,0.1190159171819686,0.0704476162378044
Egypt,61531,65959,Abu Tisht,8.7335623763937,9.652159745263717,250150.9646107852,0.0347946983477074,18618.953521594405,290.1030274957743,1.0740586139691863,9.45755197419462,5.648729465338007,6076.236068565796,0.5048478882888268,0.0809809566400191
Egypt,61531,65963,Al Waqf,9.264567245747704,7.7744229868607535,46764.80038307791,0.0641372310917241,25400.711558289,290.07858203345216,1.191368214792303,11.563064214478125,6.837756359419593,1991.2050030829944,0.5226331551869711,0.096702556522687
Egypt,61531,65966,Armant,6.691772800455174,9.330726948753934,111859.18019509982,0.0550609939533719,23630.604229381657,291.4595133503838,1.045131860929525,9.24437504969304,7.914780878676727,4315.383030550236,0.5020280612505953,0.1056968990140611
Egypt,61531,65973,Dishna,5.752548480704894,11.2223477133507,217295.97426102147,0.0559814906254063,24170.22227426771,290.22692373919034,1.1076697394254824,9.067637605271164,6.538198895768133,6009.603492415832,0.50653025942803,0.0881328659988494
Egypt,61531,65974,Farshut,9.25597059278087,13.489437945277992,99089.07268700335,0.0348750002513275,20231.16003790764,289.60173779560535,0.8877608440645309,14.703393444164226,8.416881166029526,2653.7607053890742,0.5132899517766094,0.0982501478061534
Egypt,61531,65976,Isna,4.8586730978574,9.149751089588612,234046.85089611192,0.0627254083892038,27270.581064392845,291.1412312341376,1.269070878361017,14.42567934653332,13.477347683029071,11175.715217988252,0.5053140067313721,0.1228394408061064
Egypt,61531,65977,Nag Hammadi,10.235730417401754,13.663992479583497,313373.1576339813,0.0668668487885002,25401.812567412235,290.62335860836055,1.3036699531210467,13.174252238100207,9.06251518067599,9856.613878406712,0.4970541436150555,0.1052895640362668
Egypt,61531,65978,Naqada,7.069504320115207,8.860826418238776,95788.21373402535,0.0818911132796326,28338.02056162092,291.3664565552169,1.2895028421790566,12.633910921925455,8.521441044235141,4949.272672728404,0.4943675935268402,0.1038546235868711
Egypt,61531,65979,Qift,9.713071590535586,10.274397165999062,85333.45907281677,0.0567872447900614,25125.440601053466,290.8088139884036,1.238187528208789,11.22684711995499,8.22980613658369,2379.959508876105,0.4909571468830108,0.0922675927534214
Egypt,61531,65980,Qina,11.008407625646676,17.609246736866325,376721.0813775288,0.0805131604949096,27339.078050844524,291.6924355861892,1.493011914295361,12.911248454928645,11.031801614401411,10789.753120569776,0.4869883039167949,0.1224784339750928
Egypt,61531,65981,Qina City,0.0,0.0,0.0,0.2006349496354731,17184.594113461393,293.5329704953642,0.7201340910200024,28.643272167078894,15.422023879815963,690.0220428328065,0.1613680571317672,0.0525796294750887
Egypt,61531,65983,Qus,10.448553443128556,15.741189135499448,248865.35969027076,0.052150268739978,25678.76735448895,290.58083242906457,1.4689525892030726,12.86648156325657,10.64608446139828,6434.4012878085005,0.4873838350176811,0.0803190506252892
Egypt,61532,65985,Hurghada 1,0.0067022594417636,9.312886817317231,130398.31413265104,0.0050481245066329,11747.039337920249,294.4233560597873,1.1437708383916358,35.84080444210554,29.96665047468358,17670.922111700856,0.0849430573483308,0.0487667058736186
Egypt,61531,65984,Zemam Out,0.0018012487161101,3.8909066927267775,10587.286848397054,0.0079373067614175,30178.495264551395,291.727045484938,1.3181898129164982,11.98545908972119,13.082315669369484,26366.975957778843,0.2952120739478036,0.1348716765563468
Egypt,61532,65989,Marsa Alam,0.0136269930490128,0.0409967651785598,425.6639820309956,0.0011694584259671,6373.425512385249,294.23342490210064,1.2241461716216575,7.354710091806493,13.959116835379634,3217.700086165521,0.0674912614565818,0.0417232330213648
Egypt,61532,65987,Hurghada 2,0.0193594830614158,1.8702296200406927,21305.352328527017,0.0029010047158255,13875.22318400412,294.66728594359955,0.9099159594302356,34.99050684871198,58.381844340885294,11292.1912572859,0.0799742348085562,0.0588482936297806
Egypt,61532,65990,Qusir,0.0467686971645668,2.854636452669363,20167.73055068578,0.0014698318410861,5263.961716929352,294.4100559012334,1.1707113826889752,15.689286113700616,18.32490744748916,4106.163045710396,0.0850095363446616,0.0321528990489333
Egypt,61532,65994,Ras Gharib,0.0272367206221601,1.1275717655649928,10130.255196732742,0.0016457871718443,13940.016503189476,293.39173821942416,1.3327628225219506,17.419936714934703,19.66393097625204,4767.939149093598,0.0887070802314805,0.0267134951254218
Egypt,61532,65995,Safaga,0.0391233011955756,2.768361889812636,56516.08865008524,0.007184250427318,12608.514989752684,294.70318330902137,1.534401103781686,18.67740248023905,22.90925557403895,10099.494101147928,0.0799317383063565,0.0548649068614696
Egypt,61532,65998,Shallatin,0.0078254368325526,0.0571332599265196,73.49945749940156,0.0001286410427779,0.0,295.22831794129246,0.9616675377390214,9.523577894751265,9.491685982995527,729.5060667379466,0.0766064045684678,0.0252166837561535
Egypt,61533,65999,10 Ramadan 1,33.56379375472774,19.13120281528236,69984.81162494115,0.2955204062943355,0.6732454286556906,290.95450125200705,0.7475609503120081,37.56986086809979,27.768280052469443,2702.2306595365408,0.0871605550249417,0.0145221958019811
Egypt,61533,66001,10 Ramadan 2,37.29711997958198,22.040845517665147,73455.85062143474,0.1319236740622786,0.0,291.22650926110083,0.4419957814945265,31.616292770226288,21.288503182149185,1393.8445620505254,0.0931884199380874,0.0156840623292663
Egypt,61533,66002,Abu Hammad,11.093385489589895,11.406993919044425,419008.81632082886,0.0460072958099404,13619.764960258808,289.21024527241684,0.936390623303859,9.016482537690615,6.008958585118231,9875.629567889857,0.4788992445160979,0.0791365291937788
Egypt,61533,66004,Abu Kabir,11.960099608745937,14.850981341654013,383245.2741714423,0.0455917601079768,12090.913101032049,288.8954675733693,0.7206811542264463,11.42633957235406,8.71849364958471,8438.911888868393,0.5291647889754401,0.0817069842513271
Egypt,61533,66006,Al-Husayniya,1.4740909555859147,6.535836438056654,599982.775711006,0.0640480836974965,21435.21131519497,289.9932545615158,1.6842654366413752,3.845801401978415,4.496278022919174,14123.84892371993,0.5097507742405794,0.1339168599199034
Egypt,61533,66007,Al-Qanayat,16.40430984390701,19.399487408136103,52022.39770283275,0.0524131077168034,12568.51061660383,288.9359853352533,0.8079844728812726,11.713418312404402,7.447032529518973,871.5701923904357,0.5341293215751648,0.0787101667625764
Egypt,61533,66009,Al-Salhiyya,0.170355410282785,1.6344065966786387,25331.05863644672,0.1093309002182553,28497.61743655055,289.2420759828756,0.8667705073269795,5.683080132555461,9.708197618578886,11256.866833855798,0.3759897369409543,0.0824566645613204
Egypt,61533,66010,Awlad Saqr,3.9982904481704606,5.858894789311925,211138.78197996697,0.0348303059140739,5711.998666789022,288.33765942296094,0.54128796802058,4.614396079080992,4.652371982885519,4430.507871411889,0.5614303900272765,0.0597273675019261
Egypt,61533,66012,Bilbis,15.488099899616504,15.510485904993704,715979.7775951262,0.0732896526379471,22004.232759074315,289.4785567145439,0.9244637166921168,11.318989610021744,9.807641002241454,16459.897138115426,0.4657987082997958,0.1244158550557171
Egypt,61533,66013,Dyarb Nigm,12.502484926764213,12.107659492788937,425467.5450751848,0.0422676615224115,7618.252241713504,288.53193819343403,0.6981505658553802,10.99261669204369,8.376891916868441,9090.33359641034,0.5597763207556623,0.0743080538099132
Egypt,61533,66014,El-Ibrahimiya,13.240814584629964,11.850434731507564,153684.68743484552,0.0398931189042736,6905.0911001911445,288.4931406535839,0.6986616626716321,9.859363493927372,6.840948433783129,2831.9185088204576,0.5610913433889045,0.0721781358863128
Egypt,61533,66016,Hihya,13.018098441166115,11.342236047608337,247608.2309198728,0.041575941202082,6540.308186846555,288.811706839667,0.5762928039923196,9.373009939422037,5.057176412738899,4987.764536234558,0.5494037196040154,0.0638181067321516
Egypt,61533,66015,Faqus,9.940026545208411,21.888106680471157,693668.2498326096,0.0415363964217826,11737.051898712678,289.16137528097187,0.7123336855934951,7.970492620648629,6.861303901235263,12512.204343229436,0.4893618681966842,0.086297677681392
Egypt,61533,66017,Kafr Saqr,8.992325572011957,10.482989492058852,262769.4348014781,0.0411156036695429,9896.785439628718,288.55531917590923,0.6603257418174395,8.335142179735236,6.764924446224207,5341.780158583815,0.5437357735159815,0.0720741566257074
Egypt,61533,66018,Mashtul Al-Suq,18.880360734514465,15.506481154396717,192629.6565662749,0.0481616018520011,16825.15219367975,289.0200550287476,0.8749189010499283,11.876685060353918,8.02468093169921,3025.4341496096863,0.5324683442478882,0.0863377413333036
Egypt,61533,66019,Minya al-Qamh,15.497171188967473,16.934880941592745,693813.4596152534,0.0496293695054148,13512.753421734704,288.73086732126245,0.7519885942936834,10.51128420886724,6.754775567644359,11851.65843874855,0.5342291974389863,0.0739898797664672
Egypt,61533,66020,Qurin,25.58818090197804,20.471995642585725,77699.81570053042,0.1088811008427901,24761.046675485177,290.14346936497844,1.1174978605822352,13.197634050237912,7.229463181638587,1251.290974245498,0.4143359462420146,0.1064024184793659
Egypt,61533,66025,Zaqaziq 1,508.7234234809876,152.47700583876247,152505.29422913346,0.3047547090260742,12190.81651106275,293.1625734762792,0.7389600066632516,62.557493388336944,10.943602188296673,828.457471264368,0.1346423476934433,0.0361952732712841
Egypt,61533,66022,Zaqaziq,15.860797922683483,27.88314949635977,804405.8637951338,0.0469511139951896,14001.799099033464,289.1280602112493,1.080807849744045,13.132526994775803,11.988335507905887,16469.527854201257,0.5178721450716273,0.0961442825506507
Egypt,61533,66026,Zaqaziq 2,466.841763829076,235.5149536864533,195053.5866956281,0.2543388759842199,25792.62656148071,292.6366735597713,1.441452860975074,55.51106695460711,27.281054418685144,1129.3780994529477,0.1395359635353088,0.1542674888425866
Egypt,61533,66027,Zemam Out,0.0002603086177164,2.276565055665632,4812.87432475362,0.1303711540430214,20972.66428894376,291.0804236880477,1.1990586014373756,37.56314477323598,36.63934713459854,61873.42284467392,0.1191803628124172,0.0919536037011259
Egypt,61534,66028,Abu Radis,0.0251537971268022,0.2437372192971796,5329.3573019975365,0.0053430725836678,10476.131628391548,292.68095722886284,1.3407730843525487,14.180243265204307,30.83116547849189,4799.094800119204,0.086869195168644,0.0427555520206042
Egypt,61534,66029,Al-Tur,0.0288228365975405,1.3530343631029078,18611.338325471515,0.0069829167694055,8400.196183383981,293.57416266999667,1.0993131442423498,10.069319878781966,20.142094479998008,4917.421465978812,0.0838895278426845,0.0417033224863938
Egypt,61534,66030,Dahab,0.0165866176663508,0.0162198683458789,166.22696317167157,0.0005772980038291,22525.711807367406,293.8592972181787,3.373257204787825,1.467282984695972,2.2175037637719037,15.253988989917731,0.0976636633276939,0.0099475881165615
Egypt,61534,66032,Nuweiba,0.0037780376143097,0.1958870954836838,3976.708990602812,0.0046707852857243,16065.750528401482,293.24209115108806,4.786976952823993,4.343798121157985,9.21332363236723,1849.1633774281715,0.0892256747580111,0.0264918656471761
Egypt,61534,66035,Ras Sidr,0.0054285261148444,0.3067510324476395,9315.394313326531,0.0068640730676368,2133.5853863277266,289.60127622216555,3.3406161754543047,5.382154574975,9.257411304996872,4574.198194072871,0.0927910472133329,0.0502983117785289
Egypt,61534,66039,Sant Katrin,0.0144288774368199,0.8520081650367409,5015.554245148199,0.0018213748248783,20535.92766178169,291.63546078190683,5.565051696201347,13.066083816911744,13.744852036356892,1354.876032497178,0.0924469273198734,0.0351105584658188
Egypt,61534,66041,Sharm el-Sheikh,0.0517506393651053,2.287411792636433,59119.271419709694,0.0140700703096707,18578.00173091896,295.4612379801757,1.2262741752975308,43.75725204795384,43.12491227822584,25753.45939062338,0.092690601517946,0.0419320852720576
Egypt,61534,66042,Taba,0.0559731088358812,1.4104456564685053,2096.6379794206223,0.0410933481774017,22278.372524138424,294.38210859371657,2.487968999998128,5.633270365016097,10.044949550679696,316.8548895899054,0.0882090330123901,0.0325742822467584
Egypt,61535,66043,Al-Arbiin,51.49236839256636,46.37933600812136,269845.5766747389,0.2280978964432685,25278.94875175556,293.3822408121966,1.110940321751005,78.40954884457337,61.827232134425,13590.066001112193,0.1147877450286633,0.094106677071145
Egypt,61535,66044,Al-Ganayin,0.3174167639133318,3.3741139177240704,92065.40626877792,0.0438835782247013,25689.308755145237,290.92388434960554,0.8204908883380114,6.297799448593471,9.138303857344958,6999.12733463939,0.1977951391627994,0.1271087353743585
Egypt,61535,66047,Ataqa,0.0390403978426,0.664674086159091,27367.983635953584,0.013927418771017,16486.11782739935,291.6847442507492,2.0264160352382894,23.172713040633507,27.260471582766097,36428.68625387402,0.0840962305267043,0.0386141431914354
Egypt,61535,66048,Faysal,0.3650138034101312,9.932509634530977,147787.8882025259,0.0326011135273872,3499.5426914510326,290.5720406586634,1.599493002738366,13.354952120856264,23.02684522903272,7791.593301475093,0.0907118668687537,0.0477335838388829
Egypt,61535,66052,Suez,25.1122395959778,48.98571988316736,53930.352736471454,0.1475862074709807,29216.459394772563,293.50855376904315,0.9459663090238168,54.10678107925097,33.90252434333798,2213.7099882346097,0.1010978892445564,0.0603407874088905
Egypt,61535,66049,Port Suez Police Department,0.0,0.1182418296290036,4.406708354254562,0.1877431103446692,0.3307189138830738,292.8363756019017,0.615273883450771,1.6264800955630598,0.9517624224978608,4.031119295670015,0.0534713752567768,0.0580764996875272
Egypt,61536,66054,Akhmim,31.013895246189257,31.85699696714298,364504.9319255029,0.059745461192919,24783.911167410464,290.9361291983262,1.4085911484069114,21.590365835081407,15.880749233809407,7949.149359970405,0.4585387568217245,0.1267294611636542
Egypt,61536,66055,Akhmim City,0.0,0.0,0.0,0.0670002026099106,0.0,291.33733445262567,0.6732384438164388,2.5449710447516507,3.8310270471211343,39.052830188679245,0.1040785238146781,0.0600596277741311
Egypt,61536,66059,Al-Maragha,18.44067599941428,13.777175113490705,367202.5635492021,0.0398430894628792,16794.50344618968,289.80538447636616,1.1287826705952786,11.82744172351974,6.224342157460065,7449.01556172155,0.5011377983786606,0.0790187356769179
Egypt,61536,66056,Al-Balyana,23.46543558447385,19.91654645378982,461039.2495608571,0.0410726127754342,16754.858805892454,290.128055898138,1.0968251290384563,13.96155177187728,7.646467307637287,8704.178886422487,0.4992245424293842,0.0735286209908319
Egypt,61536,66062,Al Usayrat,22.254159574958937,13.904198617478084,167821.1239734518,0.0593190847972139,20509.93062877193,290.3271913159065,1.2462612824440644,14.546191902357895,6.440951748117306,3978.240875570352,0.4893599357251282,0.0626821438383618
Egypt,61536,66061,Al-Minshat,22.990212678372664,19.76331312643148,377792.87445024366,0.0416426851336568,16250.799782061704,289.7970470563876,1.030899152856727,12.842813833467869,7.643366225269413,6776.775130102363,0.5185944687250077,0.0784454503901216
Egypt,61536,66065,Dar al-Salam,16.26536362335301,10.590497619110677,370121.8839655821,0.0419945887799883,21639.49106779824,290.4894278900453,1.3587327400654825,11.961484258245738,5.713160814586904,8842.304425946482,0.4833179650348346,0.095985775673674
Egypt,61536,66066,Girga,17.922779585885102,42.88233063541651,448340.6091090943,0.0510059607177058,19613.1482898526,289.85775953763385,1.4184604589769318,16.408887948013692,10.83706304333512,9129.004374152177,0.5146692684423425,0.0858477500737322
Egypt,61536,66067,Guhayna Al-Gharbiyya,15.99930040029091,11.843584697073858,242472.36651290825,0.0557917563060531,20452.53684155603,289.5403426385617,1.0441794635151198,13.626803500014333,8.414392978333037,6782.247136514979,0.5028960752137152,0.093076794084887
Egypt,61536,66069,Kawther,22.032677710414124,32.38266670315909,4231.91061316378,0.020074626197375,1586.7249610568356,292.2650895528188,1.1325364189406415,22.609965464774483,16.021645196038552,134.50712788259958,0.4350555837154388,0.141512471957044
Egypt,61536,66070,Kesm Tahta,60.31249048012859,73.14767055614654,133844.5397505947,0.1161545512052145,26496.638378971693,290.6644507237424,1.9033301971666896,28.213349329510063,16.74505305728347,1619.1143297570595,0.4615583419799804,0.1384343446438146
Egypt,61536,66072,Saqulta,24.36689907270475,16.384752261305405,192342.44075736392,0.0360863645101377,18743.98776529151,290.5132290123394,1.0624832072564514,12.955647724199215,6.674878058180183,3506.4587581699343,0.513075758223428,0.106777497307939
Egypt,61536,66073,Suhag,21.990768464587333,41.74199507325032,616945.6601400215,0.0513264750299558,21056.5421772399,290.1839693921993,1.336640402864652,17.36307296686467,15.157410954341982,12230.07196448391,0.5108277592368012,0.1024028566179796
Egypt,61536,66079,Suhag-2,288.5306200504303,114.43400646641228,92261.02351668678,0.2000006062084874,29162.95636887384,293.7631249061882,1.1104499033897717,63.87996955176203,33.616980321910496,946.926607473178,0.1764072477817535,0.1093081011357502
Egypt,61536,66090,Tahta,15.54146448004337,13.547670598517096,296659.3853552522,0.0449031009481587,18141.08541222469,289.63586406409195,1.3038523036155507,10.291537679669968,6.3835249106597205,6095.092562584778,0.5208935715424511,0.0904048275071651
Egypt,61536,66091,Tama,18.494297421249502,16.56218656054311,388256.5857489714,0.0393018566132106,15346.4223547879,289.42157674047684,1.127861637601987,13.345350309972838,8.784302856420371,8286.31117893698,0.5124854526948184,0.0732429222964188
Egypt,61536,66093,Zemam Out,3.836887485123719e-06,2.0279716947035817,10503.194309211623,0.0071429764416734,29900.13383822931,291.4104172568987,1.3916693015175263,13.658419026601235,17.349283301794163,18438.276499208525,0.2667138591546101,0.1326829799002167
Egypt,61512,61579,Zemam Out,0.1330477335709207,8.28721316939598,40429.57917558512,0.0018689797781557,27694.019901657783,292.56363088689324,2.192423366465751,10.360640862974318,18.10082473996402,23275.646943259697,0.1271488338563316,0.1494856374219106
Egypt,61510,61543,Al Raml,535.5728530030549,154.49147904380192,407176.7177620831,0.2541487512970453,23601.618742808358,293.3631178605578,0.5496231745840239,58.90018062017328,14.533667186925978,1744.1382896585428,0.119572140276432,0.0443706677707494
Egypt,61530,65942,Al-Manasra,0.1507835322642628,4.167275495120448,4165.942343902956,0.0156942785073248,30711.55254930329,293.80396439908185,0.8354241031352395,74.01160129807799,111.3768633858928,9608.73753950655,0.1029205672799896,0.1159816787267779
Kyrgyzstan,1752,18628,Jeti-Oguz,0.3106379963048458,0.2845554496485048,16979.633786606835,0.0022498527443924,27323.620181511087,273.571607279505,2.158708487247869,0.9840521065261588,1.1433192989105456,1297.4784909965435,0.3538718754830567,0.0756831702909992
Kyrgyzstan,1749,18612,At-Bashy,0.0810897553727392,0.132071353744569,4880.420335631338,0.0005919574161628,24348.3877642389,267.6904334797652,1.7420286568398415,1.02333503233865,1.5346632781909606,682.4962442343905,0.2958694756031036,0.0718508370246337
Kyrgyzstan,1752,18627,Ak-Suu,0.2774072865672319,0.2548885935066441,17949.349155485856,0.0030837549867303,27417.80419031424,271.37211813256687,1.447160329852628,3.4061357565256967,7.440524477880379,3957.622528995016,0.3266855377954164,0.0566980401907505
Kyrgyzstan,1748,18610,Toktogul,0.0918354702595829,0.7518567148810091,43217.16228658733,0.0020158671882287,13759.846250894969,277.3459612149441,2.4698052691078147,1.2798310146408045,2.222063097539176,2242.369335498954,0.3368503832817077,0.0675528550846499
Kyrgyzstan,1752,18629,Tong,0.1103904136473798,0.2669612127631806,18159.781254963185,0.002094662562525,23752.69684291607,273.7318750534945,2.490571667934,1.8465188524144585,3.2679214084449764,2154.691987006829,0.2673414027943325,0.1000769188814105
Kyrgyzstan,1749,18615,Naryn,0.0757056503884041,0.5092010664402151,21236.309258723733,0.0014312382614711,20629.513818358515,268.95054100758983,1.538157788712127,1.0611053224427296,1.3231528232370635,943.3226316515868,0.2451368804488863,0.0658293619062862
Kyrgyzstan,1748,18606,Chatkal,0.0645195378297572,0.1280568231759392,6351.841695311545,0.0003958364631402,1797.1123142264607,274.5680372172137,4.313877076671128,1.0892086090587378,1.483035090849499,539.0899189831147,0.2412673582633336,0.0602968908056684
Kyrgyzstan,1749,18614,Kochkor,0.1292763136591083,0.1885030544058732,19259.490557389352,0.0017430511690844,18686.43123569369,270.1840470034239,1.3889480318523977,1.038184049940374,1.7494162424995785,1069.3295714385852,0.2723510244062969,0.065426772988124
Kyrgyzstan,1750,18616,Alay,0.1166305108919851,0.3005118434462863,17414.04484166449,0.0008764555582638,8467.949218325532,273.13737729245463,3.246691703935549,0.9387908207266482,1.7877445676210504,927.311801985371,0.3015885542739521,0.0716993862225829
Kyrgyzstan,1746,18592,Batken,0.2189112277419856,0.499489664177453,30560.795062618112,0.0019995978174016,16931.35243931945,279.9606072654712,1.7514374094575986,1.4918368316032062,1.9574026283670507,1779.43957137424,0.2599055563148699,0.0902430711358335
Kyrgyzstan,147294,18598,Kemin,0.1873420146904707,0.2877496326312109,18759.62025801157,0.0029504091173371,13968.8460405765,275.06725815113555,2.341026785852204,1.327501065699251,1.614593035909918,1186.952541104159,0.3522442638874054,0.037007364916236
Kyrgyzstan,147294,18600,Panfilov,0.1802597715071297,0.2144201369131585,13692.373078022369,0.0030548787240534,21655.366751297934,278.16959135596056,1.670140991320151,1.6218988362106344,2.251750248261425,1427.3091381909162,0.3664959472016842,0.0450885341645598
Kyrgyzstan,1752,18631,Ysyk-Kol,0.243759454068053,0.2768030341531347,35817.90857183728,0.0065444435333958,27842.96787099015,275.86488654795363,2.6341217715409395,1.9549106235846847,2.3614381397659625,3120.497334211412,0.3456064358353615,0.1145264682928525
Kyrgyzstan,1751,18626,Talas,0.2501814163285412,0.9747284007005484,51339.970291525744,0.0048041844590882,26676.06566715933,274.5395319502693,1.6052677711091698,2.55472747386806,3.911569890324862,2622.8134656814223,0.3330624131929307,0.0547160140008487
Kyrgyzstan,1750,18619,Kara-Kulja,0.1731094081513137,0.5950299527110565,37886.46955115687,0.0016719291355918,12511.564883799225,275.2471103551106,3.4087469184274126,1.0034541671367505,1.317287350885576,1034.6871699781789,0.327319670182008,0.0678953665027206
Kyrgyzstan,1749,18611,Ak-Talaa,0.0556785568565975,0.0655670667200044,6233.384083736654,0.0008206632496983,17941.28096231652,270.76931865801555,1.1140135505694233,1.0837515991109508,1.5324639747299318,609.1363988006906,0.2022175767592021,0.0689861356685167
Kyrgyzstan,1749,18613,Jumgal,0.1057592118826561,0.1172390647700336,9513.98653616382,0.001101404955483,17006.54594947952,271.5566718987008,1.6526772442583462,1.0987679221213371,1.200456200862561,692.4306178394302,0.2525725914881779,0.0607384419713589
Kyrgyzstan,1750,18618,Chong-Alay,0.0502268892843864,0.1876087174201963,4888.484842328731,0.0003037359389572,8673.23443247712,269.7585463835633,1.6992472233734093,1.077239054212915,1.1045049336034296,386.3063737745099,0.1787120943974164,0.0527936354564044
Kyrgyzstan,1748,18609,Toguz-Toro,0.0711912024545542,0.1750165173329599,6527.7466225183125,0.0006339486196061,11002.921858319094,272.676761126316,1.5142338658391197,2.181931344541185,3.05894904032018,693.854167564097,0.265257179737091,0.0492065752283206
Kyrgyzstan,1748,18603,Aksy,0.1754001865828929,0.9675463531382072,65524.80175363281,0.0039486164257044,12945.200507375192,279.37491608799854,2.1960427117146555,1.0208487389158794,1.6328646567447744,1922.690534844495,0.3448580854978317,0.0668531611787869
Kyrgyzstan,1752,18630,Tup,0.4972037717839866,1.82230657836103,59919.62682244803,0.0111595564787906,26592.895800336137,271.8701286144983,1.3305421134904811,1.1891468153556886,1.4432383507920512,1193.1059747526965,0.3574521559657472,0.0533916998101543
Kyrgyzstan,1750,18621,Nookat,0.8125933870076862,1.0905482932561803,141129.77736496515,0.010706316537159,22585.526969365837,277.71283988012465,1.9811454734158307,2.2429032951029466,2.548736356510044,5756.565231617651,0.3390794763198265,0.0773340147536135
Kyrgyzstan,1750,18622,Ozgon,0.5908114927320189,1.298510160765602,137765.78482590022,0.0089926816708959,15639.795543578814,277.72603385718696,1.7042489077936862,1.8047390974802964,2.678796297298496,4234.632740919543,0.3720279229538781,0.0493156921566429
Kyrgyzstan,1748,18608,Suzak,0.6841291133527694,2.867208766150026,244612.11108706828,0.0184880335431523,22217.92003501171,279.51545757930927,2.185296914910564,3.027679378713272,4.615673741579727,8461.995792677162,0.3448210431308281,0.0608985204154413
Kyrgyzstan,1746,18594,Leylek,0.2180782279155249,0.6125610261913643,57278.20836850771,0.0025134490069191,12216.899112237948,279.3640832289899,2.699396905741258,0.9816139511376776,1.2612728129509931,1673.517055363112,0.2410682002421815,0.0642305728037522
Kyrgyzstan,1750,18620,Kara-Suu,1.2726156850657206,10.461473393687186,508020.5011062463,0.0229593870144772,24983.173970230306,279.3362891759368,1.9710248537430437,6.060822067192633,9.516704682751566,19239.711249393044,0.3251251086111078,0.068747800955137
Kyrgyzstan,1748,18605,Bazar-Korgon,0.5860484285146855,0.9884070090412934,85841.09404599947,0.0113298652428924,16932.7194135311,279.958349360612,2.051169923220109,1.6694233382202233,2.322828475576116,2866.196922220261,0.357877451305588,0.0690207608628159
Kyrgyzstan,1748,18604,Ala-Buka,0.2835276598860953,0.5059730491297069,44625.83360049121,0.0058527047410795,19026.650139751586,279.36524733622576,1.823485943762996,1.4091526579947469,2.015717286588447,2024.6208042071587,0.3142617670354762,0.0860891005110874
Kyrgyzstan,1751,18624,Kara-Buura,0.2134575458468058,0.2316720681704044,22213.889870350085,0.0062407436439808,23353.699423380243,277.1083115152708,1.1758769565121971,1.5778891015038217,1.8443376411687156,1648.3681480376583,0.3182756476727388,0.0569959362130055
Kyrgyzstan,1751,18623,Bakay-Ata,0.3478484986222683,0.279774253994804,19113.28813215497,0.0079669095286292,26677.50612190497,276.5157406253992,1.0299852863311272,1.4938993197780095,1.4641510913449498,1181.7095125166356,0.3270940418754305,0.0574218374939892
Kyrgyzstan,1748,18607,Nooken,0.7574840596215973,1.3474090061767052,116885.95630558507,0.0074677862581634,16741.33228339795,281.75884551947775,1.352197246419579,1.9375507427650065,2.606216321658969,3226.9793647178058,0.3231700791497667,0.0716623063643199
Kyrgyzstan,147294,18601,Sokuluk,0.7822510850786644,0.710597846629499,91160.47878961451,0.017984360195138,20994.095012727936,278.030005148236,1.000611431719127,5.303684077661646,8.119689331876232,12246.892894436667,0.3467994893582559,0.0570150058067565
Kyrgyzstan,147294,18597,Jayyl,0.2666963754348207,0.4560921995354413,37461.49589328632,0.0072888911414065,21517.794729123267,276.3756501287185,3.97895665479946,3.149764820330248,6.077056309799435,4280.666263036743,0.3466763817950298,0.0632339186995664
Kyrgyzstan,147294,18599,Moskva,0.5932270647927903,0.6008833525914863,50082.6173649236,0.0139533879419209,23274.983182958797,277.8857067499833,0.9803470062656486,2.372765499878695,2.695727547048532,2639.1479733317437,0.365398953762666,0.0503609217342709
Kyrgyzstan,147294,18595,Alamudun,0.5975663517789582,30.0467836387584,942391.4354231956,0.0392247409680122,27068.83119471638,277.9241480845193,1.8560045766487951,16.89156237429242,21.315060976802947,44918.57259708698,0.305631466911101,0.0619883633956327
Kyrgyzstan,1751,18625,Manas,0.4723364537729317,0.530293801632247,22292.965854737515,0.0110528650635383,22322.173156911347,279.04640191675384,1.2421986128124816,1.378029546238064,1.2660075578331744,864.3217475502585,0.3777089454233646,0.0573796380232701
Kyrgyzstan,147294,18602,Ysyk-Ata,0.8431666890686779,0.7827197230379872,90231.7863395403,0.015037239947196,20706.66891338206,277.268666409535,1.930682834235559,2.907242973283526,3.9086510988071135,5167.208250232935,0.3486558412427507,0.0496677354335917
Kyrgyzstan,1750,18617,Aravan,1.435491774351206,1.561024654363138,95687.95459001846,0.0247365925438886,20339.33669083542,281.90606274572,1.4340398605222815,2.489037915137764,2.43336073944474,2665.437496323528,0.3508381034646715,0.0710317737194413
Kyrgyzstan,147294,18596,Chuy,0.6238326423008067,2.0645824754384496,67604.43543776264,0.0101918638105872,23201.08529337964,277.41281385486025,1.606016821991454,3.65428272683886,6.022849000984551,3172.7772381259742,0.3566081278098642,0.05565994660187
Tajikistan,2847,37575,Ishkashimskiy,0.3295175321779914,0.2130273637325662,7043.273948254662,0.0062239919092276,31679.11789656572,273.1067883625525,1.0762240600102233,0.3385180553865389,0.3724065268469554,119.997349264706,0.18290476500988,0.0782295014327101
Kyrgyzstan,1746,18593,Kadamjay,0.3146950638282951,0.9500787226188814,81148.99971392473,0.0039888221868425,16537.141176052926,280.32079410003337,2.3491849977149624,1.6683823140001148,2.3218116947456315,3984.17547794117,0.2821978095853664,0.1037397508342006
Tajikistan,2847,37576,Kalay-Humbskiy,0.1491781381616988,0.2319641902015433,2663.2042733450226,0.000484875890377,4149.350819900727,279.52949258350657,5.39334498880556,0.582450694018798,1.0777434486146904,143.52498748770662,0.2509392814396263,0.0460785410888489
Tajikistan,2847,37577,Murgabskiy,0.0054701394057036,0.003733182172388,25.992782137764507,0.0002242116331328,15482.488380037816,263.588857115764,2.9639904148943583,0.3649734042553195,0.3332902291418474,51.46125000000006,0.0754450522363185,0.060465452191453
Tajikistan,2847,37578,Roshtkala,0.0768151856283678,0.4440674607686282,3487.5947428200443,0.00087253597965,27225.59893267196,270.6917805322988,3.077730781679303,0.3745748795607206,0.4813630796964306,85.06962745098045,0.1500787536303202,0.064183987402352
Tajikistan,2847,37579,Rushanskiy,0.1068353456199598,0.3138482892029581,5995.952452461836,0.0019654683232706,28856.34064467182,275.3050679585063,3.5240789007506743,0.3260847304918572,0.3492220683225712,164.7277757352944,0.1767191883032409,0.0791865377064616
Tajikistan,2847,37580,Shugnanskiy,0.1011264548793743,3.025053155441427,32627.181034434583,0.0022149869648983,23364.87935249472,272.51135245287475,3.812742222847725,1.154103533556951,2.9584776221124995,970.1349044117624,0.1709529095159176,0.0663232788892347
Tajikistan,2847,37581,Vanchskiy,0.24026141749851,0.1846271340699993,7273.037399720511,0.0007576845739323,16331.593671600818,276.8217579054023,3.0533324904945687,0.3568806115929276,0.3452838881306638,167.02012622549012,0.231214410492352,0.0798366430466427
Tajikistan,2848,37582,Baljuan,0.4206931468687812,0.6866364663572244,26208.45433994656,0.0055901304079827,7756.18372611013,284.2219905639267,1.3035249252053465,0.7187271485903993,1.3311340848636384,408.7809982020056,0.3233281059386037,0.0387186854254954
Tajikistan,2848,37583,Bokhtar,2.755469291886551,4.620788519279767,365698.6399576516,0.0314640210883875,20509.29655967711,286.2646541695096,0.6728545120141343,2.2642687575643943,4.422258817991121,5052.711292762282,0.3643345741428396,0.0756385298729485
Tajikistan,2848,37584,Dangara,0.6392692622197326,1.207379785189015,103621.51885102697,0.0042354410488569,12415.566270904405,285.23752047730204,1.5004937344096474,1.7536534141694835,4.009330212367897,2435.322566009906,0.2840025507741504,0.0716265820708708
Tajikistan,2848,37585,Ghozimalik,0.534418479216348,0.5322769320426194,25081.362607882336,0.0024418506012431,3735.2658169519127,285.4155937527968,1.4567618933126782,0.5741876242786779,0.7562572674897355,323.5153212479962,0.2627315923225047,0.0701872474350588
Tajikistan,2848,37586,Hovaling,0.3072844576381422,0.688044353258108,52919.478896803645,0.0035889041956252,6246.61345024105,282.1085245066102,1.8673427638578408,0.4636675186414766,0.7378099930553138,674.3089449043075,0.348722875808202,0.0617488033860177
Tajikistan,2848,37587,Jilikul,0.4962599490640532,0.6283543381829217,24663.153736457847,0.0043230376988689,13278.558721020849,285.82070011688955,0.5519130475307978,0.5168461598214428,0.911692160743736,353.1538870390923,0.3196139216423034,0.0840965677753004
Tajikistan,2848,37588,Kabodien,0.996801276066878,2.23931206326857,145339.01254228115,0.0110098255110788,16802.065320632613,285.7266927205847,0.740175193422852,0.8119673217954904,1.1740587327403615,1804.3410457516352,0.3249337506360284,0.0837661995838531
Tajikistan,2848,37589,Kolhosobadskiy,1.3899613192546116,1.7752349943132368,114574.6731613858,0.012560055358786,10754.937714079362,286.0884758986059,0.4362199752278765,0.6675535854189327,0.5848669839178328,1070.9758510165764,0.3817934964673743,0.0790902665737595
Tajikistan,2848,37590,Kulyab,3.643562819056794,6.284693590359462,191542.21466770984,0.032183974812164,18852.22278595281,286.3260559095382,0.5483505759564693,3.3630464269772293,4.918784145213145,2920.390386682861,0.3463980623517935,0.0593818355906404
Tajikistan,2848,37591,Kumsangirskiy,1.003147433381821,2.5556445931643896,69309.70221183971,0.0062389452908441,13859.868969850086,286.0081856088632,0.5006397325061145,1.0099959728000805,1.370535776838398,700.2678352432433,0.3211870907792416,0.0899487298437597
Tajikistan,2848,37592,Kurgan-Tjube,2.9372678110874686,3.439608000637935,119839.3017302136,0.0144522205954223,10590.644253043934,285.85562191995155,0.4535544562258577,0.7700005299607273,0.6370365647079408,631.7748661980519,0.3641658120982672,0.0607802330197861
Tajikistan,2848,37594,Muminobod,0.7106213315339627,2.021498495993397,67917.55902854641,0.0054728204477859,10658.493731197912,282.28706925904334,1.9752844592201613,0.5132440298501738,0.7097498282083913,437.374485908204,0.3348991312156474,0.0466088102901905
Tajikistan,2848,37593,Moskovskiy,1.1259593229648477,1.6319052633593492,68616.12466438218,0.005917223007525,6790.83129236048,286.0094659073725,0.9611213802158496,0.6505950130847931,0.8333482731379245,484.443252154907,0.3465100944911263,0.0592247332282645
Tajikistan,2848,37596,Piynjskiy,1.8747202080009624,2.080367025393458,51834.3547820626,0.0116125281543207,7467.378020124482,285.9931267963205,0.5318520243525405,1.0423022135392073,1.2545771758324686,586.4482748530894,0.405595738440752,0.0601708522471801
Tajikistan,2848,37595,Parharskiy,0.71883893006914,1.4741772351642597,76121.80876193229,0.0027907706231145,7940.431959725288,285.7162899821228,0.928806485745564,0.962979848949194,1.3770636500959506,679.9997234544533,0.3426892072192985,0.0847159124268436
Tajikistan,2848,37597,Shaartuskiy,0.3897268299164472,0.338145424058759,21435.485483594777,0.0026138248690819,16502.771214183296,286.0595701345317,0.7385125617319899,0.4683369262438616,0.4089722678938914,229.0332864718216,0.3098215125501156,0.0827030016931378
Tajikistan,2848,37598,Shurabad,0.4997272948716259,1.1147163064216126,28861.936811756605,0.0023230090749217,5758.066966720395,282.03466972108373,3.451231376919677,0.7838812269231471,1.2308685579835517,420.8919601092683,0.2863465646331601,0.0372620244177023
Tajikistan,2848,37599,Sovetskiy,0.6515298577364897,1.679038684815988,43924.58700856217,0.0040766949220265,846.6432069563783,285.8676634431577,1.1899379182056489,0.7000372818437236,0.7568967188988164,363.0887487605205,0.2743668212440976,0.0497402043337201
Tajikistan,2848,37600,Vahshskiy,2.118257496945512,4.121664568217241,272611.1473474553,0.0105392367397898,10253.484870400389,285.8119560740018,0.5462111831812078,0.7927869149152632,1.154215810978074,1657.770291548809,0.358447535479,0.073104344317412
Tajikistan,2848,37601,Voseysky,1.74766998157854,2.3940336477881803,144615.16853764094,0.0105779047573576,9618.25922801699,286.1189756277178,0.8880684461618754,1.0960202097820204,1.7546437269501722,1316.771574387528,0.3386519691523383,0.0633453156461479
Tajikistan,2848,37602,Yvanskiy,1.8106815776077143,2.689750995337562,199652.3166692741,0.0199522887215499,17659.763442027262,286.0634670823805,0.8068637338141984,1.1964334016788254,2.170582391981608,2038.192332247425,0.3777576150965701,0.0653390412211472
Tajikistan,2849,37603,Aini,0.3120205101911316,0.3156274695708855,21691.12798186652,0.0008091142080881,9175.740821502384,277.43353547220687,4.896800859505356,0.4748324726410222,0.573459844566966,415.5100690590705,0.1964268609881401,0.0870879272690445
Tajikistan,2849,37604,Ashtskiy,0.5072259539755752,0.7130206007255495,85211.2795056242,0.004027465346763,11290.949581422648,281.8124435994876,2.1388099686805715,0.6396859160864458,0.8950714269285601,1212.7115425722443,0.2428005047970348,0.0922119247690581
Tajikistan,2849,37606,Hojenskiy,1.4608953225535624,7.359204557209894,547974.2316971212,0.029473087894864,29194.12246222128,283.77530162959283,1.3894383371446677,3.616920370515376,5.154204614669989,11279.231427438392,0.2322683081666655,0.0898028752044422
Tajikistan,2849,37605,Ganchinskiy,0.8996659280837254,2.1452746803068674,101759.75772823195,0.0060631170215853,14737.168897195004,278.15928087386226,2.441524231404869,0.6338568474845416,0.7240668638482708,808.4831661099694,0.268586866024677,0.0575180503138758
Tajikistan,2849,37608,Kanibadamskiy,2.0418862033676595,2.9934326743704607,167587.50546391218,0.0358501748636086,28578.026874423027,284.31568064364353,0.7092434723678911,1.729974384144223,2.336190585128531,1917.177965148442,0.302882937921418,0.0953321916150262
Tajikistan,2849,37607,Isfarinskiy,1.6203602597343498,4.71753172924964,203578.27483238664,0.0277082789196086,23776.38838027985,280.96637629586564,1.1968275463081206,1.2981698739768024,1.4022986474212715,1996.4732672068017,0.2882062253139749,0.1016583877758633
Tajikistan,2849,37610,Matchinskiy,0.8446621347193116,1.439265075582477,88148.6396150474,0.0139131202350528,17705.07246841073,284.2163507828191,1.3991850722443644,0.9257014365138696,1.055279364910397,1223.16742518375,0.3252258395606821,0.07120716628906
Tajikistan,2849,37609,Kuhistoni Mastchohskiy,0.179739975126576,0.1477323665720836,4850.18274927946,0.000314588749129,10642.083208974753,275.93666380821736,2.444119151382361,0.2824419859273077,0.07057839256243,64.52968666715667,0.2419976641734441,0.091513511132075
Tajikistan,2849,37611,Nauskiy,1.651979309921964,2.278457905298679,100664.21275004015,0.0356806370582512,29305.955922723948,283.9526774475132,0.6842150058402188,1.8451442011123411,2.7641289060607988,1118.3382823643838,0.2997808328696659,0.0676198207242701
Tajikistan,2849,37612,Penjikenskiy,0.6837703395667621,2.2229705244041384,185103.7817360047,0.0059162172900093,15392.699555380012,280.189374580161,2.062271450641287,0.7509496021126728,1.7061732725919967,1651.1673708225417,0.2627332546943459,0.075560486879307
Tajikistan,2849,37613,Rasulov,2.383166265175048,3.2627051255358053,123937.05576976914,0.0511773553357921,28575.165637337654,283.2597367051444,1.0295337402015754,1.3791361134194025,1.376049920662208,984.0325462439472,0.3330332607030868,0.0685902029781858
Tajikistan,2849,37615,Ura-Tubinskiy,1.760944792060312,2.987679462473781,132917.71493658845,0.0175060201693619,18903.747665996223,280.2136152818523,1.7516152873643889,2.509179032277453,3.589855571123306,2577.5861406397776,0.2685205941243145,0.0575055721216559
Tajikistan,2849,37614,Shahriston,0.4421041803096214,0.7284337876841593,15162.545751810265,0.0038523726469231,17558.322580078635,277.9086828830765,1.4024388313318927,0.5082914667880897,0.6255879910016665,220.78387347391828,0.2843780368566513,0.0612521197902732
Tajikistan,2849,37616,Zafarobskiy,1.1241610861312097,1.2684053339218455,74357.46854002096,0.0133741501826952,16323.1102618676,284.51802609159256,0.4651673745220631,0.987259484762691,1.0632529733974492,612.2867176323533,0.2767219725155061,0.0502033464804957
Tajikistan,2850,37617,Darbanskiy,0.7664819655593875,0.5873863356628375,18592.274001598445,0.0050129830364563,1109.3007201483558,279.9748639293443,1.119256491472161,0.4366107267677597,0.48631145494262,205.039246085854,0.3566059172153473,0.0519703762223001
Tajikistan,2850,37618,Faysabadskiy,0.8754635760747661,1.2740447726785,49555.37268291889,0.0053258230950698,4354.185964450341,280.070182262503,2.8547283668537693,0.63524297871187,0.6546685663428808,469.24526935318175,0.3624934628605842,0.0427335062942043
Tajikistan,2850,37619,Garmskiy,0.468610229145713,0.2871241698231349,29156.46864915738,0.0027531443396644,9331.575779704044,278.9552693411377,2.0777786854496183,0.4932919587388485,0.5980770337389092,657.2331886495982,0.3844058448600458,0.0720622553355739
Tajikistan,2850,37620,Gissarskiy,1.9883637843344184,5.176384068097143,160981.42560036422,0.020067493855712,18493.38851303664,283.70790212226046,0.8194303312442303,1.6735025502606355,2.079985839195965,1788.449205820695,0.3626014334814889,0.094768964302092
Tajikistan,2850,37622,Kofarnohon,1.214695259358223,4.315498368441495,293236.3659487289,0.0074859093172334,17716.09934613234,282.8642585384504,2.0294917128016308,1.7483094459319055,2.4604408623658167,3952.550570900956,0.3701755242163551,0.0768322597833947
Tajikistan,2850,37623,Leninskiy,2.988934373248841,31.31912576420452,1430381.8720211242,0.0379848285630877,27683.765828477968,283.9850228587921,0.971727499871934,9.57577449734765,18.946825866984803,30717.056776421254,0.3114155527994882,0.0864989062645888
Tajikistan,2850,37624,Nurek,0.6042754039932445,2.8552358827064817,38795.02806645854,0.0119582284643995,22807.93672169155,285.4426321192521,1.2345143705146433,2.1957414975148737,2.388955887998504,687.2584779711849,0.3564478795366933,0.0486825097052613
Tajikistan,2850,37621,Jirgatalskiy,0.3599808281199286,0.5769695872342434,18566.644838000106,0.0010404198001269,15063.874892198197,274.2170353590112,2.3702376609403566,0.3591548493189725,0.4602064511507631,234.7323419117645,0.2937313958848874,0.0772351508151102
Tajikistan,2850,37625,Rogunsky,0.6246842606095081,0.4856657447024242,14135.607564713937,0.0047210090750729,8060.554146737647,280.04285099439,1.727557794313911,2.2486491297698663,5.298505184992689,721.7370065691939,0.3490780664656214,0.0818469747498875
Tajikistan,2850,37626,Shahrinav,0.8645664068374148,3.1825506244825807,48414.19677371504,0.0101543321748354,19065.023571465044,283.3631309280353,1.248400374966243,1.2470572331353538,1.3841393286278263,706.5728474534471,0.3680895399566449,0.0528565448472195
Tajikistan,2850,37627,Tavildara,0.1361539366853879,0.1719644710237477,6072.460548480151,0.0004228163522439,1287.9347303826696,276.7881416651701,2.264733965714888,0.422510572808467,0.6437803888818545,201.77613743546004,0.3191992219756631,0.0641346876290017
Tajikistan,2850,37628,Tojikobod,0.765225610672922,0.8194899702739978,27845.101419613093,0.002311326395373,7958.924185085047,276.64636336082634,1.4149597106751663,0.4906332513604949,0.7441875187441024,322.4441727941172,0.3601710417053916,0.0655265847205488
Tajikistan,2850,37629,Tursunzade,3.1239693258858514,4.1680469185677484,204648.68478306968,0.0167212805980796,19632.451482097364,284.6862714890958,0.7135790528495355,1.2973421502046705,1.9789590661627028,1705.2926612405977,0.3389138001948595,0.0844503597492055
Tajikistan,2850,37630,Varzob,0.5738364570249643,1.2114563238427922,50206.41719067011,0.0044425102353655,7909.890857541576,282.1878459569573,1.8259155010165655,1.657640619339114,3.2058134827710565,1763.7946244913012,0.3310146002649955,0.0570683324896
