country,adm1_code,adm2_code,adm2_name,year,population_2024,predicted_MPI_with_ratio,pred_DNN_with_ratio,pred_XGB_with_ratio,predicted_MPI_no_ratio,pred_DNN_no_ratio,pred_XGB_no_ratio
Morocco,2107,147350,El Hajeb,2024,231904.19563569018,0.08814197778701782,0.07982125878334045,0.17244896292686462,0.12308967113494873,0.268862783908844,0.17822450399398804
Morocco,2107,147351,Meknès,2024,696943.6564787475,0.07812817394733429,0.0,0.14124488830566406,0.07819396257400513,0.0,0.14905135333538055
Morocco,2109,147352,Berkane Taourirt,2024,386911.5389338004,0.07456605136394501,0.0,0.1426715850830078,0.07604596018791199,0.06830940395593643,0.14823436737060547
Morocco,2109,147354,Oujda Angad,2024,525827.9674119306,0.08302435278892517,0.0,0.1617497056722641,0.08302435278892517,0.0,0.1617497056722641
Morocco,2109,147353,Jerada,2024,49815.66975506465,0.08690284192562103,0.010591905564069748,0.19706793129444122,0.08643229305744171,0.13169780373573303,0.19706793129444122
Morocco,147326,147339,Ben Slimane,2024,298624.8829720984,0.0648016706109047,0.0,0.14541791379451752,0.07099071890115738,0.2004784792661667,0.15172335505485535
Morocco,147328,147340,Fès,2024,630953.4487022348,0.0735199898481369,0.0,0.14583905041217804,0.07445483654737473,0.0,0.14841558039188385
Morocco,147328,147341,Sefrou,2024,204365.83445340823,0.07673244923353195,0.0,0.15693439543247223,0.10964705049991608,0.27736127376556396,0.16597744822502136
Morocco,147328,147342,Zouagha-Moulay Yacoub,2024,600894.9264034801,0.07429741322994232,0.0,0.14255067706108093,0.07584762573242188,0.0,0.14512720704078674
Morocco,147330,147344,Mohammedia,2024,234509.88627369457,0.020227203145623207,0.0,0.03767884895205498,0.024917470291256905,0.0,0.03915635868906975
Morocco,147330,147343,Casablanca,2024,3890273.422116584,0.03068922460079193,0.0,0.02605695277452469,0.04231078177690506,0.0,0.041167695075273514
Morocco,147331,147346,Guelmim,2024,116652.5579198345,0.11635076999664307,0.07240266352891922,0.1804768145084381,0.11395025253295898,0.1385578066110611,0.1804768145084381
Morocco,147333,147347,Al Haouz,2024,276853.063192715,0.26025861501693726,0.3194965124130249,0.2004997730255127,0.21874184906482697,0.3359161913394928,0.2097361832857132
Morocco,147331,147345,Assa-Zag,2024,591.4110339726957,0.15522584319114685,0.0,0.26797807216644287,0.15758755803108215,0.0,0.26797807216644287
Morocco,147333,147349,Marrakech,2024,1348811.140203339,0.09000829607248306,0.0,0.16736243665218353,0.0892425924539566,0.0,0.16736243665218353
Morocco,147333,147348,Chichaoua,2024,150707.82755852438,0.15727870166301727,0.20426388084888458,0.22057034075260162,0.15975071489810944,0.25953081250190735,0.22057034075260162
Morocco,147334,147355,Skhirate-Témara,2024,728580.8842877594,0.07021287828683853,0.0,0.1386510580778122,0.07252119481563568,0.0,0.141227588057518
Morocco,147335,147356,Agadir-Ida ou Tanane,2024,700450.541164043,0.09527749568223953,0.0,0.16651961207389832,0.09480694681406021,0.0,0.16651961207389832
Morocco,147335,147358,Inezgane-Aït Melloul,2024,427428.8293878689,0.10103113204240799,0.0,0.1536068618297577,0.10025649517774582,0.0,0.1536068618297577
Morocco,147335,147357,Chtouka-Aït Baha,2024,313713.1572388761,0.14617334306240082,0.20493122935295105,0.18317416310310364,0.14649926126003265,0.24137882888317108,0.18317416310310364
Morocco,147335,147360,Zagora,2024,56867.94349664304,0.2227952480316162,0.3083295226097107,0.24918387830257416,0.22453153133392334,0.40503641963005066,0.24918387830257416
Morocco,147337,147361,Fahs Anjra,2024,541080.5718443822,0.0883476659655571,0.0,0.13658642768859863,0.08693431317806244,0.0,0.147437185049057
Morocco,147337,147362,Tanger-Assilah,2024,654648.5871064115,0.085298091173172,0.0,0.1358078271150589,0.08598995953798294,0.0,0.13872210681438446
Morocco,147335,147359,Ouarzazate,2024,76053.44120147993,0.16527661681175232,0.07058027386665344,0.19428880512714386,0.13700231909751892,0.268925279378891,0.19428880512714386
Jordan,1701,65716,Ajloon,2024,112710.64798015953,0.11534091830253601,0.0,0.16355977952480316,0.1401086449623108,0.20101630687713623,0.17648959159851074
Jordan,1702,65722,Al-Salt,2024,99443.73631917295,0.08988415449857712,0.0,0.14781025052070618,0.10123416036367416,0.0,0.1558569073677063
Jordan,1707,65740,Irbid,2024,482886.81144891144,0.006116652861237526,0.0,0.02034795843064785,0.024785762652754784,0.0,0.04373347386717796
Jordan,1704,65724,Al-Qaser,2024,17258.336970573848,0.11773642897605896,0.0,0.21275849640369415,0.11726588010787964,0.0,0.21275849640369415
Jordan,1703,65718,Wadi Araba,2024,530.078769759149,0.197440966963768,0.17373403906822205,0.24179014563560486,0.20025493204593658,0.20864376425743103,0.24179014563560486
Jordan,1704,65725,Al-Qatraneh,2024,2657.111331743724,0.1512581706047058,0.15343022346496582,0.1664780080318451,0.13979819416999817,0.18425016105175018,0.1664780080318451
Jordan,1710,65745,Madaba,2024,117385.3506037957,0.0729084238409996,0.0,0.15005570650100708,0.07380162924528122,0.0,0.15613019466400146
Jordan,1710,65746,Theeban,2024,22348.380502642576,0.10561489313840866,0.0,0.1857433170080185,0.1038135215640068,0.0,0.1857433170080185
Jordan,1709,65744,Ma'an,2024,7073.1447289270545,0.10693785548210144,0.0,0.21489626169204712,0.10693785548210144,0.0,0.21489626169204712
Jordan,1711,65729,Bal'ama,2024,56915.32805445545,0.027421269565820694,0.0,0.04425351321697235,0.033616747707128525,0.0,0.06918246299028397
Jordan,1706,65735,Tafiela,2024,36715.19689981265,0.09213521331548691,0.0,0.16154146194458008,0.09213521331548691,0.0,0.16154146194458008
Jordan,1712,65736,Al-Hashimiya,2024,5365.926098068668,0.10296228528022766,0.0,0.17265161871910095,0.10296228528022766,0.004549335688352585,0.17265161871910095
Jordan,1711,65731,Sabha,2024,28615.49482261981,0.04324846714735031,0.00962328165769577,0.06750910729169846,0.04277791827917099,0.10926644504070282,0.06750910729169846
Jordan,1712,65738,Zarqa,2024,567806.6165497388,0.005590477958321571,0.0,0.024346020072698593,0.00618773465976119,0.0,0.024346020072698593
Jordan,1711,65730,Mafraq,2024,182104.63018837446,0.011583955958485603,0.0,0.03621036559343338,0.011655711568892002,0.0,0.03621036559343338
Jordan,1711,65732,Sama Al-Serhan,2024,43533.987979626094,0.0,0.0,0.018022555857896805,0.014346114359796047,0.0,0.045687008649110794
Jordan,1707,65739,Al-Wasatiya,2024,30270.616822707903,0.12445215880870819,0.0,0.24389785528182983,0.14062824845314026,0.0,0.25309813022613525
Jordan,1711,65728,Al-ruwaished,2024,4600.622024072154,0.11652945727109909,0.043072909116744995,0.1629360169172287,0.11413043737411499,0.13692936301231384,0.1629360169172287
Jordan,1701,65715,Kufranjeh,2024,32169.02584898032,0.13847780227661133,0.0,0.3226708471775055,0.20772215723991394,0.1509452611207962,0.32501739263534546
Jordan,1702,65720,Al-Ardha,2024,9507.092468175499,0.1491420865058899,0.06839604675769806,0.19756683707237244,0.14893168210983276,0.19267944991588593,0.20020411908626556
Jordan,1702,65721,Zay,2024,30559.090913360455,0.10337591916322708,0.0,0.1559867560863495,0.11560284346342087,0.0,0.16593042016029358
Jordan,1702,65719,Mahes & Fhais,2024,11815.425294163597,0.14064821600914001,0.0921701192855835,0.17073868215084076,0.09224176406860352,0.2088206261396408,0.17530342936515808
Jordan,1702,65723,Ira & Yarqa,2024,18367.413303652076,0.12115517258644104,0.13374322652816772,0.18773356080055237,0.13569632172584534,0.2245759814977646,0.1953648328781128
Jordan,1712,65737,Al-Dhilail,2024,14214.619786742314,0.04966406151652336,0.0,0.09295662492513657,0.05601484701037407,0.0,0.10794981569051743
Jordan,1704,65726,Faqooa',2024,10264.199658327592,0.09588993340730667,0.0,0.18308162689208984,0.0950876995921135,0.0,0.18308162689208984
Jordan,1704,36739,Ayy,2024,8604.809224634078,0.05318117514252663,0.0,0.1291164755821228,0.05271061882376671,0.0,0.1291164755821228
Jordan,1704,65727,Karak,2024,67929.91923684691,0.04794914275407791,0.0,0.08967466652393341,0.04747859016060829,0.0,0.08967466652393341
Jordan,1706,65733,Al-Hasa,2024,3417.3134009092028,0.13307984173297882,0.0,0.17713283002376556,0.13307984173297882,0.03752414137125015,0.17713283002376556
Jordan,1703,65717,Aqaba,2024,80170.71467542094,0.15613442659378052,0.0,0.2799563407897949,0.15613442659378052,0.0,0.2799563407897949
Jordan,1706,65734,Bsaira,2024,14985.585887358848,0.06863527745008469,0.0,0.1426479071378708,0.06816472113132477,0.0,0.1426479071378708
Jordan,1709,65741,Al-Mraigha,2024,4371.299756807555,0.08488904684782028,0.12101219594478607,0.13058501482009888,0.10146492719650269,0.1703711450099945,0.13058501482009888
Jordan,1709,65742,Al-Jafer,2024,4021.909012726428,0.14768266677856445,0.159817174077034,0.1807340830564499,0.13856250047683716,0.18858620524406433,0.1807340830564499
Jordan,1709,65743,Ail,2024,3051.1454836882385,0.15944655239582062,0.11327125132083893,0.15950678288936615,0.15766549110412598,0.17741422355175018,0.15950678288936615
Morocco,2107,21793,Ifrane,2024,89720.58106290545,0.0705241933465004,0.0,0.16340890526771545,0.07635213434696198,0.07219398021697998,0.18677601218223572
Morocco,2107,21794,Khénifra,2024,236106.9224301319,0.08181202411651611,0.0,0.1577388197183609,0.10149328410625458,0.09757427871227264,0.1577388197183609
Morocco,2107,21792,Errachidia,2024,66098.01108260512,0.12972001731395721,0.0,0.16279751062393188,0.13488371670246124,0.17339491844177246,0.16279751062393188
Morocco,2109,21819,Nador,2024,575204.0993416104,0.08032158762216568,0.0,0.15748266875743866,0.07985103875398636,0.10618480294942856,0.15748266875743866
Morocco,2109,21818,Figuig,2024,13415.491952186432,0.08295367658138275,0.0,0.16909514367580414,0.08295367658138275,0.0,0.16909514367580414
Morocco,147326,21805,Khouribga,2024,451637.88332376815,0.07665190100669861,0.0,0.1568656712770462,0.07539759576320648,0.14564518630504608,0.1568656712770462
Morocco,147326,21806,Settat,2024,888518.2889681961,0.14435897767543793,0.1786939799785614,0.17953316867351532,0.16368839144706726,0.2435353398323059,0.18223334848880768
Morocco,147327,21804,El Jadida,2024,976560.3735198732,0.08363223820924759,0.15192116796970367,0.1448512226343155,0.0997682511806488,0.23904436826705933,0.15159066021442413
Morocco,147327,21832,Safi,2024,685427.8373122725,0.09692105650901794,0.15151344239711761,0.15452153980731964,0.0984426811337471,0.22527389228343964,0.15599817037582397
Morocco,147329,21809,Kénitra,2024,1065797.019347996,0.13123741745948792,0.0,0.14908885955810547,0.10512213408946991,0.2693716585636139,0.15518422424793243
Morocco,147328,21788,Boulemane,2024,52230.48582909861,0.08830366283655167,0.0,0.1847217082977295,0.1167815774679184,0.22210125625133514,0.1847217082977295
Morocco,147329,21814,Sidi Kacem,2024,380559.423845466,0.20503798127174377,0.22908708453178406,0.19835275411605835,0.2082858383655548,0.3061802387237549,0.2117132991552353
Morocco,147331,21825,Tan-Tan,2024,12981.736152574598,0.11516508460044861,0.1811114251613617,0.18866069614887238,0.11516508460044861,0.21661560237407684,0.18866069614887238
Morocco,147331,21827,Tata,2024,11840.631446333075,0.34909531474113464,0.42874836921691895,0.25217732787132263,0.3315088152885437,0.48336976766586304,0.25217732787132263
Morocco,147332,21823,Laâyoune,2024,5859.434861268221,0.10499705374240875,0.1847202628850937,0.18913617730140686,0.10499705374240875,0.2151241898536682,0.18913617730140686
Morocco,147333,21829,El Kelaâ des Sraghna,2024,528333.5191166461,0.13252386450767517,0.2375527322292328,0.16907651722431183,0.13628074526786804,0.28020405769348145,0.16907651722431183
Morocco,147334,21810,Khémisset,2024,336249.0959700522,0.07175328582525253,0.0,0.146625816822052,0.07630123198032379,0.0,0.15824401378631592
Morocco,147334,21812,Rabat,2024,566118.3277012825,0.012564407661557198,0.0,0.016247892752289772,0.011564003303647041,0.0,0.01691388338804245
Morocco,147334,21813,Salé,2024,761510.0033854668,0.07190468907356262,0.0,0.13734526932239532,0.07735659927129745,0.0,0.13992179930210114
Morocco,147333,21830,Essaouira,2024,166859.83129615453,0.1269979178905487,0.11057749390602112,0.18149638175964355,0.12237485498189926,0.20731036365032196,0.18149638175964355
Morocco,147335,21826,Taroudannt,2024,252219.18060881257,0.21336880326271057,0.30699166655540466,0.19553586840629578,0.18594911694526672,0.34214162826538086,0.19553586840629578
Morocco,147335,21828,Tiznit,2024,171822.49994588358,0.12197130918502808,0.12759241461753845,0.19172218441963196,0.11645512282848358,0.2155349999666214,0.19172218441963196
Morocco,147336,21802,Béni Mellal,2024,822931.5575662216,0.07412146776914597,0.1293235719203949,0.1409023106098175,0.10887333005666733,0.24860133230686188,0.14665992558002472
Morocco,147336,21799,Azilal,2024,254755.62081213784,0.19458359479904175,0.24499616026878357,0.2187485694885254,0.1989867389202118,0.31264618039131165,0.22438429296016693
Morocco,147337,21811,Larache,2024,319601.7271278546,0.149225652217865,0.05318908765912056,0.15875940024852753,0.142144575715065,0.2974139153957367,0.1682807207107544
Morocco,147337,21808,Chefchaouen,2024,192402.9430895671,0.20186924934387207,0.18930131196975708,0.22635126113891602,0.24660754203796387,0.34258583188056946,0.23240108788013458
Morocco,147337,21817,Tétouan,2024,630828.6356409659,0.07711604237556458,0.0,0.13246768712997437,0.07917697727680206,0.0,0.14027415215969086
Morocco,147338,21790,Taounate,2024,226490.555357216,0.21414536237716675,0.34238579869270325,0.2219085544347763,0.20674508810043335,0.3318583369255066,0.22022965550422668
Morocco,147338,21791,Taza,2024,250989.41851483824,0.07195817679166794,0.07903450727462769,0.13994073867797852,0.09494754672050476,0.27710631489753723,0.14569835364818573
Morocco,147338,21787,Al Hoceïma,2024,253130.93790149246,0.07457580417394638,0.0,0.14337921142578125,0.07605651021003723,0.0,0.14945369958877563
Jordan,1705,36719,Al-Muwaqar,2024,35757.29429789323,0.02207879349589348,0.0,0.04324619099497795,0.021608242765069008,0.0,0.04324619099497795
Jordan,1705,36715,Al-Jeeza,2024,43641.18112183197,0.10695470124483109,0.0,0.15975165367126465,0.10648415237665176,0.0,0.15975165367126465
Jordan,1705,36714,Jami'ah,2024,359790.44342575537,0.01703486032783985,0.0,0.04004313051700592,0.01754298433661461,0.0,0.04004313051700592
Jordan,1705,36717,Amman,2024,713384.8924852541,0.013598131947219372,0.0,0.05130039155483246,0.014195388182997704,0.0,0.05130039155483246
Jordan,1705,36718,Marka,2024,616681.0101423681,0.0175496693700552,0.0,0.06023427098989487,0.017676375806331635,0.0,0.06023427098989487
Jordan,1705,36720,Na'oor,2024,79636.55602823908,0.10088890045881271,0.0,0.18634037673473358,0.1144951581954956,0.0,0.19404928386211395
Jordan,1705,36716,Qwaismeh,2024,331967.6589208739,0.01682562381029129,0.0,0.043860308825969696,0.018105991184711456,0.0,0.043860308825969696
Jordan,1705,36721,Sahab,2024,65249.08055338955,0.07751268148422241,0.0,0.15258030593395233,0.07674697786569595,0.0,0.15258030593395233
Jordan,1705,36722,Wadisseer,2024,223809.93327113293,0.03524390980601311,0.0,0.033098623156547546,0.05169039964675903,0.0,0.05646510794758797
Jordan,1702,36728,Al-Ruseifa,2024,370317.43741387816,0.05416753888130188,0.0,0.06548920273780823,0.05496634542942047,0.0,0.06763944774866104
Jordan,1703,36724,Al-Qwaira,2024,6871.632271043447,0.13437673449516296,0.10456490516662598,0.19258743524551392,0.1243550181388855,0.16444052755832672,0.19258743524551392
Jordan,1702,36726,Al-Shoona Al-Janoobiya,2024,58427.39140616208,0.25293752551078796,0.10646523535251617,0.2974298894405365,0.26377612352371216,0.24827396869659424,0.3109114468097687
Jordan,1702,36725,Dair Ala,2024,170811.40421193704,0.032294485718011856,0.0,0.03037722036242485,0.04401814937591553,0.0,0.052362166345119476
Jordan,1707,36730,Al-Aghwar Al-Shimaliya,2024,134585.34086978532,0.020982462912797928,0.0,0.04401594027876854,0.03644654527306557,0.0,0.054455194622278214
Jordan,1707,36735,Al-Koora,2024,56653.35421374965,0.1632002741098404,0.06321480125188828,0.25140538811683655,0.17332562804222107,0.22308209538459778,0.25565579533576965
Jordan,1707,36736,Al-Mazar Al-Shimali,2024,35803.76496161935,0.12050125002861023,0.0,0.23812606930732727,0.13729894161224365,0.0,0.25305914878845215
Jordan,1707,36731,Al-Ramtha,2024,89905.58145165368,0.1510789692401886,0.0,0.2016684114933014,0.1443261355161667,0.0,0.21437817811965942
Jordan,1707,36734,Beni Kinana,2024,112098.88604039623,0.11695998907089233,0.0,0.2101358324289322,0.1296980082988739,0.0,0.22642676532268524
Jordan,1707,36729,Al-Teeba,2024,107591.40954555696,0.24711591005325317,0.10406194627285004,0.3386494815349579,0.249822735786438,0.3263639807701111,0.3431464731693268
Jordan,1707,36732,Beni Obaid,2024,121240.84433637523,0.03476898372173309,0.0,0.06077690050005913,0.04963991791009903,0.0,0.07121618837118149
Jordan,1708,36737,Jarash,2024,197188.87580714852,0.08350706100463867,0.0,0.16226133704185486,0.09808654338121414,0.0,0.17393048107624054
Jordan,1704,36741,Al-Mazar Al-Janoobi,2024,57575.09830489533,0.06834222376346588,0.0,0.17244264483451843,0.06787166744470596,0.0,0.17244264483451843
Jordan,1704,36738,Al-Aghwar Al-Janoobiya,2024,21312.27496419161,0.23307687044143677,0.0,0.3038436770439148,0.26781290769577026,0.006482154130935669,0.3038436770439148
Jordan,1709,36745,Al-Shobak,2024,7124.58678658061,0.12141835689544678,0.0,0.18493162095546722,0.12141835689544678,0.0,0.18493162095546722
Jordan,1709,36746,Wadi Moosa,2024,22103.26471813683,0.04993483051657677,0.0,0.10576245188713074,0.04993483051657677,0.0,0.10576245188713074
Montenegro,25350,47603,Administrative unit not available,2024,2208.3595320767454,0.08087201416492462,0.0,0.11064749956130981,0.2664318084716797,0.3040229082107544,0.13271480798721313
Montenegro,25351,47604,Administrative unit not available,2024,26070.69112646079,0.09490304440259933,0.0,0.14554744958877563,0.12369097769260406,0.0,0.18209774792194366
Montenegro,25352,47605,Administrative unit not available,2024,17869.174739261223,0.07762713730335236,0.0,0.11230158060789108,0.15490293502807617,0.08713610470294952,0.1526128351688385
Montenegro,25354,47607,Administrative unit not available,2024,14135.778954734054,0.025764916092157364,0.0,0.04363120347261429,0.0349029116332531,0.0,0.0995861068367958
Montenegro,25355,47608,Administrative unit not available,2024,10108.188158272395,0.10482179373502731,0.0,0.16119050979614258,0.19054806232452393,0.14847934246063232,0.18583936989307404
Montenegro,25356,47609,Administrative unit not available,2024,11348.738320975455,0.09258785843849182,0.0,0.23153382539749146,0.15995186567306519,0.33719274401664734,0.2278706282377243
Montenegro,25357,47610,Administrative unit not available,2024,13344.074141648067,0.06514156609773636,0.0,0.09730970859527588,0.09745363891124725,0.06780821830034256,0.13509981334209442
Montenegro,25353,47606,Administrative unit not available,2024,12030.973490378638,0.0838930755853653,0.0,0.11994611471891403,0.14845626056194305,0.025739045813679695,0.16363632678985596
Montenegro,25358,47611,Administrative unit not available,2024,2070.609807369071,0.11355429887771606,0.0,0.19212444126605988,0.20421183109283447,0.26467257738113403,0.19924569129943848
Montenegro,25359,47612,Administrative unit not available,2024,7020.953926203011,0.16407206654548645,0.0,0.14532257616519928,0.21482810378074646,0.2773677408695221,0.18506857752799988
Montenegro,25360,47613,Administrative unit not available,2024,2058.8143557359713,0.07168114930391312,0.0,0.10169236361980438,0.09785658866167068,0.0,0.1448342651128769
Montenegro,25362,47615,Administrative unit not available,2024,6198.351293512707,0.04747052490711212,0.0,0.03500582277774811,0.1493719071149826,0.25836896896362305,0.0880783200263977
Montenegro,25363,47616,Administrative unit not available,2024,9588.13203173536,0.1089380756020546,0.0,0.16632747650146484,0.11466634273529053,0.0,0.2027214765548706
Montenegro,25361,47614,Administrative unit not available,2024,33830.47586312119,0.08821534365415573,0.0,0.13691461086273193,0.14090314507484436,0.015041450038552284,0.17768381536006927
Montenegro,25365,47618,Administrative unit not available,2024,139090.905813821,0.08132470399141312,0.0,0.1258614957332611,0.08939769864082336,0.0,0.13396278023719788
Montenegro,25364,47617,Administrative unit not available,2024,225.7280998321032,0.0642184242606163,0.016977086663246155,0.048894818872213364,0.17821140587329865,0.2536883056163788,0.08961532264947891
Montenegro,25366,47619,Administrative unit not available,2024,7924.316857616992,0.084809809923172,0.0,0.117672398686409,0.1087801456451416,0.0,0.16873180866241455
Montenegro,25367,47620,Administrative unit not available,2024,217.71746148816217,0.13923493027687073,0.0,0.1425800621509552,0.19464442133903503,0.33414632081985474,0.1872430294752121
Montenegro,25368,47621,Administrative unit not available,2024,11843.502425329505,0.05471813306212425,0.06479829549789429,0.10548337548971176,0.15357822179794312,0.0,0.1467878520488739
Montenegro,25369,47622,Administrative unit not available,2024,9709.128469534695,0.09406423568725586,0.0,0.13440757989883423,0.11516274511814117,0.057487472891807556,0.1690937578678131
Montenegro,25370,47623,Administrative unit not available,2024,1737.710210442052,0.06872611492872238,0.0,0.1292567402124405,0.17490431666374207,0.3110322058200836,0.13711293041706085
Bosnia and Herzegovina,652,6244,Sarajevo,2024,332854.2042779749,0.027950292453169823,0.0,0.04146192967891693,0.036659516394138336,0.0,0.06955517828464508
Bosnia and Herzegovina,652,6248,Zapadnobosanski,2024,42383.26324670436,0.09852124005556107,0.0,0.07628852128982544,0.19828185439109802,0.343060702085495,0.1023847758769989
Bosnia and Herzegovina,652,6249,Zapadnohercegovacki,2024,72601.06376644589,0.11441253870725632,0.0,0.16969452798366547,0.22112470865249634,0.32450032234191895,0.18030697107315063
Bosnia and Herzegovina,653,6253,Bileca,2024,5341.093695257299,0.07571656256914139,0.0,0.08792221546173096,0.18642811477184296,0.3554757237434387,0.08253912627696991
Bosnia and Herzegovina,653,6268,Foca,2024,8690.740985749095,0.027603957802057266,0.0,0.04366780444979668,0.18376827239990234,0.35586386919021606,0.07809779047966003
Bosnia and Herzegovina,653,6269,Gacko,2024,3929.6747510502623,0.08390870690345764,0.0,0.04767259955406189,0.216645285487175,0.33236899971961975,0.10539755970239639
Bosnia and Herzegovina,653,6279,Kalinovik,2024,618.0914801306209,0.13519777357578278,0.0,0.1093178391456604,0.2107885777950287,0.3205074965953827,0.16959907114505768
Bosnia and Herzegovina,653,6286,Ljubinje,2024,1380.6616726525153,0.05589950829744339,0.0,0.03405103459954262,0.18942826986312866,0.35752221941947937,0.0836489275097847
Bosnia and Herzegovina,652,6242,Neretvljanski,2024,141556.51347485505,0.10897041857242584,0.0,0.12586726248264313,0.188603937625885,0.3164788484573364,0.13923150300979614
Bosnia and Herzegovina,653,6291,Mostar,2024,87.18259819625123,0.15906721353530884,0.0,0.20238731801509857,0.2567962408065796,0.3759278953075409,0.2124897539615631
Bosnia and Herzegovina,653,6293,Nevesinje,2024,5152.306599208936,0.0964653491973877,0.0,0.08112367987632751,0.1810694932937622,0.324413001537323,0.10354528576135635
Bosnia and Herzegovina,653,6315,Trebinje,2024,14411.630576427662,0.09514151513576508,0.0,0.1384749859571457,0.19243329763412476,0.33539634943008423,0.190338596701622
Egypt,61510,61537,A L Labban,2024,42655.95123578241,0.09545788168907166,0.0,0.15070432424545288,0.09545788168907166,0.0,0.15070432424545288
Bosnia and Herzegovina,653,6310,Stolac,2024,908.8157212639361,0.13857325911521912,0.0,0.1814677119255066,0.2632487714290619,0.371936559677124,0.23299331963062286
Egypt,61510,61538,Al Amreia,2024,571564.8701203011,0.006965458858758211,0.0,0.006120874080806971,0.014935281127691269,0.0,0.018702926114201546
Egypt,61510,61539,Al Attarin,2024,49696.7489262375,0.06458750367164612,0.0,0.13609212636947632,0.06458750367164612,0.0,0.13609212636947632
Egypt,61510,61541,Al Gumruk,2024,76795.22543904916,0.08563432842493057,0.0,0.1362409144639969,0.08563432842493057,0.0,0.1362409144639969
Egypt,61510,61542,Al Manshiyya,2024,26707.115432260554,0.07333721965551376,0.0,0.12733085453510284,0.07333721965551376,0.0,0.12733085453510284
Egypt,61510,61540,Al Dikhila,2024,383236.88006819226,0.02454199455678463,0.0,0.06517154723405838,0.02454199455678463,0.0,0.06517154723405838
Egypt,61510,61544,Bab Sharqi,2024,200076.94406703126,0.05224831774830818,0.0,0.08499293029308319,0.051777757704257965,0.0,0.08499293029308319
Egypt,61510,61545,Burg al-Arab,2024,61530.62808252386,0.010344008915126324,0.0,0.010433671995997429,0.0073860809206962585,0.0,0.017450973391532898
Egypt,61510,61547,Karmuz,2024,133738.1868995667,0.08570375293493271,0.0,0.14876146614551544,0.08570375293493271,0.0,0.14876146614551544
Egypt,61510,61546,Burg Al-Arab City,2024,47717.00995908638,0.011055344715714455,0.0,0.02295089326798916,0.011055344715714455,0.0,0.02295089326798916
Egypt,61510,61548,Kesm than Al Raml,2024,445802.0855055952,0.030497949570417404,0.0,0.04769685119390488,0.03357461094856262,0.0,0.05071977525949478
Egypt,61510,61550,Muharam Bik,2024,336434.7859158442,0.04267925024032593,0.0,0.07046301662921906,0.048811737447977066,0.0,0.07242746651172638
Egypt,61510,61549,Mina Al-Basal,2024,284808.25451840047,0.05435339733958244,0.0,0.09969177097082138,0.05435339733958244,0.0,0.09969177097082138
Egypt,61510,61553,Port Alexandria Police Department,2024,12731.838377589806,0.05484677478671074,0.0,0.09638019651174545,0.05484677478671074,0.0,0.09638019651174545
Egypt,61510,61551,Muntazah,2024,1323932.9161440493,0.019808806478977203,0.0,0.027458837255835533,0.01746518723666668,0.0,0.03078729473054409
Egypt,61510,61554,Sidi Gabir,2024,257436.6055726408,0.04735913500189781,0.0,0.08688618987798691,0.0474858358502388,0.0,0.08688618987798691
Egypt,61511,61556,Abnub,2024,370729.76836908876,0.05622098967432976,0.0,0.11319790035486221,0.11718927323818207,0.17331552505493164,0.14645685255527496
Egypt,61510,61555,Zemam Out,2024,21.801324556727756,0.26053446531295776,0.2518278956413269,0.15768685936927795,0.36938610672950745,0.41813090443611145,0.16643835604190826
Egypt,61511,61557,Abu Tig,2024,323503.11587419535,0.0392855703830719,0.0,0.08815690129995346,0.06902385503053665,0.026963232085108757,0.10747122764587402
Egypt,61511,61558,Al- Badari,2024,259941.29054806527,0.042257584631443024,0.0,0.08519968390464783,0.12872113287448883,0.135930597782135,0.1372929960489273
Egypt,61511,61559,Al-Ghanayem,2024,126239.15231022178,0.045156437903642654,0.0,0.1097160279750824,0.07588095217943192,0.17831894755363464,0.14065100252628326
Egypt,61511,61560,Al-Qusia,2024,438564.3688463124,0.04003835469484329,0.0,0.08595623821020126,0.06024913117289543,0.11083459854125977,0.10445449501276016
Egypt,61511,61561,Alfath,2024,296305.6546193684,0.03968039155006409,0.0,0.09311634302139282,0.10135385394096375,0.0,0.11189247667789459
Egypt,61511,61562,Assuit,2024,492683.7106967772,0.030855758115649223,0.0,0.06039559096097946,0.04736192896962166,0.0,0.0778399333357811
Egypt,61511,61564,Dayrut,2024,564790.1805154869,0.039288025349378586,0.0,0.06462151557207108,0.050904013216495514,0.0,0.08070642501115799
Egypt,61511,61563,Assuit City,2024,2125.2720537404516,0.08490423113107681,0.0,0.1610875427722931,0.08490423113107681,0.0,0.1610875427722931
Egypt,61511,61565,Kesm Awal Assuit,2024,268770.9763339062,0.0448433943092823,0.0,0.081614650785923,0.04055096581578255,0.0,0.08485163748264313
Egypt,61511,61566,Kesm Than Assuit,2024,202495.811542986,0.02727663144469261,0.0,0.053208641707897186,0.02919643186032772,0.0,0.054228704422712326
Egypt,61511,61567,Manfalut,2024,507668.63020140014,0.06618227809667587,0.0,0.11191315948963165,0.07642517983913422,0.06500168889760971,0.12163496017456055
Egypt,61511,61568,Sahil Silim,2024,162445.2180417842,0.04992617294192314,0.0,0.10040346533060074,0.08862999826669693,0.10090450942516327,0.13857676088809967
Egypt,61511,61569,Sidfa,2024,185905.2362661439,0.033260468393564224,0.0,0.05898429453372955,0.07819753885269165,0.17323198914527893,0.10017141699790955
Egypt,61512,61572,Adfu,2024,294458.06795142975,0.05379840359091759,0.0,0.06247592717409134,0.06965993344783783,0.0,0.08550195395946503
Egypt,61512,61573,Aswan,2024,259637.55372716134,0.037976253777742386,0.0,0.05096162110567093,0.03694084286689758,0.0,0.05096162110567093
Egypt,61511,61570,Zemam Out,2024,13341.857007668475,0.12078993767499924,0.0,0.20481611788272858,0.18372443318367004,0.0,0.20481611788272858
Egypt,61512,61576,Kum Umbu,2024,262263.99734509084,0.0740133598446846,0.0,0.07011937350034714,0.08779449760913849,0.0,0.08201264590024948
Egypt,61512,61575,Daraw,2024,71415.37342669521,0.10256161540746689,0.0,0.1293923556804657,0.11949298530817032,0.0,0.15005525946617126
Egypt,61512,61577,Nasr,2024,92704.29748850116,0.07472499459981918,0.0,0.0856991782784462,0.0901845246553421,0.0,0.10752424597740173
Egypt,61512,61578,Tushaka,2024,0.0,0.37015917897224426,0.38360193371772766,0.3288167417049408,0.35390058159828186,0.412276029586792,0.3288167417049408
Egypt,61513,61580,Abu-l-Matamir,2024,475469.6732628237,0.052761245518922806,0.0,0.03787096589803696,0.08522508293390274,0.2865508794784546,0.056889887899160385
Egypt,61513,61581,Abu Hummus,2024,494411.7465438778,0.06961823999881744,0.029278850182890892,0.08348765224218369,0.19115662574768066,0.24831901490688324,0.13442732393741608
Egypt,61513,61582,Al-Dilingat,2024,366723.66311044106,0.1037982925772667,0.09808191657066345,0.10714937001466751,0.1376839280128479,0.3154374957084656,0.1290072500705719
Egypt,61513,61584,Al-Rahmaniyya,2024,156256.9728043752,0.036267586052417755,0.0,0.04816678166389465,0.10824447870254517,0.2692810297012329,0.10171964019536972
Egypt,61513,61585,Badr,2024,190344.708915018,0.026671582832932472,0.0,0.039338432252407074,0.11372801661491394,0.30938002467155457,0.05501746013760567
Egypt,61513,61583,Al-Mahmudiyya,2024,264086.08303835103,0.024150829762220383,0.010938644409179688,0.03850097209215164,0.10659895092248917,0.187948539853096,0.08254525810480118
Egypt,61513,61587,Hush Isa,2024,240388.61047119333,0.04017258062958717,0.0242067351937294,0.04514903947710991,0.1508614718914032,0.3161141872406006,0.10062824934720993
Egypt,61513,61586,Damanhur,2024,827382.1509685342,0.026572182774543762,0.0,0.04399683699011803,0.10179346799850464,0.08434662222862244,0.07363839447498322
Egypt,61513,61588,Idku,2024,176532.1595789966,0.02563740499317646,0.0,0.04180077835917473,0.03970785439014435,0.0,0.06697798520326614
Egypt,61513,61589,Itay Al-Barud,2024,457192.3792857921,0.04344513267278671,0.0,0.05396966636180878,0.13531874120235443,0.25207048654556274,0.1273011863231659
Egypt,61513,61590,Kafr Al-Dawwar,2024,948380.2735175963,0.03377112001180649,0.0,0.03362346440553665,0.09982192516326904,0.0936678946018219,0.05923958122730255
Egypt,61513,61591,Kum Hamada,2024,477104.6694238236,0.020590543746948242,0.0,0.04655546694993973,0.07982347905635834,0.2245304137468338,0.07480448484420776
Egypt,61513,61592,Nubariyya West,2024,42379.54415988619,0.235004723072052,0.32208511233329773,0.11767560243606567,0.2876107096672058,0.4079483151435852,0.13581576943397522
Egypt,61513,61593,Rashid,2024,234593.72687268863,0.0035037784837186337,0.0,0.002201047260314226,0.04210163652896881,0.0,0.027546288445591927
Egypt,61513,61594,Shubra Khît,2024,272237.2670156873,0.05559876561164856,4.6625733375549316e-05,0.048376940190792084,0.12860418856143951,0.3087989389896393,0.10477855801582336
Egypt,61513,61595,Wadi Al-NatrUn,2024,79694.86991179954,0.11631142348051071,0.0,0.09810933470726013,0.1381758153438568,0.0,0.10021962970495224
Egypt,61513,61596,Zemam Out,2024,8844.240655136908,0.05925074219703674,0.08257028460502625,0.049039047211408615,0.12159791588783264,0.23996283113956451,0.051458850502967834
Egypt,61514,61597,Ahnasya,2024,350465.43629046006,0.09653108566999435,0.0,0.168622687458992,0.1578577160835266,0.20758840441703796,0.20076419413089752
Egypt,61514,61598,Al Fashn,2024,417380.64197480306,0.09956929832696915,0.07542707026004791,0.1289229542016983,0.16549783945083618,0.2546703517436981,0.16085276007652283
Egypt,61514,61599,Al Wasta,2024,442189.85013971955,0.02327236905694008,0.0,0.05478030443191528,0.05536424368619919,0.04167855158448219,0.08779189735651016
Egypt,61514,61600,Bani Swayf,2024,609213.1422557783,0.015048809349536896,0.0,0.021040650084614754,0.029123075306415558,0.0,0.034188129007816315
Egypt,61514,61601,Bani Swayf City,2024,17242.057131156424,0.06470419466495514,0.0,0.12945705652236938,0.06470419466495514,0.0,0.12945705652236938
Egypt,61514,61602,Biba,2024,406908.4022572933,0.029253771528601646,0.0,0.06299082934856415,0.04180403798818588,0.05718204751610756,0.09204528480768204
Egypt,61514,61603,Nasir,2024,337989.8246986784,0.06570892781019211,0.0,0.08598234504461288,0.08295544236898422,0.0,0.11650668829679489
Egypt,61514,61604,Sumusta,2024,247295.9858373416,0.0744950920343399,0.0,0.12518486380577087,0.14413312077522278,0.22158151865005493,0.1589052379131317
Egypt,61515,61606,15 Mayu,2024,83725.9792676433,0.027512023225426674,0.0,0.07567774504423141,0.027512023225426674,0.0,0.07567774504423141
Egypt,61514,61605,Zemam Out,2024,5092.153680048885,0.27768248319625854,0.29357320070266724,0.21548552811145782,0.31369978189468384,0.36476215720176697,0.21548552811145782
Egypt,61515,61608,Ain Shams,2024,483942.16601051623,0.07839341461658478,0.0,0.13540585339069366,0.07839341461658478,0.0,0.13540585339069366
Egypt,61515,61607,Abdin,2024,38448.81707447276,0.09745629876852036,0.0,0.14664773643016815,0.09745629876852036,0.0,0.14664773643016815
Egypt,61515,61610,Al Darb al-Ahmar,2024,57445.01004545922,0.10247159749269485,0.0,0.17122676968574524,0.10247159749269485,0.0,0.17122676968574524
Egypt,61515,61611,Al Khalifa,2024,237310.4383610023,0.02906031161546707,0.0,0.08035553991794586,0.02906031161546707,0.0,0.08035553991794586
Egypt,61515,61609,Al Azbakiyya,2024,26882.63522211711,0.09035888314247131,0.0,0.14471425116062164,0.09035888314247131,0.0,0.14471425116062164
Egypt,61515,61613,Al Sahil,2024,276798.1990692737,0.0803622156381607,0.0,0.13057000935077667,0.0803622156381607,0.0,0.13057000935077667
Egypt,61515,61612,Al Matariyya,2024,485494.7429269829,0.07675299793481827,0.0,0.1299699991941452,0.07675299793481827,0.0,0.1299699991941452
Egypt,61515,61615,Al Sharabiyya,2024,215091.46162737662,0.0803622156381607,0.0,0.13570237159729004,0.0803622156381607,0.0,0.13570237159729004
Egypt,61515,61614,Al Salam,2024,528042.3350434073,0.04619070142507553,0.0,0.08953254669904709,0.04619070142507553,0.0,0.08953254669904709
Egypt,61515,61617,Al Wayli,2024,74492.09643216597,0.0803622156381607,0.0,0.13570237159729004,0.0803622156381607,0.0,0.13570237159729004
Egypt,61515,61618,Al Zahir,2024,64486.4423661475,0.09816110879182816,0.0,0.15269576013088226,0.09816110879182816,0.0,0.15269576013088226
Egypt,61515,61619,Al Zaytun,2024,302830.2823165746,0.06351817399263382,0.0,0.12967632710933685,0.06351817399263382,0.0,0.12967632710933685
Egypt,61515,61616,Al Tibbin,2024,65154.224412400676,0.0392630435526371,0.0,0.059749893844127655,0.0392630435526371,0.0,0.059749893844127655
Egypt,61515,61620,Bab Al-Shariyya,2024,51022.250835583254,0.11571935564279556,0.0,0.16725295782089233,0.11571935564279556,0.0,0.16725295782089233
Egypt,61515,61621,Badr,2024,16157.039350474397,0.04345731809735298,0.0,0.06146332621574402,0.04345731809735298,0.0,0.06146332621574402
Egypt,61515,61622,Basatin,2024,772454.3228855557,0.04305459186434746,0.0,0.05632207915186882,0.04305459186434746,0.0,0.05632207915186882
Egypt,61515,61623,Bulaq,2024,58215.73372774311,0.08879201859235764,0.0,0.1283680945634842,0.08879201859235764,0.0,0.1283680945634842
Egypt,61515,61624,Gamaliyya,2024,47719.24456840962,0.10247159749269485,0.0,0.17122676968574524,0.10247159749269485,0.0,0.17122676968574524
Egypt,61515,61625,Hadaiq Al-Qubba,2024,275776.12449997547,0.06975473463535309,0.0,0.1215413436293602,0.06975473463535309,0.0,0.1215413436293602
Egypt,61515,61626,Hilwan,2024,615504.1815580279,0.03461353853344917,0.0,0.044724225997924805,0.03461353853344917,0.0,0.044724225997924805
Egypt,61515,61627,Maadi,2024,85700.7195678139,0.028286326676607132,0.0,0.03946384787559509,0.028286326676607132,0.0,0.03946384787559509
Egypt,61515,61629,Marg,2024,473356.0496176227,0.042925991117954254,0.0,0.06614179909229279,0.042925991117954254,0.0,0.06614179909229279
Egypt,61515,61628,Madinat Nasr-2,2024,77269.80411808722,0.03704392537474632,0.0,0.08441275358200073,0.03704392537474632,0.0,0.08441275358200073
Egypt,61515,61631,Misr al-Gadida,2024,109515.06394383487,0.07765383273363113,0.0,0.14126472175121307,0.07825107872486115,0.0,0.14126472175121307
Egypt,61515,61630,Minshat Nasir,2024,240529.85373277662,0.07223737984895706,0.0,0.12175311893224716,0.07223737984895706,0.0,0.12175311893224716
Egypt,61515,61632,Misr Al-Qadima,2024,205144.3583341861,0.06089499965310097,0.0,0.09911374747753143,0.06089499965310097,0.0,0.09911374747753143
Egypt,61515,61633,Muski,2024,23260.541121060247,0.10067417472600937,0.0,0.14656797051429749,0.10067417472600937,0.0,0.14656797051429749
Egypt,61515,61635,New Cairo-1,2024,27319.917287392283,0.07195115089416504,0.0,0.10672648996114731,0.07195115089416504,0.0,0.10672648996114731
Egypt,61515,61634,Nasr City,2024,470122.75504550815,0.056637298315763474,0.0,0.12269184738397598,0.056637298315763474,0.0,0.12269184738397598
Egypt,61515,61637,New Cairo-3,2024,48959.79710956907,0.018160291016101837,0.0,0.030006516724824905,0.018160291016101837,0.0,0.030006516724824905
Egypt,61515,61636,New Cairo-2,2024,38469.34993905311,0.011057067662477493,0.0,0.018813198432326317,0.011057067662477493,0.0,0.018813198432326317
Egypt,61515,61639,Qasr Al-Nile,2024,11529.032058611107,0.10752857476472855,0.0,0.15174491703510284,0.10752857476472855,0.0,0.15174491703510284
Egypt,61515,61638,Nuzha,2024,161503.53774316248,0.01852419041097164,0.0,0.0629173070192337,0.01852419041097164,0.0,0.0629173070192337
Egypt,61515,61640,Rud Al-Farag,2024,133039.46417218377,0.08380099385976791,0.0,0.1240546703338623,0.08380099385976791,0.0,0.1240546703338623
Egypt,61515,61641,Sayyida Zainab,2024,123793.4819951675,0.0822705626487732,0.0,0.12331708520650864,0.0822705626487732,0.0,0.12331708520650864
Egypt,61515,61642,Shroq,2024,21727.524095919332,0.04178501293063164,0.0,0.058483242988586426,0.04178501293063164,0.0,0.058483242988586426
Egypt,61515,61643,Shubra,2024,76176.97045778763,0.09425974637269974,0.0,0.14677205681800842,0.09425974637269974,0.0,0.14677205681800842
Egypt,61515,61644,Tura,2024,83920.55000994574,0.03511327877640724,0.0,0.0683930292725563,0.03511327877640724,0.0,0.0683930292725563
Egypt,61515,61646,Zawiyya Al-Hamra,2024,298704.9927850462,0.07738552987575531,0.0,0.13484503328800201,0.07738552987575531,0.0,0.13484503328800201
Egypt,61515,61647,Zemam Out,2024,3515.5863604418746,0.04922212287783623,0.0,0.1064172014594078,0.04922212287783623,0.0,0.1064172014594078
Egypt,61515,61645,Zamalik,2024,18597.312814540495,0.07768164575099945,0.0,0.10655980557203293,0.07760144025087357,0.0,0.10655980557203293
Egypt,61516,61649,Bany Abeed,2024,117796.4758703686,0.20444686710834503,0.0,0.17289577424526215,0.21095503866672516,0.34418442845344543,0.20696628093719482
Egypt,61516,61648,Aga,2024,472218.6266975037,0.022111155092716217,0.0,0.038172803819179535,0.06078961491584778,0.12711213529109955,0.06985197216272354
Egypt,61516,61650,Bilqas,2024,500130.4592033088,0.10206733644008636,0.09983241558074951,0.054017119109630585,0.1384541094303131,0.2011018544435501,0.07419291883707047
Egypt,61516,61651,Dikirnis,2024,327196.44180787954,0.08599266409873962,0.07660754024982452,0.11819200217723846,0.1934986412525177,0.286234587430954,0.1599625200033188
Egypt,61516,61652,E Mansora 2,2024,224362.09775439138,0.04004371538758278,0.0,0.07207044214010239,0.036550432443618774,0.0,0.07492338120937347
Egypt,61516,61653,El Mansora,2024,530963.8043217224,0.025149578228592873,0.0,0.03115956485271454,0.04300770163536072,0.10277146846055984,0.061493758112192154
Egypt,61516,61654,El Mansora 1,2024,290314.4055326162,0.03819482773542404,0.0,0.07944716513156891,0.03819482773542404,0.0,0.07944716513156891
Egypt,61516,61655,Gamaliyya,2024,97713.233033511,0.24092835187911987,0.20161347091197968,0.26673978567123413,0.29625120759010315,0.010696902871131897,0.34823378920555115
Egypt,61516,61657,Mahalet Demna,2024,54039.604882314394,0.09244820475578308,0.06455901265144348,0.13909338414669037,0.22617994248867035,0.2761789560317993,0.22240573167800903
Egypt,61516,61656,Gamsa,2024,3054.7004236168145,0.03644539788365364,0.0,0.09702704846858978,0.03657210245728493,0.0,0.09702704846858978
Egypt,61516,61658,Manzala,2024,306577.31099017436,0.04105592146515846,0.026599636301398277,0.05065005645155907,0.1341516673564911,0.1293858140707016,0.0864826887845993
Egypt,61516,61659,Matariyya,2024,145375.64805781376,0.05831744149327278,0.0,0.09499949961900711,0.1055726408958435,0.0,0.14963407814502716
Egypt,61516,61660,Minya Al-Nasr,2024,271508.79465249216,0.0658181682229042,0.08518640697002411,0.06899028271436691,0.13600914180278778,0.26717737317085266,0.11738135665655136
Egypt,61516,61661,Mit Ghamr,2024,748982.2168450817,0.027592122554779053,0.0,0.025596244260668755,0.05067937821149826,0.0,0.046329859644174576
Egypt,61516,61662,MIt Salsil,2024,64473.35368435584,0.1550222635269165,0.11298847198486328,0.1049191951751709,0.2007174789905548,0.27958083152770996,0.20113573968410492
Egypt,61516,61663,Nebro,2024,256368.56415598368,0.2144792079925537,0.07224304974079132,0.23379267752170563,0.2953963875770569,0.2647708058357239,0.31110879778862
Egypt,61516,61664,Shirbin,2024,399703.58680418186,0.01977420225739479,0.0,0.031376443803310394,0.09469325840473175,0.2417336106300354,0.07268060743808746
Egypt,61516,61665,Sinbillawin,2024,527478.3705562039,0.1502375602722168,0.07195641845464706,0.1589292585849762,0.2265244871377945,0.25277990102767944,0.22908927500247955
Egypt,61516,61666,Talkha,2024,362547.1843162916,0.012739677913486958,0.0,0.022120097652077675,0.028986116871237755,0.0,0.04959683492779732
Egypt,61516,61667,Tamy Al-Amdid,2024,164842.03537467358,0.2077360600233078,0.12430635094642639,0.2158820778131485,0.2818220555782318,0.3354412019252777,0.27273866534233093
Egypt,61517,61668,Dumyat,2024,291549.2293693353,0.05823861062526703,0.0,0.11118364334106445,0.06891392916440964,0.0,0.12918075919151306
Egypt,61517,61669,Dumyat 1,2024,94513.05123151149,0.04116586595773697,0.0,0.08042077720165253,0.038971662521362305,0.0,0.08344369381666183
Egypt,61517,61670,Dumyat 2,2024,155389.88155594235,0.05127007141709328,0.0,0.09670323878526688,0.051321111619472504,0.0,0.09670323878526688
Egypt,61517,61671,Dumyat Al-Gadida,2024,35846.611189798336,0.0160050205886364,0.0,0.014783247373998165,0.022522764280438423,0.0,0.03422797471284866
Egypt,61517,61672,Fariskur,2024,245230.35531340176,0.01213938556611538,0.0,0.04177786409854889,0.10560918599367142,0.19019721448421478,0.08369152992963791
Egypt,61517,61674,Police Department Port of Damietta,2024,176.32836615384792,0.06300757825374603,0.0,0.10776738077402115,0.06300757825374603,0.0,0.10776738077402115
Egypt,61517,61673,Kafr Sad,2024,355091.1553020682,0.031766168773174286,0.0,0.031480029225349426,0.10015907883644104,0.10674913972616196,0.06596674770116806
Egypt,61517,61675,Ras al-Bar,2024,11917.498724451256,0.07532776892185211,0.0,0.13404293358325958,0.0754544660449028,0.0,0.13404293358325958
Egypt,61517,61676,Zarqa,2024,148437.34948732884,0.045351237058639526,0.0,0.054533451795578,0.1370917558670044,0.12929494678974152,0.1080869734287262
Egypt,61518,61677,Abshaway,2024,377793.2516638166,0.048857033252716064,0.0,0.07079649716615677,0.06349418312311172,0.0,0.09508912265300751
Egypt,61518,61679,Fayyum,2024,895851.423528689,0.033919136971235275,0.0,0.05572397634387016,0.0493180975317955,0.0,0.07708920538425446
Egypt,61518,61678,Atsa,2024,633650.3937085527,0.0638047531247139,0.0,0.0939100980758667,0.11304321885108948,0.24635018408298492,0.10870792716741562
Egypt,61518,61680,Fayyum City,2024,0.0,0.13457340002059937,0.0,0.20665763318538666,0.13457340002059937,0.0,0.20665763318538666
Egypt,61518,61682,Tamya,2024,402991.82482291665,0.06509989500045776,0.0,0.08107108622789383,0.11487184464931488,0.24528807401657104,0.10252772271633148
Egypt,61518,61681,Sinuras,2024,556114.3659906744,0.04748556390404701,0.0,0.07360762357711792,0.08198510110378265,0.02357802540063858,0.0924624651670456
Egypt,61518,61683,Yousef El sadeq,2024,355239.71485129546,0.06305492669343948,0.0,0.09995771199464798,0.10373279452323914,0.24262471497058868,0.11559317260980606
Egypt,61518,61684,Zemam Out,2024,5090.56200012372,0.24392765760421753,0.06524668633937836,0.23766332864761353,0.27778270840644836,0.16110914945602417,0.23766332864761353
Egypt,61519,61685,Basyun,2024,282308.0799902546,0.12220418453216553,0.05450902134180069,0.06369872391223907,0.15182121098041534,0.31206464767456055,0.11512904614210129
Egypt,61519,61687,El Mahalla El Kobra 1,2024,237205.49362684131,0.04052157700061798,0.0,0.08901312202215195,0.04052157700061798,0.0,0.08901312202215195
Egypt,61519,61686,El Mahalla El Kobra,2024,681105.3426052334,0.07998938858509064,0.040757257491350174,0.03479049354791641,0.13906040787696838,0.26875022053718567,0.07022690773010254
Egypt,61519,61688,El Mahalla El Kobra 2,2024,273635.77600914077,0.044681474566459656,0.0,0.08152920007705688,0.0403890460729599,0.0,0.0847661942243576
Egypt,61519,61690,Qutur,2024,323828.59318618843,0.12069270014762878,0.07358001172542572,0.05777638778090477,0.16720068454742432,0.30032598972320557,0.1484094113111496
Egypt,61519,61689,Kafr Al-Zayyat,2024,440277.77828626824,0.023670321330428123,0.0,0.039793308824300766,0.08913925290107727,0.13311795890331268,0.06914037466049194
Egypt,61519,61691,Samannud,2024,344076.5125003205,0.0353752039372921,0.0,0.04325496405363083,0.07497529685497284,0.005365084856748581,0.07913357019424438
Egypt,61519,61692,Santa,2024,429066.1202618389,0.0710604339838028,0.06778520345687866,0.042673900723457336,0.13695332407951355,0.2615378797054291,0.09541688859462738
Egypt,61519,61693,Tanta,2024,628614.2108759088,0.02088848315179348,0.0,0.03786895051598549,0.044106028974056244,0.11512258648872375,0.0575241893529892
Egypt,61519,61694,Tanta 1,2024,233255.4942803757,0.039096612483263016,0.0,0.07145027071237564,0.03756336495280266,0.0,0.07247033715248108
Egypt,61519,61695,Tanta 2,2024,253299.39498893893,0.05016058310866356,0.0,0.09094753861427307,0.04969003424048424,0.0,0.09094753861427307
Egypt,61519,61696,Zifta,2024,515455.2343122938,0.022749189287424088,0.0,0.03528211638331413,0.04292401671409607,0.01928900182247162,0.06062806397676468
Egypt,61520,61697,6 October-1,2024,58836.90374754224,0.018763888627290726,0.0,0.04620445519685745,0.018763888627290726,0.0,0.04620445519685745
Egypt,61520,61698,6 October-2,2024,173864.32709796928,0.055100034922361374,0.0,0.09924706071615219,0.055100034922361374,0.0,0.09924706071615219
Egypt,61520,61699,Al-Aguza,2024,239674.1290527942,0.06708725541830063,0.0,0.12629154324531555,0.06708725541830063,0.0,0.12629154324531555
Egypt,61520,61700,Al-Ahram,2024,452748.82019156823,0.029584135860204697,0.0,0.04759698733687401,0.029113586992025375,0.0,0.04759698733687401
Egypt,61520,61701,Atfeh,2024,252448.64640894395,0.020454982295632362,0.0,0.027814770117402077,0.035986993461847305,0.0,0.05163082480430603
Egypt,61520,61702,Ayat,2024,534965.3029374311,0.036767952144145966,0.0,0.0497879758477211,0.051681626588106155,0.0,0.0688173770904541
Egypt,61520,61703,Badrashain,2024,583939.9179877416,0.017035003751516342,0.0,0.027730589732527733,0.017564229667186737,0.0,0.0348653644323349
Egypt,61520,64449,Bulaq Al-DakrUr,2024,835847.1052972828,0.08015935868024826,0.0,0.14378859102725983,0.08015935868024826,0.0,0.14378859102725983
Egypt,61520,64448,Bahariya Oasis,2024,2287.6112115470946,0.22270774841308594,0.0,0.2083120197057724,0.32275882363319397,0.41329196095466614,0.2123204469680786
Egypt,61520,64453,Giza,2024,759075.3840671942,0.022535504773259163,0.0,0.02574632689356804,0.019336724653840065,0.0,0.02923710271716118
Egypt,61520,64451,DuqqI,2024,149306.46771912667,0.0702824741601944,0.0,0.12111099064350128,0.0702824741601944,0.0,0.12111099064350128
Egypt,61520,65305,Hwamdeia,2024,211500.56084417546,0.041402220726013184,0.0,0.06626179814338684,0.03794535622000694,0.0,0.06949878484010696
Egypt,61520,65315,Imbaba,2024,1489225.112719419,0.026186758652329445,0.0,0.04494637995958328,0.03847670927643776,0.0,0.05806400254368782
Egypt,61520,65317,Kardasa,2024,797461.05376091,0.021844474598765373,0.0,0.03243802860379219,0.03691977635025978,0.0,0.047991085797548294
Egypt,61520,65336,Shaykh Zayed,2024,44135.232350547856,0.021489981561899185,0.0,0.030788397416472435,0.02161668986082077,0.0,0.030788397416472435
Egypt,61520,65321,Saf,2024,286704.7235799208,0.016361752524971962,0.0,0.026174170896410942,0.015277865342795849,0.0,0.03849147632718086
Egypt,61520,65337,Umraniyya,2024,1113805.6067603456,0.04745882377028465,0.0,0.06934836506843567,0.04745882377028465,0.0,0.06934836506843567
Egypt,61520,65345,Waraq,2024,1213095.9234261387,0.022679798305034637,0.0,0.033125605434179306,0.038599643856287,0.0,0.04867866262793541
Egypt,61521,65711,Fayid,2024,133944.1127652868,0.029164724051952362,0.0,0.053943805396556854,0.04785454645752907,0.0,0.07498347759246826
Egypt,61521,65747,Ismailiyya,2024,302170.71120639105,0.01607249490916729,0.0,0.02858114242553711,0.0227679256349802,0.0,0.042383965104818344
Egypt,61521,65748,Ismailiyya 1,2024,42274.70644556664,0.025897840037941933,0.0,0.03971150144934654,0.02602454461157322,0.0,0.03971150144934654
Egypt,61521,65749,Ismailiyya 2,2024,202078.68075437893,0.04284289479255676,0.0,0.0658976137638092,0.04284289479255676,0.0,0.0658976137638092
Egypt,61521,65751,Ismailiyya 3,2024,116507.75933314313,0.03479435294866562,0.0,0.05811021476984024,0.034921061247587204,0.0,0.05811021476984024
Egypt,61521,65752,"Qantara Gharb, al-",2024,130684.0170421213,0.015316192060709,0.0,0.02881152741611004,0.02334163896739483,0.0,0.03846161812543869
Egypt,61521,65753,"Qantara Sharq, al-",2024,39548.214904962326,0.22203569114208221,0.2487575262784958,0.18413954973220825,0.3076457381248474,0.3561517000198364,0.1939360797405243
Egypt,61521,65754,"Tal al-Kabir, al-",2024,181570.155092941,0.06460565328598022,0.0,0.06829666346311569,0.10265777260065079,0.0,0.08281396329402924
Egypt,61522,65755,Al Hamul,2024,300844.38137705595,0.13541188836097717,0.09562937915325165,0.052485279738903046,0.15437833964824677,0.2746121883392334,0.08193996548652649
Egypt,61522,65758,Biyalu,2024,280356.70259560976,0.04450161010026932,0.02661989815533161,0.05494696646928787,0.18633955717086792,0.3484896719455719,0.14127258956432343
Egypt,61520,65350,Zemam out,2024,16403.08435584563,0.09305541217327118,0.0,0.15571360290050507,0.0921424850821495,0.0,0.15571360290050507
Egypt,61522,65759,Burullus,2024,205277.29436259298,0.17686758935451508,0.047393932938575745,0.11235588788986206,0.19022555649280548,0.12867294251918793,0.129245325922966
Egypt,61522,65760,Disuq,2024,529365.7780033222,0.016666458919644356,0.0,0.03587804362177849,0.11183211207389832,0.1398213654756546,0.07051506638526917
Egypt,61522,65761,Fuwwa,2024,164284.31793658674,0.027728937566280365,0.013355143368244171,0.04184844344854355,0.1130114495754242,0.17744775116443634,0.09954266250133514
Egypt,61522,65762,Kafr Al-Shaykh,2024,595274.6166874414,0.028250792995095253,0.0,0.046407997608184814,0.1152561753988266,0.20331116020679474,0.07402338832616806
Egypt,61522,65766,Qillin,2024,243127.27744989502,0.10802799463272095,0.08939606696367264,0.09639901667833328,0.18089909851551056,0.24935665726661682,0.15315209329128265
Egypt,61522,65793,Riyad,2024,163863.6974756358,0.11104217916727066,0.11277896165847778,0.0724843442440033,0.17060834169387817,0.2820014953613281,0.1191561296582222
Egypt,61522,65763,Mitubas,2024,262844.65789713676,0.05406881868839264,0.06772905588150024,0.04156436026096344,0.12540370225906372,0.20947067439556122,0.085969939827919
Egypt,61522,65801,Sidi Salim,2024,371095.1020864864,0.11321716010570526,0.09123331308364868,0.06983082741498947,0.17084091901779175,0.2772609293460846,0.09987097978591919
Egypt,61523,65802,Abour,2024,50197.249853272566,0.0551297701895237,0.0,0.10151871293783188,0.0551297701895237,0.0,0.10151871293783188
Egypt,61523,65804,Al Khanka,2024,524725.7523012373,0.0183623805642128,0.0,0.03324730694293976,0.018735865131020546,0.0,0.039266400039196014
Egypt,61523,65806,Banha,2024,637194.0106035128,0.031681254506111145,0.0,0.03978637605905533,0.044032879173755646,0.0,0.05496935918927193
Egypt,61523,65807,Kafr Shukr,2024,176637.6315188472,0.037424419075250626,0.0,0.054745864123106,0.05774921178817749,0.0,0.08420516550540924
Egypt,61523,65811,Khsos,2024,338052.1893724178,0.0673009380698204,0.0,0.10992954671382904,0.0673009380698204,0.0,0.10992954671382904
Egypt,61523,65815,Qaha,2024,42681.21858303924,0.057403579354286194,0.0,0.07909679412841797,0.1070827841758728,0.0,0.10519982874393463
Egypt,61523,65816,Qalyub,2024,575504.8727551887,0.01481215562671423,0.0,0.022743094712495804,0.028091730549931526,0.0,0.03235042840242386
Egypt,61523,65817,Qanatir Al-Khayriyya,2024,455282.2779365302,0.029021866619586945,0.0,0.030687887221574783,0.04170415550470352,0.0,0.04424864053726196
Egypt,61523,65819,Shibin al-Qanatir,2024,503854.7150585629,0.03611888363957405,0.0,0.056527767330408096,0.05046685039997101,0.0,0.08350658416748047
Egypt,61523,65821,Shubra Al-Khayma 1,2024,538488.6070787692,0.05766640603542328,0.0,0.08412755280733109,0.05766640603542328,0.0,0.08412755280733109
Egypt,61523,65825,Tukh,2024,546595.8796303284,0.014166362583637238,0.0,0.02616066113114357,0.04791739583015442,0.15929606556892395,0.05770199000835419
Egypt,61523,65828,Zemam Out,2024,2336.8505790158815,0.01678088679909706,0.0,0.027625465765595436,0.014975498430430889,0.0,0.027625465765595436
Egypt,61523,65824,Shubra Al-Khayma 2,2024,685884.2608860463,0.04342508316040039,0.0,0.06053075194358826,0.04342508316040039,0.0,0.06053075194358826
Egypt,61524,65832,Tiba police station,2024,459800.7015250067,0.08811774104833603,0.0,0.1400802731513977,0.10326529294252396,0.0,0.171330988407135
Egypt,61524,65830,Luxor,2024,3292735.0338788712,0.024870751425623894,0.0,0.050119057297706604,0.04087540879845619,0.0,0.06208619847893715
Egypt,61524,65833,Zemam Out,2024,14088.914960291808,0.08581702411174774,0.0,0.15178900957107544,0.08946896344423294,0.0,0.1562129110097885
Egypt,61525,65835,Alamn,2024,8269.152916919827,0.08012596517801285,0.0,0.10244536399841309,0.07968359440565109,0.0,0.10244536399841309
Egypt,61525,65837,Daba,2024,15172.776067851459,0.14633309841156006,0.15578362345695496,0.21388429403305054,0.14327046275138855,0.20811879634857178,0.21388429403305054
Egypt,61525,65834,Al-Hammam,2024,38872.0233950439,0.12949582934379578,0.21103377640247345,0.15636898577213287,0.17407912015914917,0.3074745833873749,0.15636898577213287
Egypt,61525,65840,Salloum,2024,8864.971870969115,0.13272562623023987,0.15095219016075134,0.22261977195739746,0.13490094244480133,0.18845978379249573,0.22261977195739746
Egypt,61525,65841,Sidi Barani,2024,20034.414329451934,0.23712509870529175,0.2666251063346863,0.21942907571792603,0.286906361579895,0.20531895756721497,0.21942907571792603
Egypt,61525,65838,Marsa Matruh,2024,42545.49865180321,0.20608961582183838,0.17051488161087036,0.2542411983013153,0.2139630764722824,0.20989471673965454,0.2542411983013153
Egypt,61526,65843,Kesm Al-minya,2024,288642.23461642256,0.03305480256676674,0.0,0.057624343782663345,0.030302688479423523,0.0,0.05791687220335007
Egypt,61526,65845,Kesm Mallawi,2024,171338.71409521863,0.056619495153427124,0.0,0.08758189529180527,0.06859215348958969,0.0,0.10300994664430618
Egypt,61526,65846,Markz Abu Qurqas,2024,568599.2664439202,0.03504030779004097,0.0,0.07229305803775787,0.07436411082744598,0.13851411640644073,0.10130305588245392
Egypt,61526,65848,Markz Al Idwa,2024,252541.34119813138,0.07251583784818649,0.0,0.11453207582235336,0.07346027344465256,0.12156550586223602,0.14144288003444672
Egypt,61526,65849,Markz Al Minya,2024,642288.8153398512,0.06753669679164886,0.0,0.0845707580447197,0.07738414406776428,0.0,0.09526237845420837
Egypt,61526,65850,Markz Bani Mazar,2024,566262.7347508041,0.056823745369911194,0.0,0.10904059559106827,0.09844527393579483,0.14062638580799103,0.12668511271476746
Egypt,61526,65852,Markz Dir Mawas,2024,366946.9611659677,0.026525646448135376,0.0,0.0704001784324646,0.07048632204532623,0.1401650607585907,0.10183728486299515
Egypt,61526,65854,Markz Maghagha,2024,529734.4374598812,0.07185561954975128,0.0,0.11241527646780014,0.09026319533586502,0.020765170454978943,0.13133305311203003
Egypt,61526,65855,Markz Mallawi,2024,683444.1548539526,0.040820151567459106,0.0,0.0964832752943039,0.06935865432024002,0.10202263295650482,0.11782854050397873
Egypt,61526,65857,Markz Matay,2024,289161.6029409808,0.10340755432844162,0.0,0.1864897757768631,0.16294901072978973,0.22852195799350739,0.21454185247421265
Egypt,61526,65862,Markz Samalut,2024,717261.6719456823,0.06403570622205734,0.0,0.08315730839967728,0.07157541811466217,0.0,0.09637872129678726
Egypt,61526,65865,New Minya,2024,5237.79617248151,0.03037848323583603,0.0,0.06852439045906067,0.03037848323583603,0.0,0.06852439045906067
Egypt,61526,65866,Zemam Out,2024,3361.5777002523973,0.23914949595928192,0.23247788846492767,0.15901918709278107,0.2472320795059204,0.26230233907699585,0.15901918709278107
Egypt,61527,65872,Al-Bagur,2024,365498.87688489433,0.028288235887885094,0.0,0.03851943463087082,0.09175334125757217,0.17363719642162323,0.08666367083787918
Egypt,61527,65873,Al-Shuhada,2024,304037.59677290136,0.09582197666168213,0.09511363506317139,0.06183190271258354,0.16747839748859406,0.2787639796733856,0.15717525780200958
Egypt,61527,65874,Ashmun,2024,762846.2725123715,0.035164084285497665,0.0,0.06315942853689194,0.10514932870864868,0.19246737658977509,0.09708576649427414
Egypt,61527,65875,Birkat Al-Sab,2024,286253.95499399677,0.026204191148281097,0.0,0.02734859101474285,0.10233914852142334,0.21487237513065338,0.08169222623109818
Egypt,61527,65876,Minuf,2024,402049.0360470286,0.04227684065699577,0.07567193359136581,0.04921252653002739,0.1316186487674713,0.262032687664032,0.1244097501039505
Egypt,61527,65877,Minuf City,2024,106329.25565422841,0.05602819100022316,0.0,0.08657431602478027,0.0735068991780281,0.0,0.11271347850561142
Egypt,61527,65879,Quwisna,2024,454996.10138804105,0.009820622391998768,0.0,0.01670701988041401,0.026098938658833504,0.055042561143636703,0.049937136471271515
Egypt,61527,65888,Sadat City,2024,169156.71356802667,0.010449129156768322,0.0,0.018330849707126617,0.01789427362382412,0.0,0.028806528076529503
Egypt,61527,65889,Shibin al-Kum,2024,633033.2167324567,0.01624223217368126,0.0,0.028719188645482063,0.03265554830431938,0.0,0.052181582897901535
Egypt,61527,65891,Sirs Al-Layyana City,2024,62518.476263282806,0.04704374819993973,0.0,0.08562810719013214,0.06674069166183472,0.05396611988544464,0.1323467195034027
Egypt,61527,65894,Tala,2024,356952.5131682137,0.11771750450134277,0.08877654373645782,0.048287443816661835,0.1574970781803131,0.2868000566959381,0.14587463438510895
Egypt,61525,65842,Siwa,2024,3599.765173691325,0.30324503779411316,0.454504132270813,0.234401673078537,0.33460962772369385,0.46606510877609253,0.234401673078537
Egypt,61528,65897,Al-Kharga Oasis,2024,8329.091495808418,0.25359416007995605,0.2407805174589157,0.2612393796443939,0.28300046920776367,0.3235873281955719,0.2612393796443939
Egypt,61528,65896,A-Dakhla Oasis,2024,1317.9737656898797,0.1860867142677307,0.32220596075057983,0.18694792687892914,0.237009197473526,0.4410295784473419,0.19716808199882507
Egypt,61528,65898,Al Farafra Oasis,2024,4860.3006229661405,0.2289479672908783,0.2511785328388214,0.16678398847579956,0.2520143985748291,0.33051154017448425,0.16678398847579956
Egypt,61529,65905,Al-Hasna,2024,863.1640506806186,0.11026359349489212,0.16731253266334534,0.16666193306446075,0.10599430650472641,0.19596818089485168,0.16666193306446075
Egypt,61529,65907,Bir Al-Abd,2024,24270.84409214186,0.14863957464694977,0.1806941032409668,0.22429470717906952,0.15635301172733307,0.21566003561019897,0.22429470717906952
Egypt,61528,65903,Paris Paris,2024,0.0,0.37146228551864624,0.4009285271167755,0.3090951442718506,0.3788139224052429,0.4221794605255127,0.3090951442718506
Egypt,61529,65913,El Arish 1,2024,78182.92348349301,0.021864552050828934,0.0,0.03765403479337692,0.021864552050828934,0.0,0.03765403479337692
Egypt,61529,65914,El Arish 2,2024,25873.670693146112,0.04124944657087326,0.0,0.07730367034673691,0.04124944657087326,0.0,0.07730367034673691
Egypt,61529,65922,El Arish 3,2024,9621.1845137701,0.15011200308799744,0.08903692662715912,0.1959918588399887,0.13026946783065796,0.12371097505092621,0.1959918588399887
Egypt,61529,65925,El Arish 4,2024,14693.836762498388,0.14882370829582214,0.04878958687186241,0.20575395226478577,0.1566670835018158,0.11664886772632599,0.20575395226478577
Egypt,61529,65928,Qasima,2024,1248.5286090212885,0.20323532819747925,0.1833517700433731,0.2188664674758911,0.20481441915035248,0.22064164280891418,0.2188664674758911
Egypt,61529,65929,Rafah,2024,93152.76488472513,0.03057742305099964,0.0,0.049259018152952194,0.029581371694803238,0.06469573825597763,0.049259018152952194
Egypt,61529,65927,Nakhl,2024,1918.5021933171656,0.168614462018013,0.16808927059173584,0.18979990482330322,0.16730055212974548,0.2060766965150833,0.18979990482330322
Egypt,61529,65931,Rummana,2024,30512.43523960209,0.09288515895605087,0.024813996627926826,0.1365814357995987,0.09345907717943192,0.09629271924495697,0.1365814357995987
Egypt,61529,65932,Shaykh Zuwayd,2024,26147.377311992757,0.1362684667110443,0.1398707628250122,0.1719580441713333,0.1380435973405838,0.18285612761974335,0.1719580441713333
Egypt,61530,65933,Al-Arab,2024,52212.39686737807,0.08487677574157715,0.0,0.1300208419561386,0.08487677574157715,0.0,0.1300208419561386
Egypt,61530,65935,Al-Dawahy,2024,117227.64955029206,0.08455365896224976,0.0,0.14943209290504456,0.08455365896224976,0.0,0.14943209290504456
Egypt,61530,65939,Al-Ganoub,2024,31038.46544645288,0.06093578040599823,0.09219329059123993,0.10189613699913025,0.20895403623580933,0.17663489282131195,0.11804228276014328
Egypt,61530,65940,Al-Ganoub 2,2024,25428.91883758427,0.16556912660598755,0.11343245208263397,0.11439838260412216,0.27609410881996155,0.32549118995666504,0.12944085896015167
Egypt,61530,65944,Al-Munakh,2024,67973.82845003463,0.05908941105008125,0.0,0.09698802977800369,0.05908941105008125,0.0,0.09698802977800369
Egypt,61530,65949,Al-Zohour,2024,234799.2370597404,0.05775774270296097,0.0,0.10163059830665588,0.05775774270296097,0.0,0.10163059830665588
Egypt,61530,65946,Al-Sharq,2024,34394.04891014847,0.07677692174911499,0.0,0.11079275608062744,0.07677692174911499,0.0,0.11079275608062744
Egypt,61530,65951,Mubark-Sharq Tafrea,2024,6816.676811613239,0.09497236460447311,0.0,0.15811721980571747,0.24198395013809204,0.16945527493953705,0.15949413180351257
Egypt,61530,65953,Port Fuad,2024,51479.90953971451,0.06024671345949173,0.0,0.11895409971475601,0.06024671345949173,0.0,0.11895409971475601
Egypt,61530,65952,Police Department Port Said Port,2024,18674.12114330412,0.039276670664548874,0.0,0.06266988813877106,0.039276670664548874,0.0,0.06266988813877106
Egypt,61531,65959,Abu Tisht,2024,250150.96461078516,0.09085356444120407,0.0,0.12692181766033173,0.1392061710357666,0.23672707378864288,0.14677438139915466
Egypt,61530,65958,Port Fuad 2,2024,9259.02183958806,0.0955662652850151,0.0,0.18160399794578552,0.0955662652850151,0.0,0.18160399794578552
Egypt,61531,65963,Al Waqf,2024,46764.800383077905,0.0718676745891571,0.0,0.11147113889455795,0.08236217498779297,0.0,0.14475396275520325
Egypt,61531,65966,Armant,2024,111859.18019509982,0.07406152784824371,0.0,0.10306092351675034,0.12056685984134674,0.09917916357517242,0.13957861065864563
Egypt,61531,65973,Dishna,2024,217295.97426102147,0.044739507138729095,0.0,0.07284513115882874,0.09316787123680115,0.10172884166240692,0.0950479581952095
Egypt,61531,65974,Farshut,2024,99089.07268700335,0.08574046194553375,0.0,0.13740316033363342,0.09652017056941986,0.0,0.17431479692459106
Egypt,61531,65976,Isna,2024,234046.85089611192,0.06661015748977661,0.0,0.05907878279685974,0.07965923100709915,0.0,0.08625345677137375
Egypt,61531,65978,Naqada,2024,95788.21373402537,0.026887573301792145,0.0,0.04209691658616066,0.04401376470923424,0.0,0.06593664735555649
Egypt,61531,65979,Qift,2024,85333.45907281677,0.0805247351527214,0.0,0.12017831206321716,0.10044816136360168,0.0,0.14991778135299683
Egypt,61531,65980,Qina,2024,376721.08137752884,0.031662724912166595,0.0,0.031960561871528625,0.04643192142248154,0.0,0.04603251442313194
Egypt,61531,65977,Nag Hammadi,2024,313373.1576339813,0.057936348021030426,0.0,0.06152918562293053,0.07023133337497711,0.0,0.07913073152303696
Egypt,61531,65983,Qus,2024,248865.35969027074,0.05912811681628227,0.0,0.0704851746559143,0.07429410517215729,0.0,0.08989468216896057
Egypt,61531,65981,Qina City,2024,0.0,0.10695721209049225,0.0,0.16125637292861938,0.10648666322231293,0.0,0.16125637292861938
Egypt,61532,65985,Hurghada 1,2024,130398.31413265104,0.1357266902923584,0.0,0.252083957195282,0.1357266902923584,0.0,0.252083957195282
Egypt,61531,65984,Zemam Out,2024,10587.286848397054,0.11353937536478043,0.0,0.20952895283699036,0.11806447803974152,0.0,0.21017169952392578
Egypt,61532,65989,Marsa Alam,2024,425.66398203099556,0.263047993183136,0.21303510665893555,0.27488017082214355,0.26731038093566895,0.2340601682662964,0.27488017082214355
Egypt,61532,65987,Hurghada 2,2024,21305.352328527017,0.17992310225963593,0.0,0.2858803868293762,0.17992310225963593,0.0,0.2858803868293762
Egypt,61532,65990,Qusir,2024,20167.73055068578,0.2144579440355301,0.03997385874390602,0.26219692826271057,0.21724291145801544,0.08932792395353317,0.26219692826271057
Egypt,61532,65994,Ras Gharib,2024,10130.255196732742,0.1731610894203186,0.0,0.28675273060798645,0.1731610894203186,0.0,0.28675273060798645
Egypt,61532,65995,Safaga,2024,56516.088650085236,0.1943020075559616,0.0,0.27086949348449707,0.20190508663654327,0.0,0.27086949348449707
Egypt,61533,65999,10 Ramadan 1,2024,69984.81162494115,0.07173378020524979,0.0,0.12381931394338608,0.07173378020524979,0.0,0.12381931394338608
Egypt,61533,66001,10 Ramadan 2,2024,73455.85062143474,0.09139709919691086,0.0,0.12939754128456116,0.09139709919691086,0.0,0.12939754128456116
Egypt,61533,66002,Abu Hammad,2024,419008.81632082886,0.049967143684625626,0.0,0.0661805272102356,0.09676627814769745,0.22523711621761322,0.07966264337301254
Egypt,61533,66004,Abu Kabir,2024,383245.27417144226,0.030945880338549614,0.0,0.041210610419511795,0.0675307959318161,0.2010885775089264,0.08113445341587067
Egypt,61532,65998,Shallatin,2024,73.49945749940156,0.25575071573257446,0.17873062193393707,0.265132337808609,0.259046733379364,0.20172064006328583,0.265132337808609
Egypt,61533,66006,Al-Husayniya,2024,599982.775711006,0.08423644304275513,0.05297928303480148,0.06563042104244232,0.1524701565504074,0.2966080605983734,0.07941773533821106
Egypt,61533,66007,Al-Qanayat,2024,52022.39770283275,0.048278700560331345,0.0,0.06815702468156815,0.07410147041082382,0.13894294202327728,0.10864328593015671
Egypt,61533,66009,Al-Salhiyya,2024,25331.05863644672,0.02000853605568409,0.0,0.04051589220762253,0.06935744732618332,0.06393440067768097,0.046328261494636536
Egypt,61533,66010,Awlad Saqr,2024,211138.78197996697,0.16858822107315063,0.11898484826087952,0.1758718490600586,0.23451381921768188,0.3574819564819336,0.2333570420742035
Egypt,61533,66012,Bilbis,2024,715979.7775951262,0.030350109562277794,0.0,0.04929925873875618,0.04215481877326965,0.0,0.06325920671224594
Egypt,61533,66014,El-Ibrahimiya,2024,153684.68743484552,0.057204682379961014,0.0,0.10240783542394638,0.14665281772613525,0.22140711545944214,0.18708498775959015
Egypt,61533,66013,Dyarb Nigm,2024,425467.54507518484,0.05305033177137375,0.0,0.051188454031944275,0.11988130211830139,0.21870672702789307,0.13533006608486176
Egypt,61533,66016,Hihya,2024,247608.23091987282,0.05754474550485611,0.0,0.08434191346168518,0.13786333799362183,0.22703880071640015,0.15026064217090607
Egypt,61533,66015,Faqus,2024,693668.2498326096,0.1071188747882843,0.0379057377576828,0.07317804545164108,0.13982512056827545,0.2316245287656784,0.09579858183860779
Egypt,61533,66017,Kafr Saqr,2024,262769.4348014781,0.06635072827339172,0.0,0.0860607698559761,0.10743457078933716,0.24273625016212463,0.12915244698524475
Egypt,61533,66018,Mashtul Al-Suq,2024,192629.6565662749,0.038159698247909546,0.0,0.06397655606269836,0.05993182584643364,0.10701704025268555,0.09765910357236862
Egypt,61533,66019,Minya al-Qamh,2024,693813.4596152534,0.02640845812857151,0.0,0.024414030835032463,0.06699670106172562,0.18177831172943115,0.061033766716718674
Egypt,61533,66020,Qurin,2024,77699.81570053042,0.07275281846523285,0.0,0.11570770293474197,0.08592472225427628,0.0,0.1290213018655777
Egypt,61533,66025,Zaqaziq 1,2024,152505.29422913346,0.07106835395097733,0.0,0.13172979652881622,0.07106835395097733,0.0,0.13172979652881622
Egypt,61533,66026,Zaqaziq 2,2024,195053.5866956281,0.05272157862782478,0.0,0.10553683340549469,0.05272157862782478,0.0,0.10553683340549469
Egypt,61533,66022,Zaqaziq,2024,804405.8637951338,0.024061286821961403,0.0,0.04305112734436989,0.036559704691171646,0.0,0.057007987052202225
Egypt,61533,66027,Zemam Out,2024,4812.8743247536195,0.010989027097821236,0.0,0.0027369617018848658,0.010546648874878883,0.0,0.0027369617018848658
Egypt,61534,66028,Abu Radis,2024,5329.3573019975365,0.21707963943481445,0.0,0.2772330045700073,0.23159494996070862,0.05684249475598335,0.2772330045700073
Egypt,61534,66029,Al-Tur,2024,18611.338325471515,0.25048956274986267,0.10135051608085632,0.25357717275619507,0.259997695684433,0.1465824395418167,0.25357717275619507
Egypt,61534,66030,Dahab,2024,166.22696317167157,0.3812853693962097,0.4394216537475586,0.25184211134910583,0.3901801109313965,0.45535391569137573,0.25184211134910583
Egypt,61534,66032,Nuweiba,2024,3976.7089906028123,0.3004074692726135,0.3146841526031494,0.26723527908325195,0.3022375702857971,0.3776504695415497,0.26723527908325195
Egypt,61534,66039,Sant Katrin,2024,5015.554245148199,0.19381119310855865,0.0,0.2814677059650421,0.22910335659980774,0.0,0.2814677059650421
Egypt,61534,66035,Ras Sidr,2024,9315.394313326533,0.22051407396793365,0.3094567060470581,0.23800627887248993,0.22456088662147522,0.35584068298339844,0.23800627887248993
Egypt,61534,66042,Taba,2024,2096.6379794206223,0.14050635695457458,0.1543891876935959,0.16668671369552612,0.13749057054519653,0.232675701379776,0.16668671369552612
Egypt,61535,66043,Al-Arbiin,2024,269845.5766747389,0.025748221203684807,0.0,0.060435183346271515,0.025748221203684807,0.0,0.060435183346271515
Egypt,61534,66041,Sharm el-Sheikh,2024,59119.271419709694,0.17726263403892517,0.0,0.29512110352516174,0.17726263403892517,0.0,0.29512110352516174
Egypt,61535,66044,Al-Ganayin,2024,92065.40626877791,0.1615387350320816,0.13133329153060913,0.11484964191913605,0.22246462106704712,0.24291899800300598,0.11484964191913605
Egypt,61535,66048,Faysal,2024,147787.8882025259,0.08762657642364502,0.06580507755279541,0.18805961310863495,0.09192855656147003,0.13769562542438507,0.18805961310863495
Egypt,61535,66049,Port Suez Police Department,2024,4.406708354254562,0.1961366832256317,0.34060564637184143,0.22159329056739807,0.18841475248336792,0.34533876180648804,0.22159329056739807
Egypt,61535,66047,Ataqa,2024,27367.983635953584,0.14170001447200775,0.0,0.22997379302978516,0.14170001447200775,0.0,0.22997379302978516
Egypt,61535,66052,Suez,2024,53930.352736471454,0.058055371046066284,0.0,0.08835773169994354,0.058055371046066284,0.0,0.08835773169994354
Egypt,61536,66054,Akhmim,2024,364504.93192550284,0.04716242849826813,0.0,0.0711047500371933,0.05889635533094406,0.0,0.07914278656244278
Egypt,61536,66055,Akhmim City,2024,0.0,0.23236924409866333,0.3231312334537506,0.2673480212688446,0.21049480140209198,0.30629515647888184,0.2673480212688446
Egypt,61536,66056,Al-Balyana,2024,461039.2495608571,0.04385055601596832,0.0,0.0886693149805069,0.12172356992959976,0.08879239112138748,0.11100813746452332
Egypt,61536,66059,Al-Maragha,2024,367202.5635492021,0.03715388849377632,0.0,0.07120970636606216,0.09201809763908386,0.18414035439491272,0.09106231480836868
Egypt,61536,66061,Al-Minshat,2024,377792.87445024366,0.027330366894602776,0.0,0.07917684316635132,0.07419730722904205,0.11969651281833649,0.10148486495018005
Egypt,61536,66062,Al Usayrat,2024,167821.1239734518,0.04527038335800171,0.0,0.10165763646364212,0.09829109162092209,0.0,0.13544537127017975
Egypt,61536,66065,Dar al-Salam,2024,370121.8839655821,0.043513428419828415,0.0,0.08811451494693756,0.10983175784349442,0.19982945919036865,0.10306788980960846
Egypt,61536,66066,Girga,2024,448340.60910909425,0.021658986806869507,0.0,0.049350447952747345,0.034941356629133224,0.0,0.06471259146928787
Egypt,61536,66067,Guhayna Al-Gharbiyya,2024,242472.36651290825,0.035346128046512604,0.0,0.055714208632707596,0.07058142870664597,0.0,0.08028829842805862
Egypt,61536,66069,Kawther,2024,4231.91061316378,0.19346249103546143,0.0,0.37714284658432007,0.19449880719184875,0.0,0.37151896953582764
Egypt,61536,66070,Kesm Tahta,2024,133844.5397505947,0.05777714028954506,0.0,0.08669283241033554,0.06982282549142838,0.0,0.09511483460664749
Egypt,61536,66072,Saqulta,2024,192342.44075736392,0.07043617218732834,0.0,0.1547403186559677,0.11856894940137863,0.10225242376327515,0.18081821501255035
Egypt,61536,66073,Suhag,2024,616945.6601400215,0.030594607815146446,0.0,0.06004181504249573,0.04580242559313774,0.0,0.07358468323945999
Egypt,61536,66079,Suhag-2,2024,92261.02351668678,0.05367371067404747,0.0,0.12005995213985443,0.05320316180586815,0.0,0.12005995213985443
Egypt,61536,66090,Tahta,2024,296659.3853552522,0.026130052283406258,0.0,0.05025311931967735,0.05578446015715599,0.17781363427639008,0.07736708968877792
Egypt,61536,66091,Tama,2024,388256.58574897144,0.02097504958510399,0.0,0.05906291306018829,0.06961420923471451,0.14212091267108917,0.08163809031248093
Egypt,61536,66093,Zemam Out,2024,10503.194309211623,0.13752584159374237,0.0,0.2097972184419632,0.1412142664194107,0.0,0.21043996512889862
Egypt,61510,61543,Al Raml,2024,407176.71776208305,0.04722939804196358,0.0,0.08922512829303741,0.04722939804196358,0.0,0.08922512829303741
Egypt,61530,65942,Al-Manasra,2024,4165.942343902956,0.17323967814445496,0.0,0.30233874917030334,0.17323967814445496,0.0,0.30233874917030334
Turkey,3017,27448,Aladag,2024,4208.972447200898,0.23030151426792145,0.19643335044384003,0.22861507534980774,0.23569883406162262,0.35365796089172363,0.2254771888256073
Turkey,3017,27449,Ceyhan,2024,102812.17243534012,0.07109132409095764,0.0,0.1468120813369751,0.08579818159341812,0.20677852630615234,0.15783637762069702
Turkey,3017,27450,Feke,2024,4968.019792794756,0.18283118307590485,0.2630162239074707,0.23838314414024353,0.2615860104560852,0.29849520325660706,0.23735085129737854
Turkey,3017,27451,Imamoglu,2024,13607.361356836482,0.07806330174207687,0.0,0.17533689737319946,0.1020885482430458,0.22804611921310425,0.18190212547779083
Turkey,3017,27452,Karaisali,2024,99965.1009469187,0.10309077799320221,0.09952111542224884,0.20570778846740723,0.15158912539482117,0.30191799998283386,0.21270692348480225
Turkey,3017,27453,Karatas,2024,49671.26062831163,0.1273600459098816,0.1934681534767151,0.16419418156147003,0.16638433933258057,0.3209916055202484,0.16687005758285522
Turkey,3017,27454,Kozan,2024,96325.00045368612,0.07818665355443954,0.0,0.1707577407360077,0.09733815491199493,0.3058677017688751,0.1697569489479065
Egypt,61512,61579,Zemam Out,2024,40429.57917558512,0.18072724342346191,0.012645501643419266,0.2620064318180084,0.2156621664762497,0.08072522282600403,0.2620064318180084
Turkey,3017,27455,Pozanti,2024,12204.44455120241,0.11731252074241638,0.0,0.15304110944271088,0.20407313108444214,0.3123164176940918,0.15710049867630005
Turkey,3017,27456,Saimbeyli,2024,8421.996144504192,0.19449344277381897,0.20591306686401367,0.1359078586101532,0.24114713072776794,0.3241024315357208,0.18091492354869843
Turkey,3017,27457,Seyhan,2024,597794.3481146379,0.03827720880508423,0.0,0.026201745495200157,0.04007267951965332,0.0,0.02441604994237423
Turkey,3017,27458,Tufanbeyli,2024,9376.470795672622,0.14438074827194214,0.16632512211799622,0.14946657419204712,0.16204896569252014,0.25220364332199097,0.16303889453411102
Turkey,3017,27459,Yumurtalik,2024,213317.8416830708,0.10761243104934692,0.0603046789765358,0.1926054209470749,0.19029125571250916,0.3589211106300354,0.20443251729011536
Turkey,3017,27460,Yuregir,2024,101143.16813668213,0.08491650223731995,0.0,0.1386210024356842,0.08747348934412003,0.0,0.1417783945798874
Turkey,3018,27462,Celikhan,2024,5273.865541847488,0.14780208468437195,0.21261267364025116,0.1909572184085846,0.1750539243221283,0.23626375198364258,0.19251422584056854
Turkey,3018,27461,Besni,2024,40986.30779084626,0.1288078874349594,0.1564028561115265,0.20872211456298828,0.16076968610286713,0.24620026350021362,0.21579043567180634
Turkey,3018,27463,Gerger,2024,9942.391810893592,0.1386963427066803,0.19368690252304077,0.16099689900875092,0.14716960489749908,0.31320422887802124,0.169801726937294
Turkey,3018,27464,Golbasi,2024,30770.370261599324,0.07746833562850952,0.0,0.1776476502418518,0.0828641876578331,0.015440596267580986,0.18374888598918915
Turkey,3018,27465,Kahta,2024,82776.07362444248,0.06668109446763992,0.0,0.15332837402820587,0.07803266495466232,0.19660533964633942,0.16186857223510742
Turkey,3018,27467,Samsat,2024,6332.650339880967,0.10107749700546265,0.035577476024627686,0.1599867194890976,0.14649952948093414,0.27539926767349243,0.17539247870445251
Turkey,3018,27468,Sincik,2024,5360.168049692716,0.21092210710048676,0.2630300521850586,0.26151108741760254,0.2084886133670807,0.3136052191257477,0.2593947947025299
Turkey,3018,27466,Merkez,2024,219598.55244628573,0.07430420070886612,0.0,0.14870336651802063,0.0777689516544342,0.0,0.15994441509246826
Turkey,3018,27469,Tut,2024,1773.8538378427925,0.16230198740959167,0.18394720554351807,0.18203336000442505,0.16073349118232727,0.22678856551647186,0.18729127943515778
Turkey,3019,27470,Basmakci,2024,3910.3473987714906,0.11280495673418045,0.0,0.1695381999015808,0.15945729613304138,0.25655320286750793,0.17299820482730865
Turkey,3019,27471,Bayat,2024,4254.05043309246,0.18926578760147095,0.21341733634471893,0.2216007113456726,0.19926512241363525,0.26126614212989807,0.22694405913352966
Turkey,3019,27473,Cay,2024,14495.113455458855,0.09175416082143784,0.0,0.16646349430084229,0.13823793828487396,0.25538724660873413,0.177969291806221
Turkey,3019,27472,Bolvadin,2024,16361.282744961225,0.0907975435256958,0.0,0.1326059103012085,0.1265428215265274,0.28103724122047424,0.1480165421962738
Turkey,3019,27474,Cobanlar,2024,18775.43233088339,0.10534457862377167,0.0,0.16818244755268097,0.13973219692707062,0.3029780685901642,0.18413449823856354
Turkey,3019,27475,Dazkiri,2024,6033.45634954799,0.12693791091442108,0.0,0.1510034054517746,0.17448274791240692,0.2612020671367645,0.16590596735477448
Turkey,3019,27476,Dinar,2024,15486.720074086139,0.07876590639352798,0.0,0.12173295021057129,0.11461429297924042,0.1909487098455429,0.13021738827228546
Turkey,3019,27478,Evciler,2024,5100.442259468971,0.1691662073135376,0.1578635424375534,0.17986606061458588,0.17160312831401825,0.2330784648656845,0.1787625253200531
Turkey,3019,27477,Emirdag,2024,26722.689461200585,0.12175166606903076,0.061986494809389114,0.1471138298511505,0.16148442029953003,0.2525358200073242,0.15693552792072296
Turkey,3019,27479,Hocalar,2024,5637.551199193833,0.1558193564414978,0.1808125227689743,0.16300977766513824,0.1739019751548767,0.24702346324920654,0.17609642446041107
Turkey,3019,27480,Ihsaniye,2024,15159.112552904133,0.12111543864011765,0.057715531438589096,0.13151511549949646,0.1685483157634735,0.24542804062366486,0.144611194729805
Turkey,3019,27481,Iscehisar,2024,22375.943041712126,0.12026920169591904,0.08915770053863525,0.17153970897197723,0.14792366325855255,0.2686072885990143,0.20246347784996033
Turkey,3019,27482,Kiziloren,2024,1985.7757965918445,0.16196253895759583,0.13678418099880219,0.20761394500732422,0.18095894157886505,0.2563205361366272,0.2099352329969406
Turkey,3019,27483,Merkez,2024,264052.57607195555,0.07712426036596298,0.0,0.14146411418914795,0.08405694365501404,0.0,0.1602102816104889
Turkey,3019,27484,Sandikli,2024,31774.015977886273,0.07673140615224838,0.0,0.16697046160697937,0.12661686539649963,0.17695361375808716,0.18210291862487793
Turkey,3019,27485,Sincanli,2024,19740.354428993473,0.15275005996227264,0.0,0.18347276747226715,0.2124239206314087,0.26733914017677307,0.19174332916736603
Turkey,3019,27487,Sultandagi,2024,12873.541264969783,0.10477388650178909,0.0,0.14430339634418488,0.14088493585586548,0.24448758363723755,0.16939926147460938
Turkey,3019,27486,Suhut,2024,16113.003595576076,0.08414518088102341,0.0,0.14271798729896545,0.14876431226730347,0.22709013521671295,0.15120241045951843
Turkey,3021,27496,Agacoren,2024,971.1108532752017,0.12233341485261917,0.0,0.17534931004047394,0.16516345739364624,0.2346428781747818,0.17892490327358246
Turkey,3021,27498,Gulagac,2024,12057.102648203858,0.16586190462112427,0.21774780750274658,0.15486298501491547,0.17750895023345947,0.25376078486442566,0.16584914922714233
Turkey,3021,27497,Eskil,2024,19929.161678985463,0.16181114315986633,0.20842449367046356,0.14006894826889038,0.20239630341529846,0.26879552006721497,0.154433012008667
Turkey,3021,27499,Guzelyurt,2024,11372.82634920095,0.17278052866458893,0.2198667824268341,0.1630479097366333,0.1929987668991089,0.2620176672935486,0.17116275429725647
Turkey,3021,27500,Merkez,2024,236235.89063222695,0.06720520555973053,0.0,0.13928866386413574,0.08212306350469589,0.09776359796524048,0.1465529501438141
Turkey,3021,27501,Ortakoy,2024,16001.490165830168,0.11614173650741577,0.12431134283542633,0.14204943180084229,0.14456568658351898,0.2371920645236969,0.15598979592323303
Turkey,3023,27511,Altindag,2024,496062.86215920164,0.013867241330444813,0.0,0.018355432897806168,0.030253980308771133,0.0,0.0394953154027462
Turkey,3021,27502,Sariyahsi,2024,778.25483913436,0.07711367309093475,0.0,0.1526591032743454,0.10180505365133286,0.11566412448883057,0.16998399794101715
Turkey,3023,27512,Ayas,2024,4372.2485124336,0.09979911148548126,0.0,0.15647253394126892,0.15551847219467163,0.23518246412277222,0.16744917631149292
Turkey,3023,27514,Beypazari,2024,29542.222196796123,0.16967540979385376,0.18601380288600922,0.2587617337703705,0.18693318963050842,0.25273603200912476,0.2538120448589325
Turkey,3023,27516,Cankaya,2024,499453.82165476005,0.010025091469287872,0.0,0.019662031903862953,0.011115876957774162,0.0,0.028634944930672646
Turkey,3023,27518,Elmadag,2024,38762.024385533405,0.06999664753675461,0.0,0.1460048109292984,0.07486896216869354,0.0,0.1612853854894638
Turkey,3023,27519,Etimesgut,2024,521139.57085503347,0.015785399824380875,0.0,0.020682845264673233,0.035628899931907654,0.0,0.04287059232592583
Turkey,3023,27513,Bala,2024,8207.138822257006,0.136057049036026,0.026952950283885002,0.14594991505146027,0.17985118925571442,0.25339242815971375,0.15544667840003967
Turkey,3023,27520,Evren,2024,535.2094417473894,0.10951113700866699,0.0,0.18197201192378998,0.12358371913433075,0.1030435860157013,0.20082198083400726
Turkey,3023,27522,Gudul,2024,2237.756269527979,0.1564500331878662,0.12354366481304169,0.22087183594703674,0.16917236149311066,0.2520488500595093,0.21858219802379608
Turkey,3023,27521,Golbasi,2024,170910.65262343793,0.108334481716156,0.0,0.16601140797138214,0.11096721887588501,0.0,0.17364346981048584
Turkey,3023,27525,Kazan,2024,45265.04638107407,0.08594668656587601,0.0,0.1461556851863861,0.09465742111206055,0.0,0.16073982417583466
Turkey,3023,27523,Haymana,2024,10914.690204222221,0.16540265083312988,0.1856660544872284,0.13924594223499298,0.20580947399139404,0.27442091703414917,0.1520397663116455
Turkey,3023,27528,Mamak,2024,543286.5525511263,0.04873375594615936,0.0,0.04879801347851753,0.06691739708185196,0.0,0.06813473999500275
Turkey,3023,27526,Kecioren,2024,940936.1737021822,0.01970340684056282,0.0,0.03951282799243927,0.035186368972063065,0.0,0.05703607574105263
Turkey,3023,27530,Polatli,2024,94462.98838105437,0.0669957622885704,0.0,0.12995243072509766,0.08764033764600754,0.14432895183563232,0.13676781952381134
Turkey,3023,27529,Nallihan,2024,13391.095528670186,0.214157372713089,0.2095651477575302,0.22292682528495789,0.21742120385169983,0.3584912419319153,0.22621671855449677
Turkey,3023,27532,Sincan,2024,946444.3393355049,0.11429552733898163,0.0,0.18557710945606232,0.12486729770898819,0.0,0.19518843293190002
Turkey,3023,27533,Yenimahalle,2024,776851.6843088097,0.01504566054791212,0.0,0.036866575479507446,0.031219301745295525,0.0,0.053552668541669846
Turkey,3023,27531,S.kochisar,2024,12764.315014700716,0.0914199948310852,0.0,0.13383464515209198,0.09177186340093613,0.03851860389113426,0.14114981889724731
Turkey,3024,27534,Akseki,2024,1813.9086334191911,0.18258605897426605,0.06083528697490692,0.14773648977279663,0.2410009205341339,0.25962427258491516,0.1475900560617447
Turkey,3024,27535,Alanya,2024,169259.28116797737,0.0717715471982956,0.0,0.1459193229675293,0.0783034935593605,0.0,0.1568148285150528
Turkey,3024,27536,Elmali,2024,25444.387636276748,0.14711827039718628,0.11618731915950775,0.13715329766273499,0.2164054811000824,0.3069315254688263,0.14817975461483002
Turkey,3024,27537,Finike,2024,46752.45057887367,0.07702893018722534,0.0,0.1634332686662674,0.10803812742233276,0.15885387361049652,0.1830645203590393
Turkey,3024,27539,Gundogmus,2024,1479.1274848058722,0.1433088630437851,0.248688742518425,0.24173836410045624,0.24264055490493774,0.2994668483734131,0.25435373187065125
Turkey,3024,27538,Gazipasa,2024,35072.490122488445,0.12617363035678864,0.2320002317428589,0.15824207663536072,0.12783056497573853,0.33276933431625366,0.15445971488952637
Turkey,3024,27540,Ibradi,2024,250.7540997204303,0.18363270163536072,0.20485956966876984,0.2577383518218994,0.288125604391098,0.24066583812236786,0.2741151750087738
Turkey,3024,27541,Kale,2024,25162.18389743958,0.21172788739204407,0.19921875,0.21961627900600433,0.19165222346782684,0.3352828025817871,0.21473455429077148
Turkey,3024,27542,Kas,2024,47771.09661118436,0.21915656328201294,0.2356525957584381,0.24709412455558777,0.28587228059768677,0.36240386962890625,0.24493373930454254
Turkey,3024,27543,Kemer,2024,16638.737086559944,0.13595089316368103,0.0,0.26431775093078613,0.14610017836093903,0.0,0.26408877968788147
Turkey,3024,27545,Kumluca,2024,55606.333307518486,0.1726621687412262,0.17746764421463013,0.1556105613708496,0.13432930409908295,0.3093360364437103,0.15297000110149384
Turkey,3024,27544,Korkuteli,2024,37913.88634489347,0.1583217978477478,0.011228851974010468,0.17807142436504364,0.22522372007369995,0.2679157853126526,0.18573591113090515
Turkey,3024,27547,Merkez,2024,1049141.1583054692,0.050798818469047546,0.0,0.09207149595022202,0.05635783076286316,0.0,0.09552363306283951
Turkey,3024,27546,Manavgat,2024,116771.29644061986,0.06582708656787872,0.0,0.13515526056289673,0.08587781339883804,0.11044842004776001,0.14239755272865295
Turkey,3024,27548,Serik,2024,78716.21086246183,0.14814333617687225,0.2258663773536682,0.17615653574466705,0.16861370205879211,0.3098921775817871,0.18434883654117584
Turkey,3027,27563,Bozdogan,2024,20522.024545276177,0.19626681506633759,0.24096250534057617,0.2849816679954529,0.20634104311466217,0.344839870929718,0.27926555275917053
Turkey,3027,27564,Buharkent,2024,5992.258626982093,0.09074591100215912,0.0,0.16716909408569336,0.10230685770511627,0.0,0.17926137149333954
Turkey,3027,27566,Germencik,2024,29679.187398246704,0.09250845015048981,0.0,0.17720893025398254,0.12137121707201004,0.22135545313358307,0.1905638873577118
Turkey,3027,27565,Cine,2024,38724.43936108965,0.1399044692516327,0.0,0.18170776963233948,0.16111794114112854,0.2989194095134735,0.18690074980258942
Turkey,3027,27567,Incirliova,2024,35174.569258423566,0.08192527294158936,0.0,0.18489179015159607,0.08577872812747955,0.0,0.19697469472885132
Turkey,3027,27568,Karacasu,2024,10929.824944714106,0.09470026195049286,0.0,0.16123932600021362,0.19381356239318848,0.29818159341812134,0.1733316034078598
Turkey,3027,27569,Karpuzlu,2024,8295.485279721424,0.1791900396347046,0.14420939981937408,0.21517696976661682,0.19825223088264465,0.3549991250038147,0.22527803480625153
Turkey,3027,27570,Kocarli,2024,10460.4487214255,0.15189094841480255,0.0,0.18366891145706177,0.19715625047683716,0.2869981825351715,0.1980542689561844
Turkey,3027,27571,Kosk,2024,28239.32066883723,0.11147285252809525,0.0,0.17198266088962555,0.09929150342941284,0.23303692042827606,0.19296671450138092
Turkey,3027,27572,Kusadasi,2024,95358.94305465196,0.03843643516302109,0.0,0.03336409479379654,0.04096117243170738,0.0,0.03732793778181076
Turkey,3027,27574,Merkez,2024,266299.700042659,0.04445718228816986,0.0,0.05379564315080643,0.050819095224142075,0.0,0.06772122532129288
Turkey,3027,27573,Kuyucak,2024,30433.828504539495,0.09373079240322113,0.0,0.161671981215477,0.09465692192316055,0.245549276471138,0.1817239671945572
Turkey,3027,27576,Soke,2024,72059.55813797872,0.10492776334285736,0.0,0.18641498684883118,0.11110971122980118,0.2622668743133545,0.18297523260116577
Turkey,3027,27575,Nazilli,2024,111407.9073541525,0.07549692690372467,0.0,0.14424015581607819,0.07515102624893188,0.0,0.15231293439865112
Turkey,3027,27577,Sultanhisar,2024,4607.198540912632,0.12048769742250443,0.0,0.18647794425487518,0.1603676974773407,0.014417791739106178,0.19468818604946136
Turkey,3027,27578,Yenihisar,2024,75537.28929783194,0.07007582485675812,0.0,0.15506601333618164,0.07747529447078705,0.0,0.16799399256706238
Turkey,3027,27579,Yenipazar,2024,8834.387226647157,0.0952754020690918,0.0,0.1702357679605484,0.11904733628034592,0.24828346073627472,0.1814052313566208
Turkey,3028,27581,Balya,2024,6559.311513328546,0.11266137659549713,0.0,0.1635642647743225,0.181488037109375,0.30279314517974854,0.1821679025888443
Turkey,3028,27580,Ayvalik,2024,50428.557461124394,0.04957946017384529,0.0,0.10307437926530838,0.054363831877708435,0.08236151933670044,0.110650934278965
Turkey,3028,27582,Bandirma,2024,129487.397760878,0.07701762020587921,0.0,0.14697284996509552,0.07934030145406723,0.0,0.15361931920051575
Turkey,3028,27584,Burhaniye,2024,45876.901507152616,0.07386293262243271,0.0,0.15732134878635406,0.07358996570110321,0.20493000745773315,0.16506890952587128
Turkey,3028,27585,Dursunbey,2024,27757.18142619529,0.1091897264122963,0.0,0.19204817712306976,0.1880500614643097,0.3025054633617401,0.19615969061851501
Turkey,3028,27583,Bigadic,2024,35896.025463576836,0.19250667095184326,0.1413240283727646,0.17920464277267456,0.2116328328847885,0.30133500695228577,0.19169466197490692
Turkey,3028,27586,Edremit,2024,143769.66798644938,0.07963069528341293,0.0,0.14213024079799652,0.08781865239143372,0.0,0.150244802236557
Turkey,3028,27587,Erdek,2024,14196.13587464274,0.16955947875976562,0.0,0.1287979632616043,0.18512007594108582,0.31407684087753296,0.1745280623435974
Turkey,3028,27588,Gomec,2024,8966.826664538024,0.1154312938451767,0.0,0.19695919752120972,0.14080283045768738,0.0,0.20224057137966156
Turkey,3028,27589,Gonen,2024,60327.9164268712,0.1209898367524147,0.0,0.15457960963249207,0.11843302100896835,0.27900171279907227,0.16561183333396912
Turkey,3028,27590,Havran,2024,25170.722601160072,0.1208195686340332,0.0,0.15558864176273346,0.09404009580612183,0.25992003083229065,0.17737658321857452
Turkey,3028,27592,Kepsut,2024,16244.549200278561,0.12733148038387299,0.0,0.1767822802066803,0.1756005436182022,0.29861509799957275,0.18241266906261444
Turkey,3028,27591,Ivrindi,2024,27722.886717829937,0.09868527203798294,0.0,0.1042955070734024,0.15431448817253113,0.27642685174942017,0.11860616505146027
Turkey,3028,27593,Manyas,2024,13355.97152970931,0.138015478849411,0.0,0.1716075837612152,0.2094983160495758,0.28381645679473877,0.18229667842388153
Turkey,3028,27594,Marmara,2024,4374.092673038189,0.16133293509483337,0.062041930854320526,0.1611449271440506,0.17972633242607117,0.25952866673469543,0.17323720455169678
Turkey,3028,27596,Savastepe,2024,13420.82887414606,0.10942070931196213,0.0,0.18239428102970123,0.1496376395225525,0.2829296290874481,0.19925157725811005
Turkey,3028,27595,Merkez,2024,344697.15997317666,0.07971098273992538,0.0,0.14383751153945923,0.08714334666728973,0.06300350278615952,0.15785787999629974
Turkey,3028,27597,Sindirgi,2024,19800.261783199072,0.1587090641260147,0.17470523715019226,0.27366146445274353,0.18828976154327393,0.3241090774536133,0.2710712254047394
Turkey,3028,27598,Susurluk,2024,31535.608339321,0.11292491853237152,0.0,0.18586912751197815,0.16375382244586945,0.28311675786972046,0.19718292355537415
Turkey,3032,27612,Bozuyuk,2024,59168.9548799577,0.07038406282663345,0.0,0.1407557725906372,0.07735633105039597,0.0,0.17511574923992157
Turkey,3032,27614,Inhisar,2024,663.9811969083584,0.1843443363904953,0.23094382882118225,0.2759511470794678,0.2117261290550232,0.32854947447776794,0.2758646309375763
Turkey,3032,27613,Golpazari,2024,13243.218611366494,0.11147186905145645,0.09517714381217957,0.27281075716018677,0.20361417531967163,0.2888657748699188,0.2686314880847931
Turkey,3032,27615,Merkez,2024,101494.94226256119,0.06851682811975479,0.0,0.1472681164741516,0.10709503293037415,0.24979734420776367,0.15526048839092255
Turkey,3032,27616,Osmaneli,2024,20656.90883739844,0.0894048884510994,0.0,0.16905993223190308,0.1326419711112976,0.2904267907142639,0.16347095370292664
Turkey,3032,27617,Pazaryeri,2024,8290.909534858007,0.11285213381052017,0.0,0.15394145250320435,0.21334576606750488,0.30679601430892944,0.21726198494434357
Turkey,3032,27618,Sogut,2024,22575.95105648414,0.07144740223884583,0.0,0.15386104583740234,0.07243010401725769,0.058457788079977036,0.15802159905433655
Turkey,3032,27619,Yenipazar,2024,1467.2383177819424,0.15224158763885498,0.18790459632873535,0.13059794902801514,0.19231221079826355,0.30039164423942566,0.14146944880485535
Turkey,3035,27643,Goynuk,2024,9018.174693095436,0.13709136843681335,0.22970391809940338,0.1470567137002945,0.20904013514518738,0.32131996750831604,0.18189629912376404
Turkey,3035,27645,Kibriscik,2024,952.8691210338153,0.0757322907447815,0.0795183926820755,0.07182461768388748,0.1263841688632965,0.2638305723667145,0.0991833284497261
Turkey,3035,27648,Mudurnu,2024,10899.904147472766,0.13379539549350739,0.0,0.155623197555542,0.23263715207576752,0.3457954227924347,0.16558319330215454
Turkey,3035,27649,Seben,2024,1809.5624109025416,0.15260595083236694,0.2703206539154053,0.11910770833492279,0.23695726692676544,0.3533962368965149,0.1557645946741104
Turkey,3036,27652,Aglasun,2024,5043.528070249554,0.13122433423995972,0.13845375180244446,0.18303246796131134,0.16525909304618835,0.28088757395744324,0.18877092003822327
Turkey,3036,27653,Altinyayla,2024,8133.988796715754,0.07215771079063416,0.0,0.1674756556749344,0.14569339156150818,0.20315295457839966,0.18123319745063782
Turkey,3036,27655,Cavdir,2024,8491.482251540354,0.1873883306980133,0.17012262344360352,0.23960155248641968,0.2107696682214737,0.32220539450645447,0.2368222028017044
Turkey,3036,27654,Bucak,2024,52185.804880326876,0.07052723318338394,0.0,0.1622908115386963,0.0968731939792633,0.19716164469718933,0.16319045424461365
Turkey,3036,27656,Celtikci,2024,4472.780252741493,0.14288370311260223,0.0,0.1962772160768509,0.2195766568183899,0.3096490502357483,0.19469411671161652
Turkey,3036,27657,Golhisar,2024,16071.561300893514,0.0721966102719307,0.0,0.1614394634962082,0.07832428067922592,0.0,0.17676511406898499
Turkey,3036,27658,Karamanli,2024,5339.2606871299395,0.10597636550664902,0.0,0.1657264232635498,0.11464343965053558,0.0,0.17858566343784332
Turkey,3036,27659,Kemer,2024,1477.1535085612109,0.2049485445022583,0.25898951292037964,0.17856739461421967,0.2264614701271057,0.31982967257499695,0.1890844851732254
Turkey,3036,27661,Tefenni,2024,5147.207364446502,0.0995948314666748,0.0,0.14187553524971008,0.1282484382390976,0.16165339946746826,0.15481314063072205
Turkey,3036,27660,Merkez,2024,99835.08307729391,0.06600432842969894,0.0,0.1441705971956253,0.0706513449549675,0.0,0.14902810752391815
Turkey,3036,27662,Yesilova,2024,8017.140480857074,0.09830114990472794,0.0,0.13587234914302826,0.19282084703445435,0.26617687940597534,0.1499343365430832
Turkey,3037,27663,Buyukorhan,2024,6367.772939641683,0.1580607295036316,0.0,0.2704233229160309,0.21688908338546753,0.34208765625953674,0.2616507411003113
Turkey,3037,27664,Gemlik,2024,86392.36638576907,0.07352937012910843,0.0,0.14104539155960083,0.07731665670871735,0.0,0.15270565450191498
Turkey,3037,27666,Harmancik,2024,3843.3245942582907,0.18356768786907196,0.19974185526371002,0.216879740357399,0.21485339105129242,0.3180526793003082,0.21224093437194824
Turkey,3037,27665,Gursu,2024,59453.194354533196,0.019863400608301163,0.0,0.03405115008354187,0.021427981555461884,0.0,0.05377310514450073
Turkey,3037,27668,Iznik,2024,35929.91707549173,0.07266929000616074,0.0,0.15273389220237732,0.14736902713775635,0.175434410572052,0.17891845107078552
Turkey,3037,27667,Inegol,2024,229987.10638448846,0.07943976670503616,0.0,0.14492566883563995,0.0843527615070343,0.0,0.16263757646083832
Turkey,3037,27669,Karacabey,2024,57652.66072350404,0.10007794201374054,0.0,0.15761548280715942,0.10655747354030609,0.3133758008480072,0.16818676888942719
Turkey,3037,27670,Keles,2024,7251.61999250943,0.14399424195289612,0.0,0.23540857434272766,0.20830807089805603,0.32574722170829773,0.24129991233348846
Turkey,3037,27671,Kestel,2024,34791.1142552152,0.06128518283367157,0.0,0.12773855030536652,0.07031776010990143,0.0,0.15018078684806824
Turkey,3037,27673,Mudanya,2024,99736.10750883832,0.07520899176597595,0.0,0.1435045450925827,0.08067935705184937,0.0924493744969368,0.1597994863986969
Turkey,3037,27672,M.kemalpasa,2024,77623.65306940058,0.0908900573849678,0.0,0.15015017986297607,0.10110918432474136,0.2732008099555969,0.163258358836174
Turkey,3037,27674,Nilufer,2024,1050554.0749215556,0.033141206949949265,0.0,0.026910068467259407,0.03930246829986572,0.0,0.03863118588924408
Turkey,3037,27676,Orhangazi,2024,68029.55855333316,0.06685959547758102,0.0,0.12743838131427765,0.08505769073963165,0.14607256650924683,0.17053447663784027
Turkey,3037,27675,Orhaneli,2024,12675.049867208112,0.1221049427986145,0.0,0.17558099329471588,0.22015292942523956,0.28062504529953003,0.2077096402645111
Turkey,3037,27677,Osmangazi,2024,840770.2344631758,0.044362977147102356,0.0,0.027938542887568474,0.057016994804143906,0.0,0.04203583300113678
Turkey,3037,27678,Yenisehir,2024,38324.00980530011,0.07878316193819046,0.0,0.1293182522058487,0.11109379678964615,0.2447807639837265,0.13558001816272736
Turkey,3038,27680,Ayvacik,2024,20967.669797321403,0.1301249861717224,0.0,0.15725168585777283,0.17701399326324463,0.32812243700027466,0.15802018344402313
Turkey,3037,27679,Yildirim,2024,242347.19606762315,0.06518080830574036,0.0,0.13405071198940277,0.06217959150671959,0.0,0.12881015241146088
Turkey,3038,27682,Biga,2024,69415.76805067796,0.15874801576137543,0.0,0.1747976690530777,0.17905201017856598,0.3135145306587219,0.17182685434818268
Turkey,3038,27681,Bayramic,2024,21022.75357931646,0.11530176550149918,0.0,0.14699561893939972,0.17203009128570557,0.269408643245697,0.17010892927646637
Turkey,3038,27683,Bozcaada,2024,1737.6991729137285,0.16321757435798645,0.0,0.17418025434017181,0.21142569184303284,0.3257984519004822,0.1766870766878128
Turkey,3038,27684,Can,2024,38538.21242742959,0.13822819292545319,0.0,0.20270496606826782,0.15682823956012726,0.3030584752559662,0.20873327553272247
Turkey,3038,27685,Eceabat,2024,4351.443014134469,0.14404937624931335,0.0,0.15955883264541626,0.1495870053768158,0.2681443989276886,0.15838627517223358
Turkey,3038,27686,Ezine,2024,30498.87021286592,0.10136615484952927,0.0,0.2012563794851303,0.15146030485630035,0.2918825149536133,0.19819115102291107
Turkey,3038,27688,Gokceada,2024,3745.415515229807,0.11202634125947952,0.02371245250105858,0.17611362040042877,0.13584856688976288,0.25176796317100525,0.18193230032920837
Turkey,3038,27689,Lapseki,2024,21571.235686260712,0.14159975945949554,0.0,0.16305415332317352,0.17967239022254944,0.3099818229675293,0.16808222234249115
Turkey,3038,27687,Gelibolu,2024,26530.869211924663,0.09403510391712189,0.0,0.16393819451332092,0.1471645087003708,0.26438429951667786,0.16644026339054108
Turkey,3038,27691,Yenice,2024,24041.94704305036,0.11736295372247696,0.0,0.1727067083120346,0.19341552257537842,0.30372530221939087,0.21307490766048431
Turkey,3038,27690,Merkez,2024,154239.72383626582,0.08180253207683563,0.0,0.15487578511238098,0.11084268987178802,0.2153800129890442,0.15653105080127716
Turkey,3041,27719,Akkoy,2024,3712.0741260472305,0.13434548676013947,0.10042408853769302,0.27532029151916504,0.19189012050628662,0.2893798351287842,0.2649977505207062
Turkey,3041,27718,Acipayam,2024,35574.34379081386,0.09704704582691193,0.0,0.17773015797138214,0.16771793365478516,0.27307191491127014,0.1888389140367508
Turkey,3041,27720,Babadag,2024,2077.5835048878807,0.17151817679405212,0.0938306376338005,0.2367522269487381,0.19753165543079376,0.31972038745880127,0.23115141689777374
Turkey,3041,27721,Baklan,2024,3032.6192612474115,0.08692526817321777,0.0,0.13261348009109497,0.1542046219110489,0.21257299184799194,0.14302992820739746
Turkey,3041,27723,Beyagac,2024,5305.97073062424,0.17108631134033203,0.21915476024150848,0.19257836043834686,0.21032533049583435,0.33364638686180115,0.20590008795261383
Turkey,3041,27722,Bekilli,2024,3948.5531730637695,0.08165325224399567,0.0,0.16267436742782593,0.09565967321395874,0.08100046217441559,0.18333639204502106
Turkey,3041,27724,Bozkurt,2024,6997.752256209976,0.21305008232593536,0.2304629236459732,0.26487550139427185,0.22363217175006866,0.3241569697856903,0.25777044892311096
Turkey,3041,27725,Buldan,2024,20271.842246105436,0.07467932999134064,0.0,0.17556725442409515,0.09821901470422745,0.18555867671966553,0.1846103072166443
Turkey,3041,27726,Cal,2024,8658.888312684678,0.08844684064388275,0.0,0.13546417653560638,0.10587123036384583,0.08536925911903381,0.1421193927526474
Turkey,3041,27727,Cameli,2024,16187.631843320454,0.12995460629463196,0.10511709749698639,0.15224696695804596,0.17332282662391663,0.2970457673072815,0.16584251821041107
Turkey,3041,27728,Cardak,2024,6750.836830789944,0.09730572253465652,0.0,0.13813456892967224,0.15014690160751343,0.24612081050872803,0.16475461423397064
Turkey,3041,27729,Civril,2024,48987.424601445346,0.09087461233139038,0.0,0.15930519998073578,0.11966539174318314,0.236756831407547,0.1627168208360672
Turkey,3041,27730,Guney,2024,5326.481837729148,0.16900694370269775,0.1749899983406067,0.22162960469722748,0.18323883414268494,0.2878159284591675,0.22261370718479156
Turkey,3041,27732,Kale,2024,16248.171156623204,0.08251684904098511,0.0,0.1853734254837036,0.13395017385482788,0.27479639649391174,0.19321340322494507
Turkey,3041,27731,Honaz,2024,35836.835994429675,0.19717109203338623,0.15885964035987854,0.25245749950408936,0.21171090006828308,0.2974744737148285,0.24694857001304626
Turkey,3041,27733,Merkez,2024,633850.6943125366,0.08375874906778336,0.0,0.13616251945495605,0.0955936461687088,0.0,0.14291806519031525
Turkey,3041,27734,Saraykoy,2024,19637.44321682368,0.09471744298934937,0.0,0.18206347525119781,0.11753301322460175,0.03272558003664017,0.1942923367023468
Turkey,3041,27735,Serinhisar,2024,8626.893001601831,0.10174120217561722,0.0,0.18162401020526886,0.10576178878545761,0.00031282752752304077,0.19413067400455475
Turkey,3043,27751,Enez,2024,5739.631548886042,0.1873827576637268,0.2378125935792923,0.20705725252628326,0.2064099907875061,0.3044358491897583,0.2087419331073761
Turkey,3041,27736,Tavas,2024,30493.45691537753,0.08628873527050018,0.0,0.1432988941669464,0.15653195977210999,0.26215222477912903,0.15753352642059326
Turkey,3043,27752,Havsa,2024,12174.001875339007,0.08900664746761322,0.0,0.146804079413414,0.12667128443717957,0.21459262073040009,0.16386118531227112
Turkey,3043,27753,Ipsala,2024,19768.020970491485,0.094331294298172,0.0,0.15654204785823822,0.10868527740240097,0.21389397978782654,0.17894306778907776
Turkey,3043,27756,Meric,2024,9799.087690430079,0.12165609747171402,0.0,0.13399122655391693,0.15475991368293762,0.22914433479309082,0.13603192567825317
Turkey,3043,27754,Kesan,2024,56157.18284774746,0.07185132801532745,0.0,0.16167381405830383,0.10421878099441528,0.2586261034011841,0.16522696614265442
Turkey,3043,27757,Merkez,2024,140820.93821085096,0.07771950215101242,0.0,0.1445225179195404,0.08590570092201233,0.0,0.15959356725215912
Turkey,3043,27758,Suleoglu,2024,3353.3535206210418,0.127527117729187,0.19419947266578674,0.14947788417339325,0.15615326166152954,0.2572202682495117,0.15602107346057892
Turkey,3047,27799,Alpu,2024,7111.9399027658665,0.1492139846086502,0.18101803958415985,0.15349024534225464,0.2040373831987381,0.2726544737815857,0.17019835114479065
Turkey,3043,27759,Uzunkopru,2024,46487.06728606193,0.08769666403532028,0.0,0.13061320781707764,0.10827232897281647,0.22116880118846893,0.1545739769935608
Turkey,3047,27800,Beylikova,2024,2682.8954919749744,0.131636843085289,0.0,0.17127805948257446,0.19604116678237915,0.26229166984558105,0.19168856739997864
Turkey,3047,27801,Cifteler,2024,10168.041790324382,0.15128205716609955,0.18455016613006592,0.14988161623477936,0.17806458473205566,0.25264960527420044,0.15949836373329163
Turkey,3047,27803,Han,2024,1481.5928935607885,0.20005011558532715,0.20951400697231293,0.2017834484577179,0.22486208379268646,0.2738592028617859,0.20555336773395538
Turkey,3047,27804,Inonu,2024,3934.1433282828584,0.17605285346508026,0.1798420399427414,0.18398220837116241,0.21790874004364014,0.2828538417816162,0.19495289027690887
Turkey,3047,27802,Gunyuzu,2024,1864.7017523894774,0.14116252958774567,0.15734392404556274,0.1475847065448761,0.1974712312221527,0.28653305768966675,0.15841972827911377
Turkey,3047,27805,Mahmudiye,2024,4006.0318756085335,0.11557431519031525,0.0,0.1565440595149994,0.17555367946624756,0.23908387124538422,0.16937696933746338
Turkey,3047,27807,Mihalgazi,2024,47.18613491706884,0.121631920337677,0.11678469181060791,0.11009997874498367,0.1539950966835022,0.24680638313293457,0.11437971889972687
Turkey,3047,27806,Merkez,2024,602122.6812827582,0.0743078663945198,0.0,0.13967764377593994,0.07620088011026382,0.0,0.14426684379577637
Turkey,3047,27808,Mihaliccik,2024,3227.261575603119,0.22346565127372742,0.29649996757507324,0.23524728417396545,0.24988886713981628,0.3834332823753357,0.2627336382865906
Turkey,3047,27809,Saricakaya,2024,794.2257907728666,0.10617678612470627,0.13319362699985504,0.1053806021809578,0.1307694911956787,0.2302083671092987,0.12076210975646973
Turkey,3047,27811,Sivrihisar,2024,10726.820522779271,0.15953078866004944,0.20268139243125916,0.1261407732963562,0.19309143722057343,0.2730311453342438,0.13384591042995453
Turkey,3047,27810,Seyitgazi,2024,8290.900944625704,0.14746320247650146,0.1023811548948288,0.1675713211297989,0.201772078871727,0.2964996099472046,0.19117555022239685
Turkey,3048,27812,Araban,2024,20776.674775281233,0.08172637224197388,0.038050662726163864,0.19008158147335052,0.10075871646404266,0.19418348371982574,0.19895952939987183
Turkey,3048,27814,Kargamis,2024,12347.553725205915,0.10069820284843445,0.10035137832164764,0.18206803500652313,0.131260946393013,0.21090351045131683,0.19310690462589264
Turkey,3048,27813,Islahiye,2024,36006.431045655416,0.10685716569423676,0.1277429163455963,0.18566077947616577,0.12148120999336243,0.24248705804347992,0.19109857082366943
Turkey,3048,27815,Nizip,2024,145747.47481517596,0.06908251345157623,0.0,0.1471647322177887,0.07475595921278,0.13867035508155823,0.15570493042469025
Turkey,3048,27816,Nurdagi,2024,22855.297092149136,0.16473093628883362,0.24674829840660095,0.27203088998794556,0.17922669649124146,0.2760448455810547,0.26090821623802185
Turkey,3048,27817,Oguzeli,2024,39395.93478492473,0.13405458629131317,0.19337894022464752,0.20353655517101288,0.16286620497703552,0.24004298448562622,0.21330255270004272
Turkey,3048,27818,Sahinbey,2024,1146532.8933481788,0.07144315540790558,0.0,0.13883747160434723,0.07405108958482742,0.0,0.14098000526428223
Turkey,3048,27819,Sehitkamil,2024,719520.1633108773,0.0711214616894722,0.0,0.13899198174476624,0.0765853077173233,0.0,0.14156851172447205
Turkey,3048,27820,Yavuzeli,2024,12469.30134219959,0.10652102530002594,0.014723369851708412,0.20215924084186554,0.12656715512275696,0.2122180163860321,0.2140265703201294
Turkey,3052,27848,Belen,2024,42602.20494529358,0.07742772996425629,0.0,0.18224959075450897,0.08244705945253372,0.1948823183774948,0.1902419626712799
Turkey,3052,27847,Altinozu,2024,42641.950099205,0.08532408624887466,0.0,0.1421428620815277,0.09646064043045044,0.2228231579065323,0.15557308495044708
Turkey,3052,27849,Dortyol,2024,112846.40533384104,0.0326383002102375,0.0,0.023654883727431297,0.035956431180238724,0.0,0.045268360525369644
Turkey,3052,27850,Erzin,2024,25639.77638320888,0.024571118876338005,0.0,0.029175225645303726,0.08330684900283813,0.17155203223228455,0.07400002330541611
Turkey,3052,27851,Hassa,2024,41550.60878257519,0.06687808036804199,0.0,0.15070690214633942,0.09221947193145752,0.1742767095565796,0.16018395125865936
Turkey,3052,27852,Iskenderun,2024,310903.7530072656,0.0235593244433403,0.0,0.03196346387267113,0.0357305184006691,0.0,0.046348899602890015
Turkey,3052,27853,Kirikhan,2024,82216.48976920577,0.09380396455526352,0.09868168830871582,0.17402850091457367,0.1067277193069458,0.2787338197231293,0.17609697580337524
Turkey,3052,27854,Kumlu,2024,4320.742398513621,0.18235895037651062,0.21059012413024902,0.21324138343334198,0.21914905309677124,0.3484824597835541,0.22223256528377533
Turkey,3052,27855,Merkez,2024,573847.1397721388,0.08317941427230835,0.0,0.13705050945281982,0.0835074782371521,0.0,0.14485697448253632
Turkey,3052,27856,Reyhanli,2024,86857.34387348167,0.06935141980648041,0.0,0.1527613401412964,0.0764312818646431,0.03884536400437355,0.16785772144794464
Turkey,3052,27857,Samandagi,2024,146615.96709549817,0.1007588729262352,0.0,0.18724335730075836,0.12975266575813293,0.17740966379642487,0.2249276489019394
Turkey,3052,27858,Yayladagi,2024,18144.40153363001,0.14442187547683716,0.06816910952329636,0.2841896414756775,0.18204423785209656,0.304766982793808,0.2791929841041565
Turkey,3053,27859,Anamur,2024,33511.80271996693,0.08649903535842896,0.0,0.16729389131069183,0.11344626545906067,0.123659148812294,0.16721336543560028
Turkey,3053,27860,Aydincik,2024,9539.215279498017,0.18111231923103333,0.24457988142967224,0.17976613342761993,0.25324109196662903,0.46349096298217773,0.18272468447685242
Turkey,3053,27861,Bozyazi,2024,9767.570270498301,0.18035316467285156,0.1228579580783844,0.18982699513435364,0.21141934394836426,0.3947679400444031,0.1882234662771225
Turkey,3053,27862,Camliyayla,2024,2398.696332045879,0.11350009590387344,0.022106384858489037,0.25738397240638733,0.1900724172592163,0.32929033041000366,0.2550989091396332
Turkey,3053,27863,Erdemli,2024,87787.58575882981,0.0869794487953186,0.0,0.13251997530460358,0.16180692613124847,0.19957217574119568,0.13226944208145142
Turkey,3053,27864,Gulnar,2024,15881.87782146199,0.29615315794944763,0.2877940237522125,0.2201453000307083,0.3054036498069763,0.41637781262397766,0.22484593093395233
Turkey,3053,27865,Merkez,2024,733923.4475965187,0.068877674639225,0.0,0.1351286917924881,0.07448039203882217,0.0,0.1377052217721939
Turkey,3053,27866,Mut,2024,40164.96566072457,0.09774020314216614,0.0861506536602974,0.18439653515815735,0.1363074779510498,0.2723505198955536,0.18813897669315338
Turkey,3053,27867,Silifke,2024,56572.39588940771,0.08350537717342377,0.0,0.16171053051948547,0.16826219856739044,0.0993967056274414,0.16347725689411163
Turkey,3055,27873,Aksu,2024,2645.724929622026,0.12018326669931412,0.0,0.20021621882915497,0.21661801636219025,0.30170363187789917,0.20188909769058228
Turkey,3055,27874,Atabey,2024,1840.5814046954215,0.12765203416347504,0.0,0.18408747017383575,0.15217521786689758,0.24687066674232483,0.1829051524400711
Turkey,3053,27868,Tarsus,2024,352217.6937838307,0.06920234858989716,0.0,0.14698250591754913,0.07463144510984421,0.0,0.15274012088775635
Turkey,3055,27876,Gelendost,2024,8051.683540776256,0.0809561237692833,0.0,0.1291813999414444,0.10011681169271469,0.003590155392885208,0.1495882272720337
Turkey,3055,27875,Egirdir,2024,20806.741588056357,0.0985845997929573,0.08178844302892685,0.18952004611492157,0.1599225103855133,0.1192556768655777,0.19803911447525024
Turkey,3055,27877,Gonen,2024,3795.4379231574944,0.1068577691912651,0.0,0.1423231065273285,0.11136548221111298,0.0,0.1574951857328415
Turkey,3055,27878,Keciborlu,2024,7221.182496580818,0.09648144990205765,0.0,0.14110922813415527,0.10284271091222763,0.046030741184949875,0.15890377759933472
Turkey,3055,27879,Merkez,2024,328465.4429055036,0.07811524718999863,0.0,0.14454184472560883,0.07785730063915253,0.0,0.15033763647079468
Turkey,3055,27881,Senirkent,2024,3966.810832684692,0.10174664109945297,0.0,0.13720861077308655,0.10819466412067413,0.0,0.14536438882350922
Turkey,3055,27880,Sarkikaraagac,2024,7901.979488172092,0.12793967127799988,0.0,0.17932575941085815,0.18433865904808044,0.2505407929420471,0.18859125673770905
Turkey,3055,27883,Uluborlu,2024,2416.3897767641465,0.10389691591262817,0.0,0.13983771204948425,0.16151189804077148,0.3194812536239624,0.15078215301036835
Turkey,3055,27882,Sutculer,2024,3424.139358999555,0.22542451322078705,0.2286578118801117,0.27846258878707886,0.28216204047203064,0.33406153321266174,0.2734510004520416
Turkey,3055,27885,Yenisarbademli,2024,498.56251532680693,0.1937469244003296,0.04077485203742981,0.2565058171749115,0.2235158085823059,0.34981000423431396,0.25838372111320496
Turkey,3055,27884,Yalvac,2024,16111.219085019993,0.1040189117193222,0.0,0.14180505275726318,0.15070170164108276,0.2599455416202545,0.14855094254016876
Turkey,3056,27887,Avcilar,2024,466557.54062475485,0.02029743231832981,0.0,0.024440240114927292,0.017267027869820595,0.0,0.026499252766370773
Turkey,3056,27886,Adalar,2024,5802.3871711964675,0.03330385312438011,0.0,0.07061240822076797,0.047655221074819565,0.0,0.09572144597768784
Turkey,3056,27888,B.cekmece,2024,825999.5724778611,0.005909496918320656,0.0,0.010728278197348118,0.009353891015052795,0.0,0.01577146351337433
Turkey,3056,27889,Bagcilar,2024,1073858.8593247845,0.0627422109246254,0.0,0.11296579986810684,0.0627422109246254,0.0,0.11296579986810684
Turkey,3056,27890,Bahcelievler,2024,553723.8797547509,0.06073831766843796,0.0,0.107401542365551,0.06111973524093628,0.0,0.107401542365551
Turkey,3056,27891,Bakirkoy,2024,134453.60958481207,0.02403828874230385,0.0,0.02710794098675251,0.01962832361459732,0.0,0.032080233097076416
Turkey,3056,27892,Bayrampasa,2024,237139.35783466982,0.060938239097595215,0.0,0.12255699932575226,0.06153549626469612,0.0,0.12255699932575226
Turkey,3056,27893,Besiktas,2024,94250.34584367802,0.01984948292374611,0.0,0.04389403015375137,0.019263125956058502,0.0,0.04798172414302826
Turkey,3056,27894,Beykoz,2024,283230.0250158646,0.026268815621733665,0.0,0.01881478540599346,0.03885084390640259,0.0,0.05238819867372513
Turkey,3056,27895,Beyoglu,2024,191269.78692532337,0.03633910417556763,0.0,0.05158696696162224,0.03809002414345741,0.0,0.05158696696162224
Turkey,3056,27896,Catalca,2024,227561.03769879142,0.11299017816781998,0.0,0.1664869338274002,0.14071786403656006,0.21692214906215668,0.17278602719306946
Turkey,3056,27897,Eminonu,2024,41782.82279780519,0.04824608564376831,0.0,0.08505215495824814,0.0477822981774807,0.0,0.08773674815893173
Turkey,3056,27898,Esenler,2024,678042.4733817393,0.023267406970262527,0.0,0.03128107264637947,0.02408231608569622,0.0,0.03467745706439018
Turkey,3056,27899,Eyup,2024,501045.0504166861,0.054905250668525696,0.0,0.03970508649945259,0.06372540444135666,0.0,0.044527746737003326
Turkey,3056,27900,Fatih,2024,210434.61518795538,0.06380482763051987,0.0,0.08442983776330948,0.06402591615915298,0.0,0.08659092336893082
Turkey,3056,27902,Gungoren,2024,331979.75698882475,0.0685172751545906,0.0,0.1300104856491089,0.0685172751545906,0.0,0.1300104856491089
Turkey,3056,27903,K.cekmece,2024,1049011.4278684498,0.013714820146560669,0.0,0.02113165892660618,0.015676895156502724,0.0,0.024528050795197487
Turkey,3056,27901,G.osmanpasa,2024,1118799.8372646472,0.020785978063941002,0.0,0.02300017885863781,0.028789198026061058,0.0,0.03711776062846184
Turkey,3056,27904,Kadikoy,2024,363211.07009448647,0.018525976687669754,0.0,0.029567210003733635,0.017979303374886513,0.0,0.038061823695898056
Turkey,3056,27905,Kagithane,2024,467605.92679444473,0.06159210950136185,0.0,0.09928257763385773,0.054709114134311676,0.0,0.1061481237411499
Turkey,3056,27906,Kartal,2024,355985.72916268604,0.022871240973472595,0.0,0.0323428250849247,0.02067647874355316,0.0,0.035016946494579315
Turkey,3056,27907,Maltepe,2024,734302.4302371622,0.005734372418373823,0.0,0.01935061439871788,0.0076765441335737705,0.0,0.022747008129954338
Turkey,3056,27908,Pendik,2024,510997.0091814846,0.0064929998479783535,0.0,0.012573225423693657,0.009563399478793144,0.0,0.018530040979385376
Turkey,3056,27909,Sariyer,2024,281719.53054382524,0.009959449991583824,0.0,0.015211830846965313,0.027774685993790627,0.0,0.03359009325504303
Turkey,3056,27911,Silivri,2024,122869.20894216327,0.07158033549785614,0.0,0.1392391473054886,0.07544957101345062,0.0,0.1509830504655838
Turkey,3056,27910,Sile,2024,76757.89157632299,0.0900455042719841,0.0,0.1366916447877884,0.12922710180282593,0.023748056963086128,0.1524004489183426
Turkey,3056,27913,Sultanbeyli,2024,312817.96851843107,0.016692930832505226,0.0,0.03456968441605568,0.020893901586532593,0.0,0.03840360790491104
Turkey,3056,27912,Sisli,2024,330766.6564978423,0.021378396078944206,0.0,0.04623120650649071,0.02338302694261074,0.0,0.05031890049576759
Turkey,3056,27915,Umraniye,2024,1071336.2584484841,0.004064250271767378,0.0,0.019805502146482468,0.008505912497639656,0.0,0.023893197998404503
Turkey,3056,27914,Tuzla,2024,195051.4393583747,0.013436831533908844,0.0,0.01654064655303955,0.01114647462964058,0.0,0.01720663718879223
Turkey,3056,27916,Uskudar,2024,603033.7394175692,0.013823062181472778,0.0,0.02887895330786705,0.01850886456668377,0.0,0.03296663612127304
Turkey,3056,27917,Zeytinburnu,2024,202352.34239511675,0.048218827694654465,0.0,0.08804674446582794,0.05716078728437424,0.0,0.09725817292928696
Turkey,3057,27918,Aliaga,2024,70082.8548185206,0.028318267315626144,0.0,0.041838258504867554,0.02985295094549656,0.0,0.04580209404230118
Turkey,3057,27920,Bayindir,2024,23861.104828088,0.09392423927783966,0.0,0.16529211401939392,0.13414327800273895,0.25660818815231323,0.18977193534374237
Turkey,3057,27919,Balcova,2024,62267.17568605777,0.024033134803175926,0.0,0.04720660671591759,0.021484682336449623,0.0,0.05014127865433693
Turkey,3057,27921,Bergama,2024,73486.13139855998,0.1301937699317932,0.006415173411369324,0.14060728251934052,0.10932725667953491,0.2946453094482422,0.13640916347503662
Turkey,3057,27922,Beydag,2024,6941.117063809053,0.09346351027488708,0.0,0.17581546306610107,0.1444229781627655,0.2561390995979309,0.19320230185985565
Turkey,3057,27924,Buca,2024,547246.793070555,0.055516425520181656,0.0,0.05451435223221779,0.06589141488075256,0.0,0.07096607983112335
Turkey,3057,27923,Bornova,2024,414231.7769926371,0.008929436095058918,0.0,0.012030186131596565,0.013236666098237038,0.0,0.028262915089726448
Turkey,3057,27925,Cesme,2024,23958.153693999513,0.021331362426280975,0.0,0.03778306767344475,0.02456098049879074,0.0,0.040877386927604675
Turkey,3057,27926,Cigli,2024,102676.40322387856,0.04199105128645897,0.0,0.04978793114423752,0.05438359081745148,0.0,0.06713345646858215
Turkey,3057,27927,Dikili,2024,26508.416402833645,0.0795011818408966,0.0,0.12634438276290894,0.09009179472923279,0.23321913182735443,0.1371406614780426
Turkey,3057,27929,Gaziemir,2024,173021.95331516763,0.024545570835471153,0.0,0.02897053398191929,0.043127886950969696,0.0,0.048228342086076736
Turkey,3057,27930,Guzelbahce,2024,30175.805913449643,0.023431917652487755,0.0,0.05475543811917305,0.023044008761644363,0.0,0.06576821208000183
Turkey,3057,27928,Foca,2024,41683.58280058466,0.07821057736873627,0.0,0.18002134561538696,0.08632639050483704,0.16887857019901276,0.1894983947277069
Turkey,3057,27934,Kemalpasa,2024,110612.33482186354,0.07750342786312103,0.0,0.1453658938407898,0.09246081858873367,0.0653814822435379,0.15795104205608368
Turkey,3057,27933,Karaburun,2024,3394.109233498822,0.12536127865314484,0.012439657002687454,0.15559713542461395,0.1668793261051178,0.34448426961898804,0.14978741109371185
Turkey,3057,27935,Kinik,2024,18425.61122319702,0.09816458076238632,0.0,0.17829786241054535,0.11815710365772247,0.24351464211940765,0.19270630180835724
Turkey,3057,27936,Kiraz,2024,19425.488812689255,0.085843026638031,0.0,0.17779268324375153,0.10712696611881256,0.23387593030929565,0.20063871145248413
Turkey,3057,27937,Konak,2024,1119371.292598915,0.005793394986540079,0.0,0.01480648573487997,0.007797439116984606,0.0,0.015946244820952415
Turkey,3057,27938,Menderes,2024,54711.89377521156,0.08667229115962982,0.0,0.12860773503780365,0.09567346423864365,0.20095880329608917,0.13665862381458282
Turkey,3057,27939,Menemen,2024,168103.71845167078,0.07782138139009476,0.0,0.14180098474025726,0.07716694474220276,0.0,0.15099480748176575
Turkey,3057,27940,Narlidere,2024,86200.87618283629,0.06771182268857956,0.0,0.0842258557677269,0.08010803908109665,0.0,0.10720692574977875
Turkey,3057,27941,Odemis,2024,102395.00036001611,0.07132185250520706,0.0,0.1413179337978363,0.09035295248031616,0.2437470704317093,0.1586635559797287
Turkey,3057,27942,Seferihisar,2024,21876.913995079216,0.09048444032669067,0.0,0.13013741374015808,0.10612883418798447,0.24086524546146393,0.14377354085445404
Turkey,3057,27943,Selcuk,2024,32330.28282114667,0.07255049794912338,0.0,0.16868925094604492,0.08471910655498505,0.0,0.18497100472450256
Turkey,3057,27944,Tire,2024,61565.84178629972,0.10407869517803192,0.0,0.14614978432655334,0.10697879642248154,0.3040649890899658,0.1694609671831131
Turkey,3057,27946,Torbali,2024,151909.12751335005,0.07767143845558167,0.0,0.1393996626138687,0.07590280473232269,0.0,0.15221929550170898
Turkey,3057,27948,Uzunada,2024,70.94217181616628,0.22786301374435425,0.0,0.11909151822328568,0.2611538767814636,0.5750375986099243,0.12735994160175323
Turkey,3057,27947,Urla,2024,44449.7127200025,0.14290118217468262,0.0,0.16868647933006287,0.11117181181907654,0.26393821835517883,0.16894830763339996
Turkey,3058,27950,Andirin,2024,27050.311360127456,0.1397000253200531,0.06740046292543411,0.1811039000749588,0.25604569911956787,0.2650139033794403,0.19319714605808258
Turkey,3058,27951,Caglayancerit,2024,11775.06418335297,0.18456117808818817,0.2746833562850952,0.2197808027267456,0.19718202948570251,0.27262669801712036,0.22000284492969513
Turkey,3058,27949,Afsin,2024,60795.8980515749,0.10219474881887436,0.06130140647292137,0.14128488302230835,0.14289087057113647,0.2559065818786621,0.15660500526428223
Turkey,3058,27952,Ekinozu,2024,6344.18773063661,0.1524866223335266,0.18360640108585358,0.21873930096626282,0.16908302903175354,0.2637919783592224,0.21729117631912231
Turkey,3058,27954,Goksun,2024,26482.997740450104,0.11282660067081451,0.0,0.17500579357147217,0.1989213228225708,0.2816838026046753,0.17990414798259735
Turkey,3058,27953,Elbistan,2024,115777.91602136867,0.06730213761329651,0.0,0.13374269008636475,0.10211125016212463,0.09224546700716019,0.14022032916545868
Turkey,3058,27955,Merkez,2024,522981.4766525242,0.06214851513504982,0.0,0.13704389333724976,0.069179467856884,0.0,0.14628589153289795
Turkey,3058,27956,Nurhak,2024,5253.282740669564,0.19258509576320648,0.20773820579051971,0.19737954437732697,0.205477774143219,0.26194119453430176,0.1967555731534958
Turkey,3058,27958,Turkoglu,2024,66914.30538773538,0.12042971700429916,0.07312911748886108,0.18861746788024902,0.147246316075325,0.25961270928382874,0.19405525922775269
Turkey,3058,27957,Pazarcik,2024,69314.13029680654,0.07942234724760056,0.08878366649150848,0.1689092367887497,0.10306814312934875,0.23447127640247345,0.17434702813625336
Turkey,3060,27965,Ayranci,2024,2503.355756097127,0.20002222061157227,0.2821057438850403,0.18181487917900085,0.21337926387786865,0.32741814851760864,0.1946144551038742
Turkey,3060,27966,Basyayla,2024,3706.631160862233,0.1297149956226349,0.0,0.1815347671508789,0.17655713856220245,0.2711363136768341,0.19145531952381134
Turkey,3060,27968,Kazimkarabekir,2024,6658.887427455293,0.12210208177566528,0.151142880320549,0.1560056507587433,0.13673681020736694,0.23759499192237854,0.163550466299057
Turkey,3060,27967,Ermenek,2024,14153.642314704486,0.13172650337219238,0.0,0.20357650518417358,0.19196228682994843,0.30747008323669434,0.2024974673986435
Turkey,3060,27970,Sariveliler,2024,2896.376973687311,0.16150572896003723,0.1766054481267929,0.22310228645801544,0.18845850229263306,0.3096614181995392,0.23229630291461945
Turkey,3063,27999,Akkisla,2024,2763.2586989788524,0.20809611678123474,0.23726731538772583,0.22088804841041565,0.240555077791214,0.299188494682312,0.22291012108325958
Turkey,3060,27969,Merkez,2024,161155.2431804859,0.07280243933200836,0.0,0.1423022747039795,0.08801908791065216,0.10016104578971863,0.15450216829776764
Turkey,3063,28000,Bunyan,2024,16915.665429970817,0.139542818069458,0.0,0.18328551948070526,0.21604228019714355,0.2692160904407501,0.19519278407096863
Turkey,3063,28002,Felahiye,2024,1256.4412575926585,0.134788379073143,0.09443844854831696,0.11726266145706177,0.1818591207265854,0.2610222399234772,0.12516826391220093
Turkey,3063,28003,Hacilar,2024,70081.34883560464,0.029631298035383224,0.0,0.021618997678160667,0.02924155257642269,0.0,0.04073786363005638
Turkey,3063,28001,Develi,2024,33983.24899750203,0.06908641755580902,0.0,0.15304730832576752,0.12640756368637085,0.15338750183582306,0.1650402843952179
Turkey,3063,28004,Incesu,2024,12308.645867518031,0.1851436346769333,0.16714119911193848,0.16082794964313507,0.21449750661849976,0.2557663023471832,0.17753605544567108
Turkey,3063,28006,Melikgazi,2024,528389.0530387864,0.045577406883239746,0.0,0.05137097090482712,0.05720556154847145,0.0,0.05836305767297745
Turkey,3063,28005,Kocasinan,2024,483973.276954619,0.07245015352964401,0.0,0.14026764035224915,0.07672929763793945,0.0,0.14562943577766418
Turkey,3063,28007,Ozvatan,2024,2086.3934243325602,0.13837505877017975,0.0,0.1580115556716919,0.20124246180057526,0.250487357378006,0.16764913499355316
Turkey,3063,28009,Sarioglan,2024,5008.2578107956815,0.13771717250347137,0.1401631236076355,0.09979590028524399,0.18224883079528809,0.26191166043281555,0.12302201241254807
Turkey,3063,28010,Sariz,2024,7091.4416260387225,0.1721751093864441,0.21360531449317932,0.17535369098186493,0.20065471529960632,0.30160847306251526,0.19497808814048767
Turkey,3063,28008,Pinarbasi,2024,14100.169853293972,0.15851299464702606,0.19865131378173828,0.14912284910678864,0.19697293639183044,0.3301278054714203,0.1628953218460083
Turkey,3063,28011,Talas,2024,144914.5945278082,0.09609685838222504,0.0,0.19392645359039307,0.10877491533756256,0.0,0.21187812089920044
Turkey,3063,28012,Tomarza,2024,14133.960065191026,0.14545796811580658,0.17774735391139984,0.14411598443984985,0.18518418073654175,0.293068528175354,0.16627101600170135
Turkey,3063,28013,Yahyali,2024,19110.719078775695,0.07488624006509781,0.0,0.17145586013793945,0.14715930819511414,0.25300517678260803,0.18557322025299072
Turkey,3063,28014,Yesilhisar,2024,2210.6521134156555,0.09953277558088303,0.0,0.1571711003780365,0.13737179338932037,0.17548061907291412,0.1706416755914688
Turkey,3064,28015,Elbeyli,2024,4570.188786269437,0.11848659813404083,0.1860269457101822,0.15301038324832916,0.14330001175403595,0.24880188703536987,0.15566398203372955
Turkey,3064,28016,Merkez,2024,93572.31334422086,0.07304999232292175,0.0,0.15435545146465302,0.08093829452991486,0.0,0.1673312783241272
Turkey,3064,28018,Polateli,2024,2567.459280539976,0.1582636684179306,0.27018725872039795,0.1847752332687378,0.1740075945854187,0.2836622893810272,0.19338390231132507
Turkey,3064,28017,Musabeyli,2024,7391.506869182496,0.15325003862380981,0.2125624418258667,0.17384378612041473,0.16267062723636627,0.23696966469287872,0.1924206018447876
Turkey,3065,28019,Bahsili,2024,741.561951276371,0.16561543941497803,0.16635701060295105,0.22537507116794586,0.17343153059482574,0.2407912015914917,0.2270764857530594
Turkey,3065,28021,Celebi,2024,1671.3825469490494,0.10222351551055908,0.0,0.15660244226455688,0.16003777086734772,0.22863829135894775,0.16542260348796844
Turkey,3065,28023,Karakecili,2024,3596.2030367374728,0.1719595491886139,0.18987388908863068,0.17098627984523773,0.17791445553302765,0.24031996726989746,0.17106425762176514
Turkey,3065,28025,Merkez,2024,84885.79057450785,0.05476616322994232,0.0,0.10006427019834518,0.060924071818590164,0.0,0.10670202225446701
Turkey,3065,28024,Keskin,2024,85341.2909230256,0.14603155851364136,0.16144204139709473,0.1975330114364624,0.18773826956748962,0.2648344337940216,0.2044733464717865
Turkey,3065,28027,Yahsihan,2024,7567.903782595008,0.11972012370824814,0.08932259678840637,0.19959576427936554,0.13378947973251343,0.28193074464797974,0.1967109739780426
Turkey,3066,28028,Babaeski,2024,36248.26210045404,0.08704206347465515,0.0,0.15001769363880157,0.11221257597208023,0.22706346213817596,0.17090950906276703
Turkey,3066,28031,Luleburgaz,2024,116330.40798106424,0.07560983300209045,0.0,0.1551833301782608,0.09327390044927597,0.21992754936218262,0.1668601930141449
Turkey,3066,28032,Merkez,2024,71392.59311255095,0.09764321148395538,0.0,0.1690218150615692,0.1297428011894226,0.29650411009788513,0.17719924449920654
Turkey,3066,28033,Pehlivankoy,2024,1790.166566840165,0.10070723295211792,0.0,0.1560961902141571,0.13286136090755463,0.2095823884010315,0.16901355981826782
Turkey,3066,28034,Pinarhisar,2024,13025.602028045327,0.15211741626262665,0.1103624552488327,0.1512971967458725,0.20323136448860168,0.26966163516044617,0.15497975051403046
Turkey,3066,28035,Vize,2024,21355.56768864144,0.1553003340959549,0.0,0.16653677821159363,0.20363067090511322,0.2973572909832001,0.16521921753883362
Turkey,3067,28036,Akcakent,2024,1442.2692082320123,0.19126573204994202,0.23027947545051575,0.16225756704807281,0.20943742990493774,0.3117225468158722,0.178048238158226
Turkey,3067,28037,Akpinar,2024,2322.2774755149544,0.15360699594020844,0.0,0.16880393028259277,0.18726661801338196,0.23791906237602234,0.18545807898044586
Turkey,3067,28038,Boztepe,2024,2014.8561345871433,0.18038542568683624,0.18982720375061035,0.16893993318080902,0.18551084399223328,0.26327288150787354,0.17820148169994354
Turkey,3067,28040,Kaman,2024,18133.905026748827,0.08166582882404327,0.0,0.1457325667142868,0.1264438033103943,0.15449018776416779,0.1623239815235138
Turkey,3067,28039,Cicekdagi,2024,4964.373616941295,0.1729879379272461,0.21669282019138336,0.15389348566532135,0.17781376838684082,0.2685047388076782,0.16256266832351685
Turkey,3067,28042,Mucur,2024,8640.247095805971,0.12383956462144852,0.0,0.17026449739933014,0.1584562361240387,0.22935307025909424,0.1800794005393982
Turkey,3068,28043,Gebze,2024,293196.5805609509,0.0067945499904453754,0.0,0.014448300004005432,0.009953321889042854,0.0,0.025437572970986366
Turkey,3067,28041,Merkez,2024,109618.7206516909,0.0747106596827507,0.0,0.13982298970222473,0.10439351946115494,0.09823354333639145,0.1495812088251114
Turkey,3068,28044,Golcuk,2024,179843.00138249196,0.03156867250800133,0.0,0.025502877309918404,0.030767982825636864,0.0,0.03379049152135849
Turkey,3068,28046,Karamursel,2024,16712.02051338495,0.1272580623626709,0.0,0.14637231826782227,0.16551874577999115,0.19464565813541412,0.18519236147403717
Turkey,3068,28047,Korfez,2024,40015.87011946642,0.0743078887462616,0.0,0.16780878603458405,0.10270026326179504,0.0867147296667099,0.18616323173046112
Turkey,3069,28049,Ahirli,2024,914.9228809494861,0.16336442530155182,0.13085918128490448,0.18908612430095673,0.1740664839744568,0.24609102308750153,0.1904357373714447
Turkey,3068,28048,Merkez,2024,607579.7736692791,0.01576114632189274,0.0,0.005844251252710819,0.020935848355293274,0.0,0.03268347308039665
Turkey,3069,28050,Akoren,2024,1725.2780180680895,0.085739865899086,0.0,0.14181722700595856,0.12881483137607574,0.1512453407049179,0.15325894951820374
Turkey,3069,28051,Aksehir,2024,61903.238831677634,0.06819690018892288,0.0,0.1508820503950119,0.07256653159856796,0.054444871842861176,0.18073910474777222
Turkey,3069,28052,Altinekin,2024,4931.8805175675,0.15466058254241943,0.08137767016887665,0.1698089838027954,0.193293035030365,0.25561240315437317,0.18146955966949463
Turkey,3069,28053,Beysehir,2024,24573.221647517687,0.06469804793596268,0.0,0.14862990379333496,0.09678130596876144,0.09508377313613892,0.16089221835136414
Turkey,3069,28054,Bozkir,2024,10840.358301470722,0.1548975706100464,0.010865256190299988,0.17855054140090942,0.19065231084823608,0.24005571007728577,0.19250915944576263
Turkey,3069,28055,Celtik,2024,4176.833019374742,0.13583818078041077,0.051262132823467255,0.1308852732181549,0.17394259572029114,0.24639225006103516,0.14071978628635406
Turkey,3069,28057,Cumra,2024,43839.869857762795,0.0895610898733139,0.0,0.15129369497299194,0.11467709392309189,0.09172654151916504,0.1641198694705963
Turkey,3069,28056,Cihanbeyli,2024,27357.102848945113,0.11581888794898987,0.05126776173710823,0.12995417416095734,0.13719411194324493,0.23942260444164276,0.1368025839328766
Turkey,3069,28058,Derbent,2024,2724.0601040348893,0.12208238244056702,0.08092045783996582,0.1268635392189026,0.1754981279373169,0.2623700797557831,0.15200893580913544
Turkey,3069,28059,Derebucak,2024,2213.6417497609746,0.08815613389015198,0.0,0.1357642114162445,0.1326776146888733,0.06358161568641663,0.15374672412872314
Turkey,3069,28060,Doganhisar,2024,7570.960858010603,0.10711074620485306,0.0,0.1704266220331192,0.17226487398147583,0.2610628008842468,0.18842893838882446
Turkey,3069,28061,Emirgazi,2024,3963.769297045113,0.19270451366901398,0.26959967613220215,0.1473449021577835,0.23302316665649414,0.31298092007637024,0.16417889297008514
Turkey,3069,28063,Guneysinir,2024,1838.8339861432587,0.09746791422367096,0.0,0.14973188936710358,0.113105408847332,0.11955225467681885,0.15994083881378174
Turkey,3069,28064,Hadim,2024,2350.570276245053,0.09244630485773087,0.0,0.16225484013557434,0.14733974635601044,0.23128902912139893,0.17573212087154388
Turkey,3069,28065,Halkapinar,2024,1964.534780171201,0.23389437794685364,0.2741786241531372,0.22197209298610687,0.24967598915100098,0.33864694833755493,0.21917858719825745
Turkey,3069,28066,Huyuk,2024,2260.8302954382552,0.10332203656435013,0.0,0.16808614134788513,0.12896065413951874,0.10650552809238434,0.1656525582075119
Turkey,3069,28062,Eregli,2024,118062.87803313043,0.1061396598815918,0.14378078281879425,0.1553770899772644,0.13932281732559204,0.2856937050819397,0.1609039604663849
Turkey,3069,28067,Ilgin,2024,30227.5201789236,0.09717532247304916,0.0,0.1518329232931137,0.14133085310459137,0.2478911429643631,0.16715306043624878
Turkey,3069,28069,Karapinar,2024,31017.98265427397,0.14266586303710938,0.14595165848731995,0.18630360066890717,0.16930876672267914,0.288029283285141,0.2121349275112152
Turkey,3069,28068,Kadinhani,2024,22863.528905458043,0.11870140582323074,0.02033972181379795,0.18150052428245544,0.15969926118850708,0.24904517829418182,0.18981830775737762
Turkey,3069,28071,Kulu,2024,27598.270781357212,0.10163876414299011,0.0,0.12895336747169495,0.1182340607047081,0.2224770188331604,0.1358017772436142
Turkey,3069,28072,Meram,2024,331539.3794231486,0.07037357985973358,0.0,0.14495660364627838,0.10677553713321686,0.14458616077899933,0.15448130667209625
Turkey,3069,28070,Karatay,2024,231848.25459675695,0.06446346640586853,0.0,0.1408253312110901,0.07018639892339706,0.0,0.14852361381053925
Turkey,3069,28074,Selcuklu,2024,706728.1487514479,0.0800529420375824,0.0,0.14211218059062958,0.07990012317895889,0.0,0.142737478017807
Turkey,3069,28073,Sarayonu,2024,17538.099469886918,0.08422738313674927,0.0,0.1456431746482849,0.10819903016090393,0.06861324608325958,0.15249161422252655
Turkey,3069,28075,Seydisehir,2024,36881.39072366577,0.08532872796058655,0.0,0.16379335522651672,0.09058904647827148,0.0,0.17379523813724518
Turkey,3069,28076,Taskent,2024,-12.016322372490365,0.1745024174451828,0.16487301886081696,0.1745360791683197,0.20987442135810852,0.18967169523239136,0.19089935719966888
Turkey,3069,28077,Tuzlukcu,2024,3485.6114179973447,0.12456108629703522,0.0,0.14957833290100098,0.15118341147899628,0.22448177635669708,0.16250716149806976
Turkey,3069,28078,Yalihuyuk,2024,87.57966313345128,0.08317150175571442,0.0,0.153067946434021,0.09492214024066925,0.07058021426200867,0.150468647480011
Turkey,3069,28079,Yunak,2024,9180.50582128244,0.11370743811130524,0.0,0.14183704555034637,0.16096995770931244,0.24342936277389526,0.1544281542301178
Turkey,3070,28080,Altintas,2024,8388.158337932886,0.19047468900680542,0.21022579073905945,0.18228290975093842,0.21479180455207825,0.2798241972923279,0.1874280720949173
Turkey,3070,28082,Cavdarhisar,2024,3769.8272068377837,0.1589757800102234,0.16278201341629028,0.1826964020729065,0.19656279683113098,0.2748560607433319,0.18579204380512238
Turkey,3070,28081,Aslanapa,2024,4158.45498534942,0.17459440231323242,0.18865609169006348,0.15941424667835236,0.19245344400405884,0.27661192417144775,0.16534656286239624
Turkey,3070,28083,Domanic,2024,11113.29200558161,0.15807707607746124,0.16048310697078705,0.17311835289001465,0.1935918927192688,0.29346370697021484,0.1898566633462906
Turkey,3070,28084,Dumlupinar,2024,1424.5378452718655,0.21248969435691833,0.24921992421150208,0.21921765804290771,0.23706260323524475,0.3045908212661743,0.23569926619529724
Turkey,3070,28085,Emet,2024,6137.776660374189,0.16412027180194855,0.0,0.21725916862487793,0.23614482581615448,0.31312233209609985,0.23396256566047668
Turkey,3070,28087,Hisarcik,2024,6041.137288960183,0.1791226863861084,0.23891744017601013,0.22167612612247467,0.23914575576782227,0.3105831742286682,0.2481100708246231
Turkey,3070,28086,Gediz,2024,21595.87191954636,0.09542475640773773,0.0,0.1560811698436737,0.16253051161766052,0.2761313319206238,0.1689765304327011
Turkey,3070,28089,Pazarlar,2024,3535.2977343995326,0.13692066073417664,0.15826688706874847,0.15850830078125,0.1583171784877777,0.2390819787979126,0.16906879842281342
Turkey,3070,28088,Merkez,2024,277602.2271141505,0.07563310861587524,0.0,0.13707342743873596,0.07525167614221573,0.09137145429849625,0.1579858511686325
Turkey,3070,28090,Saphane,2024,1462.6574538805908,0.15222373604774475,0.14832985401153564,0.16898766160011292,0.19599699974060059,0.2571956217288971,0.17313642799854279
Turkey,3070,28091,Simav,2024,30952.013604263524,0.0978107824921608,0.0,0.1754945069551468,0.15091589093208313,0.2548365592956543,0.18477775156497955
Turkey,3070,28092,Tavsanli,2024,84921.93752352984,0.07264140993356705,0.0,0.14927296340465546,0.1381794512271881,0.28347542881965637,0.16476063430309296
Turkey,3071,28093,Akcadag,2024,9100.985663648251,0.10106664896011353,0.0,0.16456463932991028,0.13943855464458466,0.22913676500320435,0.17511162161827087
Turkey,3071,28097,Darende,2024,10557.420642157203,0.21359041333198547,0.2820533812046051,0.2326972484588623,0.22040536999702454,0.3243500590324402,0.23955099284648895
Turkey,3071,28098,Dogansehir,2024,15758.040075815126,0.08203928917646408,0.0,0.13026335835456848,0.13599452376365662,0.22772732377052307,0.14336609840393066
Turkey,3071,28106,Yesilyurt,2024,63861.08758560938,0.07145066559314728,0.0,0.15926574170589447,0.07810846716165543,0.0,0.17402146756649017
Turkey,3072,28107,Ahmetli,2024,9231.90473462683,0.0971156656742096,0.0,0.16105639934539795,0.1327599585056305,0.1648501604795456,0.1783411204814911
Turkey,3072,28108,Akhisar,2024,131465.26583836362,0.0773758590221405,0.0,0.14197410643100739,0.0842788815498352,0.2538907527923584,0.14017938077449799
Turkey,3072,28109,Alasehir,2024,81077.28472416417,0.07718217372894287,0.0,0.1540035456418991,0.08621873706579208,0.04804752767086029,0.16764581203460693
Turkey,3072,28110,Demirci,2024,28650.226169816742,0.13028576970100403,0.041363246738910675,0.2039501667022705,0.1988169103860855,0.29484620690345764,0.20938795804977417
Turkey,3072,28111,Golmarmara,2024,9690.9833460821,0.08374365419149399,0.0,0.16929061710834503,0.1207200139760971,0.14005519449710846,0.17797881364822388
Turkey,3072,28113,Kirkagac,2024,74749.86504726573,0.09184043109416962,0.0,0.18089981377124786,0.13205887377262115,0.26193174719810486,0.19256435334682465
Turkey,3072,28112,Gordes,2024,12744.530046684155,0.13929784297943115,0.13330116868019104,0.1764167696237564,0.16878405213356018,0.2902686595916748,0.17322862148284912
Turkey,3072,28114,Koprubasi,2024,6329.235756518739,0.12854121625423431,0.16795235872268677,0.18183459341526031,0.1362486630678177,0.24357081949710846,0.18764527142047882
Turkey,3072,28115,Kula,2024,29086.507239987135,0.08027642965316772,0.0,0.17917120456695557,0.10456505417823792,0.23775601387023926,0.1915414035320282
Turkey,3072,28116,Merkez,2024,425739.2873813118,0.07513340562582016,0.0,0.13857445120811462,0.07982535660266876,0.0,0.14725656807422638
Turkey,3072,28117,Salihli,2024,127761.91973946051,0.07134147733449936,0.0,0.15063972771167755,0.07913243025541306,0.0,0.15968278050422668
Turkey,3072,28118,Sarigol,2024,36920.88695002734,0.07934033870697021,0.0,0.1779395490884781,0.09441356360912323,0.21976982057094574,0.19030974805355072
Turkey,3072,28119,Saruhanli,2024,31277.532102944133,0.08535987138748169,0.0,0.15673686563968658,0.12371014058589935,0.22372932732105255,0.1736702024936676
Turkey,3072,28120,Selendi,2024,14272.403092542456,0.1327189803123474,0.16454946994781494,0.1710914969444275,0.16219070553779602,0.2775655686855316,0.1807231903076172
Turkey,3072,28121,Soma,2024,102418.48583524983,0.07948282361030579,0.0,0.16322538256645203,0.09342313557863235,0.17107133567333221,0.16563160717487335
Turkey,3072,28122,Turgutlu,2024,158686.64126471258,0.083767369389534,0.0,0.15454398095607758,0.08524443209171295,0.0,0.17252856492996216
Turkey,3073,28124,Derik,2024,33597.42105265983,0.16037273406982422,0.23477144539356232,0.1868673861026764,0.17609043419361115,0.3115544319152832,0.19143831729888916
Turkey,3073,28125,Kiziltepe,2024,151019.34268760425,0.0706368163228035,0.013243526220321655,0.14753974974155426,0.07612790912389755,0.22379371523857117,0.15329736471176147
Turkey,3073,28127,Merkez,2024,78901.24925330575,0.06403988599777222,0.0,0.138628289103508,0.07038536667823792,0.0,0.14827696979045868
Turkey,3074,28133,Bodrum,2024,139049.87623124424,0.05390122905373573,0.0,0.09938482940196991,0.05690187215805054,0.0,0.10706347227096558
Turkey,3074,28134,Dalaman,2024,41678.26984434943,0.07190006971359253,0.0,0.15532927215099335,0.07642298936843872,0.0,0.16690197587013245
Turkey,3074,28135,Datca,2024,16156.806086122735,0.1275254786014557,0.0,0.23258982598781586,0.16084718704223633,0.29949674010276794,0.2405335158109665
Turkey,3074,28137,Kavaklidere,2024,5810.7907664385075,0.16584941744804382,0.01673717051744461,0.20119526982307434,0.2138720601797104,0.2864820957183838,0.2009044587612152
Turkey,3074,28138,Koycegiz,2024,19647.181806668428,0.17911964654922485,0.0,0.15102986991405487,0.1781287044286728,0.3069222867488861,0.17139932513237
Turkey,3074,28136,Fethiye,2024,172915.66628660605,0.06838210672140121,0.0,0.13841593265533447,0.09644998610019684,0.2115076184272766,0.14641471207141876
Turkey,3074,28140,Merkez,2024,86833.84549448437,0.07002344727516174,0.0,0.1475287675857544,0.07590959221124649,0.16480420529842377,0.1551053822040558
Turkey,3074,28139,Marmaris,2024,55045.34216485731,0.10595669597387314,0.0,0.23088830709457397,0.1144711896777153,0.0,0.23736555874347687
Turkey,3074,28141,Milas,2024,112196.86300645454,0.1640722155570984,0.09684997797012329,0.1416831612586975,0.1228686049580574,0.3434842824935913,0.14563412964344025
Turkey,3074,28142,Ortaca,2024,45365.690666193506,0.03795177489519119,0.0,0.05088018625974655,0.09027184545993805,0.1973237842321396,0.08865050226449966
Turkey,3074,28143,Ula,2024,18507.421112736345,0.1399349719285965,0.01003604382276535,0.1680779904127121,0.19927449524402618,0.3387572169303894,0.1844354271888733
Turkey,3074,28144,Yatagan,2024,30829.7978053248,0.10418696701526642,0.0,0.1770736128091812,0.14108464121818542,0.2654609978199005,0.18839311599731445
Turkey,3076,28151,Acigol,2024,9908.254269337958,0.1468290537595749,0.1875872015953064,0.1685253083705902,0.15316784381866455,0.2427440583705902,0.16903243958950043
Turkey,3076,28152,Avanos,2024,33903.34723235836,0.12474509328603745,0.0,0.18302592635154724,0.16778409481048584,0.1729467213153839,0.18825285136699677
Turkey,3076,28153,Derinkuyu,2024,21058.207034598177,0.09432324767112732,0.0,0.17794130742549896,0.09951623529195786,0.0,0.19710621237754822
Turkey,3076,28155,Hacibektas,2024,5918.410742728976,0.16508659720420837,0.17133793234825134,0.16468459367752075,0.1692659556865692,0.24689501523971558,0.1660793274641037
Turkey,3076,28154,Gulsehir,2024,11376.265489284608,0.14948058128356934,0.20606729388237,0.1407390534877777,0.17725417017936707,0.2533017098903656,0.15289349853992462
Turkey,3076,28157,Merkez,2024,108874.3962326347,0.07147496938705444,0.0,0.14924795925617218,0.07537572085857391,0.0,0.1545262336730957
Turkey,3076,28156,Kozakli,2024,6195.701908645833,0.1375999003648758,0.13145329058170319,0.09220081567764282,0.16767668724060059,0.24983425438404083,0.10647401958703995
Turkey,3076,28158,Urgup,2024,24751.120509380657,0.08100327104330063,0.0,0.17868660390377045,0.09811127930879593,0.0,0.18629300594329834
Turkey,3077,28159,Altunhisar,2024,6113.091525713346,0.1738773137331009,0.20511025190353394,0.17100076377391815,0.1825384497642517,0.24949297308921814,0.17831729352474213
Turkey,3077,28161,Camardi,2024,5331.397171055694,0.10868610441684723,0.0,0.17788296937942505,0.19795386493206024,0.26392555236816406,0.19092552363872528
Turkey,3077,28160,Bor,2024,30377.09767200953,0.08116963505744934,0.0,0.13557881116867065,0.08423040807247162,0.04943370446562767,0.16253848373889923
Turkey,3077,28162,Ciftlik,2024,20850.274520065686,0.13434138894081116,0.010060269385576248,0.18471264839172363,0.21744118630886078,0.297690749168396,0.2027159482240677
Turkey,3077,28164,Ulukisla,2024,10954.386443457348,0.2113596796989441,0.23477114737033844,0.20605577528476715,0.24443188309669495,0.3154919147491455,0.2305964082479477
Turkey,3077,28163,Merkez,2024,182083.30160193358,0.06938469409942627,0.0,0.13869012892246246,0.07618950307369232,0.0,0.1512290984392166
Turkey,3079,28184,Bahce,2024,13671.152209143165,0.13430263102054596,0.0,0.20021407306194305,0.17768152058124542,0.26867812871932983,0.21301278471946716
Turkey,3079,28185,Duzici,2024,55916.44571406725,0.07363636791706085,0.0,0.16444601118564606,0.09059165418148041,0.0,0.18800804018974304
Turkey,3079,28186,Hasanbeyli,2024,1082.674271817064,0.13640309870243073,0.0,0.2223394215106964,0.19929902255535126,0.3021446466445923,0.21224726736545563
Turkey,3079,28187,Kadirli,2024,117373.75663064313,0.07401012629270554,0.0,0.16463720798492432,0.08619565516710281,0.21688514947891235,0.16578792035579681
Turkey,3079,28188,Merkez,2024,226579.83130339364,0.07432840764522552,0.0,0.143954798579216,0.07689382135868073,0.0,0.15033411979675293
Turkey,3079,28190,Toprakkale,2024,20512.776793142424,0.2438509613275528,0.18269093334674835,0.24887365102767944,0.20814189314842224,0.11052823066711426,0.25900688767433167
Turkey,3079,28189,Sumbas,2024,3974.108029109566,0.18012544512748718,0.06603445112705231,0.11214020103216171,0.2010979950428009,0.3589525818824768,0.169190913438797
Turkey,3081,28205,Geyve,2024,29398.541430713405,0.13811969757080078,0.0,0.14774340391159058,0.14673055708408356,0.27108728885650635,0.18059103190898895
Turkey,3081,28203,Akyazi,2024,77666.50593877879,0.07508088648319244,0.0,0.12040872871875763,0.08046644181013107,0.1893671303987503,0.15438324213027954
Turkey,3081,28207,Karapurcek,2024,8413.203374041204,0.09662777185440063,0.0,0.14094178378582,0.18751949071884155,0.010072235018014908,0.1775226891040802
Turkey,3081,28212,Pamukova,2024,26681.484441442684,0.07094436138868332,0.0,0.1740981638431549,0.10121643543243408,0.2186158150434494,0.1827254593372345
Turkey,3081,28211,Merkez,2024,464045.0489080602,0.023405544459819794,0.0,0.02900729328393936,0.03927522525191307,0.0,0.04627660661935806
Turkey,3081,28213,Sapanca,2024,25060.35041785812,0.04543200507760048,0.0,0.08263062685728073,0.052157916128635406,0.0,0.1247706413269043
Turkey,3081,28215,Tarakli,2024,3930.581374804912,0.10030161589384079,0.10276437550783157,0.11820424348115921,0.14581987261772156,0.31121185421943665,0.13441632688045502
Turkey,3083,28232,Birecik,2024,72259.15752140318,0.10365330427885056,0.14205995202064514,0.18148599565029144,0.11310198158025742,0.24594148993492126,0.19050829112529755
Turkey,3083,28231,Akcakale,2024,100993.37493538944,0.06884995102882385,0.0,0.1499314159154892,0.1336524784564972,0.2824307680130005,0.15940846502780914
Turkey,3083,28233,Bozova,2024,32393.929462311597,0.13358892500400543,0.10297165811061859,0.17702531814575195,0.1599959135055542,0.25621333718299866,0.18426819145679474
Turkey,3083,28234,Ceylanpinar,2024,45029.972901800895,0.07767344266176224,0.0,0.18051503598690033,0.07634662091732025,0.10482967644929886,0.17993000149726868
Turkey,3083,28236,Harran,2024,56380.36700705758,0.12737394869327545,0.0,0.16594760119915009,0.23010337352752686,0.3236445486545563,0.17803987860679626
Turkey,3083,28235,Halfeti,2024,31286.338637345085,0.1229388415813446,0.0970485731959343,0.16900663077831268,0.09985492378473282,0.19225823879241943,0.17459574341773987
Turkey,3083,28237,Hilvan,2024,27884.7525775611,0.10513105988502502,0.13765184581279755,0.17060555517673492,0.1397629976272583,0.2507404386997223,0.17808160185813904
Turkey,3083,28238,Merkez,2024,908170.9991582705,0.0718831717967987,0.0,0.1412196308374405,0.09606382250785828,0.2419593185186386,0.1469772458076477
Turkey,3083,28240,Suruc,2024,108523.99513645115,0.14655843377113342,0.11834290623664856,0.1820978820323944,0.15186916291713715,0.31691184639930725,0.1874668151140213
Turkey,3083,28241,Viransehir,2024,106887.71088804567,0.10599038004875183,0.2406996786594391,0.1794547736644745,0.1416284739971161,0.28714290261268616,0.17889980971813202
Turkey,3083,28239,Siverek,2024,129799.48311488402,0.06823719292879105,0.05776233971118927,0.1545199304819107,0.11232098937034607,0.2784126102924347,0.16356298327445984
Turkey,3087,28271,Gurun,2024,10277.062074975718,0.21286313235759735,0.26147064566612244,0.22525393962860107,0.21493752300739288,0.2864287197589874,0.23586808145046234
Turkey,3088,28282,Cerkezkoy,2024,386616.7584371078,0.09236767143011093,0.0,0.14217312633991241,0.09393322467803955,0.0,0.14934886991977692
Turkey,3088,28283,Corlu,2024,239669.2339551057,0.07629293203353882,0.0,0.13972394168376923,0.0825931504368782,0.0,0.15231376886367798
Turkey,3088,28284,Hayrabolu,2024,20643.062715081312,0.07425257563591003,0.0,0.09591672569513321,0.12309763580560684,0.22504107654094696,0.11293817311525345
Turkey,3088,28286,Marmara-ereglisi,2024,18570.147829697024,0.04612014442682266,0.0,0.08599994331598282,0.05294112488627434,0.0,0.10062318295240402
Turkey,3088,28285,Malkara,2024,36313.25574032831,0.1580359935760498,0.1833270788192749,0.13832548260688782,0.17888164520263672,0.2648595869541168,0.14234575629234314
Turkey,3088,28288,Muratli,2024,16136.55393662548,0.08944123238325119,0.0,0.1608152985572815,0.11829118430614471,0.2562536299228668,0.1666356474161148
Turkey,3088,28287,Merkez,2024,134292.29300146303,0.06292784959077835,0.0,0.13683554530143738,0.06251733005046844,0.03208281099796295,0.13453786075115204
Turkey,3088,28290,Sarkoy,2024,7894.174355525331,0.10144063830375671,0.0,0.1630563586950302,0.17883092164993286,0.2774832546710968,0.1646139919757843
Turkey,3088,28289,Saray,2024,66207.17331095863,0.1258161962032318,0.06128855049610138,0.19847579300403595,0.1845187246799469,0.2909010648727417,0.19697628915309906
Turkey,3092,28330,Esme,2024,20193.535277085102,0.16442567110061646,0.20124006271362305,0.1708793193101883,0.17220544815063477,0.25248995423316956,0.17765845358371735
Turkey,3092,28329,Banaz,2024,23185.00292449083,0.15745680034160614,0.13904733955860138,0.19246551394462585,0.20746077597141266,0.2842400074005127,0.20045697689056396
Turkey,3092,28331,Karahalli,2024,6512.937463433773,0.12799203395843506,0.13154345750808716,0.16806751489639282,0.12926939129829407,0.22472378611564636,0.16420386731624603
Turkey,3092,28333,Sivasli,2024,12197.945917062654,0.12524011731147766,0.09482131898403168,0.1385168433189392,0.15851283073425293,0.2428135722875595,0.15070010721683502
Turkey,3092,28334,Ulubey,2024,10448.84282344997,0.20963434875011444,0.23842646181583405,0.23847411572933197,0.21831679344177246,0.2802884876728058,0.24325783550739288
Turkey,3094,28348,Altinova,2024,32108.75575127267,0.0062102810479700565,0.0,0.01936519332230091,0.010124707594513893,0.0,0.045370589941740036
Turkey,3094,28349,Armutlu,2024,1745.2404945509782,0.15317699313163757,0.0,0.13043907284736633,0.2284168303012848,0.37306270003318787,0.1483236700296402
Turkey,3092,28332,Merkez,2024,230679.84033292904,0.07139692455530167,0.0,0.13721080124378204,0.06999993324279785,0.0,0.14435367286205292
Turkey,3094,28350,Ciftlikkoy,2024,43406.49227689369,0.024181963875889778,0.0,0.049969062209129333,0.02609853260219097,0.0,0.06592439115047455
Turkey,3094,28351,Cinarcik,2024,25216.85701115246,0.06327147781848907,0.0,0.12426210939884186,0.07025673240423203,0.06855391710996628,0.14789247512817383
Turkey,3094,28352,Merkez,2024,145104.29527220796,0.030983198434114456,0.0,0.04727848991751671,0.03992829844355583,0.0,0.06193710118532181
Turkey,3094,28353,Termal,2024,8533.750242608672,0.03935094177722931,0.0,0.06669722497463226,0.07294108718633652,0.25005218386650085,0.10460028052330017
Turkey,3095,28364,Sefaatli,2024,7742.757691924909,0.18355773389339447,0.2203538864850998,0.19488361477851868,0.18723036348819733,0.2798307240009308,0.19955317676067352
Turkey,3095,28356,Bogazliyan,2024,14058.335636760861,0.08497628569602966,0.0,0.1290663629770279,0.12298113107681274,0.15941205620765686,0.13591477274894714
Turkey,3095,28367,Yerkoy,2024,23720.316611959443,0.12896472215652466,0.10108670592308044,0.14048191905021667,0.14894284307956696,0.24438069760799408,0.14748515188694
Turkey,3095,28366,Yenifakili,2024,1202.2872688844468,0.1331961303949356,0.07289460301399231,0.14630046486854553,0.16230398416519165,0.2502782344818115,0.15682628750801086
Tunisia,2993,39237,El Mnihla,2024,174403.89288341146,0.03724092245101929,0.0,0.05853135883808136,0.044236019253730774,0.0,0.06888414174318314
Tunisia,2993,39236,Ariana Ville,2024,99471.8950714037,0.04541580751538277,0.0,0.06505522131919861,0.04716673865914345,0.0,0.06505522131919861
Tunisia,2993,39238,Ettadhamen,2024,47652.05373652216,0.08112706243991852,0.0,0.15357880294322968,0.08112706243991852,0.0,0.15357880294322968
Tunisia,2993,39239,Kalaat El Andalous,2024,38308.70260099464,0.07918437570333481,0.05384764075279236,0.17748965322971344,0.10508479923009872,0.2214668095111847,0.18985985219478607
Tunisia,2993,39240,Raoued,2024,184731.66926262766,0.04672049731016159,0.0,0.05443999171257019,0.04794710874557495,0.0,0.06582022458314896
Tunisia,2993,39241,Sidi Thabet,2024,50235.80208562767,0.04015827178955078,0.0,0.0655134916305542,0.04482702165842056,0.17981991171836853,0.0873219445347786
Tunisia,2993,39242,Sourka,2024,155903.9397452767,0.023840229958295822,0.0,0.053231049329042435,0.03025524504482746,0.0,0.07283420115709305
Tunisia,2994,39252,Ben Arous,2024,25654.845210325933,0.07664452493190765,0.0,0.12098858505487442,0.07724178582429886,0.0,0.12098858505487442
Tunisia,2994,39253,Boumhal Elbassatine,2024,41859.724938527,0.040914252400398254,0.0,0.06848766654729843,0.05777987465262413,0.0,0.08791598677635193
Tunisia,2994,39254,El Mourouj,2024,96209.67879434951,0.031280793249607086,0.0,0.04637821018695831,0.031788911670446396,0.0,0.04637821018695831
Tunisia,2994,39255,Ezzahra,2024,35258.10464574866,0.040729232132434845,0.0,0.06709522753953934,0.04148560017347336,0.0,0.07369232177734375
Tunisia,2994,39256,Fouchana,2024,69379.29372046374,0.031750019639730453,0.0,0.04603496193885803,0.047156501561403275,0.0,0.06749825924634933
Tunisia,2994,39257,Hammam Chott,2024,33005.15977591171,0.07660992443561554,0.0,0.10773688554763794,0.08724445104598999,0.0,0.12758910655975342
Tunisia,2994,39258,Hammam Lif,2024,39155.53765881615,0.04202558100223541,0.0,0.0808228850364685,0.04338032007217407,0.0,0.08309774100780487
Tunisia,2994,39259,M'hamdia,2024,67140.73756486223,0.08813898265361786,0.0,0.1837603598833084,0.08841416239738464,0.19021950662136078,0.19875742495059967
Tunisia,2994,39261,Mornague,2024,50123.876055770525,0.12307832390069962,0.25474363565444946,0.17620868980884552,0.1567302644252777,0.2826676070690155,0.18953678011894226
Tunisia,2994,39260,Megrine,2024,34774.53293429916,0.038403674960136414,0.0,0.0716865137219429,0.03900093957781792,0.0,0.0716865137219429
Tunisia,2994,39263,Rades,2024,67433.50515406646,0.01428324542939663,0.0,0.030218273401260376,0.014487973414361477,0.0,0.030215423554182053
Tunisia,2994,39262,Nouvelle Medina,2024,55425.060762566194,0.047319311648607254,0.0,0.08208794891834259,0.04744601622223854,0.0,0.08208794891834259
Tunisia,2995,39264,Bizerte Nord,2024,78756.80565139125,0.027181314304471016,0.0,0.05894636735320091,0.04158813878893852,0.0,0.07904157042503357
Tunisia,2995,39265,Bizerte Sud,2024,60591.24714982805,0.1790303885936737,0.12306694686412811,0.14355716109275818,0.18978741765022278,0.30500495433807373,0.15188728272914886
Tunisia,2995,39266,El Alia,2024,26932.102540167754,0.091299869120121,0.05336722359061241,0.07357349246740341,0.11806219816207886,0.2612118721008301,0.08226163685321808
Tunisia,2995,39267,Ghar El Melh,2024,12752.86956973716,0.1603081375360489,0.07297554612159729,0.10729712247848511,0.18774357438087463,0.25293707847595215,0.1217542439699173
Tunisia,2995,39268,Ghazala,2024,18627.4180736275,0.2837256193161011,0.40734073519706726,0.26596540212631226,0.31681859493255615,0.41281458735466003,0.27473363280296326
Tunisia,2995,39269,Jarzouna,2024,24727.85405978221,0.034560028463602066,0.0,0.053760625422000885,0.03087710775434971,0.0,0.05492880567908287
Tunisia,2995,39270,Joumine,2024,17781.902344761605,0.21399495005607605,0.3529019355773926,0.2597818374633789,0.2583111524581909,0.35765284299850464,0.2626655399799347
Tunisia,2995,39271,Mateur,2024,33830.2541796937,0.0752607136964798,0.0,0.12633496522903442,0.1279374361038208,0.21766822040081024,0.15298867225646973
Tunisia,2995,39272,Menzel Bourguiba,2024,33019.10021715835,0.04798819124698639,0.0,0.09768521785736084,0.052058927714824677,0.24817045032978058,0.10706596821546555
Tunisia,2995,39273,Menzel Jemil,2024,44463.45857074388,0.03895444795489311,0.0,0.08649495244026184,0.04730842635035515,0.03171354532241821,0.10642387717962265
Tunisia,2995,39274,Ras Jebel,2024,56566.290349016606,0.07853592187166214,0.05910637974739075,0.08561144024133682,0.09403598308563232,0.26446738839149475,0.10723663866519928
Tunisia,2995,39276,Tinja,2024,41893.95438160754,0.09794525802135468,0.0,0.20987147092819214,0.09425266087055206,0.0,0.21786385774612427
Tunisia,2995,39277,Utique,2024,18005.476822774595,0.13224878907203674,0.14236703515052795,0.1402004063129425,0.16427093744277954,0.30751368403434753,0.1543649286031723
Tunisia,2996,39243,Amdoun,2024,16544.06805861034,0.15196149051189423,0.19550369679927826,0.1866130232810974,0.19721011817455292,0.3001295328140259,0.17296263575553894
Tunisia,2995,39275,Sejnane,2024,24978.560831166134,0.3071445822715759,0.3336803913116455,0.3105454742908478,0.33323511481285095,0.47815388441085815,0.3175555169582367
Tunisia,2996,39244,Beja Nord,2024,66864.1555714244,0.07662386447191238,0.0,0.17853514850139618,0.1266193836927414,0.22644613683223724,0.18997006118297577
Tunisia,2996,39245,Beja Sud,2024,17139.875704828904,0.09345453977584839,0.10655894130468369,0.10961616784334183,0.11458715051412582,0.24139352142810822,0.13089589774608612
Tunisia,2996,39246,Goubellat,2024,9695.676767883659,0.16398456692695618,0.14655525982379913,0.19192583858966827,0.17232674360275269,0.24080772697925568,0.21103966236114502
Tunisia,2996,39247,Mejez El Bab,2024,36247.00455718149,0.08842675387859344,0.0,0.1484646052122116,0.12604551017284393,0.20758675038814545,0.17315493524074554
Tunisia,2996,39249,Teboursouk,2024,15663.676029245467,0.14764264225959778,0.041497763246297836,0.18700167536735535,0.16520345211029053,0.22604069113731384,0.2000875622034073
Tunisia,2996,39248,Nefza,2024,32229.371138409377,0.257129967212677,0.20830249786376953,0.21426710486412048,0.32222336530685425,0.43306347727775574,0.22887319326400757
Tunisia,2996,39250,Testour,2024,25979.028186881158,0.18098308145999908,0.2559940218925476,0.17408007383346558,0.1870989054441452,0.29707327485084534,0.18555913865566254
Tunisia,2996,39251,Thibar,2024,8271.90732332584,0.19625860452651978,0.32249322533607483,0.1954156756401062,0.2056591808795929,0.3256385922431946,0.19546540081501007
Tunisia,2997,39279,Gabes Ouest,2024,30327.36048244954,0.033987224102020264,0.0,0.07470311969518661,0.033987224102020264,0.11210182309150696,0.07470311969518661
Tunisia,2997,39278,El Hamma,2024,52477.58385307736,0.16049431264400482,0.13330078125,0.19793862104415894,0.1575246900320053,0.1818976104259491,0.19793862104415894
Tunisia,2997,39280,Gabes Sud,2024,70560.54392768952,0.03014100342988968,0.0,0.058703236281871796,0.029742207378149033,0.0,0.058703236281871796
Tunisia,2997,39281,Gabes Ville,2024,42257.550073859966,0.029922157526016235,0.0,0.05250685289502144,0.030519412830471992,0.0,0.05250685289502144
Tunisia,2997,39282,Gannouch,2024,29789.476739762657,0.03813336044549942,0.0,0.0671677216887474,0.03392278775572777,0.0,0.06998267024755478
Tunisia,2997,39283,Mareth,2024,51347.620250595486,0.12983371317386627,0.10906066000461578,0.11448191851377487,0.12810100615024567,0.18366089463233948,0.11448191851377487
Tunisia,2997,39284,Matmata,2024,1572.3442213590029,0.09346648305654526,0.1301247626543045,0.13856922090053558,0.09346648305654526,0.1832648515701294,0.14087152481079102
Tunisia,2997,39286,Menzel El Habib,2024,5605.43860133398,0.18861305713653564,0.12379889190196991,0.2748459279537201,0.19322003424167633,0.16408231854438782,0.2748459279537201
Tunisia,2997,39285,Matmata Nouvelle,2024,9092.444703742038,0.11764440685510635,0.11434599757194519,0.19146127998828888,0.11211302131414413,0.15551020205020905,0.19146127998828888
Tunisia,2997,39287,Metouia,2024,24596.63175343142,0.08461730182170868,0.09858477115631104,0.07958164811134338,0.09558680653572083,0.1480046957731247,0.07958164811134338
Tunisia,2998,39288,Belkhir,2024,8258.564642907171,0.17205651104450226,0.1128419041633606,0.26542770862579346,0.17769481241703033,0.16706442832946777,0.26542770862579346
Tunisia,2998,39289,Gafsa Nord,2024,8949.10523204254,0.18717025220394135,0.17922580242156982,0.18522939085960388,0.19960756599903107,0.21527618169784546,0.18522939085960388
Tunisia,2998,39290,Gafsa Sud,2024,80978.38699243899,0.045951493084430695,0.030761362984776497,0.08132119476795197,0.054191313683986664,0.128296360373497,0.08132119476795197
Tunisia,2998,39291,Guetar,2024,13701.502862521938,0.13092169165611267,0.08747396618127823,0.1830136775970459,0.12388912588357925,0.14084437489509583,0.1830136775970459
Tunisia,2998,39292,Ksar,2024,37215.25354164902,0.08222781866788864,0.07907447218894958,0.11149648576974869,0.0795326679944992,0.19108687341213226,0.11149648576974869
Tunisia,2998,39294,Metlaoui,2024,23572.02413400318,0.0886339545249939,0.018313389271497726,0.16841545701026917,0.0886339545249939,0.10592130571603775,0.16841545701026917
Tunisia,2998,39293,Mdhilla,2024,8893.854493268542,0.10720878839492798,0.13538210093975067,0.17411424219608307,0.10613493621349335,0.16244105994701385,0.17411424219608307
Tunisia,2998,39296,Redeyef,2024,17840.39145488346,0.11752274632453918,0.09424331039190292,0.15413454174995422,0.11905362457036972,0.16965976357460022,0.15413454174995422
Tunisia,2998,39295,Oum Larais,2024,15261.719467508427,0.09645966440439224,0.1291518360376358,0.12803690135478973,0.07866920530796051,0.17002254724502563,0.12803690135478973
Tunisia,2998,39298,Sidi Aich,2024,8741.334885324128,0.27071240544319153,0.3890743851661682,0.17227408289909363,0.2564617991447449,0.38694947957992554,0.17227408289909363
Tunisia,2998,39297,Sened,2024,29225.44094003609,0.18138501048088074,0.1794794499874115,0.19381624460220337,0.1863047182559967,0.20264336466789246,0.19381624460220337
Tunisia,2999,39300,Balta Bou Aouane,2024,24464.91094019438,0.201799213886261,0.3709249496459961,0.22589629888534546,0.2441515028476715,0.35312169790267944,0.24344117939472198
Tunisia,2999,39299,Ain Draham,2024,27555.410296501657,0.23247696459293365,0.2988935112953186,0.1616756021976471,0.29058733582496643,0.39370986819267273,0.23958268761634827
Tunisia,2999,39301,Bou Salem,2024,29023.54726016678,0.1252225786447525,0.02050160989165306,0.16235114634037018,0.1833186149597168,0.2482720911502838,0.1889243721961975
Tunisia,2999,39302,Fernana,2024,35285.18260935698,0.2301378846168518,0.3366287648677826,0.21689896285533905,0.2535179853439331,0.37847763299942017,0.19885455071926117
Tunisia,2999,39304,Jendouba,2024,25025.307618117455,0.13354098796844482,0.1470111459493637,0.14082665741443634,0.13760514557361603,0.24873247742652893,0.15900921821594238
Tunisia,2999,39303,Ghardimaou,2024,53075.541723843155,0.24708247184753418,0.33987295627593994,0.2626776397228241,0.288090318441391,0.3574292063713074,0.2751629650592804
Tunisia,2999,39305,Jendouba Nord,2024,67064.61159491743,0.06856332719326019,0.07067190110683441,0.12742285430431366,0.10991612821817398,0.24704524874687195,0.14106512069702148
Tunisia,2999,39307,Tabarka,2024,38888.32714274296,0.16929106414318085,0.08511220663785934,0.10389430075883865,0.23936736583709717,0.39941418170928955,0.1358354389667511
Tunisia,2999,39306,Oued Mliz,2024,12025.415267520752,0.1939360797405243,0.23674294352531433,0.1916811466217041,0.19509094953536987,0.27355632185935974,0.18366414308547974
Tunisia,3000,39308,Alaa,2024,20013.030232482663,0.17392393946647644,0.1931222528219223,0.20722849667072296,0.17721840739250183,0.27004918456077576,0.21960029006004333
Tunisia,3000,39309,Chbika,2024,30968.508059929103,0.21651428937911987,0.2735316753387451,0.17782750725746155,0.24687328934669495,0.3334486186504364,0.19090308248996735
Tunisia,3000,39310,Chrarda,2024,22433.036495142125,0.21018294990062714,0.156660795211792,0.1873655915260315,0.1968984156847,0.2346625179052353,0.19207900762557983
Tunisia,3000,39311,Haffouz,2024,28160.96238020702,0.18542590737342834,0.18201182782649994,0.15645240247249603,0.19631363451480865,0.25962159037590027,0.1748749166727066
Tunisia,3000,39312,Hajeb El Ayoun,2024,27420.810976505658,0.21858876943588257,0.2394598424434662,0.2004871815443039,0.22316065430641174,0.27536123991012573,0.20961374044418335
Tunisia,3000,39313,Kairouan Nord,2024,97144.39154605274,0.07832790166139603,0.0,0.1607143133878708,0.08482512086629868,0.20535320043563843,0.1756161004304886
Tunisia,3000,39314,Kairouan Sud,2024,56840.1399556348,0.1077340766787529,0.18562842905521393,0.14537106454372406,0.14131982624530792,0.2540190517902374,0.15938487648963928
Tunisia,3000,39315,Nasrallah,2024,21064.880013713275,0.2780546545982361,0.32346025109291077,0.19817425310611725,0.2697190046310425,0.406296044588089,0.20364788174629211
Tunisia,3000,39316,Oueslatia,2024,23673.19974382438,0.21143245697021484,0.1900351494550705,0.1879415065050125,0.19998037815093994,0.2710353136062622,0.20031329989433289
Tunisia,3000,39317,Sbikha,2024,57470.73618367283,0.21705007553100586,0.21978981792926788,0.20376278460025787,0.22971133887767792,0.2995399236679077,0.21714940667152405
Tunisia,3001,39319,Ayoun,2024,11728.73233050231,0.23827317357063293,0.24744345247745514,0.2783144414424896,0.24002736806869507,0.2893882095813751,0.28233659267425537
Tunisia,3001,39320,Djediane,2024,8437.368822071705,0.18982717394828796,0.24342335760593414,0.23597954213619232,0.1826869547367096,0.285462886095047,0.23597954213619232
Tunisia,3000,39318,Sidi Amor Bou Hajla,2024,60661.17053627262,0.17990481853485107,0.2070726454257965,0.1324944943189621,0.19997107982635498,0.30252501368522644,0.14948639273643494
Tunisia,3001,39321,Ezzouhour,2024,19031.71603150019,0.09237878769636154,0.0,0.14938314259052277,0.09237878769636154,0.0,0.14938314259052277
Tunisia,3001,39322,Feriana,2024,41362.479317293735,0.12367231398820877,0.16378818452358246,0.1638917475938797,0.1074766218662262,0.2436220496892929,0.1638917475938797
Tunisia,3001,39323,Foussana,2024,29641.224976980862,0.22103966772556305,0.29895859956741333,0.2111939638853073,0.23447592556476593,0.3178393840789795,0.22160440683364868
Tunisia,3001,39325,Hidra,2024,8850.06868084498,0.1998414397239685,0.22265499830245972,0.21309280395507812,0.1988595426082611,0.26193246245384216,0.21309280395507812
Tunisia,3001,39324,Hassi El Ferid,2024,14054.429523864583,0.2088543176651001,0.198239266872406,0.19961893558502197,0.19127173721790314,0.25500765442848206,0.19961893558502197
Tunisia,3001,39326,Kasserine Nord,2024,59316.03638103036,0.09298136830329895,0.0,0.19260664284229279,0.09878716617822647,0.0,0.19901889562606812
Tunisia,3001,39327,Kasserine Sud,2024,19337.022454133097,0.16735801100730896,0.21968518197536469,0.17111001908779144,0.16015908122062683,0.26095303893089294,0.17111001908779144
Tunisia,3001,39328,Majel Belabbes,2024,18361.198293191093,0.22316937148571014,0.232877716422081,0.1452663689851761,0.20776203274726868,0.26563799381256104,0.1452663689851761
Tunisia,3001,39330,Sbiba,2024,31613.7717034448,0.20244786143302917,0.2874720096588135,0.20037631690502167,0.222349613904953,0.3002965748310089,0.21307164430618286
Tunisia,3001,39329,Sbeitla,2024,60920.44786067627,0.17914478480815887,0.17553822696208954,0.2088119238615036,0.18990106880664825,0.29888030886650085,0.21325649321079254
Tunisia,3001,39331,Thala,2024,27558.439636667557,0.19019317626953125,0.21454548835754395,0.20816783607006073,0.1949569582939148,0.2729688882827759,0.2121899425983429
Tunisia,3002,39333,El Faouar,2024,6828.980285489444,0.20581239461898804,0.2909866273403168,0.23583172261714935,0.20356439054012299,0.29767945408821106,0.23583172261714935
Tunisia,3002,39332,Douz,2024,29477.267055272765,0.17398720979690552,0.14018946886062622,0.20120130479335785,0.20025469362735748,0.19088105857372284,0.20120130479335785
Tunisia,3002,39334,Kebili Nord,2024,18734.48025700393,0.26775527000427246,0.3703484833240509,0.2342858910560608,0.29655706882476807,0.38170504570007324,0.2342858910560608
Tunisia,3002,39335,Kebili Sud,2024,26198.95713921264,0.1162334606051445,0.07073730230331421,0.2019176334142685,0.14460787177085876,0.12850505113601685,0.2019176334142685
Tunisia,3002,39336,Souk El Ahed,2024,16692.666049198415,0.25753089785575867,0.2950499951839447,0.19984328746795654,0.2717474699020386,0.3203549087047577,0.19984328746795654
Tunisia,3003,39337,Dahmani,2024,21127.2094393425,0.17377929389476776,0.20280659198760986,0.17832733690738678,0.1947736144065857,0.2706392705440521,0.19324006140232086
Tunisia,3003,39338,Es Sers,2024,16226.207744394704,0.17008480429649353,0.18544727563858032,0.18139450252056122,0.1849992722272873,0.25863948464393616,0.1963072270154953
Tunisia,3003,39339,Jerissa,2024,5879.4781393170415,0.1692505180835724,0.18601834774017334,0.18522556126117706,0.14802825450897217,0.23060807585716248,0.18522556126117706
Tunisia,3003,39340,Kalaa Resba,2024,6022.211971626475,0.1582903414964676,0.19176502525806427,0.19773271679878235,0.15747706592082977,0.22506429255008698,0.19773271679878235
Tunisia,3003,39341,Kalaa Senan,2024,12343.35452583152,0.15317992866039276,0.19834402203559875,0.18091782927513123,0.14488109946250916,0.24670641124248505,0.18091782927513123
Tunisia,3003,39343,Kef Quest,2024,47448.675415326696,0.0710090845823288,0.0,0.15462853014469147,0.08216395229101181,0.04545445740222931,0.16649587452411652
Tunisia,3003,39342,Kef Est,2024,11934.896352778034,0.20702339708805084,0.22094500064849854,0.18511644005775452,0.21878984570503235,0.263145387172699,0.189585343003273
Tunisia,3003,39344,Ksour,2024,7224.644873108729,0.23479758203029633,0.23534977436065674,0.20019860565662384,0.24917252361774445,0.2767083942890167,0.21405117213726044
Tunisia,3003,39345,Nebeur,2024,17814.230194303884,0.1437406837940216,0.18284329771995544,0.16870754957199097,0.15033361315727234,0.26271718740463257,0.17244839668273926
Tunisia,3003,39346,Sakiet Sidi Youssef,2024,10807.9393968476,0.27572816610336304,0.34801220893859863,0.21993844211101532,0.2895808815956116,0.35390427708625793,0.22946062684059143
Tunisia,3003,39347,Tejerouine,2024,17948.77525499117,0.1411963403224945,0.22160986065864563,0.12578682601451874,0.14229580760002136,0.25348517298698425,0.1298089325428009
Tunisia,3004,39348,Bou Merdes,2024,29621.456980145416,0.12342849373817444,0.12511643767356873,0.12355978786945343,0.10633469372987747,0.16734342277050018,0.1420905739068985
Tunisia,3004,39349,Chebba,2024,23210.606174393222,0.08382205665111542,0.0,0.11487511545419693,0.086358442902565,0.17961852252483368,0.1265411525964737
Tunisia,3004,39350,Chorbane,2024,16141.871529231637,0.25638437271118164,0.2531666159629822,0.2059280127286911,0.22274470329284668,0.3568149507045746,0.21140164136886597
Tunisia,3004,39351,El Jem,2024,47300.74070187609,0.15792979300022125,0.11612728238105774,0.21098870038986206,0.1332581341266632,0.17077620327472687,0.2220795750617981
Tunisia,3004,39352,H'bira,2024,7991.991537773472,0.31623774766921997,0.40716561675071716,0.2536351680755615,0.2923468053340912,0.4657883942127228,0.25910884141921997
Tunisia,3004,39353,Ksour Essaf,2024,53381.18659994243,0.07106602936983109,0.0,0.12795208394527435,0.07628163695335388,0.1764947921037674,0.1398194283246994
Tunisia,3004,39355,Melloulech,2024,21004.83722969394,0.21541793644428253,0.13075067102909088,0.20745804905891418,0.21650731563568115,0.2604844272136688,0.2316076159477234
Tunisia,3004,39354,Mahdia,2024,75054.4416255327,0.018262550234794617,0.0,0.038827069103717804,0.023118264973163605,0.10860662162303925,0.05509737879037857
Tunisia,3004,39357,Sidi Alouane,2024,31047.032501523827,0.10894133150577545,0.12665195763111115,0.12967711687088013,0.09680689871311188,0.19353672862052917,0.15092864632606506
Tunisia,3004,39356,Oueled Chamekh,2024,17796.222232742814,0.3032686710357666,0.3866167664527893,0.20880645513534546,0.2749301791191101,0.4598996043205261,0.21428008377552032
Tunisia,3004,39358,Souassi,2024,40500.438568235746,0.20049402117729187,0.137029230594635,0.1745370626449585,0.16961631178855896,0.2290685474872589,0.19205941259860992
Tunisia,3005,39359,Borj El Amri,2024,16232.76089457389,0.10940445214509964,0.01577826775610447,0.1605011224746704,0.1656326949596405,0.2023608535528183,0.18308153748512268
Tunisia,3005,39360,Daouar Hicher,2024,87935.17180698866,0.039364852011203766,0.0,0.07823576778173447,0.04867037013173103,0.072645403444767,0.10249316692352295
Tunisia,3005,39361,El Battan,2024,15054.343160709506,0.08872760832309723,0.1094871461391449,0.11183180660009384,0.11600803583860397,0.2504976689815521,0.13441215455532074
Tunisia,3005,39362,Jedaida,2024,45808.32627917717,0.05878868326544762,0.0,0.12075523287057877,0.1021992489695549,0.2001582384109497,0.14428305625915527
Tunisia,3005,39363,Manouba,2024,83245.46342653022,0.04399493336677551,0.0,0.062325745820999146,0.04809406027197838,0.0,0.06776653230190277
Tunisia,3005,39364,Mornaguia,2024,41402.058681979506,0.08772113174200058,0.0,0.1562490314245224,0.09465325623750687,0.21610324084758759,0.16505208611488342
Tunisia,3005,39365,Oued Ellil,2024,84926.18108083695,0.058235105127096176,0.0,0.09013248234987259,0.05951547622680664,0.0,0.09013248234987259
Tunisia,3005,39366,Tebourba,2024,46631.727052383314,0.14478585124015808,0.10650893300771713,0.1935025155544281,0.18086440861225128,0.25402092933654785,0.20226745307445526
Tunisia,3006,39376,Administrative unit not available,2024,3079.6264751636545,0.1417195051908493,0.11936108767986298,0.18775005638599396,0.1723184436559677,0.24361322820186615,0.18659251928329468
Tunisia,3006,39377,Bekalta,2024,24986.731776843608,0.06666416674852371,0.0029164589941501617,0.11378556489944458,0.10455730557441711,0.23386196792125702,0.13366733491420746
Tunisia,3006,39378,Bembla,2024,32111.042478507174,0.1321602165699005,0.007560431957244873,0.17996472120285034,0.15248440206050873,0.17607976496219635,0.19485387206077576
Tunisia,3006,39379,Beni Hassen,2024,13175.483936314093,0.12316597998142242,0.07589499652385712,0.13581575453281403,0.12619590759277344,0.17936928570270538,0.15383078157901764
Tunisia,3006,39380,Jammel,2024,65982.1227939808,0.06139572337269783,0.0,0.11963465064764023,0.08578598499298096,0.16119253635406494,0.13663358986377716
Tunisia,3006,39381,Kisibet El Medyouni,2024,30209.231233596885,0.05311146005988121,0.0,0.07693985104560852,0.0643569678068161,0.0,0.10221505165100098
Tunisia,3006,39382,Ksar Helal,2024,49675.00972195307,0.03215072304010391,0.0,0.045229919254779816,0.04808204621076584,0.0,0.06893754005432129
Tunisia,3006,39383,Moknine,2024,94729.40845576156,0.07090406864881516,0.009045790880918503,0.11737532913684845,0.0866624116897583,0.18537059426307678,0.12924253940582275
Tunisia,3006,39384,Monastir,2024,110389.284986109,0.01230390090495348,0.0,0.03339199349284172,0.013193921186029911,0.0,0.0343056246638298
Tunisia,3006,39385,Ouerdanine,2024,17576.19343857142,0.08139388263225555,0.02415447309613228,0.109134241938591,0.08890292793512344,0.17599359154701233,0.12682460248470306
Tunisia,3006,39387,Shaline,2024,30439.129065357945,0.05236908793449402,0.0,0.07651878148317337,0.05787461996078491,0.0,0.0962384045124054
Tunisia,3006,39388,Teboulba,2024,31142.757519798506,0.04957710951566696,0.0,0.07744216918945312,0.06353412568569183,0.0,0.09683477878570557
Tunisia,3006,39386,Sayada-lemta Bou Hajja,2024,22296.69307038925,0.04067055135965347,0.0,0.06035448983311653,0.03662895783782005,0.0,0.06681349873542786
Tunisia,3006,39389,Zarmedine,2024,26719.283257916348,0.1453411728143692,0.09928198158740997,0.14498451352119446,0.14861735701560974,0.18972212076187134,0.16299954056739807
Tunisia,3007,39368,Beni Khedeche,2024,17453.362054206595,0.18413980305194855,0.12236833572387695,0.247008815407753,0.18769218027591705,0.19091476500034332,0.247008815407753
Tunisia,3007,39369,Jerba Ajim,2024,21717.07934665469,0.09674705564975739,0.061433181166648865,0.09125689417123795,0.08281701803207397,0.14223739504814148,0.09125689417123795
Tunisia,3007,39367,Ben Guerdane,2024,54440.424629067995,0.12333720922470093,0.12016090750694275,0.18370193243026733,0.12440311908721924,0.17287993431091309,0.18370193243026733
Tunisia,3007,39370,Jerba Houmet Souk,2024,72059.27445337317,0.13836054503917694,0.1243491917848587,0.04683544486761093,0.119357630610466,0.12581345438957214,0.04683544486761093
Tunisia,3007,39371,Jerba Midoun,2024,66406.79948894607,0.12260659039020538,0.07606920599937439,0.05920730158686638,0.1004091203212738,0.07655926793813705,0.05920730158686638
Tunisia,3007,39372,Medenine Nord,2024,49526.86177788227,0.09052681922912598,0.09366759657859802,0.1311630755662918,0.0861574336886406,0.16091260313987732,0.1311630755662918
Tunisia,3007,39373,Medenine Sud,2024,53468.62303087584,0.0878140926361084,0.02647501602768898,0.06931256502866745,0.10210615396499634,0.09423767775297165,0.06931256502866745
Tunisia,3007,39375,Zarzis,2024,60621.224721574144,0.05822214111685753,0.009147319942712784,0.10844310373067856,0.0562036894261837,0.08502254635095596,0.10844310373067856
Tunisia,3008,39391,Beni Khiar,2024,56938.5176426501,0.0704883262515068,0.14019881188869476,0.07179316133260727,0.07448790222406387,0.2820906341075897,0.0866551473736763
Tunisia,3008,39390,Beni Kalled,2024,35809.07513172347,0.11100530624389648,0.07041864842176437,0.05929563194513321,0.1512800008058548,0.33445262908935547,0.08682899177074432
Tunisia,3008,39392,Bou Argoub,2024,29019.653766043935,0.131452739238739,0.14671826362609863,0.13083283603191376,0.16832274198532104,0.324619323015213,0.13005785644054413
Tunisia,3008,39393,Dar Chaabane El Fehri,2024,44402.30157125059,0.03628721088171005,0.0,0.07518227398395538,0.05885764956474304,0.26893022656440735,0.08932981640100479
Tunisia,3008,39394,El Mida,2024,25894.716903249715,0.10463867336511612,0.11227969825267792,0.11007439345121384,0.11964675784111023,0.26002970337867737,0.1278497576713562
Tunisia,3008,39395,Grambalia,2024,64156.405237292056,0.10605368763208389,0.25044435262680054,0.178127259016037,0.1354430913925171,0.2783285975456238,0.18859826028347015
Tunisia,3008,39396,Hammam Ghezaz,2024,18519.834491363345,0.09451503306627274,0.10544131696224213,0.07687979191541672,0.14876654744148254,0.3254103660583496,0.09902836382389069
Tunisia,3008,39397,Hammamet,2024,81182.0564855252,0.051326800137758255,0.0,0.10748690366744995,0.055751338601112366,0.14945897459983826,0.11686765402555466
Tunisia,3008,39398,Haouaria,2024,28607.420939429685,0.17843599617481232,0.25603458285331726,0.16251853108406067,0.22849641740322113,0.3502400815486908,0.16706369817256927
Tunisia,3008,39399,Kelibia,2024,57235.453281838825,0.06111171841621399,0.08119821548461914,0.07529378682374954,0.11051605641841888,0.27932220697402954,0.0922001525759697
Tunisia,3008,39400,Korba,2024,69969.85058598543,0.021321984007954597,0.06926252692937851,0.04227066412568092,0.04898747801780701,0.24095910787582397,0.06446649134159088
Tunisia,3008,39401,Menzel Bouzelfa,2024,35910.416629136955,0.09983018040657043,0.032640207558870316,0.06598547101020813,0.19810901582241058,0.2869584858417511,0.12960998713970184
Tunisia,3008,39402,Menzel Temime,2024,55693.249369265264,0.08735541254281998,0.022743860259652138,0.13656093180179596,0.13831764459609985,0.2506474256515503,0.14841583371162415
Tunisia,3008,39403,Nabeul,2024,66589.8249277245,0.032550737261772156,0.0,0.06448029726743698,0.04301416873931885,0.0,0.0893448144197464
Tunisia,3008,39404,Solimane,2024,53053.646956568155,0.022625628858804703,0.0,0.05253002047538757,0.03457780182361603,0.2494620978832245,0.07069260627031326
Tunisia,3008,39405,Takelsa,2024,20870.635068358257,0.16412481665611267,0.2626347839832306,0.1578199863433838,0.1679203361272812,0.3272624611854553,0.1551879346370697
Tunisia,3009,39406,Agareb,2024,26353.65648135962,0.17801690101623535,0.12332627177238464,0.19257839024066925,0.14963826537132263,0.1832873672246933,0.19257839024066925
Tunisia,3009,39408,Djbeniana,2024,45496.71564972563,0.1659446656703949,0.1255294680595398,0.18681687116622925,0.17130082845687866,0.2265634387731552,0.2010147124528885
Tunisia,3009,39407,Bir Ali Ben Khelifa,2024,40427.10470105345,0.31298959255218506,0.41447576880455017,0.22281353175640106,0.2861238121986389,0.43710681796073914,0.22281353175640106
Tunisia,3009,39409,El Amra,2024,29552.97777535756,0.16237080097198486,0.0803346112370491,0.16927869617938995,0.13069593906402588,0.19549179077148438,0.1713402420282364
Tunisia,3009,39410,El Ghraiba,2024,7397.626315046352,0.2801429331302643,0.44519898295402527,0.17029090225696564,0.25080984830856323,0.4742727279663086,0.17029090225696564
Tunisia,3009,39412,Kerkennah,2024,11942.697260139124,0.19217371940612793,0.25040900707244873,0.1814858317375183,0.20562517642974854,0.3766500949859619,0.1814858317375183
Tunisia,3009,39411,El Hancha,2024,43665.76205697479,0.11569938063621521,0.14124901592731476,0.1656246930360794,0.10356718301773071,0.1766967475414276,0.17033810913562775
Tunisia,3009,39414,Mhares,2024,43727.19513582342,0.14047649502754211,0.25997278094291687,0.09943266212940216,0.11296805739402771,0.32315680384635925,0.09943266212940216
Tunisia,3009,39413,Menzel Chaker,2024,23477.030054192637,0.2019401490688324,0.14061900973320007,0.22586095333099365,0.16122004389762878,0.20382459461688995,0.22586095333099365
Tunisia,3009,39415,Sakiet Eddaier,2024,122460.89642828096,0.0329648032784462,0.0,0.08119188249111176,0.03231973573565483,0.0,0.08119188249111176
Tunisia,3009,39416,Sakiet Ezzit,2024,77012.10068031796,0.03275841474533081,0.0,0.0965152233839035,0.03210441395640373,0.0,0.0965152233839035
Tunisia,3009,39417,Sfax Ouest,2024,90740.87943670602,0.06326089799404144,0.0,0.1161767840385437,0.06385815143585205,0.0,0.1161767840385437
Tunisia,3009,39418,Sfax Sud,2024,179358.0843052427,0.04521777480840683,0.0,0.06781993061304092,0.045137569308280945,0.0,0.06781993061304092
Tunisia,3009,39419,Sfax Ville,2024,103414.43144840609,0.04346609115600586,0.0,0.06362558901309967,0.04346609115600586,0.0,0.06362558901309967
Tunisia,3009,39420,Skhira,2024,30176.55228558812,0.1492737978696823,0.119025319814682,0.19697460532188416,0.14759312570095062,0.15142317116260529,0.19697460532188416
Tunisia,3010,39421,Bir El Hafey,2024,34572.600291169176,0.23300530016422272,0.2785719931125641,0.17581020295619965,0.23529784381389618,0.33198675513267517,0.1844969242811203
Tunisia,3010,39422,Jilma,2024,33586.1089077483,0.18012142181396484,0.18832097947597504,0.18344646692276,0.19531399011611938,0.26972752809524536,0.18892009556293488
Tunisia,3010,39423,Mazzouna,2024,17117.480336132267,0.22191035747528076,0.2710568606853485,0.2147986739873886,0.2075822353363037,0.302878201007843,0.2147986739873886
Tunisia,3010,39424,Meknassy,2024,19376.763221110214,0.16423436999320984,0.238583043217659,0.14264340698719025,0.14313443005084991,0.2642221450805664,0.14264340698719025
Tunisia,3010,39425,Menzel Bouzayane,2024,20265.86758029589,0.27370506525039673,0.31578195095062256,0.24001261591911316,0.25402483344078064,0.32025307416915894,0.24001261591911316
Tunisia,3010,39426,Ouled Haffouz,2024,15254.812602415104,0.2421136051416397,0.3188256323337555,0.1790359616279602,0.23457300662994385,0.39887067675590515,0.18450959026813507
Tunisia,3010,39428,Sabalat Ouled Asker,2024,18374.63800241625,0.17683154344558716,0.16638855636119843,0.19766369462013245,0.1808800846338272,0.24376574158668518,0.19766369462013245
Tunisia,3010,39427,Regueb,2024,57558.97839392817,0.2656979262828827,0.37827053666114807,0.18412357568740845,0.22400903701782227,0.4582380950450897,0.18412357568740845
Tunisia,3010,39430,Sidi Bouzid Est,2024,38881.91690933765,0.18157225847244263,0.23125356435775757,0.14506863057613373,0.18537338078022003,0.29545339941978455,0.14985094964504242
Tunisia,3010,39429,Sidi Ali Ben Aoun,2024,25702.724082369656,0.2693638801574707,0.31241360306739807,0.235434427857399,0.23950809240341187,0.3421440124511719,0.235434427857399
Tunisia,3010,39432,Souk Jedid,2024,17729.927581618424,0.28424620628356934,0.3776719868183136,0.18686185777187347,0.29139214754104614,0.4149269461631775,0.20729805529117584
Tunisia,3011,39433,Bargou,2024,8119.420335890127,0.1534944772720337,0.21121197938919067,0.20144891738891602,0.17970812320709229,0.3142404854297638,0.20990833640098572
Tunisia,3010,39431,Sidi Bouzid Ouest,2024,66712.20924354508,0.030587103217840195,0.025692425668239594,0.06451409310102463,0.05164501443505287,0.21242037415504456,0.07638140022754669
Tunisia,3011,39435,Bourouis,2024,7559.036620349778,0.17567375302314758,0.0951523408293724,0.2399817258119583,0.19744595885276794,0.25626057386398315,0.25327268242836
Tunisia,3011,39434,Bouarada,2024,21629.808232404554,0.15945683419704437,0.15628211200237274,0.16197779774665833,0.15694692730903625,0.24673354625701904,0.1768905222415924
Tunisia,3011,39436,Elkrib,2024,12766.826295182422,0.14570584893226624,0.15056224167346954,0.18551786243915558,0.1615040898323059,0.28436389565467834,0.18747881054878235
Tunisia,3011,39437,Gaafour,2024,11731.31851215924,0.17065979540348053,0.1784200370311737,0.2056458592414856,0.17425060272216797,0.25717613101005554,0.21893662214279175
Tunisia,3011,39438,Kissra,2024,10794.307841560574,0.2577654719352722,0.307355672121048,0.22898302972316742,0.25907519459724426,0.3194274604320526,0.2370852530002594
Tunisia,3011,39439,Makhtar,2024,21601.105053073297,0.10865356028079987,0.1750093251466751,0.1525978296995163,0.1350659430027008,0.2581007778644562,0.16588860750198364
Tunisia,3011,39441,Siliana Nord,2024,31431.550169843467,0.10967390239238739,0.08835187554359436,0.17897960543632507,0.11128689348697662,0.2138776332139969,0.1903098225593567
Tunisia,3011,39442,Siliana Sud,2024,15002.33758124221,0.2554577589035034,0.29825177788734436,0.23832835257053375,0.2677634656429291,0.310218870639801,0.24930955469608307
Tunisia,3012,39443,Akouda,2024,40602.04780928366,0.03773244097828865,0.0,0.05836530402302742,0.05411245673894882,0.0,0.08717042952775955
Tunisia,3012,39444,Bouficha,2024,21892.97591731474,0.16322553157806396,0.09564147144556046,0.1647789180278778,0.18147847056388855,0.20525771379470825,0.18279394507408142
Tunisia,3011,39440,Rouhia,2024,16589.56621155834,0.24648535251617432,0.311227411031723,0.2697657346725464,0.24022828042507172,0.336361825466156,0.2697657346725464
Tunisia,3012,39445,Enfidha,2024,44274.55218610084,0.09942001104354858,0.08358940482139587,0.1661188006401062,0.1190851554274559,0.1985165923833847,0.18413382768630981
Tunisia,3012,39446,Hammam Sousse,2024,49926.97880756389,0.020939478650689125,0.0,0.039502181112766266,0.01830197498202324,0.0,0.04356853663921356
Tunisia,3012,39447,Hergla,2024,8644.609220399516,0.10014016926288605,0.0,0.16655661165714264,0.12294650077819824,0.12300120294094086,0.1782226711511612
Tunisia,3012,39448,Kalaa Kebira,2024,56255.13117854417,0.10014193505048752,0.09266878664493561,0.1750766783952713,0.11838236451148987,0.22404775023460388,0.1826166808605194
Tunisia,3012,39449,Kalaa Sghira,2024,39912.9571467946,0.0668988823890686,0.0,0.1300153136253357,0.0899968147277832,0.17461371421813965,0.14770570397377014
Tunisia,3012,39450,Kondar,2024,9035.060532908303,0.13178706169128418,0.0332920216023922,0.16199813783168793,0.14173926413059235,0.19219179451465607,0.18281438946723938
Tunisia,3012,39451,M'saken,2024,82902.5288946566,0.05061005428433418,0.0,0.10858292132616043,0.07951146364212036,0.16914765536785126,0.1262732595205307
Tunisia,3012,39452,Sidi Bou Ali,2024,19155.203966174828,0.13552631437778473,0.126435786485672,0.17393581569194794,0.17356637120246887,0.2542569637298584,0.18460169434547424
Tunisia,3012,39453,Sidi El Heni,2024,13561.889428579194,0.1419789344072342,0.14788185060024261,0.1395917534828186,0.1470630019903183,0.20206038653850555,0.15870556235313416
Tunisia,3012,39454,Sousse Jaouhara,2024,99491.7051540244,0.04228300601243973,0.0,0.09203962236642838,0.04240970313549042,0.0,0.09203962236642838
Tunisia,3012,39456,Sousse Riad,2024,86158.3120106241,0.026374230161309242,0.0,0.052153900265693665,0.03156081959605217,0.0,0.05775723606348038
Tunisia,3012,39455,Sousse Medina,2024,60034.36624935747,0.06753605604171753,0.0,0.09645941853523254,0.06813330203294754,0.0,0.09645941853523254
Tunisia,3012,39457,Sousse Sidi Abd Elhami,2024,60088.726392924094,0.053399600088596344,0.0,0.08588356524705887,0.05236417055130005,0.0,0.08588356524705887
Tunisia,3013,39458,Bir Lahmar,2024,6397.355325513949,0.1295168101787567,0.09721709042787552,0.1652226746082306,0.13378483057022095,0.12808267772197723,0.1652226746082306
Tunisia,3013,39460,Ghomrassen,2024,11024.75178113836,0.08362656086683273,0.11583524942398071,0.1358691304922104,0.08163584023714066,0.14819468557834625,0.1358691304922104
Tunisia,3013,39459,Dhiba,2024,2105.5999772405835,0.11191576719284058,0.0,0.18416866660118103,0.11191576719284058,0.0,0.18416866660118103
Tunisia,3013,39462,Samar,2024,8420.176395245622,0.18827541172504425,0.14098680019378662,0.21661406755447388,0.18990343809127808,0.18496035039424896,0.21661406755447388
Tunisia,3013,39463,Tataouine Nord,2024,45855.96992108979,0.09418211132287979,0.13379232585430145,0.1697411835193634,0.09057657420635223,0.16943173110485077,0.1697411835193634
Tunisia,3013,39461,Remada,2024,1113.4276485734235,0.13669613003730774,0.14809593558311462,0.16267991065979004,0.12939849495887756,0.18101893365383148,0.16267991065979004
Tunisia,3014,39465,Degueche,2024,19838.640187064982,0.31815657019615173,0.4495345652103424,0.25576305389404297,0.3514153063297272,0.47201961278915405,0.25576305389404297
Tunisia,3014,39466,Hazoua,2024,2139.4214980419397,0.13934513926506042,0.02900979481637478,0.1975441873073578,0.15353141725063324,0.09827785193920135,0.1975441873073578
Tunisia,3013,39464,Tataouine Sud,2024,27871.11387033365,0.1228208914399147,0.13211166858673096,0.18833529949188232,0.1158762127161026,0.17053614556789398,0.18833529949188232
Tunisia,3014,39468,Tamaghza,2024,3155.1391682723024,0.13434314727783203,0.08220537006855011,0.2131188064813614,0.1397589147090912,0.1526537984609604,0.2131188064813614
Tunisia,3014,39467,Nafta,2024,11556.829872904513,0.1353718489408493,0.0,0.24505308270454407,0.16023068130016327,0.0,0.24505308270454407
Tunisia,3014,39469,Tozeur,2024,38419.45532373348,0.13111098110675812,0.0,0.26785707473754883,0.18622907996177673,0.03543510288000107,0.26785707473754883
Tunisia,3015,39470,Bab Bhar,2024,28220.479070644742,0.0390896275639534,0.0,0.06095314770936966,0.04007722809910774,0.0,0.06095314770936966
Tunisia,3015,39471,Bab Souika,2024,26784.853252336085,0.09085872769355774,0.0,0.1488574743270874,0.09184631705284119,0.0,0.1488574743270874
Tunisia,3015,39472,Bardo,2024,74282.99439019975,0.0682566687464714,0.0,0.13072709739208221,0.06924428045749664,0.0,0.13072709739208221
Tunisia,3015,39473,Carthage,2024,39146.8262338844,0.0354190394282341,0.0,0.049496591091156006,0.03756949305534363,0.0,0.0561961866915226
Tunisia,3015,39474,El Harairria,2024,84103.56712916633,0.04085484892129898,0.0,0.06326840817928314,0.054838381707668304,0.0,0.0753960832953453
Tunisia,3015,39475,El Kabaria,2024,77209.28053566144,0.050213638693094254,0.0,0.07817862182855606,0.05073069408535957,0.0,0.07817862182855606
Tunisia,3015,39476,El Khadra,2024,18170.328649351155,0.010530350729823112,0.0,0.017787745222449303,0.008731512352824211,0.0,0.018662765622138977
Tunisia,3015,39477,El Kram,2024,65202.9393256917,0.028900129720568657,0.0,0.06288778781890869,0.035525549203157425,0.0,0.06735227257013321
Tunisia,3015,39479,El Menzah,2024,39051.40241282223,0.0458957776427269,0.0,0.058883409947156906,0.05168512091040611,0.0,0.0709817185997963
Tunisia,3015,39478,El Marsa,2024,101604.03363915486,0.0196987297385931,0.0,0.027247069403529167,0.02321818843483925,0.0,0.03279242664575577
Tunisia,3015,39480,El Querdia,2024,25015.455868100198,0.08110593259334564,0.0,0.1176784560084343,0.0839228630065918,0.0,0.12048006057739258
Tunisia,3015,39482,Ezouhour,2024,2034.5860479018272,0.0517183355987072,0.0,0.061917126178741455,0.05184503272175789,0.0,0.061917126178741455
Tunisia,3015,39481,El Tahrir,2024,15344.675605257824,0.09388644993305206,0.0,0.1522764265537262,0.09487403184175491,0.0,0.1522764265537262
Tunisia,3015,39484,La Goulette,2024,36802.30333907092,0.0432051345705986,0.0,0.07705357670783997,0.04841265827417374,0.0,0.08126123249530792
Tunisia,3015,39483,Jbel Jloud,2024,22475.889053273677,0.08882872015237808,0.0,0.1420787125825882,0.08942598104476929,0.0,0.1420787125825882
Tunisia,3015,39485,Medina,2024,12501.918917764402,0.1034010723233223,0.0,0.16216255724430084,0.10399831086397171,0.0,0.16216255724430084
Tunisia,3015,39487,Omrane Superieur,2024,36782.70904151692,0.09039207547903061,0.0,0.14729070663452148,0.09098932147026062,0.0,0.14729070663452148
Tunisia,3015,39488,Sidi Bechir,2024,21177.040473074092,0.08267296850681305,0.0,0.13239127397537231,0.08327020704746246,0.0,0.13239127397537231
Tunisia,3015,39486,Omrane,2024,36172.061541400224,0.040133506059646606,0.0,0.0675758644938469,0.04188442602753639,0.0,0.0675758644938469
Tunisia,3015,39489,Sidi Hassine,2024,102118.80062817392,0.09501483291387558,0.0,0.15586073696613312,0.10630467534065247,0.09536166489124298,0.17193196713924408
Tunisia,3015,39490,Sijoumi,2024,11858.966195218705,0.10260559618473053,0.0,0.15183664858341217,0.10320283472537994,0.0,0.15183664858341217
Tunisia,3016,39491,Bir M'charga,2024,25914.55794821046,0.13912874460220337,0.173331618309021,0.17365336418151855,0.16843260824680328,0.2482406347990036,0.18332220613956451
Tunisia,3016,39492,Fahs,2024,35873.31524873008,0.14095090329647064,0.1929752677679062,0.13206283748149872,0.13798902928829193,0.2668331265449524,0.14495529234409332
Tunisia,3016,39493,Nadhour,2024,28815.109009702188,0.1540282666683197,0.23356781899929047,0.16802537441253662,0.1387888342142105,0.26187190413475037,0.17169025540351868
Tunisia,3016,39494,Saouaf,2024,9653.673081444063,0.2146957814693451,0.20875337719917297,0.1987956464290619,0.22457203269004822,0.24828743934631348,0.22009322047233582
Tunisia,3016,39495,Zaghouan,2024,35446.33979824754,0.11531694233417511,0.09236286580562592,0.17360776662826538,0.1398088037967682,0.23726561665534973,0.18549858033657074
Tunisia,3016,39496,Zriba,2024,17476.06769297109,0.12580753862857819,0.19788943231105804,0.16778188943862915,0.16952364146709442,0.24943073093891144,0.17723150551319122
Tunisia,3007,39374,Sidi Makhlouf,2024,19764.746834014095,0.19039912521839142,0.10059471428394318,0.2039734274148941,0.1871052235364914,0.16920532286167145,0.2039734274148941
Turkey,3020,27488,Diyadin,2024,36673.25618162478,0.09001822024583817,0.0,0.18343885242938995,0.11605536192655563,0.0,0.19143179059028625
Turkey,3020,27490,Eleskirt,2024,22585.8293901635,0.07635535299777985,0.0,0.15310129523277283,0.16510657966136932,0.18654592335224152,0.16053137183189392
Turkey,3020,27489,Dogubeyazit,2024,81299.61783679356,0.06576425582170486,0.0,0.1463053971529007,0.07110309600830078,0.0,0.1629425585269928
Turkey,3020,27491,Hamur,2024,12306.464039749779,0.17206010222434998,0.17094282805919647,0.20282475650310516,0.21090780198574066,0.2822065055370331,0.21800541877746582
Turkey,3020,27493,Patnos,2024,86641.08296153361,0.06691000610589981,0.0,0.1446472853422165,0.12230592966079712,0.1061752438545227,0.1535482406616211
Turkey,3020,27492,Merkez,2024,134971.7262395802,0.0682615339756012,0.0,0.12919831275939941,0.07371271401643753,0.0,0.14337262511253357
Turkey,3020,27494,Taslicay,2024,16629.058594162772,0.08704062551259995,0.0,0.1927988976240158,0.15130938589572906,0.15439212322235107,0.2120407521724701
Turkey,3020,27495,Tutak,2024,25075.072064821845,0.12259246408939362,0.0,0.18416087329387665,0.1631731241941452,0.2690117657184601,0.19757679104804993
Turkey,3022,27503,Goynucek,2024,4178.524303936759,0.09007124602794647,0.0,0.10918422788381577,0.15298524498939514,0.2644158601760864,0.11098064482212067
Turkey,3022,27504,Gumushacikoy,2024,15124.37448167335,0.07960226386785507,0.0,0.14443422853946686,0.1562996506690979,0.25163570046424866,0.161505788564682
Turkey,3022,27505,Hamamozu,2024,2220.1367748384455,0.18191379308700562,0.19896957278251648,0.21506761014461517,0.23447534441947937,0.3169078230857849,0.208969846367836
Turkey,3022,27507,Merzifon,2024,54272.15642226251,0.07396338880062103,0.0,0.1566559076309204,0.09556687623262405,0.1277969479560852,0.1607339084148407
Turkey,3022,27508,Suluova,2024,32114.99143128168,0.08579748868942261,0.0,0.14728377759456635,0.0923425704240799,0.00689363107085228,0.15693674981594086
Turkey,3022,27506,Merkez,2024,133881.52951851118,0.07299074530601501,0.0,0.1577126681804657,0.08661665767431259,0.18111009895801544,0.15948592126369476
Turkey,3023,27510,Akyurt,2024,98219.14716060113,0.12384316325187683,0.0,0.20708899199962616,0.12516990303993225,0.24933740496635437,0.21390455961227417
Turkey,3022,27509,Tasova,2024,11516.766902157571,0.20363843441009521,0.2070668637752533,0.27179157733917236,0.2277763932943344,0.330380916595459,0.2669041156768799
Turkey,3023,27515,Camlidere,2024,2675.2168695569835,0.21865881979465485,0.23907050490379333,0.2365022599697113,0.240869402885437,0.31738486886024475,0.23166780173778534
Turkey,3023,27517,Cubuk,2024,58036.346658673094,0.0725998654961586,0.0,0.1585145890712738,0.07790131866931915,0.0,0.17345960438251495
Turkey,3023,27524,Kalecik,2024,7082.770011615429,0.1995759904384613,0.2393450289964676,0.20392237603664398,0.20293155312538147,0.2945615351200104,0.2182103842496872
Turkey,3025,27549,Cildir,2024,7424.666110285114,0.1111181303858757,0.0,0.17718027532100677,0.22011993825435638,0.24873048067092896,0.19333335757255554
Turkey,3023,27527,Kizilcahamam,2024,10873.554813328956,0.10356108099222183,0.0,0.1783975511789322,0.15679973363876343,0.07659010589122772,0.18404701352119446
Turkey,3025,27550,Damal,2024,3782.930567349961,0.11050672084093094,0.0,0.16895441710948944,0.16465754806995392,0.20523832738399506,0.18724054098129272
Turkey,3025,27551,Gole,2024,17712.676727392998,0.0802517682313919,0.0,0.07888995110988617,0.14270643889904022,0.1508806198835373,0.09359602630138397
Turkey,3025,27552,Hanak,2024,4240.075836768194,0.12173023819923401,0.00868050754070282,0.1661582589149475,0.1838049739599228,0.2539348900318146,0.1776944398880005
Turkey,3025,27553,Merkez,2024,26526.12743221601,0.07303459942340851,0.0,0.14067918062210083,0.12827016413211823,0.18140017986297607,0.15342393517494202
Turkey,3025,27554,Posof,2024,3476.957878993252,0.13604266941547394,0.0,0.1918312907218933,0.21360927820205688,0.28591403365135193,0.2005470097064972
Turkey,3026,27556,Arhavi,2024,10784.259305957166,0.08248140662908554,0.0,0.13843639194965363,0.08331341296434402,0.0,0.1835096776485443
Turkey,3026,27555,Ardanuc,2024,6755.873559272908,0.15499842166900635,0.12365919351577759,0.2445688545703888,0.2354908585548401,0.28138184547424316,0.24540559947490692
Turkey,3026,27557,Borcka,2024,11140.535093462262,0.07101036608219147,0.0,0.1357436627149582,0.1366279572248459,0.0,0.18256816267967224
Turkey,3026,27558,Hopa,2024,17156.391207673827,0.07305670529603958,0.0,0.14843544363975525,0.07745381444692612,0.0,0.18793745338916779
Turkey,3026,27560,Murgul,2024,3878.6565168353695,0.14059871435165405,0.0,0.17798203229904175,0.29341456294059753,0.0,0.2493404895067215
Turkey,3026,27559,Merkez,2024,20707.73124864846,0.07752124220132828,0.0,0.17767731845378876,0.08038096874952316,0.0,0.18886108696460724
Turkey,3026,27561,Savsat,2024,8364.660902772019,0.04564996808767319,0.0,0.04490108788013458,0.1421387642621994,0.34041455388069153,0.05783282592892647
Turkey,3026,27562,Yusufeli,2024,5756.168326242659,0.13831837475299835,0.2812187969684601,0.19109226763248444,0.2607516646385193,0.29152756929397583,0.21867893636226654
Turkey,3029,27599,Amasra,2024,11498.902585580898,0.12285075336694717,0.0,0.17088688910007477,0.24368958175182343,0.2985444664955139,0.19668707251548767
Turkey,3029,27600,Kurucasile,2024,3792.6584022465113,0.1679256558418274,0.0,0.18986943364143372,0.31148236989974976,0.2053477019071579,0.22834093868732452
Turkey,3029,27601,Merkez,2024,110006.26472786149,0.02716018445789814,0.0,0.03599780797958374,0.1281145215034485,0.1864420771598816,0.058419369161129
Turkey,3030,27603,Besiri,2024,23360.205796924638,0.11180688440799713,0.11232912540435791,0.17478112876415253,0.15008233487606049,0.26012006402015686,0.18361158668994904
Turkey,3029,27602,Ulus,2024,13958.983657034447,0.10800078511238098,0.0,0.18160827457904816,0.2037237137556076,0.2608908712863922,0.20454761385917664
Turkey,3030,27604,Gercus,2024,10856.217092186787,0.10804380476474762,0.10406869649887085,0.17216740548610687,0.09780430793762207,0.21415004134178162,0.17110414803028107
Turkey,3030,27605,Hasankeyf,2024,3039.856874642075,0.26590096950531006,0.3030122220516205,0.31420406699180603,0.28345054388046265,0.3489992916584015,0.3072427809238434
Turkey,3030,27606,Kozluk,2024,33616.78748223631,0.11487670242786407,0.023168250918388367,0.13643959164619446,0.12819449603557587,0.2167671024799347,0.1381024569272995
Turkey,3030,27607,Merkez,2024,425061.3440921684,0.07416828721761703,0.0,0.13739638030529022,0.07626774162054062,0.0,0.13953891396522522
Turkey,3030,27608,Sason,2024,15096.828356681872,0.13681018352508545,0.2535479664802551,0.17360533773899078,0.14604759216308594,0.28544777631759644,0.17527973651885986
Turkey,3031,27609,Aydintepe,2024,1747.6264230461568,0.10470866411924362,0.0,0.1813739538192749,0.19249550998210907,0.1674470156431198,0.19233492016792297
Turkey,3031,27610,Demirozu,2024,4467.416233418585,0.1049286499619484,0.0,0.17945657670497894,0.18366020917892456,0.2267196774482727,0.20153160393238068
Turkey,3033,27620,Adakli,2024,5204.835897798623,0.13755980134010315,0.2323763370513916,0.16448962688446045,0.1758878231048584,0.33579370379447937,0.18546797335147858
Turkey,3031,27611,Merkez,2024,34471.16834901453,0.07832598686218262,0.0,0.13507451117038727,0.11533090472221375,0.11794976890087128,0.14547939598560333
Turkey,3033,27622,Karliova,2024,19352.624970043908,0.1847161054611206,0.27381667494773865,0.2265339344739914,0.22272560000419617,0.33436551690101624,0.228358656167984
Turkey,3033,27621,Genc,2024,23869.84621708277,0.10114436596632004,0.0,0.1997736692428589,0.19182932376861572,0.2979079782962799,0.20609340071678162
Turkey,3033,27623,Kigi,2024,2357.55118127083,0.2081928700208664,0.22198523581027985,0.23530280590057373,0.22647812962532043,0.3124973475933075,0.23804788291454315
Turkey,3033,27624,Merkez,2024,125147.04670119297,0.07968099415302277,0.0,0.1618674099445343,0.13806062936782837,0.20742683112621307,0.1659454107284546
Turkey,3033,27625,Solhan,2024,23292.48263300753,0.06696175038814545,0.0,0.14405928552150726,0.10733092576265335,0.16047629714012146,0.1619681566953659
Turkey,3033,27627,Yedisu,2024,1382.8899845152114,0.18829116225242615,0.282662570476532,0.22361677885055542,0.23287877440452576,0.3618243336677551,0.2374884933233261
Turkey,3033,27626,Yayladere,2024,285.5883783506704,0.19324921071529388,0.2767464518547058,0.17954081296920776,0.2252245843410492,0.3888111412525177,0.19222459197044373
Turkey,3034,27629,Ahlat,2024,12829.949036062451,0.09112988412380219,0.0,0.16742514073848724,0.10873840749263763,0.0,0.18336369097232819
Turkey,3034,27628,Adilcevaz,2024,6216.202604728275,0.09429170936346054,0.0,0.1454693078994751,0.11799633502960205,0.0,0.15491297841072083
Turkey,3034,27631,Hizan,2024,18433.52959527724,0.10842236131429672,0.0,0.20625917613506317,0.11751698702573776,0.08058987557888031,0.21322599053382874
Turkey,3034,27630,Guroymak,2024,26030.388496609798,0.09445923566818237,0.0,0.19214217364788055,0.1030576080083847,0.02528289332985878,0.20408307015895844
Turkey,3034,27632,Administrative unit not available,2024,5299.45144185609,0.09619556367397308,0.0,0.19356931746006012,0.0996079221367836,0.0,0.20499788224697113
Turkey,3034,27633,Merkez,2024,41365.31935767422,0.07130105793476105,0.0,0.16112346947193146,0.07810583710670471,0.0,0.1701073795557022
Turkey,3034,27634,Mutki,2024,12955.818447078902,0.18909618258476257,0.14692851901054382,0.22490687668323517,0.2228090465068817,0.34211432933807373,0.22461532056331635
Turkey,3035,27636,Akcakoca,2024,28083.776094334695,0.09702882170677185,0.0,0.1549685001373291,0.21934232115745544,0.0,0.19129826128482819
Turkey,3035,27637,Cilimli,2024,7817.063742001979,0.012107085436582565,0.0,0.029056711122393608,0.09921804070472717,0.2497713267803192,0.0739675909280777
Turkey,3035,27638,Cumayeri,2024,8394.074789327336,0.08706850558519363,0.0,0.17514154314994812,0.19563797116279602,0.18373563885688782,0.21911144256591797
Turkey,3035,27639,Dortdivan,2024,2551.6131880827315,0.12763060629367828,0.07788080722093582,0.15522518754005432,0.17884211242198944,0.26535364985466003,0.1680334359407425
Turkey,3035,27640,Duzce,2024,258516.2353160531,0.012462390586733818,0.0,0.008802580647170544,0.019032293930649757,0.0,0.036937516182661057
Turkey,3034,27635,Tatvan,2024,49297.249086890995,0.06384685635566711,0.0,0.14786694943904877,0.07030033320188522,0.0,0.15728485584259033
Turkey,3035,27641,Gerede,2024,13970.139560334412,0.10077910870313644,0.0,0.1587587147951126,0.18069055676460266,0.25798460841178894,0.1666177660226822
Turkey,3035,27642,Golyaka,2024,8921.874095726656,0.07853978872299194,0.0,0.10719051957130432,0.16536802053451538,0.24214327335357666,0.14649763703346252
Turkey,3035,27644,Gumusova,2024,4095.864131451877,0.1023799404501915,0.0,0.17759138345718384,0.20096822082996368,0.0,0.22740040719509125
Turkey,3035,27646,Mengen,2024,9613.230880113999,0.09068301320075989,0.0,0.13432253897190094,0.19902914762496948,0.2936801612377167,0.19635258615016937
Turkey,3035,27647,Merkez,2024,167699.5395802256,0.07381409406661987,0.0,0.13704350590705872,0.07784082740545273,0.0,0.16037993133068085
Turkey,3035,27650,Yenicaga,2024,5784.84783947794,0.0776241347193718,0.0,0.15189099311828613,0.17549018561840057,0.2392483651638031,0.18184447288513184
Turkey,3035,27651,Yigilca,2024,12483.526590543433,0.06115995720028877,0.0,0.0892665758728981,0.17139597237110138,0.2845366895198822,0.14268606901168823
Turkey,3039,27692,Atkaracalar,2024,549.2373953414235,0.16548174619674683,0.11103221774101257,0.1994234323501587,0.19451169669628143,0.284320205450058,0.21926072239875793
Turkey,3039,27693,Bayramoren,2024,410.3626567403127,0.07503760606050491,0.0,0.06391242146492004,0.13046614825725555,0.33697929978370667,0.09490308910608292
Turkey,3039,27694,Cerkes,2024,3552.659854584477,0.1496671587228775,0.0,0.1475462019443512,0.22462350130081177,0.2780274450778961,0.16318294405937195
Turkey,3039,27695,Eldivan,2024,1179.442708263517,0.114040806889534,0.0,0.11326787620782852,0.14372555911540985,0.2563813626766205,0.1368209570646286
Turkey,3039,27696,Ilgaz,2024,4233.639879060085,0.13577644526958466,0.0,0.15357327461242676,0.22506457567214966,0.2971620559692383,0.15882106125354767
Turkey,3039,27697,Kizilirmak,2024,4403.706343137668,0.15136690437793732,0.19751974940299988,0.15474390983581543,0.16402852535247803,0.25402525067329407,0.16672033071517944
Turkey,3039,27698,Korgun,2024,750.4012381334338,0.16769260168075562,0.19128228724002838,0.17886485159397125,0.17497438192367554,0.245511993765831,0.18722307682037354
Turkey,3039,27699,Kursunlu,2024,1523.7163457315755,0.15039117634296417,0.0,0.15695233643054962,0.22832956910133362,0.274949848651886,0.1671561896800995
Turkey,3039,27701,Orta,2024,4981.648762001177,0.1499699354171753,0.15742039680480957,0.16095277667045593,0.17975303530693054,0.25992870330810547,0.16996456682682037
Turkey,3039,27700,Merkez,2024,63233.824511057785,0.0737808346748352,0.0,0.15242011845111847,0.08449385315179825,0.07301170378923416,0.16524630784988403
Turkey,3039,27703,Yaprakli,2024,4776.762374897906,0.1729036569595337,0.2766140401363373,0.1325303614139557,0.2221887856721878,0.35764002799987793,0.14543046057224274
Turkey,3039,27702,Sabanozu,2024,4259.2316678808165,0.14084592461585999,0.1513463258743286,0.14817798137664795,0.16788911819458008,0.2410614937543869,0.1582096368074417
Turkey,3040,27704,Alaca,2024,19555.914580972283,0.11828365921974182,0.13127751648426056,0.1322968453168869,0.1598992645740509,0.2777479588985443,0.1432974934577942
Turkey,3040,27705,Bayat,2024,10316.87571310788,0.1804807037115097,0.2662968337535858,0.2157328873872757,0.2264884114265442,0.33689484000205994,0.21930639445781708
Turkey,3040,27706,Bogazkale,2024,1656.3460433368127,0.1625039279460907,0.14208562672138214,0.16366685926914215,0.17888367176055908,0.26780474185943604,0.172049418091774
Turkey,3040,27707,Dodurga,2024,3810.8097803946034,0.18465553224086761,0.21162950992584229,0.24836747348308563,0.20421302318572998,0.3068540394306183,0.23727525770664215
Turkey,3040,27709,Kargi,2024,9358.660672103211,0.09828300029039383,0.0,0.15634649991989136,0.18121126294136047,0.16968774795532227,0.15372131764888763
Turkey,3040,27708,Iskilip,2024,26115.32077327188,0.07903888076543808,0.0,0.174997478723526,0.14984557032585144,0.2550463378429413,0.20540869235992432
Turkey,3040,27710,Lacin,2024,1495.4055980000235,0.17925357818603516,0.27420663833618164,0.18137972056865692,0.22931399941444397,0.30756330490112305,0.19104288518428802
Turkey,3040,27711,Mecitozu,2024,9311.395932475227,0.19417867064476013,0.20786762237548828,0.22077535092830658,0.2227063924074173,0.3428993821144104,0.22699792683124542
Turkey,3040,27712,Merkez,2024,262185.381629155,0.07189685851335526,0.0,0.14805929362773895,0.1133112758398056,0.1860639452934265,0.14990253746509552
Turkey,3040,27713,Oguzlar,2024,2795.9106635911085,0.11920560896396637,0.0,0.1968224048614502,0.20577779412269592,0.27730533480644226,0.2068074345588684
Turkey,3040,27714,Ortakoy,2024,4454.14761246133,0.2028430700302124,0.22452376782894135,0.2392045557498932,0.22225570678710938,0.32155296206474304,0.24760977923870087
Turkey,3040,27715,Osmancik,2024,29408.543626506016,0.10136658698320389,0.0,0.19796216487884521,0.1513029783964157,0.2775775194168091,0.1980435848236084
Turkey,3040,27716,Sungurlu,2024,31478.876151088858,0.11742976307868958,0.005087919533252716,0.16402292251586914,0.1727595180273056,0.2679390609264374,0.17635366320610046
Turkey,3040,27717,Ugurludag,2024,1619.5259303166483,0.14440879225730896,0.21044453978538513,0.14788560569286346,0.16221728920936584,0.27745404839515686,0.16186068952083588
Turkey,3042,27738,Cermik,2024,39398.53052327763,0.14645397663116455,0.1684056520462036,0.19809897243976593,0.153289794921875,0.29964911937713623,0.20407110452651978
Turkey,3042,27737,Bismil,2024,57485.335557837374,0.08532945811748505,0.0,0.15341119468212128,0.10585736483335495,0.24322138726711273,0.16245423257350922
Turkey,3042,27739,Cinar,2024,52393.17973628976,0.13205786049365997,0.13366788625717163,0.1601320058107376,0.15779267251491547,0.28226998448371887,0.1738407164812088
Turkey,3042,27741,Dicle,2024,21686.42011352729,0.1459203064441681,0.13039451837539673,0.1782769411802292,0.1442568600177765,0.2507489025592804,0.1789909452199936
Turkey,3042,27740,Cungus,2024,9260.458231451095,0.12866131961345673,0.13765627145767212,0.17136840522289276,0.15660490095615387,0.29061421751976013,0.17643150687217712
Turkey,3042,27742,Egil,2024,24960.354788872166,0.14571937918663025,0.15930671989917755,0.1685655266046524,0.14374947547912598,0.2702063322067261,0.171551913022995
Turkey,3042,27743,Ergani,2024,117393.63996351103,0.12390690296888351,0.15681852400302887,0.1765032410621643,0.14481759071350098,0.26276230812072754,0.18194103240966797
Turkey,3042,27744,Hani,2024,21172.898063454515,0.16749930381774902,0.19143860042095184,0.18534627556800842,0.17159853875637054,0.26641973853111267,0.1885339319705963
Turkey,3042,27745,Hazro,2024,10054.727709489607,0.13674257695674896,0.19613172113895416,0.17385949194431305,0.13956518471240997,0.27610260248184204,0.17559315264225006
Turkey,3042,27746,Kocakoy,2024,19927.759477729847,0.14895813167095184,0.16798052191734314,0.15824757516384125,0.1474485993385315,0.25151926279067993,0.16143523156642914
Turkey,3042,27747,Kulp,2024,19851.255055977104,0.15025845170021057,0.208945170044899,0.22281761467456818,0.1587836742401123,0.2932071387767792,0.22270961105823517
Turkey,3042,27748,Lice,2024,15491.095714185143,0.14829018712043762,0.18983356654644012,0.2090584933757782,0.1509111523628235,0.28627297282218933,0.21095725893974304
Turkey,3042,27749,Merkez,2024,829345.0823643862,0.06677397340536118,0.0,0.1389096975326538,0.07257886976003647,0.0,0.14766067266464233
Turkey,3042,27750,Silvan,2024,35690.04211333854,0.10156581550836563,0.0,0.16614197194576263,0.12020201981067657,0.22626805305480957,0.1663009226322174
Turkey,3044,27760,Agin,2024,515.432180994404,0.1520461142063141,0.1392037272453308,0.17665061354637146,0.15928441286087036,0.23981019854545593,0.17357218265533447
Turkey,3043,27755,Lalapasa,2024,3647.589001156782,0.14022496342658997,0.23412518203258514,0.19847135245800018,0.19587388634681702,0.2993583679199219,0.19109483063220978
Turkey,3044,27762,Aricak,2024,5344.422434044687,0.12818612158298492,0.22850514948368073,0.1362280398607254,0.1557130366563797,0.28822964429855347,0.15271644294261932
Turkey,3044,27761,Alacakaya,2024,6428.022039603416,0.2023957073688507,0.3125707805156708,0.234095960855484,0.22093552350997925,0.3189481794834137,0.235040083527565
Turkey,3044,27763,Baskil,2024,2678.9514617117093,0.17598292231559753,0.10343502461910248,0.16830208897590637,0.21104516088962555,0.35193344950675964,0.17311221361160278
Turkey,3044,27764,Karakocan,2024,9828.348771311117,0.15118750929832458,0.15946806967258453,0.17531682550907135,0.17629258334636688,0.28474149107933044,0.1840749830007553
Turkey,3044,27765,Keban,2024,2367.726230266612,0.09698235243558884,0.0,0.17352405190467834,0.17188526690006256,0.25948983430862427,0.18112918734550476
Turkey,3044,27766,Kovancilar,2024,17269.795497657586,0.08584588021039963,0.0,0.1577402651309967,0.11893638223409653,0.22335931658744812,0.1709596812725067
Turkey,3044,27767,Maden,2024,4371.770194209643,0.17605093121528625,0.07945352792739868,0.1807953268289566,0.21174095571041107,0.3484603762626648,0.19246309995651245
Turkey,3044,27768,Merkez,2024,389140.60895051726,0.07342611253261566,0.0,0.1434931457042694,0.09073418378829956,0.08153951913118362,0.15389440953731537
Turkey,3044,27769,Palu,2024,12823.044014393021,0.19185489416122437,0.2515620291233063,0.22502592206001282,0.19872605800628662,0.27035531401634216,0.22135868668556213
Turkey,3044,27770,Sivrice,2024,3126.874754486321,0.11989949643611908,0.0,0.17062583565711975,0.21053217351436615,0.33623337745666504,0.18117091059684753
Turkey,3045,27771,Cayirli,2024,3516.608554846408,0.19669008255004883,0.2302989959716797,0.15466566383838654,0.22289618849754333,0.28328272700309753,0.16760607063770294
Turkey,3045,27772,Ilic,2024,2606.6983965330946,0.2200818657875061,0.27513235807418823,0.2654044032096863,0.217927485704422,0.34069594740867615,0.2662878632545471
Turkey,3045,27773,Kemah,2024,2029.4342580046348,0.22331050038337708,0.2398325353860855,0.18680451810359955,0.22271659970283508,0.298604279756546,0.19732160866260529
Turkey,3045,27775,Merkez,2024,99926.97383750856,0.06892604380846024,0.0,0.13703319430351257,0.07703002542257309,0.0,0.17141884565353394
Turkey,3045,27776,Otlukbeli,2024,597.0946000760168,0.17955219745635986,0.21224187314510345,0.1657055765390396,0.2024373859167099,0.274772971868515,0.1776454597711563
Turkey,3045,27774,Kemaliye,2024,1243.9959666054847,0.20458237826824188,0.2704770863056183,0.23425176739692688,0.2502250373363495,0.33716529607772827,0.24387866258621216
Turkey,3045,27777,Refahiye,2024,3847.4274114363993,0.23538175225257874,0.22994203865528107,0.24468068778514862,0.24949592351913452,0.3335689306259155,0.26903706789016724
Turkey,3045,27778,Tercan,2024,6223.350693939288,0.1796090304851532,0.1967555731534958,0.1355864703655243,0.227430522441864,0.31067031621932983,0.1503332406282425
Turkey,3045,27779,Uzumlu,2024,1077.807243563073,0.20116351544857025,0.22587865591049194,0.22310075163841248,0.22250285744667053,0.29711106419563293,0.23359310626983643
Turkey,3046,27780,Askale,2024,12125.411909429367,0.09082840383052826,0.0,0.1559801548719406,0.16362661123275757,0.10892434418201447,0.16525191068649292
Turkey,3046,27781,Cat,2024,11542.059003458315,0.17783907055854797,0.2502909004688263,0.16712994873523712,0.2115771472454071,0.29644110798835754,0.16966158151626587
Turkey,3046,27783,Horasan,2024,33187.992242633205,0.07708871364593506,0.0,0.1737000197172165,0.1442553699016571,0.15094949305057526,0.18747864663600922
Turkey,3046,27782,Hinis,2024,12175.184936552394,0.1595090925693512,0.19155795872211456,0.15745426714420319,0.2003559023141861,0.30820411443710327,0.16808517277240753
Turkey,3046,27785,Ispir,2024,4408.313393495457,0.12901847064495087,0.1312883496284485,0.1688895970582962,0.2206178903579712,0.23016054928302765,0.18675768375396729
Turkey,3046,27784,Ilica,2024,20436.56658783757,0.11392980813980103,0.0,0.14909708499908447,0.18494854867458344,0.28365448117256165,0.17118091881275177
Turkey,3046,27786,Karacoban,2024,16359.951724513821,0.0683981329202652,0.0,0.17728103697299957,0.1400153487920761,0.1321079134941101,0.19642677903175354
Turkey,3046,27788,Koprukoy,2024,12088.86890616421,0.15523022413253784,0.2239895612001419,0.17113062739372253,0.1997387707233429,0.28042712807655334,0.18029791116714478
Turkey,3046,27787,Karayazi,2024,19169.219193102206,0.14822065830230713,0.0744904950261116,0.14155738055706024,0.19828887283802032,0.3088375926017761,0.15373143553733826
Turkey,3046,27789,Merkez,2024,162773.5553962635,0.0654463917016983,0.0,0.12064477056264877,0.07087677717208862,0.0,0.12912295758724213
Turkey,3046,27790,Narman,2024,6758.195980060024,0.20346738398075104,0.24210552871227264,0.22187161445617676,0.22007882595062256,0.33225417137145996,0.23396462202072144
Turkey,3046,27791,Oltu,2024,18879.048239933916,0.14486128091812134,0.03497987240552902,0.18334555625915527,0.2164313942193985,0.2761961817741394,0.1942463219165802
Turkey,3046,27792,Olur,2024,4637.999193148211,0.1727776825428009,0.1942165642976761,0.1627858430147171,0.20509521663188934,0.3802346885204315,0.18089742958545685
Turkey,3046,27793,Pasinler,2024,15498.117735809656,0.08392638713121414,0.0,0.12682977318763733,0.1580701768398285,0.20236077904701233,0.14373868703842163
Turkey,3046,27794,Pazaryolu,2024,1976.745408718171,0.2160356640815735,0.23708823323249817,0.24541012942790985,0.24754706025123596,0.35748693346977234,0.24530673027038574
Turkey,3046,27796,Tekman,2024,16075.62788063367,0.14981931447982788,0.23841805756092072,0.16691887378692627,0.18898649513721466,0.28894802927970886,0.17839942872524261
Turkey,3046,27795,Senkaya,2024,10790.466355852452,0.15541677176952362,0.19407965242862701,0.17521655559539795,0.19195787608623505,0.371208518743515,0.19403478503227234
Turkey,3046,27797,Tortum,2024,7794.027792476042,0.20707233250141144,0.17134980857372284,0.23532889783382416,0.23830735683441162,0.33692651987075806,0.2367139309644699
Turkey,3046,27798,Uzundere,2024,4894.189630901537,0.1835961490869522,0.24420833587646484,0.1653074026107788,0.22898155450820923,0.32734426856040955,0.17467287182807922
Turkey,3049,27821,Alucra,2024,1292.5260796830673,0.13648664951324463,0.11118945479393005,0.12710703909397125,0.17728370428085327,0.27759817242622375,0.12445925176143646
Turkey,3049,27822,Bulancak,2024,27988.738784868394,0.06147656962275505,0.0,0.13392193615436554,0.06938479095697403,0.0,0.17304472625255585
Turkey,3049,27823,Camoluk,2024,1239.2211959222395,0.11841662228107452,0.1453537493944168,0.12085292488336563,0.15115322172641754,0.29015928506851196,0.12889768183231354
Turkey,3049,27824,Canakci,2024,3450.6364958358913,0.12398761510848999,0.0,0.22945918142795563,0.16587215662002563,0.33618471026420593,0.2440132051706314
Turkey,3049,27825,Dereli,2024,11073.914359622111,0.12518872320652008,0.07375480234622955,0.2457672357559204,0.2490367591381073,0.14005236327648163,0.3038104772567749
Turkey,3049,27826,Dogankent,2024,4553.518754637414,0.08235767483711243,0.0,0.22160430252552032,0.1620732843875885,0.31857597827911377,0.22765164077281952
Turkey,3049,27827,Espiye,2024,24730.657669215718,0.06528639793395996,0.0,0.15350985527038574,0.16111111640930176,0.10521373152732849,0.1891998052597046
Turkey,3049,27828,Eynesil,2024,4917.310894578386,0.09644099324941635,0.0,0.14360105991363525,0.14903533458709717,0.0,0.1840437799692154
Turkey,3049,27830,Guce,2024,4274.123241473675,0.10768421739339828,0.0,0.16982223093509674,0.17778785526752472,0.30201461911201477,0.18442334234714508
Turkey,3049,27829,Gorele,2024,13876.799839870218,0.05703474208712578,0.0,0.139817476272583,0.06592204421758652,0.0,0.18502208590507507
Turkey,3049,27831,Kesap,2024,9012.635728329235,0.077130988240242,0.0,0.12674224376678467,0.15388306975364685,0.09022867679595947,0.16166244447231293
Turkey,3049,27833,Piraziz,2024,4536.752848767346,0.09374358505010605,0.0,0.1439214050769806,0.15817520022392273,0.015241369605064392,0.18367545306682587
Turkey,3049,27832,Merkez,2024,113712.95183079221,0.06307821720838547,0.0,0.13163051009178162,0.06735879182815552,0.0,0.17165589332580566
Turkey,3049,27834,S.karahisar,2024,3882.4060534332734,0.12771718204021454,0.0,0.14196597039699554,0.23214280605316162,0.31381160020828247,0.15183207392692566
Turkey,3049,27835,Tirebolu,2024,9120.633215173848,0.09322479367256165,0.0,0.13918468356132507,0.22705791890621185,0.2321380078792572,0.1839056760072708
Turkey,3049,27836,Yaglidere,2024,13056.12890090324,0.07415222376585007,0.0,0.17331600189208984,0.16211634874343872,0.2814885377883911,0.19610145688056946
Turkey,3050,27838,Kose,2024,526.2486382640805,0.17614232003688812,0.2065161168575287,0.1589975208044052,0.17415829002857208,0.25230324268341064,0.17162872850894928
Turkey,3050,27839,Kurtun,2024,6519.685499973981,0.18931937217712402,0.12922464311122894,0.24777287244796753,0.2859653830528259,0.26304101943969727,0.3080853521823883
Turkey,3050,27837,Kelkit,2024,15436.8959661758,0.11353135108947754,0.0,0.17200812697410583,0.17662057280540466,0.21333461999893188,0.18501336872577667
Turkey,3050,27840,Merkez,2024,23498.184357051694,0.13349618017673492,0.07745281606912613,0.18664807081222534,0.20952996611595154,0.24717512726783752,0.2008800208568573
Turkey,3050,27841,Siran,2024,7675.296559519099,0.16973575949668884,0.21761830151081085,0.15521803498268127,0.20730486512184143,0.2821457087993622,0.17130786180496216
Turkey,3051,27843,Cukurca,2024,7599.799011432636,0.12534591555595398,0.15141770243644714,0.21978896856307983,0.15435251593589783,0.24210114777088165,0.21922384202480316
Turkey,3050,27842,Torul,2024,5134.266937770416,0.2255038321018219,0.10136350989341736,0.26245221495628357,0.25398242473602295,0.3653576374053955,0.2562539577484131
Turkey,3051,27844,Merkez,2024,68776.26493187787,0.11641760915517807,0.0,0.15101394057273865,0.11165216565132141,0.0,0.15693600475788116
Turkey,3051,27845,Semdinli,2024,22957.06858643693,0.24365893006324768,0.21663092076778412,0.28363552689552307,0.25611141324043274,0.29050445556640625,0.2789277136325836
Turkey,3051,27846,Yuksekova,2024,62528.53260453534,0.07612448185682297,0.0,0.15338504314422607,0.14506202936172485,0.17024482786655426,0.1660194844007492
Turkey,3054,27869,Aralik,2024,10843.43295389168,0.15301986038684845,0.06383053958415985,0.20195123553276062,0.22102278470993042,0.2991371154785156,0.22739246487617493
Turkey,3054,27870,Karakoyunlu,2024,7257.871610545721,0.07104121148586273,0.0,0.1577407270669937,0.0975077673792839,0.1481848955154419,0.1653812825679779
Turkey,3054,27871,Merkez,2024,121785.7034965227,0.07900915294885635,0.0,0.13503128290176392,0.08592214435338974,0.13457812368869781,0.17313510179519653
Turkey,3059,27959,Eflani,2024,5539.786461854154,0.06864454597234726,0.0,0.12192267924547195,0.18693330883979797,0.34512829780578613,0.1305725872516632
Turkey,3054,27872,Tuzluca,2024,16533.16084209887,0.09926692396402359,0.0,0.18448734283447266,0.1954149454832077,0.25020360946655273,0.21075573563575745
Turkey,3059,27960,Eskipazar,2024,7346.500477876576,0.18778136372566223,0.1265663504600525,0.27581986784935,0.2267206609249115,0.33133745193481445,0.2818971276283264
Turkey,3059,27961,Merkez,2024,139294.27179826208,0.08231955766677856,0.0,0.15696276724338531,0.08428997546434402,0.0,0.15567639470100403
Turkey,3059,27962,Ovacik,2024,1258.2676047497578,0.1315702497959137,0.0,0.1535128504037857,0.19020900130271912,0.32980629801750183,0.21274854242801666
Turkey,3059,27964,Yenice,2024,19574.68937470439,0.06908312439918518,0.0,0.13315272331237793,0.19376187026500702,0.25482112169265747,0.17776089906692505
Turkey,3061,27971,Akyaka,2024,8944.24474160399,0.12519490718841553,0.17948539555072784,0.16920256614685059,0.18055470287799835,0.3219154179096222,0.17455202341079712
Turkey,3061,27972,Arpacay,2024,9217.768291637785,0.10042483359575272,0.08662819862365723,0.1251758337020874,0.16434821486473083,0.3094007074832916,0.14427639544010162
Turkey,3059,27963,Safranbolu,2024,34696.073712011384,0.09010925143957138,0.0,0.15998777747154236,0.12878668308258057,0.1900334656238556,0.1781943142414093
Turkey,3061,27973,Digor,2024,18555.140533950012,0.1787511557340622,0.07253555208444595,0.2126416712999344,0.22459079325199127,0.32681015133857727,0.2165411114692688
Turkey,3061,27974,Kagizman,2024,34218.31650514367,0.1709277480840683,0.050872594118118286,0.18872186541557312,0.2276638150215149,0.31034350395202637,0.2159266471862793
Turkey,3061,27976,Sarikamis,2024,32687.567268417508,0.07321672886610031,0.0,0.16148093342781067,0.16671757400035858,0.20113496482372284,0.17589722573757172
Turkey,3061,27977,Selim,2024,17721.498801222577,0.06762237846851349,0.07727614045143127,0.1382261961698532,0.1456885039806366,0.29295527935028076,0.15705394744873047
Turkey,3061,27975,Merkez,2024,79209.86666083692,0.06775349378585815,0.0,0.14564920961856842,0.09067679941654205,0.02162284590303898,0.15425823628902435
Turkey,3061,27978,Susuz,2024,5879.998685169785,0.10506915301084518,0.0,0.12628225982189178,0.195132777094841,0.33672034740448,0.14625537395477295
Turkey,3062,27979,Abana,2024,1727.3909631282959,0.1263475865125656,0.0,0.1556796133518219,0.24773824214935303,0.0,0.1849532127380371
Turkey,3062,27980,Agli,2024,1939.4645388131205,0.1495630443096161,0.10352544486522675,0.19566801190376282,0.21721699833869934,0.31896325945854187,0.1969316452741623
Turkey,3062,27981,Arac,2024,8893.14776176111,0.11005839705467224,0.0,0.1273363083600998,0.17529281973838806,0.32998278737068176,0.17714206874370575
Turkey,3062,27982,Azdavay,2024,4340.0327960262985,0.11398361623287201,0.0,0.18692614138126373,0.2149307280778885,0.30876624584198,0.22275008261203766
Turkey,3062,27983,Bozkurt,2024,5658.527734278843,0.09098471701145172,0.08637003600597382,0.1432434320449829,0.21046939492225647,0.16245289146900177,0.1755385398864746
Turkey,3062,27984,Catalzeytin,2024,3596.4552525293975,0.1788572520017624,0.0911467969417572,0.183526873588562,0.2659287750720978,0.2486378401517868,0.23955434560775757
Turkey,3062,27985,Cide,2024,12195.439081589686,0.1537685990333557,0.0,0.18463949859142303,0.2771152853965759,0.22437478601932526,0.18749411404132843
Turkey,3062,27986,Daday,2024,5777.4943794877745,0.09472181648015976,0.0,0.09978076070547104,0.1794053316116333,0.27876660227775574,0.12128610908985138
Turkey,3062,27987,Devrekani,2024,8717.199536093558,0.07104912400245667,0.0,0.07103560119867325,0.1541154682636261,0.2835279703140259,0.09109728038311005
Turkey,3062,27988,Doganyurt,2024,3099.4553522512024,0.18484488129615784,0.0,0.2022581845521927,0.18586128950119019,0.4230313301086426,0.23110580444335938
Turkey,3062,27990,Ihsangazi,2024,3657.955857424812,0.08434833586215973,0.0,0.09038502722978592,0.16069507598876953,0.20679043233394623,0.1227286234498024
Turkey,3062,27989,Hanonu,2024,2432.74660532796,0.1468678116798401,0.28424540162086487,0.18804794549942017,0.1961645632982254,0.3284006714820862,0.19045239686965942
Turkey,3062,27991,Inebolu,2024,16178.66619068314,0.11180458217859268,0.15501326322555542,0.15707437694072723,0.2066906988620758,0.006822839379310608,0.19876530766487122
Turkey,3062,27992,Kure,2024,3223.226673542301,0.09640975296497345,0.0,0.13514751195907593,0.1388029009103775,0.039195071905851364,0.1593087613582611
Turkey,3062,27994,Pinarbasi,2024,3120.8250683224987,0.09971325099468231,0.0,0.16808564960956573,0.191126748919487,0.2761092782020569,0.21615993976593018
Turkey,3062,27993,Merkez,2024,134708.32109354535,0.08451331406831741,0.0,0.1538713425397873,0.11753134429454803,0.15568271279335022,0.1736956536769867
Turkey,3062,27996,Seydiler,2024,2341.266597153348,0.08820275962352753,0.0,0.11313894391059875,0.1719464808702469,0.2826109826564789,0.1191023513674736
Turkey,3062,27995,Senpazar,2024,3610.0868301912164,0.08190280199050903,0.0,0.16824059188365936,0.17759904265403748,0.29414233565330505,0.17837665975093842
Turkey,3062,27998,Tosya,2024,33993.206960134674,0.10598351806402206,0.0,0.20015349984169006,0.14195942878723145,0.21479186415672302,0.21673376858234406
Turkey,3062,27997,Taskopru,2024,27026.57714572737,0.15897981822490692,0.16692186892032623,0.22541622817516327,0.22580426931381226,0.335985004901886,0.21967832744121552
Turkey,3065,28020,Baliseyh,2024,271.92113164402883,0.17568792402744293,0.14699846506118774,0.15975117683410645,0.2230687290430069,0.26787835359573364,0.16007983684539795
Turkey,3065,28022,Delice,2024,885.8987994802308,0.09310409426689148,0.0,0.1623331755399704,0.11551401019096375,0.15707279741764069,0.18014980852603912
Turkey,3066,28029,Demirkoy,2024,3419.0334269801715,0.1157691553235054,0.0,0.1621260941028595,0.18672770261764526,0.18979859352111816,0.1361546665430069
Turkey,3066,28030,Kofcaz,2024,1347.7006451497239,0.11006583273410797,0.0,0.09272055327892303,0.1620909571647644,0.3302006125450134,0.12897326052188873
Turkey,3068,28045,Kandira,2024,40404.04111673908,0.1247914656996727,0.0,0.1479787975549698,0.24089452624320984,0.3093548119068146,0.17735926806926727
Turkey,3065,28026,Sulakyurt,2024,2491.243992584859,0.17839300632476807,0.20575281977653503,0.16295908391475677,0.18888305127620697,0.2724851667881012,0.172475665807724
Turkey,3071,28094,Arapkir,2024,4583.077371630917,0.08915866911411285,0.0,0.16864436864852905,0.1291770040988922,0.23213230073451996,0.17624948918819427
Turkey,3071,28095,Arguvan,2024,2322.32691523333,0.15705198049545288,0.20974715054035187,0.17052386701107025,0.164190411567688,0.27025744318962097,0.17065005004405975
Turkey,3071,28099,Doganyol,2024,1221.6394605795049,0.1409115344285965,0.18746094405651093,0.17497389018535614,0.17246781289577484,0.3140380382537842,0.17462103068828583
Turkey,3071,28096,Battalgazi,2024,20795.644259118537,0.16357073187828064,0.195687934756279,0.2187342345714569,0.19117233157157898,0.28617534041404724,0.216854065656662
Turkey,3071,28101,Kale,2024,3998.2917687928843,0.06386753916740417,0.0,0.10907146334648132,0.1780509054660797,0.19383083283901215,0.11321676522493362
Turkey,3071,28100,Hekimhan,2024,5482.386355396233,0.20146843791007996,0.2582061290740967,0.22378985583782196,0.20049375295639038,0.31381168961524963,0.230063334107399
Turkey,3071,28102,Kuluncak,2024,1548.4135455691141,0.22473831474781036,0.26769331097602844,0.21658460795879364,0.23375096917152405,0.3076695501804352,0.22265683114528656
Turkey,3071,28103,Merkez,2024,366704.20902555477,0.09023028612136841,0.0,0.14484170079231262,0.09238117188215256,0.0,0.15074536204338074
Turkey,3071,28105,Yazihan,2024,7364.455993171726,0.13237906992435455,0.0,0.21652163565158844,0.21638914942741394,0.33010920882225037,0.21659120917320251
Turkey,3071,28104,Poturge,2024,7013.3127457767005,0.10718707740306854,0.0,0.1506124883890152,0.20094788074493408,0.34215372800827026,0.15642742812633514
Turkey,3073,28123,Dargecit,2024,17454.210560263913,0.09919844567775726,0.13277040421962738,0.18958544731140137,0.14957600831985474,0.26011407375335693,0.1948966532945633
Turkey,3073,28126,Mazidagi,2024,26783.27386766163,0.16238249838352203,0.18172931671142578,0.18863455951213837,0.1597105860710144,0.2554476857185364,0.1839296817779541
Turkey,3073,28128,Midyat,2024,67055.90255388443,0.06287240982055664,0.0,0.1384914219379425,0.06184851750731468,0.0,0.1440129280090332
Turkey,3073,28129,Nusaybin,2024,75670.29041581092,0.06298401951789856,0.0,0.14231443405151367,0.07839415967464447,0.0,0.1562930941581726
Turkey,3073,28130,Omerli,2024,15931.698812049994,0.13487347960472107,0.09662742167711258,0.17895294725894928,0.13100706040859222,0.22178097069263458,0.17882634699344635
Turkey,3073,28132,Yesilli,2024,40504.730743660395,0.09454745799303055,0.08048364520072937,0.23606254160404205,0.13936306536197662,0.24217450618743896,0.23563946783542633
Turkey,3073,28131,Savur,2024,13616.036183828677,0.09136220067739487,0.11059373617172241,0.15953439474105835,0.13194528222084045,0.2694782018661499,0.17296461760997772
Turkey,3075,28146,Haskoy,2024,19057.104656000054,0.10617867112159729,0.0,0.18220539391040802,0.12469914555549622,0.10777510702610016,0.20120859146118164
Turkey,3075,28147,Korkut,2024,15643.608130307963,0.11951551586389542,0.16389122605323792,0.15427860617637634,0.16050423681735992,0.23858970403671265,0.1733626425266266
Turkey,3075,28145,Bulanik,2024,52407.667834539796,0.09751411527395248,0.0,0.18749503791332245,0.17603403329849243,0.26110246777534485,0.20137470960617065
Turkey,3075,28148,Malazgirt,2024,35028.303426737286,0.11586622893810272,0.0,0.19540613889694214,0.18792803585529327,0.26771894097328186,0.20087659358978271
Turkey,3075,28149,Merkez,2024,124620.23310447784,0.07165997475385666,0.0,0.14772096276283264,0.1160820722579956,0.23731990158557892,0.14990195631980896
Turkey,3078,28165,Akkus,2024,9113.45761293194,0.06103978306055069,0.0,0.10211864113807678,0.1469622105360031,0.2627736032009125,0.15289348363876343
Turkey,3075,28150,Varto,2024,20887.086130178977,0.1792401671409607,0.03453538194298744,0.24936233460903168,0.22435566782951355,0.313599556684494,0.27025213837623596
Turkey,3078,28166,Aybasti,2024,12150.194458176054,0.11789071559906006,0.0,0.14400717616081238,0.2072030007839203,0.06344383955001831,0.1729574054479599
Turkey,3078,28167,Camas,2024,6849.6729178731075,0.10005191713571548,0.0,0.16613297164440155,0.18552257120609283,0.2613694369792938,0.18967770040035248
Turkey,3078,28169,Caybasi,2024,5775.616170825979,0.062199078500270844,0.0,0.13200029730796814,0.12519845366477966,0.25429654121398926,0.1678709089756012
Turkey,3078,28170,Fatsa,2024,60204.12351668818,0.06334652006626129,0.0,0.1388578861951828,0.07330944389104843,0.0,0.17995485663414001
Turkey,3078,28168,Catalpinar,2024,11034.13076162657,0.08976568281650543,0.0,0.12335477024316788,0.14213567972183228,0.0008789822459220886,0.19054292142391205
Turkey,3078,28171,Golkoy,2024,13560.187298550165,0.06942945718765259,0.0,0.1098950132727623,0.10923252999782562,0.0,0.15385501086711884
Turkey,3078,28173,Gurgentepe,2024,4928.09012268561,0.10907655209302902,0.0,0.14447104930877686,0.19622588157653809,0.19690650701522827,0.16547638177871704
Turkey,3078,28172,Gulyali,2024,3359.438885160177,0.09792164713144302,0.0,0.16250120103359222,0.17826387286186218,0.13301198184490204,0.20054730772972107
Turkey,3078,28174,Ikizce,2024,5830.813388240613,0.09163805842399597,0.0,0.14543598890304565,0.18079346418380737,0.30480870604515076,0.18960517644882202
Turkey,3078,28175,Kabaduz,2024,5244.038054801815,0.1074189767241478,0.1192784458398819,0.24850969016551971,0.27996495366096497,0.23579439520835876,0.31774502992630005
Turkey,3078,28176,Kabatas,2024,5960.756486861679,0.09486519545316696,0.0,0.16626738011837006,0.1473667025566101,0.30238860845565796,0.19174642860889435
Turkey,3078,28178,Kumru,2024,12054.58396152981,0.05475799739360809,0.0,0.08376184850931168,0.13970085978507996,0.21474909782409668,0.13843083381652832
Turkey,3078,28177,Korgan,2024,11476.494630959034,0.08259490132331848,0.0,0.1327996402978897,0.1483449935913086,0.06886720657348633,0.1746806800365448
Turkey,3078,28179,Merkez,2024,187120.26425355067,0.046142637729644775,0.0,0.08003036677837372,0.04927319660782814,0.0,0.10766061395406723
Turkey,3078,28181,Persembe,2024,11743.620883651143,0.10773104429244995,0.0,0.1494719535112381,0.16171811521053314,0.03229416161775589,0.18601877987384796
Turkey,3078,28182,Ulubey,2024,6064.767866525142,0.07610128819942474,0.0,0.1358773410320282,0.17449098825454712,0.27761825919151306,0.176259845495224
Turkey,3078,28180,Mesudiye,2024,3093.056327856416,0.1592535674571991,0.0,0.23446324467658997,0.2463647425174713,0.35741910338401794,0.24161213636398315
Turkey,3080,28191,Ardesen,2024,12821.973517356113,0.07077019661664963,0.0,0.13213518261909485,0.07490915805101395,0.0,0.17636610567569733
Turkey,3078,28183,Unye,2024,67988.64584164982,0.06774352490901947,0.0,0.140764981508255,0.07585947960615158,0.0,0.1734030693769455
Turkey,3080,28192,Camlihemsin,2024,3847.0194997540357,0.22358331084251404,0.322872132062912,0.22238501906394958,0.2628169655799866,0.1149793416261673,0.2875763773918152
Turkey,3080,28193,Cayeli,2024,16048.873268200105,0.08891303837299347,0.0,0.14180900156497955,0.09792596846818924,0.0,0.19203320145606995
Turkey,3080,28196,Guneysu,2024,7316.828589749235,0.08794278651475906,0.0,0.15423573553562164,0.13973379135131836,0.12123757600784302,0.18887898325920105
Turkey,3080,28195,Findikli,2024,12707.674298991482,0.08435527235269547,0.0,0.14120516180992126,0.11411808431148529,0.0,0.19148698449134827
Turkey,3080,28198,Ikizdere,2024,1094.7764942757076,0.13594546914100647,0.1593620777130127,0.23273329436779022,0.24029576778411865,0.14223015308380127,0.25759923458099365
Turkey,3080,28199,Iyidere,2024,4071.8633642492673,0.09905607253313065,0.0,0.13402211666107178,0.14596620202064514,0.0,0.1711515635251999
Turkey,3080,28200,Kalkandere,2024,3211.606655348498,0.10543230921030045,0.0,0.1800048053264618,0.1963263750076294,0.0,0.23128943145275116
Turkey,3080,28201,Merkez,2024,108894.23094260169,0.09331344813108444,0.0,0.1789357215166092,0.10757002234458923,0.0,0.2240862101316452
Turkey,3080,28202,Pazar,2024,17581.492997784568,0.07931816577911377,0.0,0.13674373924732208,0.0729006677865982,0.0,0.18341977894306183
Turkey,3081,28204,Ferizli,2024,18546.943933335417,0.09086958318948746,0.0,0.17832019925117493,0.20167574286460876,0.07958179712295532,0.2210155874490738
Turkey,3081,28206,Hendek,2024,87740.06158311557,0.057167526334524155,0.0,0.12600597739219666,0.10410764813423157,0.0,0.1591896414756775
Turkey,3081,28209,Kaynarca,2024,16274.853604547661,0.08601455390453339,0.0,0.15061967074871063,0.21030166745185852,0.25901323556900024,0.20531177520751953
Turkey,3081,28210,Kocaali,2024,13137.53532818871,0.18963463604450226,0.10186947137117386,0.18732795119285583,0.2545340061187744,0.0,0.2146952897310257
Turkey,3081,28208,Karasu,2024,46107.41609550745,0.08711513876914978,0.05148187279701233,0.13009992241859436,0.16562175750732422,0.0,0.16652831435203552
Turkey,3082,28216,19-mayis,2024,9997.623171077774,0.03480856493115425,0.0,0.04965171962976456,0.06587148457765579,0.04142855480313301,0.07773857563734055
Turkey,3081,28214,Sogutlu,2024,21692.321002072596,0.10095080733299255,0.0103483647108078,0.15800896286964417,0.1979251205921173,0.23348000645637512,0.19842088222503662
Turkey,3082,28218,Asarcik,2024,15762.997889755297,0.07727081328630447,0.0,0.14651940762996674,0.1556510329246521,0.28063562512397766,0.17700167000293732
Turkey,3082,28217,Alacam,2024,21788.22677847597,0.14052578806877136,0.0,0.1403203308582306,0.20781229436397552,0.3113081157207489,0.17843562364578247
Turkey,3082,28219,Ayvacik,2024,16790.04093077557,0.102991484105587,0.0,0.1279018223285675,0.1701163649559021,0.12611865997314453,0.15299780666828156
Turkey,3082,28220,Bafra,2024,109488.88505071941,0.12450604140758514,0.0,0.13874109089374542,0.12854072451591492,0.28561273217201233,0.15047362446784973
Turkey,3082,28221,Carsamba,2024,121150.02034021111,0.0025520622730255127,0.0,0.019319016486406326,0.08232156187295914,0.14622795581817627,0.06073342263698578
Turkey,3082,28222,Havza,2024,31259.696265791055,0.09640421718358994,0.0,0.17860710620880127,0.16614770889282227,0.2072649747133255,0.1857873797416687
Turkey,3082,28223,Kavak,2024,13049.23749991672,0.12760518491268158,0.0,0.17722569406032562,0.234186589717865,0.2870708703994751,0.22962364554405212
Turkey,3082,28224,Ladik,2024,11844.740839522194,0.0906890481710434,0.0,0.12695308029651642,0.17493143677711487,0.23802471160888672,0.14261558651924133
Turkey,3082,28225,Merkez,2024,564935.2762148206,0.028343847021460533,0.0,0.022830622270703316,0.03424321115016937,0.0,0.024991337209939957
Turkey,3082,28226,Salipazari,2024,10784.435016243111,0.08311454951763153,0.0,0.14129579067230225,0.1628972291946411,0.12556655704975128,0.16648681461811066
Turkey,3082,28227,Tekkekoy,2024,60640.44525398925,0.06531580537557602,0.0,0.13781073689460754,0.07231798022985458,0.0,0.16650144755840302
Turkey,3082,28229,Vezirkopru,2024,79894.5364463377,0.17336507141590118,0.08750208467245102,0.2796926498413086,0.2260245978832245,0.33764344453811646,0.2697911262512207
Turkey,3082,28228,Terme,2024,52341.349156128184,0.08528546988964081,0.0,0.13495604693889618,0.1563517451286316,0.012373793870210648,0.1712653636932373
Turkey,3084,28242,Aydinlar,2024,9879.816682945795,0.12219858169555664,0.09803587198257446,0.23917903006076813,0.14155656099319458,0.2210356444120407,0.2347409427165985
Turkey,3084,28243,Baykan,2024,15226.4870024626,0.13152211904525757,0.18746443092823029,0.16539506614208221,0.12563574314117432,0.25391635298728943,0.1732809692621231
Turkey,3082,28230,Yakakent,2024,3974.554327101131,0.13640332221984863,0.05317482724785805,0.1399768739938736,0.1929132640361786,0.08279897272586823,0.16030821204185486
Turkey,3084,28244,Eruh,2024,10291.02942957015,0.22935663163661957,0.2235099971294403,0.25480058789253235,0.23285183310508728,0.34654462337493896,0.2493657022714615
Turkey,3084,28245,Kurtalan,2024,43142.47187711451,0.11226578801870346,0.051404159516096115,0.19088977575302124,0.12915737926959991,0.2179766446352005,0.2045212686061859
Turkey,3084,28246,Merkez,2024,148113.08780190852,0.06559102982282639,0.0,0.13739675283432007,0.06749807298183441,0.0,0.14194035530090332
Turkey,3084,28247,Pervari,2024,18140.445315093333,0.20307034254074097,0.32705292105674744,0.2747896909713745,0.3076362907886505,0.34386125206947327,0.2927539646625519
Turkey,3084,28248,Sirvan,2024,14472.091042958578,0.16806624829769135,0.21860089898109436,0.2265917956829071,0.17547157406806946,0.2999148368835449,0.22365762293338776
Turkey,3085,28249,Ayancik,2024,14297.171505404098,0.08873485028743744,0.0,0.12743692100048065,0.24244418740272522,0.24174456298351288,0.15553981065750122
Turkey,3085,28250,Boyabat,2024,32884.25542456628,0.09488961845636368,0.0,0.17987340688705444,0.14614471793174744,0.26877671480178833,0.18239431083202362
Turkey,3085,28251,Dikmen,2024,3643.8509314375515,0.1460612565279007,0.15268859267234802,0.1088842824101448,0.2539232075214386,0.3444536626338959,0.10147576779127121
Turkey,3085,28252,Duragan,2024,11348.567429882782,0.09149077534675598,0.0,0.1558009535074234,0.18381230533123016,0.31723079085350037,0.1601717323064804
Turkey,3085,28253,Erfelek,2024,7944.367201786285,0.09411753714084625,0.0,0.1400562822818756,0.19462168216705322,0.3191790282726288,0.15271611511707306
Turkey,3085,28254,Gerze,2024,13246.317581439202,0.08549414575099945,0.0,0.14043033123016357,0.14692974090576172,0.1497114896774292,0.147177591919899
Turkey,3085,28255,Merkez,2024,52567.237967224384,0.06638156622648239,0.0831589624285698,0.14788846671581268,0.16384920477867126,0.0,0.17977920174598694
Turkey,3085,28256,Sarayduzu,2024,1945.4779141710844,0.19364815950393677,0.17848199605941772,0.2249200940132141,0.2043624073266983,0.35234126448631287,0.22178220748901367
Turkey,3085,28257,Turkeli,2024,6644.506707763761,0.1319674253463745,0.0,0.16414496302604675,0.26952439546585083,0.18012255430221558,0.2054639458656311
Turkey,3086,28258,Beytussebap,2024,6509.260646129864,0.15908412635326385,0.18251155316829681,0.24438107013702393,0.18474993109703064,0.2651350498199463,0.24209579825401306
Turkey,3086,28259,Cizre,2024,97231.733336944,0.07344089448451996,0.0,0.15610288083553314,0.0754336267709732,0.0,0.16677284240722656
Turkey,3086,28260,Guclukonak,2024,8522.357273176898,0.2711573541164398,0.34663766622543335,0.2745278775691986,0.2451353818178177,0.3355179727077484,0.2716665267944336
Turkey,3086,28261,Idil,2024,60849.05116858428,0.08047625422477722,0.004489220678806305,0.1750568151473999,0.08720623701810837,0.20167984068393707,0.1881624013185501
Turkey,3086,28263,Silopi,2024,191947.60920065973,0.07853060215711594,0.041242439299821854,0.17001807689666748,0.09078969061374664,0.16161996126174927,0.18184517323970795
Turkey,3086,28262,Merkez,2024,38755.20739905063,0.07199244201183319,0.0,0.17111173272132874,0.07828818261623383,0.0,0.17687638103961945
Turkey,3087,28265,Akincilar,2024,2270.5640503887544,0.1056726798415184,0.0,0.17401470243930817,0.17574644088745117,0.2197561413049698,0.18331791460514069
Turkey,3086,28264,Uludere,2024,24094.157401809935,0.17504757642745972,0.22902610898017883,0.25814178586006165,0.1829420030117035,0.2956113815307617,0.2534940838813782
Turkey,3087,28266,Altinyayla,2024,4591.962587967557,0.17472103238105774,0.21672192215919495,0.15713533759117126,0.18874973058700562,0.2804923951625824,0.16571857035160065
Turkey,3087,28268,Dogansar,2024,656.0660983332299,0.07851091772317886,0.0,0.09217020124197006,0.15697219967842102,0.1502445489168167,0.10307597368955612
Turkey,3087,28267,Divrigi,2024,6230.687036252564,0.11922012269496918,0.0,0.15902398526668549,0.18840391933918,0.17455941438674927,0.17042796313762665
Turkey,3087,28270,Golova,2024,1242.53529336379,0.1082817018032074,0.1623845100402832,0.12234114110469818,0.156480610370636,0.3141869604587555,0.13609908521175385
Turkey,3087,28269,Gemerek,2024,7717.4076943508,0.10741794109344482,0.0,0.17136670649051666,0.17084532976150513,0.20037208497524261,0.19015568494796753
Turkey,3087,28273,Imranli,2024,1881.8151770978202,0.1557830572128296,0.18241779506206512,0.14498864114284515,0.16555385291576385,0.24367162585258484,0.15459270775318146
Turkey,3087,28272,Hafik,2024,2017.1961502589893,0.11666400730609894,0.0,0.13823539018630981,0.17984887957572937,0.2783161401748657,0.1522539258003235
Turkey,3087,28275,Koyulhisar,2024,3181.5494301023946,0.1370367556810379,0.0,0.1605263203382492,0.20243293046951294,0.3129916191101074,0.16937515139579773
Turkey,3087,28274,Kangal,2024,8901.248343690128,0.2106320559978485,0.25387290120124817,0.167253777384758,0.2147517055273056,0.29074642062187195,0.18330234289169312
Turkey,3087,28276,Merkez,2024,349816.34020987694,0.07517753541469574,0.0,0.14032559096813202,0.08454954624176025,0.0,0.1523135006427765
Turkey,3087,28277,Sarkisla,2024,23820.181151590277,0.08434289693832397,0.0,0.14465433359146118,0.13602811098098755,0.1500912755727768,0.16302970051765442
Turkey,3087,28278,Susehri,2024,10429.58940552494,0.09863711148500443,0.0,0.14671136438846588,0.17270785570144653,0.23505228757858276,0.1555238664150238
Turkey,3087,28279,Ulas,2024,6843.337635642989,0.1611706167459488,0.1249009221792221,0.1970270723104477,0.21178875863552094,0.2876761555671692,0.21283991634845734
Turkey,3087,28280,Yildizeli,2024,14900.470389913662,0.15636825561523438,0.19693420827388763,0.12920404970645905,0.19524063169956207,0.31021514534950256,0.14675597846508026
Turkey,3089,28291,Almus,2024,12596.985052404892,0.09142225980758667,0.0,0.15639114379882812,0.18846432864665985,0.27412277460098267,0.17492324113845825
Turkey,3087,28281,Zara,2024,9524.67950257285,0.20897558331489563,0.2132226824760437,0.24433884024620056,0.2208259403705597,0.3170008659362793,0.24926447868347168
Turkey,3089,28292,Artova,2024,4538.062336586088,0.09374778717756271,0.0,0.1588621735572815,0.18586790561676025,0.26452603936195374,0.17801235616207123
Turkey,3089,28293,Basciftlik,2024,1343.8294407871363,0.09399266541004181,0.0,0.09524250775575638,0.1928197294473648,0.0,0.1063397079706192
Turkey,3089,28295,Merkez,2024,176342.24898514902,0.06731139868497849,0.0,0.12801365554332733,0.06547780334949493,0.0,0.13094131648540497
Turkey,3089,28294,Erbaa,2024,71941.1363799882,0.07156755030155182,0.0,0.16394184529781342,0.07414651662111282,0.0,0.16484148800373077
Turkey,3089,28296,Niksar,2024,31625.395258972778,0.07804876565933228,0.0,0.1369776874780655,0.11846071481704712,0.14092415571212769,0.14248086512088776
Turkey,3089,28297,Pazar,2024,8445.469488586989,0.08233668655157089,0.0,0.15189385414123535,0.10458703339099884,0.049831707030534744,0.167404904961586
Turkey,3089,28299,Sulusaray,2024,4759.654338184657,0.1636231243610382,0.16728493571281433,0.1636035144329071,0.19069775938987732,0.2646816372871399,0.16706889867782593
Turkey,3089,28298,Resadiye,2024,7330.444617290414,0.09111706912517548,0.0,0.12209994345903397,0.1952400505542755,0.09890715777873993,0.13404233753681183
Turkey,3089,28301,Yesilyurt,2024,6662.787578007688,0.1347111314535141,0.15193511545658112,0.1475835144519806,0.16203080117702484,0.2620275616645813,0.15488024055957794
Turkey,3089,28300,Turhal,2024,34967.76725347021,0.08760521560907364,0.0,0.14957758784294128,0.09412083774805069,0.0589892640709877,0.1593128740787506
Turkey,3090,28303,Akcaabat,2024,87374.48704581946,0.0406491756439209,0.0,0.0831289067864418,0.0476645901799202,0.0,0.11944358050823212
Turkey,3090,28304,Arakli,2024,23600.275417440695,0.19671401381492615,0.1323784738779068,0.1615678071975708,0.28494518995285034,0.22972089052200317,0.21937857568264008
Turkey,3089,28302,Zile,2024,24332.491913069083,0.0879448801279068,0.0,0.1521746814250946,0.14990052580833435,0.2320381999015808,0.16180209815502167
Turkey,3090,28306,Besikduzu,2024,3802.3756708439637,0.07655345648527145,0.0,0.13101090490818024,0.13365401327610016,0.0,0.1738419383764267
Turkey,3090,28305,Arsin,2024,13624.243709865777,0.050507236272096634,0.0,0.10556549578905106,0.1067449152469635,0.0,0.13620813190937042
Turkey,3090,28308,Caykara,2024,3583.3009761880967,0.1900910884141922,0.1884349286556244,0.20621711015701294,0.2563423216342926,0.23304890096187592,0.2645004391670227
Turkey,3090,28307,Carsibasi,2024,8099.722867929557,0.08486101776361465,0.0,0.12848465144634247,0.10420501977205276,0.049007926136255264,0.17748378217220306
Turkey,3090,28310,Duzkoy,2024,7358.960357425653,0.06247096508741379,0.0,0.08114821463823318,0.16740304231643677,0.2627563774585724,0.13565480709075928
Turkey,3090,28311,Hayrat,2024,2101.487496671787,0.13887381553649902,0.1577642410993576,0.2455616295337677,0.2698727548122406,0.24337702989578247,0.2637641131877899
Turkey,3090,28309,Dernek-pazari,2024,1169.165759829934,0.15414851903915405,0.0,0.14587198197841644,0.17239141464233398,0.2562216818332672,0.17718958854675293
Turkey,3090,28312,Koprubasi,2024,1224.4429261807925,0.13065196573734283,0.16004982590675354,0.09460381418466568,0.26824039220809937,0.31568261981010437,0.12219050526618958
Turkey,3090,28313,Macka,2024,11302.432099586506,0.11703548580408096,0.026972157880663872,0.18347233533859253,0.24636121094226837,0.19319255650043488,0.25948724150657654
Turkey,3090,28314,Merkez,2024,240621.6397451724,0.005718066357076168,0.0,0.005270090885460377,0.019781531766057014,0.0,0.02771398425102234
Turkey,3090,28315,Of,2024,14986.207194130417,0.023237572982907295,0.0,0.04940076172351837,0.12508080899715424,0.07167762517929077,0.0830472931265831
Turkey,3090,28316,Salpazari,2024,2624.884876406571,0.08380590379238129,0.0,0.18610310554504395,0.1649658977985382,0.34693825244903564,0.2103896588087082
Turkey,3090,28317,Surmene,2024,6731.775325696998,0.10035984963178635,0.0,0.1522711217403412,0.1651930958032608,0.0,0.18492738902568817
Turkey,3090,28318,Tonya,2024,4760.007259379223,0.09985970705747604,0.0,0.1349976658821106,0.16607944667339325,0.10440273582935333,0.15920422971248627
Turkey,3090,28320,Yomra,2024,7728.417635419468,0.07205331325531006,0.0,0.14753451943397522,0.07511356472969055,0.0020557455718517303,0.1886976659297943
Turkey,3090,28319,Vakfikebir,2024,7542.74852769988,0.07529167830944061,0.0,0.12171731144189835,0.0872831866145134,0.0,0.16947069764137268
Turkey,3091,28321,Cemisgezek,2024,2785.6855493497274,0.11214586347341537,0.0,0.12984444200992584,0.14251568913459778,0.22460153698921204,0.14305739104747772
Turkey,3091,28322,Hozat,2024,2488.386954901166,0.17762549221515656,0.17651744186878204,0.20221251249313354,0.19862100481987,0.261203408241272,0.20826146006584167
Turkey,3091,28323,Mazgirt,2024,3497.888970678675,0.21377837657928467,0.2661248445510864,0.2811150550842285,0.23563244938850403,0.35761603713035583,0.27252161502838135
Turkey,3091,28324,Merkez,2024,23435.227284521286,0.10134976357221603,0.0,0.21367931365966797,0.1333290934562683,0.2433428317308426,0.21505695581436157
Turkey,3091,28325,Nazimiye,2024,982.7897844582875,0.2307620346546173,0.26295146346092224,0.2356550544500351,0.23774804174900055,0.35485732555389404,0.24583446979522705
Turkey,3091,28326,Ovacik,2024,1914.948515875085,0.2215716540813446,0.26347705721855164,0.21919386088848114,0.2512896656990051,0.3458807170391083,0.24439750611782074
Turkey,3091,28327,Pertek,2024,4318.616217447025,0.16156822443008423,0.1805126816034317,0.19183436036109924,0.18378257751464844,0.3103211224079132,0.19868311285972595
Turkey,3093,28335,Bahcesaray,2024,4471.042865686951,0.1126227080821991,0.2168555110692978,0.19155552983283997,0.16094231605529785,0.23434369266033173,0.2000046819448471
Turkey,3091,28328,Pulumur,2024,1012.5445815017154,0.17783018946647644,0.20288681983947754,0.19510766863822937,0.2221236377954483,0.3047371208667755,0.20323942601680756
Turkey,3093,28337,Caldiran,2024,47645.30803209941,0.16787753999233246,0.21572519838809967,0.16300301253795624,0.1928238868713379,0.2867050766944885,0.17980344593524933
Turkey,3093,28336,Baskale,2024,33234.99575462157,0.1983034610748291,0.23779965937137604,0.22527837753295898,0.22546637058258057,0.3213963806629181,0.23359547555446625
Turkey,3093,28339,Edremit,2024,11037.50700780558,0.09639154374599457,0.0,0.13423649966716766,0.10461588948965073,0.0,0.16786181926727295
Turkey,3093,28338,Catak,2024,9858.931513025953,0.19542157649993896,0.254966139793396,0.25985366106033325,0.20817574858665466,0.29905563592910767,0.26069435477256775
Turkey,3093,28341,Gevas,2024,12515.937077052018,0.14378686249256134,0.0,0.1908060908317566,0.22101658582687378,0.3119395077228546,0.21219903230667114
Turkey,3093,28340,Ercis,2024,143396.41856101961,0.06961777806282043,0.0,0.12588568031787872,0.14725607633590698,0.2160358875989914,0.14509400725364685
Turkey,3093,28342,Gurpinar,2024,16785.63404344629,0.26235178112983704,0.2913128733634949,0.2662200927734375,0.2538750171661377,0.3535744845867157,0.2803502082824707
Turkey,3093,28343,Administrative unit not available,2024,7575.411107513646,0.09150536358356476,0.0,0.17898622155189514,0.0910629853606224,0.0,0.17898622155189514
Turkey,3093,28345,Muradiye,2024,30485.425871962565,0.07235776633024216,0.0,0.17351871728897095,0.15990141034126282,0.20988212525844574,0.18544107675552368
Turkey,3093,28344,Merkez,2024,545008.7017885888,0.06800613552331924,0.0,0.12304342538118362,0.06879553198814392,0.0,0.12824882566928864
Turkey,3093,28346,Ozalp,2024,51980.869507264026,0.18802416324615479,0.2779865860939026,0.18956923484802246,0.21716970205307007,0.3083590269088745,0.19681525230407715
Turkey,3093,28347,Saray,2024,20054.157445742905,0.20676369965076447,0.23374350368976593,0.18881627917289734,0.20240134000778198,0.2795470356941223,0.18881627917289734
Turkey,3095,28354,Akdagmadeni,2024,37200.69491971751,0.15498128533363342,0.1530964970588684,0.18978266417980194,0.19833829998970032,0.2804761826992035,0.2009194940328598
Turkey,3095,28357,Candir,2024,588.8209530592341,0.12464220821857452,0.11384698748588562,0.16439269483089447,0.17635175585746765,0.2538149058818817,0.16569271683692932
Turkey,3095,28355,Aydincik,2024,2223.405949322332,0.11985108256340027,0.14028021693229675,0.12003079801797867,0.13872191309928894,0.26655685901641846,0.13654369115829468
Turkey,3095,28358,Cayiralan,2024,5777.890547953595,0.09952530264854431,0.0,0.1330641657114029,0.18008020520210266,0.23871278762817383,0.15546873211860657
Turkey,3095,28359,Cekerek,2024,13486.44917660613,0.22629019618034363,0.2610369026660919,0.2570403814315796,0.22469183802604675,0.3457692563533783,0.265750914812088
Turkey,3095,28360,Kadisehri,2024,7742.825788827988,0.17449814081192017,0.21959243714809418,0.15427207946777344,0.2056245356798172,0.2988579273223877,0.16793859004974365
Turkey,3095,28362,Saraykent,2024,4857.425914787463,0.1307397037744522,0.0,0.18382783234119415,0.19449353218078613,0.24097861349582672,0.19294779002666473
Turkey,3095,28363,Sarikaya,2024,19975.500638323796,0.13852378726005554,0.15376229584217072,0.13525332510471344,0.17319750785827637,0.27261751890182495,0.14430151879787445
Turkey,3095,28361,Merkez,2024,63952.72387971035,0.11357225477695465,0.12173202633857727,0.19409087300300598,0.15616194903850555,0.2446889877319336,0.20686893165111542
Turkey,3096,28368,Alapli,2024,45326.379490141146,0.07109192758798599,0.0,0.14167459309101105,0.1888733059167862,0.0,0.18336498737335205
Turkey,3095,28365,Sorgun,2024,48683.76089573319,0.09715445339679718,0.021898726001381874,0.14563727378845215,0.15127524733543396,0.2467309683561325,0.14937588572502136
Turkey,3096,28369,Caycuma,2024,89609.47413056428,0.00017323375504929572,0.0,0.009209105744957924,0.07669274508953094,0.060932353138923645,0.036878131330013275
Turkey,3096,28370,Devrek,2024,54181.556365850556,0.07361219078302383,0.0,0.1437089443206787,0.177372545003891,0.253690242767334,0.17926190793514252
Turkey,3096,28371,Eregli,2024,143193.74049190886,0.07614028453826904,0.0,0.1313580721616745,0.12527960538864136,0.0,0.15214009582996368
Turkey,3096,28372,Gokcebey,2024,17465.664485954898,0.07136311382055283,0.0,0.11168254166841507,0.19973298907279968,0.22015269100666046,0.1823616921901703
Turkey,3096,28373,Merkez,2024,182197.19122984138,0.014736185781657696,0.0,0.02856859564781189,0.022413957864046097,0.0,0.04504008963704109
Kyrgyzstan,1752,18628,Jeti-Oguz,2024,16979.633786606835,0.1091778352856636,0.0,0.13685248792171478,0.2334415465593338,0.0,0.17928622663021088
Kyrgyzstan,1749,18612,At-Bashy,2024,4880.420335631338,0.07851961255073547,0.0,0.11912094801664352,0.1625579595565796,0.0,0.1303834468126297
Kyrgyzstan,1752,18627,Ak-Suu,2024,17949.349155485856,0.09316454827785492,0.0,0.1279783695936203,0.1280766725540161,0.0,0.1481214314699173
Kyrgyzstan,1752,18629,Tong,2024,18159.781254963185,0.10561838746070862,0.0,0.12370021641254425,0.18340353667736053,0.08239555358886719,0.15945298969745636
Kyrgyzstan,1748,18610,Toktogul,2024,43217.16228658733,0.1205776035785675,0.0,0.10566241294145584,0.22079986333847046,0.280671089887619,0.12437024712562561
Kyrgyzstan,1749,18615,Naryn,2024,21236.309258723733,0.08064541965723038,0.0,0.0935090109705925,0.1789773404598236,0.15307585895061493,0.12407102435827255
Kyrgyzstan,1748,18606,Chatkal,2024,6351.841695311545,0.24761833250522614,0.332496702671051,0.18631894886493683,0.26393043994903564,0.34313952922821045,0.20186664164066315
Kyrgyzstan,1749,18614,Kochkor,2024,19259.490557389352,0.09723648428916931,0.0,0.13781453669071198,0.19473890960216522,0.24044381082057953,0.15957248210906982
Kyrgyzstan,1750,18616,Alay,2024,17414.04484166449,0.13566702604293823,0.10659033805131912,0.12871769070625305,0.21615134179592133,0.2724227011203766,0.14592090249061584
Kyrgyzstan,1746,18592,Batken,2024,30560.795062618112,0.12655571103096008,0.0,0.09813956171274185,0.2163448929786682,0.317482590675354,0.13816773891448975
Kyrgyzstan,147294,18598,Kemin,2024,18759.62025801157,0.09299816191196442,0.0,0.09847698360681534,0.21808232367038727,0.25990477204322815,0.1322619467973709
Kyrgyzstan,1752,18631,Ysyk-Kol,2024,35817.90857183728,0.0904315635561943,0.0,0.10780317336320877,0.19782105088233948,0.058947429060935974,0.14783138036727905
Kyrgyzstan,1751,18626,Talas,2024,51339.970291525744,0.08610019087791443,0.0,0.12635685503482819,0.15319806337356567,0.0,0.14798837900161743
Kyrgyzstan,147294,18600,Panfilov,2024,13692.373078022369,0.08666854351758957,0.0,0.10148969292640686,0.1737697422504425,0.22209493815898895,0.11780675500631332
Kyrgyzstan,1750,18619,Kara-Kulja,2024,37886.46955115687,0.1602337658405304,0.07313959300518036,0.11673902720212936,0.24413976073265076,0.2224964201450348,0.14453406631946564
Kyrgyzstan,1749,18613,Jumgal,2024,9513.98653616382,0.08211800456047058,0.0,0.12117250263690948,0.18864330649375916,0.27378860116004944,0.13714681565761566
Kyrgyzstan,1749,18611,Ak-Talaa,2024,6233.384083736654,0.11049490422010422,0.07677048444747925,0.14237259328365326,0.1761840134859085,0.2974327802658081,0.1365642100572586
Kyrgyzstan,1748,18609,Toguz-Toro,2024,6527.7466225183125,0.13296106457710266,0.04586347937583923,0.15178897976875305,0.2158074826002121,0.3232128322124481,0.156157985329628
Kyrgyzstan,1750,18618,Chong-Alay,2024,4888.484842328731,0.20454788208007812,0.2837231159210205,0.18881596624851227,0.23410145938396454,0.3321373164653778,0.18881596624851227
Kyrgyzstan,1752,18630,Tup,2024,59919.62682244803,0.10562960058450699,0.0,0.1389865130186081,0.19223086535930634,0.0,0.1941145658493042
Kyrgyzstan,1748,18603,Aksy,2024,65524.80175363281,0.1388826072216034,0.0,0.10621365904808044,0.23587283492088318,0.3372066915035248,0.13992221653461456
Kyrgyzstan,1750,18621,Nookat,2024,141129.77736496515,0.07283337414264679,0.0,0.11259818077087402,0.18582838773727417,0.17232559621334076,0.15361733734607697
Kyrgyzstan,1750,18622,Ozgon,2024,137765.78482590022,0.08766801655292511,0.0,0.13690654933452606,0.20818699896335602,0.29469552636146545,0.1617341786623001
Kyrgyzstan,1748,18608,Suzak,2024,244612.11108706828,0.07943359762430191,0.0,0.13855871558189392,0.1874527633190155,0.06665412336587906,0.1572193056344986
Kyrgyzstan,1746,18594,Leylek,2024,57278.20836850771,0.18884336948394775,0.10223207622766495,0.11989938467741013,0.24111005663871765,0.32413116097450256,0.1375969648361206
Kyrgyzstan,1748,18605,Bazar-Korgon,2024,85841.09404599947,0.07616587728261948,0.0,0.12125290185213089,0.2084704041481018,0.28444331884384155,0.14646118879318237
Kyrgyzstan,1750,18620,Kara-Suu,2024,508020.50110624626,0.07056381553411484,0.0,0.13771003484725952,0.10624644160270691,0.0,0.14773759245872498
Kyrgyzstan,1751,18624,Kara-Buura,2024,22213.889870350085,0.09050868451595306,0.0,0.09767276793718338,0.1867399513721466,0.22418595850467682,0.11913219094276428
Kyrgyzstan,1751,18623,Bakay-Ata,2024,19113.288132154972,0.08569362759590149,0.0,0.10439611226320267,0.17952707409858704,0.11960487067699432,0.13446642458438873
Kyrgyzstan,1748,18604,Ala-Buka,2024,44625.83360049121,0.09960856288671494,0.0,0.10125820338726044,0.20986205339431763,0.2870686650276184,0.14128638803958893
Kyrgyzstan,1748,18607,Nooken,2024,116885.95630558507,0.11207134276628494,0.0,0.14297544956207275,0.1953989565372467,0.31978845596313477,0.1635831892490387
Kyrgyzstan,147294,18597,Jayyl,2024,37461.49589328632,0.09941116720438004,0.0,0.13665597140789032,0.20025551319122314,0.03632215037941933,0.15840308368206024
Kyrgyzstan,147294,18601,Sokuluk,2024,91160.47878961453,0.09340800344944,0.0,0.1266503632068634,0.15593740344047546,0.10343509912490845,0.1458314061164856
Kyrgyzstan,147294,18599,Moskva,2024,50082.6173649236,0.0875912755727768,0.0,0.11710646748542786,0.17921976745128632,0.14515450596809387,0.1404137760400772
Kyrgyzstan,147294,18596,Chuy,2024,67604.43543776264,0.08265101164579391,0.0,0.14374276995658875,0.16632339358329773,0.043173279613256454,0.16374926269054413
Kyrgyzstan,147294,18595,Alamudun,2024,942391.4354231956,0.030272042378783226,0.0,0.029025021940469742,0.03682665526866913,0.0,0.03998275846242905
Kyrgyzstan,1751,18625,Manas,2024,22292.965854737515,0.09153138101100922,0.0,0.09044364094734192,0.20908036828041077,0.2924424707889557,0.13697382807731628
Kyrgyzstan,147294,18602,Ysyk-Ata,2024,90231.7863395403,0.0849645733833313,0.0,0.13483312726020813,0.19356980919837952,0.09124942868947983,0.15731562674045563
Kyrgyzstan,1750,18617,Aravan,2024,95687.95459001846,0.09807997196912766,0.0,0.15848776698112488,0.19602082669734955,0.26554009318351746,0.16839218139648438
Kyrgyzstan,1746,18593,Kadamjay,2024,81148.99971392473,0.08108460158109665,0.0,0.09449833631515503,0.1942072957754135,0.27549979090690613,0.13601496815681458
Tajikistan,2847,37575,Ishkashimskiy,2024,7043.273948254662,0.27551543712615967,0.0,0.26321566104888916,0.31145548820495605,0.09605397284030914,0.26321566104888916
Tajikistan,2847,37576,Kalay-Humbskiy,2024,2663.2042733450226,0.40000998973846436,0.5296095013618469,0.21529296040534973,0.3921799659729004,0.5498213171958923,0.23197579383850098
Tajikistan,2847,37578,Roshtkala,2024,3487.5947428200443,0.2473289966583252,0.0,0.2307339459657669,0.27497830986976624,0.05307548865675926,0.2307339459657669
Tajikistan,2847,37579,Rushanskiy,2024,5995.952452461836,0.27683770656585693,0.0,0.26752251386642456,0.3001451790332794,0.09256890416145325,0.26752251386642456
Tajikistan,2847,37580,Shugnanskiy,2024,32627.181034434583,0.1957453191280365,0.0,0.2034720927476883,0.24687016010284424,0.11105884611606598,0.2034720927476883
Tajikistan,2847,37581,Vanchskiy,2024,7273.0373997205115,0.2605247497558594,0.11942842602729797,0.20040909945964813,0.3058401048183441,0.2786017060279846,0.2380628138780594
Tajikistan,2848,37582,Baljuan,2024,26208.45433994656,0.21111661195755005,0.18250298500061035,0.2689214050769806,0.24883483350276947,0.30167168378829956,0.28667697310447693
Tajikistan,2847,37577,Murgabskiy,2024,25.992782137764507,0.2580668330192566,0.0,0.19145844876766205,0.2837265729904175,0.020550740882754326,0.19145844876766205
Tajikistan,2848,37583,Bokhtar,2024,365698.6399576516,0.1196570098400116,0.10812753438949585,0.12529684603214264,0.19912302494049072,0.28508952260017395,0.13668759167194366
Tajikistan,2848,37584,Dangara,2024,103621.51885102695,0.16793936491012573,0.19213993847370148,0.17281043529510498,0.19613349437713623,0.33151954412460327,0.18365202844142914
Tajikistan,2848,37585,Ghozimalik,2024,25081.362607882336,0.2900089621543884,0.337882936000824,0.28785911202430725,0.2972564101219177,0.3471355736255646,0.29850226640701294
Tajikistan,2848,37587,Jilikul,2024,24663.153736457847,0.27701613306999207,0.38254886865615845,0.23062629997730255,0.3326154351234436,0.37789952754974365,0.24849355220794678
Tajikistan,2848,37586,Hovaling,2024,52919.478896803645,0.19585147500038147,0.27673184871673584,0.2343536615371704,0.2618120312690735,0.38269713521003723,0.24946317076683044
Tajikistan,2848,37588,Kabodien,2024,145339.01254228115,0.23313245177268982,0.34596988558769226,0.183498352766037,0.28695279359817505,0.34891271591186523,0.2064061462879181
Tajikistan,2848,37590,Kulyab,2024,191542.21466770984,0.12409994751214981,0.0785609781742096,0.1792663037776947,0.16359645128250122,0.23517200350761414,0.19091442227363586
Tajikistan,2848,37589,Kolhosobadskiy,2024,114574.6731613858,0.26857468485832214,0.34269338846206665,0.23633800446987152,0.3185306787490845,0.38618576526641846,0.2712225914001465
Tajikistan,2848,37592,Kurgan-Tjube,2024,119839.3017302136,0.2584420442581177,0.22820502519607544,0.2464006394147873,0.29811084270477295,0.3076801896095276,0.28525617718696594
Tajikistan,2848,37591,Kumsangirskiy,2024,69309.70221183971,0.26692789793014526,0.3233083188533783,0.20674899220466614,0.3062475323677063,0.3363761007785797,0.2325240522623062
Tajikistan,2848,37594,Muminobod,2024,67917.55902854641,0.22732149064540863,0.19343075156211853,0.31440868973731995,0.2999984622001648,0.3730110824108124,0.3154555857181549
Tajikistan,2848,37593,Moskovskiy,2024,68616.12466438218,0.3004949390888214,0.28828635811805725,0.30816707015037537,0.30231431126594543,0.3298141360282898,0.3212968111038208
Tajikistan,2848,37596,Piynjskiy,2024,51834.3547820626,0.2184506058692932,0.261839359998703,0.22370341420173645,0.2565903067588806,0.3257402181625366,0.2241632491350174
Tajikistan,2848,37595,Parharskiy,2024,76121.80876193229,0.29760822653770447,0.3418739438056946,0.2745157778263092,0.3162050247192383,0.3495788872241974,0.27326202392578125
Tajikistan,2848,37598,Shurabad,2024,28861.936811756605,0.24705328047275543,0.3324255347251892,0.20911014080047607,0.2718318700790405,0.4027066230773926,0.2223949432373047
Tajikistan,2848,37597,Shaartuskiy,2024,21435.485483594777,0.28248298168182373,0.4349159598350525,0.26252853870391846,0.3348701000213623,0.40527206659317017,0.2858833968639374
Tajikistan,2848,37600,Vahshskiy,2024,272611.1473474553,0.2563159465789795,0.24902133643627167,0.2213597148656845,0.2891204357147217,0.32387518882751465,0.2647278308868408
Tajikistan,2848,37599,Sovetskiy,2024,43924.58700856217,0.2861323952674866,0.29460781812667847,0.2970711588859558,0.2961620092391968,0.30325955152511597,0.31023740768432617
Tajikistan,2848,37601,Voseysky,2024,144615.16853764094,0.26370376348495483,0.20600809156894684,0.2277785986661911,0.26911336183547974,0.30241793394088745,0.2401256263256073
Tajikistan,2848,37602,Yvanskiy,2024,199652.31666927406,0.18843165040016174,0.10752259194850922,0.20326471328735352,0.2730276584625244,0.34357374906539917,0.22389644384384155
Tajikistan,2849,37603,Aini,2024,21691.12798186652,0.3900672197341919,0.403527170419693,0.28499582409858704,0.3835847079753876,0.3977409303188324,0.3102562427520752
Tajikistan,2849,37604,Ashtskiy,2024,85211.2795056242,0.28834009170532227,0.31926625967025757,0.24594610929489136,0.32290351390838623,0.34352099895477295,0.2577022612094879
Tajikistan,2849,37606,Hojenskiy,2024,547974.2316971212,0.07046519964933395,0.04755256697535515,0.11332137137651443,0.11238446831703186,0.2512744963169098,0.11907894909381866
Tajikistan,2849,37605,Ganchinskiy,2024,101759.75772823195,0.22533419728279114,0.03609136492013931,0.22586946189403534,0.31676357984542847,0.3233721852302551,0.2561448812484741
Tajikistan,2849,37607,Isfarinskiy,2024,203578.27483238664,0.15490804612636566,0.0,0.13208407163619995,0.25308266282081604,0.29162347316741943,0.17268610000610352
Tajikistan,2849,37608,Kanibadamskiy,2024,167587.50546391218,0.1696528196334839,0.07097351551055908,0.143158957362175,0.2472018301486969,0.34427568316459656,0.16078150272369385
Tajikistan,2849,37609,Kuhistoni Mastchohskiy,2024,4850.18274927946,0.2599305510520935,0.22273828089237213,0.24555841088294983,0.33040982484817505,0.29261669516563416,0.26009419560432434
Tajikistan,2849,37610,Matchinskiy,2024,88148.6396150474,0.1830870360136032,0.20083002746105194,0.18857581913471222,0.2798948287963867,0.32564279437065125,0.21510590612888336
Tajikistan,2849,37611,Nauskiy,2024,100664.21275004017,0.13351643085479736,0.0,0.10777458548545837,0.20914407074451447,0.28898558020591736,0.12181063741445541
Tajikistan,2849,37613,Rasulov,2024,123937.05576976914,0.11041758209466934,0.0,0.17549768090248108,0.2611536979675293,0.29802805185317993,0.2207004278898239
Tajikistan,2849,37612,Penjikenskiy,2024,185103.7817360047,0.176265686750412,0.10896305739879608,0.15370583534240723,0.25208187103271484,0.33820024132728577,0.1773831695318222
Tajikistan,2849,37615,Ura-Tubinskiy,2024,132917.71493658845,0.09979420900344849,0.0,0.1612456738948822,0.2058194875717163,0.2733851373195648,0.17753490805625916
Tajikistan,2849,37614,Shahriston,2024,15162.545751810263,0.20458661019802094,0.18291698396205902,0.21119964122772217,0.2719588875770569,0.3305378556251526,0.23701108992099762
Tajikistan,2850,37617,Darbanskiy,2024,18592.274001598445,0.20613661408424377,0.2295132577419281,0.2103670835494995,0.24999718368053436,0.32440614700317383,0.22954903542995453
Tajikistan,2850,37618,Faysabadskiy,2024,49555.37268291889,0.19414004683494568,0.20468567311763763,0.13658757507801056,0.24618786573410034,0.3564281463623047,0.19712497293949127
Tajikistan,2849,37616,Zafarobskiy,2024,74357.46854002096,0.21828652918338776,0.16291756927967072,0.19114108383655548,0.2596447169780731,0.2559479773044586,0.21648994088172913
Tajikistan,2850,37620,Gissarskiy,2024,160981.42560036422,0.19645962119102478,0.0,0.19306592643260956,0.2521442472934723,0.30812883377075195,0.21068847179412842
Tajikistan,2850,37619,Garmskiy,2024,29156.46864915738,0.2171667367219925,0.07997631281614304,0.21375368535518646,0.27971675992012024,0.3384740352630615,0.23358090221881866
Tajikistan,2850,37621,Jirgatalskiy,2024,18566.644838000102,0.19820880889892578,0.0,0.2052249163389206,0.28045982122421265,0.2617083489894867,0.24784477055072784
Tajikistan,2850,37622,Kofarnohon,2024,293236.3659487289,0.06737013161182404,0.0,0.1702464073896408,0.19177687168121338,0.3011304438114166,0.18296028673648834
Tajikistan,2850,37623,Leninskiy,2024,1430381.8720211242,0.05302641540765762,0.0,0.07140785455703735,0.06542385369539261,0.0,0.08314041793346405
Tajikistan,2850,37624,Nurek,2024,38795.02806645854,0.1025405004620552,0.0,0.1495104283094406,0.1871347725391388,0.2845440208911896,0.1664329171180725
Tajikistan,2850,37625,Rogunsky,2024,14135.607564713937,0.15727266669273376,0.15481340885162354,0.17492429912090302,0.21329084038734436,0.3698948919773102,0.20939747989177704
Tajikistan,2850,37626,Shahrinav,2024,48414.19677371504,0.1551593691110611,0.0,0.20020100474357605,0.26881733536720276,0.29001563787460327,0.23747757077217102
Tajikistan,2850,37628,Tojikobod,2024,27845.101419613093,0.20283903181552887,0.19225187599658966,0.23305612802505493,0.2960226535797119,0.364871084690094,0.2563071548938751
Tajikistan,2850,37627,Tavildara,2024,6072.4605484801505,0.22496852278709412,0.2490999400615692,0.21931998431682587,0.296184241771698,0.3494025766849518,0.24273262917995453
Tajikistan,2850,37629,Tursunzade,2024,204648.68478306968,0.2244311273097992,0.22393247485160828,0.2292780578136444,0.2881172299385071,0.3100367486476898,0.24450181424617767
Tajikistan,2850,37630,Varzob,2024,50206.41719067011,0.13541477918624878,0.14706826210021973,0.14815233647823334,0.1951892375946045,0.3588767945766449,0.1590033620595932
Bosnia and Herzegovina,652,6241,Gornjedrinski,2024,18354.832052830046,0.04787115752696991,0.0,0.08391077071428299,0.1900397092103958,0.30876919627189636,0.12989485263824463
Bosnia and Herzegovina,652,6243,Posavski,2024,24649.601124580848,0.03579314798116684,0.0,0.05461973324418068,0.14055359363555908,0.2741639018058777,0.09163974225521088
Bosnia and Herzegovina,652,6245,Srednjebosanski,2024,186375.73853180016,0.061425305902957916,0.0,0.08931419998407364,0.16182346642017365,0.31114402413368225,0.13349728286266327
Bosnia and Herzegovina,652,6246,Tuzlansko-podrinjski,2024,379492.70402871177,0.09759656339883804,0.0,0.09410806745290756,0.19644632935523987,0.29646703600883484,0.12021542340517044
Bosnia and Herzegovina,652,6250,Zenicko-dobojski,2024,251849.07776777493,0.10458988696336746,0.0,0.14354665577411652,0.21329836547374725,0.29673388600349426,0.17305128276348114
Bosnia and Herzegovina,652,6247,Unsko-sanski,2024,193036.67927140265,0.04443277046084404,0.0,0.07450056076049805,0.17416492104530334,0.32657670974731445,0.10827583074569702
Bosnia and Herzegovina,653,6251,Banja Luka,2024,117828.67527421209,0.07142941653728485,0.0,0.12016088515520096,0.14914073050022125,0.22607135772705078,0.14016924798488617
Bosnia and Herzegovina,653,6252,Bijeljina,2024,67051.44724262189,0.05061491206288338,0.0,0.09095309674739838,0.1329723745584488,0.2549731135368347,0.10630570352077484
Bosnia and Herzegovina,653,6254,Bosanska Dubica,2024,12859.962497803808,0.06468600779771805,0.0,0.03683891147375107,0.17885515093803406,0.3343280553817749,0.07681883871555328
Bosnia and Herzegovina,653,6256,Bosanska Krupa,2024,905.3764540340603,0.10673434287309647,0.0,0.1320446878671646,0.2534029483795166,0.36729350686073303,0.14460976421833038
Bosnia and Herzegovina,653,6255,Bosanska Gradiska,2024,33025.42610382987,0.07341401278972626,0.0,0.053061772137880325,0.194891095161438,0.3188666105270386,0.11176040768623352
Bosnia and Herzegovina,653,6257,Bosanski Brod,2024,6344.823296109296,0.05614246055483818,0.0,0.07558765262365341,0.16975626349449158,0.2961483895778656,0.10997931659221649
Bosnia and Herzegovina,653,6258,Bosanski Novi,2024,18613.11106106527,0.058005690574645996,0.0,0.0665215477347374,0.22764702141284943,0.34557926654815674,0.13158263266086578
Bosnia and Herzegovina,653,6260,Bosanski Samac,2024,12090.645982989332,0.04414691403508186,0.0,0.04043015465140343,0.14873573184013367,0.24432504177093506,0.0762675330042839
Bosnia and Herzegovina,653,6259,Bosanski Petrovac,2024,41.759141515221614,0.0663953348994255,0.0,0.15224766731262207,0.1482328474521637,0.3292323350906372,0.18335877358913422
Bosnia and Herzegovina,653,6262,Brcko,2024,49461.54863010174,0.0005601910525001585,0.0,0.0020586804021149874,0.08344168961048126,0.2290264368057251,0.051620226353406906
Bosnia and Herzegovina,653,6261,Bratunac,2024,11230.697788388745,0.015738191083073616,0.0,0.04317265376448631,0.13044241070747375,0.31024158000946045,0.08523119240999222
Bosnia and Herzegovina,653,6263,Cajnice,2024,2251.7590860198657,0.067927785217762,0.0,0.08474057912826538,0.2249111831188202,0.33072516322135925,0.13428261876106262
Bosnia and Herzegovina,653,6265,Derventa,2024,17211.123898700418,0.04414868727326393,0.0,0.03552263602614403,0.155517578125,0.32515379786491394,0.07558698952198029
Bosnia and Herzegovina,653,6264,Celinac,2024,9429.00308938218,0.10732437670230865,0.0,0.15549743175506592,0.2300858497619629,0.3554080128669739,0.2052772045135498
Bosnia and Herzegovina,653,6266,Doboj,2024,46022.279075919534,0.06223227083683014,0.0,0.09306391328573227,0.2013104259967804,0.3045355975627899,0.17109665274620056
Bosnia and Herzegovina,653,6271,Gorazde,2024,1722.9783247295352,0.06285781413316727,0.0,0.10743186622858047,0.21177276968955994,0.3330179750919342,0.1484762728214264
Bosnia and Herzegovina,653,6272,Gracanica,2024,6475.282506189871,0.1075291633605957,0.0,0.1283339411020279,0.19134342670440674,0.30582621693611145,0.15954360365867615
Bosnia and Herzegovina,653,6274,Han Pijesak,2024,1443.9136391883794,0.1093878373503685,0.0,0.11076384782791138,0.21230542659759521,0.2920517027378082,0.17202243208885193
Bosnia and Herzegovina,653,6275,Ilidza,2024,6733.170155722462,0.029105279594659805,0.0,0.02851051650941372,0.04346008971333504,0.0,0.08179295063018799
Bosnia and Herzegovina,653,6273,Gradacac,2024,6518.710346134715,0.15210561454296112,0.04825574532151222,0.1367819607257843,0.21907320618629456,0.31841227412223816,0.18328997492790222
Bosnia and Herzegovina,653,6276,Ilija[,2024,15.865377055875072,0.16052506864070892,0.0,0.19919879734516144,0.26909729838371277,0.3350171148777008,0.21546879410743713
Bosnia and Herzegovina,653,6277,Jajce,2024,1292.154202654837,0.05513033643364906,0.0,0.0881408080458641,0.19709224998950958,0.30870071053504944,0.1393885761499405
Bosnia and Herzegovina,653,6278,Kalesija,2024,3019.0128200901327,0.09147867560386658,0.0,0.09620768576860428,0.1582336127758026,0.34581848978996277,0.14897412061691284
Bosnia and Herzegovina,653,6280,Kladanj,2024,130.4544971200692,0.13485229015350342,0.0,0.14852140843868256,0.28643882274627686,0.39334532618522644,0.17131711542606354
Bosnia and Herzegovina,653,6283,Kotor Varos,2024,9538.597818281383,0.045642949640750885,0.0,0.0915592759847641,0.1547224372625351,0.32612234354019165,0.11806441098451614
Bosnia and Herzegovina,653,6284,Kupres,2024,67.09904369588241,0.17584052681922913,0.011535070836544037,0.1916898936033249,0.2562825083732605,0.303362637758255,0.22415296733379364
Bosnia and Herzegovina,653,6281,Kljuc,2024,3129.3534513047584,0.15355968475341797,0.0,0.1493578553199768,0.26093894243240356,0.3692792057991028,0.20125102996826172
Bosnia and Herzegovina,653,6285,Laktasi,2024,24116.408133130135,0.05432220548391342,0.0,0.05873022601008415,0.16165336966514587,0.2937188148498535,0.10280042886734009
Bosnia and Herzegovina,653,6287,Lopare,2024,11073.376816182732,0.13916762173175812,0.0,0.1552455574274063,0.21777519583702087,0.36104729771614075,0.2089630514383316
Bosnia and Herzegovina,653,6289,Maglaj,2024,377.9891989385342,0.11873023957014084,0.0,0.18010319769382477,0.2902858257293701,0.42028456926345825,0.22801043093204498
Bosnia and Herzegovina,653,6290,Modrica,2024,16048.460549734575,0.06530182808637619,0.0,0.0905221700668335,0.183406263589859,0.3084720969200134,0.16481995582580566
Bosnia and Herzegovina,653,6294,Novo Sarajevo,2024,3852.8305816646616,0.023717829957604408,0.0,0.02439834177494049,0.0839836522936821,0.08479687571525574,0.07234331220388412
Bosnia and Herzegovina,653,6292,Mrkonji] Grad,2024,8300.075989041048,0.05973740294575691,0.0,0.1629798263311386,0.1553194522857666,0.3186820149421692,0.18412886559963226
Bosnia and Herzegovina,653,6295,Odzak,2024,2083.592155920871,0.06948349624872208,0.0,0.09847268462181091,0.23351937532424927,0.34546446800231934,0.1915857195854187
Bosnia and Herzegovina,653,6296,Olovo,2024,60.66133203196749,0.11069071292877197,0.0,0.1264190673828125,0.24434120953083038,0.3365449011325836,0.11309551447629929
Bosnia and Herzegovina,653,6297,Orasje,2024,5681.276364734708,0.049450021237134933,0.0,0.08296703547239304,0.14237847924232483,0.27776145935058594,0.12065525352954865
Bosnia and Herzegovina,653,6298,Pale,2024,11097.4262565571,0.11362733691930771,0.0,0.1290077120065689,0.20667174458503723,0.29600104689598083,0.16367767751216888
Bosnia and Herzegovina,653,6299,Prijedor,2024,58663.71483830162,0.044452689588069916,0.0,0.05095316469669342,0.16236808896064758,0.3011915385723114,0.09117671847343445
Bosnia and Herzegovina,653,6301,Rogatica,2024,5798.715274687629,0.11342699080705643,0.0,0.17862321436405182,0.256908655166626,0.3561425507068634,0.20924821496009827
Bosnia and Herzegovina,653,6302,Rudo,2024,4561.9514750878625,0.07185288518667221,0.0,0.09444226324558258,0.2251547873020172,0.3014644682407379,0.12999416887760162
Bosnia and Herzegovina,653,6300,Prnjavor,2024,23728.534691766028,0.03595498949289322,0.0,0.03674335405230522,0.17317306995391846,0.3435813784599304,0.07659054547548294
Bosnia and Herzegovina,653,6303,Sanski Most,2024,1195.78386969262,0.08870978653430939,0.0,0.09516403079032898,0.24077272415161133,0.35772454738616943,0.1271788477897644
Bosnia and Herzegovina,653,6304,Sekovici,2024,3815.9271639641456,0.09218525141477585,0.0,0.1223527267575264,0.2837439775466919,0.3430057764053345,0.1938360184431076
Bosnia and Herzegovina,653,6306,Sokolac,2024,6470.8342075354085,0.10197032243013382,0.0,0.16212409734725952,0.1915854811668396,0.3250006437301636,0.1886526644229889
Bosnia and Herzegovina,653,6305,Sipovo,2024,5376.9392171327145,0.06912054121494293,0.0,0.08947806805372238,0.20763203501701355,0.331936240196228,0.11863280832767487
Bosnia and Herzegovina,653,6308,Srebrenica,2024,4937.922050550622,0.07547695934772491,0.0,0.10821392387151718,0.22494888305664062,0.3551896810531616,0.1270030289888382
Bosnia and Herzegovina,653,6307,Srbac,2024,10208.254557878841,0.08181262016296387,0.0,0.08925603330135345,0.2233533263206482,0.3357490599155426,0.15032905340194702
Bosnia and Herzegovina,653,6309,Stari Grad,2024,697.1829352318055,0.06755228340625763,0.0,0.15589942038059235,0.13885506987571716,0.3323324918746948,0.1976873129606247
Bosnia and Herzegovina,653,6311,Tesanj,2024,1670.5189819484367,0.08820907771587372,0.0,0.14065101742744446,0.20904237031936646,0.3456854224205017,0.1803501695394516
Bosnia and Herzegovina,653,6313,Titov Drvar,2024,16.535345223471612,0.13021233677864075,0.0,0.13312293589115143,0.26350080966949463,0.3279891908168793,0.13901862502098083
Bosnia and Herzegovina,653,6312,Teslic,2024,22074.82611327117,0.026251889765262604,0.0,0.08711862564086914,0.14311397075653076,0.3321540653705597,0.12261560559272766
Bosnia and Herzegovina,653,6314,Travnik,2024,56.95654405286057,0.15913435816764832,0.0,0.22695639729499817,0.2582648992538452,0.3436439037322998,0.2316516935825348
Bosnia and Herzegovina,653,6316,Trnovo,2024,1371.1015456321911,0.12425576150417328,0.0,0.24101366102695465,0.2303423434495926,0.2751412093639374,0.27181538939476013
Bosnia and Herzegovina,653,6317,Tuzla,2024,51.986800158440225,0.18916812539100647,0.0,0.2565774917602539,0.2878742218017578,0.4839382469654083,0.27977705001831055
Bosnia and Herzegovina,653,6318,Ugljevik,2024,11525.214147980321,0.10176409035921097,0.018121860921382904,0.11710555106401443,0.23817025125026703,0.32239294052124023,0.20579101145267487
Bosnia and Herzegovina,653,6319,Visegrad,2024,5960.785704099804,0.06605715304613113,0.0,0.13448038697242737,0.1541157364845276,0.2752235531806946,0.155874565243721
Bosnia and Herzegovina,653,6320,Vlasenica,2024,13831.777418212281,0.010822312906384468,0.0,0.025933384895324707,0.13901260495185852,0.3123110830783844,0.06965018808841705
Bosnia and Herzegovina,653,6321,Zvornik,2024,38149.18212665141,0.05828676000237465,0.0,0.09703793376684189,0.18539966642856598,0.3341480493545532,0.171905055642128
