Country,Governorate,District,year,adm2_code,XGB+DNN Predicted MPI,XGB+DNN Predicted Severe Poverty %
Bosnia and Herzegovina,Federacija Bosne I Hercegovine,Gornjedrinski,2020,6241,0.232566416,20.03413755
Bosnia and Herzegovina,Federacija Bosne I Hercegovine,Gornjedrinski,2021,6241,0.227711588,19.41803851
Bosnia and Herzegovina,Federacija Bosne I Hercegovine,Gornjedrinski,2022,6241,0.21744295954704285,18.13671867
Bosnia and Herzegovina,Federacija Bosne I Hercegovine,Gornjedrinski,2023,6241,0.202053919,16.27411531
Bosnia and Herzegovina,Federacija Bosne I Hercegovine,Gornjedrinski,2024,6241,0.233412951,20.14223058
Bosnia and Herzegovina,Federacija Bosne I Hercegovine,Neretvljanski,2020,6242,0.254964173,22.95811177
Bosnia and Herzegovina,Federacija Bosne I Hercegovine,Neretvljanski,2021,6242,0.246505961,21.83855095
Bosnia and Herzegovina,Federacija Bosne I Hercegovine,Neretvljanski,2022,6242,0.246053755,21.77921047
Bosnia and Herzegovina,Federacija Bosne I Hercegovine,Neretvljanski,2023,6242,0.252903253,22.68365137
Bosnia and Herzegovina,Federacija Bosne I Hercegovine,Neretvljanski,2024,6242,0.254633844,22.91404909
Bosnia and Herzegovina,Federacija Bosne I Hercegovine,Posavski,2020,6243,0.180100054,13.74368066
Bosnia and Herzegovina,Federacija Bosne I Hercegovine,Posavski,2021,6243,0.16710332036018372,12.32001529
Bosnia and Herzegovina,Federacija Bosne I Hercegovine,Posavski,2022,6243,0.177447677,13.44852527
Bosnia and Herzegovina,Federacija Bosne I Hercegovine,Posavski,2023,6243,0.193382055,15.25627648
Bosnia and Herzegovina,Federacija Bosne I Hercegovine,Posavski,2024,6243,0.169821277,12.61300498
Bosnia and Herzegovina,Federacija Bosne I Hercegovine,Sarajevo,2020,6244,0.03015432320535183,1.318250658
Bosnia and Herzegovina,Federacija Bosne I Hercegovine,Sarajevo,2021,6244,0.05670330300927162,2.814782046
Bosnia and Herzegovina,Federacija Bosne I Hercegovine,Sarajevo,2022,6244,0.032351985573768616,1.429208755
Bosnia and Herzegovina,Federacija Bosne I Hercegovine,Sarajevo,2023,6244,0.029973667114973068,1.309235302
Bosnia and Herzegovina,Federacija Bosne I Hercegovine,Sarajevo,2024,6244,0.03015432320535183,1.318250658
Bosnia and Herzegovina,Federacija Bosne I Hercegovine,Srednjebosanski,2020,6245,0.162175447,11.7953108
Bosnia and Herzegovina,Federacija Bosne I Hercegovine,Srednjebosanski,2021,6245,0.152496129,10.78955691
Bosnia and Herzegovina,Federacija Bosne I Hercegovine,Srednjebosanski,2022,6245,0.152292684,10.76877643
Bosnia and Herzegovina,Federacija Bosne I Hercegovine,Srednjebosanski,2023,6245,0.158094257,11.36718861
Bosnia and Herzegovina,Federacija Bosne I Hercegovine,Srednjebosanski,2024,6245,0.17469274997711182,13.14444253
Bosnia and Herzegovina,Federacija Bosne I Hercegovine,Tuzlansko-podrinjski,2020,6246,0.180966094,13.840558052062988
Bosnia and Herzegovina,Federacija Bosne I Hercegovine,Tuzlansko-podrinjski,2021,6246,0.212570131,17.53931765
Bosnia and Herzegovina,Federacija Bosne I Hercegovine,Tuzlansko-podrinjski,2022,6246,0.205875471,16.73002668
Bosnia and Herzegovina,Federacija Bosne I Hercegovine,Tuzlansko-podrinjski,2023,6246,0.184349507,14.22139808
Bosnia and Herzegovina,Federacija Bosne I Hercegovine,Tuzlansko-podrinjski,2024,6246,0.232567534,20.03428012
Bosnia and Herzegovina,Federacija Bosne I Hercegovine,Unsko-sanski,2020,6247,0.164340511,12.0248007
Bosnia and Herzegovina,Federacija Bosne I Hercegovine,Unsko-sanski,2021,6247,0.162932888,11.87541107
Bosnia and Herzegovina,Federacija Bosne I Hercegovine,Unsko-sanski,2022,6247,0.15714406967163086,11.26835737
Bosnia and Herzegovina,Federacija Bosne I Hercegovine,Unsko-sanski,2023,6247,0.184967518,14.29136629
Bosnia and Herzegovina,Federacija Bosne I Hercegovine,Unsko-sanski,2024,6247,0.183556899,14.13184515
Bosnia and Herzegovina,Federacija Bosne I Hercegovine,Zapadnobosanski,2020,6248,0.207003444,16.86544156
Bosnia and Herzegovina,Federacija Bosne I Hercegovine,Zapadnobosanski,2021,6248,0.198889703,15.90001237
Bosnia and Herzegovina,Federacija Bosne I Hercegovine,Zapadnobosanski,2022,6248,0.180023417,13.73511983
Bosnia and Herzegovina,Federacija Bosne I Hercegovine,Zapadnobosanski,2023,6248,0.184794784,14.27179762
Bosnia and Herzegovina,Federacija Bosne I Hercegovine,Zapadnobosanski,2024,6248,0.181728035,13.92599503
Bosnia and Herzegovina,Federacija Bosne I Hercegovine,Zapadnohercegovacki,2020,6249,0.215377942,17.88270243
Bosnia and Herzegovina,Federacija Bosne I Hercegovine,Zapadnohercegovacki,2021,6249,0.244887173,21.62637108
Bosnia and Herzegovina,Federacija Bosne I Hercegovine,Zapadnohercegovacki,2022,6249,0.247012913,21.90513844
Bosnia and Herzegovina,Federacija Bosne I Hercegovine,Zapadnohercegovacki,2023,6249,0.272410154,25.32295154
Bosnia and Herzegovina,Federacija Bosne I Hercegovine,Zapadnohercegovacki,2024,6249,0.265698254,24.40452163
Bosnia and Herzegovina,Federacija Bosne I Hercegovine,Zenicko-dobojski,2020,6250,0.220823169,18.55518116
Bosnia and Herzegovina,Federacija Bosne I Hercegovine,Zenicko-dobojski,2021,6250,0.213937253,17.70622213
Bosnia and Herzegovina,Federacija Bosne I Hercegovine,Zenicko-dobojski,2022,6250,0.245797649,21.74562652
Bosnia and Herzegovina,Federacija Bosne I Hercegovine,Zenicko-dobojski,2023,6250,0.237703323,20.69305539
Bosnia and Herzegovina,Federacija Bosne I Hercegovine,Zenicko-dobojski,2024,6250,0.238989726,20.85917747
Bosnia and Herzegovina,Republika Srpska,Banja Luka,2020,6251,0.22299546003341675,18.82583622
Bosnia and Herzegovina,Republika Srpska,Banja Luka,2021,6251,0.256486923,23.16158308
Bosnia and Herzegovina,Republika Srpska,Banja Luka,2022,6251,0.215641126,17.91500741
Bosnia and Herzegovina,Republika Srpska,Banja Luka,2023,6251,0.226127893,19.21847689
Bosnia and Herzegovina,Republika Srpska,Banja Luka,2024,6251,0.258792073,23.47069136
Bosnia and Herzegovina,Republika Srpska,Bijeljina,2021,6252,0.159984723,11.56477135
Bosnia and Herzegovina,Republika Srpska,Bijeljina,2023,6252,0.162858099,11.86749313
Bosnia and Herzegovina,Republika Srpska,Bijeljina,2024,6252,0.162375584,11.81645607
Bosnia and Herzegovina,Republika Srpska,Bijeljina,2020,6252,0.160774559,11.64769486
Bosnia and Herzegovina,Republika Srpska,Bijeljina,2022,6252,0.159852713,11.55093335
Bosnia and Herzegovina,Republika Srpska,Bileca,2020,6253,0.217776895,18.17791222
Bosnia and Herzegovina,Republika Srpska,Bileca,2021,6253,0.223174214,18.84816784
Bosnia and Herzegovina,Republika Srpska,Bileca,2022,6253,0.219252735,18.36035534
Bosnia and Herzegovina,Republika Srpska,Bileca,2023,6253,0.224672288,19.03567676
Bosnia and Herzegovina,Republika Srpska,Bileca,2024,6253,0.223740175,18.91893263
Bosnia and Herzegovina,Republika Srpska,Bosanska Dubica,2020,6254,0.212341696,17.51148305
Bosnia and Herzegovina,Republika Srpska,Bosanska Dubica,2021,6254,0.193573594,15.27850374
Bosnia and Herzegovina,Republika Srpska,Bosanska Dubica,2022,6254,0.194808275,15.42206052
Bosnia and Herzegovina,Republika Srpska,Bosanska Dubica,2023,6254,0.223647013,18.90727789
Bosnia and Herzegovina,Republika Srpska,Bosanska Dubica,2024,6254,0.210067272,17.23518989
Bosnia and Herzegovina,Republika Srpska,Bosanska Gradiska,2020,6255,0.203660637,16.46525442
Bosnia and Herzegovina,Republika Srpska,Bosanska Gradiska,2021,6255,0.173600465,13.02458428
Bosnia and Herzegovina,Republika Srpska,Bosanska Gradiska,2022,6255,0.174394861,13.11171479
Bosnia and Herzegovina,Republika Srpska,Bosanska Gradiska,2023,6255,0.215503395,17.89809882
Bosnia and Herzegovina,Republika Srpska,Bosanska Gradiska,2024,6255,0.224192649,18.97557285
Bosnia and Herzegovina,Republika Srpska,Bosanska Krupa,2020,6256,0.262886941,24.02299671
Bosnia and Herzegovina,Republika Srpska,Bosanska Krupa,2021,6256,0.253440619,22.75511173
Bosnia and Herzegovina,Republika Srpska,Bosanska Krupa,2022,6256,0.251187533,22.45597749
Bosnia and Herzegovina,Republika Srpska,Bosanska Krupa,2023,6256,0.257180154,23.25440393
Bosnia and Herzegovina,Republika Srpska,Bosanska Krupa,2024,6256,0.270549595,25.06730579
Bosnia and Herzegovina,Republika Srpska,Bosanski Brod,2020,6257,0.217407241,18.13231448
Bosnia and Herzegovina,Republika Srpska,Bosanski Brod,2021,6257,0.227361947,19.37391989
Bosnia and Herzegovina,Republika Srpska,Bosanski Brod,2022,6257,0.172504008,12.90467338
Bosnia and Herzegovina,Republika Srpska,Bosanski Brod,2023,6257,0.1965404897928238,15.62427401
Bosnia and Herzegovina,Republika Srpska,Bosanski Brod,2024,6257,0.221793652,18.67593138
Bosnia and Herzegovina,Republika Srpska,Bosanski Novi,2020,6258,0.2838083803653717,26.90625406
Bosnia and Herzegovina,Republika Srpska,Bosanski Novi,2021,6258,0.244789124,21.61354125
Bosnia and Herzegovina,Republika Srpska,Bosanski Novi,2022,6258,0.201588228,16.2188634
Bosnia and Herzegovina,Republika Srpska,Bosanski Novi,2023,6258,0.211835429,17.44984982
Bosnia and Herzegovina,Republika Srpska,Bosanski Novi,2024,6258,0.257613212,23.31244879
Bosnia and Herzegovina,Republika Srpska,Bosanski Petrovac,2020,6259,0.211744308,17.4387648
Bosnia and Herzegovina,Republika Srpska,Bosanski Petrovac,2021,6259,0.190731838,14.94992542
Bosnia and Herzegovina,Republika Srpska,Bosanski Petrovac,2022,6259,0.196934164,15.67036137
Bosnia and Herzegovina,Republika Srpska,Bosanski Petrovac,2023,6259,0.203135043,16.40264159
Bosnia and Herzegovina,Republika Srpska,Bosanski Petrovac,2024,6259,0.184603363,14.2501234
Bosnia and Herzegovina,Republika Srpska,Bosanski Samac,2020,6260,0.186766878,14.49578782
Bosnia and Herzegovina,Republika Srpska,Bosanski Samac,2021,6260,0.168421894,12.46183792
Bosnia and Herzegovina,Republika Srpska,Bosanski Samac,2022,6260,0.177045152,13.40393701
Bosnia and Herzegovina,Republika Srpska,Bosanski Samac,2024,6260,0.174781308,13.15417772
Bosnia and Herzegovina,Republika Srpska,Bosanski Samac,2023,6260,0.202024475,16.27061987
Bosnia and Herzegovina,Republika Srpska,Bratunac,2020,6261,0.180539727,13.79283265
Bosnia and Herzegovina,Republika Srpska,Bratunac,2021,6261,0.154433087,10.98814915
Bosnia and Herzegovina,Republika Srpska,Bratunac,2022,6261,0.172103077,12.8609284
Bosnia and Herzegovina,Republika Srpska,Bratunac,2023,6261,0.173518807,13.01563994
Bosnia and Herzegovina,Republika Srpska,Bratunac,2024,6261,0.156927526,11.24587903
Bosnia and Herzegovina,Republika Srpska,Brcko,2020,6262,0.17832911014556885,13.54635152
Bosnia and Herzegovina,Republika Srpska,Brcko,2021,6262,0.177697524,13.47622845
Bosnia and Herzegovina,Republika Srpska,Brcko,2022,6262,0.163193643,11.90303264
Bosnia and Herzegovina,Republika Srpska,Brcko,2023,6262,0.18282707035541534,14.04956685
Bosnia and Herzegovina,Republika Srpska,Brcko,2024,6262,0.16715838015079498,12.32592541
Bosnia and Herzegovina,Republika Srpska,Cajnice,2020,6263,0.243795931,21.48372306
Bosnia and Herzegovina,Republika Srpska,Cajnice,2021,6263,0.21461988985538483,17.78976738
Bosnia and Herzegovina,Republika Srpska,Cajnice,2022,6263,0.205325872,16.66418587
Bosnia and Herzegovina,Republika Srpska,Cajnice,2023,6263,0.235635161,20.42691036
Bosnia and Herzegovina,Republika Srpska,Cajnice,2024,6263,0.242068127,21.25850055
Bosnia and Herzegovina,Republika Srpska,Celinac,2020,6264,0.223350286,18.87017324
Bosnia and Herzegovina,Republika Srpska,Celinac,2021,6264,0.217368394,18.12752485
Bosnia and Herzegovina,Republika Srpska,Celinac,2022,6264,0.187073424,14.53071851
Bosnia and Herzegovina,Republika Srpska,Celinac,2023,6264,0.218881264,18.31437493
Bosnia and Herzegovina,Republika Srpska,Celinac,2024,6264,0.258072674,23.37408338
Bosnia and Herzegovina,Republika Srpska,Derventa,2020,6265,0.205934823,16.73714232
Bosnia and Herzegovina,Republika Srpska,Derventa,2021,6265,0.205940112,16.73777657
Bosnia and Herzegovina,Republika Srpska,Derventa,2022,6265,0.178093448,13.52017116
Bosnia and Herzegovina,Republika Srpska,Derventa,2023,6265,0.212270319,17.50278903
Bosnia and Herzegovina,Republika Srpska,Derventa,2024,6265,0.184286103,14.21422678
Bosnia and Herzegovina,Republika Srpska,Doboj,2020,6266,0.221256435,18.60905608
Bosnia and Herzegovina,Republika Srpska,Doboj,2022,6266,0.208659232,17.06491558
Bosnia and Herzegovina,Republika Srpska,Doboj,2021,6266,0.216054812,17.96582685
Bosnia and Herzegovina,Republika Srpska,Doboj,2023,6266,0.220714226,18.54164306
Bosnia and Herzegovina,Republika Srpska,Doboj,2024,6266,0.224816352,19.05374227
Bosnia and Herzegovina,Republika Srpska,Foca,2020,6268,0.206902668,16.85332756
Bosnia and Herzegovina,Republika Srpska,Foca,2021,6268,0.200222015,16.05715408
Bosnia and Herzegovina,Republika Srpska,Foca,2022,6268,0.156354204,11.18644584
Bosnia and Herzegovina,Republika Srpska,Foca,2023,6268,0.163048238,11.88762704
Bosnia and Herzegovina,Republika Srpska,Foca,2024,6268,0.197830394,15.77546344
Bosnia and Herzegovina,Republika Srpska,Gacko,2020,6269,0.163938403,11.98205497
Bosnia and Herzegovina,Republika Srpska,Gacko,2021,6269,0.123659343,7.997285189
Bosnia and Herzegovina,Republika Srpska,Gacko,2022,6269,0.16606304049491882,12.20854813
Bosnia and Herzegovina,Republika Srpska,Gacko,2023,6269,0.151898339,10.72853956
Bosnia and Herzegovina,Republika Srpska,Gacko,2024,6269,0.206799239,16.8408979
Bosnia and Herzegovina,Republika Srpska,Gorazde,2020,6271,0.207328588,16.90454679
Bosnia and Herzegovina,Republika Srpska,Gorazde,2021,6271,0.1998157799243927,16.0091818
Bosnia and Herzegovina,Republika Srpska,Gorazde,2022,6271,0.177647024,13.47062732
Bosnia and Herzegovina,Republika Srpska,Gorazde,2023,6271,0.211766899,17.44151272
Bosnia and Herzegovina,Republika Srpska,Gorazde,2024,6271,0.228981376,19.57855019
Bosnia and Herzegovina,Republika Srpska,Gracanica,2020,6272,0.243231028,21.41000074
Bosnia and Herzegovina,Republika Srpska,Gracanica,2021,6272,0.217141941,18.09961338
Bosnia and Herzegovina,Republika Srpska,Gracanica,2022,6272,0.191671073,15.05824071
Bosnia and Herzegovina,Republika Srpska,Gracanica,2023,6272,0.235824317,20.45120424
Bosnia and Herzegovina,Republika Srpska,Gracanica,2024,6272,0.230651796,19.79038649
Bosnia and Herzegovina,Republika Srpska,Gradacac,2020,6273,0.263193488,24.06450632
Bosnia and Herzegovina,Republika Srpska,Gradacac,2021,6273,0.198650748,15.87188662
Bosnia and Herzegovina,Republika Srpska,Gradacac,2022,6273,0.21185263991355896,17.45194383
Bosnia and Herzegovina,Republika Srpska,Gradacac,2023,6273,0.247489542,21.96780342
Bosnia and Herzegovina,Republika Srpska,Gradacac,2024,6273,0.242812768,21.35546976
Bosnia and Herzegovina,Republika Srpska,Han Pijesak,2020,6274,0.202704877,16.3514596
Bosnia and Herzegovina,Republika Srpska,Han Pijesak,2021,6274,0.163599253,11.94604564
Bosnia and Herzegovina,Republika Srpska,Han Pijesak,2022,6274,0.1663767397403717,12.242121696472168
Bosnia and Herzegovina,Republika Srpska,Han Pijesak,2023,6274,0.168581843,12.4790823
Bosnia and Herzegovina,Republika Srpska,Han Pijesak,2024,6274,0.180487275,13.78696557
Bosnia and Herzegovina,Republika Srpska,Ilidza,2020,6275,0.0416061095893383,1.922318485
Bosnia and Herzegovina,Republika Srpska,Ilidza,2021,6275,0.04571430757641792,2.154475122
Bosnia and Herzegovina,Republika Srpska,Ilidza,2022,6275,0.04153444245457649,1.918340339
Bosnia and Herzegovina,Republika Srpska,Ilidza,2023,6275,0.042543675750494,1.974588872
Bosnia and Herzegovina,Republika Srpska,Ilidza,2024,6275,0.04297113046050072,1.998560007
Bosnia and Herzegovina,Republika Srpska,Ilija[,2020,6276,0.279212683,26.26437596
Bosnia and Herzegovina,Republika Srpska,Ilija[,2021,6276,0.242582858,21.32551468
Bosnia and Herzegovina,Republika Srpska,Ilija[,2022,6276,0.253558993,22.77086329
Bosnia and Herzegovina,Republika Srpska,Ilija[,2023,6276,0.239570946,20.93437934
Bosnia and Herzegovina,Republika Srpska,Ilija[,2024,6276,0.283903033,26.91952285
Bosnia and Herzegovina,Republika Srpska,Jajce,2020,6277,0.196432725,15.6116664
Bosnia and Herzegovina,Republika Srpska,Jajce,2021,6277,0.194768235,15.41739759
Bosnia and Herzegovina,Republika Srpska,Jajce,2022,6277,0.154015884,10.94526031
Bosnia and Herzegovina,Republika Srpska,Jajce,2023,6277,0.171490982,12.79424878
Bosnia and Herzegovina,Republika Srpska,Jajce,2024,6277,0.209175974,17.12733639
Bosnia and Herzegovina,Republika Srpska,Kalesija,2020,6278,0.253667951,22.78536481
Bosnia and Herzegovina,Republika Srpska,Kalesija,2021,6278,0.229065239,19.58916704
Bosnia and Herzegovina,Republika Srpska,Kalesija,2022,6278,0.180854619,13.8280742
Bosnia and Herzegovina,Republika Srpska,Kalesija,2023,6278,0.219914913,18.4424178
Bosnia and Herzegovina,Republika Srpska,Kalesija,2024,6278,0.190095842,14.87674027
Bosnia and Herzegovina,Republika Srpska,Kalinovik,2020,6279,0.200876296,16.13452502
Bosnia and Herzegovina,Republika Srpska,Kalinovik,2021,6279,0.176683813,13.36395714
Bosnia and Herzegovina,Republika Srpska,Kalinovik,2022,6279,0.185493484,14.35101155
Bosnia and Herzegovina,Republika Srpska,Kalinovik,2023,6279,0.168202877,12.43823955
Bosnia and Herzegovina,Republika Srpska,Kalinovik,2024,6279,0.202328026,16.30666783
Bosnia and Herzegovina,Republika Srpska,Kladanj,2020,6280,0.24889490008354187,22.15291372
Bosnia and Herzegovina,Republika Srpska,Kladanj,2021,6280,0.237696618,20.69219062
Bosnia and Herzegovina,Republika Srpska,Kladanj,2022,6280,0.247119814,21.9191882
Bosnia and Herzegovina,Republika Srpska,Kladanj,2023,6280,0.230660528,19.79149589
Bosnia and Herzegovina,Republika Srpska,Kladanj,2024,6280,0.250435412,22.35640689
Bosnia and Herzegovina,Republika Srpska,Kljuc,2020,6281,0.280908257,26.50065266
Bosnia and Herzegovina,Republika Srpska,Kljuc,2021,6281,0.271639705,25.21699252
Bosnia and Herzegovina,Republika Srpska,Kljuc,2022,6281,0.255384028,23.01415564
Bosnia and Herzegovina,Republika Srpska,Kljuc,2023,6281,0.237517327,20.66907305
Bosnia and Herzegovina,Republika Srpska,Kljuc,2024,6281,0.283540428,26.86870179
Bosnia and Herzegovina,Republika Srpska,Kotor Varos,2020,6283,0.214520067,17.77754192
Bosnia and Herzegovina,Republika Srpska,Kotor Varos,2021,6283,0.188471273,14.69038629
Bosnia and Herzegovina,Republika Srpska,Kotor Varos,2022,6283,0.16139400005340576,11.7128824
Bosnia and Herzegovina,Republika Srpska,Kotor Varos,2023,6283,0.176227659,13.3135488
Bosnia and Herzegovina,Republika Srpska,Kotor Varos,2024,6283,0.181511685,13.90171611
Bosnia and Herzegovina,Republika Srpska,Kupres,2020,6284,0.164436117,12.03497227
Bosnia and Herzegovina,Republika Srpska,Kupres,2021,6284,0.136607289,9.212283951
Bosnia and Herzegovina,Republika Srpska,Kupres,2022,6284,0.180653781,13.80559334
Bosnia and Herzegovina,Republika Srpska,Kupres,2023,6284,0.162983671,11.88078862
Bosnia and Herzegovina,Republika Srpska,Kupres,2024,6284,0.170165747,12.65031882
Bosnia and Herzegovina,Republika Srpska,Laktasi,2020,6285,0.197416112,15.72684892
Bosnia and Herzegovina,Republika Srpska,Laktasi,2021,6285,0.201810211,16.24519222
Bosnia and Herzegovina,Republika Srpska,Laktasi,2022,6285,0.201288909,16.18338581
Bosnia and Herzegovina,Republika Srpska,Laktasi,2023,6285,0.184445113,14.23221398
Bosnia and Herzegovina,Republika Srpska,Laktasi,2024,6285,0.209226102,17.13339589
Bosnia and Herzegovina,Republika Srpska,Ljubinje,2020,6286,0.173863888,13.05345328
Bosnia and Herzegovina,Republika Srpska,Ljubinje,2021,6286,0.167366475,12.34827176
Bosnia and Herzegovina,Republika Srpska,Ljubinje,2022,6286,0.166836917,12.29143433
Bosnia and Herzegovina,Republika Srpska,Ljubinje,2023,6286,0.172459036,12.89976387
Bosnia and Herzegovina,Republika Srpska,Ljubinje,2024,6286,0.2063392996788025,16.78566346
Bosnia and Herzegovina,Republika Srpska,Lopare,2020,6287,0.2685045003890991,24.78723313
Bosnia and Herzegovina,Republika Srpska,Lopare,2021,6287,0.279862463,26.35484674
Bosnia and Herzegovina,Republika Srpska,Lopare,2022,6287,0.251712412,22.52554924
Bosnia and Herzegovina,Republika Srpska,Lopare,2023,6287,0.276264012,25.85501186
Bosnia and Herzegovina,Republika Srpska,Lopare,2024,6287,0.275636286,25.7681177
Bosnia and Herzegovina,Republika Srpska,Maglaj,2020,6289,0.306427747,30.13061822
Bosnia and Herzegovina,Republika Srpska,Maglaj,2021,6289,0.261630863,23.85314728
Bosnia and Herzegovina,Republika Srpska,Maglaj,2022,6289,0.290130556,27.79677477
Bosnia and Herzegovina,Republika Srpska,Maglaj,2023,6289,0.3299054801464081,33.58192894
Bosnia and Herzegovina,Republika Srpska,Maglaj,2024,6289,0.317234933,31.70690783
Bosnia and Herzegovina,Republika Srpska,Modrica,2020,6290,0.226349488,19.24635786
Bosnia and Herzegovina,Republika Srpska,Modrica,2021,6290,0.186479151,14.46302932
Bosnia and Herzegovina,Republika Srpska,Modrica,2022,6290,0.174267352,13.09771505
Bosnia and Herzegovina,Republika Srpska,Modrica,2023,6290,0.216426611,18.01154322
Bosnia and Herzegovina,Republika Srpska,Modrica,2024,6290,0.204823121,16.60403771
Bosnia and Herzegovina,Republika Srpska,Mostar,2020,6291,0.250472158,22.36126825
Bosnia and Herzegovina,Republika Srpska,Mostar,2021,6291,0.216371775,18.00479802
Bosnia and Herzegovina,Republika Srpska,Mostar,2022,6291,0.230453163,19.76515627
Bosnia and Herzegovina,Republika Srpska,Mostar,2023,6291,0.242602944,21.32813124
Bosnia and Herzegovina,Republika Srpska,Mostar,2024,6291,0.267431259,24.64064657
Bosnia and Herzegovina,Republika Srpska,Mrkonji] Grad,2020,6292,0.159178019,11.48030386
Bosnia and Herzegovina,Republika Srpska,Mrkonji] Grad,2021,6292,0.147651628,10.2988003
Bosnia and Herzegovina,Republika Srpska,Mrkonji] Grad,2022,6292,0.15434134006500244,10.97871217
Bosnia and Herzegovina,Republika Srpska,Mrkonji] Grad,2023,6292,0.16575101017951965,12.17518664
Bosnia and Herzegovina,Republika Srpska,Mrkonji] Grad,2024,6292,0.159528464,11.51696971
Bosnia and Herzegovina,Republika Srpska,Nevesinje,2020,6293,0.2376306802034378,20.68368768
Bosnia and Herzegovina,Republika Srpska,Nevesinje,2021,6293,0.210012525,17.22855829
Bosnia and Herzegovina,Republika Srpska,Nevesinje,2022,6293,0.169481948,12.57628767
Bosnia and Herzegovina,Republika Srpska,Nevesinje,2023,6293,0.176504418,13.34412439
Bosnia and Herzegovina,Republika Srpska,Nevesinje,2024,6293,0.176300749,13.32162111
Bosnia and Herzegovina,Republika Srpska,Novo Sarajevo,2020,6294,0.03134049475193024,1.377844256
Bosnia and Herzegovina,Republika Srpska,Novo Sarajevo,2021,6294,0.03365370258688927,1.496050158
Bosnia and Herzegovina,Republika Srpska,Novo Sarajevo,2022,6294,0.0378921777009964,1.719424763
Bosnia and Herzegovina,Republika Srpska,Novo Sarajevo,2023,6294,0.03558345511555672,1.596665848
Bosnia and Herzegovina,Republika Srpska,Novo Sarajevo,2024,6294,0.0413646437227726,1.908924901
Bosnia and Herzegovina,Republika Srpska,Odzak,2020,6295,0.264906764,24.29691694
Bosnia and Herzegovina,Republika Srpska,Odzak,2021,6295,0.217666283,18.16426385
Bosnia and Herzegovina,Republika Srpska,Odzak,2022,6295,0.214140832,17.73112312
Bosnia and Herzegovina,Republika Srpska,Odzak,2023,6295,0.230982721,19.83244463
Bosnia and Herzegovina,Republika Srpska,Odzak,2024,6295,0.255713433,23.05815662
Bosnia and Herzegovina,Republika Srpska,Olovo,2020,6296,0.247620761,21.98506586
Bosnia and Herzegovina,Republika Srpska,Olovo,2021,6296,0.223608702,18.90248585
Bosnia and Herzegovina,Republika Srpska,Olovo,2022,6296,0.232570946,20.03471545
Bosnia and Herzegovina,Republika Srpska,Olovo,2023,6296,0.220903665,18.56518646
Bosnia and Herzegovina,Republika Srpska,Olovo,2024,6296,0.240486681,21.05304533
Bosnia and Herzegovina,Republika Srpska,Orasje,2020,6297,0.146456197,10.17901698
Bosnia and Herzegovina,Republika Srpska,Orasje,2021,6297,0.12486620992422104,8.107794207
Bosnia and Herzegovina,Republika Srpska,Orasje,2022,6297,0.120069377,7.671944823
Bosnia and Herzegovina,Republika Srpska,Orasje,2023,6297,0.161461681,11.72001305
Bosnia and Herzegovina,Republika Srpska,Orasje,2024,6297,0.143266022,9.861931605
Bosnia and Herzegovina,Republika Srpska,Pale,2020,6298,0.199257985,15.94339502
Bosnia and Herzegovina,Republika Srpska,Pale,2021,6298,0.257816315,23.33968761
Bosnia and Herzegovina,Republika Srpska,Pale,2022,6298,0.270429611,25.0508472
Bosnia and Herzegovina,Republika Srpska,Pale,2023,6298,0.274798036,25.65222095
Bosnia and Herzegovina,Republika Srpska,Pale,2024,6298,0.268168718,24.74134177
Bosnia and Herzegovina,Republika Srpska,Prijedor,2020,6299,0.203407764,16.43511972
Bosnia and Herzegovina,Republika Srpska,Prijedor,2021,6299,0.197081953,15.6876756
Bosnia and Herzegovina,Republika Srpska,Prijedor,2022,6299,0.191281259,15.01325208
Bosnia and Herzegovina,Republika Srpska,Prijedor,2023,6299,0.208042622,16.99053581
Bosnia and Herzegovina,Republika Srpska,Prijedor,2024,6299,0.199608654,15.98474195
Bosnia and Herzegovina,Republika Srpska,Prnjavor,2020,6300,0.1987091600894928,15.87876032
Bosnia and Herzegovina,Republika Srpska,Prnjavor,2021,6300,0.192801356,15.1889601
Bosnia and Herzegovina,Republika Srpska,Prnjavor,2022,6300,0.170910507,12.73113144
Bosnia and Herzegovina,Republika Srpska,Prnjavor,2023,6300,0.197445795,15.73033035
Bosnia and Herzegovina,Republika Srpska,Prnjavor,2024,6300,0.198785663,15.88776437
Bosnia and Herzegovina,Republika Srpska,Rogatica,2020,6301,0.225235224,19.10630156
Bosnia and Herzegovina,Republika Srpska,Rogatica,2021,6301,0.224907577,19.0651848
Bosnia and Herzegovina,Republika Srpska,Rogatica,2022,6301,0.21315979957580566,17.61123955
Bosnia and Herzegovina,Republika Srpska,Rogatica,2023,6301,0.220161825,18.47304946
Bosnia and Herzegovina,Republika Srpska,Rogatica,2024,6301,0.233760864,20.1867118
Bosnia and Herzegovina,Republika Srpska,Rudo,2020,6302,0.221611738,18.6532767
Bosnia and Herzegovina,Republika Srpska,Rudo,2021,6302,0.208730191,17.0734825
Bosnia and Herzegovina,Republika Srpska,Rudo,2022,6302,0.214372963,17.75953116
Bosnia and Herzegovina,Republika Srpska,Rudo,2023,6302,0.195018381,15.44653749
Bosnia and Herzegovina,Republika Srpska,Rudo,2024,6302,0.214408934,17.76393474
Bosnia and Herzegovina,Republika Srpska,Sanski Most,2020,6303,0.275800228,25.79080314
Bosnia and Herzegovina,Republika Srpska,Sanski Most,2021,6303,0.279991925,26.37288324
Bosnia and Herzegovina,Republika Srpska,Sanski Most,2022,6303,0.235945165,20.46673029
Bosnia and Herzegovina,Republika Srpska,Sanski Most,2023,6303,0.263492048,24.10495613
Bosnia and Herzegovina,Republika Srpska,Sanski Most,2024,6303,0.251841426,22.54266054
Bosnia and Herzegovina,Republika Srpska,Sekovici,2020,6304,0.306835413,30.18967686
Bosnia and Herzegovina,Republika Srpska,Sekovici,2021,6304,0.291359097,27.97081144
Bosnia and Herzegovina,Republika Srpska,Sekovici,2022,6304,0.25768429,23.32198023
Bosnia and Herzegovina,Republika Srpska,Sekovici,2023,6304,0.285796463,27.18536209
Bosnia and Herzegovina,Republika Srpska,Sekovici,2024,6304,0.300339043,29.25241591
Bosnia and Herzegovina,Republika Srpska,Sipovo,2020,6305,0.163593903,11.94547797
Bosnia and Herzegovina,Republika Srpska,Sipovo,2021,6305,0.195176795,15.46500161
Bosnia and Herzegovina,Republika Srpska,Sipovo,2022,6305,0.172574475,12.91236763
Bosnia and Herzegovina,Republika Srpska,Sipovo,2023,6305,0.185697392,14.3741591
Bosnia and Herzegovina,Republika Srpska,Sipovo,2024,6305,0.198846146,15.89488436
Bosnia and Herzegovina,Republika Srpska,Sokolac,2020,6306,0.174765021,13.15238709
Bosnia and Herzegovina,Republika Srpska,Sokolac,2021,6306,0.155805722,11.12969734
Bosnia and Herzegovina,Republika Srpska,Sokolac,2022,6306,0.141909063,9.72819876
Bosnia and Herzegovina,Republika Srpska,Sokolac,2023,6306,0.137667298,9.314589072
Bosnia and Herzegovina,Republika Srpska,Sokolac,2024,6306,0.169092178,12.53416104
Bosnia and Herzegovina,Republika Srpska,Srbac,2020,6307,0.229700059,19.66959618
Bosnia and Herzegovina,Republika Srpska,Srbac,2021,6307,0.221156299,18.59659982
Bosnia and Herzegovina,Republika Srpska,Srbac,2022,6307,0.195655137,15.52080307
Bosnia and Herzegovina,Republika Srpska,Srbac,2023,6307,0.229778066,19.67948714
Bosnia and Herzegovina,Republika Srpska,Srbac,2024,6307,0.240181595,21.01348586
Bosnia and Herzegovina,Republika Srpska,Srebrenica,2020,6308,0.250693232,22.39052255
Bosnia and Herzegovina,Republika Srpska,Srebrenica,2021,6308,0.250532806,22.36929243
Bosnia and Herzegovina,Republika Srpska,Srebrenica,2022,6308,0.230097502,19.72000756
Bosnia and Herzegovina,Republika Srpska,Srebrenica,2023,6308,0.254457444,22.89053022
Bosnia and Herzegovina,Republika Srpska,Srebrenica,2024,6308,0.272521466,25.33827143
Bosnia and Herzegovina,Republika Srpska,Stari Grad,2020,6309,0.184158593,14.19980892
Bosnia and Herzegovina,Republika Srpska,Stari Grad,2021,6309,0.156213999,11.17192937
Bosnia and Herzegovina,Republika Srpska,Stari Grad,2022,6309,0.136902332,9.240716986
Bosnia and Herzegovina,Republika Srpska,Stari Grad,2023,6309,0.121160828,7.770320149
Bosnia and Herzegovina,Republika Srpska,Stari Grad,2024,6309,0.135100454,9.06758505
Bosnia and Herzegovina,Republika Srpska,Stolac,2020,6310,0.266220808,24.47564556
Bosnia and Herzegovina,Republika Srpska,Stolac,2021,6310,0.274025261,25.54551873
Bosnia and Herzegovina,Republika Srpska,Stolac,2022,6310,0.286905706,27.34146075
Bosnia and Herzegovina,Republika Srpska,Stolac,2023,6310,0.318135619,31.83925575
Bosnia and Herzegovina,Republika Srpska,Stolac,2024,6310,0.31046777963638306,30.71730706
Bosnia and Herzegovina,Republika Srpska,Tesanj,2020,6311,0.238228738,20.7608524
Bosnia and Herzegovina,Republika Srpska,Tesanj,2021,6311,0.242292792,21.28774166
Bosnia and Herzegovina,Republika Srpska,Tesanj,2022,6311,0.242669687,21.33682605
Bosnia and Herzegovina,Republika Srpska,Tesanj,2023,6311,0.244492695,21.57476869
Bosnia and Herzegovina,Republika Srpska,Tesanj,2024,6311,0.2474445402622223,21.96188432
Bosnia and Herzegovina,Republika Srpska,Teslic,2020,6312,0.203247651,16.41604924
Bosnia and Herzegovina,Republika Srpska,Teslic,2021,6312,0.170773655,12.71626766
Bosnia and Herzegovina,Republika Srpska,Teslic,2022,6312,0.160255671,11.59319294
Bosnia and Herzegovina,Republika Srpska,Teslic,2023,6312,0.171239719,12.76691384
Bosnia and Herzegovina,Republika Srpska,Teslic,2024,6312,0.174132049,13.08286565
Bosnia and Herzegovina,Republika Srpska,Titov Drvar,2020,6313,0.240759477,21.08843867
Bosnia and Herzegovina,Republika Srpska,Titov Drvar,2021,6313,0.185492367,14.35088472
Bosnia and Herzegovina,Republika Srpska,Titov Drvar,2022,6313,0.216306016,17.99671044
Bosnia and Herzegovina,Republika Srpska,Titov Drvar,2023,6313,0.233001053,20.08961137
Bosnia and Herzegovina,Republika Srpska,Titov Drvar,2024,6313,0.2170131504535675,18.08374592
Bosnia and Herzegovina,Republika Srpska,Travnik,2020,6314,0.188091442,14.64693823
Bosnia and Herzegovina,Republika Srpska,Travnik,2021,6314,0.165811807,12.18168423
Bosnia and Herzegovina,Republika Srpska,Travnik,2022,6314,0.18003574013710022,13.73649629
Bosnia and Herzegovina,Republika Srpska,Travnik,2023,6314,0.187058151,14.52897737
Bosnia and Herzegovina,Republika Srpska,Travnik,2024,6314,0.210732087,17.31579159
Bosnia and Herzegovina,Republika Srpska,Trebinje,2020,6315,0.222274885,18.73590751
Bosnia and Herzegovina,Republika Srpska,Trebinje,2021,6315,0.23245128989219666,20.01945234
Bosnia and Herzegovina,Republika Srpska,Trebinje,2022,6315,0.234303594,20.25616665
Bosnia and Herzegovina,Republika Srpska,Trebinje,2023,6315,0.247315079,21.94485904
Bosnia and Herzegovina,Republika Srpska,Trebinje,2024,6315,0.237274647,20.63779585
Bosnia and Herzegovina,Republika Srpska,Trnovo,2020,6316,0.228180647,19.47727915
Bosnia and Herzegovina,Republika Srpska,Trnovo,2021,6316,0.255253881,22.99677846
Bosnia and Herzegovina,Republika Srpska,Trnovo,2022,6316,0.258474648,23.42804875
Bosnia and Herzegovina,Republika Srpska,Trnovo,2023,6316,0.256835818,23.20828391
Bosnia and Herzegovina,Republika Srpska,Trnovo,2024,6316,0.254935354,22.95426653
Bosnia and Herzegovina,Republika Srpska,Tuzla,2020,6317,0.32469063997268677,32.80682908
Bosnia and Herzegovina,Republika Srpska,Tuzla,2021,6317,0.297683001,28.87163289
Bosnia and Herzegovina,Republika Srpska,Tuzla,2022,6317,0.29527685046195984,28.52791187
Bosnia and Herzegovina,Republika Srpska,Tuzla,2023,6317,0.332252204,33.93223156
Bosnia and Herzegovina,Republika Srpska,Tuzla,2024,6317,0.328544945,33.37926076
Bosnia and Herzegovina,Republika Srpska,Ugljevik,2020,6318,0.240687042,21.07903886
Bosnia and Herzegovina,Republika Srpska,Ugljevik,2021,6318,0.22565791010856628,19.1593896
Bosnia and Herzegovina,Republika Srpska,Ugljevik,2022,6318,0.213473379611969,17.64952867
Bosnia and Herzegovina,Republika Srpska,Ugljevik,2023,6318,0.267820567,24.69378808
Bosnia and Herzegovina,Republika Srpska,Ugljevik,2024,6318,0.286406994,27.27124648
Bosnia and Herzegovina,Republika Srpska,Visegrad,2020,6319,0.201656714,16.22698471
Bosnia and Herzegovina,Republika Srpska,Visegrad,2021,6319,0.188891649,14.7385264
Bosnia and Herzegovina,Republika Srpska,Visegrad,2022,6319,0.200943604,16.14249198
Bosnia and Herzegovina,Republika Srpska,Visegrad,2023,6319,0.202340633,16.3081655
Bosnia and Herzegovina,Republika Srpska,Visegrad,2024,6319,0.199763983,16.00306884
Bosnia and Herzegovina,Republika Srpska,Vlasenica,2020,6320,0.192457139,15.14910783
Bosnia and Herzegovina,Republika Srpska,Vlasenica,2021,6320,0.146187469,10.15216237
Bosnia and Herzegovina,Republika Srpska,Vlasenica,2022,6320,0.152601019,10.80027642
Bosnia and Herzegovina,Republika Srpska,Vlasenica,2023,6320,0.159528404,11.51696347
Bosnia and Herzegovina,Republika Srpska,Vlasenica,2024,6320,0.160976663,11.66894871
Bosnia and Herzegovina,Republika Srpska,Zvornik,2020,6321,0.23632138967514038,20.51509111
Bosnia and Herzegovina,Republika Srpska,Zvornik,2021,6321,0.200623453,16.1046098
Bosnia and Herzegovina,Republika Srpska,Zvornik,2022,6321,0.202693284,16.35008102
Bosnia and Herzegovina,Republika Srpska,Zvornik,2023,6321,0.248668283,22.12303004
Bosnia and Herzegovina,Republika Srpska,Zvornik,2024,6321,0.205988705,16.74360322
Egypt,Alexandria,Al Amreia,2020,61538,0.010100029408931732,0.417231523
Egypt,Alexandria,Al Amreia,2021,61538,0.011629005894064903,0.478743175
Egypt,Alexandria,Al Amreia,2022,61538,0.009602244012057781,0.397464938
Egypt,Alexandria,Al Amreia,2023,61538,0.01036444678902626,0.427783195
Egypt,Alexandria,Al Amreia,2024,61538,0.011690374463796616,0.48123711
Egypt,Alexandria,Al Attarin,2020,61539,0.06378008425235748,3.269794057
Egypt,Alexandria,Al Attarin,2021,61539,0.064646527,3.327082969
Egypt,Alexandria,Al Attarin,2022,61539,0.06284224987030029,3.208171276
Egypt,Alexandria,Al Attarin,2023,61539,0.065755822,3.400928616
Egypt,Alexandria,Al Attarin,2024,61539,0.066724934,3.465900263
Egypt,Alexandria,Al Dikhila,2020,61540,0.018313169,0.761691859
Egypt,Alexandria,Al Dikhila,2021,61540,0.020940671,0.879126732
Egypt,Alexandria,Al Dikhila,2022,61540,0.018357478082180023,0.7636433243751526
Egypt,Alexandria,Al Dikhila,2023,61540,0.020135313272476196,0.842761487
Egypt,Alexandria,Al Dikhila,2024,61540,0.021562980487942696,0.90745021
Egypt,Alexandria,Al Gumruk,2020,61541,0.06956209987401962,3.658556531
Egypt,Alexandria,Al Gumruk,2021,61541,0.070187584,3.701518432
Egypt,Alexandria,Al Gumruk,2022,61541,0.059564072638750076,2.995939983
Egypt,Alexandria,Al Gumruk,2023,61541,0.073362254,3.922281503
Egypt,Alexandria,Al Gumruk,2024,61541,0.083435357,4.652373891
Egypt,Alexandria,Al Manshiyya,2020,61542,0.059495117515325546,2.991528894
Egypt,Alexandria,Al Manshiyya,2021,61542,0.068092659,3.558320625
Egypt,Alexandria,Al Manshiyya,2022,61542,0.054717134684324265,2.691242398
Egypt,Alexandria,Al Manshiyya,2023,61542,0.06191102787852287,3.147381404
Egypt,Alexandria,Al Manshiyya,2024,61542,0.063065678,3.222815674
Egypt,Alexandria,Al Raml,2020,61543,0.047601279,2.26380824
Egypt,Alexandria,Al Raml,2021,61543,0.04747718572616577,2.256566186
Egypt,Alexandria,Al Raml,2022,61543,0.0471322126686573,2.236472016
Egypt,Alexandria,Al Raml,2023,61543,0.048935771,2.342150204
Egypt,Alexandria,Al Raml,2024,61543,0.05050172284245491,2.435153905
Egypt,Alexandria,Bab Sharqi,2020,61544,0.04899837449193001,2.345846072
Egypt,Alexandria,Bab Sharqi,2021,61544,0.048464495688676834,2.314387448
Egypt,Alexandria,Bab Sharqi,2022,61544,0.04848942533135414,2.315853416
Egypt,Alexandria,Bab Sharqi,2023,61544,0.04985658451914787,2.396698189
Egypt,Alexandria,Bab Sharqi,2024,61544,0.05103161558508873,2.466886718
Egypt,Alexandria,Burg al-Arab,2020,61545,0.00690231891348958,0.292482599
Egypt,Alexandria,Burg al-Arab,2021,61545,0.004365705884993076,0.197293685
Egypt,Alexandria,Burg al-Arab,2022,61545,0.001596704008989036,0.097213802
Egypt,Alexandria,Burg al-Arab,2023,61545,0.005054443143308163,0.222808263
Egypt,Alexandria,Burg al-Arab,2024,61545,0.003238388104364276,0.156065426
Egypt,Alexandria,Burg Al-Arab City,2020,61546,0.006190824788063765,0.26544566
Egypt,Alexandria,Burg Al-Arab City,2021,61546,0.004239189904183149,0.192633716
Egypt,Alexandria,Burg Al-Arab City,2022,61546,0.0030209750402718782,0.148190555
Egypt,Alexandria,Burg Al-Arab City,2023,61546,0.0063118780963122845,0.270027149
Egypt,Alexandria,Burg Al-Arab City,2024,61546,0.009290779940783978,0.385161964
Egypt,Alexandria,Karmuz,2020,61547,0.081091732,4.478524275
Egypt,Alexandria,Karmuz,2021,61547,0.08090000599622726,4.464408368
Egypt,Alexandria,Karmuz,2022,61547,0.084936373,4.764976432
Egypt,Alexandria,Karmuz,2023,61547,0.08053383976221085,4.437493964
Egypt,Alexandria,Karmuz,2024,61547,0.080754951,4.453739299
Egypt,Alexandria,Kesm than Al Raml,2020,61548,0.03199346736073494,1.410945328
Egypt,Alexandria,Kesm than Al Raml,2021,61548,0.030310451984405518,1.326054986
Egypt,Alexandria,Kesm than Al Raml,2022,61548,0.02796153351664543,1.209913097
Egypt,Alexandria,Kesm than Al Raml,2023,61548,0.029573502019047737,1.289323055
Egypt,Alexandria,Kesm than Al Raml,2024,61548,0.029573502019047737,1.289323055
Egypt,Alexandria,Mina Al-Basal,2020,61549,0.05334131792187691,2.606745323
Egypt,Alexandria,Mina Al-Basal,2021,61549,0.05722111463546753,2.847291393
Egypt,Alexandria,Mina Al-Basal,2022,61549,0.05722111463546753,2.847291393
Egypt,Alexandria,Mina Al-Basal,2023,61549,0.04526360705494881,2.128611752
Egypt,Alexandria,Mina Al-Basal,2024,61549,0.05082852020859718,2.454708653
Egypt,Alexandria,Muharam Bik,2020,61550,0.047644373029470444,2.266324917
Egypt,Alexandria,Muharam Bik,2021,61550,0.05162416771054268,2.502528417
Egypt,Alexandria,Muharam Bik,2022,61550,0.05176811292767525,2.511211568
Egypt,Alexandria,Muharam Bik,2023,61550,0.051114019,2.471833354
Egypt,Alexandria,Muharam Bik,2024,61550,0.04785142466425896,2.278428906
Egypt,Alexandria,Muntazah,2020,61551,0.018144598230719566,0.75427672
Egypt,Alexandria,Muntazah,2021,61551,0.01698245108127594,0.703547795
Egypt,Alexandria,Muntazah,2022,61551,0.017057307064533234,0.706794698
Egypt,Alexandria,Muntazah,2023,61551,0.018041245639324188,0.749737545
Egypt,Alexandria,Muntazah,2024,61551,0.01658826507627964,0.686496778
Egypt,Alexandria,Port Alexandria Police Department,2020,61553,0.042804308,1.989194396
Egypt,Alexandria,Port Alexandria Police Department,2021,61553,0.04446149617433548,2.08282244
Egypt,Alexandria,Port Alexandria Police Department,2022,61553,0.04243976250290871,1.968774789
Egypt,Alexandria,Port Alexandria Police Department,2023,61553,0.05001028627157211,2.405842305
Egypt,Alexandria,Port Alexandria Police Department,2024,61553,0.04984019696712494,2.395723909
Egypt,Alexandria,Sidi Gabir,2020,61554,0.03923428803682327,1.791975977
Egypt,Alexandria,Sidi Gabir,2021,61554,0.040713631,1.872954441
Egypt,Alexandria,Sidi Gabir,2022,61554,0.04195791482925415,1.941882531
Egypt,Alexandria,Sidi Gabir,2023,61554,0.042873088,1.993054178
Egypt,Alexandria,Sidi Gabir,2024,61554,0.046187021,2.181705666
Egypt,Alexandria,Zemam Out,2020,61555,0.401691556,44.64985825
Egypt,Alexandria,Zemam Out,2021,61555,0.389769614,42.76873599
Egypt,Alexandria,Zemam Out,2022,61555,0.377515197,40.8504556
Egypt,Alexandria,Zemam Out,2023,61555,0.384770453,41.9841937
Egypt,Alexandria,Zemam Out,2024,61555,0.376001447,40.61466975
Egypt,Assiut,Abnub,2020,61556,0.042458195239305496,1.969805747
Egypt,Assiut,Abnub,2021,61556,0.06069293990731239,3.06846578
Egypt,Assiut,Abnub,2022,61556,0.05631505697965622,2.7904888
Egypt,Assiut,Abnub,2023,61556,0.096254192,5.645226375
Egypt,Assiut,Abnub,2024,61556,0.146293491,10.16275422
Egypt,Assiut,Abu Tig,2020,61557,0.03904105722904205,1.781476668
Egypt,Assiut,Abu Tig,2021,61557,0.03666822612285614,1.654022318
Egypt,Assiut,Abu Tig,2022,61557,0.038353387266397476,1.744258259
Egypt,Assiut,Abu Tig,2023,61557,0.03983345627784729,1.824646865
Egypt,Assiut,Abu Tig,2024,61557,0.0493793860077858,2.368379468
Egypt,Assiut,Al- Badari,2020,61558,0.193797022,15.30444617
Egypt,Assiut,Al- Badari,2021,61558,0.193905041,15.31699394
Egypt,Assiut,Al- Badari,2022,61558,0.187020749,14.52471401
Egypt,Assiut,Al- Badari,2023,61558,0.193563312,15.27731029
Egypt,Assiut,Al- Badari,2024,61558,0.196418822,15.61004015
Egypt,Assiut,Al-Ghanayem,2020,61559,0.11165804415941238,6.929731161
Egypt,Assiut,Al-Ghanayem,2021,61559,0.08938920497894287,5.10475391
Egypt,Assiut,Al-Ghanayem,2022,61559,0.10903536528348923,6.704134674
Egypt,Assiut,Al-Ghanayem,2023,61559,0.142569184,9.793170513
Egypt,Assiut,Al-Ghanayem,2024,61559,0.164318532,12.02246276
Egypt,Assiut,Al-Qusia,2022,61560,0.04130701720714569,1.90573263
Egypt,Assiut,Al-Qusia,2024,61560,0.059270881,2.977199568
Egypt,Assiut,Al-Qusia,2020,61560,0.052898031,2.579709038
Egypt,Assiut,Al-Qusia,2021,61560,0.05155611410737038,2.498426636
Egypt,Assiut,Al-Qusia,2023,61560,0.045675348,2.152235639
Egypt,Assiut,Alfath,2020,61561,0.046597201,2.205420202
Egypt,Assiut,Alfath,2021,61561,0.046009671,2.171476993
Egypt,Assiut,Alfath,2022,61561,0.04362804442644119,2.035569649
Egypt,Assiut,Alfath,2023,61561,0.04506892338395119,2.117469818
Egypt,Assiut,Alfath,2024,61561,0.04820330813527107,2.299046207
Egypt,Assiut,Assuit,2020,61562,0.035930223762989044,1.614938685
Egypt,Assiut,Assuit,2021,61562,0.04328005760908127,2.015938795
Egypt,Assiut,Assuit,2022,61562,0.03299698978662491,1.462225026
Egypt,Assiut,Assuit,2023,61562,0.041468188,1.91466485
Egypt,Assiut,Assuit,2024,61562,0.043678351,2.038412357
Egypt,Assiut,Assuit City,2020,61563,0.079770073,4.381543989
Egypt,Assiut,Assuit City,2021,61563,0.075231269,4.054357131
Egypt,Assiut,Assuit City,2022,61563,0.080216087,4.414185795
Egypt,Assiut,Assuit City,2023,61563,0.08096757531166077,4.469381355
Egypt,Assiut,Assuit City,2024,61563,0.075958587,4.106173691
Egypt,Assiut,Dayrut,2020,61564,0.0478786900639534,2.280024323
Egypt,Assiut,Dayrut,2021,61564,0.04865725338459015,2.325730072
Egypt,Assiut,Dayrut,2022,61564,0.037898220121860504,1.719749446
Egypt,Assiut,Dayrut,2023,61564,0.04694519191980362,2.225601955
Egypt,Assiut,Dayrut,2024,61564,0.0490647628903389,2.349767411
Egypt,Assiut,Kesm Awal Assuit,2020,61565,0.03945782780647278,1.804144662
Egypt,Assiut,Kesm Awal Assuit,2021,61565,0.039722338,1.818574831
Egypt,Assiut,Kesm Awal Assuit,2022,61565,0.039709982,1.817899963
Egypt,Assiut,Kesm Awal Assuit,2023,61565,0.04064071550965309,1.86893837
Egypt,Assiut,Kesm Awal Assuit,2024,61565,0.04064071550965309,1.86893837
Egypt,Assiut,Kesm Than Assuit,2020,61566,0.028820818290114403,1.252083803
Egypt,Assiut,Kesm Than Assuit,2021,61566,0.02832649275660515,1.227779355
Egypt,Assiut,Kesm Than Assuit,2022,61566,0.028505107387900352,1.236547323
Egypt,Assiut,Kesm Than Assuit,2023,61566,0.034632601,1.54686178
Egypt,Assiut,Kesm Than Assuit,2024,61566,0.028882184997200966,1.255109451
Egypt,Assiut,Manfalut,2020,61567,0.0446799099445343,2.09526038
Egypt,Assiut,Manfalut,2021,61567,0.04969782009720802,2.387264587
Egypt,Assiut,Manfalut,2022,61567,0.039427891,1.802513632
Egypt,Assiut,Manfalut,2023,61567,0.095749281,5.604794135
Egypt,Assiut,Manfalut,2024,61567,0.146217614,10.15517352
Egypt,Assiut,Sahil Silim,2020,61568,0.061794579,3.139807632
Egypt,Assiut,Sahil Silim,2021,61568,0.066024289,3.418884569
Egypt,Assiut,Sahil Silim,2022,61568,0.099697098,5.923785114
Egypt,Assiut,Sahil Silim,2023,61568,0.106667042,6.502826355
Egypt,Assiut,Sahil Silim,2024,61568,0.12157836556434631,7.808078332
Egypt,Assiut,Sidfa,2020,61569,0.045700438,2.153677793
Egypt,Assiut,Sidfa,2021,61569,0.04125983640551567,1.903120198
Egypt,Assiut,Sidfa,2022,61569,0.03956514224410057,1.809995044
Egypt,Assiut,Sidfa,2023,61569,0.08807777613401413,5.003796078
Egypt,Assiut,Sidfa,2024,61569,0.07987489551305771,4.38920761
Egypt,Assiut,Zemam Out,2020,61570,0.33557572960853577,34.42990101
Egypt,Assiut,Zemam Out,2021,61570,0.339472502,35.01568502
Egypt,Assiut,Zemam Out,2022,61570,0.3206561803817749,32.21040764
Egypt,Assiut,Zemam Out,2023,61570,0.333834946,34.16900794
Egypt,Assiut,Zemam Out,2024,61570,0.336901784,34.62896784
Egypt,Aswan,Adfu,2020,61572,0.0700034648180008,3.688853782
Egypt,Aswan,Adfu,2021,61572,0.070743643,3.739859638
Egypt,Aswan,Adfu,2022,61572,0.065280333,3.369206782
Egypt,Aswan,Adfu,2023,61572,0.06935594975948334,3.644435536
Egypt,Aswan,Adfu,2024,61572,0.069050007,3.623514167
Egypt,Aswan,Aswan,2020,61573,0.033710695803165436,1.498995652
Egypt,Aswan,Aswan,2021,61573,0.036404859,1.640044344
Egypt,Aswan,Aswan,2022,61573,0.027892785146832466,1.206554969
Egypt,Aswan,Aswan,2023,61573,0.036868699,1.664684849
Egypt,Aswan,Aswan,2024,61573,0.03691340982913971,1.66706555
Egypt,Aswan,Daraw,2020,61575,0.119678169,7.63679894
Egypt,Aswan,Daraw,2021,61575,0.10475903004407883,6.342317846
Egypt,Aswan,Daraw,2022,61575,0.114026889,7.13588766
Egypt,Aswan,Daraw,2023,61575,0.119468458,7.617983532
Egypt,Aswan,Daraw,2024,61575,0.11949707567691803,7.620550096
Egypt,Aswan,Kum Umbu,2020,61576,0.070767187,3.741486091
Egypt,Aswan,Kum Umbu,2021,61576,0.09304120391607285,5.389776763
Egypt,Aswan,Kum Umbu,2022,61576,0.07520231604576111,4.052299289
Egypt,Aswan,Kum Umbu,2023,61576,0.093616933,5.435228588
Egypt,Aswan,Kum Umbu,2024,61576,0.079546623,4.365223506
Egypt,Aswan,Nasr,2020,61577,0.088063419,5.002694904
Egypt,Aswan,Nasr,2021,61577,0.089011818,5.075625788
Egypt,Aswan,Nasr,2022,61577,0.078393117,4.281322583
Egypt,Aswan,Nasr,2023,61577,0.0901535302400589,5.163934519
Egypt,Aswan,Nasr,2024,61577,0.08851132541894913,5.037090242
Egypt,Aswan,Zemam Out,2020,61579,0.310144484,30.67024383
Egypt,Aswan,Zemam Out,2021,61579,0.311252177,30.83157653
Egypt,Aswan,Zemam Out,2022,61579,0.287507802,27.42630178
Egypt,Aswan,Zemam Out,2023,61579,0.308829904,30.47908036
Egypt,Aswan,Zemam Out,2024,61579,0.310899884,30.78024075
Egypt,Behera,Abu-l-Matamir,2020,61580,0.123631462,7.994739036
Egypt,Behera,Abu-l-Matamir,2021,61580,0.112215653,6.978054983
Egypt,Behera,Abu-l-Matamir,2022,61580,0.1183052659034729,7.513938209
Egypt,Behera,Abu-l-Matamir,2023,61580,0.106168278,6.460724096
Egypt,Behera,Abu-l-Matamir,2024,61580,0.10383312404155731,6.264967984
Egypt,Behera,Abu Hummus,2020,61581,0.208387256,17.0320939
Egypt,Behera,Abu Hummus,2021,61581,0.219796181,18.42769423
Egypt,Behera,Abu Hummus,2022,61581,0.217781767,18.17851354
Egypt,Behera,Abu Hummus,2023,61581,0.225636452,19.15669338
Egypt,Behera,Abu Hummus,2024,61581,0.22488608956336975,19.06248937
Egypt,Behera,Al-Dilingat,2020,61582,0.180144489,13.74864526
Egypt,Behera,Al-Dilingat,2021,61582,0.1862577497959137,14.43784036
Egypt,Behera,Al-Dilingat,2022,61582,0.189841211,14.84747571
Egypt,Behera,Al-Dilingat,2023,61582,0.187769517,14.61015028
Egypt,Behera,Al-Dilingat,2024,61582,0.175416201,13.22404916
Egypt,Behera,Al-Mahmudiyya,2020,61583,0.093710288,5.44261197
Egypt,Behera,Al-Mahmudiyya,2021,61583,0.076682061,4.157949161
Egypt,Behera,Al-Mahmudiyya,2022,61583,0.113537937,7.093149659
Egypt,Behera,Al-Mahmudiyya,2023,61583,0.139148906,9.458293023
Egypt,Behera,Al-Mahmudiyya,2024,61583,0.151221409,10.65960011
Egypt,Behera,Al-Rahmaniyya,2020,61584,0.04160541668534279,1.922280011
Egypt,Behera,Al-Rahmaniyya,2021,61584,0.0382348895072937,1.737867993
Egypt,Behera,Al-Rahmaniyya,2022,61584,0.03769492357969284,1.708835241
Egypt,Behera,Al-Rahmaniyya,2023,61584,0.05607854202389717,2.775723982
Egypt,Behera,Al-Rahmaniyya,2024,61584,0.04991487041115761,2.400164456
Egypt,Behera,Damanhur,2020,61586,0.053877439,2.639566506
Egypt,Behera,Damanhur,2021,61586,0.052481673657894135,2.554399095
Egypt,Behera,Damanhur,2022,61586,0.054975871,2.707231693
Egypt,Behera,Damanhur,2023,61586,0.052936483174562454,2.582050624
Egypt,Behera,Damanhur,2024,61586,0.050447385758161545,2.431907386
Egypt,Behera,Hush Isa,2020,61587,0.165531918,12.15178205
Egypt,Behera,Hush Isa,2021,61587,0.172562942,12.91110819
Egypt,Behera,Hush Isa,2022,61587,0.178606451,13.57718573
Egypt,Behera,Hush Isa,2023,61587,0.174219951,13.09251215
Egypt,Behera,Hush Isa,2024,61587,0.177843198,13.49239039
Egypt,Behera,Idku,2020,61588,0.039679113775491714,1.816214439
Egypt,Behera,Idku,2021,61588,0.048412613570690155,2.311337503
Egypt,Behera,Idku,2022,61588,0.04016013443470001,1.842532693
Egypt,Behera,Idku,2023,61588,0.036376148,1.638522581
Egypt,Behera,Idku,2024,61588,0.030932864174246788,1.357286618
Egypt,Behera,Itay Al-Barud,2020,61589,0.111183196,6.888678863
Egypt,Behera,Itay Al-Barud,2021,61589,0.088168368,5.010746324
Egypt,Behera,Itay Al-Barud,2022,61589,0.125371754,8.154254447
Egypt,Behera,Itay Al-Barud,2023,61589,0.18920063972473145,14.77394713
Egypt,Behera,Itay Al-Barud,2024,61589,0.19863227009773254,15.8697125
Egypt,Behera,Kafr Al-Dawwar,2020,61590,0.038832542,1.770167104
Egypt,Behera,Kafr Al-Dawwar,2021,61590,0.04250575602054596,1.972466613
Egypt,Behera,Kafr Al-Dawwar,2022,61590,0.051830389,2.514971217
Egypt,Behera,Kafr Al-Dawwar,2023,61590,0.041076031,1.892952965
Egypt,Behera,Kafr Al-Dawwar,2024,61590,0.040676411,1.870904125
Egypt,Behera,Kum Hamada,2020,61591,0.1022333949804306,6.132162732
Egypt,Behera,Kum Hamada,2021,61591,0.094162099,5.478397311
Egypt,Behera,Kum Hamada,2022,61591,0.10545502603054047,6.400693895
Egypt,Behera,Kum Hamada,2023,61591,0.13092643022537231,8.671270541
Egypt,Behera,Kum Hamada,2024,61591,0.155189216,11.06603898
Egypt,Behera,Nubariyya West,2020,61592,0.297657847,28.86803363
Egypt,Behera,Nubariyya West,2021,61592,0.287022144,27.35786185
Egypt,Behera,Nubariyya West,2022,61592,0.26693665981292725,24.57318406
Egypt,Behera,Nubariyya West,2023,61592,0.295357108,28.53935765
Egypt,Behera,Nubariyya West,2024,61592,0.302300572,29.53453792
Egypt,Behera,Rashid,2020,61593,0.02458905428647995,1.047947009
Egypt,Behera,Rashid,2021,61593,0.024118715897202492,1.025808919
Egypt,Behera,Rashid,2022,61593,0.018359694629907608,0.763740947
Egypt,Behera,Rashid,2023,61593,0.017398102208971977,0.721612739
Egypt,Behera,Rashid,2024,61593,0.01691463775932789,0.700608824
Egypt,Behera,Shubra KhÃÂ®t,2020,61594,0.158087701,11.36650556
Egypt,Behera,Shubra KhÃÂ®t,2021,61594,0.155175447,11.06461883
Egypt,Behera,Shubra KhÃÂ®t,2022,61594,0.168219835,12.44006608
Egypt,Behera,Shubra KhÃÂ®t,2023,61594,0.176424116,13.33525017
Egypt,Behera,Shubra KhÃÂ®t,2024,61594,0.17911680042743683,13.63399228
Egypt,Behera,Wadi Al-NatrUn,2020,61595,0.061252057552337646,3.104604388
Egypt,Behera,Wadi Al-NatrUn,2021,61595,0.062237389,3.168640935
Egypt,Behera,Wadi Al-NatrUn,2022,61595,0.063054241,3.222065514
Egypt,Behera,Wadi Al-NatrUn,2023,61595,0.06184631213545799,3.143171558
Egypt,Behera,Wadi Al-NatrUn,2024,61595,0.05967540293931961,3.003066459
Egypt,Behera,Zemam Out,2020,61596,0.200617194,16.10386958
Egypt,Behera,Zemam Out,2021,61596,0.177106917,13.41077532
Egypt,Behera,Zemam Out,2022,61596,0.146365359,10.1699364
Egypt,Behera,Zemam Out,2023,61596,0.171389997,12.78326003
Egypt,Behera,Zemam Out,2024,61596,0.167065322,12.31593719
Egypt,Beni Suef,Ahnasya,2020,61597,0.097990237,5.785064511
Egypt,Beni Suef,Ahnasya,2021,61597,0.094986223,5.54389421
Egypt,Beni Suef,Ahnasya,2022,61597,0.098673306,5.840432702
Egypt,Beni Suef,Ahnasya,2023,61597,0.09930074959993362,5.89146422
Egypt,Beni Suef,Ahnasya,2024,61597,0.106885649,6.52131188
Egypt,Beni Suef,Al Fashn,2020,61598,0.0855845957994461,4.813906952
Egypt,Beni Suef,Al Fashn,2021,61598,0.085552573,4.811485479
Egypt,Beni Suef,Al Fashn,2022,61598,0.087130398,4.93132439
Egypt,Beni Suef,Al Fashn,2023,61598,0.099641941,5.919283341
Egypt,Beni Suef,Al Fashn,2024,61598,0.138910726,9.435135844
Egypt,Beni Suef,Al Wasta,2020,61599,0.036707088,1.656087754
Egypt,Beni Suef,Al Wasta,2021,61599,0.04164661467075348,1.92456796
Egypt,Beni Suef,Al Wasta,2022,61599,0.03411686792969704,1.520033258
Egypt,Beni Suef,Al Wasta,2023,61599,0.03493708744645119,1.562762231
Egypt,Beni Suef,Al Wasta,2024,61599,0.04004042595624924,1.835972603
Egypt,Beni Suef,Bani Swayf,2020,61600,0.0287245512008667,1.247341166
Egypt,Beni Suef,Bani Swayf,2021,61600,0.02745690755546093,1.185318343
Egypt,Beni Suef,Bani Swayf,2022,61600,0.025428608059883118,1.087737974
Egypt,Beni Suef,Bani Swayf,2023,61600,0.02787194401025772,1.205537412
Egypt,Beni Suef,Bani Swayf,2024,61600,0.02906290628015995,1.264030624
Egypt,Beni Suef,Bani Swayf City,2020,61601,0.098791949,5.8500696
Egypt,Beni Suef,Bani Swayf City,2021,61601,0.111094788,6.881045714
Egypt,Beni Suef,Bani Swayf City,2022,61601,0.114772268,7.20122427
Egypt,Beni Suef,Bani Swayf City,2023,61601,0.125487491,8.164904899
Egypt,Beni Suef,Bani Swayf City,2024,61601,0.124314487,8.05720399
Egypt,Beni Suef,Biba,2020,61602,0.04603855311870575,2.173141755
Egypt,Beni Suef,Biba,2021,61602,0.04483472555875778,2.104090413
Egypt,Beni Suef,Biba,2022,61602,0.03969201445579529,1.81691882
Egypt,Beni Suef,Biba,2023,61602,0.040595896542072296,1.86647107
Egypt,Beni Suef,Biba,2024,61602,0.044083669781684875,2.061360301
Egypt,Beni Suef,Nasir,2020,61603,0.047038961,2.231049957
Egypt,Beni Suef,Nasir,2021,61603,0.055373501,2.731865143
Egypt,Beni Suef,Nasir,2022,61603,0.05100686475634575,2.465401563
Egypt,Beni Suef,Nasir,2023,61603,0.056858689,2.824524421
Egypt,Beni Suef,Nasir,2024,61603,0.081058986,4.476112246
Egypt,Beni Suef,Sumusta,2020,61604,0.05857853963971138,2.933103579
Egypt,Beni Suef,Sumusta,2021,61604,0.073026843,3.898744273
Egypt,Beni Suef,Sumusta,2022,61604,0.06634991616010666,3.44070758
Egypt,Beni Suef,Sumusta,2023,61604,0.09881618618965149,5.852038977
Egypt,Beni Suef,Sumusta,2024,61604,0.142632455,9.799406331
Egypt,Beni Suef,Zemam Out,2020,61605,0.351439595,36.8293393
Egypt,Beni Suef,Zemam Out,2021,61605,0.352973729,37.06338087
Egypt,Beni Suef,Zemam Out,2022,61605,0.349030584,36.46251892
Egypt,Beni Suef,Zemam Out,2023,61605,0.344459653,35.76886615
Egypt,Beni Suef,Zemam Out,2024,61605,0.365475804,38.98285617
Egypt,Cairo,15 Mayu,2020,61606,0.0382038950920105,1.736197669
Egypt,Cairo,15 Mayu,2021,61606,0.038619399,1.758628332
Egypt,Cairo,15 Mayu,2022,61606,0.03672139346599579,1.656848222
Egypt,Cairo,15 Mayu,2023,61606,0.02706860564649105,1.166479076
Egypt,Cairo,15 Mayu,2024,61606,0.0279172882437706,1.207751595
Egypt,Cairo,Abdin,2021,61607,0.090385526,5.181947161
Egypt,Cairo,Abdin,2022,61607,0.090416178,5.184328742
Egypt,Cairo,Abdin,2020,61607,0.0802953839302063,4.419998305
Egypt,Cairo,Abdin,2023,61607,0.082317963,4.569186669
Egypt,Cairo,Abdin,2024,61607,0.090290613,5.174575148
Egypt,Cairo,Ain Shams,2020,61608,0.063737027,3.266956088
Egypt,Cairo,Ain Shams,2021,61608,0.063737027,3.266956088
Egypt,Cairo,Ain Shams,2022,61608,0.063901067,3.277772798
Egypt,Cairo,Ain Shams,2023,61608,0.066282772,3.436203719
Egypt,Cairo,Ain Shams,2024,61608,0.073682167,3.944778019
Egypt,Cairo,Al Azbakiyya,2020,61609,0.07758959382772446,4.223224518
Egypt,Cairo,Al Azbakiyya,2021,61609,0.076602347,4.152233068
Egypt,Cairo,Al Azbakiyya,2022,61609,0.07390931993722916,3.960779322
Egypt,Cairo,Al Azbakiyya,2023,61609,0.076823443,4.168094279
Egypt,Cairo,Al Azbakiyya,2024,61609,0.084796138,4.754414908
Egypt,Cairo,Al Darb al-Ahmar,2021,61610,0.077919863,4.247069878
Egypt,Cairo,Al Darb al-Ahmar,2022,61610,0.089117363,5.083765981
Egypt,Cairo,Al Darb al-Ahmar,2023,61610,0.08930489420890808,5.098241188
Egypt,Cairo,Al Darb al-Ahmar,2024,61610,0.097932629,5.780403882
Egypt,Cairo,Al Darb al-Ahmar,2020,61610,0.077919863,4.247069878
Egypt,Cairo,Al Khalifa,2020,61611,0.03273698687553406,1.448891528
Egypt,Cairo,Al Khalifa,2021,61611,0.032913755625486374,1.457952996
Egypt,Cairo,Al Khalifa,2022,61611,0.035055511,1.56895858
Egypt,Cairo,Al Khalifa,2023,61611,0.02991906739771366,1.306513758
Egypt,Cairo,Al Khalifa,2024,61611,0.02794286608695984,1.209001024
Egypt,Cairo,Al Matariyya,2020,61612,0.063849889,3.274396815
Egypt,Cairo,Al Matariyya,2021,61612,0.05379653722047806,2.63460509
Egypt,Cairo,Al Matariyya,2022,61612,0.065031879,3.352672272
Egypt,Cairo,Al Matariyya,2023,61612,0.063706368,3.264935797
Egypt,Cairo,Al Matariyya,2024,61612,0.07209938019514084,3.83392183
Egypt,Cairo,Al Sahil,2020,61613,0.075039282,4.040718571
Egypt,Cairo,Al Sahil,2021,61613,0.0738174244761467,3.954303182
Egypt,Cairo,Al Sahil,2022,61613,0.065202281,3.364009418
Egypt,Cairo,Al Sahil,2023,61613,0.066777892,3.469463032
Egypt,Cairo,Al Sahil,2024,61613,0.0751645639538765,4.049616605
Egypt,Cairo,Al Salam,2020,61614,0.04299093037843704,1.999672486
Egypt,Cairo,Al Salam,2021,61614,0.040699589997529984,1.872180902
Egypt,Cairo,Al Salam,2022,61614,0.03625980764627457,1.632360261
Egypt,Cairo,Al Salam,2023,61614,0.04299093037843704,1.999672486
Egypt,Cairo,Al Salam,2024,61614,0.045024429,2.114925872
Egypt,Cairo,Al Sharabiyya,2020,61615,0.066808552,3.47152619
Egypt,Cairo,Al Sharabiyya,2021,61615,0.076888941,4.172797201
Egypt,Cairo,Al Sharabiyya,2022,61615,0.067915879,3.546327544
Egypt,Cairo,Al Sharabiyya,2023,61615,0.06776515394449234,3.536113225
Egypt,Cairo,Al Sharabiyya,2024,61615,0.0751645639538765,4.049616605
Egypt,Cairo,Al Tibbin,2020,61616,0.025798026472330093,1.105358036
Egypt,Cairo,Al Tibbin,2021,61616,0.026089206337928772,1.119294272
Egypt,Cairo,Al Tibbin,2022,61616,0.029731543734669685,1.297177777
Egypt,Cairo,Al Tibbin,2023,61616,0.03628057613968849,1.63345984
Egypt,Cairo,Al Tibbin,2024,61616,0.03721226006746292,1.683003227
Egypt,Cairo,Al Wayli,2020,61617,0.066808552,3.47152619
Egypt,Cairo,Al Wayli,2021,61617,0.063737027,3.266956088
Egypt,Cairo,Al Wayli,2022,61617,0.063555859,3.255024191
Egypt,Cairo,Al Wayli,2023,61617,0.066808552,3.47152619
Egypt,Cairo,Al Wayli,2024,61617,0.0751645639538765,4.049616605
Egypt,Cairo,Al Zahir,2020,61618,0.08306201547384262,4.624518989
Egypt,Cairo,Al Zahir,2021,61618,0.082344107,4.571126809
Egypt,Cairo,Al Zahir,2022,61618,0.08276049047708511,4.602066621
Egypt,Cairo,Al Zahir,2023,61618,0.080807447,4.457599462
Egypt,Cairo,Al Zahir,2024,61618,0.092311472,5.332369381
Egypt,Cairo,Al Zaytun,2020,61619,0.05495530366897583,2.705959538
Egypt,Cairo,Al Zaytun,2021,61619,0.050945404917001724,2.461714957
Egypt,Cairo,Al Zaytun,2022,61619,0.053597595542669296,2.622417781
Egypt,Cairo,Al Zaytun,2023,61619,0.052066851,2.529263317
Egypt,Cairo,Al Zaytun,2024,61619,0.063018613,3.219728918
Egypt,Cairo,Bab Al-Shariyya,2020,61620,0.088039167,5.000835052
Egypt,Cairo,Bab Al-Shariyya,2021,61620,0.089026429,5.07675235
Egypt,Cairo,Bab Al-Shariyya,2022,61620,0.088233858,5.015773004
Egypt,Cairo,Bab Al-Shariyya,2023,61620,0.100170039,5.962437714
Egypt,Cairo,Bab Al-Shariyya,2024,61620,0.10814272612333298,6.627990725
Egypt,Cairo,Badr,2020,61621,0.068271227,3.570449361
Egypt,Cairo,Badr,2021,61621,0.057562846690416336,2.868814224
Egypt,Cairo,Badr,2022,61621,0.05923345312476158,2.974810076
Egypt,Cairo,Badr,2023,61621,0.05863431468605995,2.936647748
Egypt,Cairo,Badr,2024,61621,0.04581238701939583,2.160116218
Egypt,Cairo,Basatin,2020,61622,0.036841881,1.663257331
Egypt,Cairo,Basatin,2021,61622,0.03525026515126228,1.579163745
Egypt,Cairo,Basatin,2022,61622,0.033056371,1.465274865
Egypt,Cairo,Basatin,2023,61622,0.03525026515126228,1.579163745
Egypt,Cairo,Basatin,2024,61622,0.038844574242830276,1.770819166
Egypt,Cairo,Bulaq,2020,61623,0.06507796049118042,3.35573687
Egypt,Cairo,Bulaq,2021,61623,0.064850219,3.340600688
Egypt,Cairo,Bulaq,2022,61623,0.06635450571775436,3.441015508
Egypt,Cairo,Bulaq,2023,61623,0.077205941,4.195585399
Egypt,Cairo,Bulaq,2024,61623,0.08877557516098022,5.057422794
Egypt,Cairo,Hadaiq Al-Qubba,2020,61625,0.056841012090444565,2.823415573
Egypt,Cairo,Hadaiq Al-Qubba,2021,61625,0.05766903981566429,2.875513463
Egypt,Cairo,Hadaiq Al-Qubba,2022,61625,0.06662102043628693,3.458913255
Egypt,Cairo,Hadaiq Al-Qubba,2023,61625,0.066777892,3.469463032
Egypt,Cairo,Hadaiq Al-Qubba,2024,61625,0.06351524591445923,3.252351436
Egypt,Cairo,Hilwan,2020,61626,0.03090512566268444,1.355890681
Egypt,Cairo,Hilwan,2021,61626,0.0277676060795784,1.200446408
Egypt,Cairo,Hilwan,2022,61626,0.021832585334777832,0.919781308
Egypt,Cairo,Hilwan,2023,61626,0.026829415932297707,1.15491156
Egypt,Cairo,Hilwan,2024,61626,0.02923876978456974,1.2727274894714355
Egypt,Cairo,Maadi,2020,61627,0.028040951117873192,1.213795298
Egypt,Cairo,Maadi,2021,61627,0.025187967345118523,1.076296772
Egypt,Cairo,Maadi,2022,61627,0.02350190095603466,0.996944014
Egypt,Cairo,Maadi,2023,61627,0.023504942655563354,0.997085889
Egypt,Cairo,Maadi,2024,61627,0.026362165808677673,1.132396778
Egypt,Cairo,Madinat Nasr-2,2020,61628,0.034692805260419846,1.550002096
Egypt,Cairo,Madinat Nasr-2,2021,61628,0.043286651,2.016310227
Egypt,Cairo,Madinat Nasr-2,2022,61628,0.04119409993290901,1.899482112
Egypt,Cairo,Madinat Nasr-2,2023,61628,0.034595329,1.544918551
Egypt,Cairo,Madinat Nasr-2,2024,61628,0.034688618034124374,1.549783629
Egypt,Cairo,Marg,2020,61629,0.033297099,1.477656468
Egypt,Cairo,Marg,2021,61629,0.035800617188215256,1.608102261
Egypt,Cairo,Marg,2022,61629,0.036017466336488724,1.61954512
Egypt,Cairo,Marg,2023,61629,0.0345100536942482,1.540475082
Egypt,Cairo,Marg,2024,61629,0.03955633565783501,1.809514733
Egypt,Cairo,Minshat Nasir,2023,61630,0.06585733592510223,3.40771437
Egypt,Cairo,Minshat Nasir,2024,61630,0.065375492,3.375546992
Egypt,Cairo,Minshat Nasir,2020,61630,0.066113383,3.424850714
Egypt,Cairo,Minshat Nasir,2021,61630,0.06678275018930435,3.4697899
Egypt,Cairo,Minshat Nasir,2022,61630,0.064690202,3.329979832
Egypt,Cairo,Misr al-Gadida,2020,61631,0.064612761,3.324843957
Egypt,Cairo,Misr al-Gadida,2021,61631,0.06432158499956131,3.305557758
Egypt,Cairo,Misr al-Gadida,2023,61631,0.065910727,3.411285183
Egypt,Cairo,Misr al-Gadida,2024,61631,0.06588007509708405,3.409235021
Egypt,Cairo,Misr al-Gadida,2022,61631,0.06446664035320282,3.31516074
Egypt,Cairo,Misr Al-Qadima,2020,61632,0.045213439,2.125738832
Egypt,Cairo,Misr Al-Qadima,2021,61632,0.04492226243019104,2.109088212
Egypt,Cairo,Misr Al-Qadima,2022,61632,0.04575585573911667,2.156864229
Egypt,Cairo,Misr Al-Qadima,2023,61632,0.04690525308251381,2.223282774
Egypt,Cairo,Misr Al-Qadima,2024,61632,0.05881495028734207,2.948135928
Egypt,Cairo,Muski,2020,61633,0.085906848,4.838299644
Egypt,Cairo,Muski,2021,61633,0.087495983,4.959244743
Egypt,Cairo,Muski,2022,61633,0.08670341968536377,4.898788378
Egypt,Cairo,Muski,2023,61633,0.084919587,4.763711765
Egypt,Cairo,Muski,2024,61633,0.092892259,5.378041029
Egypt,Cairo,Nasr City,2020,61634,0.05185176432132721,2.516262111
Egypt,Cairo,Nasr City,2021,61634,0.05185176432132721,2.516262111
Egypt,Cairo,Nasr City,2022,61634,0.05235840380191803,2.546921237
Egypt,Cairo,Nasr City,2023,61634,0.05483162775635719,2.698313948
Egypt,Cairo,Nasr City,2024,61634,0.05662108585238457,2.809631726
Egypt,Cairo,New Cairo-1,2020,61635,0.07548220455646515,4.072208071
Egypt,Cairo,New Cairo-1,2021,61635,0.077721633,4.232751933
Egypt,Cairo,New Cairo-1,2022,61635,0.077721633,4.232751933
Egypt,Cairo,New Cairo-1,2023,61635,0.076176912,4.121773653
Egypt,Cairo,New Cairo-1,2024,61635,0.075549811,4.077022219
Egypt,Cairo,New Cairo-2,2020,61636,0.00903564877808094,0.375121455
Egypt,Cairo,New Cairo-2,2021,61636,0.008466552011668682,0.352846139
Egypt,Cairo,New Cairo-2,2022,61636,0.006005221977829933,0.258435891
Egypt,Cairo,New Cairo-2,2023,61636,0.006820616777986288,0.289364534
Egypt,Cairo,New Cairo-2,2024,61636,0.0032260040752589703,0.155616227
Egypt,Cairo,New Cairo-3,2020,61637,0.018954114988446236,0.790017131
Egypt,Cairo,New Cairo-3,2021,61637,0.014035666361451149,0.577994408
Egypt,Cairo,New Cairo-3,2022,61637,0.008648071438074112,0.359932879
Egypt,Cairo,New Cairo-3,2023,61637,0.01271728053689003,0.523256524
Egypt,Cairo,New Cairo-3,2024,61637,0.01510661281645298,0.623112532
Egypt,Cairo,Nuzha,2020,61638,0.010868389159440994,0.447992842
Egypt,Cairo,Nuzha,2021,61638,0.011522338725626469,0.474412902
Egypt,Cairo,Nuzha,2022,61638,0.011522338725626469,0.474412902
Egypt,Cairo,Nuzha,2023,61638,0.011522338725626469,0.474412902
Egypt,Cairo,Nuzha,2024,61638,0.019221462309360504,0.801893382
Egypt,Cairo,Qasr Al-Nile,2020,61639,0.075097993,4.044887581
Egypt,Cairo,Qasr Al-Nile,2021,61639,0.0938514843583107,5.453785994
Egypt,Cairo,Qasr Al-Nile,2022,61639,0.080232322,4.415375598
Egypt,Cairo,Qasr Al-Nile,2023,61639,0.09850545972585678,5.826809266
Egypt,Cairo,Qasr Al-Nile,2024,61639,0.098233722,5.804778461
Egypt,Cairo,Rud Al-Farag,2020,61640,0.072850533,3.88639193
Egypt,Cairo,Rud Al-Farag,2021,61640,0.069523819,3.655932882
Egypt,Cairo,Rud Al-Farag,2022,61640,0.069687858,3.667180206
Egypt,Cairo,Rud Al-Farag,2023,61640,0.072850533,3.88639193
Egypt,Cairo,Rud Al-Farag,2024,61640,0.08143351972103119,4.503728516
Egypt,Cairo,Sayyida Zainab,2020,61641,0.068770759,3.604455174
Egypt,Cairo,Sayyida Zainab,2021,61641,0.069288239,3.639801614
Egypt,Cairo,Sayyida Zainab,2022,61641,0.069288239,3.639801614
Egypt,Cairo,Sayyida Zainab,2023,61641,0.070025235414505,3.690350482
Egypt,Cairo,Sayyida Zainab,2024,61641,0.079903081,4.391269098
Egypt,Cairo,Shroq,2020,61642,0.050846379,2.455778743
Egypt,Cairo,Shroq,2021,61642,0.04970806464552879,2.387872948
Egypt,Cairo,Shroq,2022,61642,0.049501873552799225,2.375638073
Egypt,Cairo,Shroq,2023,61642,0.04092250019311905,1.884472888
Egypt,Cairo,Shroq,2024,61642,0.0412290133535862,1.901414084
Egypt,Cairo,Shubra,2020,61643,0.082429491,4.577465168
Egypt,Cairo,Shubra,2021,61643,0.08276772499084473,4.602604858
Egypt,Cairo,Shubra,2022,61643,0.082931757,4.614814724
Egypt,Cairo,Shubra,2023,61643,0.0814422145485878,4.50437036
Egypt,Cairo,Shubra,2024,61643,0.08780628442764282,4.982988223
Egypt,Cairo,Tura,2020,61644,0.03613705188035965,1.625865296
Egypt,Cairo,Tura,2021,61644,0.0300673246383667,1.313907122
Egypt,Cairo,Tura,2022,61644,0.026776857674121857,1.152373586
Egypt,Cairo,Tura,2023,61644,0.02970084175467491,1.295650914
Egypt,Cairo,Tura,2024,61644,0.031439979,1.382873844
Egypt,Cairo,Zamalik,2020,61645,0.060444314032793045,3.052442024
Egypt,Cairo,Zamalik,2021,61645,0.066340491,3.440075256
Egypt,Cairo,Zamalik,2022,61645,0.06366837024688721,3.262432509
Egypt,Cairo,Zamalik,2023,61645,0.06609928607940674,3.423906508
Egypt,Cairo,Zamalik,2024,61645,0.073574677,3.937214183
Egypt,Cairo,Zawiyya Al-Hamra,2021,61646,0.072286978,3.847002431
Egypt,Cairo,Zawiyya Al-Hamra,2022,61646,0.06364649534225464,3.2609917
Egypt,Cairo,Zawiyya Al-Hamra,2020,61646,0.06221294030547142,3.167046604
Egypt,Cairo,Zawiyya Al-Hamra,2023,61646,0.06376669555902481,3.26891149
Egypt,Cairo,Zawiyya Al-Hamra,2024,61646,0.07208668440580368,3.833037163
Egypt,Cairo,Zemam Out,2020,61647,0.04871712997555733,2.329257027
Egypt,Cairo,Zemam Out,2021,61647,0.0507240854203701,2.448454064
Egypt,Cairo,Zemam Out,2022,61647,0.048134182,2.294991367
Egypt,Cairo,Zemam Out,2023,61647,0.050424751,2.430555414
Egypt,Cairo,Zemam Out,2024,61647,0.0525316521525383,2.557432946
Egypt,Dakahlia,Aga,2020,61648,0.043006155639886856,2.00052806
Egypt,Dakahlia,Aga,2021,61648,0.04345356300473213,2.025719443
Egypt,Dakahlia,Aga,2022,61648,0.04267040640115738,1.981686631
Egypt,Dakahlia,Aga,2023,61648,0.03643142804503441,1.641452929
Egypt,Dakahlia,Aga,2024,61648,0.039650571,1.814656257
Egypt,Dakahlia,Bany Abeed,2020,61649,0.185578242,14.36063161
Egypt,Dakahlia,Bany Abeed,2021,61649,0.194443449,15.37959214
Egypt,Dakahlia,Bany Abeed,2022,61649,0.202911213,16.3760028
Egypt,Dakahlia,Bany Abeed,2023,61649,0.217331797,18.12301305
Egypt,Dakahlia,Bany Abeed,2024,61649,0.215260923,17.86834527
Egypt,Dakahlia,Bilqas,2020,61650,0.107021272,6.532790052
Egypt,Dakahlia,Bilqas,2021,61650,0.102312848,6.138733675
Egypt,Dakahlia,Bilqas,2022,61650,0.094369918,5.494886528
Egypt,Dakahlia,Bilqas,2023,61650,0.118345603,7.517537321
Egypt,Dakahlia,Bilqas,2024,61650,0.132240444,8.795315567
Egypt,Dakahlia,Dikirnis,2020,61651,0.121038437,7.759265327
Egypt,Dakahlia,Dikirnis,2021,61651,0.123138607,7.949779197
Egypt,Dakahlia,Dikirnis,2022,61651,0.128956407,8.486540093
Egypt,Dakahlia,Dikirnis,2023,61651,0.143047273,9.840326955
Egypt,Dakahlia,Dikirnis,2024,61651,0.164398491,12.0309689
Egypt,Dakahlia,E Mansora 2,2020,61652,0.03928101435303688,1.79451759
Egypt,Dakahlia,E Mansora 2,2021,61652,0.03363689035177231,1.495181581
Egypt,Dakahlia,E Mansora 2,2022,61652,0.030588297173380852,1.339973217
Egypt,Dakahlia,E Mansora 2,2023,61652,0.038080789,1.72956795
Egypt,Dakahlia,E Mansora 2,2024,61652,0.03966687619686127,1.815546337
Egypt,Dakahlia,El Mansora,2020,61653,0.0372605137526989,1.685580662
Egypt,Dakahlia,El Mansora,2021,61653,0.039431989,1.802736868
Egypt,Dakahlia,El Mansora,2022,61653,0.03685493767261505,1.663952307
Egypt,Dakahlia,El Mansora,2023,61653,0.03863430768251419,1.759434716
Egypt,Dakahlia,El Mansora,2024,61653,0.040894947946071625,1.882952272
Egypt,Dakahlia,El Mansora 1,2020,61654,0.031563252210617065,1.389112917
Egypt,Dakahlia,El Mansora 1,2021,61654,0.025812849,1.10606646
Egypt,Dakahlia,El Mansora 1,2022,61654,0.025812849,1.10606646
Egypt,Dakahlia,El Mansora 1,2023,61654,0.03318000212311745,1.471630159
Egypt,Dakahlia,El Mansora 1,2024,61654,0.03704778477549553,1.674226395
Egypt,Dakahlia,Gamaliyya,2020,61655,0.175201833,13.20044234
Egypt,Dakahlia,Gamaliyya,2021,61655,0.184603378,14.25012509
Egypt,Dakahlia,Gamaliyya,2022,61655,0.171794564,12.82730403
Egypt,Dakahlia,Gamaliyya,2023,61655,0.187743932,14.60722795
Egypt,Dakahlia,Gamaliyya,2024,61655,0.194040656,15.33275269
Egypt,Dakahlia,Gamsa,2020,61656,0.03591756522655487,1.614270618
Egypt,Dakahlia,Gamsa,2021,61656,0.035035256296396255,1.567898309
Egypt,Dakahlia,Gamsa,2022,61656,0.034687411,1.549720656
Egypt,Dakahlia,Gamsa,2023,61656,0.031356919556856155,1.378674306
Egypt,Dakahlia,Gamsa,2024,61656,0.03425700590014458,1.527310398
Egypt,Dakahlia,Mahalet Demna,2020,61657,0.125828981,8.196360127
Egypt,Dakahlia,Mahalet Demna,2021,61657,0.130685478,8.64859617
Egypt,Dakahlia,Mahalet Demna,2022,61657,0.130402625,8.622007139
Egypt,Dakahlia,Mahalet Demna,2023,61657,0.128620327,8.455174954
Egypt,Dakahlia,Mahalet Demna,2024,61657,0.172521263,12.90655733
Egypt,Dakahlia,Manzala,2020,61658,0.04121323302388191,1.900540789
Egypt,Dakahlia,Manzala,2021,61658,0.047675784677267075,2.268159895
Egypt,Dakahlia,Manzala,2022,61658,0.04640877619385719,2.194516486
Egypt,Dakahlia,Manzala,2023,61658,0.050115991,2.412137444
Egypt,Dakahlia,Manzala,2024,61658,0.107775167,6.596731754
Egypt,Dakahlia,Matariyya,2020,61659,0.05668531730771065,2.813655101
Egypt,Dakahlia,Matariyya,2021,61659,0.06370232999324799,3.26466973
Egypt,Dakahlia,Matariyya,2022,61659,0.05355914682149887,2.62006452
Egypt,Dakahlia,Matariyya,2023,61659,0.05543942004442215,2.735955991
Egypt,Dakahlia,Matariyya,2024,61659,0.068020508,3.55342403
Egypt,Dakahlia,Minya Al-Nasr,2020,61660,0.05376279726624489,2.632536853
Egypt,Dakahlia,Minya Al-Nasr,2021,61660,0.053591371,2.622036734
Egypt,Dakahlia,Minya Al-Nasr,2022,61660,0.0552203543484211,2.722368876
Egypt,Dakahlia,Minya Al-Nasr,2023,61660,0.063186899,3.230770556
Egypt,Dakahlia,Minya Al-Nasr,2024,61660,0.118032202,7.489591089
Egypt,Dakahlia,Mit Ghamr,2020,61661,0.0358920656144619,1.612925088
Egypt,Dakahlia,Mit Ghamr,2021,61661,0.03759896755218506,1.703690697
Egypt,Dakahlia,Mit Ghamr,2022,61661,0.03449148312211037,1.539507893
Egypt,Dakahlia,Mit Ghamr,2023,61661,0.03616371005773544,1.627275147
Egypt,Dakahlia,Mit Ghamr,2024,61661,0.040259659,1.847991973
Egypt,Dakahlia,MIt Salsil,2020,61662,0.217149466,18.10054065
Egypt,Dakahlia,MIt Salsil,2021,61662,0.217325762,18.12226908
Egypt,Dakahlia,MIt Salsil,2022,61662,0.213552564,17.65920196
Egypt,Dakahlia,MIt Salsil,2023,61662,0.204004943,16.50631655
Egypt,Dakahlia,MIt Salsil,2024,61662,0.215671286,17.91871073
Egypt,Dakahlia,Nebro,2020,61663,0.157473654,11.30260186
Egypt,Dakahlia,Nebro,2021,61663,0.197559446,15.74366263
Egypt,Dakahlia,Nebro,2022,61663,0.217796177,18.1802918
Egypt,Dakahlia,Nebro,2023,61663,0.249422729,22.22256881
Egypt,Dakahlia,Nebro,2024,61663,0.264055729,24.18138378
Egypt,Dakahlia,Shirbin,2020,61664,0.03425399586558342,1.527153991
Egypt,Dakahlia,Shirbin,2021,61664,0.036823072,1.662256353
Egypt,Dakahlia,Shirbin,2022,61664,0.0319347120821476,1.407958272
Egypt,Dakahlia,Shirbin,2023,61664,0.033449437469244,1.485506495
Egypt,Dakahlia,Shirbin,2024,61664,0.04955926537513733,2.379041547
Egypt,Dakahlia,Sinbillawin,2020,61665,0.114780553,7.201951755
Egypt,Dakahlia,Sinbillawin,2021,61665,0.124402493,8.065265744
Egypt,Dakahlia,Sinbillawin,2022,61665,0.127472162,8.348350713
Egypt,Dakahlia,Sinbillawin,2023,61665,0.198341966,15.83556829
Egypt,Dakahlia,Sinbillawin,2024,61665,0.225493848,19.138778
Egypt,Dakahlia,Talkha,2020,61666,0.023393137380480766,0.99187398
Egypt,Dakahlia,Talkha,2021,61666,0.023599151521921158,1.001482382
Egypt,Dakahlia,Talkha,2022,61666,0.021987034007906914,0.926861881
Egypt,Dakahlia,Talkha,2023,61666,0.02424483560025692,1.031734331
Egypt,Dakahlia,Talkha,2024,61666,0.02917316183447838,1.26948124
Egypt,Dakahlia,Tamy Al-Amdid,2020,61667,0.257277369,23.26743014
Egypt,Dakahlia,Tamy Al-Amdid,2021,61667,0.257006407,23.2311287
Egypt,Dakahlia,Tamy Al-Amdid,2022,61667,0.257315427,23.27253024
Egypt,Dakahlia,Tamy Al-Amdid,2023,61667,0.270992965,25.1281531
Egypt,Dakahlia,Tamy Al-Amdid,2024,61667,0.273684591,25.4985234
Egypt,Damietta,Dumyat,2020,61668,0.06602786481380463,3.419123984
Egypt,Damietta,Dumyat,2021,61668,0.068585157,3.591807127
Egypt,Damietta,Dumyat,2022,61668,0.065723367,3.398760155
Egypt,Damietta,Dumyat,2023,61668,0.085399769,4.799936924
Egypt,Damietta,Dumyat,2024,61668,0.070249371,3.705771928
Egypt,Damietta,Dumyat 1,2020,61669,0.040422112,1.856913312
Egypt,Damietta,Dumyat 1,2021,61669,0.04074609652161598,1.874743445
Egypt,Damietta,Dumyat 1,2022,61669,0.04074609652161598,1.874743445
Egypt,Damietta,Dumyat 1,2023,61669,0.04074609652161598,1.874743445
Egypt,Damietta,Dumyat 1,2024,61669,0.039440952241420746,1.803225175
Egypt,Damietta,Dumyat 2,2020,61670,0.052048634737730026,2.528161345
Egypt,Damietta,Dumyat 2,2021,61670,0.05439181253314018,2.671182591
Egypt,Damietta,Dumyat 2,2022,61670,0.05574052408337593,2.754667853
Egypt,Damietta,Dumyat 2,2023,61670,0.05457095801830292,2.682222834
Egypt,Damietta,Dumyat 2,2024,61670,0.05457095801830292,2.682222834
Egypt,Damietta,Dumyat Al-Gadida,2020,61671,0.019247515127062798,0.803052645
Egypt,Damietta,Dumyat Al-Gadida,2021,61671,0.018823133781552315,0.784211795
Egypt,Damietta,Dumyat Al-Gadida,2022,61671,0.01598348282277584,0.660489634
Egypt,Damietta,Dumyat Al-Gadida,2023,61671,0.01907595619559288,0.795425149
Egypt,Damietta,Dumyat Al-Gadida,2024,61671,0.018823133781552315,0.784211795
Egypt,Damietta,Fariskur,2020,61672,0.02427210845053196,1.033016721
Egypt,Damietta,Fariskur,2021,61672,0.03002474457025528,1.311782608
Egypt,Damietta,Fariskur,2022,61672,0.05108959227800369,2.470366696
Egypt,Damietta,Fariskur,2023,61672,0.06251909583806992,3.187030859
Egypt,Damietta,Fariskur,2024,61672,0.10500402003526688,6.362843403
Egypt,Damietta,Kafr Sad,2020,61673,0.025148382410407066,1.074417482
Egypt,Damietta,Kafr Sad,2021,61673,0.02477984130382538,1.056958551
Egypt,Damietta,Kafr Sad,2022,61673,0.026705758646130562,1.148942484
Egypt,Damietta,Kafr Sad,2023,61673,0.025188997387886047,1.076345684
Egypt,Damietta,Kafr Sad,2024,61673,0.03406977653503418,1.517590033
Egypt,Damietta,Police Department Port of Damietta,2020,61674,0.073455043,3.928801827
Egypt,Damietta,Police Department Port of Damietta,2021,61674,0.06176204979419708,3.13769306
Egypt,Damietta,Police Department Port of Damietta,2022,61674,0.05744078755378723,2.861120527
Egypt,Damietta,Police Department Port of Damietta,2023,61674,0.065517403,3.385009859
Egypt,Damietta,Police Department Port of Damietta,2024,61674,0.0564156100153923,2.79677386
Egypt,Damietta,Ras al-Bar,2020,61675,0.06581448018550873,3.40484909
Egypt,Damietta,Ras al-Bar,2021,61675,0.068406947,3.579677387
Egypt,Damietta,Ras al-Bar,2022,61675,0.06485000997781754,3.340586833
Egypt,Damietta,Ras al-Bar,2023,61675,0.068991669,3.619529618
Egypt,Damietta,Ras al-Bar,2024,61675,0.06593364477157593,3.412818349
Egypt,Damietta,Zarqa,2020,61676,0.041058369,1.891976869
Egypt,Damietta,Zarqa,2021,61676,0.04650842770934105,2.200280978
Egypt,Damietta,Zarqa,2022,61676,0.05227814242243767,2.542056213
Egypt,Damietta,Zarqa,2023,61676,0.046658359,2.208962904
Egypt,Damietta,Zarqa,2024,61676,0.059691283851861954,3.004083495
Egypt,Fayoum,Abshaway,2020,61677,0.05830571427941322,2.9157879
Egypt,Fayoum,Abshaway,2021,61677,0.0612654872238636,3.105474183
Egypt,Fayoum,Abshaway,2022,61677,0.0407002754509449,1.872218663
Egypt,Fayoum,Abshaway,2023,61677,0.05848002806305885,2.926847275
Egypt,Fayoum,Abshaway,2024,61677,0.061338622123003006,3.110212343
Egypt,Fayoum,Atsa,2022,61678,0.043236009776592255,2.013458076
Egypt,Fayoum,Atsa,2020,61678,0.049067061,2.349903213
Egypt,Fayoum,Atsa,2021,61678,0.0493047870695591,2.363962212
Egypt,Fayoum,Atsa,2023,61678,0.06432422995567322,3.305732774
Egypt,Fayoum,Atsa,2024,61678,0.07169944047927856,3.806087972
Egypt,Fayoum,Fayyum,2020,61679,0.04642467573285103,2.195435902
Egypt,Fayoum,Fayyum,2021,61679,0.04940740391612053,2.370039182
Egypt,Fayoum,Fayyum,2022,61679,0.04207492992281914,1.948402974
Egypt,Fayoum,Fayyum,2023,61679,0.04640933498740196,2.194548797
Egypt,Fayoum,Fayyum,2024,61679,0.050254106521606445,2.420370664
Egypt,Fayoum,Fayyum City,2020,61680,0.136750311,9.226062687
Egypt,Fayoum,Fayyum City,2021,61680,0.135178998,9.075106251
Egypt,Fayoum,Fayyum City,2022,61680,0.131585389,8.733394614
Egypt,Fayoum,Fayyum City,2023,61680,0.12283236533403397,7.921890934
Egypt,Fayoum,Fayyum City,2024,61680,0.130204275,8.603380109
Egypt,Fayoum,Sinuras,2021,61681,0.052194006741046906,2.536959595
Egypt,Fayoum,Sinuras,2020,61681,0.05158442631363869,2.500132827
Egypt,Fayoum,Sinuras,2022,61681,0.046489059925079346,2.19916025
Egypt,Fayoum,Sinuras,2023,61681,0.041688185185194016,1.926877424
Egypt,Fayoum,Sinuras,2024,61681,0.059079673141241074,2.964999186
Egypt,Fayoum,Tamya,2020,61682,0.091544241,5.272256565
Egypt,Fayoum,Tamya,2021,61682,0.04566776007413864,2.151799519
Egypt,Fayoum,Tamya,2022,61682,0.043105479,2.006112223
Egypt,Fayoum,Tamya,2023,61682,0.061229989,3.103175257
Egypt,Fayoum,Tamya,2024,61682,0.085287407,4.791451314
Egypt,Fayoum,Yousef El sadeq,2020,61683,0.0674857348203659,3.517204761505127
Egypt,Fayoum,Yousef El sadeq,2021,61683,0.06680553406476974,3.471323114
Egypt,Fayoum,Yousef El sadeq,2022,61683,0.05788945406675339,2.889435072
Egypt,Fayoum,Yousef El sadeq,2023,61683,0.109960318,6.783377717
Egypt,Fayoum,Yousef El sadeq,2024,61683,0.100021757,5.950308879
Egypt,Fayoum,Zemam Out,2020,61684,0.359201789,38.01692734
Egypt,Fayoum,Zemam Out,2021,61684,0.364560485,38.84161234
Egypt,Fayoum,Zemam Out,2022,61684,0.323839456,32.68075918
Egypt,Fayoum,Zemam Out,2023,61684,0.349849105,36.587059020996094
Egypt,Fayoum,Zemam Out,2024,61684,0.370105058,39.69884654
Egypt,Gharbia,Basyun,2020,61685,0.183469266,14.12195643
Egypt,Gharbia,Basyun,2021,61685,0.182586193,14.022449493408203
Egypt,Gharbia,Basyun,2022,61685,0.185846269,14.39106818
Egypt,Gharbia,Basyun,2023,61685,0.185096353,14.30596808
Egypt,Gharbia,Basyun,2024,61685,0.179353327,13.66034908
Egypt,Gharbia,El Mahalla El Kobra,2020,61686,0.05991116538643837,3.018176959
Egypt,Gharbia,El Mahalla El Kobra,2021,61686,0.047732819,2.271492867
Egypt,Gharbia,El Mahalla El Kobra,2022,61686,0.05362381041049957,2.624022664
Egypt,Gharbia,El Mahalla El Kobra,2023,61686,0.113201737,7.063819163
Egypt,Gharbia,El Mahalla El Kobra,2024,61686,0.120641887,7.723487976
Egypt,Gharbia,El Mahalla El Kobra 1,2020,61687,0.037624236196279526,1.705045006
Egypt,Gharbia,El Mahalla El Kobra 1,2021,61687,0.038718969,1.764015935
Egypt,Gharbia,El Mahalla El Kobra 1,2022,61687,0.037624236196279526,1.705045006
Egypt,Gharbia,El Mahalla El Kobra 1,2023,61687,0.037361323833465576,1.690969008
Egypt,Gharbia,El Mahalla El Kobra 1,2024,61687,0.03647903725504875,1.643977865
Egypt,Gharbia,El Mahalla El Kobra 2,2020,61688,0.041088939,1.893666448
Egypt,Gharbia,El Mahalla El Kobra 2,2021,61688,0.041088939,1.893666448
Egypt,Gharbia,El Mahalla El Kobra 2,2022,61688,0.038040339946746826,1.727391212
Egypt,Gharbia,El Mahalla El Kobra 2,2023,61688,0.0410357341170311,1.890726137
Egypt,Gharbia,El Mahalla El Kobra 2,2024,61688,0.0410357341170311,1.890726137
Egypt,Gharbia,Kafr Al-Zayyat,2020,61689,0.03442548215389252,1.536071809
Egypt,Gharbia,Kafr Al-Zayyat,2021,61689,0.034030128,1.515533818
Egypt,Gharbia,Kafr Al-Zayyat,2022,61689,0.03610815480351448,1.624337428
Egypt,Gharbia,Kafr Al-Zayyat,2023,61689,0.036008570343256,1.619075239
Egypt,Gharbia,Kafr Al-Zayyat,2024,61689,0.05202620476484299,2.526804715
Egypt,Gharbia,Qutur,2020,61690,0.185225487,14.32060906
Egypt,Gharbia,Qutur,2021,61690,0.195855096,15.54415072
Egypt,Gharbia,Qutur,2022,61690,0.189765513,14.8387798
Egypt,Gharbia,Qutur,2023,61690,0.210168704,17.24747895
Egypt,Gharbia,Qutur,2024,61690,0.193401709,15.25855677
Egypt,Gharbia,Samannud,2020,61691,0.03798486292362213,1.724407054
Egypt,Gharbia,Samannud,2021,61691,0.040528926998376846,1.862786177
Egypt,Gharbia,Samannud,2022,61691,0.038038469851017,1.727290593
Egypt,Gharbia,Samannud,2023,61691,0.03800756484270096,1.72562803
Egypt,Gharbia,Samannud,2024,61691,0.049944129,2.401905061
Egypt,Gharbia,Santa,2020,61692,0.0503874197602272,2.428326167
Egypt,Gharbia,Santa,2021,61692,0.0828750804066658,4.610594627
Egypt,Gharbia,Santa,2022,61692,0.11388653516769409,7.123609833
Egypt,Gharbia,Santa,2023,61692,0.177602768,13.46571938
Egypt,Gharbia,Santa,2024,61692,0.169428557,12.57051407
Egypt,Gharbia,Tanta,2020,61693,0.041526660323143005,1.917908512
Egypt,Gharbia,Tanta,2021,61693,0.03775492310523987,1.712054298
Egypt,Gharbia,Tanta,2022,61693,0.04054802656173706,1.86383688
Egypt,Gharbia,Tanta,2023,61693,0.03284326195716858,1.454337533
Egypt,Gharbia,Tanta,2024,61693,0.03640879690647125,1.640253082
Egypt,Gharbia,Tanta 1,2020,61694,0.035980608,1.617598553
Egypt,Gharbia,Tanta 1,2021,61694,0.03279340639710426,1.451782024
Egypt,Gharbia,Tanta 1,2022,61694,0.03139594569802284,1.380647079
Egypt,Gharbia,Tanta 1,2023,61694,0.03545018658041954,1.589658903
Egypt,Gharbia,Tanta 1,2024,61694,0.037673089653253555,1.707664254
Egypt,Gharbia,Tanta 2,2020,61695,0.03758413344621658,1.702895787
Egypt,Gharbia,Tanta 2,2021,61695,0.03743288293480873,1.694796869
Egypt,Gharbia,Tanta 2,2022,61695,0.037642591,1.706028935
Egypt,Gharbia,Tanta 2,2023,61695,0.0436074398458004,2.034405675
Egypt,Gharbia,Tanta 2,2024,61695,0.044209588,2.068505426
Egypt,Gharbia,Zifta,2020,61696,0.03460855036973953,1.545607781
Egypt,Gharbia,Zifta,2021,61696,0.033897675573825836,1.508670208
Egypt,Gharbia,Zifta,2022,61696,0.03638937324285507,1.639223486
Egypt,Gharbia,Zifta,2023,61696,0.03467659652233124,1.54915646
Egypt,Gharbia,Zifta,2024,61696,0.03616241738200188,1.627206774
Egypt,Giza,6-Oct-01,2020,61697,0.016955556347966194,0.702381921
Egypt,Giza,6-Oct-01,2021,61697,0.016765933483839035,0.694172284
Egypt,Giza,6-Oct-01,2022,61697,0.01621893234550953,0.670592447
Egypt,Giza,6-Oct-01,2023,61697,0.016359467059373856,0.676636029
Egypt,Giza,6-Oct-01,2024,61697,0.016359467059373856,0.676636029
Egypt,Giza,6-Oct-02,2020,61698,0.050616517663002014,2.442017212
Egypt,Giza,6-Oct-02,2021,61698,0.050616517663002014,2.442017212
Egypt,Giza,6-Oct-02,2022,61698,0.050616517663002014,2.442017212
Egypt,Giza,6-Oct-02,2023,61698,0.04892634600400925,2.34159395
Egypt,Giza,6-Oct-02,2024,61698,0.050346579,2.425888118
Egypt,Giza,Al-Aguza,2024,61699,0.068238265812397,3.568209468
Egypt,Giza,Al-Aguza,2020,61699,0.058162789791822433,2.906730516
Egypt,Giza,Al-Aguza,2021,61699,0.058162789791822433,2.906730516
Egypt,Giza,Al-Aguza,2022,61699,0.058435335755348206,2.924010422
Egypt,Giza,Al-Aguza,2023,61699,0.057175528,2.844424385
Egypt,Giza,Al-Ahram,2020,61700,0.032176222652196884,1.420247255
Egypt,Giza,Al-Ahram,2021,61700,0.025946924462914467,1.112479208
Egypt,Giza,Al-Ahram,2022,61700,0.025530146434903145,1.092574249
Egypt,Giza,Al-Ahram,2023,61700,0.025946924462914467,1.112479208
Egypt,Giza,Al-Ahram,2024,61700,0.027027375996112823,1.164483131
Egypt,Giza,Atfeh,2020,61701,0.03316148743033409,1.470677929
Egypt,Giza,Atfeh,2021,61701,0.03309614583849907,1.467318688
Egypt,Giza,Atfeh,2022,61701,0.02969413623213768,1.295317498
Egypt,Giza,Atfeh,2023,61701,0.031472135335206985,1.384500626
Egypt,Giza,Atfeh,2024,61701,0.03397407755255699,1.51262826
Egypt,Giza,Ayat,2020,61702,0.037118542939424515,1.678000625
Egypt,Giza,Ayat,2021,61702,0.03763102740049362,1.705409042
Egypt,Giza,Ayat,2022,61702,0.03610094264149666,1.623956165
Egypt,Giza,Ayat,2023,61702,0.042418789,1.967601929
Egypt,Giza,Ayat,2024,61702,0.04972895234823227,2.389113493
Egypt,Giza,Badrashain,2020,61703,0.016469774767756462,0.681386756
Egypt,Giza,Badrashain,2021,61703,0.015501143410801888,0.639881186
Egypt,Giza,Badrashain,2022,61703,0.01629781350493431,0.673983432
Egypt,Giza,Badrashain,2023,61703,0.018410420045256615,0.765976274
Egypt,Giza,Badrashain,2024,61703,0.01964043453335762,0.820577817
Egypt,Giza,Bahariya Oasis,2020,64448,0.323096782,32.57086423
Egypt,Giza,Bahariya Oasis,2021,64448,0.328773797,33.41332914
Egypt,Giza,Bahariya Oasis,2022,64448,0.307580262,30.29766617
Egypt,Giza,Bahariya Oasis,2023,64448,0.309887618,30.63286507
Egypt,Giza,Bahariya Oasis,2024,64448,0.311298579,30.83833995
Egypt,Giza,Bulaq Al-DakrUr,2020,64449,0.05650196969509125,2.802175518
Egypt,Giza,Bulaq Al-DakrUr,2021,64449,0.053421493619680405,2.611645102
Egypt,Giza,Bulaq Al-DakrUr,2022,64449,0.05251838266849518,2.556627332
Egypt,Giza,Bulaq Al-DakrUr,2023,64449,0.05650196969509125,2.802175518
Egypt,Giza,Bulaq Al-DakrUr,2024,64449,0.075335577,4.061773958
Egypt,Giza,DuqqI,2024,64451,0.064705789,3.331013859
Egypt,Giza,DuqqI,2020,64451,0.05804542452096939,2.899299936
Egypt,Giza,DuqqI,2021,64451,0.05689254030585289,2.826648345
Egypt,Giza,DuqqI,2022,64451,0.05593593791127205,2.766834269
Egypt,Giza,DuqqI,2023,64451,0.055905279,2.764924264
Egypt,Giza,Giza,2020,64453,0.017841261,0.740969712
Egypt,Giza,Giza,2021,64453,0.017841261,0.740969712
Egypt,Giza,Giza,2022,64453,0.018933409824967384,0.789098862
Egypt,Giza,Giza,2023,64453,0.01945800520479679,0.812431326
Egypt,Giza,Giza,2024,64453,0.018960721790790558,0.790310187
Egypt,Giza,Hwamdeia,2020,65305,0.034889869,1.560293514
Egypt,Giza,Hwamdeia,2021,65305,0.03571775555610657,1.603735805
Egypt,Giza,Hwamdeia,2022,65305,0.03544081747531891,1.589166623
Egypt,Giza,Hwamdeia,2023,65305,0.0364203043282032,1.640863146
Egypt,Giza,Hwamdeia,2024,65305,0.03686344251036644,1.664405029
Egypt,Giza,Imbaba,2020,65315,0.03234346583485603,1.428774015
Egypt,Giza,Imbaba,2021,65315,0.030834952369332314,1.352360911
Egypt,Giza,Imbaba,2022,65315,0.029436444863677025,1.28252126
Egypt,Giza,Imbaba,2023,65315,0.03206862509250641,1.41476874
Egypt,Giza,Imbaba,2024,65315,0.036617581,1.65133174
Egypt,Giza,Kardasa,2020,65317,0.034256589,1.527288718
Egypt,Giza,Kardasa,2021,65317,0.03555144742131233,1.594982169
Egypt,Giza,Kardasa,2022,65317,0.03408002480864525,1.518121648
Egypt,Giza,Kardasa,2023,65317,0.034654129,1.54798452
Egypt,Giza,Kardasa,2024,65317,0.035110387951135635,1.571832285
Egypt,Giza,Saf,2020,65321,0.013088894076645374,0.538595471
Egypt,Giza,Saf,2021,65321,0.013982643373310566,0.575775801
Egypt,Giza,Saf,2022,65321,0.012664059177041054,0.521065472
Egypt,Giza,Saf,2023,65321,0.014704299159348011,0.606094762
Egypt,Giza,Saf,2024,65321,0.01584296114742756,0.654473479
Egypt,Giza,Shaykh Zayed,2020,65336,0.016803085803985596,0.695779339
Egypt,Giza,Shaykh Zayed,2021,65336,0.01033743191510439,0.426703506
Egypt,Giza,Shaykh Zayed,2022,65336,0.01033743191510439,0.426703506
Egypt,Giza,Shaykh Zayed,2023,65336,0.018045058473944664,0.749904906
Egypt,Giza,Shaykh Zayed,2024,65336,0.017809035256505013,0.739558755
Egypt,Giza,Umraniyya,2020,65337,0.035585169,1.596756003
Egypt,Giza,Umraniyya,2021,65337,0.035342831,1.584020705
Egypt,Giza,Umraniyya,2022,65337,0.03186410292983055,1.404370822
Egypt,Giza,Umraniyya,2023,65337,0.03556537255644798,1.595714602
Egypt,Giza,Umraniyya,2024,65337,0.046591301,2.205078477
Egypt,Giza,Waraq,2020,65345,0.03599203750491142,1.618202087
Egypt,Giza,Waraq,2021,65345,0.035120741,1.572374573
Egypt,Giza,Waraq,2022,65345,0.034136805683374405,1.521068008
Egypt,Giza,Waraq,2023,65345,0.03599203750491142,1.618202087
Egypt,Giza,Waraq,2024,65345,0.03640524670481682,1.640064882
Egypt,Giza,Zemam out,2020,65350,0.190079451,14.87485581
Egypt,Giza,Zemam out,2021,65350,0.116635822,7.365550294
Egypt,Giza,Zemam out,2022,65350,0.110275038,6.81041997
Egypt,Giza,Zemam out,2023,65350,0.11587538570165634,7.298327984
Egypt,Giza,Zemam out,2024,65350,0.118690125644207,7.548303706
Egypt,Ismailia,Fayid,2020,65711,0.045385316014289856,2.135586455
Egypt,Ismailia,Fayid,2021,65711,0.040385202,1.854885213
Egypt,Ismailia,Fayid,2022,65711,0.03992895036935806,1.829869897
Egypt,Ismailia,Fayid,2023,65711,0.0448157973587513,2.103010214
Egypt,Ismailia,Fayid,2024,65711,0.045198929,2.124908134
Egypt,Ismailia,Ismailiyya,2020,65747,0.021409057080745697,0.900426493
Egypt,Ismailia,Ismailiyya,2021,65747,0.017157910391688347,0.71116288
Egypt,Ismailia,Ismailiyya,2022,65747,0.015879524871706963,0.656037915
Egypt,Ismailia,Ismailiyya,2023,65747,0.02026933617889881,0.848790515
Egypt,Ismailia,Ismailiyya,2024,65747,0.02255954034626484,0.95321243
Egypt,Ismailia,Ismailiyya 1,2020,65748,0.03156975284218788,1.389442132
Egypt,Ismailia,Ismailiyya 1,2021,65748,0.03328715264797211,1.477144317
Egypt,Ismailia,Ismailiyya 1,2022,65748,0.028627578169107437,1.242568388
Egypt,Ismailia,Ismailiyya 1,2023,65748,0.027764175087213516,1.20027909
Egypt,Ismailia,Ismailiyya 1,2024,65748,0.026177961379289627,1.123550593
Egypt,Ismailia,Ismailiyya 2,2020,65749,0.033779189,1.502537586
Egypt,Ismailia,Ismailiyya 2,2021,65749,0.029163045808672905,1.268980892
Egypt,Ismailia,Ismailiyya 2,2022,65749,0.029163045808672905,1.268980892
Egypt,Ismailia,Ismailiyya 2,2023,65749,0.03619440272450447,1.628898796
Egypt,Ismailia,Ismailiyya 2,2024,65749,0.040146001,1.841757796
Egypt,Ismailia,Ismailiyya 3,2020,65751,0.03148538991808891,1.385171312
Egypt,Ismailia,Ismailiyya 3,2021,65751,0.026377629,1.133140169
Egypt,Ismailia,Ismailiyya 3,2022,65751,0.028306923806667328,1.2268197
Egypt,Ismailia,Ismailiyya 3,2023,65751,0.027523977681994438,1.188579968
Egypt,Ismailia,Ismailiyya 3,2024,65751,0.028437001630663872,1.233202233
Egypt,Ismailia,"Qantara Gharb, al-",2020,65752,0.021646182984113693,0.911251802
Egypt,Ismailia,"Qantara Gharb, al-",2021,65752,0.019396353513002396,0.809682032
Egypt,Ismailia,"Qantara Gharb, al-",2022,65752,0.019396353513002396,0.809682032
Egypt,Ismailia,"Qantara Gharb, al-",2023,65752,0.01867016777396202,0.777443031
Egypt,Ismailia,"Qantara Gharb, al-",2024,65752,0.02320363000035286,0.983054207
Egypt,Ismailia,"Qantara Sharq, al-",2020,65753,0.350206912,36.64153252
Egypt,Ismailia,"Qantara Sharq, al-",2021,65753,0.3347374498844147,34.30420551
Egypt,Ismailia,"Qantara Sharq, al-",2022,65753,0.3163565397262573,31.57797764
Egypt,Ismailia,"Qantara Sharq, al-",2023,65753,0.31562528014183044,31.47075128
Egypt,Ismailia,"Qantara Sharq, al-",2024,65753,0.329956412,33.58952196
Egypt,Ismailia,"Tal al-Kabir, al-",2020,65754,0.080524407,4.436801426
Egypt,Ismailia,"Tal al-Kabir, al-",2021,65754,0.063669652,3.262516923
Egypt,Ismailia,"Tal al-Kabir, al-",2022,65754,0.04992130026221275,2.400546938
Egypt,Ismailia,"Tal al-Kabir, al-",2023,65754,0.05899157375097275,2.959383523
Egypt,Ismailia,"Tal al-Kabir, al-",2024,65754,0.07380381971597672,3.953344735
Egypt,Kafr El-Shikh,Al Hamul,2020,65755,0.132702172,8.839060317
Egypt,Kafr El-Shikh,Al Hamul,2021,65755,0.1283310204744339,8.428210083
Egypt,Kafr El-Shikh,Al Hamul,2022,65755,0.122475803,7.889466514
Egypt,Kafr El-Shikh,Al Hamul,2023,65755,0.1308887004852295,8.667718574
Egypt,Kafr El-Shikh,Al Hamul,2024,65755,0.128845289,8.476165049
Egypt,Kafr El-Shikh,Biyalu,2020,65758,0.198451996,15.84850643
Egypt,Kafr El-Shikh,Biyalu,2021,65758,0.195446134,15.49641271
Egypt,Kafr El-Shikh,Biyalu,2022,65758,0.209011361,17.10744299
Egypt,Kafr El-Shikh,Biyalu,2023,65758,0.220078856,18.46275438
Egypt,Kafr El-Shikh,Biyalu,2024,65758,0.202228218,16.29481212
Egypt,Kafr El-Shikh,Burullus,2020,65759,0.172427952,12.89637088
Egypt,Kafr El-Shikh,Burullus,2021,65759,0.10985900461673737,6.774680988
Egypt,Kafr El-Shikh,Burullus,2022,65759,0.090946391,5.225588938
Egypt,Kafr El-Shikh,Burullus,2023,65759,0.09578846395015717,5.607927948
Egypt,Kafr El-Shikh,Burullus,2024,65759,0.12126713991165161,7.779927505
Egypt,Kafr El-Shikh,Disuq,2020,65760,0.036834829,1.662882018
Egypt,Kafr El-Shikh,Disuq,2021,65760,0.032441162,1.433761308
Egypt,Kafr El-Shikh,Disuq,2022,65760,0.032441162,1.433761308
Egypt,Kafr El-Shikh,Disuq,2023,65760,0.05526108294725418,2.724893294
Egypt,Kafr El-Shikh,Disuq,2024,65760,0.052929747849702835,2.581640422
Egypt,Kafr El-Shikh,Fuwwa,2020,65761,0.043571434915065765,2.032372208
Egypt,Kafr El-Shikh,Fuwwa,2021,65761,0.037733998,1.710931447
Egypt,Kafr El-Shikh,Fuwwa,2022,65761,0.06541495025157928,3.378177213
Egypt,Kafr El-Shikh,Fuwwa,2023,65761,0.111199342,6.890073191
Egypt,Kafr El-Shikh,Fuwwa,2024,65761,0.118789122,7.557152915
Egypt,Kafr El-Shikh,Kafr Al-Shaykh,2020,65762,0.04614705592393875,2.179399379
Egypt,Kafr El-Shikh,Kafr Al-Shaykh,2021,65762,0.046459898,2.197473134
Egypt,Kafr El-Shikh,Kafr Al-Shaykh,2022,65762,0.046338845044374466,2.190474034
Egypt,Kafr El-Shikh,Kafr Al-Shaykh,2023,65762,0.044588539749383926,2.090054378
Egypt,Kafr El-Shikh,Kafr Al-Shaykh,2024,65762,0.04806986451148987,2.291220668
Egypt,Kafr El-Shikh,Mitubas,2020,65763,0.159064785,11.46846588
Egypt,Kafr El-Shikh,Mitubas,2021,65763,0.157350048,11.28975449
Egypt,Kafr El-Shikh,Mitubas,2022,65763,0.161932155,11.76962506
Egypt,Kafr El-Shikh,Mitubas,2023,65763,0.167734653,12.38784525
Egypt,Kafr El-Shikh,Mitubas,2024,65763,0.169925556,12.62429638
Egypt,Kafr El-Shikh,Qillin,2020,65766,0.179338396,13.65868473
Egypt,Kafr El-Shikh,Qillin,2021,65766,0.17963775992393494,13.69206888
Egypt,Kafr El-Shikh,Qillin,2022,65766,0.174578726,13.13191173
Egypt,Kafr El-Shikh,Qillin,2023,65766,0.187125236,14.53662536
Egypt,Kafr El-Shikh,Qillin,2024,65766,0.192534775,15.15809287
Egypt,Kafr El-Shikh,Riyad,2020,65793,0.163987577,11.98727933
Egypt,Kafr El-Shikh,Riyad,2021,65793,0.161914706,11.76778364
Egypt,Kafr El-Shikh,Riyad,2022,65793,0.158975855,11.4591719
Egypt,Kafr El-Shikh,Riyad,2023,65793,0.151443213,10.68217065
Egypt,Kafr El-Shikh,Riyad,2024,65793,0.1586131900548935,11.42129924
Egypt,Kafr El-Shikh,Sidi Salim,2020,65801,0.14672856032848358,10.20626197
Egypt,Kafr El-Shikh,Sidi Salim,2021,65801,0.158155978,11.3736194
Egypt,Kafr El-Shikh,Sidi Salim,2022,65801,0.158973783,11.45895547
Egypt,Kafr El-Shikh,Sidi Salim,2023,65801,0.162876055,11.86939395
Egypt,Kafr El-Shikh,Sidi Salim,2024,65801,0.161018923,11.67339467
Egypt,Kalyoubia,Abour,2020,65802,0.049065571,2.349815173
Egypt,Kalyoubia,Abour,2021,65802,0.056605298072099686,2.808643093
Egypt,Kalyoubia,Abour,2022,65802,0.065838747,3.406471417
Egypt,Kalyoubia,Abour,2023,65802,0.053496863692998886,2.616253937
Egypt,Kalyoubia,Abour,2024,65802,0.054918729,2.703697751
Egypt,Kalyoubia,Al Khanka,2020,65804,0.015475359745323658,0.638782887
Egypt,Kalyoubia,Al Khanka,2021,65804,0.017578162252902985,0.729465674
Egypt,Kalyoubia,Al Khanka,2022,65804,0.016333982348442078,0.675539335
Egypt,Kalyoubia,Al Khanka,2023,65804,0.01731792651116848,0.718121337
Egypt,Kalyoubia,Al Khanka,2024,65804,0.01731792651116848,0.718121337
Egypt,Kalyoubia,Banha,2020,65806,0.024457423016428947,1.041740196
Egypt,Kalyoubia,Banha,2021,65806,0.027653144672513008,1.194867655
Egypt,Kalyoubia,Banha,2022,65806,0.03011557273566723,1.31631552
Egypt,Kalyoubia,Banha,2023,65806,0.031702153384685516,1.396151881
Egypt,Kalyoubia,Banha,2024,65806,0.041570745408535004,1.920355158
Egypt,Kalyoubia,Kafr Shukr,2020,65807,0.029958372935652733,1.308472809
Egypt,Kalyoubia,Kafr Shukr,2021,65807,0.042015496641397476,1.945090346
Egypt,Kalyoubia,Kafr Shukr,2022,65807,0.04189688712358475,1.938484489
Egypt,Kalyoubia,Kafr Shukr,2023,65807,0.04719167575240135,2.239931623
Egypt,Kalyoubia,Kafr Shukr,2024,65807,0.05018152669072151,2.416042966
Egypt,Kalyoubia,Khsos,2020,65811,0.04736000671982765,2.249734348
Egypt,Kalyoubia,Khsos,2021,65811,0.0475342720746994,2.259896828
Egypt,Kalyoubia,Khsos,2022,65811,0.0561051145195961,2.777381514
Egypt,Kalyoubia,Khsos,2023,65811,0.054475229,2.676321468
Egypt,Kalyoubia,Khsos,2024,65811,0.066750921,3.467648407
Egypt,Kalyoubia,Qaha,2020,65815,0.050988261,2.464285427
Egypt,Kalyoubia,Qaha,2021,65815,0.05725545436143875,2.849451716
Egypt,Kalyoubia,Qaha,2022,65815,0.05879680812358856,2.946981429
Egypt,Kalyoubia,Qaha,2023,65815,0.06478654593229294,3.336373102
Egypt,Kalyoubia,Qaha,2024,65815,0.065063171,3.354753219
Egypt,Kalyoubia,Qalyub,2020,65816,0.025645054876804352,1.098053538
Egypt,Kalyoubia,Qalyub,2021,65816,0.026061074808239937,1.11794602
Egypt,Kalyoubia,Qalyub,2022,65816,0.02699536271393299,1.162933936
Egypt,Kalyoubia,Qalyub,2023,65816,0.026061074808239937,1.11794602
Egypt,Kalyoubia,Qalyub,2024,65816,0.025702629,1.100801385
Egypt,Kalyoubia,Qanatir Al-Khayriyya,2020,65817,0.02709251642227173,1.167636993
Egypt,Kalyoubia,Qanatir Al-Khayriyya,2021,65817,0.03709124028682709,1.676544017
Egypt,Kalyoubia,Qanatir Al-Khayriyya,2022,65817,0.030186133459210396,1.319839765
Egypt,Kalyoubia,Qanatir Al-Khayriyya,2023,65817,0.0377776063978672,1.713271743
Egypt,Kalyoubia,Qanatir Al-Khayriyya,2024,65817,0.0402119979262352,1.845376988
Egypt,Kalyoubia,Shibin al-Qanatir,2020,65819,0.030644694343209267,1.342802992
Egypt,Kalyoubia,Shibin al-Qanatir,2021,65819,0.03927702456712723,1.79430053
Egypt,Kalyoubia,Shibin al-Qanatir,2022,65819,0.042206232,1.955727336
Egypt,Kalyoubia,Shibin al-Qanatir,2023,65819,0.042508241,1.972605657
Egypt,Kalyoubia,Shibin al-Qanatir,2024,65819,0.04767315462231636,2.268006237
Egypt,Kalyoubia,Shubra Al-Khayma 1,2020,65821,0.04450751468539238,2.085441147
Egypt,Kalyoubia,Shubra Al-Khayma 1,2021,65821,0.04253510385751724,1.974109067
Egypt,Kalyoubia,Shubra Al-Khayma 1,2022,65821,0.041818161,1.934103612
Egypt,Kalyoubia,Shubra Al-Khayma 1,2023,65821,0.044339172542095184,2.075866471
Egypt,Kalyoubia,Shubra Al-Khayma 1,2024,65821,0.045739661902189255,2.155932951
Egypt,Kalyoubia,Shubra Al-Khayma 2,2020,65824,0.0321628637611866,1.419566755
Egypt,Kalyoubia,Shubra Al-Khayma 2,2021,65824,0.03493284806609154,1.562540538
Egypt,Kalyoubia,Shubra Al-Khayma 2,2022,65824,0.03141361474990845,1.381540496
Egypt,Kalyoubia,Shubra Al-Khayma 2,2023,65824,0.02678348310291767,1.152693444
Egypt,Kalyoubia,Shubra Al-Khayma 2,2024,65824,0.039235297590494156,1.792030879
Egypt,Kalyoubia,Tukh,2020,65825,0.025635752826929092,1.097609735
Egypt,Kalyoubia,Tukh,2021,65825,0.0330624021589756,1.465584729
Egypt,Kalyoubia,Tukh,2022,65825,0.032979749,1.461339864
Egypt,Kalyoubia,Tukh,2023,65825,0.0340188667178154,1.514949918
Egypt,Kalyoubia,Tukh,2024,65825,0.04771549627184868,2.270480403
Egypt,Kalyoubia,Zemam Out,2020,65828,0.016131719574332237,0.66684698
Egypt,Kalyoubia,Zemam Out,2021,65828,0.01600327156484127,0.661337656
Egypt,Kalyoubia,Zemam Out,2022,65828,0.017395345494151115,0.721492638
Egypt,Kalyoubia,Zemam Out,2023,65828,0.016291245818138123,0.673700976
Egypt,Kalyoubia,Zemam Out,2024,65828,0.01488141342997551,0.613576485
Egypt,Luxor,Luxor,2020,65830,0.038519103080034256,1.753206275
Egypt,Luxor,Luxor,2021,65830,0.037240621,1.684517953
Egypt,Luxor,Luxor,2022,65830,0.03707130253314972,1.675480559
Egypt,Luxor,Luxor,2023,65830,0.037940770387649536,1.722036341
Egypt,Luxor,Luxor,2024,65830,0.038932309,1.775575685
Egypt,Luxor,Tiba police station,2020,65832,0.10053068399429321,5.991975366
Egypt,Luxor,Tiba police station,2021,65832,0.103574999,6.243467412
Egypt,Luxor,Tiba police station,2022,65832,0.096668832,5.678510256
Egypt,Luxor,Tiba police station,2023,65832,0.10838266462087631,6.648426055908203
Egypt,Luxor,Tiba police station,2024,65832,0.102524281,6.156232389
Egypt,Luxor,Zemam Out,2020,65833,0.09251854568719864,5.34863668
Egypt,Luxor,Zemam Out,2021,65833,0.08852284401655197,5.037975908
Egypt,Luxor,Zemam Out,2022,65833,0.07408997416496277,3.973521526
Egypt,Luxor,Zemam Out,2023,65833,0.111085214,6.880219291
Egypt,Luxor,Zemam Out,2024,65833,0.090640858,5.201798219
Egypt,Matrouh,Al-Hammam,2020,65834,0.180088669,13.74240881
Egypt,Matrouh,Al-Hammam,2021,65834,0.173454419,13.00858888
Egypt,Matrouh,Al-Hammam,2022,65834,0.170623481,12.69996433
Egypt,Matrouh,Al-Hammam,2023,65834,0.180958062,13.83965842
Egypt,Matrouh,Al-Hammam,2024,65834,0.179376215,13.66290056
Egypt,Matrouh,Alamn,2020,65835,0.127869546,8.385265248
Egypt,Matrouh,Alamn,2021,65835,0.07774483412504196,4.234426827
Egypt,Matrouh,Alamn,2022,65835,0.078274094,4.272698743
Egypt,Matrouh,Alamn,2023,65835,0.076327913,4.132575507
Egypt,Matrouh,Alamn,2024,65835,0.086482093,4.881954094
Egypt,Matrouh,Daba,2020,65837,0.233166218,20.11070527
Egypt,Matrouh,Daba,2021,65837,0.222540677,18.76906149
Egypt,Matrouh,Daba,2022,65837,0.216055334,17.96589095
Egypt,Matrouh,Daba,2023,65837,0.187524706,14.58219684
Egypt,Matrouh,Daba,2024,65837,0.182755932,14.04155632
Egypt,Matrouh,Marsa Matruh,2020,65838,0.191058278,14.98753952
Egypt,Matrouh,Marsa Matruh,2021,65838,0.19234327971935272,15.13593379
Egypt,Matrouh,Marsa Matruh,2022,65838,0.193917453,15.31843608
Egypt,Matrouh,Marsa Matruh,2023,65838,0.193024114,15.21477023
Egypt,Matrouh,Marsa Matruh,2024,65838,0.188531801,14.69731431
Egypt,Matrouh,Salloum,2020,65840,0.195456803,15.49765745
Egypt,Matrouh,Salloum,2021,65840,0.196481943,15.6174241
Egypt,Matrouh,Salloum,2022,65840,0.203246713,16.41593745
Egypt,Matrouh,Salloum,2023,65840,0.196034521,15.56511147
Egypt,Matrouh,Salloum,2024,65840,0.195956647,15.5560129
Egypt,Matrouh,Sidi Barani,2020,65841,0.349213779,36.49038417
Egypt,Matrouh,Sidi Barani,2021,65841,0.284443736,26.99535866
Egypt,Matrouh,Sidi Barani,2022,65841,0.258796453,23.47128006
Egypt,Matrouh,Sidi Barani,2023,65841,0.275780559,25.78808106
Egypt,Matrouh,Sidi Barani,2024,65841,0.319749415,32.07675544
Egypt,Matrouh,Siwa,2020,65842,0.349783242,36.57703503
Egypt,Matrouh,Siwa,2021,65842,0.335517585,34.4211789
Egypt,Matrouh,Siwa,2022,65842,0.312327385,30.98839899
Egypt,Matrouh,Siwa,2023,65842,0.340117097,35.11281655
Egypt,Matrouh,Siwa,2024,65842,0.352822363,37.04027402
Egypt,Menia,Kesm Al-minya,2020,65843,0.02935509756207466,1.278488591
Egypt,Menia,Kesm Al-minya,2021,65843,0.027443917468190193,1.184686892
Egypt,Menia,Kesm Al-minya,2022,65843,0.028974348679184914,1.259657025
Egypt,Menia,Kesm Al-minya,2023,65843,0.03066924214363098,1.344035189
Egypt,Menia,Kesm Al-minya,2024,65843,0.03066924214363098,1.344035189
Egypt,Menia,Kesm Mallawi,2020,65845,0.065756202,3.400954007
Egypt,Menia,Kesm Mallawi,2021,65845,0.060435112565755844,3.051849543
Egypt,Menia,Kesm Mallawi,2022,65845,0.05738651379942894,2.857701734
Egypt,Menia,Kesm Mallawi,2023,65845,0.064772263,3.335425043
Egypt,Menia,Kesm Mallawi,2024,65845,0.06849842518568039,3.585901982
Egypt,Menia,Markz Abu Qurqas,2020,65846,0.042492982000112534,1.971751843
Egypt,Menia,Markz Abu Qurqas,2021,65846,0.040163118,1.842696304
Egypt,Menia,Markz Abu Qurqas,2022,65846,0.036414582282304764,1.640559785
Egypt,Menia,Markz Abu Qurqas,2023,65846,0.047050878,2.231742647
Egypt,Menia,Markz Abu Qurqas,2024,65846,0.05147208645939827,2.493365059
Egypt,Menia,Markz Al Idwa,2020,65848,0.074148707,3.977667307
Egypt,Menia,Markz Al Idwa,2021,65848,0.077312022,4.203221207
Egypt,Menia,Markz Al Idwa,2022,65848,0.05954502522945404,2.994721293
Egypt,Menia,Markz Al Idwa,2023,65848,0.06852320581674576,3.587588819
Egypt,Menia,Markz Al Idwa,2024,65848,0.071053162,3.761261713
Egypt,Menia,Markz Al Minya,2024,65849,0.078573301,4.294389803
Egypt,Menia,Markz Al Minya,2020,65849,0.07167268544435501,3.80422851
Egypt,Menia,Markz Al Minya,2021,65849,0.073646039,3.942235194
Egypt,Menia,Markz Al Minya,2022,65849,0.055689801,2.751512722
Egypt,Menia,Markz Al Minya,2023,65849,0.08348369598388672,4.65598492
Egypt,Menia,Markz Bani Mazar,2020,65850,0.07253587990999222,3.864381827
Egypt,Menia,Markz Bani Mazar,2021,65850,0.073219895362854,3.912285454
Egypt,Menia,Markz Bani Mazar,2022,65850,0.06711569428443909,3.492218393
Egypt,Menia,Markz Bani Mazar,2024,65850,0.07124805450439453,3.77475983
Egypt,Menia,Markz Bani Mazar,2023,65850,0.06975525617599487,3.671804843
Egypt,Menia,Markz Dir Mawas,2022,65852,0.04007389023900032,1.837805768
Egypt,Menia,Markz Dir Mawas,2020,65852,0.04393553361296654,2.052964164
Egypt,Menia,Markz Dir Mawas,2021,65852,0.040966861,1.886921938
Egypt,Menia,Markz Dir Mawas,2023,65852,0.03531366214156151,1.582489749
Egypt,Menia,Markz Dir Mawas,2024,65852,0.04143371433019638,1.912753233
Egypt,Menia,Markz Maghagha,2020,65854,0.066938341,3.480264863
Egypt,Menia,Markz Maghagha,2021,65854,0.071068391,3.762315849
Egypt,Menia,Markz Maghagha,2022,65854,0.06970245391130447,3.668181543
Egypt,Menia,Markz Maghagha,2023,65854,0.075002477,4.038105786
Egypt,Menia,Markz Maghagha,2024,65854,0.083232403,4.637224017
Egypt,Menia,Markz Mallawi,2022,65855,0.040435549,1.857651803
Egypt,Menia,Markz Mallawi,2020,65855,0.043223995715379715,2.01278162
Egypt,Menia,Markz Mallawi,2021,65855,0.04552344232797623,2.143510534
Egypt,Menia,Markz Mallawi,2023,65855,0.043567851,2.032169842
Egypt,Menia,Markz Mallawi,2024,65855,0.05303400754928589,2.587992539
Egypt,Menia,Markz Matay,2021,65857,0.110158712,6.800419997
Egypt,Menia,Markz Matay,2022,65857,0.09007368981838226,5.157740881
Egypt,Menia,Markz Matay,2020,65857,0.096771494,5.68676227
Egypt,Menia,Markz Matay,2023,65857,0.108680971,6.673865183
Egypt,Menia,Markz Matay,2024,65857,0.159079492,11.4700032
Egypt,Menia,Markz Samalut,2020,65862,0.065738343,3.399760694
Egypt,Menia,Markz Samalut,2021,65862,0.066694804,3.463873842
Egypt,Menia,Markz Samalut,2022,65862,0.061473943293094635,3.118985818
Egypt,Menia,Markz Samalut,2023,65862,0.07362131029367447,3.94049504
Egypt,Menia,Markz Samalut,2024,65862,0.073329531,3.919982976
Egypt,Menia,New Minya,2020,65865,0.037036151,1.673606067
Egypt,Menia,New Minya,2021,65865,0.028939668089151382,1.257945309
Egypt,Menia,New Minya,2022,65865,0.029232729,1.272428526
Egypt,Menia,New Minya,2023,65865,0.03017643466591835,1.319355201
Egypt,Menia,New Minya,2024,65865,0.02887127362191677,1.254571336
Egypt,Menia,Zemam Out,2020,65866,0.311916918,30.92850543
Egypt,Menia,Zemam Out,2021,65866,0.291292399,27.96135483
Egypt,Menia,Zemam Out,2022,65866,0.266682357,24.53852004
Egypt,Menia,Zemam Out,2023,65866,0.275892258,25.80354033
Egypt,Menia,Zemam Out,2024,65866,0.282834768,26.76988212
Egypt,Menoufia,Al-Bagur,2020,65872,0.030854662880301476,1.35335212
Egypt,Menoufia,Al-Bagur,2021,65872,0.040275219827890396,1.848845954
Egypt,Menoufia,Al-Bagur,2022,65872,0.041994884610176086,1.943941891
Egypt,Menoufia,Al-Bagur,2023,65872,0.132231683,8.794486241
Egypt,Menoufia,Al-Bagur,2024,65872,0.161900908,11.76632755
Egypt,Menoufia,Al-Shuhada,2020,65873,0.2121465504169464,17.48771693
Egypt,Menoufia,Al-Shuhada,2021,65873,0.214284807,17.74874088
Egypt,Menoufia,Al-Shuhada,2022,65873,0.208645612,17.06327145
Egypt,Menoufia,Al-Shuhada,2023,65873,0.219583169,18.40128954
Egypt,Menoufia,Al-Shuhada,2024,65873,0.217638209,18.16080038
Egypt,Menoufia,Ashmun,2020,65874,0.046542872,2.202274544
Egypt,Menoufia,Ashmun,2021,65874,0.06167873740196228,3.132279528
Egypt,Menoufia,Ashmun,2022,65874,0.089926943,5.1463641
Egypt,Menoufia,Ashmun,2023,65874,0.164080575,11.99716201
Egypt,Menoufia,Ashmun,2024,65874,0.162250698,11.80325969
Egypt,Menoufia,Birkat Al-Sab,2020,65875,0.104349859,6.308092202
Egypt,Menoufia,Birkat Al-Sab,2021,65875,0.12054887413978577,7.715105183
Egypt,Menoufia,Birkat Al-Sab,2022,65875,0.115177557,7.236843798
Egypt,Menoufia,Birkat Al-Sab,2023,65875,0.16461054980754852,12.05353851
Egypt,Menoufia,Birkat Al-Sab,2024,65875,0.165904909,12.19163694
Egypt,Menoufia,Minuf,2020,65876,0.180681646,13.80871164
Egypt,Menoufia,Minuf,2021,65876,0.173051357,12.96448185
Egypt,Menoufia,Minuf,2022,65876,0.18728213012218475,14.55451768
Egypt,Menoufia,Minuf,2023,65876,0.167665154,12.38037159
Egypt,Menoufia,Minuf,2024,65876,0.182210714,13.98021693
Egypt,Menoufia,Minuf City,2020,65877,0.04848732799291611,2.315730072
Egypt,Menoufia,Minuf City,2021,65877,0.049176912754774094,2.356396458
Egypt,Menoufia,Minuf City,2022,65877,0.04957707226276398,2.380097854
Egypt,Menoufia,Minuf City,2023,65877,0.064567588,3.321849375
Egypt,Menoufia,Minuf City,2024,65877,0.067957386,3.549142199
Egypt,Menoufia,Quwisna,2020,65879,0.024351593106985092,1.036756271
Egypt,Menoufia,Quwisna,2021,65879,0.02422151155769825,1.030637911
Egypt,Menoufia,Quwisna,2022,65879,0.024351593106985092,1.036756271
Egypt,Menoufia,Quwisna,2023,65879,0.02351721003651619,0.997658126
Egypt,Menoufia,Quwisna,2024,65879,0.02514103427529335,1.074068716
Egypt,Menoufia,Sadat City,2020,65888,0.019800657406449318,0.82774652
Egypt,Menoufia,Sadat City,2021,65888,0.015396240167319775,0.635414767
Egypt,Menoufia,Sadat City,2022,65888,0.014937677420675755,0.615956556
Egypt,Menoufia,Sadat City,2023,65888,0.015396240167319775,0.635414767
Egypt,Menoufia,Sadat City,2024,65888,0.017144083976745605,0.710562235
Egypt,Menoufia,Shibin al-Kum,2020,65889,0.029402120038866997,1.28081926
Egypt,Menoufia,Shibin al-Kum,2021,65889,0.026325589045882225,1.130638882
Egypt,Menoufia,Shibin al-Kum,2022,65889,0.029534725472331047,1.287397733
Egypt,Menoufia,Shibin al-Kum,2023,65889,0.028665658086538315,1.244442035
Egypt,Menoufia,Shibin al-Kum,2024,65889,0.030558521,1.338479801
Egypt,Menoufia,Sirs Al-Layyana City,2020,65891,0.07071397453546524,3.737810455
Egypt,Menoufia,Sirs Al-Layyana City,2021,65891,0.06835899502038956,3.576416029
Egypt,Menoufia,Sirs Al-Layyana City,2022,65891,0.067515917,3.519245548
Egypt,Menoufia,Sirs Al-Layyana City,2023,65891,0.07188009470701218,3.818651753
Egypt,Menoufia,Sirs Al-Layyana City,2024,65891,0.064084269,3.289867629
Egypt,Menoufia,Tala,2020,65894,0.180725694,13.81364142
Egypt,Menoufia,Tala,2021,65894,0.180164009,13.75082643
Egypt,Menoufia,Tala,2022,65894,0.183940113,14.17511695
Egypt,Menoufia,Tala,2023,65894,0.208757013,17.07672113
Egypt,Menoufia,Tala,2024,65894,0.201746076,16.23758381
Egypt,New Valley,A-Dakhla Oasis,2020,65896,0.33632499,34.54234486
Egypt,New Valley,A-Dakhla Oasis,2021,65896,0.334439456,34.25955056
Egypt,New Valley,A-Dakhla Oasis,2022,65896,0.327470869,33.21948584
Egypt,New Valley,A-Dakhla Oasis,2023,65896,0.331667066,33.84480024
Egypt,New Valley,A-Dakhla Oasis,2024,65896,0.338309646,34.84062444
Egypt,New Valley,Al-Kharga Oasis,2020,65897,0.275989145,25.81695193
Egypt,New Valley,Al-Kharga Oasis,2021,65897,0.263631254,24.12382361
Egypt,New Valley,Al-Kharga Oasis,2022,65897,0.208283842,17.01961985
Egypt,New Valley,Al-Kharga Oasis,2023,65897,0.282876551,26.7757303
Egypt,New Valley,Al-Kharga Oasis,2024,65897,0.287696242,27.45287072
Egypt,New Valley,Al Farafra Oasis,2020,65898,0.290387809,27.83319131
Egypt,New Valley,Al Farafra Oasis,2021,65898,0.280772507,26.48171257
Egypt,New Valley,Al Farafra Oasis,2022,65898,0.251702607,22.52424897
Egypt,New Valley,Al Farafra Oasis,2023,65898,0.255285323,23.00097613
Egypt,New Valley,Al Farafra Oasis,2024,65898,0.278665602,26.18827727
Egypt,North Sinai,Al-Hasna,2020,65905,0.176345289,13.32654107
Egypt,North Sinai,Al-Hasna,2021,65905,0.180053383,13.73846703
Egypt,North Sinai,Al-Hasna,2022,65905,0.178381145,13.55213472
Egypt,North Sinai,Al-Hasna,2023,65905,0.179350734,13.66006005
Egypt,North Sinai,Al-Hasna,2024,65905,0.182957858,14.06429853
Egypt,North Sinai,Bir Al-Abd,2020,65907,0.183984727,14.18015782
Egypt,North Sinai,Bir Al-Abd,2021,65907,0.188020736,14.63885544
Egypt,North Sinai,Bir Al-Abd,2022,65907,0.185902983,14.39751146
Egypt,North Sinai,Bir Al-Abd,2023,65907,0.194743931,15.41456745
Egypt,North Sinai,Bir Al-Abd,2024,65907,0.190937996,14.97367602
Egypt,North Sinai,El Arish 1,2020,65913,0.01872233673930168,0.779750185
Egypt,North Sinai,El Arish 1,2021,65913,0.019363749772310257,0.808228877
Egypt,North Sinai,El Arish 1,2022,65913,0.01921936310827732,0.801799989
Egypt,North Sinai,El Arish 1,2023,65913,0.02130386233329773,0.895633177
Egypt,North Sinai,El Arish 1,2024,65913,0.019580034539103508,0.817878759
Egypt,North Sinai,El Arish 2,2020,65914,0.05590319260954857,2.764794316
Egypt,North Sinai,El Arish 2,2021,65914,0.05161773040890694,2.50214033
Egypt,North Sinai,El Arish 2,2022,65914,0.038939789,1.775981407
Egypt,North Sinai,El Arish 2,2023,65914,0.038076282,1.729325339
Egypt,North Sinai,El Arish 2,2024,65914,0.04067446291446686,1.870796815
Egypt,North Sinai,El Arish 3,2020,65922,0.160622656,11.63172983
Egypt,North Sinai,El Arish 3,2021,65922,0.138923556,9.436382694
Egypt,North Sinai,El Arish 3,2022,65922,0.103057958,6.200483397
Egypt,North Sinai,El Arish 3,2023,65922,0.117887437,7.476695496
Egypt,North Sinai,El Arish 3,2024,65922,0.144000903,9.934641537
Egypt,North Sinai,El Arish 4,2020,65925,0.171515107,12.79687447
Egypt,North Sinai,El Arish 4,2021,65925,0.174622297,13.13669951
Egypt,North Sinai,El Arish 4,2022,65925,0.182883486,14.05592074
Egypt,North Sinai,El Arish 4,2023,65925,0.185335487,14.33308504
Egypt,North Sinai,El Arish 4,2024,65925,0.185215563,14.31948368
Egypt,North Sinai,Nakhl,2020,65927,0.212922201,17.58224726
Egypt,North Sinai,Nakhl,2021,65927,0.177417576,13.44518915
Egypt,North Sinai,Nakhl,2022,65927,0.159273595,11.49029934
Egypt,North Sinai,Nakhl,2023,65927,0.179198951,13.6431444
Egypt,North Sinai,Nakhl,2024,65927,0.204288572,16.54016939
Egypt,North Sinai,Qasima,2020,65928,0.280470014,26.43952267
Egypt,North Sinai,Qasima,2021,65928,0.246875986,21.88714676
Egypt,North Sinai,Qasima,2022,65928,0.242944106,21.37258819
Egypt,North Sinai,Qasima,2023,65928,0.248231724,22.06549862
Egypt,North Sinai,Qasima,2024,65928,0.236009642,20.47501565
Egypt,North Sinai,Rafah,2020,65929,0.102140918,6.124518006
Egypt,North Sinai,Rafah,2021,65929,0.03238110616803169,1.430694971
Egypt,North Sinai,Rafah,2022,65929,0.033267751,1.476145474
Egypt,North Sinai,Rafah,2023,65929,0.0303871538490057,1.329893446
Egypt,North Sinai,Rafah,2024,65929,0.029302336275577545,1.275874779
Egypt,North Sinai,Rummana,2020,65931,0.106050491,6.450796301
Egypt,North Sinai,Rummana,2021,65931,0.092313111,5.332498075
Egypt,North Sinai,Rummana,2022,65931,0.079346493,4.350624942
Egypt,North Sinai,Rummana,2023,65931,0.091664687,5.28167695
Egypt,North Sinai,Rummana,2024,65931,0.10112958401441574,6.04114638
Egypt,North Sinai,Shaykh Zuwayd,2020,65932,0.189048275,14.75647721
Egypt,North Sinai,Shaykh Zuwayd,2021,65932,0.176675156,13.36299977
Egypt,North Sinai,Shaykh Zuwayd,2022,65932,0.200064152,16.03850602
Egypt,North Sinai,Shaykh Zuwayd,2023,65932,0.18067803978919983,13.80830808
Egypt,North Sinai,Shaykh Zuwayd,2024,65932,0.180968851,13.84086677
Egypt,Port Said,Al-Arab,2021,65933,0.082436562,4.577990189
Egypt,Port Said,Al-Arab,2023,65933,0.07888258993625641,4.316853133
Egypt,Port Said,Al-Arab,2024,65933,0.084468439,4.72976816
Egypt,Port Said,Al-Arab,2020,65933,0.07888258993625641,4.316853133
Egypt,Port Said,Al-Arab,2022,65933,0.08015649020671844,4.409819083
Egypt,Port Said,Al-Dawahy,2020,65935,0.081965029,4.543024827
Egypt,Port Said,Al-Dawahy,2021,65935,0.081894159,4.537778034
Egypt,Port Said,Al-Dawahy,2022,65935,0.077223152,4.196823909
Egypt,Port Said,Al-Dawahy,2023,65935,0.081965029,4.543024827
Egypt,Port Said,Al-Dawahy,2024,65935,0.0796809047460556,4.375028619
Egypt,Port Said,Al-Ganoub,2020,65939,0.174293786,13.10061697
Egypt,Port Said,Al-Ganoub,2021,65939,0.151211202,10.65856185
Egypt,Port Said,Al-Ganoub,2022,65939,0.151037663,10.64091576
Egypt,Port Said,Al-Ganoub,2023,65939,0.12041383981704712,7.702941312
Egypt,Port Said,Al-Ganoub,2024,65939,0.142776176,9.813576824
Egypt,Port Said,Al-Ganoub 2,2020,65940,0.277989507,26.09432529
Egypt,Port Said,Al-Ganoub 2,2021,65940,0.245480448,21.70405463
Egypt,Port Said,Al-Ganoub 2,2022,65940,0.261328787,23.81235683
Egypt,Port Said,Al-Ganoub 2,2023,65940,0.268238425,24.75086652
Egypt,Port Said,Al-Ganoub 2,2024,65940,0.285073042,27.08370131
Egypt,Port Said,Al-Manasra,2020,65942,0.168976068,12.52162185
Egypt,Port Said,Al-Manasra,2021,65942,0.172710627,12.92723862
Egypt,Port Said,Al-Manasra,2022,65942,0.174500212,13.12328584
Egypt,Port Said,Al-Manasra,2023,65942,0.167107284,12.32044072
Egypt,Port Said,Al-Manasra,2024,65942,0.174660623,13.14091146
Egypt,Port Said,Al-Munakh,2024,65944,0.055576179,2.744449541
Egypt,Port Said,Al-Munakh,2020,65944,0.05778719484806061,2.882973467
Egypt,Port Said,Al-Munakh,2021,65944,0.05489647015929222,2.702321587
Egypt,Port Said,Al-Munakh,2022,65944,0.0560402050614357,2.773333187
Egypt,Port Said,Al-Munakh,2023,65944,0.054650001,2.687098813
Egypt,Port Said,Al-Sharq,2020,65946,0.07237860560417175,3.853397022
Egypt,Port Said,Al-Sharq,2021,65946,0.069267847,3.638406437
Egypt,Port Said,Al-Sharq,2022,65946,0.069174573,3.63202731
Egypt,Port Said,Al-Sharq,2023,65946,0.06966480612754822,3.665598913
Egypt,Port Said,Al-Sharq,2024,65946,0.07188839465379715,3.819229333
Egypt,Port Said,Al-Zohour,2020,65949,0.065863118,3.408100988
Egypt,Port Said,Al-Zohour,2021,65949,0.052034493535757065,2.527306017
Egypt,Port Said,Al-Zohour,2022,65949,0.052423473447561264,2.550867636
Egypt,Port Said,Al-Zohour,2023,65949,0.052935962,2.58201886
Egypt,Port Said,Al-Zohour,2024,65949,0.060477119,3.054554647
Egypt,Port Said,Mubark-Sharq Tafrea,2020,65951,0.315773278,31.49244473
Egypt,Port Said,Mubark-Sharq Tafrea,2021,65951,0.299229771,29.0932124
Egypt,Port Said,Mubark-Sharq Tafrea,2022,65951,0.292171299,28.0860432
Egypt,Port Said,Mubark-Sharq Tafrea,2023,65951,0.280778617,26.48256489
Egypt,Port Said,Mubark-Sharq Tafrea,2024,65951,0.297684312,28.87182054
Egypt,Port Said,Police Department Port Said Port,2020,65952,0.03747381642460823,1.696987614
Egypt,Port Said,Police Department Port Said Port,2021,65952,0.03790808469057083,1.720279546
Egypt,Port Said,Police Department Port Said Port,2022,65952,0.037793361,1.714117443
Egypt,Port Said,Police Department Port Said Port,2023,65952,0.03898947685956955,1.778677071
Egypt,Port Said,Police Department Port Said Port,2024,65952,0.038441002368927,1.74898748
Egypt,Port Said,Port Fuad,2020,65953,0.049327552318573,2.365309941
Egypt,Port Said,Port Fuad,2021,65953,0.049549449,2.378459316
Egypt,Port Said,Port Fuad,2022,65953,0.04976384714245796,2.391186394
Egypt,Port Said,Port Fuad,2023,65953,0.049549449,2.378459316
Egypt,Port Said,Port Fuad,2024,65953,0.057984311,2.895433277
Egypt,Port Said,Port Fuad 2,2020,65958,0.2111380398273468,17.3650736
Egypt,Port Said,Port Fuad 2,2021,65958,0.095432207,5.579458467
Egypt,Port Said,Port Fuad 2,2022,65958,0.101555467,6.076203141
Egypt,Port Said,Port Fuad 2,2023,65958,0.099198051,5.883100192
Egypt,Port Said,Port Fuad 2,2024,65958,0.09610646963119507,5.633385916
Egypt,Qena,Abu Tisht,2020,65959,0.07292633503675461,3.891700942
Egypt,Qena,Abu Tisht,2021,65959,0.074963607,4.035347148
Egypt,Qena,Abu Tisht,2022,65959,0.08075767010450363,4.453939235
Egypt,Qena,Abu Tisht,2023,65959,0.136450678,9.197204826
Egypt,Qena,Abu Tisht,2024,65959,0.139013931,9.445167429
Egypt,Qena,Al Waqf,2020,65963,0.078215651,4.268466576
Egypt,Qena,Al Waqf,2021,65963,0.076172069,4.121427385
Egypt,Qena,Al Waqf,2022,65963,0.078467622,4.286724097
Egypt,Qena,Al Waqf,2023,65963,0.086463168,4.880515667
Egypt,Qena,Al Waqf,2024,65963,0.081799552,4.530777274
Egypt,Qena,Armant,2020,65966,0.084770493,4.752484434
Egypt,Qena,Armant,2021,65966,0.08165844529867172,4.52034295
Egypt,Qena,Armant,2022,65966,0.09066196531057358,5.203440496
Egypt,Qena,Armant,2023,65966,0.08689690381288528,4.913522251
Egypt,Qena,Armant,2024,65966,0.084901318,4.762335532
Egypt,Qena,Dishna,2021,65973,0.04235360771417618,1.963958245
Egypt,Qena,Dishna,2023,65973,0.05913599580526352,2.968591204
Egypt,Qena,Dishna,2024,65973,0.054212745279073715,2.660162147
Egypt,Qena,Dishna,2020,65973,0.04443448781967163,2.081285987
Egypt,Qena,Dishna,2022,65973,0.04513777419924736,2.12140815
Egypt,Qena,Farshut,2020,65974,0.093639933,5.437047279
Egypt,Qena,Farshut,2021,65974,0.09259233623743057,5.354437922
Egypt,Qena,Farshut,2022,65974,0.09729311615228653,5.728759221
Egypt,Qena,Farshut,2023,65974,0.105042621,6.366079736
Egypt,Qena,Farshut,2024,65974,0.098015301,5.787092668
Egypt,Qena,Isna,2020,65976,0.081997298,4.545414522
Egypt,Qena,Isna,2021,65976,0.080331467,4.422644148
Egypt,Qena,Isna,2022,65976,0.07688643038272858,4.172616881
Egypt,Qena,Isna,2023,65976,0.082347102,4.571349096
Egypt,Qena,Isna,2024,65976,0.079479352,4.36031441
Egypt,Qena,Nag Hammadi,2020,65977,0.055648569,2.748948903
Egypt,Qena,Nag Hammadi,2021,65977,0.055497471,2.739560249
Egypt,Qena,Nag Hammadi,2022,65977,0.05403164401650429,2.64903176
Egypt,Qena,Nag Hammadi,2023,65977,0.066644192,3.460470842
Egypt,Qena,Nag Hammadi,2024,65977,0.068901993,3.613407704
Egypt,Qena,Naqada,2020,65978,0.04805295541882515,2.29022967
Egypt,Qena,Naqada,2021,65978,0.044528302,2.08662438
Egypt,Qena,Naqada,2022,65978,0.033829462,1.505138763
Egypt,Qena,Naqada,2023,65978,0.04245850443840027,1.969823042
Egypt,Qena,Naqada,2024,65978,0.04232393577694893,1.962300239
Egypt,Qena,Qift,2020,65979,0.080210179,4.413752821
Egypt,Qena,Qift,2021,65979,0.09434385597705841,5.492817648
Egypt,Qena,Qift,2022,65979,0.077831298,4.240670778
Egypt,Qena,Qift,2023,65979,0.0925373062491417,5.350111372
Egypt,Qena,Qift,2024,65979,0.090944894,5.225472231
Egypt,Qena,Qina,2020,65980,0.043140549,2.008085046
Egypt,Qena,Qina,2021,65980,0.04353605955839157,2.030374902
Egypt,Qena,Qina,2022,65980,0.042558812,1.975436175
Egypt,Qena,Qina,2023,65980,0.04474364593625069,2.098894228
Egypt,Qena,Qina,2024,65980,0.04519188031554222,2.124504658
Egypt,Qena,Qina City,2020,65981,0.11354083567857742,7.093402706
Egypt,Qena,Qina City,2021,65981,0.116714299,7.372500791
Egypt,Qena,Qina City,2022,65981,0.10378285497426987,6.260778658
Egypt,Qena,Qina City,2023,65981,0.10146896541118622,6.069076638
Egypt,Qena,Qina City,2024,65981,0.10153459012508392,6.07448292
Egypt,Qena,Qus,2020,65983,0.063188657,3.230885993
Egypt,Qena,Qus,2021,65983,0.06427161395549774,3.302251789
Egypt,Qena,Qus,2022,65983,0.056104596704244614,2.777349211
Egypt,Qena,Qus,2023,65983,0.06954549998044968,3.657418752
Egypt,Qena,Qus,2024,65983,0.069637403,3.663719458
Egypt,Qena,Zemam Out,2020,65984,0.218482018,18.26500084
Egypt,Qena,Zemam Out,2021,65984,0.196063757,15.56852784
Egypt,Qena,Zemam Out,2022,65984,0.1744537502527237,13.11818233
Egypt,Qena,Zemam Out,2023,65984,0.207250804,16.89518874
Egypt,Qena,Zemam Out,2024,65984,0.1955537497997284,15.50896961
Egypt,Red Sea,Hurghada 1,2020,65985,0.142169669,9.753829318
Egypt,Red Sea,Hurghada 1,2021,65985,0.14257360994815826,9.793606649
Egypt,Red Sea,Hurghada 1,2022,65985,0.132575586,8.82705932
Egypt,Red Sea,Hurghada 1,2023,65985,0.135601997,9.11565195
Egypt,Red Sea,Hurghada 1,2024,65985,0.134862483,9.044811715
Egypt,Red Sea,Hurghada 2,2020,65987,0.182902694,14.05808426
Egypt,Red Sea,Hurghada 2,2021,65987,0.183440566,14.11871847
Egypt,Red Sea,Hurghada 2,2022,65987,0.177526802,13.45729644
Egypt,Red Sea,Hurghada 2,2023,65987,0.177809507,13.48865181
Egypt,Red Sea,Hurghada 2,2024,65987,0.178264663,13.53919003
Egypt,Red Sea,Marsa Alam,2020,65989,0.300327122,29.2507037
Egypt,Red Sea,Marsa Alam,2021,65989,0.315992266,31.52455105
Egypt,Red Sea,Marsa Alam,2022,65989,0.280461639,26.43835495
Egypt,Red Sea,Marsa Alam,2023,65989,0.286427766,27.27416996
Egypt,Red Sea,Marsa Alam,2024,65989,0.282353908,26.70260551
Egypt,Red Sea,Qusir,2020,65990,0.228179261,19.47710404
Egypt,Red Sea,Qusir,2021,65990,0.234794304,20.31903328
Egypt,Red Sea,Qusir,2022,65990,0.224239618,18.98145564
Egypt,Red Sea,Qusir,2023,65990,0.237419575,20.65647269
Egypt,Red Sea,Qusir,2024,65990,0.239854157,20.97105561
Egypt,Red Sea,Ras Gharib,2020,65994,0.248405635,22.08841146
Egypt,Red Sea,Ras Gharib,2021,65994,0.242541566,21.32013631
Egypt,Red Sea,Ras Gharib,2022,65994,0.238790303,20.83339572
Egypt,Red Sea,Ras Gharib,2023,65994,0.238785967,20.83283524
Egypt,Red Sea,Ras Gharib,2024,65994,0.247423589,21.95912878
Egypt,Red Sea,Safaga,2020,65995,0.25239709,22.61640694
Egypt,Red Sea,Safaga,2021,65995,0.278576672,26.17591346
Egypt,Red Sea,Safaga,2022,65995,0.249836564,22.27723044
Egypt,Red Sea,Safaga,2023,65995,0.267118543,24.59798596
Egypt,Red Sea,Safaga,2024,65995,0.270580202,25.07150478
Egypt,Red Sea,Shallatin,2020,65998,0.234537035,20.28606554
Egypt,Red Sea,Shallatin,2021,65998,0.226916179,19.3177212
Egypt,Red Sea,Shallatin,2022,65998,0.225169525,19.09805446
Egypt,Red Sea,Shallatin,2023,65998,0.241779536,21.22095869
Egypt,Red Sea,Shallatin,2024,65998,0.2228243499994278,18.80446811
Egypt,Shrkia,10 Ramadan 1,2020,65999,0.075791262,4.094232096
Egypt,Shrkia,10 Ramadan 1,2021,65999,0.073755391,3.949933627
Egypt,Shrkia,10 Ramadan 1,2022,65999,0.079667702,4.374064241
Egypt,Shrkia,10 Ramadan 1,2023,65999,0.064479113,3.315986879
Egypt,Shrkia,10 Ramadan 1,2024,65999,0.064479113,3.315986879
Egypt,Shrkia,10 Ramadan 2,2020,66001,0.090187728,5.166588285
Egypt,Shrkia,10 Ramadan 2,2021,66001,0.07173969596624374,3.808886314
Egypt,Shrkia,10 Ramadan 2,2022,66001,0.072680727,3.874508418
Egypt,Shrkia,10 Ramadan 2,2023,66001,0.08416832983493805,4.707237381
Egypt,Shrkia,10 Ramadan 2,2024,66001,0.08245610445737839,4.57944144
Egypt,Shrkia,Abu Hammad,2020,66002,0.146764606,10.20986975
Egypt,Shrkia,Abu Hammad,2021,66002,0.138415635,9.387068521
Egypt,Shrkia,Abu Hammad,2022,66002,0.115942523,7.304253581
Egypt,Shrkia,Abu Hammad,2023,66002,0.157178223,11.2719042
Egypt,Shrkia,Abu Hammad,2024,66002,0.176486373,13.34213001
Egypt,Shrkia,Abu Kabir,2020,66004,0.03801099956035614,1.725812781
Egypt,Shrkia,Abu Kabir,2021,66004,0.039508868008852005,1.806926489
Egypt,Shrkia,Abu Kabir,2022,66004,0.04066113382577896,1.870062726
Egypt,Shrkia,Abu Kabir,2023,66004,0.048005398,2.287443161010742
Egypt,Shrkia,Abu Kabir,2024,66004,0.079334632,4.349760266
Egypt,Shrkia,Al-Husayniya,2020,66006,0.158194169,11.37759934
Egypt,Shrkia,Al-Husayniya,2021,66006,0.152350083,10.77463784
Egypt,Shrkia,Al-Husayniya,2022,66006,0.162642658,11.84469521
Egypt,Shrkia,Al-Husayniya,2023,66006,0.164333224,12.02402559
Egypt,Shrkia,Al-Husayniya,2024,66006,0.164671674,12.06004696
Egypt,Shrkia,Al-Qanayat,2020,66007,0.061896231,3.14641868
Egypt,Shrkia,Al-Qanayat,2021,66007,0.06191781535744667,3.14782305
Egypt,Shrkia,Al-Qanayat,2022,66007,0.062128939,3.161570927
Egypt,Shrkia,Al-Qanayat,2023,66007,0.05630701780319214,2.789986514
Egypt,Shrkia,Al-Qanayat,2024,66007,0.066020213,3.418611743
Egypt,Shrkia,Al-Salhiyya,2020,66009,0.0773814246058464,4.208219513
Egypt,Shrkia,Al-Salhiyya,2021,66009,0.04350494220852852,2.0286185
Egypt,Shrkia,Al-Salhiyya,2022,66009,0.024112332612276077,1.025509228
Egypt,Shrkia,Al-Salhiyya,2023,66009,0.03489229455590248,1.560420283
Egypt,Shrkia,Al-Salhiyya,2024,66009,0.05851415544748306,2.929014139
Egypt,Shrkia,Awlad Saqr,2020,66010,0.224269062,18.98514389
Egypt,Shrkia,Awlad Saqr,2021,66010,0.240329057,21.03260364
Egypt,Shrkia,Awlad Saqr,2022,66010,0.223847002,18.93229983
Egypt,Shrkia,Awlad Saqr,2023,66010,0.222917914,18.81615134
Egypt,Shrkia,Awlad Saqr,2024,66010,0.232808858,20.06507465
Egypt,Shrkia,Bilbis,2020,66012,0.04857712611556053,2.321012931
Egypt,Shrkia,Bilbis,2021,66012,0.041247423738241196,1.902433078
Egypt,Shrkia,Bilbis,2022,66012,0.047898005694150925,2.281154778
Egypt,Shrkia,Bilbis,2023,66012,0.04499240964651108,2.113095813
Egypt,Shrkia,Bilbis,2024,66012,0.03921995311975479,1.791196461
Egypt,Shrkia,Dyarb Nigm,2020,66013,0.076194763,4.12305014
Egypt,Shrkia,Dyarb Nigm,2021,66013,0.079553872,4.365752648
Egypt,Shrkia,Dyarb Nigm,2022,66013,0.074984632,4.036839278
Egypt,Shrkia,Dyarb Nigm,2023,66013,0.1084655299782753,6.655489007
Egypt,Shrkia,Dyarb Nigm,2024,66013,0.153034493,10.84461886
Egypt,Shrkia,El-Ibrahimiya,2020,66014,0.124830782,8.104542109
Egypt,Shrkia,El-Ibrahimiya,2021,66014,0.138299122,9.375769992
Egypt,Shrkia,El-Ibrahimiya,2022,66014,0.134760171,9.035027358
Egypt,Shrkia,El-Ibrahimiya,2023,66014,0.176752269,13.37152802
Egypt,Shrkia,El-Ibrahimiya,2024,66014,0.201122344,16.1636552
Egypt,Shrkia,Faqus,2020,66015,0.099206179,5.883762042
Egypt,Shrkia,Faqus,2021,66015,0.102194369,6.128936141
Egypt,Shrkia,Faqus,2022,66015,0.098957703,5.863542925
Egypt,Shrkia,Faqus,2023,66015,0.126438409,8.252608402
Egypt,Shrkia,Faqus,2024,66015,0.133900598,8.952980786
Egypt,Shrkia,Hihya,2020,66016,0.155869097,11.13624889
Egypt,Shrkia,Hihya,2021,66016,0.159530252,11.51715691
Egypt,Shrkia,Hihya,2022,66016,0.139643341,9.506432652
Egypt,Shrkia,Hihya,2023,66016,0.17899242043495178,13.6201397
Egypt,Shrkia,Hihya,2024,66016,0.199288428,15.94698302
Egypt,Shrkia,Kafr Saqr,2020,66017,0.074251659,3.984938097
Egypt,Shrkia,Kafr Saqr,2021,66017,0.080005758,4.398781792
Egypt,Shrkia,Kafr Saqr,2022,66017,0.093871161,5.455343871
Egypt,Shrkia,Kafr Saqr,2023,66017,0.157149717,11.26894384
Egypt,Shrkia,Kafr Saqr,2024,66017,0.181659266,13.91827608
Egypt,Shrkia,Mashtul Al-Suq,2020,66018,0.05203993618488312,2.527635203
Egypt,Shrkia,Mashtul Al-Suq,2021,66018,0.044623099,2.092023008
Egypt,Shrkia,Mashtul Al-Suq,2022,66018,0.04587133601307869,2.163508908
Egypt,Shrkia,Mashtul Al-Suq,2023,66018,0.052478253841400146,2.554191544
Egypt,Shrkia,Mashtul Al-Suq,2024,66018,0.055895574390888214,2.76431979
Egypt,Shrkia,Minya al-Qamh,2020,66019,0.041862391,1.936564521
Egypt,Shrkia,Minya al-Qamh,2021,66019,0.04284060746431351,1.991231144
Egypt,Shrkia,Minya al-Qamh,2022,66019,0.041850704699754715,1.935914226
Egypt,Shrkia,Minya al-Qamh,2023,66019,0.0410388819873333,1.890900064
Egypt,Shrkia,Minya al-Qamh,2024,66019,0.096102178,5.633042073
Egypt,Shrkia,Qurin,2020,66020,0.071916647,3.821195616
Egypt,Shrkia,Qurin,2021,66020,0.07170693576335907,3.806608949
Egypt,Shrkia,Qurin,2022,66020,0.072329961,3.85000167
Egypt,Shrkia,Qurin,2023,66020,0.07786715030670166,4.243260793
Egypt,Shrkia,Qurin,2024,66020,0.079931818,4.393371269
Egypt,Shrkia,Zaqaziq,2020,66022,0.04002686217427254,1.835229736
Egypt,Shrkia,Zaqaziq,2021,66022,0.03795049339532852,1.722559035
Egypt,Shrkia,Zaqaziq,2022,66022,0.037242699,1.684628991
Egypt,Shrkia,Zaqaziq,2023,66022,0.03635554015636444,1.637430524
Egypt,Shrkia,Zaqaziq,2024,66022,0.03606966510415077,1.622303003
Egypt,Shrkia,Zaqaziq 1,2023,66025,0.069274172,3.638839192
Egypt,Shrkia,Zaqaziq 1,2024,66025,0.067439109,3.514053055
Egypt,Shrkia,Zaqaziq 1,2020,66025,0.067445897,3.514511805
Egypt,Shrkia,Zaqaziq 1,2021,66025,0.067445897,3.514511805
Egypt,Shrkia,Zaqaziq 1,2022,66025,0.069515839,3.655386074
Egypt,Shrkia,Zaqaziq 2,2020,66026,0.0519847571849823,2.524298466
Egypt,Shrkia,Zaqaziq 2,2021,66026,0.042096142,1.949585666
Egypt,Shrkia,Zaqaziq 2,2022,66026,0.049940959,2.401716443
Egypt,Shrkia,Zaqaziq 2,2023,66026,0.052205861,2.537677457
Egypt,Shrkia,Zaqaziq 2,2024,66026,0.052482799,2.554467375
Egypt,Shrkia,Zemam Out,2020,66027,0.008511114865541458,0.354584359
Egypt,Shrkia,Zemam Out,2021,66027,0.010606509633362293,0.437474357
Egypt,Shrkia,Zemam Out,2022,66027,0.010784383863210678,0.444614897
Egypt,Shrkia,Zemam Out,2023,66027,0.008560843765735626,0.356525298
Egypt,Shrkia,Zemam Out,2024,66027,0.008560843765735626,0.356525298
Egypt,South Sinai,Abu Radis,2020,66028,0.268084824,24.7298802
Egypt,South Sinai,Abu Radis,2021,66028,0.272559196,25.34346484
Egypt,South Sinai,Abu Radis,2022,66028,0.246645644,21.85689156
Egypt,South Sinai,Abu Radis,2023,66028,0.264142215,24.19311691
Egypt,South Sinai,Abu Radis,2024,66028,0.2701704502105713,25.01530873
Egypt,South Sinai,Al-Tur,2020,66029,0.269105464,24.86943278
Egypt,South Sinai,Al-Tur,2021,66029,0.255937785,23.08814034
Egypt,South Sinai,Al-Tur,2022,66029,0.248556569,22.1083033
Egypt,South Sinai,Al-Tur,2023,66029,0.261513621,23.83731301
Egypt,South Sinai,Al-Tur,2024,66029,0.258011967,23.36593682
Egypt,South Sinai,Nuweiba,2020,66032,0.227991253,19.45335194
Egypt,South Sinai,Nuweiba,2021,66032,0.233231962,20.11910379
Egypt,South Sinai,Nuweiba,2022,66032,0.236599937,20.55092087
Egypt,South Sinai,Nuweiba,2023,66032,0.232519031,20.02809272
Egypt,South Sinai,Nuweiba,2024,66032,0.243103176,21.39332709
Egypt,South Sinai,Ras Sidr,2020,66035,0.239136696,20.87818489
Egypt,South Sinai,Ras Sidr,2021,66035,0.229340121,19.62397977
Egypt,South Sinai,Ras Sidr,2022,66035,0.2302953600883484,19.74511992
Egypt,South Sinai,Ras Sidr,2023,66035,0.234511971,20.2828547
Egypt,South Sinai,Ras Sidr,2024,66035,0.231871068,19.94549613
Egypt,South Sinai,Sant Katrin,2020,66039,0.207022816,16.86777049
Egypt,South Sinai,Sant Katrin,2021,66039,0.196835056,15.65875429
Egypt,South Sinai,Sant Katrin,2022,66039,0.176526502,13.34656522
Egypt,South Sinai,Sant Katrin,2023,66039,0.188734964,14.72057665
Egypt,South Sinai,Sant Katrin,2024,66039,0.194320291,15.36526508
Egypt,South Sinai,Sharm el-Sheikh,2020,66041,0.185594544,14.36248214
Egypt,South Sinai,Sharm el-Sheikh,2021,66041,0.189498454,14.80811572
Egypt,South Sinai,Sharm el-Sheikh,2022,66041,0.17125006020069122,12.76803846
Egypt,South Sinai,Sharm el-Sheikh,2023,66041,0.181981221,13.95442721
Egypt,South Sinai,Sharm el-Sheikh,2024,66041,0.181247279,13.87206522
Egypt,South Sinai,Taba,2020,66042,0.135622144,9.11758473
Egypt,South Sinai,Taba,2021,66042,0.126685992,8.275500787
Egypt,South Sinai,Taba,2022,66042,0.117009118,7.398634144
Egypt,South Sinai,Taba,2023,66042,0.127041191,8.308385342
Egypt,South Sinai,Taba,2024,66042,0.143881232,9.922787504
Egypt,Suez,Al-Arbiin,2023,66043,0.022565364837646484,0.953481357
Egypt,Suez,Al-Arbiin,2024,66043,0.02094195783138275,0.87918511
Egypt,Suez,Al-Arbiin,2020,66043,0.018930815160274506,0.788983804
Egypt,Suez,Al-Arbiin,2021,66043,0.021105997264385223,0.886632315
Egypt,Suez,Al-Arbiin,2022,66043,0.0212712325155735,0.894147494
Egypt,Suez,Al-Ganayin,2020,66044,0.248653769,22.12111658
Egypt,Suez,Al-Ganayin,2021,66044,0.238134652,20.74870657
Egypt,Suez,Al-Ganayin,2022,66044,0.220282882,18.48807405
Egypt,Suez,Al-Ganayin,2023,66044,0.220140964,18.47046071
Egypt,Suez,Al-Ganayin,2024,66044,0.243091509,21.39180569
Egypt,Suez,Ataqa,2020,66047,0.13333261013031006,8.898920504
Egypt,Suez,Ataqa,2021,66047,0.118775047,7.555894594
Egypt,Suez,Ataqa,2022,66047,0.099778898,5.930463797
Egypt,Suez,Ataqa,2023,66047,0.119616367,7.631252175
Egypt,Suez,Ataqa,2024,66047,0.141783312,9.715840236
Egypt,Suez,Faysal,2020,66048,0.12170426547527313,7.819477014
Egypt,Suez,Faysal,2021,66048,0.122993752,7.936583269
Egypt,Suez,Faysal,2022,66048,0.11446329951286316,7.174114383
Egypt,Suez,Faysal,2023,66048,0.122231498,7.867279249
Egypt,Suez,Faysal,2024,66048,0.129531994,8.54035873
Egypt,Suez,Suez,2020,66052,0.053872086107730865,2.639238118
Egypt,Suez,Suez,2021,66052,0.05394154414534569,2.64349998
Egypt,Suez,Suez,2023,66052,0.04887017607688904,2.338279723
Egypt,Suez,Suez,2024,66052,0.052970193326473236,2.584103995
Egypt,Suez,Suez,2022,66052,0.050461259,2.432736133
Egypt,Suhag,Akhmim,2020,66054,0.05760817602276802,2.871673205
Egypt,Suhag,Akhmim,2021,66054,0.0564919151365757,2.801546443
Egypt,Suhag,Akhmim,2022,66054,0.04383140429854393,2.047068553
Egypt,Suhag,Akhmim,2023,66054,0.05788595601916313,2.889213956
Egypt,Suhag,Akhmim,2024,66054,0.058672744780778885,2.939090587
Egypt,Suhag,Akhmim City,2020,66055,0.245382681,21.69124676
Egypt,Suhag,Akhmim City,2021,66055,0.239288002,20.89775913
Egypt,Suhag,Akhmim City,2022,66055,0.2399998903274536,20.98993659
Egypt,Suhag,Akhmim City,2023,66055,0.220463425,18.5104893
Egypt,Suhag,Akhmim City,2024,66055,0.215550497,17.90388074
Egypt,Suhag,Al-Balyana,2020,66056,0.04310636222362518,2.006161882
Egypt,Suhag,Al-Balyana,2021,66056,0.052765612,2.571650591
Egypt,Suhag,Al-Balyana,2022,66056,0.043698251,2.039537229
Egypt,Suhag,Al-Balyana,2023,66056,0.06846638023853302,3.583721067
Egypt,Suhag,Al-Balyana,2024,66056,0.05088373273611069,2.458017401
Egypt,Suhag,Al-Maragha,2020,66059,0.08882172405719757,5.060976774
Egypt,Suhag,Al-Maragha,2021,66059,0.05157742276787758,2.499710735
Egypt,Suhag,Al-Maragha,2022,66059,0.043636151,2.036027633
Egypt,Suhag,Al-Maragha,2023,66059,0.12628906965255737,8.23881147
Egypt,Suhag,Al-Maragha,2024,66059,0.150387168,10.57486804
Egypt,Suhag,Al-Minshat,2020,66061,0.11790817975997925,7.478542711
Egypt,Suhag,Al-Minshat,2021,66061,0.049811094999313354,2.393994037
Egypt,Suhag,Al-Minshat,2022,66061,0.04064022749662399,1.868911499
Egypt,Suhag,Al-Minshat,2023,66061,0.03572207689285278,1.603963438
Egypt,Suhag,Al-Minshat,2024,66061,0.05750397592782974,2.865102588
Egypt,Suhag,Al Usayrat,2020,66062,0.060455840080976486,3.053184241
Egypt,Suhag,Al Usayrat,2021,66062,0.055761188,2.755953559
Egypt,Suhag,Al Usayrat,2022,66062,0.043509967625141144,2.028902125
Egypt,Suhag,Al Usayrat,2023,66062,0.056148659,2.780098459
Egypt,Suhag,Al Usayrat,2024,66062,0.05874895676970482,2.943937081
Egypt,Suhag,Dar al-Salam,2021,66065,0.06855108588933945,3.58948697
Egypt,Suhag,Dar al-Salam,2022,66065,0.04922065511345863,2.358983629
Egypt,Suhag,Dar al-Salam,2020,66065,0.07472747564315796,4.018603009
Egypt,Suhag,Dar al-Salam,2023,66065,0.090697899,5.206236804
Egypt,Suhag,Dar al-Salam,2024,66065,0.08555823564529419,4.811913627
Egypt,Suhag,Girga,2020,66066,0.03232896700501442,1.42803426
Egypt,Suhag,Girga,2021,66066,0.03322891518473625,1.474146615
Egypt,Suhag,Girga,2022,66066,0.03599897399544716,1.618568409
Egypt,Suhag,Girga,2023,66066,0.03779827803373337,1.714381437
Egypt,Suhag,Girga,2024,66066,0.03131415322422981,1.376513328
Egypt,Suhag,Guhayna Al-Gharbiyya,2020,66067,0.05003154277801514,2.407107787
Egypt,Suhag,Guhayna Al-Gharbiyya,2021,66067,0.04935259744524956,2.366792924
Egypt,Suhag,Guhayna Al-Gharbiyya,2022,66067,0.03943653404712677,1.802984467
Egypt,Suhag,Guhayna Al-Gharbiyya,2023,66067,0.04753745719790459,2.260082706
Egypt,Suhag,Guhayna Al-Gharbiyya,2024,66067,0.048503316938877106,2.316670429
Egypt,Suhag,Kawther,2020,66069,0.201905742,16.25652761
Egypt,Suhag,Kawther,2021,66069,0.198521897,15.85672789
Egypt,Suhag,Kawther,2022,66069,0.196050912,15.56702683
Egypt,Suhag,Kawther,2023,66069,0.199106753,15.92557523
Egypt,Suhag,Kawther,2024,66069,0.195722908,15.5287147
Egypt,Suhag,Kesm Tahta,2020,66070,0.0640248954296112,3.285946161
Egypt,Suhag,Kesm Tahta,2021,66070,0.06382175534963608,3.272541492
Egypt,Suhag,Kesm Tahta,2022,66070,0.0609762966632843,3.086762597
Egypt,Suhag,Kesm Tahta,2023,66070,0.06382175534963608,3.272541492
Egypt,Suhag,Kesm Tahta,2024,66070,0.06382175534963608,3.272541492
Egypt,Suhag,Saqulta,2020,66072,0.079585098,4.368032084
Egypt,Suhag,Saqulta,2021,66072,0.088380948,5.02706946
Egypt,Suhag,Saqulta,2022,66072,0.071544982,3.795357635
Egypt,Suhag,Saqulta,2023,66072,0.09829393029212952,5.809657095
Egypt,Suhag,Saqulta,2024,66072,0.134155899,8.977320069
Egypt,Suhag,Suhag,2020,66073,0.035683051,1.601908003
Egypt,Suhag,Suhag,2021,66073,0.03835239261388779,1.744204592
Egypt,Suhag,Suhag,2022,66073,0.03467250242829323,1.548942884
Egypt,Suhag,Suhag,2023,66073,0.042252812534570694,1.958327743
Egypt,Suhag,Suhag,2024,66073,0.044593889,2.090359068
Egypt,Suhag,Suhag-2,2020,66079,0.04891232028603554,2.340766243
Egypt,Suhag,Suhag-2,2021,66079,0.04890093579888344,2.340094472
Egypt,Suhag,Suhag-2,2022,66079,0.048396334052085876,2.310380757
Egypt,Suhag,Suhag-2,2023,66079,0.04309256747364998,2.005386027
Egypt,Suhag,Suhag-2,2024,66079,0.044417419,2.080315128
Egypt,Suhag,Tahta,2020,66090,0.03829474002122879,1.74109472
Egypt,Suhag,Tahta,2021,66090,0.032771699,1.450669728
Egypt,Suhag,Tahta,2022,66090,0.03693122789263725,1.668014571
Egypt,Suhag,Tahta,2023,66090,0.03269021585583687,1.44649653
Egypt,Suhag,Tahta,2024,66090,0.095416278,5.578186762
Egypt,Suhag,Tama,2020,66091,0.036700971,1.655762605
Egypt,Suhag,Tama,2021,66091,0.037414879,1.693833542
Egypt,Suhag,Tama,2022,66091,0.03629956394433975,1.634465325
Egypt,Suhag,Tama,2023,66091,0.03625333309173584,1.632017511
Egypt,Suhag,Tama,2024,66091,0.03655927628278732,1.648235806
Egypt,Suhag,Zemam Out,2020,66093,0.28592821955680847,27.20388964
Egypt,Suhag,Zemam Out,2021,66093,0.244420975,21.56539132
Egypt,Suhag,Zemam Out,2022,66093,0.183954656,14.17676013
Egypt,Suhag,Zemam Out,2023,66093,0.219445318,18.38420873
Egypt,Suhag,Zemam Out,2024,66093,0.225305527,19.11512799
Jordan,Amman,Jami'ah,2020,36714,0.019924497231841087,0.833296244
Jordan,Amman,Jami'ah,2021,36714,0.025369102135300636,1.084906093
Jordan,Amman,Jami'ah,2022,36714,0.025349346920847893,1.083966335
Jordan,Amman,Jami'ah,2023,36714,0.0199794489890337,0.835761315
Jordan,Amman,Jami'ah,2024,36714,0.019242390990257263,0.802824611
Jordan,Amman,Al-Jeeza,2020,36715,0.133551091,8.919700661
Jordan,Amman,Al-Jeeza,2021,36715,0.115125522,7.232266939
Jordan,Amman,Al-Jeeza,2022,36715,0.113455988,7.085996136
Jordan,Amman,Al-Jeeza,2023,36715,0.108652271,6.671416135
Jordan,Amman,Al-Jeeza,2024,36715,0.109746993,6.765070712
Jordan,Amman,Qwaismeh,2020,36716,0.016115186735987663,0.666137392
Jordan,Amman,Qwaismeh,2021,36716,0.02644982561469078,1.136612456
Jordan,Amman,Qwaismeh,2022,36716,0.026415670290589333,1.134969426
Jordan,Amman,Qwaismeh,2023,36716,0.0170254148542881,0.705411015
Jordan,Amman,Qwaismeh,2024,36716,0.020668700337409973,0.866809602
Jordan,Amman,Amman,2020,36717,0.02464035153388977,1.050368172
Jordan,Amman,Amman,2021,36717,0.01546404603868723,0.638301067
Jordan,Amman,Amman,2024,36717,0.01450022216886282,0.59749391
Jordan,Amman,Amman,2022,36717,0.014746575616300106,0.607879166
Jordan,Amman,Amman,2023,36717,0.014427699148654938,0.594442535
Jordan,Amman,Marka,2020,36718,0.019873788580298424,0.831022865
Jordan,Amman,Marka,2021,36718,0.019458744674921036,0.812464314
Jordan,Amman,Marka,2022,36718,0.020337671041488647,0.851868047
Jordan,Amman,Marka,2023,36718,0.019458744674921036,0.812464314
Jordan,Amman,Marka,2024,36718,0.019458744674921036,0.812464314
Jordan,Amman,Al-Muwaqar,2020,36719,0.02225480042397976,0.939165797
Jordan,Amman,Al-Muwaqar,2021,36719,0.022987421602010727,0.973013721
Jordan,Amman,Al-Muwaqar,2022,36719,0.027561582624912262,1.190409675
Jordan,Amman,Al-Muwaqar,2023,36719,0.029052891,1.263535796
Jordan,Amman,Al-Muwaqar,2024,36719,0.02351316437125206,0.997469399
Jordan,Amman,Na'oor,2020,36720,0.112689354,7.019205841
Jordan,Amman,Na'oor,2021,36720,0.111578248,6.922826151
Jordan,Amman,Na'oor,2022,36720,0.111578248,6.922826151
Jordan,Amman,Na'oor,2023,36720,0.11197682470083237,6.957342103
Jordan,Amman,Na'oor,2024,36720,0.111746117,6.937355454
Jordan,Amman,Sahab,2020,36721,0.080005407,4.398756162
Jordan,Amman,Sahab,2021,36721,0.075482808,4.072251036
Jordan,Amman,Sahab,2022,36721,0.077878714,4.244096264
Jordan,Amman,Sahab,2023,36721,0.07820336520671844,4.267577063
Jordan,Amman,Sahab,2024,36721,0.07707512378692627,4.186175936
Jordan,Amman,Wadisseer,2020,36722,0.046247952,2.185223313
Jordan,Amman,Wadisseer,2021,36722,0.049675189,2.38592084
Jordan,Amman,Wadisseer,2022,36722,0.049012426286935806,2.346675891
Jordan,Amman,Wadisseer,2023,36722,0.04705817624926567,2.232166869
Jordan,Amman,Wadisseer,2024,36722,0.04888458549976349,2.339129788
Jordan,Aqaba,Al-Qwaira,2020,36724,0.178833693,13.60246922
Jordan,Aqaba,Al-Qwaira,2021,36724,0.1741349995136261,13.08318939
Jordan,Aqaba,Al-Qwaira,2022,36724,0.176301837,13.32174126
Jordan,Aqaba,Al-Qwaira,2023,36724,0.178383067,13.55234838
Jordan,Aqaba,Al-Qwaira,2024,36724,0.176952481,13.39367944
Jordan,Balqa,Dair Ala,2020,36725,0.0290225762873888,1.262038363
Jordan,Balqa,Dair Ala,2021,36725,0.04937954992055893,2.368389177
Jordan,Balqa,Dair Ala,2022,36725,0.044592749,2.09029414
Jordan,Balqa,Dair Ala,2023,36725,0.04434484243392944,2.076188733
Jordan,Balqa,Dair Ala,2024,36725,0.043021976947784424,2.001417247
Jordan,Balqa,Al-Shoona Al-Janoobiya,2020,36726,0.355971813,37.52172552
Jordan,Balqa,Al-Shoona Al-Janoobiya,2021,36726,0.355334222,37.42414492
Jordan,Balqa,Al-Shoona Al-Janoobiya,2022,36726,0.335784912,34.46128456
Jordan,Balqa,Al-Shoona Al-Janoobiya,2023,36726,0.347518146,36.23265588
Jordan,Balqa,Al-Shoona Al-Janoobiya,2024,36726,0.348858953,36.43641702
Jordan,Balqa,Al-Ruseifa,2020,36728,0.05628690496087074,2.788730002
Jordan,Balqa,Al-Ruseifa,2021,36728,0.055872042,2.762854154
Jordan,Balqa,Al-Ruseifa,2022,36728,0.054846130311489105,2.69921012
Jordan,Balqa,Al-Ruseifa,2023,36728,0.055872042,2.762854154
Jordan,Balqa,Al-Ruseifa,2024,36728,0.05407867208123207,2.651920607
Jordan,Irbid,Al-Teeba,2020,36729,0.308531791,30.43577528
Jordan,Irbid,Al-Teeba,2021,36729,0.306978703,30.21044287
Jordan,Irbid,Al-Teeba,2022,36729,0.306969494,30.20910816
Jordan,Irbid,Al-Teeba,2023,36729,0.300253898,29.24018706
Jordan,Irbid,Al-Teeba,2024,36729,0.303691953,29.73511937
Jordan,Irbid,Al-Aghwar Al-Shimaliya,2020,36730,0.03147288039326668,1.384538324
Jordan,Irbid,Al-Aghwar Al-Shimaliya,2021,36730,0.034964434802532196,1.56419254
Jordan,Irbid,Al-Aghwar Al-Shimaliya,2022,36730,0.03678887337446213,1.660436834
Jordan,Irbid,Al-Aghwar Al-Shimaliya,2023,36730,0.03678887337446213,1.660436834
Jordan,Irbid,Al-Aghwar Al-Shimaliya,2024,36730,0.0344558022916317,1.537650045
Jordan,Irbid,Al-Ramtha,2020,36731,0.188603461,14.70551791
Jordan,Irbid,Al-Ramtha,2021,36731,0.18800806999206543,14.63740769
Jordan,Irbid,Al-Ramtha,2022,36731,0.197572663,15.7452134
Jordan,Irbid,Al-Ramtha,2023,36731,0.1371823400259018,9.267731478
Jordan,Irbid,Al-Ramtha,2024,36731,0.147705421,10.30420274
Jordan,Irbid,Beni Obaid,2020,36732,0.049795169,2.39304756
Jordan,Irbid,Beni Obaid,2021,36732,0.04791071638464928,2.281898772
Jordan,Irbid,Beni Obaid,2022,36732,0.050068449,2.409305477
Jordan,Irbid,Beni Obaid,2023,36732,0.05064266547560692,2.443581395
Jordan,Irbid,Beni Obaid,2024,36732,0.048167143017053604,2.296924541
Jordan,Irbid,Beni Kinana,2020,36734,0.235501289,20.40972256
Jordan,Irbid,Beni Kinana,2021,36734,0.226408064,19.25373021
Jordan,Irbid,Beni Kinana,2022,36734,0.207106903,16.87788117
Jordan,Irbid,Beni Kinana,2023,36734,0.127504781,8.351378478
Jordan,Irbid,Beni Kinana,2024,36734,0.12688308954238892,8.293742167
Jordan,Irbid,Al-Koora,2020,36735,0.253073722,22.70631299
Jordan,Irbid,Al-Koora,2021,36735,0.251347899,22.47722637
Jordan,Irbid,Al-Koora,2022,36735,0.240188405,21.0143686
Jordan,Irbid,Al-Koora,2023,36735,0.220235348,18.48217394
Jordan,Irbid,Al-Koora,2024,36735,0.225885242,19.18796257
Jordan,Irbid,Al-Mazar Al-Shimali,2020,36736,0.223127931,18.84238488
Jordan,Irbid,Al-Mazar Al-Shimali,2021,36736,0.217180938,18.10441882
Jordan,Irbid,Al-Mazar Al-Shimali,2022,36736,0.13790751993656158,9.337832558
Jordan,Irbid,Al-Mazar Al-Shimali,2023,36736,0.136658981,9.2172631
Jordan,Irbid,Al-Mazar Al-Shimali,2024,36736,0.136354417,9.187941001
Jordan,Jarash,Jarash,2020,36737,0.119659089,7.635086269
Jordan,Jarash,Jarash,2021,36737,0.09939992427825928,5.899545421
Jordan,Jarash,Jarash,2022,36737,0.09963062405586243,5.918359792
Jordan,Jarash,Jarash,2023,36737,0.09562743455171585,5.595053005
Jordan,Jarash,Jarash,2024,36737,0.09562743455171585,5.595053005
Jordan,Karak,Al-Aghwar Al-Janoobiya,2020,36738,0.328204602,33.32861162
Jordan,Karak,Al-Aghwar Al-Janoobiya,2021,36738,0.330021501,33.59922602
Jordan,Karak,Al-Aghwar Al-Janoobiya,2022,36738,0.337482452,34.7162266
Jordan,Karak,Al-Aghwar Al-Janoobiya,2023,36738,0.345735192,35.96211744
Jordan,Karak,Al-Aghwar Al-Janoobiya,2024,36738,0.359184653,38.0142963
Jordan,Karak,Ayy,2020,36739,0.04801416024565697,2.287956497
Jordan,Karak,Ayy,2021,36739,0.060163967311382294,3.034408024
Jordan,Karak,Ayy,2022,36739,0.04873460531234741,2.33028671
Jordan,Karak,Ayy,2023,36739,0.05013815686106682,2.413458151
Jordan,Karak,Ayy,2024,36739,0.052155256271362305,2.534613357
Jordan,Karak,Al-Mazar Al-Janoobi,2020,36741,0.06890257447957993,3.613447366
Jordan,Karak,Al-Mazar Al-Janoobi,2021,36741,0.071215287,3.772489171
Jordan,Karak,Al-Mazar Al-Janoobi,2022,36741,0.068652019,3.596361698
Jordan,Karak,Al-Mazar Al-Janoobi,2023,36741,0.069010817,3.620837277
Jordan,Karak,Al-Mazar Al-Janoobi,2024,36741,0.068814911,3.607466268
Jordan,Ma'an,Al-Shobak,2020,36745,0.194161892,15.34684541
Jordan,Ma'an,Al-Shobak,2021,36745,0.193130493,15.22710158
Jordan,Ma'an,Al-Shobak,2022,36745,0.191510409,15.03969252
Jordan,Ma'an,Al-Shobak,2023,36745,0.156363681,11.18742733
Jordan,Ma'an,Al-Shobak,2024,36745,0.158330813,11.39184315
Jordan,Ma'an,Wadi Moosa,2020,36746,0.046828966587781906,2.218855052
Jordan,Ma'an,Wadi Moosa,2021,36746,0.04662582278251648,2.207077932
Jordan,Ma'an,Wadi Moosa,2022,36746,0.04662582278251648,2.207077932
Jordan,Ma'an,Wadi Moosa,2023,36746,0.046828966587781906,2.218855052
Jordan,Ma'an,Wadi Moosa,2024,36746,0.04992511495947838,2.400773866
Jordan,Ajloon,Kufranjeh,2020,65715,0.273484349,25.47091254
Jordan,Ajloon,Kufranjeh,2021,65715,0.272271872,25.30392359
Jordan,Ajloon,Kufranjeh,2022,65715,0.260052711,23.6402883
Jordan,Ajloon,Kufranjeh,2023,65715,0.266369879,24.49594728
Jordan,Ajloon,Kufranjeh,2024,65715,0.266961992,24.5766379
Jordan,Ajloon,Ajloon,2020,65716,0.203344285,16.42755803
Jordan,Ajloon,Ajloon,2021,65716,0.203918651,16.49602186
Jordan,Ajloon,Ajloon,2022,65716,0.208546907,17.05135768
Jordan,Ajloon,Ajloon,2023,65716,0.218846649,18.31009228
Jordan,Ajloon,Ajloon,2024,65716,0.216297984,17.99572271
Jordan,Aqaba,Aqaba,2020,65717,0.160088837,11.57568957
Jordan,Aqaba,Aqaba,2021,65717,0.158905461,11.45181719
Jordan,Aqaba,Aqaba,2022,65717,0.146521822,10.18557904
Jordan,Aqaba,Aqaba,2023,65717,0.153446406,10.88681829
Jordan,Aqaba,Aqaba,2024,65717,0.153446406,10.88681829
Jordan,Aqaba,Wadi Araba,2020,65718,0.222430766,18.75534913
Jordan,Aqaba,Wadi Araba,2021,65718,0.210763842,17.31964476
Jordan,Aqaba,Wadi Araba,2022,65718,0.18727687001228333,14.55391769
Jordan,Aqaba,Wadi Araba,2023,65718,0.205715373,16.71083784
Jordan,Aqaba,Wadi Araba,2024,65718,0.22346509993076324,18.8845273
Jordan,Balqa,Mahes & Fhais,2020,65719,0.185914129,14.3987779
Jordan,Balqa,Mahes & Fhais,2021,65719,0.175299823,13.21123136
Jordan,Balqa,Mahes & Fhais,2022,65719,0.170141309,12.64767031
Jordan,Balqa,Mahes & Fhais,2023,65719,0.164725438,12.06577268
Jordan,Balqa,Mahes & Fhais,2024,65719,0.158527374,11.4123444
Jordan,Balqa,Al-Ardha,2020,65720,0.155115873,11.05847482
Jordan,Balqa,Al-Ardha,2021,65720,0.158526748,11.4122791
Jordan,Balqa,Al-Ardha,2022,65720,0.155425161,11.09038584
Jordan,Balqa,Al-Ardha,2023,65720,0.155958295,11.14547248
Jordan,Balqa,Al-Ardha,2024,65720,0.1557200402021408,11.12084201
Jordan,Balqa,Zay,2020,65721,0.10237478464841843,6.143857796
Jordan,Balqa,Zay,2021,65721,0.116104759,7.318580177
Jordan,Balqa,Zay,2022,65721,0.11334189027547836,7.076040733
Jordan,Balqa,Zay,2023,65721,0.109798633,6.769500623
Jordan,Balqa,Zay,2024,65721,0.109798633,6.769500623
Jordan,Balqa,Al-Salt,2020,65722,0.103243731,6.215914827
Jordan,Balqa,Al-Salt,2021,65722,0.10303438454866409,6.198526247
Jordan,Balqa,Al-Salt,2022,65722,0.103018269,6.197188417
Jordan,Balqa,Al-Salt,2023,65722,0.10200576484203339,6.113351712
Jordan,Balqa,Al-Salt,2024,65722,0.09859864413738251,5.83437121
Jordan,Balqa,Ira & Yarqa,2020,65723,0.161654949,11.74038398
Jordan,Balqa,Ira & Yarqa,2021,65723,0.161489472,11.72294145
Jordan,Balqa,Ira & Yarqa,2022,65723,0.163520709,11.93771194
Jordan,Balqa,Ira & Yarqa,2023,65723,0.17137525975704193,12.78165667
Jordan,Balqa,Ira & Yarqa,2024,65723,0.166555405,12.26125893
Jordan,Karak,Al-Qaser,2020,65724,0.103935339,6.273489563
Jordan,Karak,Al-Qaser,2021,65724,0.123942882,8.023196759
Jordan,Karak,Al-Qaser,2022,65724,0.128994927,8.490137758
Jordan,Karak,Al-Qaser,2023,65724,0.114864729,7.209344619
Jordan,Karak,Al-Qaser,2024,65724,0.118850127,7.562608103
Jordan,Karak,Al-Qatraneh,2020,65725,0.189261109,14.7808825
Jordan,Karak,Al-Qatraneh,2021,65725,0.187504128,14.57984799
Jordan,Karak,Al-Qatraneh,2022,65725,0.196947813,15.67196018
Jordan,Karak,Al-Qatraneh,2023,65725,0.181080148,13.85333474
Jordan,Karak,Al-Qatraneh,2024,65725,0.184089303,14.19197626
Jordan,Karak,Faqooa',2020,65726,0.10551026463508606,6.405335529
Jordan,Karak,Faqooa',2021,65726,0.094949067,5.54093506
Jordan,Karak,Faqooa',2022,65726,0.097255118,5.725696058
Jordan,Karak,Faqooa',2023,65726,0.098174192,5.79995626
Jordan,Karak,Faqooa',2024,65726,0.095249198,5.564854586
Jordan,Karak,Karak,2020,65727,0.041478738,1.915249977
Jordan,Karak,Karak,2021,65727,0.052360039,2.547020398
Jordan,Karak,Karak,2022,65727,0.0434112474322319,2.023332749
Jordan,Karak,Karak,2023,65727,0.049982503056526184,2.404188584
Jordan,Karak,Karak,2024,65727,0.05176861956715584,2.511242147
Jordan,Mafraq,Al-ruwaished,2020,65728,0.167510539,12.36375092
Jordan,Mafraq,Al-ruwaished,2021,65728,0.16631785035133362,12.23581673
Jordan,Mafraq,Al-ruwaished,2022,65728,0.175220177,13.20246175
Jordan,Mafraq,Al-ruwaished,2023,65728,0.170213312,12.65547431
Jordan,Mafraq,Al-ruwaished,2024,65728,0.176891029,13.38687894
Jordan,Mafraq,Bal'ama,2020,65729,0.03565537557005882,1.600450852
Jordan,Mafraq,Bal'ama,2021,65729,0.03658442199230194,1.649570825
Jordan,Mafraq,Bal'ama,2022,65729,0.053391431,2.609807503
Jordan,Mafraq,Bal'ama,2023,65729,0.037441689521074295,1.695268126
Jordan,Mafraq,Bal'ama,2024,65729,0.032688114792108536,1.446388966
Jordan,Mafraq,Mafraq,2020,65730,0.005610818974673748,0.243599764
Jordan,Mafraq,Mafraq,2021,65730,0.0075019169598817825,0.315471268
Jordan,Mafraq,Mafraq,2022,65730,0.006857458967715502,0.290770154
Jordan,Mafraq,Mafraq,2023,65730,0.008997347205877304,0.373617023
Jordan,Mafraq,Mafraq,2024,65730,0.009452961385250092,0.391561962
Jordan,Mafraq,Sabha,2020,65731,0.10344241559505463,6.232434607
Jordan,Mafraq,Sabha,2021,65731,0.083587259,4.663724675
Jordan,Mafraq,Sabha,2022,65731,0.09509024024009705,5.552181394
Jordan,Mafraq,Sabha,2023,65731,0.07700568437576294,4.181184355
Jordan,Mafraq,Sabha,2024,65731,0.097023547,5.707041313
Jordan,Mafraq,Sama Al-Serhan,2020,65732,0.017264390364289284,0.715791819
Jordan,Mafraq,Sama Al-Serhan,2021,65732,0.024207409,1.02997513
Jordan,Mafraq,Sama Al-Serhan,2022,65732,0.024676654487848282,1.052082418
Jordan,Mafraq,Sama Al-Serhan,2023,65732,0.024936041,1.064349933
Jordan,Mafraq,Sama Al-Serhan,2024,65732,0.01639345847070217,0.678099311
Jordan,Tafiela,Al-Hasa,2020,65733,0.211744398,17.43877568
Jordan,Tafiela,Al-Hasa,2021,65733,0.207336247,16.90546835
Jordan,Tafiela,Al-Hasa,2022,65733,0.216394275,18.00756565
Jordan,Tafiela,Al-Hasa,2023,65733,0.210985482,17.34654753
Jordan,Tafiela,Al-Hasa,2024,65733,0.212954655,17.58620646
Jordan,Tafiela,Bsaira,2020,65734,0.067540683,3.520920367
Jordan,Tafiela,Bsaira,2021,65734,0.069153048,3.630555761
Jordan,Tafiela,Bsaira,2022,65734,0.070046268,3.691796675
Jordan,Tafiela,Bsaira,2023,65734,0.069153048,3.630555761
Jordan,Tafiela,Bsaira,2024,65734,0.069504172,3.654586591
Jordan,Tafiela,Tafiela,2020,65735,0.093588442,5.432976008
Jordan,Tafiela,Tafiela,2021,65735,0.09352124482393265,5.427664607
Jordan,Tafiela,Tafiela,2022,65735,0.092308439,5.332131298
Jordan,Tafiela,Tafiela,2023,65735,0.094055481,5.46994492
Jordan,Tafiela,Tafiela,2024,65735,0.092735738,5.365718429
Jordan,Zarqa,Al-Hashimiya,2020,65736,0.144006342,9.935180415
Jordan,Zarqa,Al-Hashimiya,2021,65736,0.146154404,10.14885987
Jordan,Zarqa,Al-Hashimiya,2022,65736,0.143660069,9.900894143
Jordan,Zarqa,Al-Hashimiya,2023,65736,0.133515909,8.916353234
Jordan,Zarqa,Al-Hashimiya,2024,65736,0.146302879,10.16369228
Jordan,Zarqa,Al-Dhilail,2020,65737,0.111388832,6.90644562
Jordan,Zarqa,Al-Dhilail,2021,65737,0.106712118,6.506636394
Jordan,Zarqa,Al-Dhilail,2022,65737,0.064036302,3.286699426
Jordan,Zarqa,Al-Dhilail,2023,65737,0.075041421,4.040870385
Jordan,Zarqa,Al-Dhilail,2024,65737,0.056852273643016815,2.824121994
Jordan,Zarqa,Zarqa,2020,65738,0.00894677173346281,0.371631651
Jordan,Zarqa,Zarqa,2021,65738,0.009258221834897995,0.383878793
Jordan,Zarqa,Zarqa,2022,65738,0.009115396998822689,0.378256281
Jordan,Zarqa,Zarqa,2023,65738,0.007402318064123392,0.3116397261619568
Jordan,Zarqa,Zarqa,2024,65738,0.007731467951089144,0.324321586
Jordan,Irbid,Al-Wasatiya,2020,65739,0.189447612,14.80228046
Jordan,Irbid,Al-Wasatiya,2021,65739,0.206152529,16.76325221
Jordan,Irbid,Al-Wasatiya,2022,65739,0.135088339,9.066425187
Jordan,Irbid,Al-Wasatiya,2023,65739,0.134023383,8.964683502
Jordan,Irbid,Al-Wasatiya,2024,65739,0.140955806,9.634661629
Jordan,Irbid,Irbid,2020,65740,0.02469213306903839,1.052813526
Jordan,Irbid,Irbid,2021,65740,0.0242770928889513,1.033251133
Jordan,Irbid,Irbid,2022,65740,0.021859940141439438,0.921034493
Jordan,Irbid,Irbid,2023,65740,0.02232282981276512,0.942297493
Jordan,Irbid,Irbid,2024,65740,0.021231098100543022,0.89232085
Jordan,Ma'an,Al-Mraigha,2020,65741,0.164632797,12.05590723
Jordan,Ma'an,Al-Mraigha,2021,65741,0.163262069,11.91028489
Jordan,Ma'an,Al-Mraigha,2022,65741,0.170488656,12.6853338
Jordan,Ma'an,Al-Mraigha,2023,65741,0.158711284,11.43153854
Jordan,Ma'an,Al-Mraigha,2024,65741,0.162176192,11.7953895
Jordan,Ma'an,Al-Jafer,2020,65742,0.186026216,14.41151557
Jordan,Ma'an,Al-Jafer,2021,65742,0.186148971,14.42547039
Jordan,Ma'an,Al-Jafer,2022,65742,0.192911655,15.20173803
Jordan,Ma'an,Al-Jafer,2023,65742,0.181265414,13.87409814
Jordan,Ma'an,Al-Jafer,2024,65742,0.182824552,14.04928325
Jordan,Ma'an,Ail,2020,65743,0.191152856,14.9984436
Jordan,Ma'an,Ail,2021,65743,0.188068151,14.64427559
Jordan,Ma'an,Ail,2022,65743,0.192957327,15.20703021
Jordan,Ma'an,Ail,2023,65743,0.186372638,14.45090924
Jordan,Ma'an,Ail,2024,65743,0.184535563,14.24244935
Jordan,Ma'an,Ma'an,2020,65744,0.185411185,14.34167279
Jordan,Ma'an,Ma'an,2021,65744,0.189818442,14.8448599
Jordan,Ma'an,Ma'an,2022,65744,0.175718993,13.25741971
Jordan,Ma'an,Ma'an,2023,65744,0.157345757,11.28930853
Jordan,Ma'an,Ma'an,2024,65744,0.130370036,8.618945675
Jordan,Madaba,Madaba,2020,65745,0.07131312042474747,3.779270049
Jordan,Madaba,Madaba,2021,65745,0.07214055955410004,3.836791781
Jordan,Madaba,Madaba,2022,65745,0.074805088,4.024103813
Jordan,Madaba,Madaba,2023,65745,0.074805088,4.024103813
Jordan,Madaba,Madaba,2024,65745,0.072640449,3.871691554
Jordan,Madaba,Theeban,2020,65746,0.221619189,18.65420438
Jordan,Madaba,Theeban,2021,65746,0.199846342,16.01278912
Jordan,Madaba,Theeban,2022,65746,0.191096872,14.99198877
Jordan,Madaba,Theeban,2023,65746,0.147305548,10.26406895
Jordan,Madaba,Theeban,2024,65746,0.116530128,7.35619315
Kyrgyzstan,Batken,Batken,2020,18592,0.193326622,15.24984598
Kyrgyzstan,Batken,Batken,2021,18592,0.199284911,15.94656853
Kyrgyzstan,Batken,Batken,2022,18592,0.204127848,16.52098299
Kyrgyzstan,Batken,Batken,2023,18592,0.182908654,14.05875566
Kyrgyzstan,Batken,Batken,2024,18592,0.19440793991088867,15.37546081
Kyrgyzstan,Batken,Kadamjay,2020,18593,0.199931204,16.02280706
Kyrgyzstan,Batken,Kadamjay,2021,18593,0.188620299,14.7074458
Kyrgyzstan,Batken,Kadamjay,2022,18593,0.209734559,17.19490146
Kyrgyzstan,Batken,Kadamjay,2023,18593,0.179014474,13.62259551
Kyrgyzstan,Batken,Kadamjay,2024,18593,0.180077076,13.74111371
Kyrgyzstan,Batken,Leylek,2020,18594,0.231042594,19.84005725
Kyrgyzstan,Batken,Leylek,2021,18594,0.228055716,19.46149473
Kyrgyzstan,Batken,Leylek,2022,18594,0.229800105,19.68228185
Kyrgyzstan,Batken,Leylek,2023,18594,0.223880976,18.93655176
Kyrgyzstan,Batken,Leylek,2024,18594,0.224812597,19.05327131
Kyrgyzstan,Chuy,Alamudun,2020,18595,0.036891624331474304,1.665905427
Kyrgyzstan,Chuy,Alamudun,2021,18595,0.03159851208329201,1.39089885
Kyrgyzstan,Chuy,Alamudun,2022,18595,0.03619934618473053,1.629160349
Kyrgyzstan,Chuy,Alamudun,2023,18595,0.031023262068629265,1.361838509
Kyrgyzstan,Chuy,Alamudun,2024,18595,0.035040322691202164,1.568163504
Kyrgyzstan,Chuy,Chuy,2020,18596,0.228944942,19.57393846
Kyrgyzstan,Chuy,Chuy,2021,18596,0.227107882,19.34188274
Kyrgyzstan,Chuy,Chuy,2022,18596,0.230238751,19.73793386
Kyrgyzstan,Chuy,Chuy,2023,18596,0.229278475,19.6161707
Kyrgyzstan,Chuy,Chuy,2024,18596,0.235377625,20.39384957
Kyrgyzstan,Chuy,Jayyl,2020,18597,0.226249158,19.23373275
Kyrgyzstan,Chuy,Jayyl,2021,18597,0.220781729,18.55003106
Kyrgyzstan,Chuy,Jayyl,2022,18597,0.2353360503911972,20.38851424
Kyrgyzstan,Chuy,Jayyl,2023,18597,0.2030036598443985,16.38700334
Kyrgyzstan,Chuy,Jayyl,2024,18597,0.205481291,16.68279545
Kyrgyzstan,Chuy,Kemin,2020,18598,0.18603084981441498,14.41204231
Kyrgyzstan,Chuy,Kemin,2021,18598,0.191939414,15.08923803
Kyrgyzstan,Chuy,Kemin,2022,18598,0.203756556,16.47669011
Kyrgyzstan,Chuy,Kemin,2023,18598,0.178063542,13.51685007
Kyrgyzstan,Chuy,Kemin,2024,18598,0.187876821,14.62240866
Kyrgyzstan,Chuy,Moskva,2020,18599,0.235785425,20.44620842
Kyrgyzstan,Chuy,Moskva,2021,18599,0.241741806,21.21605217
Kyrgyzstan,Chuy,Moskva,2022,18599,0.244963035,21.63629934
Kyrgyzstan,Chuy,Moskva,2023,18599,0.254984528,22.96082782
Kyrgyzstan,Chuy,Moskva,2024,18599,0.244835973,21.61967118
Kyrgyzstan,Chuy,Panfilov,2020,18600,0.219145477,18.34707487
Kyrgyzstan,Chuy,Panfilov,2021,18600,0.22334671020507812,18.86972619
Kyrgyzstan,Chuy,Panfilov,2022,18600,0.218108624,18.2188657
Kyrgyzstan,Chuy,Panfilov,2023,18600,0.224478483,19.01138313
Kyrgyzstan,Chuy,Panfilov,2024,18600,0.222921312,18.81657562
Kyrgyzstan,Chuy,Sokuluk,2020,18601,0.224218428,18.97880159
Kyrgyzstan,Chuy,Sokuluk,2021,18601,0.237721652,20.69541915
Kyrgyzstan,Chuy,Sokuluk,2022,18601,0.233348191,20.13395448
Kyrgyzstan,Chuy,Sokuluk,2023,18601,0.19254142045974731,15.15886212
Kyrgyzstan,Chuy,Sokuluk,2024,18601,0.196947187,15.67188687
Kyrgyzstan,Chuy,Ysyk-Ata,2020,18602,0.195195049,15.46712972
Kyrgyzstan,Chuy,Ysyk-Ata,2021,18602,0.190389633,14.91053126
Kyrgyzstan,Chuy,Ysyk-Ata,2022,18602,0.192011386,15.09755585
Kyrgyzstan,Chuy,Ysyk-Ata,2023,18602,0.221053541,18.58382031
Kyrgyzstan,Chuy,Ysyk-Ata,2024,18602,0.218438596,18.25963371
Kyrgyzstan,Jalal-Abad,Aksy,2020,18603,0.222372204,18.74804447
Kyrgyzstan,Jalal-Abad,Aksy,2021,18603,0.215481877,17.89545776
Kyrgyzstan,Jalal-Abad,Aksy,2022,18603,0.210241586,17.25631083
Kyrgyzstan,Jalal-Abad,Aksy,2023,18603,0.201067448,16.15715434
Kyrgyzstan,Jalal-Abad,Aksy,2024,18603,0.230733216,19.80073157
Kyrgyzstan,Jalal-Abad,Ala-Buka,2020,18604,0.22491773962974548,19.06645966
Kyrgyzstan,Jalal-Abad,Ala-Buka,2021,18604,0.194945395,15.43803321
Kyrgyzstan,Jalal-Abad,Ala-Buka,2022,18604,0.198234349,15.82291764
Kyrgyzstan,Jalal-Abad,Ala-Buka,2023,18604,0.178817898,13.60071125
Kyrgyzstan,Jalal-Abad,Ala-Buka,2024,18604,0.20963340997695923,17.1826598
Kyrgyzstan,Jalal-Abad,Bazar-Korgon,2020,18605,0.195030451,15.44794404
Kyrgyzstan,Jalal-Abad,Bazar-Korgon,2021,18605,0.183996319770813,14.18146781
Kyrgyzstan,Jalal-Abad,Bazar-Korgon,2022,18605,0.206899285,16.852921
Kyrgyzstan,Jalal-Abad,Bazar-Korgon,2023,18605,0.18557322025299072,14.36006158
Kyrgyzstan,Jalal-Abad,Bazar-Korgon,2024,18605,0.197605968,15.74912116
Kyrgyzstan,Jalal-Abad,Chatkal,2020,18606,0.200452477,16.08439188
Kyrgyzstan,Jalal-Abad,Chatkal,2021,18606,0.227095664,19.34034241
Kyrgyzstan,Jalal-Abad,Chatkal,2022,18606,0.212876812,17.5767107
Kyrgyzstan,Jalal-Abad,Chatkal,2023,18606,0.214616716,17.78937862
Kyrgyzstan,Jalal-Abad,Chatkal,2024,18606,0.204976872,16.62242396
Kyrgyzstan,Jalal-Abad,Nooken,2020,18607,0.196285844,15.59448845
Kyrgyzstan,Jalal-Abad,Nooken,2021,18607,0.179120645,13.63442053
Kyrgyzstan,Jalal-Abad,Nooken,2022,18607,0.20401906967163086,16.50800203
Kyrgyzstan,Jalal-Abad,Nooken,2023,18607,0.179152668,13.63798786
Kyrgyzstan,Jalal-Abad,Nooken,2024,18607,0.184464931,14.23445643
Kyrgyzstan,Jalal-Abad,Suzak,2020,18608,0.203040496,16.39138727
Kyrgyzstan,Jalal-Abad,Suzak,2021,18608,0.206061199,16.75229718
Kyrgyzstan,Jalal-Abad,Suzak,2022,18608,0.192972034,15.20873455
Kyrgyzstan,Jalal-Abad,Suzak,2023,18608,0.209369332,17.15071389
Kyrgyzstan,Jalal-Abad,Suzak,2024,18608,0.205183506,16.6471457
Kyrgyzstan,Jalal-Abad,Toguz-Toro,2020,18609,0.187255919,14.55152799
Kyrgyzstan,Jalal-Abad,Toguz-Toro,2021,18609,0.205100074,16.63716238
Kyrgyzstan,Jalal-Abad,Toguz-Toro,2022,18609,0.206320256,16.78337786
Kyrgyzstan,Jalal-Abad,Toguz-Toro,2023,18609,0.204636812,16.58176749
Kyrgyzstan,Jalal-Abad,Toguz-Toro,2024,18609,0.204199255,16.52950615
Kyrgyzstan,Jalal-Abad,Toktogul,2020,18610,0.195366353,15.48710604
Kyrgyzstan,Jalal-Abad,Toktogul,2021,18610,0.193255261,15.24156901
Kyrgyzstan,Jalal-Abad,Toktogul,2022,18610,0.193078846,15.22111424
Kyrgyzstan,Jalal-Abad,Toktogul,2023,18610,0.196861893,15.66189702
Kyrgyzstan,Jalal-Abad,Toktogul,2024,18610,0.206237763,16.77347847
Kyrgyzstan,Naryn,Ak-Talaa,2020,18611,0.211338446,17.3894206
Kyrgyzstan,Naryn,Ak-Talaa,2021,18611,0.2168172299861908,18.05961708
Kyrgyzstan,Naryn,Ak-Talaa,2022,18611,0.212632447,17.54691356
Kyrgyzstan,Naryn,Ak-Talaa,2023,18611,0.217990041,18.20422239
Kyrgyzstan,Naryn,Ak-Talaa,2024,18611,0.193984151,15.32618598
Kyrgyzstan,Naryn,At-Bashy,2024,18612,0.225867778,19.18576701
Kyrgyzstan,Naryn,At-Bashy,2020,18612,0.245643973,21.72548275
Kyrgyzstan,Naryn,At-Bashy,2021,18612,0.224797994,19.05143985
Kyrgyzstan,Naryn,At-Bashy,2022,18612,0.214783013,17.8097516
Kyrgyzstan,Naryn,At-Bashy,2023,18612,0.215968162,17.95517812
Kyrgyzstan,Naryn,Jumgal,2020,18613,0.171130389,12.75502655
Kyrgyzstan,Naryn,Jumgal,2021,18613,0.185827315,14.38891501
Kyrgyzstan,Naryn,Jumgal,2022,18613,0.1783774197101593,13.55172066
Kyrgyzstan,Naryn,Jumgal,2023,18613,0.188188121,14.65799271
Kyrgyzstan,Naryn,Jumgal,2024,18613,0.186298877,14.44251822
Kyrgyzstan,Naryn,Kochkor,2020,18614,0.215513945,17.8993938
Kyrgyzstan,Naryn,Kochkor,2021,18614,0.209343225,17.14755684
Kyrgyzstan,Naryn,Kochkor,2022,18614,0.210079163,17.23663041
Kyrgyzstan,Naryn,Kochkor,2023,18614,0.20304059982299805,16.39139968
Kyrgyzstan,Naryn,Kochkor,2024,18614,0.220157057,18.47245773
Kyrgyzstan,Naryn,Naryn,2020,18615,0.222440019,18.75650347
Kyrgyzstan,Naryn,Naryn,2021,18615,0.222562283,18.77175751
Kyrgyzstan,Naryn,Naryn,2022,18615,0.205538452,16.68964163
Kyrgyzstan,Naryn,Naryn,2023,18615,0.22042272984981537,18.50543599
Kyrgyzstan,Naryn,Naryn,2024,18615,0.214081928,17.72391695
Kyrgyzstan,Osh,Alay,2020,18616,0.194104314,15.34015183
Kyrgyzstan,Osh,Alay,2021,18616,0.193124577,15.22641574
Kyrgyzstan,Osh,Alay,2022,18616,0.188357979,14.67742201
Kyrgyzstan,Osh,Alay,2023,18616,0.194109872,15.34079793
Kyrgyzstan,Osh,Alay,2024,18616,0.176381439,13.33053482
Kyrgyzstan,Osh,Aravan,2020,18617,0.200539038,16.09462658
Kyrgyzstan,Osh,Aravan,2021,18617,0.195983931,15.55920049
Kyrgyzstan,Osh,Aravan,2022,18617,0.202919066,16.37693714
Kyrgyzstan,Osh,Aravan,2023,18617,0.204597473,16.5770665
Kyrgyzstan,Osh,Aravan,2024,18617,0.202698201,16.35066576
Kyrgyzstan,Osh,Chong-Alay,2020,18618,0.2103012502193451,17.2635422
Kyrgyzstan,Osh,Chong-Alay,2021,18618,0.2169499397277832,18.0759599
Kyrgyzstan,Osh,Chong-Alay,2022,18618,0.217235357,18.1111255
Kyrgyzstan,Osh,Chong-Alay,2023,18618,0.19444707036018372,15.38001344
Kyrgyzstan,Osh,Chong-Alay,2024,18618,0.204269916,16.5379419
Kyrgyzstan,Osh,Kara-Kulja,2020,18619,0.213872671,17.69832533
Kyrgyzstan,Osh,Kara-Kulja,2021,18619,0.204678118,16.58670404
Kyrgyzstan,Osh,Kara-Kulja,2022,18619,0.216510788,18.02189917
Kyrgyzstan,Osh,Kara-Kulja,2023,18619,0.203959286,16.50086938
Kyrgyzstan,Osh,Kara-Kulja,2024,18619,0.218060151,18.21287945
Kyrgyzstan,Osh,Kara-Suu,2020,18620,0.08678672462701797,4.905130092
Kyrgyzstan,Osh,Kara-Suu,2021,18620,0.07330724596977234,3.918417928
Kyrgyzstan,Osh,Kara-Suu,2022,18620,0.088148206,5.009199233
Kyrgyzstan,Osh,Kara-Suu,2023,18620,0.075850204,4.098437196
Kyrgyzstan,Osh,Kara-Suu,2024,18620,0.072797917,3.882708337
Kyrgyzstan,Osh,Nookat,2020,18621,0.201519966,16.21077003
Kyrgyzstan,Osh,Nookat,2021,18621,0.204171807,16.52622974
Kyrgyzstan,Osh,Nookat,2022,18621,0.203473553,16.44295783
Kyrgyzstan,Osh,Nookat,2023,18621,0.204803705,16.60171632
Kyrgyzstan,Osh,Nookat,2024,18621,0.211490482,17.40789925
Kyrgyzstan,Osh,Ozgon,2020,18622,0.175303191,13.21160221
Kyrgyzstan,Osh,Ozgon,2021,18622,0.182566047,14.02018234
Kyrgyzstan,Osh,Ozgon,2022,18622,0.18492648005485535,14.28671633
Kyrgyzstan,Osh,Ozgon,2023,18622,0.191539541,15.04305508
Kyrgyzstan,Osh,Ozgon,2024,18622,0.193903923,15.3168641
Kyrgyzstan,Talas,Bakay-Ata,2020,18623,0.255824685,23.07302344
Kyrgyzstan,Talas,Bakay-Ata,2021,18623,0.258820206,23.47447197
Kyrgyzstan,Talas,Bakay-Ata,2022,18623,0.25883615016937256,23.47661467
Kyrgyzstan,Talas,Bakay-Ata,2023,18623,0.246207803,21.79941943
Kyrgyzstan,Talas,Bakay-Ata,2024,18623,0.257142425,23.24934902
Kyrgyzstan,Talas,Kara-Buura,2020,18624,0.234240621,20.24810378
Kyrgyzstan,Talas,Kara-Buura,2021,18624,0.234289736,20.2543922
Kyrgyzstan,Talas,Kara-Buura,2022,18624,0.226826429,19.30641304
Kyrgyzstan,Talas,Kara-Buura,2023,18624,0.230523735,19.77411904
Kyrgyzstan,Talas,Kara-Buura,2024,18624,0.235921383,20.46367454
Kyrgyzstan,Talas,Manas,2020,18625,0.237391859,20.6529005
Kyrgyzstan,Talas,Manas,2021,18625,0.2394571602344513,20.91965001
Kyrgyzstan,Talas,Manas,2022,18625,0.247628301,21.98605791
Kyrgyzstan,Talas,Manas,2023,18625,0.236221254,20.50221568
Kyrgyzstan,Talas,Manas,2024,18625,0.238160938,20.75209962
Kyrgyzstan,Talas,Talas,2020,18626,0.247930661,22.0258519
Kyrgyzstan,Talas,Talas,2021,18626,0.248672381,22.1235703
Kyrgyzstan,Talas,Talas,2022,18626,0.250060141,22.30677991
Kyrgyzstan,Talas,Talas,2023,18626,0.250558823,22.37273502
Kyrgyzstan,Talas,Talas,2024,18626,0.249329031,22.21019866
Kyrgyzstan,Ysyk-Kol,Ak-Suu,2020,18627,0.263824522,24.15002605
Kyrgyzstan,Ysyk-Kol,Ak-Suu,2021,18627,0.25842911,23.42193324
Kyrgyzstan,Ysyk-Kol,Ak-Suu,2022,18627,0.251227975,22.4613355
Kyrgyzstan,Ysyk-Kol,Ak-Suu,2023,18627,0.239324242,20.90244829
Kyrgyzstan,Ysyk-Kol,Ak-Suu,2024,18627,0.181717172,13.92477562
Kyrgyzstan,Ysyk-Kol,Jeti-Oguz,2020,18628,0.273026347,25.4077943
Kyrgyzstan,Ysyk-Kol,Jeti-Oguz,2021,18628,0.27998363971710205,26.37172886
Kyrgyzstan,Ysyk-Kol,Jeti-Oguz,2022,18628,0.2945607304573059,28.42584265
Kyrgyzstan,Ysyk-Kol,Jeti-Oguz,2023,18628,0.285444856,27.13593731
Kyrgyzstan,Ysyk-Kol,Jeti-Oguz,2024,18628,0.296496898,28.70204904
Kyrgyzstan,Ysyk-Kol,Tong,2020,18629,0.239464164,20.92055651
Kyrgyzstan,Ysyk-Kol,Tong,2021,18629,0.227857232,19.43642632
Kyrgyzstan,Ysyk-Kol,Tong,2022,18629,0.236074656,20.48337108
Kyrgyzstan,Ysyk-Kol,Tong,2023,18629,0.233543605,20.15893098
Kyrgyzstan,Ysyk-Kol,Tong,2024,18629,0.242133975,21.26706961
Kyrgyzstan,Ysyk-Kol,Tup,2020,18630,0.278794438,26.20619218
Kyrgyzstan,Ysyk-Kol,Tup,2021,18630,0.282970428,26.78887134
Kyrgyzstan,Ysyk-Kol,Tup,2022,18630,0.285575628,27.15431662
Kyrgyzstan,Ysyk-Kol,Tup,2023,18630,0.290716052,27.87967728
Kyrgyzstan,Ysyk-Kol,Tup,2024,18630,0.275276065,25.71829387
Kyrgyzstan,Ysyk-Kol,Ysyk-Kol,2020,18631,0.272755444,25.37048325
Kyrgyzstan,Ysyk-Kol,Ysyk-Kol,2021,18631,0.274174839,25.56616132
Kyrgyzstan,Ysyk-Kol,Ysyk-Kol,2022,18631,0.281266093,26.55059834
Kyrgyzstan,Ysyk-Kol,Ysyk-Kol,2023,18631,0.280485511,26.44168363
Kyrgyzstan,Ysyk-Kol,Ysyk-Kol,2024,18631,0.271359503,25.17849078
Montenegro,Andrijevica,Andrijevica,2020,47603,0.280562937,26.45248092
Montenegro,Andrijevica,Andrijevica,2021,47603,0.231609792,19.91222339
Montenegro,Andrijevica,Andrijevica,2022,47603,0.254147083,22.84916954
Montenegro,Andrijevica,Andrijevica,2023,47603,0.273686379,25.49877001
Montenegro,Andrijevica,Andrijevica,2024,47603,0.28387776017189026,26.91597986
Montenegro,Bar,Bar,2020,47604,0.111651301,6.929147585
Montenegro,Bar,Bar,2021,47604,0.106378838,6.478485743
Montenegro,Bar,Bar,2022,47604,0.1094040796160698,6.735681616
Montenegro,Bar,Bar,2023,47604,0.1094040796160698,6.735681616
Montenegro,Bar,Bar,2024,47604,0.104116566,6.288609068
Montenegro,Berane,Berane,2020,47605,0.282978505,26.79000198
Montenegro,Berane,Berane,2021,47605,0.280485392,26.44166701
Montenegro,Berane,Berane,2022,47605,0.280246526,26.40836506
Montenegro,Berane,Berane,2023,47605,0.273757011,25.50851144
Montenegro,Berane,Berane,2024,47605,0.278596848,26.17871836
Montenegro,Bijelo Polje,Bijelo Polje,2020,47606,0.172013953,12.85121163
Montenegro,Bijelo Polje,Bijelo Polje,2021,47606,0.133378968,8.903328141
Montenegro,Bijelo Polje,Bijelo Polje,2022,47606,0.09980085492134094,5.932256976
Montenegro,Bijelo Polje,Bijelo Polje,2023,47606,0.145250291,10.05871556
Montenegro,Bijelo Polje,Bijelo Polje,2024,47606,0.12234042584896088,7.877168933
Montenegro,Budva,Budva,2020,47607,0.04985373467206955,2.396528749
Montenegro,Budva,Budva,2021,47607,0.035069481,1.569689986
Montenegro,Budva,Budva,2022,47607,0.035760339,1.605979372
Montenegro,Budva,Budva,2023,47607,0.041446581,1.913466666
Montenegro,Budva,Budva,2024,47607,0.035869989544153214,1.611760462
Montenegro,Cetinje,Cetinje,2020,47608,0.228096664,19.46666787
Montenegro,Cetinje,Cetinje,2021,47608,0.2266017496585846,19.27811404
Montenegro,Cetinje,Cetinje,2022,47608,0.235470116,20.40572093
Montenegro,Cetinje,Cetinje,2023,47608,0.234436125,20.27313922
Montenegro,Cetinje,Cetinje,2024,47608,0.241316736,21.16080034
Montenegro,Danilovgrad,Danilovgrad,2020,47609,0.245385841,21.69166057
Montenegro,Danilovgrad,Danilovgrad,2021,47609,0.2578939199447632,23.3500982
Montenegro,Danilovgrad,Danilovgrad,2022,47609,0.259405881,23.55322008
Montenegro,Danilovgrad,Danilovgrad,2023,47609,0.261822462,23.87903105
Montenegro,Danilovgrad,Danilovgrad,2024,47609,0.245076984,21.65121502
Montenegro,Herceg Novi,Herceg Novi,2020,47610,0.06827547401189804,3.570737991
Montenegro,Herceg Novi,Herceg Novi,2021,47610,0.06715190410614014,3.494660666
Montenegro,Herceg Novi,Herceg Novi,2022,47610,0.066347152,3.440522127
Montenegro,Herceg Novi,Herceg Novi,2023,47610,0.071692362,3.80559602
Montenegro,Herceg Novi,Herceg Novi,2024,47610,0.083466962,4.654734748
Montenegro,Kolasin,Kolasin,2020,47611,0.212918937,17.58184917
Montenegro,Kolasin,Kolasin,2021,47611,0.200810626,16.12675342
Montenegro,Kolasin,Kolasin,2022,47611,0.221939862,18.69414659
Montenegro,Kolasin,Kolasin,2023,47611,0.267262846,24.61766885
Montenegro,Kolasin,Kolasin,2024,47611,0.277388096,26.01083788
Montenegro,Kotor,Kotor,2020,47612,0.237186491,20.62643811
Montenegro,Kotor,Kotor,2021,47612,0.211939931,17.46256572
Montenegro,Kotor,Kotor,2022,47612,0.187082112,14.53170887
Montenegro,Kotor,Kotor,2023,47612,0.15621685981750488,11.17222552
Montenegro,Kotor,Kotor,2024,47612,0.158361763,11.39507028
Montenegro,Mojkovac,Mojkovac,2020,47613,0.103199147,6.212210079
Montenegro,Mojkovac,Mojkovac,2021,47613,0.111026131,6.875120084
Montenegro,Mojkovac,Mojkovac,2022,47613,0.11023882031440735,6.807305957
Montenegro,Mojkovac,Mojkovac,2023,47613,0.100359507,5.977948819
Montenegro,Mojkovac,Mojkovac,2024,47613,0.09670839458703995,5.681689801
Montenegro,Niksic,Niksic,2020,47614,0.092005417,5.308359787
Montenegro,Niksic,Niksic,2021,47614,0.098297387,5.809937266
Montenegro,Niksic,Niksic,2022,47614,0.098297387,5.809937266
Montenegro,Niksic,Niksic,2023,47614,0.094226189,5.483480515
Montenegro,Niksic,Niksic,2024,47614,0.144278169,9.962126456
Montenegro,Plav,Plav,2020,47615,0.17458122968673706,13.1321868
Montenegro,Plav,Plav,2021,47615,0.179979101,13.73017032
Montenegro,Plav,Plav,2022,47615,0.196280509,15.59386468
Montenegro,Plav,Plav,2023,47615,0.202818558,16.36498006
Montenegro,Plav,Plav,2024,47615,0.216951773,18.07618565
Montenegro,Pljevlja,Pljevlja,2020,47616,0.1142057552933693,7.151545913
Montenegro,Pljevlja,Pljevlja,2021,47616,0.110672511,6.844630322
Montenegro,Pljevlja,Pljevlja,2022,47616,0.127284735,8.330961165
Montenegro,Pljevlja,Pljevlja,2023,47616,0.124900743,8.110964705
Montenegro,Pljevlja,Pljevlja,2024,47616,0.114559263,7.182530431
Montenegro,Pluzine,Pluzine,2020,47617,0.185075641,14.30362021
Montenegro,Pluzine,Pluzine,2021,47617,0.183473974,14.12248771
Montenegro,Pluzine,Pluzine,2022,47617,0.164864004,12.08053437
Montenegro,Pluzine,Pluzine,2023,47617,0.15923810005187988,11.48658689
Montenegro,Pluzine,Pluzine,2024,47617,0.165615112,12.16066724
Montenegro,Podgorica,Podgorica,2020,47618,0.081597477,4.515837271
Montenegro,Podgorica,Podgorica,2021,47618,0.08147642016410828,4.506895707
Montenegro,Podgorica,Podgorica,2022,47618,0.08117048442363739,4.484327144
Montenegro,Podgorica,Podgorica,2023,47618,0.08380680531263351,4.680147837
Montenegro,Podgorica,Podgorica,2024,47618,0.081580013,4.514546931
Montenegro,Rozaj,Rozaj,2020,47619,0.089849748,5.140383093
Montenegro,Rozaj,Rozaj,2021,47619,0.099115431,5.876374674
Montenegro,Rozaj,Rozaj,2022,47619,0.106964871,6.528015761
Montenegro,Rozaj,Rozaj,2023,47619,0.110599019,6.838300022
Montenegro,Rozaj,Rozaj,2024,47619,0.10478014498949051,6.344085907
Montenegro,Savnik,Savnik,2020,47620,0.15820997953414917,11.37924706
Montenegro,Savnik,Savnik,2021,47620,0.180584118,13.7977987
Montenegro,Savnik,Savnik,2022,47620,0.132172793,8.788913031
Montenegro,Savnik,Savnik,2023,47620,0.145546556,10.08822142
Montenegro,Savnik,Savnik,2024,47620,0.167697877,12.38389029
Montenegro,Tivat,Tivat,2020,47621,0.15639925003051758,11.1911113
Montenegro,Tivat,Tivat,2021,47621,0.149746627,10.50998102
Montenegro,Tivat,Tivat,2022,47621,0.119406208,7.612401825
Montenegro,Tivat,Tivat,2023,47621,0.11732769012451172,7.426911949
Montenegro,Tivat,Tivat,2024,47621,0.095737867,5.603881345
Montenegro,Ulcinj,Ulcinj,2020,47622,0.17983298003673553,13.71385518
Montenegro,Ulcinj,Ulcinj,2021,47622,0.167900741,12.40571247
Montenegro,Ulcinj,Ulcinj,2022,47622,0.112433471,6.996965779
Montenegro,Ulcinj,Ulcinj,2023,47622,0.102505319,6.15466231
Montenegro,Ulcinj,Ulcinj,2024,47622,0.1037721261382103,6.259884673
Montenegro,Zabljak,Zabljak,2020,47623,0.198200047,15.81888602
Montenegro,Zabljak,Zabljak,2021,47623,0.222592205,18.77549127
Montenegro,Zabljak,Zabljak,2022,47623,0.1730283796787262,12.96196906
Montenegro,Zabljak,Zabljak,2023,47623,0.168210998,12.43911428
Montenegro,Zabljak,Zabljak,2024,47623,0.167649046,12.37863962
Morocco,Taza - Al Hoceima - Taounate,Al HoceÃÂ¯ma,2020,21787,0.071475163,3.790510729
Morocco,Taza - Al Hoceima - Taounate,Al HoceÃÂ¯ma,2021,21787,0.0715242251753807,3.793916421
Morocco,Taza - Al Hoceima - Taounate,Al HoceÃÂ¯ma,2022,21787,0.071682543,3.804913538
Morocco,Taza - Al Hoceima - Taounate,Al HoceÃÂ¯ma,2023,21787,0.0715242251753807,3.793916421
Morocco,Taza - Al Hoceima - Taounate,Al HoceÃÂ¯ma,2024,21787,0.088492379,5.035633542
Morocco,FÃÂ¨s - Boulemane,Boulemane,2020,21788,0.130254239,8.608070775
Morocco,FÃÂ¨s - Boulemane,Boulemane,2021,21788,0.128847867,8.476405693
Morocco,FÃÂ¨s - Boulemane,Boulemane,2022,21788,0.130481258,8.629395808
Morocco,FÃÂ¨s - Boulemane,Boulemane,2023,21788,0.123893447,8.018676854
Morocco,FÃÂ¨s - Boulemane,Boulemane,2024,21788,0.129385963,8.526692383
Morocco,Taza - Al Hoceima - Taounate,Taounate,2020,21790,0.249204606,22.19377549
Morocco,Taza - Al Hoceima - Taounate,Taounate,2021,21790,0.225445122,19.13265776
Morocco,Taza - Al Hoceima - Taounate,Taounate,2022,21790,0.265680134,24.40205653
Morocco,Taza - Al Hoceima - Taounate,Taounate,2023,21790,0.231953904,19.95604887
Morocco,Taza - Al Hoceima - Taounate,Taounate,2024,21790,0.2307249903678894,19.79968638
Morocco,Taza - Al Hoceima - Taounate,Taza,2020,21791,0.163601249,11.94625753
Morocco,Taza - Al Hoceima - Taounate,Taza,2021,21791,0.167094529,12.31907168
Morocco,Taza - Al Hoceima - Taounate,Taza,2022,21791,0.143753186,9.910109806
Morocco,Taza - Al Hoceima - Taounate,Taza,2023,21791,0.140453935,9.585552341
Morocco,Taza - Al Hoceima - Taounate,Taza,2024,21791,0.149869889,10.52245596
Morocco,MeknÃÂ¨s - Tafilalet,Errachidia,2020,21792,0.214142531,17.73133096
Morocco,MeknÃÂ¨s - Tafilalet,Errachidia,2021,21792,0.198976219,15.91019996
Morocco,MeknÃÂ¨s - Tafilalet,Errachidia,2022,21792,0.188073888,14.64493144
Morocco,MeknÃÂ¨s - Tafilalet,Errachidia,2023,21792,0.190772548,14.95461439
Morocco,MeknÃÂ¨s - Tafilalet,Errachidia,2024,21792,0.188700974,14.71668388
Morocco,MeknÃÂ¨s - Tafilalet,Ifrane,2020,21793,0.121714562,7.820409529
Morocco,MeknÃÂ¨s - Tafilalet,Ifrane,2021,21793,0.070426352,3.717964905
Morocco,MeknÃÂ¨s - Tafilalet,Ifrane,2022,21793,0.074148729,3.977668885
Morocco,MeknÃÂ¨s - Tafilalet,Ifrane,2023,21793,0.074148729,3.977668885
Morocco,MeknÃÂ¨s - Tafilalet,Ifrane,2024,21793,0.074148729,3.977668885
Morocco,MeknÃÂ¨s - Tafilalet,KhÃÂ©nifra,2020,21794,0.0732872262597084,3.917012138
Morocco,MeknÃÂ¨s - Tafilalet,KhÃÂ©nifra,2021,21794,0.074718587,4.017973204
Morocco,MeknÃÂ¨s - Tafilalet,KhÃÂ©nifra,2022,21794,0.07745562493801117,4.213565736
Morocco,MeknÃÂ¨s - Tafilalet,KhÃÂ©nifra,2023,21794,0.079019196,4.326788142
Morocco,MeknÃÂ¨s - Tafilalet,KhÃÂ©nifra,2024,21794,0.080476701,4.433299402
Morocco,Tadla - Azilal,Azilal,2020,21799,0.250930488,22.42193208
Morocco,Tadla - Azilal,Azilal,2021,21799,0.234822229,20.32261279
Morocco,Tadla - Azilal,Azilal,2022,21799,0.222108305,18.71513914
Morocco,Tadla - Azilal,Azilal,2023,21799,0.215701431,17.92241249
Morocco,Tadla - Azilal,Azilal,2024,21799,0.223907635,18.93988826
Morocco,Tadla - Azilal,BÃÂ©ni Mellal,2020,21802,0.189841986,14.84756473
Morocco,Tadla - Azilal,BÃÂ©ni Mellal,2021,21802,0.185646117,14.36833711
Morocco,Tadla - Azilal,BÃÂ©ni Mellal,2022,21802,0.150213107,10.55722092
Morocco,Tadla - Azilal,BÃÂ©ni Mellal,2023,21802,0.135380208,9.094384386
Morocco,Tadla - Azilal,BÃÂ©ni Mellal,2024,21802,0.128017396,8.399015151
Morocco,Doukkala - Abda,El Jadida,2020,21804,0.166081876,12.210562705993652
Morocco,Doukkala - Abda,El Jadida,2021,21804,0.165862024,12.18705208
Morocco,Doukkala - Abda,El Jadida,2022,21804,0.147534624,10.28705329
Morocco,Doukkala - Abda,El Jadida,2023,21804,0.150983602,10.63542082
Morocco,Doukkala - Abda,El Jadida,2024,21804,0.144063488,9.940842991
Morocco,Chaouia - Ouardigha,Khouribga,2020,21805,0.134903669,9.04875166
Morocco,Chaouia - Ouardigha,Khouribga,2021,21805,0.119584262,7.628371397
Morocco,Chaouia - Ouardigha,Khouribga,2022,21805,0.11843129992485046,7.525185752
Morocco,Chaouia - Ouardigha,Khouribga,2023,21805,0.1186479702591896,7.544536631
Morocco,Chaouia - Ouardigha,Khouribga,2024,21805,0.117087431,7.405581792
Morocco,Chaouia - Ouardigha,Settat,2020,21806,0.175113589,13.19072907
Morocco,Chaouia - Ouardigha,Settat,2021,21806,0.181668997,13.91936818
Morocco,Chaouia - Ouardigha,Settat,2022,21806,0.177363873,13.43923772
Morocco,Chaouia - Ouardigha,Settat,2023,21806,0.17586567997932434,13.27359709
Morocco,Chaouia - Ouardigha,Settat,2024,21806,0.174672961,13.14226751
Morocco,Tanger - TÃÂ©touan,Chefchaouen,2020,21808,0.244005352,21.51107463
Morocco,Tanger - TÃÂ©touan,Chefchaouen,2021,21808,0.260001481,23.6333886
Morocco,Tanger - TÃÂ©touan,Chefchaouen,2022,21808,0.261565089,23.84426374
Morocco,Tanger - TÃÂ©touan,Chefchaouen,2023,21808,0.258120059967041,23.38044289
Morocco,Tanger - TÃÂ©touan,Chefchaouen,2024,21808,0.259028822,23.50251224
Morocco,Gharb - Chrarda - BÃÂ©ni Hssen,KÃÂ©nitra,2020,21809,0.213225424,17.61925014
Morocco,Gharb - Chrarda - BÃÂ©ni Hssen,KÃÂ©nitra,2021,21809,0.214452863,17.76931296
Morocco,Gharb - Chrarda - BÃÂ©ni Hssen,KÃÂ©nitra,2022,21809,0.209827065,17.2060998
Morocco,Gharb - Chrarda - BÃÂ©ni Hssen,KÃÂ©nitra,2023,21809,0.214674175,17.79641697
Morocco,Gharb - Chrarda - BÃÂ©ni Hssen,KÃÂ©nitra,2024,21809,0.210745811,17.31745686
Morocco,Rabat - SalÃÂ© - Zemmour - Zaer,KhÃÂ©misset,2020,21810,0.076583043,4.150849213
Morocco,Rabat - SalÃÂ© - Zemmour - Zaer,KhÃÂ©misset,2021,21810,0.075382672,4.06512424
Morocco,Rabat - SalÃÂ© - Zemmour - Zaer,KhÃÂ©misset,2022,21810,0.075488538,4.072658947
Morocco,Rabat - SalÃÂ© - Zemmour - Zaer,KhÃÂ©misset,2023,21810,0.0751572996377945,4.049100471
Morocco,Rabat - SalÃÂ© - Zemmour - Zaer,KhÃÂ©misset,2024,21810,0.07804970443248749,4.256457574
Morocco,Tanger - TÃÂ©touan,Larache,2020,21811,0.193101525,15.22374331
Morocco,Tanger - TÃÂ©touan,Larache,2021,21811,0.197430074,15.72848648
Morocco,Tanger - TÃÂ©touan,Larache,2022,21811,0.192783087,15.18684406
Morocco,Tanger - TÃÂ©touan,Larache,2023,21811,0.192196727,15.11898308
Morocco,Tanger - TÃÂ©touan,Larache,2024,21811,0.193567038,15.2777427
Morocco,Rabat - SalÃÂ© - Zemmour - Zaer,Rabat,2023,21812,0.010398386046290398,0.42914016
Morocco,Rabat - SalÃÂ© - Zemmour - Zaer,Rabat,2024,21812,0.010398386046290398,0.42914016
Morocco,Rabat - SalÃÂ© - Zemmour - Zaer,Rabat,2020,21812,0.0034929129760712385,0.165315959
Morocco,Rabat - SalÃÂ© - Zemmour - Zaer,Rabat,2021,21812,0.0034929129760712385,0.165315959
Morocco,Rabat - SalÃÂ© - Zemmour - Zaer,Rabat,2022,21812,0.00482818391174078,0.214399155
Morocco,Rabat - SalÃÂ© - Zemmour - Zaer,SalÃÂ©,2020,21813,0.080138117,4.40847319
Morocco,Rabat - SalÃÂ© - Zemmour - Zaer,SalÃÂ©,2021,21813,0.080138117,4.40847319
Morocco,Rabat - SalÃÂ© - Zemmour - Zaer,SalÃÂ©,2022,21813,0.080138117,4.40847319
Morocco,Rabat - SalÃÂ© - Zemmour - Zaer,SalÃÂ©,2023,21813,0.07951321452856064,4.362785293
Morocco,Rabat - SalÃÂ© - Zemmour - Zaer,SalÃÂ©,2024,21813,0.07932056486606598,4.348734901
Morocco,Gharb - Chrarda - BÃÂ©ni Hssen,Sidi Kacem,2020,21814,0.224000901,18.95156293
Morocco,Gharb - Chrarda - BÃÂ©ni Hssen,Sidi Kacem,2021,21814,0.201456457,16.20324153
Morocco,Gharb - Chrarda - BÃÂ©ni Hssen,Sidi Kacem,2022,21814,0.2057889997959137,16.71966153
Morocco,Gharb - Chrarda - BÃÂ©ni Hssen,Sidi Kacem,2023,21814,0.205658436,16.70401539
Morocco,Gharb - Chrarda - BÃÂ©ni Hssen,Sidi Kacem,2024,21814,0.22103706002235413,18.58177097
Morocco,Tanger - TÃÂ©touan,TÃÂ©touan,2020,21817,0.080826133,4.458973766
Morocco,Tanger - TÃÂ©touan,TÃÂ©touan,2021,21817,0.07992774993181229,4.393073662
Morocco,Tanger - TÃÂ©touan,TÃÂ©touan,2022,21817,0.0795435756444931,4.365001089
Morocco,Tanger - TÃÂ©touan,TÃÂ©touan,2023,21817,0.081445336,4.504600816
Morocco,Tanger - TÃÂ©touan,TÃÂ©touan,2024,21817,0.078608297,4.296929369
Morocco,Oriental,Figuig,2020,21818,0.079060859978199,4.32981986
Morocco,Oriental,Figuig,2021,21818,0.081634477,4.518571429
Morocco,Oriental,Figuig,2022,21818,0.078881353,4.316763222
Morocco,Oriental,Figuig,2023,21818,0.083001822,4.62003367
Morocco,Oriental,Figuig,2024,21818,0.084739767,4.75017183
Morocco,Oriental,Nador,2020,21819,0.131498128,8.725158405
Morocco,Oriental,Nador,2021,21819,0.133104846,8.877276762
Morocco,Oriental,Nador,2022,21819,0.12266699969768524,7.906847005
Morocco,Oriental,Nador,2023,21819,0.11563454568386078,7.277086044
Morocco,Oriental,Nador,2024,21819,0.1061822697520256,6.461903828
Morocco,LaÃÂ¢youne - Boujdour - Sakia El Hamra,LaÃÂ¢youne,2020,21823,0.155902043,11.1396554
Morocco,LaÃÂ¢youne - Boujdour - Sakia El Hamra,LaÃÂ¢youne,2021,21823,0.164133698,12.00280857
Morocco,LaÃÂ¢youne - Boujdour - Sakia El Hamra,LaÃÂ¢youne,2022,21823,0.10813220590353012,6.627095268
Morocco,LaÃÂ¢youne - Boujdour - Sakia El Hamra,LaÃÂ¢youne,2023,21823,0.133766711,8.940226538
Morocco,LaÃÂ¢youne - Boujdour - Sakia El Hamra,LaÃÂ¢youne,2024,21823,0.161482245,11.72217989
Morocco,Guelmim - Es-Semara,Tan-Tan,2020,21825,0.160702273,11.6400966
Morocco,Guelmim - Es-Semara,Tan-Tan,2021,21825,0.15411219000816345,10.95515513
Morocco,Guelmim - Es-Semara,Tan-Tan,2022,21825,0.161751702,11.75058693
Morocco,Guelmim - Es-Semara,Tan-Tan,2023,21825,0.151565954,10.69466829
Morocco,Guelmim - Es-Semara,Tan-Tan,2024,21825,0.164212406,12.01117647
Morocco,Souss - Massa - DraÃÂ¢,Taroudannt,2020,21826,0.225007474,19.07771783
Morocco,Souss - Massa - DraÃÂ¢,Taroudannt,2021,21826,0.242411658,21.30321804
Morocco,Souss - Massa - DraÃÂ¢,Taroudannt,2022,21826,0.220462322,18.51035237
Morocco,Souss - Massa - DraÃÂ¢,Taroudannt,2023,21826,0.208247885,17.01528345
Morocco,Souss - Massa - DraÃÂ¢,Taroudannt,2024,21826,0.203697711,16.46967415
Morocco,Guelmim - Es-Semara,Tata,2020,21827,0.330694109,33.69954739
Morocco,Guelmim - Es-Semara,Tata,2021,21827,0.315015942,31.38147751
Morocco,Guelmim - Es-Semara,Tata,2022,21827,0.313411772,31.14677943
Morocco,Guelmim - Es-Semara,Tata,2023,21827,0.346217275,36.03521966
Morocco,Guelmim - Es-Semara,Tata,2024,21827,0.352033049,36.9198341
Morocco,Souss - Massa - DraÃÂ¢,Tiznit,2020,21828,0.127491727,8.350166769
Morocco,Souss - Massa - DraÃÂ¢,Tiznit,2021,21828,0.135243967,9.081329313
Morocco,Souss - Massa - DraÃÂ¢,Tiznit,2022,21828,0.123595342,7.991440786
Morocco,Souss - Massa - DraÃÂ¢,Tiznit,2023,21828,0.12299944460391998,7.937101665
Morocco,Souss - Massa - DraÃÂ¢,Tiznit,2024,21828,0.127594858,8.359741898
Morocco,Marrakech - Tensift - Al Haouz,El KelaÃÂ¢ des Sraghna,2020,21829,0.156206578,11.17116123
Morocco,Marrakech - Tensift - Al Haouz,El KelaÃÂ¢ des Sraghna,2021,21829,0.135600328,9.115491845
Morocco,Marrakech - Tensift - Al Haouz,El KelaÃÂ¢ des Sraghna,2022,21829,0.126325175,8.242146333
Morocco,Marrakech - Tensift - Al Haouz,El KelaÃÂ¢ des Sraghna,2023,21829,0.122439869,7.886201572
Morocco,Marrakech - Tensift - Al Haouz,El KelaÃÂ¢ des Sraghna,2024,21829,0.12676990032196045,8.283264665
Morocco,Marrakech - Tensift - Al Haouz,Essaouira,2020,21830,0.134352461,8.996076211
Morocco,Marrakech - Tensift - Al Haouz,Essaouira,2021,21830,0.153488591,10.89114351
Morocco,Marrakech - Tensift - Al Haouz,Essaouira,2022,21830,0.132169217,8.78857462
Morocco,Marrakech - Tensift - Al Haouz,Essaouira,2023,21830,0.128970325,8.487839918
Morocco,Marrakech - Tensift - Al Haouz,Essaouira,2024,21830,0.130321875,8.61442212
Morocco,Doukkala - Abda,Safi,2020,21832,0.130208492,8.603775974
Morocco,Doukkala - Abda,Safi,2021,21832,0.130853087,8.664366309
Morocco,Doukkala - Abda,Safi,2022,21832,0.113698781,7.107197914
Morocco,Doukkala - Abda,Safi,2023,21832,0.110212609,6.805052619
Morocco,Doukkala - Abda,Safi,2024,21832,0.110732242,6.84977691
Morocco,Chaouia - Ouardigha,Ben Slimane,2020,147339,0.151371658,10.6748873
Morocco,Chaouia - Ouardigha,Ben Slimane,2021,147339,0.176690161,13.36465912
Morocco,Chaouia - Ouardigha,Ben Slimane,2022,147339,0.160586208,11.62790031
Morocco,Chaouia - Ouardigha,Ben Slimane,2023,147339,0.151217282,10.65918026
Morocco,Chaouia - Ouardigha,Ben Slimane,2024,147339,0.144343644,9.968621103
Morocco,FÃÂ¨s - Boulemane,FÃÂ¨s,2020,147340,0.081513166,4.509609197
Morocco,FÃÂ¨s - Boulemane,FÃÂ¨s,2021,147340,0.075744733,4.090913649
Morocco,FÃÂ¨s - Boulemane,FÃÂ¨s,2022,147340,0.078602888,4.296536801
Morocco,FÃÂ¨s - Boulemane,FÃÂ¨s,2023,147340,0.078602888,4.296536801
Morocco,FÃÂ¨s - Boulemane,FÃÂ¨s,2024,147340,0.0764952152967453,4.144555316
Morocco,FÃÂ¨s - Boulemane,Sefrou,2020,147341,0.152571678,10.79727748
Morocco,FÃÂ¨s - Boulemane,Sefrou,2021,147341,0.170033693,12.63600961
Morocco,FÃÂ¨s - Boulemane,Sefrou,2022,147341,0.158597961,11.41970991
Morocco,FÃÂ¨s - Boulemane,Sefrou,2023,147341,0.144629508,9.996994977
Morocco,FÃÂ¨s - Boulemane,Sefrou,2024,147341,0.163227871,11.90666014
Morocco,FÃÂ¨s - Boulemane,Zouagha-Moulay Yacoub,2020,147342,0.079372242,4.35250224
Morocco,FÃÂ¨s - Boulemane,Zouagha-Moulay Yacoub,2021,147342,0.07643784582614899,4.140445946
Morocco,FÃÂ¨s - Boulemane,Zouagha-Moulay Yacoub,2022,147342,0.07710858434438705,4.188581976
Morocco,FÃÂ¨s - Boulemane,Zouagha-Moulay Yacoub,2023,147342,0.077059537,4.185055323
Morocco,FÃÂ¨s - Boulemane,Zouagha-Moulay Yacoub,2024,147342,0.077059537,4.185055323
Morocco,Grand Casablanca,Casablanca,2020,147343,0.024023475125432014,1.021339544
Morocco,Grand Casablanca,Casablanca,2021,147343,0.017631258815526962,0.731784506
Morocco,Grand Casablanca,Casablanca,2022,147343,0.023099206387996674,0.978201962
Morocco,Grand Casablanca,Casablanca,2023,147343,0.023399170488119125,0.992155059
Morocco,Grand Casablanca,Casablanca,2024,147343,0.039100591,1.784709551
Morocco,Grand Casablanca,Mohammedia,2020,147344,0.01740950159728527,0.722109411
Morocco,Grand Casablanca,Mohammedia,2021,147344,0.0165365282446146,0.684264694
Morocco,Grand Casablanca,Mohammedia,2022,147344,0.017316939,0.718078367
Morocco,Grand Casablanca,Mohammedia,2023,147344,0.016996212303638458,0.704144479
Morocco,Grand Casablanca,Mohammedia,2024,147344,0.01765969768166542,0.733027075
Morocco,Guelmim - Es-Semara,Assa-Zag,2020,147345,0.161310703,11.70410866
Morocco,Guelmim - Es-Semara,Assa-Zag,2021,147345,0.168088272,12.42589783
Morocco,Guelmim - Es-Semara,Assa-Zag,2022,147345,0.16408883035182953,11.99803942
Morocco,Guelmim - Es-Semara,Assa-Zag,2023,147345,0.172400743,12.89340107
Morocco,Guelmim - Es-Semara,Assa-Zag,2024,147345,0.160592139,11.6285234
Morocco,Guelmim - Es-Semara,Guelmim,2020,147346,0.202394277,16.3145391
Morocco,Guelmim - Es-Semara,Guelmim,2021,147346,0.192033321,15.10009113
Morocco,Guelmim - Es-Semara,Guelmim,2022,147346,0.201112092,16.16244107
Morocco,Guelmim - Es-Semara,Guelmim,2023,147346,0.200675592,16.11077706
Morocco,Guelmim - Es-Semara,Guelmim,2024,147346,0.196677655,15.64032643
Morocco,Marrakech - Tensift - Al Haouz,Al Haouz,2020,147347,0.258170754,23.38724698
Morocco,Marrakech - Tensift - Al Haouz,Al Haouz,2021,147347,0.25986889,23.61553423
Morocco,Marrakech - Tensift - Al Haouz,Al Haouz,2022,147347,0.259232581,23.52990987
Morocco,Marrakech - Tensift - Al Haouz,Al Haouz,2023,147347,0.256972879,23.22663819
Morocco,Marrakech - Tensift - Al Haouz,Al Haouz,2024,147347,0.252912611,22.6848952
Morocco,Marrakech - Tensift - Al Haouz,Chichaoua,2020,147348,0.172063589,12.85662286
Morocco,Marrakech - Tensift - Al Haouz,Chichaoua,2021,147348,0.173515201,13.01524543762207
Morocco,Marrakech - Tensift - Al Haouz,Chichaoua,2022,147348,0.176278487,13.3191622
Morocco,Marrakech - Tensift - Al Haouz,Chichaoua,2023,147348,0.174058363,13.07478121
Morocco,Marrakech - Tensift - Al Haouz,Chichaoua,2024,147348,0.17507264018058777,13.18622269
Morocco,Marrakech - Tensift - Al Haouz,Marrakech,2020,147349,0.080894709,4.464018576
Morocco,Marrakech - Tensift - Al Haouz,Marrakech,2021,147349,0.079393223,4.354032107
Morocco,Marrakech - Tensift - Al Haouz,Marrakech,2022,147349,0.08367620408535004,4.670375682
Morocco,Marrakech - Tensift - Al Haouz,Marrakech,2023,147349,0.0857309103012085,4.824976559
Morocco,Marrakech - Tensift - Al Haouz,Marrakech,2024,147349,0.08698273450136185,4.920063459
Morocco,MeknÃÂ¨s - Tafilalet,El Hajeb,2020,147350,0.168732435,12.49532581
Morocco,MeknÃÂ¨s - Tafilalet,El Hajeb,2021,147350,0.189620554,14.82213261
Morocco,MeknÃÂ¨s - Tafilalet,El Hajeb,2022,147350,0.176751733,13.37146869
Morocco,MeknÃÂ¨s - Tafilalet,El Hajeb,2023,147350,0.162356943,11.81448595
Morocco,MeknÃÂ¨s - Tafilalet,El Hajeb,2024,147350,0.18376938998699188,14.15583331
Morocco,MeknÃÂ¨s - Tafilalet,MeknÃÂ¨s,2020,147351,0.08386223018169403,4.684297212
Morocco,MeknÃÂ¨s - Tafilalet,MeknÃÂ¨s,2021,147351,0.080250211,4.416686753
Morocco,MeknÃÂ¨s - Tafilalet,MeknÃÂ¨s,2022,147351,0.082087658,4.552108751
Morocco,MeknÃÂ¨s - Tafilalet,MeknÃÂ¨s,2023,147351,0.079846531,4.387133397
Morocco,MeknÃÂ¨s - Tafilalet,MeknÃÂ¨s,2024,147351,0.082634501,4.592696861
Morocco,Oriental,Berkane Taourirt,2020,147352,0.213602692,17.66532654
Morocco,Oriental,Berkane Taourirt,2021,147352,0.209690079,17.18951786
Morocco,Oriental,Berkane Taourirt,2022,147352,0.196866274,15.66241007
Morocco,Oriental,Berkane Taourirt,2023,147352,0.196623236,15.63395707
Morocco,Oriental,Berkane Taourirt,2024,147352,0.181450158,13.89481435
Morocco,Oriental,Jerada,2020,147353,0.12461142987012863,8.084417374
Morocco,Oriental,Jerada,2021,147353,0.139583707,9.500621616
Morocco,Oriental,Jerada,2022,147353,0.132531911,8.822920079
Morocco,Oriental,Jerada,2023,147353,0.132772654,8.845745104
Morocco,Oriental,Jerada,2024,147353,0.148415357,10.37560052
Morocco,Oriental,Oujda Angad,2020,147354,0.076988317,4.179936257
Morocco,Oriental,Oujda Angad,2021,147354,0.084255964,4.713812457
Morocco,Oriental,Oujda Angad,2022,147354,0.08449621498584747,4.73185541
Morocco,Oriental,Oujda Angad,2023,147354,0.084425613,4.726550579071045
Morocco,Oriental,Oujda Angad,2024,147354,0.084755108,4.751326398
Morocco,Rabat - SalÃÂ© - Zemmour - Zaer,Skhirate-TÃÂ©mara,2020,147355,0.08163606375455856,4.518688715
Morocco,Rabat - SalÃÂ© - Zemmour - Zaer,Skhirate-TÃÂ©mara,2021,147355,0.07986583560705185,4.388545044
Morocco,Rabat - SalÃÂ© - Zemmour - Zaer,Skhirate-TÃÂ©mara,2022,147355,0.076142013,4.119278625
Morocco,Rabat - SalÃÂ© - Zemmour - Zaer,Skhirate-TÃÂ©mara,2023,147355,0.076142013,4.119278625
Morocco,Rabat - SalÃÂ© - Zemmour - Zaer,Skhirate-TÃÂ©mara,2024,147355,0.07655522972345352,4.148855705
Morocco,Souss - Massa - DraÃÂ¢,Agadir-Ida ou Tanane,2020,147356,0.08915217965841293,5.086452271
Morocco,Souss - Massa - DraÃÂ¢,Agadir-Ida ou Tanane,2021,147356,0.09213772416114807,5.318734226
Morocco,Souss - Massa - DraÃÂ¢,Agadir-Ida ou Tanane,2022,147356,0.08883018046617508,5.061628111
Morocco,Souss - Massa - DraÃÂ¢,Agadir-Ida ou Tanane,2023,147356,0.092031047,5.310368894
Morocco,Souss - Massa - DraÃÂ¢,Agadir-Ida ou Tanane,2024,147356,0.095695592,5.600501166
Morocco,Souss - Massa - DraÃÂ¢,Chtouka-AÃÂ¯t Baha,2020,147357,0.14604946970939636,10.13838204
Morocco,Souss - Massa - DraÃÂ¢,Chtouka-AÃÂ¯t Baha,2021,147357,0.15718770027160645,11.27288847
Morocco,Souss - Massa - DraÃÂ¢,Chtouka-AÃÂ¯t Baha,2022,147357,0.174159676,13.08589717
Morocco,Souss - Massa - DraÃÂ¢,Chtouka-AÃÂ¯t Baha,2023,147357,0.171328545,12.77657475
Morocco,Souss - Massa - DraÃÂ¢,Chtouka-AÃÂ¯t Baha,2024,147357,0.161048234,11.67647868
Morocco,Souss - Massa - DraÃÂ¢,Inezgane-AÃÂ¯t Melloul,2020,147358,0.094152354,5.477624524
Morocco,Souss - Massa - DraÃÂ¢,Inezgane-AÃÂ¯t Melloul,2021,147358,0.079127491,4.334669919
Morocco,Souss - Massa - DraÃÂ¢,Inezgane-AÃÂ¯t Melloul,2022,147358,0.098246649,5.805825781
Morocco,Souss - Massa - DraÃÂ¢,Inezgane-AÃÂ¯t Melloul,2023,147358,0.082089879,4.552273282
Morocco,Souss - Massa - DraÃÂ¢,Inezgane-AÃÂ¯t Melloul,2024,147358,0.100697927,6.00569136
Morocco,Souss - Massa - DraÃÂ¢,Ouarzazate,2020,147359,0.196074992,15.56984082
Morocco,Souss - Massa - DraÃÂ¢,Ouarzazate,2021,147359,0.19681786000728607,15.65674068
Morocco,Souss - Massa - DraÃÂ¢,Ouarzazate,2022,147359,0.169860691,12.6172723
Morocco,Souss - Massa - DraÃÂ¢,Ouarzazate,2023,147359,0.18397819995880127,14.17942034
Morocco,Souss - Massa - DraÃÂ¢,Ouarzazate,2024,147359,0.184101343,14.19333718
Morocco,Souss - Massa - DraÃÂ¢,Zagora,2020,147360,0.308809489,30.47611431
Morocco,Souss - Massa - DraÃÂ¢,Zagora,2021,147360,0.309028506,30.50793963
Morocco,Souss - Massa - DraÃÂ¢,Zagora,2022,147360,0.302209496,29.52142176
Morocco,Souss - Massa - DraÃÂ¢,Zagora,2023,147360,0.314308226,31.27787642
Morocco,Souss - Massa - DraÃÂ¢,Zagora,2024,147360,0.31302610039711,31.0904249
Morocco,Tanger - TÃÂ©touan,Fahs Anjra,2020,147361,0.079515129,4.362925025
Morocco,Tanger - TÃÂ©touan,Fahs Anjra,2021,147361,0.075265229,4.056771307
Morocco,Tanger - TÃÂ©touan,Fahs Anjra,2022,147361,0.07453688979148865,4.0051066
Morocco,Tanger - TÃÂ©touan,Fahs Anjra,2023,147361,0.08256803452968597,4.587756564
Morocco,Tanger - TÃÂ©touan,Fahs Anjra,2024,147361,0.08146834373474121,4.506299391
Morocco,Tanger - TÃÂ©touan,Tanger-Assilah,2020,147362,0.08435298502445221,4.721095779
Morocco,Tanger - TÃÂ©touan,Tanger-Assilah,2021,147362,0.084412269,4.725548213
Morocco,Tanger - TÃÂ©touan,Tanger-Assilah,2022,147362,0.08371954411268234,4.67361775
Morocco,Tanger - TÃÂ©touan,Tanger-Assilah,2023,147362,0.083249047,4.638465809
Morocco,Tanger - TÃÂ©touan,Tanger-Assilah,2024,147362,0.08272472023963928,4.599405703
Tajikistan,Badakhshoni Kuni,Ishkashimskiy,2020,37575,0.341943681,35.38841119
Tajikistan,Badakhshoni Kuni,Ishkashimskiy,2021,37575,0.336839795,34.61965579
Tajikistan,Badakhshoni Kuni,Ishkashimskiy,2022,37575,0.347146451,36.17621711
Tajikistan,Badakhshoni Kuni,Ishkashimskiy,2023,37575,0.337238312,34.67953229
Tajikistan,Badakhshoni Kuni,Ishkashimskiy,2024,37575,0.357564449,37.76571953
Tajikistan,Badakhshoni Kuni,Kalay-Humbskiy,2020,37576,0.295049548,28.49550282
Tajikistan,Badakhshoni Kuni,Kalay-Humbskiy,2021,37576,0.302910686,29.62244478
Tajikistan,Badakhshoni Kuni,Kalay-Humbskiy,2022,37576,0.32906729,33.45703341
Tajikistan,Badakhshoni Kuni,Kalay-Humbskiy,2023,37576,0.274970502,25.6760531
Tajikistan,Badakhshoni Kuni,Kalay-Humbskiy,2024,37576,0.341564238,35.3311181
Tajikistan,Badakhshoni Kuni,Murgabskiy,2020,37577,0.238527417,20.79942542
Tajikistan,Badakhshoni Kuni,Murgabskiy,2021,37577,0.243290424,21.41774825
Tajikistan,Badakhshoni Kuni,Murgabskiy,2022,37577,0.269892395,24.97719665
Tajikistan,Badakhshoni Kuni,Murgabskiy,2023,37577,0.264628291,24.2590935
Tajikistan,Badakhshoni Kuni,Murgabskiy,2024,37577,0.281987965,26.65144095
Tajikistan,Badakhshoni Kuni,Roshtkala,2020,37578,0.288536012,27.57136555
Tajikistan,Badakhshoni Kuni,Roshtkala,2021,37578,0.285494149,27.14286472
Tajikistan,Badakhshoni Kuni,Roshtkala,2022,37578,0.282487631,26.72130944
Tajikistan,Badakhshoni Kuni,Roshtkala,2023,37578,0.273993224,25.54109804
Tajikistan,Badakhshoni Kuni,Roshtkala,2024,37578,0.285775125,27.18236182
Tajikistan,Badakhshoni Kuni,Rushanskiy,2020,37579,0.3186872601509094,31.92038709
Tajikistan,Badakhshoni Kuni,Rushanskiy,2021,37579,0.319867641,32.09417294
Tajikistan,Badakhshoni Kuni,Rushanskiy,2022,37579,0.314143717,31.25380756
Tajikistan,Badakhshoni Kuni,Rushanskiy,2023,37579,0.3155770003795624,31.46367536
Tajikistan,Badakhshoni Kuni,Rushanskiy,2024,37579,0.322762012,32.52135934
Tajikistan,Badakhshoni Kuni,Shugnanskiy,2020,37580,0.331319451,33.79288672
Tajikistan,Badakhshoni Kuni,Shugnanskiy,2021,37580,0.330756217,33.70881479
Tajikistan,Badakhshoni Kuni,Shugnanskiy,2022,37580,0.274932891,25.67085533
Tajikistan,Badakhshoni Kuni,Shugnanskiy,2023,37580,0.271283269,25.16801876
Tajikistan,Badakhshoni Kuni,Shugnanskiy,2024,37580,0.261218727,23.79750054
Tajikistan,Badakhshoni Kuni,Vanchskiy,2020,37581,0.308072865,30.36914303
Tajikistan,Badakhshoni Kuni,Vanchskiy,2021,37581,0.302299291,29.53435335
Tajikistan,Badakhshoni Kuni,Vanchskiy,2022,37581,0.296341181,28.67980658
Tajikistan,Badakhshoni Kuni,Vanchskiy,2023,37581,0.285565525,27.15289657
Tajikistan,Badakhshoni Kuni,Vanchskiy,2024,37581,0.289170057,27.66093127
Tajikistan,Khatlon,Baljuan,2020,37582,0.198124111,15.80996243
Tajikistan,Khatlon,Baljuan,2021,37582,0.252148092,22.58335084
Tajikistan,Khatlon,Baljuan,2022,37582,0.23568660020828247,20.43351587
Tajikistan,Khatlon,Baljuan,2023,37582,0.217961639,18.20071582
Tajikistan,Khatlon,Baljuan,2024,37582,0.266605377,24.52803001
Tajikistan,Khatlon,Bokhtar,2020,37583,0.171953782,12.84465299
Tajikistan,Khatlon,Bokhtar,2021,37583,0.198902428,15.90151071
Tajikistan,Khatlon,Bokhtar,2022,37583,0.176137149,13.30355511
Tajikistan,Khatlon,Bokhtar,2023,37583,0.175353944,13.21719165
Tajikistan,Khatlon,Bokhtar,2024,37583,0.196241885,15.58934875
Tajikistan,Khatlon,Dangara,2020,37584,0.155121282,11.05903261
Tajikistan,Khatlon,Dangara,2021,37584,0.207796305,16.96085534
Tajikistan,Khatlon,Dangara,2022,37584,0.171922326,12.84122473
Tajikistan,Khatlon,Dangara,2023,37584,0.17064256966114044,12.7020362
Tajikistan,Khatlon,Dangara,2024,37584,0.190682888,14.94428804
Tajikistan,Khatlon,Ghozimalik,2020,37585,0.287202418,27.38326054
Tajikistan,Khatlon,Ghozimalik,2021,37585,0.30483072996139526,29.89956866
Tajikistan,Khatlon,Ghozimalik,2022,37585,0.293994784,28.34525273
Tajikistan,Khatlon,Ghozimalik,2023,37585,0.283012331,26.79473745
Tajikistan,Khatlon,Ghozimalik,2024,37585,0.292538345,28.13816327
Tajikistan,Khatlon,Hovaling,2020,37586,0.239321873,20.90214171
Tajikistan,Khatlon,Hovaling,2021,37586,0.243488103,21.44353977
Tajikistan,Khatlon,Hovaling,2022,37586,0.261014163,23.76989568
Tajikistan,Khatlon,Hovaling,2023,37586,0.254095733,22.84232873
Tajikistan,Khatlon,Hovaling,2024,37586,0.257553458,23.30443696
Tajikistan,Khatlon,Jilikul,2020,37587,0.337177515,34.67039603
Tajikistan,Khatlon,Jilikul,2021,37587,0.336116552,34.51105489
Tajikistan,Khatlon,Jilikul,2023,37587,0.323331237,32.60554655
Tajikistan,Khatlon,Jilikul,2024,37587,0.345104218,35.86649042
Tajikistan,Khatlon,Kabodien,2020,37588,0.325544596,32.93343602
Tajikistan,Khatlon,Kabodien,2021,37588,0.3711675703525543,39.86356196
Tajikistan,Khatlon,Kabodien,2022,37588,0.329540014,33.52745771
Tajikistan,Khatlon,Kabodien,2023,37588,0.325301558,32.8973905
Tajikistan,Khatlon,Kabodien,2024,37588,0.309934437,30.63967722
Tajikistan,Khatlon,Kolhosobadskiy,2020,37589,0.319235533,32.0010775
Tajikistan,Khatlon,Kolhosobadskiy,2021,37589,0.346126527,36.02145609
Tajikistan,Khatlon,Kolhosobadskiy,2022,37589,0.28665482997894287,27.30613294
Tajikistan,Khatlon,Kolhosobadskiy,2023,37589,0.300273478,29.2429991
Tajikistan,Khatlon,Kolhosobadskiy,2024,37589,0.3247389495372772,32.81398805
Tajikistan,Khatlon,Kulyab,2020,37590,0.194832578,15.42489115
Tajikistan,Khatlon,Kulyab,2021,37590,0.194556817,15.39278454
Tajikistan,Khatlon,Kulyab,2022,37590,0.197110534,15.69102471
Tajikistan,Khatlon,Kulyab,2023,37590,0.186996892,14.52199488
Tajikistan,Khatlon,Kulyab,2024,37590,0.201847285,16.24959096
Tajikistan,Khatlon,Kumsangirskiy,2020,37591,0.281066656,26.52275804
Tajikistan,Khatlon,Kumsangirskiy,2021,37591,0.300986379,29.34543596
Tajikistan,Khatlon,Kumsangirskiy,2022,37591,0.287765086,27.46257912
Tajikistan,Khatlon,Kumsangirskiy,2023,37591,0.284879059,27.05646055
Tajikistan,Khatlon,Kumsangirskiy,2024,37591,0.306086659,30.08122952
Tajikistan,Khatlon,Kurgan-Tjube,2020,37592,0.286673605,27.30877639
Tajikistan,Khatlon,Kurgan-Tjube,2021,37592,0.298515201,28.99078793
Tajikistan,Khatlon,Kurgan-Tjube,2022,37592,0.300414264,29.26322062
Tajikistan,Khatlon,Kurgan-Tjube,2023,37592,0.316641599,31.61980307
Tajikistan,Khatlon,Kurgan-Tjube,2024,37592,0.315391183,31.43644577
Tajikistan,Khatlon,Moskovskiy,2020,37593,0.290452659,27.84237359
Tajikistan,Khatlon,Moskovskiy,2021,37593,0.321251512,32.29823586
Tajikistan,Khatlon,Moskovskiy,2022,37593,0.303560138,29.71610046
Tajikistan,Khatlon,Moskovskiy,2023,37593,0.245166957,21.66299468
Tajikistan,Khatlon,Moskovskiy,2024,37593,0.316395551,31.58370071
Tajikistan,Khatlon,Muminobod,2020,37594,0.3128618001937866,31.06642571
Tajikistan,Khatlon,Muminobod,2021,37594,0.314520031,31.30887245
Tajikistan,Khatlon,Muminobod,2022,37594,0.313085318,31.09907594
Tajikistan,Khatlon,Muminobod,2023,37594,0.286756486,27.32044625
Tajikistan,Khatlon,Muminobod,2024,37594,0.300364822,29.25611867
Tajikistan,Khatlon,Parharskiy,2020,37595,0.276366919,25.86926553
Tajikistan,Khatlon,Parharskiy,2021,37595,0.326499194,33.07511331
Tajikistan,Khatlon,Parharskiy,2022,37595,0.286017418,27.21643485
Tajikistan,Khatlon,Parharskiy,2023,37595,0.284060657,26.94162373
Tajikistan,Khatlon,Parharskiy,2024,37595,0.2930878698825836,28.21624779
Tajikistan,Khatlon,Piynjskiy,2020,37596,0.304549396,29.85891796
Tajikistan,Khatlon,Piynjskiy,2021,37596,0.320814431,32.2337479
Tajikistan,Khatlon,Piynjskiy,2022,37596,0.251922011,22.55335081
Tajikistan,Khatlon,Piynjskiy,2023,37596,0.23319748044013977,20.1146988
Tajikistan,Khatlon,Piynjskiy,2024,37596,0.250219524,22.32785281
Tajikistan,Khatlon,Shaartuskiy,2020,37597,0.388256013,42.53092104
Tajikistan,Khatlon,Shaartuskiy,2021,37597,0.387920618,42.47825652
Tajikistan,Khatlon,Shaartuskiy,2022,37597,0.379767656,41.20179793
Tajikistan,Khatlon,Shaartuskiy,2023,37597,0.381121278,41.41321711
Tajikistan,Khatlon,Shaartuskiy,2024,37597,0.374949932,40.45104184
Tajikistan,Khatlon,Shurabad,2020,37598,0.269050211,24.86187169
Tajikistan,Khatlon,Shurabad,2021,37598,0.273401499,25.45949117
Tajikistan,Khatlon,Shurabad,2022,37598,0.261988044,23.9014072
Tajikistan,Khatlon,Shurabad,2023,37598,0.250767201,22.40031356
Tajikistan,Khatlon,Shurabad,2024,37598,0.264122665,24.19046447
Tajikistan,Khatlon,Sovetskiy,2020,37599,0.239269197,20.89532599
Tajikistan,Khatlon,Sovetskiy,2021,37599,0.303452075,29.70051121
Tajikistan,Khatlon,Sovetskiy,2022,37599,0.257561862,23.30556376
Tajikistan,Khatlon,Sovetskiy,2023,37599,0.257990599,23.36306954
Tajikistan,Khatlon,Sovetskiy,2024,37599,0.3015848398208618,29.4315071
Tajikistan,Khatlon,Vahshskiy,2020,37600,0.267592818,24.66269537
Tajikistan,Khatlon,Vahshskiy,2021,37600,0.3170786201953888,31.68395398
Tajikistan,Khatlon,Vahshskiy,2022,37600,0.283224702,26.82447447
Tajikistan,Khatlon,Vahshskiy,2023,37600,0.275784582,25.78863784
Tajikistan,Khatlon,Vahshskiy,2024,37600,0.287992924,27.49471654
Tajikistan,Khatlon,Voseysky,2020,37601,0.251199722,22.45759235
Tajikistan,Khatlon,Voseysky,2021,37601,0.25023371,22.32972872
Tajikistan,Khatlon,Voseysky,2022,37601,0.274360418,25.59177939
Tajikistan,Khatlon,Voseysky,2023,37601,0.246108025,21.78632923
Tajikistan,Khatlon,Voseysky,2024,37601,0.275874674,25.80110659
Tajikistan,Khatlon,Yvanskiy,2020,37602,0.287622213,27.44243217
Tajikistan,Khatlon,Yvanskiy,2021,37602,0.288306624,27.538983
Tajikistan,Khatlon,Yvanskiy,2022,37602,0.308684587,30.45796902
Tajikistan,Khatlon,Yvanskiy,2023,37602,0.258794397,23.47100373
Tajikistan,Khatlon,Yvanskiy,2024,37602,0.307967544,30.35385693
Tajikistan,Sogd,Aini,2020,37603,0.288780898,27.6059482
Tajikistan,Sogd,Aini,2021,37603,0.290493131,27.84810453
Tajikistan,Sogd,Aini,2022,37603,0.295390904,28.54417776
Tajikistan,Sogd,Aini,2023,37603,0.290911973,27.90743448
Tajikistan,Sogd,Aini,2024,37603,0.289158344,27.659276
Tajikistan,Sogd,Ashtskiy,2020,37604,0.290869653,27.90143817
Tajikistan,Sogd,Ashtskiy,2021,37604,0.310069501,30.65933118
Tajikistan,Sogd,Ashtskiy,2022,37604,0.297302663,28.81722271
Tajikistan,Sogd,Ashtskiy,2023,37604,0.281073838,26.52376051
Tajikistan,Sogd,Ashtskiy,2024,37604,0.301767647,29.45781285
Tajikistan,Sogd,Ganchinskiy,2020,37605,0.289191544,27.6639681
Tajikistan,Sogd,Ganchinskiy,2021,37605,0.278618544,26.18173467
Tajikistan,Sogd,Ganchinskiy,2022,37605,0.230478346,19.7683544
Tajikistan,Sogd,Ganchinskiy,2023,37605,0.235711470246315,20.43670981
Tajikistan,Sogd,Ganchinskiy,2024,37605,0.277285397,25.99658944
Tajikistan,Sogd,Hojenskiy,2020,37606,0.201903254,16.2562323
Tajikistan,Sogd,Hojenskiy,2021,37606,0.194684386,15.4076343
Tajikistan,Sogd,Hojenskiy,2022,37606,0.182333976,13.99407594
Tajikistan,Sogd,Hojenskiy,2023,37606,0.179141194,13.63670963
Tajikistan,Sogd,Hojenskiy,2024,37606,0.186549485,14.47103451
Tajikistan,Sogd,Isfarinskiy,2020,37607,0.2552119195461273,22.99117664
Tajikistan,Sogd,Isfarinskiy,2021,37607,0.248027638,22.03862014
Tajikistan,Sogd,Isfarinskiy,2022,37607,0.248614192,22.11589905
Tajikistan,Sogd,Isfarinskiy,2023,37607,0.237162709,20.62337441
Tajikistan,Sogd,Isfarinskiy,2024,37607,0.2445785403251648,21.58599484
Tajikistan,Sogd,Kanibadamskiy,2020,37608,0.320306659,32.1588727
Tajikistan,Sogd,Kanibadamskiy,2021,37608,0.374695122,40.41141029
Tajikistan,Sogd,Kanibadamskiy,2022,37608,0.344612598,35.79202521
Tajikistan,Sogd,Kanibadamskiy,2023,37608,0.320964098,32.25582634
Tajikistan,Sogd,Kanibadamskiy,2024,37608,0.269225657,24.88588286
Tajikistan,Sogd,Kuhistoni Mastchohskiy,2020,37609,0.297702402,28.87440919
Tajikistan,Sogd,Kuhistoni Mastchohskiy,2021,37609,0.296689987,28.72963656
Tajikistan,Sogd,Kuhistoni Mastchohskiy,2022,37609,0.308005452,30.35935865
Tajikistan,Sogd,Kuhistoni Mastchohskiy,2023,37609,0.29508543014526367,28.50061822
Tajikistan,Sogd,Kuhistoni Mastchohskiy,2024,37609,0.290119946,27.79527318
Tajikistan,Sogd,Matchinskiy,2020,37610,0.26561903953552246,24.39374553
Tajikistan,Sogd,Matchinskiy,2021,37610,0.292866558,28.18479299
Tajikistan,Sogd,Matchinskiy,2022,37610,0.278052479,26.10307176
Tajikistan,Sogd,Matchinskiy,2023,37610,0.265117526,24.32555588
Tajikistan,Sogd,Matchinskiy,2024,37610,0.28971231,27.7375982
Tajikistan,Sogd,Nauskiy,2020,37611,0.3386722803115845,34.89519375
Tajikistan,Sogd,Nauskiy,2021,37611,0.324334383,32.75404808
Tajikistan,Sogd,Nauskiy,2022,37611,0.279388756,26.2888817
Tajikistan,Sogd,Nauskiy,2023,37611,0.247288048,21.94130481
Tajikistan,Sogd,Nauskiy,2024,37611,0.249209538,22.19442644
Tajikistan,Sogd,Penjikenskiy,2020,37612,0.214852333,17.81824639
Tajikistan,Sogd,Penjikenskiy,2021,37612,0.257500708,23.2973649
Tajikistan,Sogd,Penjikenskiy,2022,37612,0.217771947,18.1773017
Tajikistan,Sogd,Penjikenskiy,2023,37612,0.21343863010406494,17.64528421
Tajikistan,Sogd,Penjikenskiy,2024,37612,0.224341691,18.99424239
Tajikistan,Sogd,Rasulov,2020,37613,0.307721764,30.31819332
Tajikistan,Sogd,Rasulov,2021,37613,0.340727448,35.2048483
Tajikistan,Sogd,Rasulov,2022,37613,0.298917353,29.04841866
Tajikistan,Sogd,Rasulov,2023,37613,0.273654282,25.49434358
Tajikistan,Sogd,Rasulov,2024,37613,0.291042268,27.92589872
Tajikistan,Sogd,Shahriston,2020,37614,0.243177742,21.40305092
Tajikistan,Sogd,Shahriston,2021,37614,0.252664149,22.65187802
Tajikistan,Sogd,Shahriston,2022,37614,0.257042199,23.23592286
Tajikistan,Sogd,Shahriston,2023,37614,0.241274446,21.15530605
Tajikistan,Sogd,Shahriston,2024,37614,0.273028851,25.40813917
Tajikistan,Sogd,Ura-Tubinskiy,2020,37615,0.179677263,13.69647634
Tajikistan,Sogd,Ura-Tubinskiy,2021,37615,0.173866004,13.05368527
Tajikistan,Sogd,Ura-Tubinskiy,2022,37615,0.182236254,13.98308818
Tajikistan,Sogd,Ura-Tubinskiy,2023,37615,0.183488682,14.12414717
Tajikistan,Sogd,Ura-Tubinskiy,2024,37615,0.179178238,13.64083665
Tajikistan,Sogd,Zafarobskiy,2020,37616,0.270696223,25.08742366
Tajikistan,Sogd,Zafarobskiy,2021,37616,0.261090964,23.78025838
Tajikistan,Sogd,Zafarobskiy,2022,37616,0.269961506,24.98666784
Tajikistan,Sogd,Zafarobskiy,2023,37616,0.224618897,19.02898309
Tajikistan,Sogd,Zafarobskiy,2024,37616,0.26749891,24.64987858
Tajikistan,Tadzhikistan Territories,Darbanskiy,2020,37617,0.21442312002182007,17.76567147
Tajikistan,Tadzhikistan Territories,Darbanskiy,2021,37617,0.214231223,17.7421832
Tajikistan,Tadzhikistan Territories,Darbanskiy,2022,37617,0.24023360013961792,21.02022743
Tajikistan,Tadzhikistan Territories,Darbanskiy,2023,37617,0.233418509,20.14294094
Tajikistan,Tadzhikistan Territories,Darbanskiy,2024,37617,0.206247255,16.77461744
Tajikistan,Tadzhikistan Territories,Faysabadskiy,2020,37618,0.234483302,20.2791821
Tajikistan,Tadzhikistan Territories,Faysabadskiy,2021,37618,0.249411523,22.22108931
Tajikistan,Tadzhikistan Territories,Faysabadskiy,2022,37618,0.234552801,20.28808528
Tajikistan,Tadzhikistan Territories,Faysabadskiy,2023,37618,0.205403209,16.67344514
Tajikistan,Tadzhikistan Territories,Faysabadskiy,2024,37618,0.227376655,19.37577503
Tajikistan,Tadzhikistan Territories,Garmskiy,2020,37619,0.272089392,25.27882082
Tajikistan,Tadzhikistan Territories,Garmskiy,2021,37619,0.29646349,28.6972766
Tajikistan,Tadzhikistan Territories,Garmskiy,2022,37619,0.264855146,24.2899046
Tajikistan,Tadzhikistan Territories,Garmskiy,2023,37619,0.263452172,24.09955243
Tajikistan,Tadzhikistan Territories,Garmskiy,2024,37619,0.2735595703125,25.48128351
Tajikistan,Tadzhikistan Territories,Gissarskiy,2020,37620,0.204712749,16.59084316
Tajikistan,Tadzhikistan Territories,Gissarskiy,2021,37620,0.228883654,19.56618141
Tajikistan,Tadzhikistan Territories,Gissarskiy,2022,37620,0.216872394,18.06640976
Tajikistan,Tadzhikistan Territories,Gissarskiy,2023,37620,0.183393389,14.11339642
Tajikistan,Tadzhikistan Territories,Gissarskiy,2024,37620,0.236365765,20.52079779
Tajikistan,Tadzhikistan Territories,Jirgatalskiy,2020,37621,0.277559072,26.03456436
Tajikistan,Tadzhikistan Territories,Jirgatalskiy,2021,37621,0.283127517,26.81086499
Tajikistan,Tadzhikistan Territories,Jirgatalskiy,2022,37621,0.268847257,24.83410489
Tajikistan,Tadzhikistan Territories,Jirgatalskiy,2023,37621,0.2721982002258301,25.29378808
Tajikistan,Tadzhikistan Territories,Jirgatalskiy,2024,37621,0.298719049,29.0199964
Tajikistan,Tadzhikistan Territories,Kofarnohon,2020,37622,0.211677074,17.43058721
Tajikistan,Tadzhikistan Territories,Kofarnohon,2021,37622,0.214490399,17.77390897
Tajikistan,Tadzhikistan Territories,Kofarnohon,2022,37622,0.177524433,13.45703377
Tajikistan,Tadzhikistan Territories,Kofarnohon,2023,37622,0.146495312,10.1829281
Tajikistan,Tadzhikistan Territories,Kofarnohon,2024,37622,0.178851962,13.60450259
Tajikistan,Tadzhikistan Territories,Leninskiy,2020,37623,0.05010463297367096,2.411460755
Tajikistan,Tadzhikistan Territories,Leninskiy,2021,37623,0.04984316974878311,2.395900638
Tajikistan,Tadzhikistan Territories,Leninskiy,2022,37623,0.05006488040089607,2.409092934
Tajikistan,Tadzhikistan Territories,Leninskiy,2023,37623,0.065803342,3.404104513
Tajikistan,Tadzhikistan Territories,Leninskiy,2024,37623,0.067953542,3.548881466
Tajikistan,Tadzhikistan Territories,Nurek,2020,37624,0.230626315,19.7871493
Tajikistan,Tadzhikistan Territories,Nurek,2021,37624,0.226414263,19.25451045
Tajikistan,Tadzhikistan Territories,Nurek,2022,37624,0.222344786,18.74462481
Tajikistan,Tadzhikistan Territories,Nurek,2023,37624,0.214211017,17.73971061
Tajikistan,Tadzhikistan Territories,Nurek,2024,37624,0.231652156,19.91761703
Tajikistan,Tadzhikistan Territories,Rogunsky,2020,37625,0.214263454,17.74612755
Tajikistan,Tadzhikistan Territories,Rogunsky,2021,37625,0.22121495008468628,18.60389528
Tajikistan,Tadzhikistan Territories,Rogunsky,2022,37625,0.232590973,20.03727046
Tajikistan,Tadzhikistan Territories,Rogunsky,2023,37625,0.235926926,20.46438677
Tajikistan,Tadzhikistan Territories,Rogunsky,2024,37625,0.228761747,19.55075528
Tajikistan,Tadzhikistan Territories,Shahrinav,2020,37626,0.236681685,20.56144012
Tajikistan,Tadzhikistan Territories,Shahrinav,2021,37626,0.28747648000717163,27.42188627
Tajikistan,Tadzhikistan Territories,Shahrinav,2022,37626,0.253115654,22.71188839
Tajikistan,Tadzhikistan Territories,Shahrinav,2023,37626,0.228312895,19.49399271
Tajikistan,Tadzhikistan Territories,Shahrinav,2024,37626,0.282422006,26.71212998
Tajikistan,Tadzhikistan Territories,Tavildara,2020,37627,0.2779046595096588,26.08254194
Tajikistan,Tadzhikistan Territories,Tavildara,2021,37627,0.25893864035606384,23.49038953
Tajikistan,Tadzhikistan Territories,Tavildara,2022,37627,0.265528798,24.38147119
Tajikistan,Tadzhikistan Territories,Tavildara,2023,37627,0.272576362,25.34582783
Tajikistan,Tadzhikistan Territories,Tavildara,2024,37627,0.254421234,22.88570343
Tajikistan,Tadzhikistan Territories,Tojikobod,2020,37628,0.223435938,18.88088114
Tajikistan,Tadzhikistan Territories,Tojikobod,2021,37628,0.286469996,27.28011367
Tajikistan,Tadzhikistan Territories,Tojikobod,2022,37628,0.263660014,24.12772209
Tajikistan,Tadzhikistan Territories,Tojikobod,2023,37628,0.268242121,24.7513715
Tajikistan,Tadzhikistan Territories,Tojikobod,2024,37628,0.268660486,24.80856063
Tajikistan,Tadzhikistan Territories,Tursunzade,2020,37629,0.280544937,26.44997058
Tajikistan,Tadzhikistan Territories,Tursunzade,2021,37629,0.313168406,31.1112155
Tajikistan,Tadzhikistan Territories,Tursunzade,2022,37629,0.276076645,25.82906587
Tajikistan,Tadzhikistan Territories,Tursunzade,2023,37629,0.254990995,22.96169077
Tajikistan,Tadzhikistan Territories,Tursunzade,2024,37629,0.289120555,27.65393554
Tajikistan,Tadzhikistan Territories,Varzob,2020,37630,0.200644106,16.10705263
Tajikistan,Tadzhikistan Territories,Varzob,2021,37630,0.23738647997379303,20.65220721
Tajikistan,Tadzhikistan Territories,Varzob,2022,37630,0.238798678,20.83447818
Tajikistan,Tadzhikistan Territories,Varzob,2023,37630,0.206194595,16.76829892
Tajikistan,Tadzhikistan Territories,Varzob,2024,37630,0.219425201,18.38171658
Tunisia,Ariana,Ariana Ville,2020,39236,0.040718362,1.873215113
Tunisia,Ariana,Ariana Ville,2021,39236,0.03582506999373436,1.609391459
Tunisia,Ariana,Ariana Ville,2022,39236,0.0382239930331707,1.737280716
Tunisia,Ariana,Ariana Ville,2023,39236,0.03804730996489525,1.727766241
Tunisia,Ariana,Ariana Ville,2024,39236,0.04230625554919243,1.961312506
Tunisia,Ariana,El Mnihla,2020,39237,0.032406389713287354,1.431985694
Tunisia,Ariana,El Mnihla,2021,39237,0.03389821574091911,1.508698181
Tunisia,Ariana,El Mnihla,2022,39237,0.047914729,2.28213363
Tunisia,Ariana,El Mnihla,2023,39237,0.043793902,2.0449465
Tunisia,Ariana,El Mnihla,2024,39237,0.041325606405735016,1.90676222
Tunisia,Ariana,Ettadhamen,2020,39238,0.067702457,3.531867439
Tunisia,Ariana,Ettadhamen,2021,39238,0.07310735434293747,3.904389504
Tunisia,Ariana,Ettadhamen,2022,39238,0.066259682,3.434655428
Tunisia,Ariana,Ettadhamen,2023,39238,0.072678901,3.874380742
Tunisia,Ariana,Ettadhamen,2024,39238,0.073727548,3.947972976
Tunisia,Ariana,Kalaat El Andalous,2020,39239,0.182180494,13.97681996
Tunisia,Ariana,Kalaat El Andalous,2021,39239,0.175839201,13.27067628
Tunisia,Ariana,Kalaat El Andalous,2022,39239,0.173342004,12.99628185
Tunisia,Ariana,Kalaat El Andalous,2023,39239,0.154868379,11.03296418
Tunisia,Ariana,Kalaat El Andalous,2024,39239,0.159469694,11.51081777
Tunisia,Ariana,Raoued,2020,39240,0.030805131420493126,1.350861629
Tunisia,Ariana,Raoued,2021,39240,0.028451526537537575,1.233915448
Tunisia,Ariana,Raoued,2022,39240,0.03309541568160057,1.467281162
Tunisia,Ariana,Raoued,2023,39240,0.04857802763581276,2.321065987
Tunisia,Ariana,Raoued,2024,39240,0.048000484704971313,2.28715536
Tunisia,Ariana,Sidi Thabet,2020,39241,0.143749475,9.909742534
Tunisia,Ariana,Sidi Thabet,2021,39241,0.155066758,11.05341058
Tunisia,Ariana,Sidi Thabet,2022,39241,0.126553372,8.263235276
Tunisia,Ariana,Sidi Thabet,2023,39241,0.12147518992424011,7.798741709
Tunisia,Ariana,Sidi Thabet,2024,39241,0.126248404,8.235056055
Tunisia,Ariana,Sourka,2020,39242,0.024996917694807053,1.067233929
Tunisia,Ariana,Sourka,2021,39242,0.025113079696893692,1.072742149
Tunisia,Ariana,Sourka,2022,39242,0.028478961437940598,1.235262864
Tunisia,Ariana,Sourka,2023,39242,0.02888329327106476,1.255164111
Tunisia,Ariana,Sourka,2024,39242,0.025738317519426346,1.102505506
Tunisia,Beja,Amdoun,2020,39243,0.23733296990394592,20.64531123
Tunisia,Beja,Amdoun,2021,39243,0.225332677,19.11853696
Tunisia,Beja,Amdoun,2022,39243,0.216502219,18.02084496
Tunisia,Beja,Amdoun,2023,39243,0.20767050981521606,16.94570433
Tunisia,Beja,Amdoun,2024,39243,0.20072337985038757,16.11643037
Tunisia,Beja,Beja Nord,2020,39244,0.190612778,14.93621514
Tunisia,Beja,Beja Nord,2021,39244,0.193621337,15.28404594
Tunisia,Beja,Beja Nord,2022,39244,0.203659132,16.46507501
Tunisia,Beja,Beja Nord,2023,39244,0.193953335,15.3226052
Tunisia,Beja,Beja Nord,2024,39244,0.199088454,15.92341956
Tunisia,Beja,Beja Sud,2020,39245,0.18395254015922546,14.17652106
Tunisia,Beja,Beja Sud,2021,39245,0.166760445,12.28323449
Tunisia,Beja,Beja Sud,2022,39245,0.174627587,13.13728084
Tunisia,Beja,Beja Sud,2023,39245,0.141784579,9.715964685
Tunisia,Beja,Beja Sud,2024,39245,0.140894726,9.628679794
Tunisia,Beja,Goubellat,2020,39246,0.252247572,22.59655558
Tunisia,Beja,Goubellat,2021,39246,0.225430101,19.13077128
Tunisia,Beja,Goubellat,2022,39246,0.209264368,17.13802207
Tunisia,Beja,Goubellat,2023,39246,0.187945008,14.63020038
Tunisia,Beja,Goubellat,2024,39246,0.195282027,15.47727138
Tunisia,Beja,Mejez El Bab,2020,39247,0.169178858,12.54352499
Tunisia,Beja,Mejez El Bab,2021,39247,0.187215105,14.54687309
Tunisia,Beja,Mejez El Bab,2022,39247,0.184462577,14.23419003
Tunisia,Beja,Mejez El Bab,2023,39247,0.146095157,10.14294346
Tunisia,Beja,Mejez El Bab,2024,39247,0.178135797,13.52487449
Tunisia,Beja,Nefza,2020,39248,0.391157568,42.98701735
Tunisia,Beja,Nefza,2021,39248,0.370447367,39.7518976
Tunisia,Beja,Nefza,2022,39248,0.3267093598842621,33.10632629
Tunisia,Beja,Nefza,2023,39248,0.311310917,30.84013838
Tunisia,Beja,Nefza,2024,39248,0.312045306,30.9472359
Tunisia,Beja,Teboursouk,2020,39249,0.191384643,15.02517899
Tunisia,Beja,Teboursouk,2021,39249,0.191372305,15.02375542
Tunisia,Beja,Teboursouk,2022,39249,0.210233212,17.25529592
Tunisia,Beja,Teboursouk,2023,39249,0.188837469,14.73231863
Tunisia,Beja,Teboursouk,2024,39249,0.211817533,17.4476725
Tunisia,Beja,Testour,2020,39250,0.237148032,20.62148367
Tunisia,Beja,Testour,2021,39250,0.199397951,15.95989374
Tunisia,Beja,Testour,2022,39250,0.203577548,16.45535061
Tunisia,Beja,Testour,2023,39250,0.207442433,16.91824652
Tunisia,Beja,Testour,2024,39250,0.209840029,17.20766936
Tunisia,Beja,Thibar,2020,39251,0.305059612,29.93265183
Tunisia,Beja,Thibar,2021,39251,0.232822105,20.06676553
Tunisia,Beja,Thibar,2022,39251,0.256825894,23.20695511
Tunisia,Beja,Thibar,2023,39251,0.219747543,18.42166406
Tunisia,Beja,Thibar,2024,39251,0.236395895,20.5246728
Tunisia,Ben Arous,Ben Arous,2020,39252,0.04665878787636757,2.208987727
Tunisia,Ben Arous,Ben Arous,2021,39252,0.046740926802158356,2.213748599
Tunisia,Ben Arous,Ben Arous,2022,39252,0.05922320485115051,2.974155914
Tunisia,Ben Arous,Ben Arous,2023,39252,0.066964127,3.48200197
Tunisia,Ben Arous,Ben Arous,2024,39252,0.066964127,3.48200197
Tunisia,Ben Arous,Boumhal Elbassatine,2020,39253,0.042835791,1.990960838
Tunisia,Ben Arous,Boumhal Elbassatine,2021,39253,0.041985031,1.943392955
Tunisia,Ben Arous,Boumhal Elbassatine,2022,39253,0.053825591,2.63638648
Tunisia,Ben Arous,Boumhal Elbassatine,2023,39253,0.06284533441066742,3.208373294
Tunisia,Ben Arous,Boumhal Elbassatine,2024,39253,0.05359167233109474,2.622055205
Tunisia,Ben Arous,El Mourouj,2020,39254,0.029753461480140686,1.29826807
Tunisia,Ben Arous,El Mourouj,2021,39254,0.029256539,1.273607102
Tunisia,Ben Arous,El Mourouj,2022,39254,0.031229431,1.37223497
Tunisia,Ben Arous,El Mourouj,2023,39254,0.029048113152384758,1.263299765
Tunisia,Ben Arous,El Mourouj,2024,39254,0.03580498322844505,1.608332426
Tunisia,Ben Arous,Ezzahra,2020,39255,0.049153041,2.354984934
Tunisia,Ben Arous,Ezzahra,2021,39255,0.044864211,2.105773449
Tunisia,Ben Arous,Ezzahra,2022,39255,0.04038872569799423,1.855078824
Tunisia,Ben Arous,Ezzahra,2023,39255,0.04125601798295975,1.902908816
Tunisia,Ben Arous,Ezzahra,2024,39255,0.041193924844264984,1.899472425
Tunisia,Ben Arous,Fouchana,2020,39256,0.0374242328107357,1.694334022
Tunisia,Ben Arous,Fouchana,2021,39256,0.037756673991680145,1.712148262
Tunisia,Ben Arous,Fouchana,2022,39256,0.041078243404626846,1.893075271
Tunisia,Ben Arous,Fouchana,2023,39256,0.03828797489404678,1.740729904
Tunisia,Ben Arous,Fouchana,2024,39256,0.04100015386939049,1.888760582
Tunisia,Ben Arous,Hammam Chott,2020,39257,0.080168627,4.410708239
Tunisia,Ben Arous,Hammam Chott,2021,39257,0.07465855032205582,4.01372017
Tunisia,Ben Arous,Hammam Chott,2022,39257,0.082829088,4.607171092
Tunisia,Ben Arous,Hammam Chott,2023,39257,0.09738871455192566,5.736468461
Tunisia,Ben Arous,Hammam Chott,2024,39257,0.089077801,5.080714141
Tunisia,Ben Arous,Hammam Lif,2020,39258,0.04665793478488922,2.208938297
Tunisia,Ben Arous,Hammam Lif,2021,39258,0.04544372484087944,2.138936163
Tunisia,Ben Arous,Hammam Lif,2022,39258,0.042127412,1.951329564
Tunisia,Ben Arous,Hammam Lif,2023,39258,0.04517078399658203,2.123297144
Tunisia,Ben Arous,Hammam Lif,2024,39258,0.04516800493001938,2.123138091
Tunisia,Ben Arous,M'hamdia,2020,39259,0.196615487,15.63305023
Tunisia,Ben Arous,M'hamdia,2021,39259,0.20719704031944275,16.88872164
Tunisia,Ben Arous,M'hamdia,2022,39259,0.198524475,15.85703112
Tunisia,Ben Arous,M'hamdia,2023,39259,0.166508466,12.25623023
Tunisia,Ben Arous,M'hamdia,2024,39259,0.199704051,15.9959967
Tunisia,Ben Arous,Megrine,2020,39260,0.03452371433377266,1.54118666
Tunisia,Ben Arous,Megrine,2021,39260,0.038392119,1.746348438
Tunisia,Ben Arous,Megrine,2022,39260,0.03452371433377266,1.54118666
Tunisia,Ben Arous,Megrine,2023,39260,0.03775324299931526,1.711964134
Tunisia,Ben Arous,Megrine,2024,39260,0.03542844578623772,1.588516644
Tunisia,Ben Arous,Mornague,2020,39261,0.204341322,16.54646815
Tunisia,Ben Arous,Mornague,2021,39261,0.214571804,17.78387785
Tunisia,Ben Arous,Mornague,2022,39261,0.203273192,16.41909076
Tunisia,Ben Arous,Mornague,2023,39261,0.191731751,15.06524787
Tunisia,Ben Arous,Mornague,2024,39261,0.202621251,16.34151629
Tunisia,Ben Arous,Nouvelle Medina,2020,39262,0.04148402810096741,1.915543386
Tunisia,Ben Arous,Nouvelle Medina,2021,39262,0.04036177694797516,1.853598443
Tunisia,Ben Arous,Nouvelle Medina,2022,39262,0.040946610271930695,1.885803829
Tunisia,Ben Arous,Nouvelle Medina,2023,39262,0.04594360291957855,2.167670342
Tunisia,Ben Arous,Nouvelle Medina,2024,39262,0.042228062,1.956945887
Tunisia,Ben Arous,Rades,2020,39263,0.012394199147820473,0.509978226
Tunisia,Ben Arous,Rades,2021,39263,0.01373413298279047,0.56539668
Tunisia,Ben Arous,Rades,2022,39263,0.012000256218016148,0.493860035
Tunisia,Ben Arous,Rades,2023,39263,0.01291730161756277,0.531503912
Tunisia,Ben Arous,Rades,2024,39263,0.012242943979799747,0.503780204
Tunisia,Bizerte,Bizerte Nord,2020,39264,0.036090091,1.623382545
Tunisia,Bizerte,Bizerte Nord,2021,39264,0.039438859,1.803111111
Tunisia,Bizerte,Bizerte Nord,2022,39264,0.03785770386457443,1.717572685
Tunisia,Bizerte,Bizerte Nord,2023,39264,0.033483509,1.487263763
Tunisia,Bizerte,Bizerte Nord,2024,39264,0.040438108,1.857792468
Tunisia,Bizerte,Bizerte Sud,2020,39265,0.23508214950561523,20.35594064
Tunisia,Bizerte,Bizerte Sud,2021,39265,0.219780296,18.42572474
Tunisia,Bizerte,Bizerte Sud,2022,39265,0.227928966,19.44548506
Tunisia,Bizerte,Bizerte Sud,2023,39265,0.219175488,18.35079041
Tunisia,Bizerte,Bizerte Sud,2024,39265,0.213665843,17.6730434
Tunisia,Bizerte,El Alia,2020,39266,0.1392017900943756,9.463437603
Tunisia,Bizerte,El Alia,2021,39266,0.131057233,8.683588822
Tunisia,Bizerte,El Alia,2022,39266,0.135699913,9.125047102
Tunisia,Bizerte,El Alia,2023,39266,0.136098117,9.163292793
Tunisia,Bizerte,El Alia,2024,39266,0.12236762046813965,7.879638699
Tunisia,Bizerte,Ghar El Melh,2020,39267,0.225457326,19.13419056
Tunisia,Bizerte,Ghar El Melh,2021,39267,0.232034370303154,19.96630158
Tunisia,Bizerte,Ghar El Melh,2022,39267,0.221124381,18.59262999
Tunisia,Bizerte,Ghar El Melh,2023,39267,0.217843622,18.18614745
Tunisia,Bizerte,Ghar El Melh,2024,39267,0.217878312,18.19042925
Tunisia,Bizerte,Ghazala,2020,39268,0.389729261,42.76239279
Tunisia,Bizerte,Ghazala,2021,39268,0.376232624,40.65066105
Tunisia,Bizerte,Ghazala,2022,39268,0.362287015,38.49126561
Tunisia,Bizerte,Ghazala,2023,39268,0.356379837,37.58420167
Tunisia,Bizerte,Ghazala,2024,39268,0.361218721,38.32687577
Tunisia,Bizerte,Jarzouna,2020,39269,0.04539739340543747,2.136278952
Tunisia,Bizerte,Jarzouna,2021,39269,0.05353003740310669,2.618283333
Tunisia,Bizerte,Jarzouna,2022,39269,0.048082444816827774,2.291958055
Tunisia,Bizerte,Jarzouna,2023,39269,0.04496944323182106,2.111783453
Tunisia,Bizerte,Jarzouna,2024,39269,0.04509050026535988,2.118703793
Tunisia,Bizerte,Joumine,2020,39270,0.298912525,29.04772659
Tunisia,Bizerte,Joumine,2021,39270,0.287554085,27.43282671
Tunisia,Bizerte,Joumine,2022,39270,0.279661596,26.3268693
Tunisia,Bizerte,Joumine,2023,39270,0.339367986,34.99994195
Tunisia,Bizerte,Joumine,2024,39270,0.293863475,28.32656399
Tunisia,Bizerte,Mateur,2020,39271,0.207993388,16.98460185
Tunisia,Bizerte,Mateur,2021,39271,0.214245737,17.7439593
Tunisia,Bizerte,Mateur,2022,39271,0.216772377,18.05409479
Tunisia,Bizerte,Mateur,2023,39271,0.212312028,17.50786913
Tunisia,Bizerte,Mateur,2024,39271,0.21541959047317505,17.88781333
Tunisia,Bizerte,Menzel Bourguiba,2020,39272,0.090298742,5.175206354
Tunisia,Bizerte,Menzel Bourguiba,2021,39272,0.091590017,5.275836118
Tunisia,Bizerte,Menzel Bourguiba,2022,39272,0.09833711385726929,5.813157173
Tunisia,Bizerte,Menzel Bourguiba,2023,39272,0.094231367,5.483891289
Tunisia,Bizerte,Menzel Bourguiba,2024,39272,0.09344884008169174,5.421943702
Tunisia,Bizerte,Menzel Jemil,2020,39273,0.040775835514068604,1.876382632
Tunisia,Bizerte,Menzel Jemil,2021,39273,0.04103432223200798,1.890648129
Tunisia,Bizerte,Menzel Jemil,2022,39273,0.048486534506082535,2.315683408
Tunisia,Bizerte,Menzel Jemil,2023,39273,0.04852939024567604,2.318204136
Tunisia,Bizerte,Menzel Jemil,2024,39273,0.04835842549800873,2.308153361
Tunisia,Bizerte,Ras Jebel,2020,39274,0.162713915,11.85223385
Tunisia,Bizerte,Ras Jebel,2021,39274,0.157695904,11.32571598
Tunisia,Bizerte,Ras Jebel,2022,39274,0.156447113,11.19606924
Tunisia,Bizerte,Ras Jebel,2023,39274,0.144974172,10.03124524
Tunisia,Bizerte,Ras Jebel,2024,39274,0.132063642,8.77858664
Tunisia,Bizerte,Sejnane,2020,39275,0.439009964,50.61267987
Tunisia,Bizerte,Sejnane,2021,39275,0.420644194,47.66598964
Tunisia,Bizerte,Sejnane,2022,39275,0.414021313,46.60879861
Tunisia,Bizerte,Sejnane,2023,39275,0.417778581,47.2081667
Tunisia,Bizerte,Sejnane,2024,39275,0.400222778,44.41737492
Tunisia,Bizerte,Tinja,2020,39276,0.10487166047096252,6.351751086
Tunisia,Bizerte,Tinja,2021,39276,0.10472040623426437,6.339084155
Tunisia,Bizerte,Tinja,2022,39276,0.099935159,5.943229744
Tunisia,Bizerte,Tinja,2023,39276,0.104714312,6.338573956
Tunisia,Bizerte,Tinja,2024,39276,0.099935159,5.943229744
Tunisia,Bizerte,Utique,2020,39277,0.227283627,19.36404188
Tunisia,Bizerte,Utique,2021,39277,0.219165951,18.34960967
Tunisia,Bizerte,Utique,2022,39277,0.191074073,14.98936039
Tunisia,Bizerte,Utique,2023,39277,0.175942332,13.28205348
Tunisia,Bizerte,Utique,2024,39277,0.177175432,13.41836248
Tunisia,Gabes,El Hamma,2020,39278,0.168806121,12.50327681
Tunisia,Gabes,El Hamma,2021,39278,0.142170757,9.753936354
Tunisia,Gabes,El Hamma,2022,39278,0.154365525,10.98119949
Tunisia,Gabes,El Hamma,2023,39278,0.154293105,10.97375196
Tunisia,Gabes,El Hamma,2024,39278,0.166628927,12.26913716
Tunisia,Gabes,Gabes Ouest,2020,39279,0.03812211751937866,1.73179282
Tunisia,Gabes,Gabes Ouest,2021,39279,0.03525819256901741,1.579579535
Tunisia,Gabes,Gabes Ouest,2022,39279,0.03259146958589554,1.441443565
Tunisia,Gabes,Gabes Ouest,2023,39279,0.031870096921920776,1.404675265
Tunisia,Gabes,Gabes Ouest,2024,39279,0.033332448,1.479477012
Tunisia,Gabes,Gabes Sud,2020,39280,0.03996551036834717,1.831870705
Tunisia,Gabes,Gabes Sud,2021,39280,0.04788517206907272,2.280403665
Tunisia,Gabes,Gabes Sud,2022,39280,0.030836237594485283,1.352425537
Tunisia,Gabes,Gabes Sud,2023,39280,0.03104439750313759,1.362903342
Tunisia,Gabes,Gabes Sud,2024,39280,0.03931446745991707,1.796337873
Tunisia,Gabes,Gabes Ville,2020,39281,0.029427193105220795,1.282062454
Tunisia,Gabes,Gabes Ville,2021,39281,0.029033252969384193,1.262565702
Tunisia,Gabes,Gabes Ville,2022,39281,0.022621603682637215,0.956078877
Tunisia,Gabes,Gabes Ville,2023,39281,0.022621603682637215,0.956078877
Tunisia,Gabes,Gabes Ville,2024,39281,0.02629457227885723,1.129148723
Tunisia,Gabes,Gannouch,2020,39282,0.038218182,1.736967526
Tunisia,Gabes,Gannouch,2021,39282,0.03502439334988594,1.567329741
Tunisia,Gabes,Gannouch,2022,39282,0.03791815787553787,1.720820906
Tunisia,Gabes,Gannouch,2023,39282,0.03907022997736931,1.783060629
Tunisia,Gabes,Gannouch,2024,39282,0.032784499,1.451325586
Tunisia,Gabes,Mareth,2020,39283,0.236724243,20.56691712
Tunisia,Gabes,Mareth,2021,39283,0.228112623,19.46868416
Tunisia,Gabes,Mareth,2022,39283,0.189236343,14.7780419
Tunisia,Gabes,Mareth,2023,39283,0.169391245,12.56647973
Tunisia,Gabes,Mareth,2024,39283,0.152591184,10.79927116
Tunisia,Gabes,Matmata,2020,39284,0.181691185,13.92185855
Tunisia,Gabes,Matmata,2021,39284,0.172738314,12.93026339
Tunisia,Gabes,Matmata,2022,39284,0.121652462,7.814786055
Tunisia,Gabes,Matmata,2023,39284,0.156400949,11.19128725
Tunisia,Gabes,Matmata,2024,39284,0.154335305,10.97809153
Tunisia,Gabes,Matmata Nouvelle,2020,39285,0.186282411,14.44064531
Tunisia,Gabes,Matmata Nouvelle,2021,39285,0.183498055,14.12520475
Tunisia,Gabes,Matmata Nouvelle,2022,39285,0.135680258,9.123160917
Tunisia,Gabes,Matmata Nouvelle,2023,39285,0.133072793,8.874232509
Tunisia,Gabes,Matmata Nouvelle,2024,39285,0.14513050019741058,10.04679447
Tunisia,Gabes,Menzel El Habib,2020,39286,0.276849329,25.93611587
Tunisia,Gabes,Menzel El Habib,2021,39286,0.212517425,17.53289417
Tunisia,Gabes,Menzel El Habib,2022,39286,0.222680867,18.78655642
Tunisia,Gabes,Menzel El Habib,2023,39286,0.219367832,18.37460998
Tunisia,Gabes,Menzel El Habib,2024,39286,0.221647888,18.65777794
Tunisia,Gabes,Metouia,2020,39287,0.10391584038734436,6.271863676
Tunisia,Gabes,Metouia,2021,39287,0.0898260697722435,5.138549068
Tunisia,Gabes,Metouia,2022,39287,0.0928669199347496,5.376045408
Tunisia,Gabes,Metouia,2023,39287,0.09073469042778015,5.20910036
Tunisia,Gabes,Metouia,2024,39287,0.107385233,6.563630404
Tunisia,Gafsa,Belkhir,2020,39288,0.237818897,20.70796208
Tunisia,Gafsa,Belkhir,2021,39288,0.245147169,21.66040368
Tunisia,Gafsa,Belkhir,2022,39288,0.238542333,20.80135239
Tunisia,Gafsa,Belkhir,2023,39288,0.200686619,16.11208147
Tunisia,Gafsa,Belkhir,2024,39288,0.197107464,15.690665245056152
Tunisia,Gafsa,Gafsa Nord,2020,39289,0.263577729,24.11656851
Tunisia,Gafsa,Gafsa Nord,2021,39289,0.232214093,19.98920761
Tunisia,Gafsa,Gafsa Nord,2022,39289,0.241369933,21.16771244
Tunisia,Gafsa,Gafsa Nord,2023,39289,0.181830257,13.93747179
Tunisia,Gafsa,Gafsa Nord,2024,39289,0.215096518,17.84818108
Tunisia,Gafsa,Gafsa Sud,2020,39290,0.08583405613899231,4.832785757
Tunisia,Gafsa,Gafsa Sud,2021,39290,0.075012676,4.038829795
Tunisia,Gafsa,Gafsa Sud,2022,39290,0.072910421,3.890586118
Tunisia,Gafsa,Gafsa Sud,2023,39290,0.076562069,4.149345906
Tunisia,Gafsa,Gafsa Sud,2024,39290,0.079884648,4.38992089
Tunisia,Gafsa,Guetar,2020,39291,0.153182179,10.85974184
Tunisia,Gafsa,Guetar,2021,39291,0.149778724,10.51322892
Tunisia,Gafsa,Guetar,2022,39291,0.158888549,11.45005039
Tunisia,Gafsa,Guetar,2023,39291,0.160429865,11.61147907
Tunisia,Gafsa,Guetar,2024,39291,0.154360712,10.98070446
Tunisia,Gafsa,Ksar,2020,39292,0.14497976005077362,10.03180089
Tunisia,Gafsa,Ksar,2021,39292,0.14075236022472382,9.614742662
Tunisia,Gafsa,Ksar,2022,39292,0.134752885,9.034330663
Tunisia,Gafsa,Ksar,2023,39292,0.129100591,8.500009573
Tunisia,Gafsa,Ksar,2024,39292,0.136572748,9.208957425
Tunisia,Gafsa,Mdhilla,2020,39293,0.168502301,12.4705056
Tunisia,Gafsa,Mdhilla,2021,39293,0.169041306,12.52866653
Tunisia,Gafsa,Mdhilla,2022,39293,0.173129141,12.97298948
Tunisia,Gafsa,Mdhilla,2023,39293,0.171727985,12.82005201
Tunisia,Gafsa,Mdhilla,2024,39293,0.172957361,12.95420371
Tunisia,Gafsa,Metlaoui,2020,39294,0.135918111,9.145996583
Tunisia,Gafsa,Metlaoui,2021,39294,0.143109262,9.846447452
Tunisia,Gafsa,Metlaoui,2022,39294,0.141828775,9.720307605
Tunisia,Gafsa,Metlaoui,2023,39294,0.138056725,9.352280379
Tunisia,Gafsa,Metlaoui,2024,39294,0.140002564,9.54146498
Tunisia,Gafsa,Oum Larais,2020,39295,0.12535960972309113,8.153137186
Tunisia,Gafsa,Oum Larais,2021,39295,0.11970466375350952,7.639177257
Tunisia,Gafsa,Oum Larais,2022,39295,0.134168237,8.978496961
Tunisia,Gafsa,Oum Larais,2023,39295,0.143417269,9.876879794
Tunisia,Gafsa,Oum Larais,2024,39295,0.146010131,10.13445501
Tunisia,Gafsa,Redeyef,2020,39296,0.159765691,11.54181446
Tunisia,Gafsa,Redeyef,2021,39296,0.164891005,12.0834116
Tunisia,Gafsa,Redeyef,2022,39296,0.162415326,11.82065657
Tunisia,Gafsa,Redeyef,2023,39296,0.162590459,11.83917399
Tunisia,Gafsa,Redeyef,2024,39296,0.159918666,11.55784611
Tunisia,Gafsa,Sened,2020,39297,0.248022497,22.03794321
Tunisia,Gafsa,Sened,2021,39297,0.205059677,16.63232929
Tunisia,Gafsa,Sened,2022,39297,0.177497417,13.45403881
Tunisia,Gafsa,Sened,2023,39297,0.18000254034996033,13.73278812
Tunisia,Gafsa,Sened,2024,39297,0.197354525,15.71962653
Tunisia,Gafsa,Sidi Aich,2020,39298,0.377097011,40.78529091
Tunisia,Gafsa,Sidi Aich,2021,39298,0.369633764,39.62582937
Tunisia,Gafsa,Sidi Aich,2022,39298,0.369561404,39.61462115
Tunisia,Gafsa,Sidi Aich,2023,39298,0.320635378,32.20733989
Tunisia,Gafsa,Sidi Aich,2024,39298,0.338634938,34.88957351
Tunisia,Jendouba,Ain Draham,2020,39299,0.334421992,34.25693397
Tunisia,Jendouba,Ain Draham,2021,39299,0.340023339,35.09868443
Tunisia,Jendouba,Ain Draham,2022,39299,0.331365079,33.79969967
Tunisia,Jendouba,Ain Draham,2023,39299,0.330445051,33.66239088
Tunisia,Jendouba,Ain Draham,2024,39299,0.324756384,32.81657174
Tunisia,Jendouba,Balta Bou Aouane,2020,39300,0.303721964,29.73944995
Tunisia,Jendouba,Balta Bou Aouane,2021,39300,0.2839561700820923,26.92697278
Tunisia,Jendouba,Balta Bou Aouane,2022,39300,0.306912065,30.20078497
Tunisia,Jendouba,Balta Bou Aouane,2023,39300,0.281186759,26.53952274
Tunisia,Jendouba,Balta Bou Aouane,2024,39300,0.278855562,26.21469302
Tunisia,Jendouba,Bou Salem,2020,39301,0.21505258977413177,17.84279458
Tunisia,Jendouba,Bou Salem,2021,39301,0.188521683,14.69615614
Tunisia,Jendouba,Bou Salem,2022,39301,0.192973465,15.20890032
Tunisia,Jendouba,Bou Salem,2023,39301,0.183952466,14.17651264
Tunisia,Jendouba,Bou Salem,2024,39301,0.186021089553833,14.41093296
Tunisia,Jendouba,Fernana,2020,39302,0.358783662,37.95274158
Tunisia,Jendouba,Fernana,2021,39302,0.319906384,32.09988126
Tunisia,Jendouba,Fernana,2022,39302,0.285656124,27.1656317
Tunisia,Jendouba,Fernana,2023,39302,0.276117027,25.83465718
Tunisia,Jendouba,Fernana,2024,39302,0.282352448,26.70240128
Tunisia,Jendouba,Ghardimaou,2020,39303,0.288889408,27.62127605
Tunisia,Jendouba,Ghardimaou,2021,39303,0.274499089,25.61092711
Tunisia,Jendouba,Ghardimaou,2022,39303,0.276788592,25.92769628
Tunisia,Jendouba,Ghardimaou,2023,39303,0.296337187,28.67923622
Tunisia,Jendouba,Ghardimaou,2024,39303,0.280067086,26.38335641
Tunisia,Jendouba,Jendouba,2020,39304,0.186893404,14.51020162
Tunisia,Jendouba,Jendouba,2021,39304,0.188757032,14.72310433
Tunisia,Jendouba,Jendouba,2022,39304,0.192236349,15.12356522
Tunisia,Jendouba,Jendouba,2023,39304,0.175502568,13.23356451
Tunisia,Jendouba,Jendouba,2024,39304,0.168901503,12.51357165
Tunisia,Jendouba,Jendouba Nord,2020,39305,0.166132078,12.21593395
Tunisia,Jendouba,Jendouba Nord,2021,39305,0.163576335,11.94361377
Tunisia,Jendouba,Jendouba Nord,2022,39305,0.159026682,11.46448351
Tunisia,Jendouba,Jendouba Nord,2023,39305,0.14502876996994019,10.03667481
Tunisia,Jendouba,Jendouba Nord,2024,39305,0.155694708,11.11822441
Tunisia,Jendouba,Oued Mliz,2020,39306,0.283531517,26.86745324
Tunisia,Jendouba,Oued Mliz,2021,39306,0.239828885,20.96778194
Tunisia,Jendouba,Oued Mliz,2022,39306,0.220629603,18.53112936
Tunisia,Jendouba,Oued Mliz,2023,39306,0.239633352,20.94245918
Tunisia,Jendouba,Oued Mliz,2024,39306,0.216933161,18.07389337
Tunisia,Jendouba,Tabarka,2020,39307,0.257299066,23.27033759
Tunisia,Jendouba,Tabarka,2021,39307,0.25651139,23.16485718
Tunisia,Jendouba,Tabarka,2022,39307,0.257530093,23.30130439
Tunisia,Jendouba,Tabarka,2023,39307,0.249551669,22.2395952
Tunisia,Jendouba,Tabarka,2024,39307,0.236730605,20.56773603
Tunisia,Kairouan,Alaa,2020,39308,0.224698991,19.03902482
Tunisia,Kairouan,Alaa,2021,39308,0.223869294,18.93508966
Tunisia,Kairouan,Alaa,2022,39308,0.206280813,16.77864428
Tunisia,Kairouan,Alaa,2023,39308,0.188510239,14.69484621
Tunisia,Kairouan,Alaa,2024,39308,0.200440958,16.08303013
Tunisia,Kairouan,Chbika,2020,39309,0.264727533,24.27257083
Tunisia,Kairouan,Chbika,2021,39309,0.247834295,22.0131665
Tunisia,Kairouan,Chbika,2022,39309,0.249330625,22.21040914
Tunisia,Kairouan,Chbika,2023,39309,0.254696249961853,22.92237137
Tunisia,Kairouan,Chbika,2024,39309,0.224838823,19.05656063
Tunisia,Kairouan,Chrarda,2020,39310,0.281185865,26.53939793
Tunisia,Kairouan,Chrarda,2021,39310,0.272244006,25.30008982
Tunisia,Kairouan,Chrarda,2022,39310,0.272393703,25.32068764
Tunisia,Kairouan,Chrarda,2023,39310,0.257056683,23.23786298
Tunisia,Kairouan,Chrarda,2024,39310,0.241702795,21.2109794
Tunisia,Kairouan,Haffouz,2020,39311,0.260960817,23.76269853
Tunisia,Kairouan,Haffouz,2021,39311,0.232634485,20.04282189
Tunisia,Kairouan,Haffouz,2022,39311,0.22198987007141113,18.70037814
Tunisia,Kairouan,Haffouz,2023,39311,0.210503459,17.288058
Tunisia,Kairouan,Haffouz,2024,39311,0.219773561,18.42488967
Tunisia,Kairouan,Hajeb El Ayoun,2020,39312,0.236751065,20.57036927
Tunisia,Kairouan,Hajeb El Ayoun,2021,39312,0.23228617012500763,19.99839644
Tunisia,Kairouan,Hajeb El Ayoun,2022,39312,0.219314873,18.3680506
Tunisia,Kairouan,Hajeb El Ayoun,2023,39312,0.237086043,20.61349905
Tunisia,Kairouan,Hajeb El Ayoun,2024,39312,0.234749913,20.31334356
Tunisia,Kairouan,Kairouan Nord,2020,39313,0.18455488979816437,14.24463672
Tunisia,Kairouan,Kairouan Nord,2021,39313,0.166763693,12.28358277
Tunisia,Kairouan,Kairouan Nord,2022,39313,0.160698786,11.63973012
Tunisia,Kairouan,Kairouan Nord,2023,39313,0.160773218,11.64755387
Tunisia,Kairouan,Kairouan Nord,2024,39313,0.185548708,14.35727921
Tunisia,Kairouan,Kairouan Sud,2020,39314,0.159005344,11.46225349
Tunisia,Kairouan,Kairouan Sud,2021,39314,0.153411567,10.88324677
Tunisia,Kairouan,Kairouan Sud,2022,39314,0.158313781,11.39006736
Tunisia,Kairouan,Kairouan Sud,2023,39314,0.165612459,12.16038393
Tunisia,Kairouan,Kairouan Sud,2024,39314,0.168683439,12.49004011
Tunisia,Kairouan,Nasrallah,2020,39315,0.355188727,37.40188552
Tunisia,Kairouan,Nasrallah,2021,39315,0.318165123,31.84359364
Tunisia,Kairouan,Nasrallah,2022,39315,0.332902372,34.02944593
Tunisia,Kairouan,Nasrallah,2023,39315,0.315981299,31.5229429
Tunisia,Kairouan,Nasrallah,2024,39315,0.315962553,31.52019425
Tunisia,Kairouan,Oueslatia,2020,39316,0.272417903,25.32401789
Tunisia,Kairouan,Oueslatia,2021,39316,0.2544022798538208,22.88317695
Tunisia,Kairouan,Oueslatia,2022,39316,0.239835829,20.96868141
Tunisia,Kairouan,Oueslatia,2023,39316,0.234478265,20.27853694
Tunisia,Kairouan,Oueslatia,2024,39316,0.229828089,19.68583071
Tunisia,Kairouan,Sbikha,2020,39317,0.234394148,20.26776298
Tunisia,Kairouan,Sbikha,2021,39317,0.214489043,17.77374293
Tunisia,Kairouan,Sbikha,2022,39317,0.234159932,20.23777397
Tunisia,Kairouan,Sbikha,2023,39317,0.234875917,20.32949544
Tunisia,Kairouan,Sbikha,2024,39317,0.241032273,21.1238517
Tunisia,Kairouan,Sidi Amor Bou Hajla,2020,39318,0.347801983,36.27576811
Tunisia,Kairouan,Sidi Amor Bou Hajla,2021,39318,0.288703918,27.59507583
Tunisia,Kairouan,Sidi Amor Bou Hajla,2022,39318,0.242667615,21.3365562
Tunisia,Kairouan,Sidi Amor Bou Hajla,2023,39318,0.278351426,26.14460581
Tunisia,Kairouan,Sidi Amor Bou Hajla,2024,39318,0.240352407,21.03563141
Tunisia,Kasserine,Ayoun,2020,39319,0.234854862,20.32679616
Tunisia,Kasserine,Ayoun,2021,39319,0.235061616,20.35330706
Tunisia,Kasserine,Ayoun,2022,39319,0.244538814,21.58079951
Tunisia,Kasserine,Ayoun,2023,39319,0.24802806973457336,22.03867704
Tunisia,Kasserine,Ayoun,2024,39319,0.239838704,20.96905394
Tunisia,Kasserine,Djediane,2020,39320,0.194084942,15.33790008
Tunisia,Kasserine,Djediane,2021,39320,0.184636056,14.25382435
Tunisia,Kasserine,Djediane,2022,39320,0.199479997,15.96956779
Tunisia,Kasserine,Djediane,2023,39320,0.187901258,14.62520097
Tunisia,Kasserine,Djediane,2024,39320,0.184517175,14.24036833
Tunisia,Kasserine,Ezzouhour,2020,39321,0.09317665547132492,5.400457536
Tunisia,Kasserine,Ezzouhour,2021,39321,0.078230381,4.269533109
Tunisia,Kasserine,Ezzouhour,2022,39321,0.077184252,4.194024849
Tunisia,Kasserine,Ezzouhour,2023,39321,0.077184252,4.194024849
Tunisia,Kasserine,Ezzouhour,2024,39321,0.088863529,5.064197031
Tunisia,Kasserine,Feriana,2020,39322,0.177117944,13.41199629
Tunisia,Kasserine,Feriana,2021,39322,0.167433858,12.35551092
Tunisia,Kasserine,Feriana,2022,39322,0.168733165,12.49540459
Tunisia,Kasserine,Feriana,2023,39322,0.169906542,12.62223726
Tunisia,Kasserine,Feriana,2024,39322,0.163406685,11.92561758
Tunisia,Kasserine,Foussana,2020,39323,0.211053759,17.35483799
Tunisia,Kasserine,Foussana,2021,39323,0.208285108,17.01977261
Tunisia,Kasserine,Foussana,2022,39323,0.218733251,18.29606505
Tunisia,Kasserine,Foussana,2023,39323,0.222827524,18.80486439
Tunisia,Kasserine,Foussana,2024,39323,0.234321535,20.25846399
Tunisia,Kasserine,Hassi El Ferid,2020,39324,0.254418433,22.88533001
Tunisia,Kasserine,Hassi El Ferid,2021,39324,0.225803301,19.17766181
Tunisia,Kasserine,Hassi El Ferid,2022,39324,0.227518022,19.39360961
Tunisia,Kasserine,Hassi El Ferid,2023,39324,0.235858232,20.45556109
Tunisia,Kasserine,Hassi El Ferid,2024,39324,0.247100264,21.91661852
Tunisia,Kasserine,Hidra,2020,39325,0.213959813,17.70898102
Tunisia,Kasserine,Hidra,2021,39325,0.207468122,16.92133846
Tunisia,Kasserine,Hidra,2022,39325,0.190004051,14.86618839
Tunisia,Kasserine,Hidra,2023,39325,0.163953662,11.98367602
Tunisia,Kasserine,Hidra,2024,39325,0.183601305,14.13685688
Tunisia,Kasserine,Kasserine Nord,2020,39326,0.156255946,11.17627169
Tunisia,Kasserine,Kasserine Nord,2021,39326,0.128709853,8.463525827
Tunisia,Kasserine,Kasserine Nord,2022,39326,0.09444257616996765,5.500655834
Tunisia,Kasserine,Kasserine Nord,2023,39326,0.09932639449834824,5.893553488
Tunisia,Kasserine,Kasserine Nord,2024,39326,0.099073566,5.872967821
Tunisia,Kasserine,Kasserine Sud,2020,39327,0.198270619,15.82718083
Tunisia,Kasserine,Kasserine Sud,2021,39327,0.184640437,14.25432031
Tunisia,Kasserine,Kasserine Sud,2022,39327,0.183371022,14.11087349
Tunisia,Kasserine,Kasserine Sud,2023,39327,0.172798902,12.93688362
Tunisia,Kasserine,Kasserine Sud,2024,39327,0.172472909,12.90127829
Tunisia,Kasserine,Majel Belabbes,2020,39328,0.281182915,26.53898605
Tunisia,Kasserine,Majel Belabbes,2021,39328,0.275934905,25.80944348
Tunisia,Kasserine,Majel Belabbes,2022,39328,0.283767194,26.90048091
Tunisia,Kasserine,Majel Belabbes,2023,39328,0.28416579961776733,26.95636902
Tunisia,Kasserine,Majel Belabbes,2024,39328,0.292239219,28.09568558
Tunisia,Kasserine,Sbeitla,2020,39329,0.183178365,14.08914881
Tunisia,Kasserine,Sbeitla,2021,39329,0.184474796,14.23557264
Tunisia,Kasserine,Sbeitla,2022,39329,0.188087985,14.6465425491333
Tunisia,Kasserine,Sbeitla,2023,39329,0.182831585,14.05007532
Tunisia,Kasserine,Sbeitla,2024,39329,0.184716344,14.26291458
Tunisia,Kasserine,Sbiba,2020,39330,0.236158088,20.4940952
Tunisia,Kasserine,Sbiba,2021,39330,0.230608374,19.78487012
Tunisia,Kasserine,Sbiba,2022,39330,0.237614661,20.68162218
Tunisia,Kasserine,Sbiba,2023,39330,0.231914848,19.95107315
Tunisia,Kasserine,Sbiba,2024,39330,0.226644546,19.28350323
Tunisia,Kasserine,Thala,2020,39331,0.208628356,17.06118849
Tunisia,Kasserine,Thala,2021,39331,0.21049197018146515,17.28666477
Tunisia,Kasserine,Thala,2022,39331,0.197536528,15.74097382
Tunisia,Kasserine,Thala,2023,39331,0.195443705,15.49612934
Tunisia,Kasserine,Thala,2024,39331,0.189700156,14.83127336
Tunisia,Kebili,Douz,2020,39332,0.216651827,18.03925537
Tunisia,Kebili,Douz,2021,39332,0.21124956011772156,17.37862057
Tunisia,Kebili,Douz,2022,39332,0.214705765,17.80028701
Tunisia,Kebili,Douz,2023,39332,0.223472983,18.88551294
Tunisia,Kebili,Douz,2024,39332,0.23433434963226318,20.26010499
Tunisia,Kebili,El Faouar,2020,39333,0.231025159,19.83784043
Tunisia,Kebili,El Faouar,2021,39333,0.225229889,19.10563187
Tunisia,Kebili,El Faouar,2022,39333,0.228090912,19.46594119
Tunisia,Kebili,El Faouar,2023,39333,0.246196344,21.79791596
Tunisia,Kebili,El Faouar,2024,39333,0.247347355,21.9491032
Tunisia,Kebili,Kebili Nord,2020,39334,0.318468899,31.88826548
Tunisia,Kebili,Kebili Nord,2021,39334,0.3104993402957916,30.72190251
Tunisia,Kebili,Kebili Nord,2022,39334,0.299487472,29.13017574
Tunisia,Kebili,Kebili Nord,2023,39334,0.310606748,30.73754321
Tunisia,Kebili,Kebili Nord,2024,39334,0.312936366,31.07731679
Tunisia,Kebili,Kebili Sud,2020,39335,0.179321527,13.65680453
Tunisia,Kebili,Kebili Sud,2021,39335,0.161842883,11.76020518
Tunisia,Kebili,Kebili Sud,2022,39335,0.166163325,12.21927748
Tunisia,Kebili,Kebili Sud,2023,39335,0.183480561,14.12323084
Tunisia,Kebili,Kebili Sud,2024,39335,0.188799679,14.72798946
Tunisia,Kebili,Souk El Ahed,2020,39336,0.363917112,38.74239823
Tunisia,Kebili,Souk El Ahed,2021,39336,0.338274598,34.83535159
Tunisia,Kebili,Souk El Ahed,2022,39336,0.333205193,34.07474821
Tunisia,Kebili,Souk El Ahed,2023,39336,0.336110353,34.51012444
Tunisia,Kebili,Souk El Ahed,2024,39336,0.3447842299938202,35.81801795
Tunisia,Le Kef,Dahmani,2020,39337,0.195989564,15.55985858
Tunisia,Le Kef,Dahmani,2021,39337,0.1787535697221756,13.59355255
Tunisia,Le Kef,Dahmani,2022,39337,0.172190592,12.87047233
Tunisia,Le Kef,Dahmani,2023,39337,0.172674462,12.92328793
Tunisia,Le Kef,Dahmani,2024,39337,0.182260752,13.98584237
Tunisia,Le Kef,Es Sers,2020,39338,0.188654989,14.71141788
Tunisia,Le Kef,Es Sers,2021,39338,0.196075574,15.56990874
Tunisia,Le Kef,Es Sers,2022,39338,0.175748318,13.26065329
Tunisia,Le Kef,Es Sers,2023,39338,0.163098961,11.89300032
Tunisia,Le Kef,Es Sers,2024,39338,0.179825336,13.71300185
Tunisia,Le Kef,Jerissa,2020,39339,0.202640712,16.34383006
Tunisia,Le Kef,Jerissa,2021,39339,0.197646022,15.75382143
Tunisia,Le Kef,Jerissa,2022,39339,0.197513402,15.73826071
Tunisia,Le Kef,Jerissa,2023,39339,0.195499867,15.50268201
Tunisia,Le Kef,Jerissa,2024,39339,0.195967153,15.55724021
Tunisia,Le Kef,Kalaa Resba,2020,39340,0.185815543,14.3875778
Tunisia,Le Kef,Kalaa Resba,2021,39340,0.187624201,14.59355522
Tunisia,Le Kef,Kalaa Resba,2022,39340,0.180802643,13.82225505
Tunisia,Le Kef,Kalaa Resba,2023,39340,0.148807406,10.41510754
Tunisia,Le Kef,Kalaa Resba,2024,39340,0.180288464,13.7647356
Tunisia,Le Kef,Kalaa Senan,2020,39341,0.179963872,13.7284696
Tunisia,Le Kef,Kalaa Senan,2021,39341,0.144042104,9.938723998
Tunisia,Le Kef,Kalaa Senan,2022,39341,0.153534383,10.89583917
Tunisia,Le Kef,Kalaa Senan,2023,39341,0.150145322,10.55035147
Tunisia,Le Kef,Kalaa Senan,2024,39341,0.145128772,10.04662249
Tunisia,Le Kef,Kef Est,2020,39342,0.261511087,23.83697092
Tunisia,Le Kef,Kef Est,2021,39342,0.25426506996154785,22.86489043
Tunisia,Le Kef,Kef Est,2022,39342,0.248317361,22.07678033
Tunisia,Le Kef,Kef Est,2023,39342,0.226575196,19.27477044
Tunisia,Le Kef,Kef Est,2024,39342,0.243158579,21.40055181
Tunisia,Le Kef,Kef Quest,2020,39343,0.110361509,6.817857061
Tunisia,Le Kef,Kef Quest,2021,39343,0.112023063,6.961350414
Tunisia,Le Kef,Kef Quest,2022,39343,0.103318721,6.222148014
Tunisia,Le Kef,Kef Quest,2023,39343,0.126115888,8.222822738
Tunisia,Le Kef,Kef Quest,2024,39343,0.097032808,5.707786926
Tunisia,Le Kef,Ksour,2020,39344,0.211231142,17.37638282775879
Tunisia,Le Kef,Ksour,2021,39344,0.21980459988117218,18.42873812
Tunisia,Le Kef,Ksour,2022,39344,0.244106889,21.52433967590332
Tunisia,Le Kef,Ksour,2023,39344,0.229301691,19.61911149
Tunisia,Le Kef,Ksour,2024,39344,0.219030082,18.33279072
Tunisia,Le Kef,Nebeur,2020,39345,0.230204642,19.73360449
Tunisia,Le Kef,Nebeur,2021,39345,0.212098897,17.48191503
Tunisia,Le Kef,Nebeur,2022,39345,0.199556112,15.97854443
Tunisia,Le Kef,Nebeur,2023,39345,0.204440802,16.55834912
Tunisia,Le Kef,Nebeur,2024,39345,0.197662145,15.75571357
Tunisia,Le Kef,Sakiet Sidi Youssef,2020,39346,0.263697535,24.1328086
Tunisia,Le Kef,Sakiet Sidi Youssef,2021,39346,0.251348317,22.47728166
Tunisia,Le Kef,Sakiet Sidi Youssef,2022,39346,0.256049186,23.10303329
Tunisia,Le Kef,Sakiet Sidi Youssef,2023,39346,0.242878973,21.36409833
Tunisia,Le Kef,Sakiet Sidi Youssef,2024,39346,0.250448823,22.35818107
Tunisia,Le Kef,Tejerouine,2020,39347,0.146373644,10.17076449
Tunisia,Le Kef,Tejerouine,2021,39347,0.1529030203819275,10.83116264
Tunisia,Le Kef,Tejerouine,2022,39347,0.151454374,10.68330685
Tunisia,Le Kef,Tejerouine,2023,39347,0.139974117,9.538689058
Tunisia,Le Kef,Tejerouine,2024,39347,0.155621201,11.11063006
Tunisia,Mahdia,Bou Merdes,2020,39348,0.11239179968833923,6.993346438
Tunisia,Mahdia,Bou Merdes,2021,39348,0.134814873,9.040258202
Tunisia,Mahdia,Bou Merdes,2022,39348,0.139871955,9.528722081
Tunisia,Mahdia,Bou Merdes,2023,39348,0.134320423,8.993018147
Tunisia,Mahdia,Bou Merdes,2024,39348,0.138291165,9.374998543
Tunisia,Mahdia,Chebba,2020,39349,0.130132854,8.596676629
Tunisia,Mahdia,Chebba,2021,39349,0.134018481,8.964216136
Tunisia,Mahdia,Chebba,2022,39349,0.174429283,13.11549502
Tunisia,Mahdia,Chebba,2023,39349,0.152271897,10.76665402
Tunisia,Mahdia,Chebba,2024,39349,0.12589029967784882,8.202013071
Tunisia,Mahdia,Chorbane,2020,39350,0.320287645,32.15606984
Tunisia,Mahdia,Chorbane,2021,39350,0.314794183,31.3490047
Tunisia,Mahdia,Chorbane,2022,39350,0.306646824,30.16235193
Tunisia,Mahdia,Chorbane,2023,39350,0.299425304,29.12125749
Tunisia,Mahdia,Chorbane,2024,39350,0.292957127,28.19766425
Tunisia,Mahdia,El Jem,2020,39351,0.161795899,11.75524872
Tunisia,Mahdia,El Jem,2021,39351,0.177443862,13.44810246
Tunisia,Mahdia,El Jem,2022,39351,0.166244924,12.22801019
Tunisia,Mahdia,El Jem,2023,39351,0.166228667,12.22627016
Tunisia,Mahdia,El Jem,2024,39351,0.170927525,12.73298015
Tunisia,Mahdia,H'bira,2020,39352,0.429605246,49.10122272
Tunisia,Mahdia,H'bira,2021,39352,0.415966332,46.91894065
Tunisia,Mahdia,H'bira,2022,39352,0.420479894,47.6397246
Tunisia,Mahdia,H'bira,2023,39352,0.380133092,41.25885411
Tunisia,Mahdia,H'bira,2024,39352,0.378651738,41.0276621
Tunisia,Mahdia,Ksour Essaf,2020,39353,0.135308668,9.087528274
Tunisia,Mahdia,Ksour Essaf,2021,39353,0.124306068,8.056432917
Tunisia,Mahdia,Ksour Essaf,2022,39353,0.150819331,10.61873044
Tunisia,Mahdia,Ksour Essaf,2023,39353,0.143274784,9.862797338
Tunisia,Mahdia,Ksour Essaf,2024,39353,0.1139320656657219,7.127591861
Tunisia,Mahdia,Mahdia,2020,39354,0.069230899,3.635879082
Tunisia,Mahdia,Mahdia,2021,39354,0.071681663,3.804852437
Tunisia,Mahdia,Mahdia,2022,39354,0.05863897502422333,2.93694395
Tunisia,Mahdia,Mahdia,2023,39354,0.05379685387015343,2.634624503
Tunisia,Mahdia,Mahdia,2024,39354,0.064166307,3.295288683
Tunisia,Mahdia,Melloulech,2020,39355,0.315840065,31.50223561
Tunisia,Mahdia,Melloulech,2021,39355,0.293626398,28.29283065
Tunisia,Mahdia,Melloulech,2022,39355,0.250184298,22.32319478
Tunisia,Mahdia,Melloulech,2023,39355,0.251918793,22.5529238
Tunisia,Mahdia,Melloulech,2024,39355,0.247933343,22.02620502
Tunisia,Mahdia,Oueled Chamekh,2020,39356,0.402813017,44.82749839
Tunisia,Mahdia,Oueled Chamekh,2021,39356,0.380265743,41.27956877
Tunisia,Mahdia,Oueled Chamekh,2022,39356,0.336221159,34.52675716
Tunisia,Mahdia,Oueled Chamekh,2023,39356,0.351695716,36.86838857
Tunisia,Mahdia,Oueled Chamekh,2024,39356,0.366904199,39.20348993
Tunisia,Mahdia,Sidi Alouane,2020,39357,0.181770235,13.93073254
Tunisia,Mahdia,Sidi Alouane,2021,39357,0.168393493,12.45877682
Tunisia,Mahdia,Sidi Alouane,2022,39357,0.159815252,11.54700753
Tunisia,Mahdia,Sidi Alouane,2023,39357,0.126991704,8.303800888
Tunisia,Mahdia,Sidi Alouane,2024,39357,0.124633163,8.086410484
Tunisia,Mahdia,Souassi,2020,39358,0.265108854,24.32437723
Tunisia,Mahdia,Souassi,2021,39358,0.241213053,21.14733068
Tunisia,Mahdia,Souassi,2022,39358,0.216176152,17.9807424
Tunisia,Mahdia,Souassi,2023,39358,0.214972511,17.83297682
Tunisia,Mahdia,Souassi,2024,39358,0.220850706,18.55860372
Tunisia,Manouba,Borj El Amri,2020,39359,0.173526913,13.01652774
Tunisia,Manouba,Borj El Amri,2021,39359,0.168406367,12.4601644
Tunisia,Manouba,Borj El Amri,2022,39359,0.174506575,13.1239848
Tunisia,Manouba,Borj El Amri,2023,39359,0.177094921,13.40944715
Tunisia,Manouba,Borj El Amri,2024,39359,0.182362735,13.9973102
Tunisia,Manouba,Daouar Hicher,2020,39360,0.07452936470508575,4.00457404
Tunisia,Manouba,Daouar Hicher,2021,39360,0.06563054025173187,3.392560583
Tunisia,Manouba,Daouar Hicher,2022,39360,0.06190771609544754,3.147165922
Tunisia,Manouba,Daouar Hicher,2023,39360,0.107548691,6.577498755
Tunisia,Manouba,Daouar Hicher,2024,39360,0.061611440032720566,3.127908959
Tunisia,Manouba,El Battan,2020,39361,0.137421057,9.290785653
Tunisia,Manouba,El Battan,2021,39361,0.142121926,9.749131888
Tunisia,Manouba,El Battan,2022,39361,0.122551844,7.896377165
Tunisia,Manouba,El Battan,2023,39361,0.129970774,8.581471362
Tunisia,Manouba,El Battan,2024,39361,0.123470217,7.980019243
Tunisia,Manouba,Jedaida,2020,39362,0.140187278,9.559497663
Tunisia,Manouba,Jedaida,2021,39362,0.161030412,11.67460347
Tunisia,Manouba,Jedaida,2022,39362,0.153992936,10.94290306
Tunisia,Manouba,Jedaida,2023,39362,0.144533515,9.987463647
Tunisia,Manouba,Jedaida,2024,39362,0.152186513,10.75793779
Tunisia,Manouba,Manouba,2020,39363,0.04163636639714241,1.923998741
Tunisia,Manouba,Manouba,2021,39363,0.04119620472192764,1.899598566
Tunisia,Manouba,Manouba,2022,39363,0.041996292769908905,1.944020344
Tunisia,Manouba,Manouba,2023,39363,0.04601558297872543,2.171817729
Tunisia,Manouba,Manouba,2024,39363,0.04593610763549805,2.167238616
Tunisia,Manouba,Mornaguia,2020,39364,0.1888568103313446,14.73453461
Tunisia,Manouba,Mornaguia,2021,39364,0.200083509,16.04079216
Tunisia,Manouba,Mornaguia,2022,39364,0.190710425,14.9474593
Tunisia,Manouba,Mornaguia,2023,39364,0.160996497,11.67103523
Tunisia,Manouba,Mornaguia,2024,39364,0.182323158,13.99285939
Tunisia,Manouba,Oued Ellil,2020,39365,0.059450432658195496,2.988671557
Tunisia,Manouba,Oued Ellil,2021,39365,0.05904035642743111,2.962492603
Tunisia,Manouba,Oued Ellil,2022,39365,0.05964981019496918,3.00142771
Tunisia,Manouba,Oued Ellil,2023,39365,0.05693873018026352,2.829547248
Tunisia,Manouba,Oued Ellil,2024,39365,0.059891351,3.0169060230255127
Tunisia,Manouba,Tebourba,2020,39366,0.212770551,17.56375144
Tunisia,Manouba,Tebourba,2021,39366,0.186631799,14.48040534
Tunisia,Manouba,Tebourba,2022,39366,0.185650423,14.36882605
Tunisia,Manouba,Tebourba,2023,39366,0.1760496199131012,13.2938931
Tunisia,Manouba,Tebourba,2024,39366,0.183381677,14.11207527
Tunisia,Medenine,Ben Guerdane,2020,39367,0.142585009,9.794730062
Tunisia,Medenine,Ben Guerdane,2021,39367,0.138823926,9.426702037
Tunisia,Medenine,Ben Guerdane,2022,39367,0.150081307,10.54386562
Tunisia,Medenine,Ben Guerdane,2023,39367,0.181829304,13.9373647
Tunisia,Medenine,Ben Guerdane,2024,39367,0.180103242,13.74403692
Tunisia,Medenine,Beni Khedeche,2020,39368,0.228101701,19.46730419
Tunisia,Medenine,Beni Khedeche,2021,39368,0.219231397,18.357713
Tunisia,Medenine,Beni Khedeche,2022,39368,0.186086774,14.4183992
Tunisia,Medenine,Beni Khedeche,2023,39368,0.191893816,15.08396922
Tunisia,Medenine,Beni Khedeche,2024,39368,0.191314965,15.01714024
Tunisia,Medenine,Jerba Ajim,2020,39369,0.128941968,8.485191638
Tunisia,Medenine,Jerba Ajim,2021,39369,0.11386637389659882,7.121846825
Tunisia,Medenine,Jerba Ajim,2022,39369,0.10020649433135986,5.96542105
Tunisia,Medenine,Jerba Ajim,2023,39369,0.098597422,5.834272029
Tunisia,Medenine,Jerba Ajim,2024,39369,0.103058681,6.200543402
Tunisia,Medenine,Jerba Houmet Souk,2020,39370,0.122386642,7.881366355
Tunisia,Medenine,Jerba Houmet Souk,2021,39370,0.121480361,7.799209519
Tunisia,Medenine,Jerba Houmet Souk,2022,39370,0.10130948573350906,6.055945881
Tunisia,Medenine,Jerba Houmet Souk,2023,39370,0.10150324553251266,6.071900472
Tunisia,Medenine,Jerba Houmet Souk,2024,39370,0.107472889,6.571066081
Tunisia,Medenine,Jerba Midoun,2020,39371,0.083416648,4.650976615
Tunisia,Medenine,Jerba Midoun,2021,39371,0.089679688,5.12721611
Tunisia,Medenine,Jerba Midoun,2022,39371,0.073994547,3.966788896
Tunisia,Medenine,Jerba Midoun,2023,39371,0.079656526,4.373247953
Tunisia,Medenine,Jerba Midoun,2024,39371,0.088841997,5.062538313
Tunisia,Medenine,Medenine Nord,2020,39372,0.154897138,11.03592745
Tunisia,Medenine,Medenine Nord,2021,39372,0.14374130964279175,9.908934258
Tunisia,Medenine,Medenine Nord,2022,39372,0.08365489542484283,4.668781979
Tunisia,Medenine,Medenine Nord,2023,39372,0.08063964545726776,4.445264986
Tunisia,Medenine,Medenine Nord,2024,39372,0.079880193,4.389595032
Tunisia,Medenine,Medenine Sud,2020,39373,0.096268646,5.646385415
Tunisia,Medenine,Medenine Sud,2021,39373,0.086812489,4.90709203
Tunisia,Medenine,Medenine Sud,2022,39373,0.084418401,4.72600882
Tunisia,Medenine,Medenine Sud,2023,39373,0.085203901,4.785148466
Tunisia,Medenine,Medenine Sud,2024,39373,0.08585906028747559,4.834679522
Tunisia,Medenine,Sidi Makhlouf,2020,39374,0.24617820978164673,21.79553668
Tunisia,Medenine,Sidi Makhlouf,2021,39374,0.23084118962287903,19.81445335
Tunisia,Medenine,Sidi Makhlouf,2022,39374,0.200114176,16.04441433
Tunisia,Medenine,Sidi Makhlouf,2023,39374,0.189493507,14.80754789
Tunisia,Medenine,Sidi Makhlouf,2024,39374,0.204314828,16.54330443
Tunisia,Medenine,Zarzis,2020,39375,0.05595020204782486,2.767723047
Tunisia,Medenine,Zarzis,2021,39375,0.06022852659225464,3.038557752
Tunisia,Medenine,Zarzis,2022,39375,0.07117627561092377,3.769786486
Tunisia,Medenine,Zarzis,2023,39375,0.06284710019826889,3.208488944
Tunisia,Medenine,Zarzis,2024,39375,0.05764080956578255,2.873732036
Tunisia,Monastir,Administrative unit not available,2020,39376,0.294900566,28.47426658
Tunisia,Monastir,Administrative unit not available,2021,39376,0.296820641,28.74830792
Tunisia,Monastir,Administrative unit not available,2022,39376,0.240010351,20.99129207
Tunisia,Monastir,Administrative unit not available,2023,39376,0.242633536,21.33211646
Tunisia,Monastir,Administrative unit not available,2024,39376,0.2483062595129013,22.07531774
Tunisia,Monastir,Bekalta,2020,39377,0.130968437,8.675225764
Tunisia,Monastir,Bekalta,2021,39377,0.140376449,9.57797853
Tunisia,Monastir,Bekalta,2022,39377,0.162016451,11.77852235
Tunisia,Monastir,Bekalta,2023,39377,0.139432132,9.485857533
Tunisia,Monastir,Bekalta,2024,39377,0.131652802,8.73975942
Tunisia,Monastir,Bembla,2020,39378,0.173248813,12.98608252
Tunisia,Monastir,Bembla,2021,39378,0.178497523,13.56507232
Tunisia,Monastir,Bembla,2022,39378,0.204956889,16.62003395
Tunisia,Monastir,Bembla,2023,39378,0.208704486,17.07037903
Tunisia,Monastir,Bembla,2024,39378,0.202168971,16.28777589
Tunisia,Monastir,Beni Hassen,2020,39379,0.158143252,11.37229338
Tunisia,Monastir,Beni Hassen,2021,39379,0.153547108,10.89714425
Tunisia,Monastir,Beni Hassen,2022,39379,0.17286545038223267,12.94415657
Tunisia,Monastir,Beni Hassen,2023,39379,0.164727211,12.06596155
Tunisia,Monastir,Beni Hassen,2024,39379,0.149028629,10.43742499
Tunisia,Monastir,Jammel,2020,39380,0.146945626,10.22799488
Tunisia,Monastir,Jammel,2021,39380,0.13850080966949463,9.395331424
Tunisia,Monastir,Jammel,2022,39380,0.149104461,10.4450792
Tunisia,Monastir,Jammel,2023,39380,0.147348106,10.26833754
Tunisia,Monastir,Jammel,2024,39380,0.135268182,9.083649098
Tunisia,Monastir,Kisibet El Medyouni,2020,39381,0.05306774005293846,2.590048813
Tunisia,Monastir,Kisibet El Medyouni,2021,39381,0.05702825263142586,2.835168549
Tunisia,Monastir,Kisibet El Medyouni,2022,39381,0.07593255490064621,4.10431501
Tunisia,Monastir,Kisibet El Medyouni,2023,39381,0.074966267,4.035535901
Tunisia,Monastir,Kisibet El Medyouni,2024,39381,0.066034749,3.419584873
Tunisia,Monastir,Ksar Helal,2020,39382,0.041804519,1.933344781
Tunisia,Monastir,Ksar Helal,2021,39382,0.044123769,2.063634858
Tunisia,Monastir,Ksar Helal,2022,39382,0.046925194561481476,2.224440648
Tunisia,Monastir,Ksar Helal,2023,39382,0.048171081,2.297155516
Tunisia,Monastir,Ksar Helal,2024,39382,0.04533390328288078,2.132639314
Tunisia,Monastir,Moknine,2020,39383,0.133389309,8.904311505
Tunisia,Monastir,Moknine,2021,39383,0.131571442,8.732077974
Tunisia,Monastir,Moknine,2022,39383,0.134943724,9.052583889
Tunisia,Monastir,Moknine,2023,39383,0.148334935,10.36750333
Tunisia,Monastir,Moknine,2024,39383,0.120750442,7.733275805
Tunisia,Monastir,Monastir,2020,39384,0.013803095556795597,0.568273801
Tunisia,Monastir,Monastir,2021,39384,0.009722587652504444,0.402231965
Tunisia,Monastir,Monastir,2022,39384,0.011844380758702755,0.487504363
Tunisia,Monastir,Monastir,2023,39384,0.011187498457729816,0.460857647
Tunisia,Monastir,Monastir,2024,39384,0.011556601151823997,0.475803186
Tunisia,Monastir,Ouerdanine,2020,39385,0.138398543,9.385410776
Tunisia,Monastir,Ouerdanine,2021,39385,0.142236859,9.760441463
Tunisia,Monastir,Ouerdanine,2022,39385,0.172774076,12.9341709
Tunisia,Monastir,Ouerdanine,2023,39385,0.173011988,12.96017666
Tunisia,Monastir,Ouerdanine,2024,39385,0.142502815,9.786630817
Tunisia,Monastir,Sayada-lemta Bou Hajja,2020,39386,0.037534743547439575,1.700249916
Tunisia,Monastir,Sayada-lemta Bou Hajja,2021,39386,0.039467052,1.804647291
Tunisia,Monastir,Sayada-lemta Bou Hajja,2022,39386,0.040585421,1.865894529
Tunisia,Monastir,Sayada-lemta Bou Hajja,2023,39386,0.04009368270635605,1.838890248
Tunisia,Monastir,Sayada-lemta Bou Hajja,2024,39386,0.031053349,1.363354416
Tunisia,Monastir,Shaline,2020,39387,0.136146411,9.167935361
Tunisia,Monastir,Shaline,2021,39387,0.127184018,8.321622227
Tunisia,Monastir,Shaline,2022,39387,0.121288642,7.781871199
Tunisia,Monastir,Shaline,2023,39387,0.098944217,5.862446315
Tunisia,Monastir,Shaline,2024,39387,0.09062894433736801,5.200871371
Tunisia,Monastir,Teboulba,2020,39388,0.06210190802812576,3.159809607
Tunisia,Monastir,Teboulba,2021,39388,0.060562309,3.060043158
Tunisia,Monastir,Teboulba,2022,39388,0.065170638,3.361903182
Tunisia,Monastir,Teboulba,2023,39388,0.065717474,3.398366439
Tunisia,Monastir,Teboulba,2024,39388,0.064891867,3.343366981
Tunisia,Monastir,Zarmedine,2020,39389,0.158903465,11.45160859
Tunisia,Monastir,Zarmedine,2021,39389,0.16780447959899902,12.39535583
Tunisia,Monastir,Zarmedine,2022,39389,0.155826733,11.13186922
Tunisia,Monastir,Zarmedine,2023,39389,0.157632038,11.31907207
Tunisia,Monastir,Zarmedine,2024,39389,0.162889853,11.87085474
Tunisia,Nabeul,Beni Kalled,2020,39390,0.184620291,14.25203962
Tunisia,Nabeul,Beni Kalled,2021,39390,0.169904158,12.62197907
Tunisia,Nabeul,Beni Kalled,2022,39390,0.159023523,11.46415336
Tunisia,Nabeul,Beni Kalled,2023,39390,0.172039956,12.85404629
Tunisia,Nabeul,Beni Kalled,2024,39390,0.156288326,11.17962412
Tunisia,Nabeul,Beni Khiar,2020,39391,0.125055745,8.125201086
Tunisia,Nabeul,Beni Khiar,2021,39391,0.140176684,9.558463014
Tunisia,Nabeul,Beni Khiar,2022,39391,0.138116807,9.358100543
Tunisia,Nabeul,Beni Khiar,2023,39391,0.127581581,8.358508978
Tunisia,Nabeul,Beni Khiar,2024,39391,0.128506973,8.44460598
Tunisia,Nabeul,Bou Argoub,2020,39392,0.174514592,13.12486549
Tunisia,Nabeul,Bou Argoub,2021,39392,0.167547047,12.36767468
Tunisia,Nabeul,Bou Argoub,2022,39392,0.1922844797372818,15.12913201
Tunisia,Nabeul,Bou Argoub,2023,39392,0.208849877,17.08793563
Tunisia,Nabeul,Bou Argoub,2024,39392,0.186528802,14.46868028
Tunisia,Nabeul,Dar Chaabane El Fehri,2020,39393,0.04404961317777634,2.059429094
Tunisia,Nabeul,Dar Chaabane El Fehri,2021,39393,0.05135202035307884,2.486138392
Tunisia,Nabeul,Dar Chaabane El Fehri,2022,39393,0.06816251575946808,3.563063725
Tunisia,Nabeul,Dar Chaabane El Fehri,2023,39393,0.057530008,2.866743655
Tunisia,Nabeul,Dar Chaabane El Fehri,2024,39393,0.037519518,1.69943452
Tunisia,Nabeul,El Mida,2020,39394,0.18860957026481628,14.7062174
Tunisia,Nabeul,El Mida,2021,39394,0.158818364,11.44271963
Tunisia,Nabeul,El Mida,2022,39394,0.149193585,10.45407772
Tunisia,Nabeul,El Mida,2023,39394,0.152650893,10.80537487
Tunisia,Nabeul,El Mida,2024,39394,0.148193955,10.35331457
Tunisia,Nabeul,Grambalia,2020,39395,0.184929222,14.28702699
Tunisia,Nabeul,Grambalia,2021,39395,0.190186769,14.88719546
Tunisia,Nabeul,Grambalia,2022,39395,0.177278101,13.4297346
Tunisia,Nabeul,Grambalia,2023,39395,0.1626264601945877,11.84298184
Tunisia,Nabeul,Grambalia,2024,39395,0.184725016,14.26389661
Tunisia,Nabeul,Hammam Ghezaz,2020,39396,0.188673377,14.71352352
Tunisia,Nabeul,Hammam Ghezaz,2021,39396,0.172009587,12.85073569
Tunisia,Nabeul,Hammam Ghezaz,2022,39396,0.141403377,9.678536824
Tunisia,Nabeul,Hammam Ghezaz,2023,39396,0.124908261,8.111654957
Tunisia,Nabeul,Hammam Ghezaz,2024,39396,0.129787862,8.56432394
Tunisia,Nabeul,Hammamet,2020,39397,0.1189568042755127,7.572150905
Tunisia,Nabeul,Hammamet,2021,39397,0.114985958,7.219996571
Tunisia,Nabeul,Hammamet,2022,39397,0.122469097,7.888857218
Tunisia,Nabeul,Hammamet,2023,39397,0.115178242,7.236904096
Tunisia,Nabeul,Hammamet,2024,39397,0.119365171,7.608722947
Tunisia,Nabeul,Haouaria,2020,39398,0.278711617,26.19467532
Tunisia,Nabeul,Haouaria,2021,39398,0.243850321,21.49082551
Tunisia,Nabeul,Haouaria,2022,39398,0.233877838,20.20167456
Tunisia,Nabeul,Haouaria,2023,39398,0.229790539,19.68106871
Tunisia,Nabeul,Haouaria,2024,39398,0.223016918,18.82851643
Tunisia,Nabeul,Kelibia,2020,39399,0.125898004,8.202723399
Tunisia,Nabeul,Kelibia,2021,39399,0.127282813,8.330782888
Tunisia,Nabeul,Kelibia,2022,39399,0.125124753,8.13154218
Tunisia,Nabeul,Kelibia,2023,39399,0.12448737025260925,8.073043715
Tunisia,Nabeul,Kelibia,2024,39399,0.116257124,7.332044595
Tunisia,Nabeul,Korba,2020,39400,0.104514688,6.321871248
Tunisia,Nabeul,Korba,2021,39400,0.105675608,6.419236633
Tunisia,Nabeul,Korba,2022,39400,0.09219196438789368,5.322989446
Tunisia,Nabeul,Korba,2023,39400,0.081305243,4.494263101
Tunisia,Nabeul,Korba,2024,39400,0.09699961543083191,5.705114764
Tunisia,Nabeul,Menzel Bouzelfa,2020,39401,0.207235307,16.89332452
Tunisia,Nabeul,Menzel Bouzelfa,2021,39401,0.208026499,16.98859246
Tunisia,Nabeul,Menzel Bouzelfa,2022,39401,0.208851427,17.0881228
Tunisia,Nabeul,Menzel Bouzelfa,2023,39401,0.207865208,16.96915614
Tunisia,Nabeul,Menzel Bouzelfa,2024,39401,0.205980778,16.74265261
Tunisia,Nabeul,Menzel Temime,2020,39402,0.1387464702129364,9.419178428
Tunisia,Nabeul,Menzel Temime,2021,39402,0.133942336,8.956958213
Tunisia,Nabeul,Menzel Temime,2022,39402,0.136601895,9.21176442
Tunisia,Nabeul,Menzel Temime,2023,39402,0.156028152,11.15269801
Tunisia,Nabeul,Menzel Temime,2024,39402,0.133273914,8.89334094
Tunisia,Nabeul,Nabeul,2020,39403,0.03944860398769379,1.803642073
Tunisia,Nabeul,Nabeul,2021,39403,0.046772707253694534,2.215591493
Tunisia,Nabeul,Nabeul,2022,39403,0.049554221,2.37874236
Tunisia,Nabeul,Nabeul,2023,39403,0.04859357327222824,2.321980938
Tunisia,Nabeul,Nabeul,2024,39403,0.046427689,2.195610191
Tunisia,Nabeul,Solimane,2020,39404,0.080841593,4.460110916
Tunisia,Nabeul,Solimane,2021,39404,0.087249741,4.94043251
Tunisia,Nabeul,Solimane,2022,39404,0.05535653233528137,2.730812416
Tunisia,Nabeul,Solimane,2023,39404,0.10015304386615753,5.961047143
Tunisia,Nabeul,Solimane,2024,39404,0.06272615492343903,3.200570955
Tunisia,Nabeul,Takelsa,2020,39405,0.253895193,22.81561895
Tunisia,Nabeul,Takelsa,2021,39405,0.204638362,16.58195269
Tunisia,Nabeul,Takelsa,2022,39405,0.204962537,16.62070942
Tunisia,Nabeul,Takelsa,2023,39405,0.209556848,17.17339583
Tunisia,Nabeul,Takelsa,2024,39405,0.190573871,14.93173582
Tunisia,Sfax,Agareb,2020,39406,0.185976416,14.40585576
Tunisia,Sfax,Agareb,2021,39406,0.186640292,14.48137241
Tunisia,Sfax,Agareb,2022,39406,0.194283664,15.36100515
Tunisia,Sfax,Agareb,2023,39406,0.205618143,16.69918794
Tunisia,Sfax,Agareb,2024,39406,0.183466762,14.12167398
Tunisia,Sfax,Bir Ali Ben Khelifa,2020,39407,0.451051265,52.55417113
Tunisia,Sfax,Bir Ali Ben Khelifa,2021,39407,0.392286181,43.16465726
Tunisia,Sfax,Bir Ali Ben Khelifa,2022,39407,0.395005405,43.59317608
Tunisia,Sfax,Bir Ali Ben Khelifa,2023,39407,0.370536268,39.76567774
Tunisia,Sfax,Bir Ali Ben Khelifa,2024,39407,0.372555256,40.07889669
Tunisia,Sfax,Djbeniana,2020,39408,0.230458915,19.76588672
Tunisia,Sfax,Djbeniana,2021,39408,0.18416745960712433,14.20081127
Tunisia,Sfax,Djbeniana,2022,39408,0.179379642,13.66328263
Tunisia,Sfax,Djbeniana,2023,39408,0.17018792033195496,12.65272203
Tunisia,Sfax,Djbeniana,2024,39408,0.182303891,13.99069282
Tunisia,Sfax,El Amra,2020,39409,0.162940353,11.87620155
Tunisia,Sfax,El Amra,2021,39409,0.154104322,10.95434664
Tunisia,Sfax,El Amra,2022,39409,0.142774701,9.813431334
Tunisia,Sfax,El Amra,2023,39409,0.162409753,11.82006749
Tunisia,Sfax,El Amra,2024,39409,0.149532288,10.48830178
Tunisia,Sfax,El Ghraiba,2020,39410,0.410099447,45.98433186
Tunisia,Sfax,El Ghraiba,2021,39410,0.377551854,40.8561687
Tunisia,Sfax,El Ghraiba,2022,39410,0.355803311,37.49593141
Tunisia,Sfax,El Ghraiba,2023,39410,0.307742357,30.32118106
Tunisia,Sfax,El Ghraiba,2024,39410,0.316479623,31.59603531
Tunisia,Sfax,El Hancha,2020,39411,0.187380224,14.56570846
Tunisia,Sfax,El Hancha,2021,39411,0.156202286,11.17071702
Tunisia,Sfax,El Hancha,2022,39411,0.142235443,9.760302135
Tunisia,Sfax,El Hancha,2023,39411,0.125872746,8.200394655
Tunisia,Sfax,El Hancha,2024,39411,0.127330959,8.335248528
Tunisia,Sfax,Kerkennah,2020,39412,0.267468512,24.64573014
Tunisia,Sfax,Kerkennah,2021,39412,0.256933451,23.22135772
Tunisia,Sfax,Kerkennah,2022,39412,0.259888232,23.61813847
Tunisia,Sfax,Kerkennah,2023,39412,0.262048542,23.90958444
Tunisia,Sfax,Kerkennah,2024,39412,0.251610339,22.51201419
Tunisia,Sfax,Menzel Chaker,2020,39413,0.222061694,18.70932935
Tunisia,Sfax,Menzel Chaker,2021,39413,0.233989954,20.21601944
Tunisia,Sfax,Menzel Chaker,2022,39413,0.212268829,17.50260755
Tunisia,Sfax,Menzel Chaker,2023,39413,0.199598745,15.98357304
Tunisia,Sfax,Menzel Chaker,2024,39413,0.196377575,15.60521581
Tunisia,Sfax,Mhares,2020,39414,0.215821832,17.93720022
Tunisia,Sfax,Mhares,2021,39414,0.1988290697336197,15.89287402
Tunisia,Sfax,Mhares,2022,39414,0.19876644015312195,15.88550179
Tunisia,Sfax,Mhares,2023,39414,0.195784479,15.53590392
Tunisia,Sfax,Mhares,2024,39414,0.208022892,16.98815783
Tunisia,Sfax,Sakiet Eddaier,2020,39415,0.028612326830625534,1.241818177
Tunisia,Sfax,Sakiet Eddaier,2021,39415,0.03123549558222294,1.372541115
Tunisia,Sfax,Sakiet Eddaier,2022,39415,0.031655628,1.393793113
Tunisia,Sfax,Sakiet Eddaier,2023,39415,0.03087795525789261,1.354523701
Tunisia,Sfax,Sakiet Eddaier,2024,39415,0.029728814959526062,1.297042051
Tunisia,Sfax,Sakiet Ezzit,2020,39416,0.02413022145628929,1.026349149
Tunisia,Sfax,Sakiet Ezzit,2021,39416,0.028981899842619896,1.260029803
Tunisia,Sfax,Sakiet Ezzit,2022,39416,0.032527320086956024,1.438163522
Tunisia,Sfax,Sakiet Ezzit,2023,39416,0.036610801,1.65097164
Tunisia,Sfax,Sakiet Ezzit,2024,39416,0.033136949,1.469416149
Tunisia,Sfax,Sfax Ouest,2020,39417,0.057457998,2.862204952
Tunisia,Sfax,Sfax Ouest,2021,39417,0.05809136480093002,2.902207728
Tunisia,Sfax,Sfax Ouest,2022,39417,0.05748922750353813,2.864172993
Tunisia,Sfax,Sfax Ouest,2023,39417,0.058674681931734085,2.939213742
Tunisia,Sfax,Sfax Ouest,2024,39417,0.057371363043785095,2.856747607
Tunisia,Sfax,Sfax Sud,2020,39418,0.070856936,3.747688455
Tunisia,Sfax,Sfax Sud,2021,39418,0.080492429,4.434453871
Tunisia,Sfax,Sfax Sud,2022,39418,0.05421162024140358,2.660092956
Tunisia,Sfax,Sfax Sud,2023,39418,0.04787351191043854,2.279721299
Tunisia,Sfax,Sfax Sud,2024,39418,0.047091662883758545,2.234113762
Tunisia,Sfax,Sfax Ville,2020,39419,0.032864008098840714,1.455401303
Tunisia,Sfax,Sfax Ville,2021,39419,0.032426342368125916,1.433004497
Tunisia,Sfax,Sfax Ville,2022,39419,0.03247777000069618,1.435631347
Tunisia,Sfax,Sfax Ville,2023,39419,0.030990103259682655,1.360168364
Tunisia,Sfax,Sfax Ville,2024,39419,0.02952777035534382,1.287052478
Tunisia,Sfax,Skhira,2020,39420,0.223324582,18.86696015
Tunisia,Sfax,Skhira,2021,39420,0.186154902,14.42614471
Tunisia,Sfax,Skhira,2022,39420,0.169778615,12.60838655
Tunisia,Sfax,Skhira,2023,39420,0.16296038031578064,11.87832222
Tunisia,Sfax,Skhira,2024,39420,0.163782313,11.96547716
Tunisia,Sidi Bouz,Bir El Hafey,2020,39421,0.303975403,29.77602825
Tunisia,Sidi Bouz,Bir El Hafey,2021,39421,0.266812235,24.55622185
Tunisia,Sidi Bouz,Bir El Hafey,2022,39421,0.266303003,24.48683886
Tunisia,Sidi Bouz,Bir El Hafey,2023,39421,0.279941946,26.36591981
Tunisia,Sidi Bouz,Bir El Hafey,2024,39421,0.283175081,26.81752549
Tunisia,Sidi Bouz,Jilma,2020,39422,0.234568447,20.29008983
Tunisia,Sidi Bouz,Jilma,2021,39422,0.216215521,17.98558268
Tunisia,Sidi Bouz,Jilma,2022,39422,0.202558666,16.33407615
Tunisia,Sidi Bouz,Jilma,2023,39422,0.214630827,17.79110709
Tunisia,Sidi Bouz,Jilma,2024,39422,0.213167101,17.61213077
Tunisia,Sidi Bouz,Mazzouna,2020,39423,0.334526539,34.27259854
Tunisia,Sidi Bouz,Mazzouna,2021,39423,0.314302385,31.27702172
Tunisia,Sidi Bouz,Mazzouna,2022,39423,0.273559064,25.48121366
Tunisia,Sidi Bouz,Mazzouna,2023,39423,0.240028366,20.99362657
Tunisia,Sidi Bouz,Mazzouna,2024,39423,0.258744568,23.46430801
Tunisia,Sidi Bouz,Meknassy,2020,39424,0.255998135,23.09620797
Tunisia,Sidi Bouz,Meknassy,2021,39424,0.249831781,22.27659839
Tunisia,Sidi Bouz,Meknassy,2022,39424,0.236670673,20.560023
Tunisia,Sidi Bouz,Meknassy,2023,39424,0.225263312,19.10982785
Tunisia,Sidi Bouz,Meknassy,2024,39424,0.206390232,16.79177679
Tunisia,Sidi Bouz,Menzel Bouzayane,2020,39425,0.343763947,35.66356723
Tunisia,Sidi Bouz,Menzel Bouzayane,2021,39425,0.319592476,32.05363843
Tunisia,Sidi Bouz,Menzel Bouzayane,2022,39425,0.281004727,26.51411486
Tunisia,Sidi Bouz,Menzel Bouzayane,2023,39425,0.263192117,24.06432063
Tunisia,Sidi Bouz,Menzel Bouzayane,2024,39425,0.312327087,30.98835549
Tunisia,Sidi Bouz,Ouled Haffouz,2020,39426,0.369624257,39.62435676
Tunisia,Sidi Bouz,Ouled Haffouz,2021,39426,0.340280861,35.13750391
Tunisia,Sidi Bouz,Ouled Haffouz,2022,39426,0.283895879983902,26.91852011
Tunisia,Sidi Bouz,Ouled Haffouz,2023,39426,0.284519345,27.00596811
Tunisia,Sidi Bouz,Ouled Haffouz,2024,39426,0.294082522,28.35774217
Tunisia,Sidi Bouz,Regueb,2020,39427,0.323822021,32.67817827
Tunisia,Sidi Bouz,Regueb,2021,39427,0.303468227,29.70284128
Tunisia,Sidi Bouz,Regueb,2022,39427,0.302392840385437,29.54782743
Tunisia,Sidi Bouz,Regueb,2023,39427,0.271738023,25.23050643
Tunisia,Sidi Bouz,Regueb,2024,39427,0.284620941,27.02022614
Tunisia,Sidi Bouz,Sabalat Ouled Asker,2020,39428,0.223483145,18.88678367
Tunisia,Sidi Bouz,Sabalat Ouled Asker,2021,39428,0.191625088,15.05293105
Tunisia,Sidi Bouz,Sabalat Ouled Asker,2022,39428,0.195502684,15.50301063
Tunisia,Sidi Bouz,Sabalat Ouled Asker,2023,39428,0.201305658,16.18537029
Tunisia,Sidi Bouz,Sabalat Ouled Asker,2024,39428,0.203209013,16.4114483
Tunisia,Sidi Bouz,Sidi Ali Ben Aoun,2020,39429,0.361825377,38.42020973
Tunisia,Sidi Bouz,Sidi Ali Ben Aoun,2021,39429,0.337162375,34.66812101
Tunisia,Sidi Bouz,Sidi Ali Ben Aoun,2022,39429,0.301165104,29.37113282
Tunisia,Sidi Bouz,Sidi Ali Ben Aoun,2023,39429,0.309806883,30.6211193
Tunisia,Sidi Bouz,Sidi Ali Ben Aoun,2024,39429,0.3243453800678253,32.75567701
Tunisia,Sidi Bouz,Sidi Bouzid Est,2020,39430,0.2840239703655243,26.93647933
Tunisia,Sidi Bouz,Sidi Bouzid Est,2021,39430,0.272365928,25.3168654
Tunisia,Sidi Bouz,Sidi Bouzid Est,2022,39430,0.264468133,24.23734856
Tunisia,Sidi Bouz,Sidi Bouzid Est,2023,39430,0.249472797,22.22917973
Tunisia,Sidi Bouz,Sidi Bouzid Est,2024,39430,0.246761948,21.87216619
Tunisia,Sidi Bouz,Sidi Bouzid Ouest,2020,39431,0.141151249,9.653811687
Tunisia,Sidi Bouz,Sidi Bouzid Ouest,2021,39431,0.138129354,9.359316136
Tunisia,Sidi Bouz,Sidi Bouzid Ouest,2022,39431,0.155938193,11.14339361
Tunisia,Sidi Bouz,Sidi Bouzid Ouest,2023,39431,0.135573894,9.112956036
Tunisia,Sidi Bouz,Sidi Bouzid Ouest,2024,39431,0.135654956,9.120732974
Tunisia,Sidi Bouz,Souk Jedid,2020,39432,0.424233794,48.2402844
Tunisia,Sidi Bouz,Souk Jedid,2021,39432,0.395500451,43.67126799
Tunisia,Sidi Bouz,Souk Jedid,2022,39432,0.37441205978393555,40.3673936
Tunisia,Sidi Bouz,Souk Jedid,2023,39432,0.371051013,39.84548597
Tunisia,Sidi Bouz,Souk Jedid,2024,39432,0.374254525,40.34290079
Tunisia,Siliana,Bargou,2020,39433,0.244964808,21.63653142
Tunisia,Siliana,Bargou,2021,39433,0.212349147,17.51239065
Tunisia,Siliana,Bargou,2022,39433,0.210286662,17.26177399
Tunisia,Siliana,Bargou,2023,39433,0.245820582,21.74863308
Tunisia,Siliana,Bargou,2024,39433,0.202430367,16.31882762
Tunisia,Siliana,Bouarada,2020,39434,0.186965555,14.51842342
Tunisia,Siliana,Bouarada,2021,39434,0.189641342,14.82451941
Tunisia,Siliana,Bouarada,2022,39434,0.18672358989715576,14.49085766
Tunisia,Siliana,Bouarada,2023,39434,0.172560096,12.91079741
Tunisia,Siliana,Bouarada,2024,39434,0.174021214,13.07070616
Tunisia,Siliana,Bourouis,2020,39435,0.235241532,20.37638623
Tunisia,Siliana,Bourouis,2021,39435,0.220416486,18.50466073
Tunisia,Siliana,Bourouis,2022,39435,0.214115113,17.72797656
Tunisia,Siliana,Bourouis,2023,39435,0.201527804,16.21169926
Tunisia,Siliana,Bourouis,2024,39435,0.202141106,16.28446697
Tunisia,Siliana,Elkrib,2020,39436,0.205539703,16.68979155
Tunisia,Siliana,Elkrib,2021,39436,0.193808258,15.30575114
Tunisia,Siliana,Elkrib,2022,39436,0.196743011,15.64797716
Tunisia,Siliana,Elkrib,2023,39436,0.227092087,19.33989158
Tunisia,Siliana,Elkrib,2024,39436,0.194953263,15.43894988
Tunisia,Siliana,Gaafour,2020,39437,0.200325385,16.06936908
Tunisia,Siliana,Gaafour,2021,39437,0.193761006,15.30026324
Tunisia,Siliana,Gaafour,2022,39437,0.185277462,14.32650348
Tunisia,Siliana,Gaafour,2023,39437,0.198037922,15.79983626
Tunisia,Siliana,Gaafour,2024,39437,0.190411881,14.91309122
Tunisia,Siliana,Kissra,2020,39438,0.290293604,27.81985411
Tunisia,Siliana,Kissra,2021,39438,0.260401189,23.6872385
Tunisia,Siliana,Kissra,2022,39438,0.239727944,20.95470825
Tunisia,Siliana,Kissra,2023,39438,0.251192629,22.45665265
Tunisia,Siliana,Kissra,2024,39438,0.253862828,22.81130918
Tunisia,Siliana,Makhtar,2020,39439,0.166222915,12.22565456
Tunisia,Siliana,Makhtar,2021,39439,0.146745712,10.20797855
Tunisia,Siliana,Makhtar,2022,39439,0.153553322,10.89778153
Tunisia,Siliana,Makhtar,2023,39439,0.127752647,8.374399644
Tunisia,Siliana,Makhtar,2024,39439,0.128645986,8.457568146
Tunisia,Siliana,Rouhia,2020,39440,0.271285832,25.16837081
Tunisia,Siliana,Rouhia,2021,39440,0.264826357,24.28599384
Tunisia,Siliana,Rouhia,2022,39440,0.268389702,24.77154066
Tunisia,Siliana,Rouhia,2023,39440,0.24899590015411377,22.16623671
Tunisia,Siliana,Rouhia,2024,39440,0.275329709,25.72571179
Tunisia,Siliana,Siliana Nord,2020,39441,0.164374232,12.02838797
Tunisia,Siliana,Siliana Nord,2021,39441,0.177120268,13.41225369
Tunisia,Siliana,Siliana Nord,2022,39441,0.164157152,12.00530192
Tunisia,Siliana,Siliana Nord,2023,39441,0.158933371,11.45473302
Tunisia,Siliana,Siliana Nord,2024,39441,0.166470781,12.25219345
Tunisia,Siliana,Siliana Sud,2020,39442,0.261997461,23.90268005
Tunisia,Siliana,Siliana Sud,2021,39442,0.287935227,27.48657709
Tunisia,Siliana,Siliana Sud,2022,39442,0.301496148,29.41874687
Tunisia,Siliana,Siliana Sud,2023,39442,0.275989771,25.81703857
Tunisia,Siliana,Siliana Sud,2024,39442,0.271496832,25.19735854
Tunisia,Sousse,Akouda,2020,39443,0.070709802,3.737522305
Tunisia,Sousse,Akouda,2021,39443,0.08320629596710205,4.635276525
Tunisia,Sousse,Akouda,2022,39443,0.056089866906404495,2.776430362
Tunisia,Sousse,Akouda,2023,39443,0.052996911,2.585731821
Tunisia,Sousse,Akouda,2024,39443,0.053595681,2.622300569
Tunisia,Sousse,Bouficha,2020,39444,0.16776669025421143,12.39129099
Tunisia,Sousse,Bouficha,2021,39444,0.158778474,11.43855387
Tunisia,Sousse,Bouficha,2022,39444,0.181654289,13.9177175
Tunisia,Sousse,Bouficha,2023,39444,0.195708245,15.52700283
Tunisia,Sousse,Bouficha,2024,39444,0.189934403,14.85818378
Tunisia,Sousse,Enfidha,2020,39445,0.143276349,9.862951936
Tunisia,Sousse,Enfidha,2021,39445,0.134326711,8.99361835
Tunisia,Sousse,Enfidha,2022,39445,0.13166899979114532,8.741288978
Tunisia,Sousse,Enfidha,2023,39445,0.133054018,8.872449447
Tunisia,Sousse,Enfidha,2024,39445,0.137724295,9.320102045
Tunisia,Sousse,Hammam Sousse,2020,39446,0.01844233274459839,0.767383245
Tunisia,Sousse,Hammam Sousse,2021,39446,0.01654195412993431,0.684498719
Tunisia,Sousse,Hammam Sousse,2022,39446,0.02132948860526085,0.896800354
Tunisia,Sousse,Hammam Sousse,2023,39446,0.01635865867137909,0.676601237
Tunisia,Sousse,Hammam Sousse,2024,39446,0.015117927454411983,0.623592331
Tunisia,Sousse,Hergla,2020,39447,0.169888452,12.6202783
Tunisia,Sousse,Hergla,2021,39447,0.1577138900756836,11.32758727
Tunisia,Sousse,Hergla,2022,39447,0.152813524,10.82200628
Tunisia,Sousse,Hergla,2023,39447,0.150111318,10.54690606
Tunisia,Sousse,Hergla,2024,39447,0.166088015,12.21121978
Tunisia,Sousse,Kalaa Kebira,2020,39448,0.147717685,10.30543452
Tunisia,Sousse,Kalaa Kebira,2021,39448,0.139123783,9.455849388
Tunisia,Sousse,Kalaa Kebira,2022,39448,0.131753102,8.749232474
Tunisia,Sousse,Kalaa Kebira,2023,39448,0.121841177,7.831879781
Tunisia,Sousse,Kalaa Kebira,2024,39448,0.137990952,9.345910358
Tunisia,Sousse,Kalaa Sghira,2020,39449,0.146720231,10.20542833
Tunisia,Sousse,Kalaa Sghira,2021,39449,0.132823855,8.850602303
Tunisia,Sousse,Kalaa Sghira,2022,39449,0.155480444,11.09609334
Tunisia,Sousse,Kalaa Sghira,2023,39449,0.160159305,11.5830815
Tunisia,Sousse,Kalaa Sghira,2024,39449,0.138777733,9.422214812
Tunisia,Sousse,Kondar,2020,39450,0.209597751,17.17834493
Tunisia,Sousse,Kondar,2021,39450,0.204603299,16.57776272
Tunisia,Sousse,Kondar,2022,39450,0.204244912,16.53495666
Tunisia,Sousse,Kondar,2023,39450,0.202522427,16.3297685
Tunisia,Sousse,Kondar,2024,39450,0.190615058,14.93647763
Tunisia,Sousse,M'saken,2020,39451,0.140364647,9.576825178
Tunisia,Sousse,M'saken,2021,39451,0.126660421,8.273135355
Tunisia,Sousse,M'saken,2022,39451,0.153351963,10.8771374
Tunisia,Sousse,M'saken,2023,39451,0.153464288,10.88865158
Tunisia,Sousse,M'saken,2024,39451,0.128086731,8.405466191
Tunisia,Sousse,Sidi Bou Ali,2020,39452,0.187573195,14.58773189
Tunisia,Sousse,Sidi Bou Ali,2021,39452,0.1703605204820633,12.67143504
Tunisia,Sousse,Sidi Bou Ali,2022,39452,0.150292456,10.56526432
Tunisia,Sousse,Sidi Bou Ali,2023,39452,0.143191516,9.854571081
Tunisia,Sousse,Sidi Bou Ali,2024,39452,0.177858427,13.49408039
Tunisia,Sousse,Sidi El Heni,2020,39453,0.219514757,18.39281215
Tunisia,Sousse,Sidi El Heni,2021,39453,0.170977503,12.73841029
Tunisia,Sousse,Sidi El Heni,2022,39453,0.148495927,10.38371508
Tunisia,Sousse,Sidi El Heni,2023,39453,0.142953098,9.831031234
Tunisia,Sousse,Sidi El Heni,2024,39453,0.166088685,12.21129151
Tunisia,Sousse,Sousse Jaouhara,2020,39454,0.031966932117938995,1.409596095
Tunisia,Sousse,Sousse Jaouhara,2021,39454,0.044021546840667725,2.057837988
Tunisia,Sousse,Sousse Jaouhara,2022,39454,0.053093988,2.591649237
Tunisia,Sousse,Sousse Jaouhara,2023,39454,0.05323129519820213,2.600026402
Tunisia,Sousse,Sousse Jaouhara,2024,39454,0.03726811334490776,1.685986692
Tunisia,Sousse,Sousse Medina,2020,39455,0.05998198315501213,3.022720821
Tunisia,Sousse,Sousse Medina,2021,39455,0.06005525216460228,3.027424394
Tunisia,Sousse,Sousse Medina,2022,39455,0.0585051067173481,2.928439552
Tunisia,Sousse,Sousse Medina,2023,39455,0.060475777834653854,3.054468271
Tunisia,Sousse,Sousse Medina,2024,39455,0.059183419,2.971616773
Tunisia,Sousse,Sousse Riad,2020,39456,0.0218687541782856,0.921438364
Tunisia,Sousse,Sousse Riad,2021,39456,0.031075965613126755,1.364494197
Tunisia,Sousse,Sousse Riad,2022,39456,0.03394690528512001,1.511220256
Tunisia,Sousse,Sousse Riad,2023,39456,0.039569508,1.810233182
Tunisia,Sousse,Sousse Riad,2024,39456,0.030313702300190926,1.326217586
Tunisia,Sousse,Sousse Sidi Abd Elhami,2020,39457,0.051013041,2.465772154
Tunisia,Sousse,Sousse Sidi Abd Elhami,2021,39457,0.04710463434457779,2.234868059
Tunisia,Sousse,Sousse Sidi Abd Elhami,2022,39457,0.046350628,2.191155006
Tunisia,Sousse,Sousse Sidi Abd Elhami,2023,39457,0.04922094568610191,2.359000818
Tunisia,Sousse,Sousse Sidi Abd Elhami,2024,39457,0.0478767529129982,2.27991096
Tunisia,Tataouine,Bir Lahmar,2020,39458,0.185382068,14.33836933
Tunisia,Tataouine,Bir Lahmar,2021,39458,0.173467249,13.00999376
Tunisia,Tataouine,Bir Lahmar,2022,39458,0.12229461967945099,7.873009556
Tunisia,Tataouine,Bir Lahmar,2023,39458,0.12461492419242859,8.084737817
Tunisia,Tataouine,Bir Lahmar,2024,39458,0.122968286,7.934264211
Tunisia,Tataouine,Dhiba,2020,39459,0.11483830958604813,7.207023982
Tunisia,Tataouine,Dhiba,2021,39459,0.12450515478849411,8.074673814
Tunisia,Tataouine,Dhiba,2022,39459,0.116418682,7.346331626
Tunisia,Tataouine,Dhiba,2023,39459,0.116418682,7.346331626
Tunisia,Tataouine,Dhiba,2024,39459,0.118732952,7.552131425
Tunisia,Tataouine,Ghomrassen,2020,39460,0.149662703,10.50149061
Tunisia,Tataouine,Ghomrassen,2021,39460,0.147499859,10.28356396
Tunisia,Tataouine,Ghomrassen,2022,39460,0.1505511999130249,10.59150848
Tunisia,Tataouine,Ghomrassen,2023,39460,0.148034275,10.33725244
Tunisia,Tataouine,Ghomrassen,2024,39460,0.13306283950805664,8.873287186
Tunisia,Tataouine,Remada,2020,39461,0.174783647,13.15443494
Tunisia,Tataouine,Remada,2021,39461,0.172026858,12.85261837
Tunisia,Tataouine,Remada,2022,39461,0.181667954,13.91925111
Tunisia,Tataouine,Remada,2024,39461,0.183559775,14.13216971
Tunisia,Tataouine,Samar,2020,39462,0.25326851,22.73221639
Tunisia,Tataouine,Samar,2021,39462,0.226703882,19.29097615
Tunisia,Tataouine,Samar,2022,39462,0.228823781,19.55860454
Tunisia,Tataouine,Samar,2023,39462,0.224723592,19.04210964
Tunisia,Tataouine,Samar,2024,39462,0.22304067015647888,18.83148343
Tunisia,Tataouine,Tataouine Nord,2020,39463,0.15700986981391907,11.25442477
Tunisia,Tataouine,Tataouine Nord,2021,39463,0.1464904099702835,10.18243788
Tunisia,Tataouine,Tataouine Nord,2022,39463,0.150504678,10.58678806
Tunisia,Tataouine,Tataouine Nord,2023,39463,0.148110539,10.34492261
Tunisia,Tataouine,Tataouine Nord,2024,39463,0.148991585,10.43368664
Tunisia,Tataouine,Tataouine Sud,2020,39464,0.220529348,18.51867626
Tunisia,Tataouine,Tataouine Sud,2021,39464,0.212889791,17.57829381
Tunisia,Tataouine,Tataouine Sud,2022,39464,0.197703481,15.76056495
Tunisia,Tataouine,Tataouine Sud,2023,39464,0.193123341,15.22627236
Tunisia,Tataouine,Tataouine Sud,2024,39464,0.1958702802658081,15.54592418
Tunisia,Tozeur,Degueche,2020,39465,0.395473629,43.66703629
Tunisia,Tozeur,Degueche,2021,39465,0.368628889,39.47023786
Tunisia,Tozeur,Degueche,2022,39465,0.368621409,39.4690801
Tunisia,Tozeur,Degueche,2023,39465,0.368056178,39.38161803
Tunisia,Tozeur,Degueche,2024,39465,0.369909048,39.66847553
Tunisia,Tozeur,Hazoua,2020,39466,0.204577923,16.57473043
Tunisia,Tozeur,Hazoua,2021,39466,0.16933462023735046,12.56035824
Tunisia,Tozeur,Hazoua,2022,39466,0.166858822,12.29378344
Tunisia,Tozeur,Hazoua,2023,39466,0.19024085998535156,14.89341637
Tunisia,Tozeur,Hazoua,2024,39466,0.187256977,14.55164867
Tunisia,Tozeur,Nafta,2020,39467,0.323795259,32.67421658
Tunisia,Tozeur,Nafta,2021,39467,0.304539949,29.85755316
Tunisia,Tozeur,Nafta,2022,39467,0.317371845,31.72701635
Tunisia,Tozeur,Nafta,2023,39467,0.339748979,35.05733817
Tunisia,Tozeur,Nafta,2024,39467,0.343227386,35.5824063
Tunisia,Tozeur,Tamaghza,2020,39468,0.188975915,14.7481831
Tunisia,Tozeur,Tamaghza,2021,39468,0.180509731,13.7894773
Tunisia,Tozeur,Tamaghza,2022,39468,0.180836022,13.82599202
Tunisia,Tozeur,Tamaghza,2023,39468,0.190100655,14.87729364
Tunisia,Tozeur,Tamaghza,2024,39468,0.186131135,14.42344242
Tunisia,Tozeur,Tozeur,2020,39469,0.359480798,38.05977075
Tunisia,Tozeur,Tozeur,2021,39469,0.350795001,36.73110389
Tunisia,Tozeur,Tozeur,2022,39469,0.345038295,35.85650302
Tunisia,Tozeur,Tozeur,2023,39469,0.336615533,34.58597191
Tunisia,Tozeur,Tozeur,2024,39469,0.328663707,33.39693936
Tunisia,Tunis,Bab Bhar,2020,39470,0.03289463371038437,1.456972034
Tunisia,Tunis,Bab Bhar,2021,39470,0.036267471,1.632765946
Tunisia,Tunis,Bab Bhar,2022,39470,0.03416598588228226,1.522582782
Tunisia,Tunis,Bab Bhar,2023,39470,0.03369810804724693,1.498344962
Tunisia,Tunis,Bab Bhar,2024,39470,0.029336801,1.277582007
Tunisia,Tunis,Bab Souika,2020,39471,0.078202173,4.267490759
Tunisia,Tunis,Bab Souika,2021,39471,0.08121776580810547,4.487812365
Tunisia,Tunis,Bab Souika,2022,39471,0.07710691541433334,4.188461957
Tunisia,Tunis,Bab Souika,2023,39471,0.088342249,5.024096529
Tunisia,Tunis,Bab Souika,2024,39471,0.085848048,4.833845465
Tunisia,Tunis,Bardo,2020,39472,0.062671259,3.196979267
Tunisia,Tunis,Bardo,2021,39472,0.064974822,3.348879159
Tunisia,Tunis,Bardo,2022,39472,0.063898131,3.277579122
Tunisia,Tunis,Bardo,2023,39472,0.06263301521539688,3.194477893
Tunisia,Tunis,Bardo,2024,39472,0.061321471,3.109100952
Tunisia,Tunis,Carthage,2020,39473,0.036483839,1.644232593
Tunisia,Tunis,Carthage,2021,39473,0.03592267632484436,1.614540352
Tunisia,Tunis,Carthage,2022,39473,0.038003542,1.725411626
Tunisia,Tunis,Carthage,2023,39473,0.035024095326662064,1.567314143
Tunisia,Tunis,Carthage,2024,39473,0.0391739159822464,1.788693687
Tunisia,Tunis,El Harairria,2020,39474,0.047259893268346786,2.243902637
Tunisia,Tunis,El Harairria,2021,39474,0.054632578045129776,2.686023769
Tunisia,Tunis,El Harairria,2023,39474,0.049707461,2.387837108
Tunisia,Tunis,El Harairria,2022,39474,0.051130395382642746,2.4728168
Tunisia,Tunis,El Harairria,2024,39474,0.05399656668305397,2.646877698
Tunisia,Tunis,El Kabaria,2020,39475,0.04550447314977646,2.142421765
Tunisia,Tunis,El Kabaria,2021,39475,0.03988122195005417,1.82725885
Tunisia,Tunis,El Kabaria,2022,39475,0.04747587442398071,2.256489698
Tunisia,Tunis,El Kabaria,2023,39475,0.050819046795368195,2.454141079
Tunisia,Tunis,El Kabaria,2024,39475,0.04825730621814728,2.302215215
Tunisia,Tunis,El Khadra,2020,39476,0.005351734813302755,0.233897877
Tunisia,Tunis,El Khadra,2021,39476,0.006665125023573637,0.283439974
Tunisia,Tunis,El Khadra,2022,39476,0.0065417238511145115,0.278747076
Tunisia,Tunis,El Khadra,2023,39476,0.0065417238511145115,0.278747076
Tunisia,Tunis,El Khadra,2024,39476,0.006482035852968693,0.276479991
Tunisia,Tunis,El Kram,2020,39477,0.035090979,1.570815757
Tunisia,Tunis,El Kram,2021,39477,0.034834068,1.557377449
Tunisia,Tunis,El Kram,2022,39477,0.03662555292248726,1.651755184
Tunisia,Tunis,El Kram,2023,39477,0.037510573863983154,1.698955551
Tunisia,Tunis,El Kram,2024,39477,0.03662555292248726,1.651755184
Tunisia,Tunis,El Marsa,2020,39478,0.016312571242451668,0.674618196
Tunisia,Tunis,El Marsa,2021,39478,0.01674584113061428,0.693303464
Tunisia,Tunis,El Marsa,2022,39478,0.019564909860491753,0.81720318
Tunisia,Tunis,El Marsa,2023,39478,0.017679624259471893,0.733897964
Tunisia,Tunis,El Marsa,2024,39478,0.020571071654558182,0.862397231
Tunisia,Tunis,El Menzah,2020,39479,0.04904242232441902,2.348447597
Tunisia,Tunis,El Menzah,2021,39479,0.047806539,2.275803197
Tunisia,Tunis,El Menzah,2022,39479,0.044695079,2.096125072
Tunisia,Tunis,El Menzah,2023,39479,0.05086863413453102,2.457112437
Tunisia,Tunis,El Menzah,2024,39479,0.049094342,2.351515202
Tunisia,Tunis,El Querdia,2020,39480,0.073240668,3.913743465
Tunisia,Tunis,El Querdia,2021,39480,0.082226731,4.562418698
Tunisia,Tunis,El Querdia,2022,39480,0.073276192,3.916237382
Tunisia,Tunis,El Querdia,2023,39480,0.075147308,4.048390627
Tunisia,Tunis,El Querdia,2024,39480,0.084294558,4.716709187
Tunisia,Tunis,El Tahrir,2020,39481,0.081569992,4.513806586
Tunisia,Tunis,El Tahrir,2021,39481,0.08660778403282166,4.891511666
Tunisia,Tunis,El Tahrir,2022,39481,0.085071459,4.775158286
Tunisia,Tunis,El Tahrir,2023,39481,0.0843873843550682,4.72367909
Tunisia,Tunis,El Tahrir,2024,39481,0.08348231017589569,4.655881384
Tunisia,Tunis,Ezouhour,2020,39482,0.04752984642982483,2.259638563
Tunisia,Tunis,Ezouhour,2021,39482,0.048208319,2.299340203
Tunisia,Tunis,Ezouhour,2022,39482,0.04931707680225372,2.364689748
Tunisia,Tunis,Ezouhour,2023,39482,0.049275048077106476,2.362201999
Tunisia,Tunis,Ezouhour,2024,39482,0.05063546448945999,2.443150594
Tunisia,Tunis,Jbel Jloud,2024,39483,0.079720438,4.37791677
Tunisia,Tunis,Jbel Jloud,2020,39483,0.07832399010658264,4.276313247
Tunisia,Tunis,Jbel Jloud,2021,39483,0.08018407970666885,4.411840384
Tunisia,Tunis,Jbel Jloud,2022,39483,0.079229057,4.342066726
Tunisia,Tunis,Jbel Jloud,2023,39483,0.080003493,4.398616017
Tunisia,Tunis,La Goulette,2020,39484,0.040395352989435196,1.855442936
Tunisia,Tunis,La Goulette,2021,39484,0.039975971,1.832443299
Tunisia,Tunis,La Goulette,2022,39484,0.042495351,1.97188441
Tunisia,Tunis,La Goulette,2023,39484,0.041250526905059814,1.902604851
Tunisia,Tunis,La Goulette,2024,39484,0.045877349,2.163855045
Tunisia,Tunis,Medina,2020,39485,0.08675310015678406,4.902570018
Tunisia,Tunis,Medina,2021,39485,0.09468534588813782,5.51994882
Tunisia,Tunis,Medina,2022,39485,0.092825256,5.372764756
Tunisia,Tunis,Medina,2023,39485,0.092825256,5.372764756
Tunisia,Tunis,Medina,2024,39485,0.092825256,5.372764756
Tunisia,Tunis,Omrane,2020,39486,0.04511667788028717,2.12020118
Tunisia,Tunis,Omrane,2021,39486,0.04430145025253296,2.073722824
Tunisia,Tunis,Omrane,2022,39486,0.039867502,1.826508469
Tunisia,Tunis,Omrane,2023,39486,0.03807873651385307,1.729457471
Tunisia,Tunis,Omrane,2024,39486,0.03961955010890961,1.812963283
Tunisia,Tunis,Omrane Superieur,2020,39487,0.073091917,3.903306833
Tunisia,Tunis,Omrane Superieur,2021,39487,0.07495201379060745,4.034524499
Tunisia,Tunis,Omrane Superieur,2022,39487,0.083602123,4.664835908
Tunisia,Tunis,Omrane Superieur,2023,39487,0.073374972,3.92317498
Tunisia,Tunis,Omrane Superieur,2024,39487,0.083602123,4.664835908
Tunisia,Tunis,Sidi Bechir,2020,39488,0.06862128525972366,3.594267887
Tunisia,Tunis,Sidi Bechir,2021,39488,0.07305971533060074,3.901048824
Tunisia,Tunis,Sidi Bechir,2022,39488,0.06596573442220688,3.414965482
Tunisia,Tunis,Sidi Bechir,2023,39488,0.07030652463436127,3.709707928
Tunisia,Tunis,Sidi Bechir,2024,39488,0.075014181,4.038936629
Tunisia,Tunis,Sidi Hassine,2020,39489,0.2249138504266739,19.06597177
Tunisia,Tunis,Sidi Hassine,2021,39489,0.234234542,20.24732541
Tunisia,Tunis,Sidi Hassine,2022,39489,0.224740967,19.04428835
Tunisia,Tunis,Sidi Hassine,2023,39489,0.211382136,17.39473004
Tunisia,Tunis,Sidi Hassine,2024,39489,0.208116293,16.99941655
Tunisia,Zaghouan,Bir M'charga,2020,39491,0.214837492,17.81642752
Tunisia,Zaghouan,Bir M'charga,2021,39491,0.19906345009803772,15.92047412
Tunisia,Zaghouan,Bir M'charga,2022,39491,0.201453179,16.20285295
Tunisia,Zaghouan,Bir M'charga,2023,39491,0.196923524,15.66911518
Tunisia,Zaghouan,Bir M'charga,2024,39491,0.21516861021518707,17.85702216
Tunisia,Zaghouan,Fahs,2020,39492,0.19737865030765533,15.72245558
Tunisia,Zaghouan,Fahs,2021,39492,0.169469744,12.57496785
Tunisia,Zaghouan,Fahs,2022,39492,0.193244368,15.24030575
Tunisia,Zaghouan,Fahs,2023,39492,0.187680572,14.59999198
Tunisia,Zaghouan,Fahs,2024,39492,0.181401432,13.88934931
Tunisia,Zaghouan,Nadhour,2020,39493,0.223695263,18.91331374
Tunisia,Zaghouan,Nadhour,2021,39493,0.220234245,18.48203708
Tunisia,Zaghouan,Nadhour,2022,39493,0.19669795036315918,15.64270209
Tunisia,Zaghouan,Nadhour,2023,39493,0.163815618,11.96901357
Tunisia,Zaghouan,Nadhour,2024,39493,0.186439306,14.45849488
Tunisia,Zaghouan,Saouaf,2020,39494,0.28886502981185913,27.61783222
Tunisia,Zaghouan,Saouaf,2021,39494,0.26834774017333984,24.76580545
Tunisia,Zaghouan,Saouaf,2022,39494,0.255299807,23.00290993
Tunisia,Zaghouan,Saouaf,2023,39494,0.233204067,20.11554018
Tunisia,Zaghouan,Saouaf,2024,39494,0.253948063,22.82265961
Tunisia,Zaghouan,Zaghouan,2020,39495,0.1737692803144455,13.04308237
Tunisia,Zaghouan,Zaghouan,2021,39495,0.169157267,12.54119221
Tunisia,Zaghouan,Zaghouan,2022,39495,0.161698505,11.74497671
Tunisia,Zaghouan,Zaghouan,2023,39495,0.179102719,13.63242371
Tunisia,Zaghouan,Zaghouan,2024,39495,0.174304157,13.10175555
Tunisia,Zaghouan,Zriba,2020,39496,0.216736406,18.04966637
Tunisia,Zaghouan,Zriba,2021,39496,0.210615933,17.30169962
Tunisia,Zaghouan,Zriba,2022,39496,0.201907188,16.25669914
Tunisia,Zaghouan,Zriba,2023,39496,0.195616663,15.51631209
Tunisia,Zaghouan,Zriba,2024,39496,0.21099773049354553,17.34803472
Turkey,Adana,Aladag,2020,27448,0.269058168,24.86296054
Turkey,Adana,Aladag,2021,27448,0.270931393,25.11970038
Turkey,Adana,Aladag,2022,27448,0.272432864,25.32607681
Turkey,Adana,Aladag,2023,27448,0.264330596,24.21867967
Turkey,Adana,Aladag,2024,27448,0.268069386,24.72777129
Turkey,Adana,Ceyhan,2020,27449,0.165057525,12.10116173
Turkey,Adana,Ceyhan,2021,27449,0.164233625,12.01343278
Turkey,Adana,Ceyhan,2022,27449,0.148758352,10.41016122
Turkey,Adana,Ceyhan,2023,27449,0.147821635,10.31587771
Turkey,Adana,Ceyhan,2024,27449,0.156063795,11.15638543
Turkey,Adana,Feke,2020,27450,0.239647388,20.94427671
Turkey,Adana,Feke,2021,27450,0.235877752,20.45806891
Turkey,Adana,Feke,2022,27450,0.182075232,13.96498985
Turkey,Adana,Feke,2023,27450,0.224820882,19.05431042
Turkey,Adana,Feke,2024,27450,0.231757462,19.93102643
Turkey,Adana,Imamoglu,2020,27451,0.193144932,15.22877563
Turkey,Adana,Imamoglu,2021,27451,0.196855053,15.66109605
Turkey,Adana,Imamoglu,2022,27451,0.193182185,15.23309496
Turkey,Adana,Imamoglu,2023,27451,0.186742991,14.49306724
Turkey,Adana,Imamoglu,2024,27451,0.186258346,14.43790815
Turkey,Adana,Karaisali,2020,27452,0.16464290022850037,12.05698297
Turkey,Adana,Karaisali,2021,27452,0.163489401,11.93439075
Turkey,Adana,Karaisali,2022,27452,0.164520979,12.04400347
Turkey,Adana,Karaisali,2023,27452,0.170565695,12.69369288
Turkey,Adana,Karaisali,2024,27452,0.167667985,12.38067602
Turkey,Adana,Karatas,2020,27453,0.206218481,16.77116485
Turkey,Adana,Karatas,2021,27453,0.217129946,18.0981353
Turkey,Adana,Karatas,2022,27453,0.19048205018043518,14.92116649
Turkey,Adana,Karatas,2023,27453,0.201290503,16.18357472
Turkey,Adana,Karatas,2024,27453,0.196023062,15.5637725
Turkey,Adana,Kozan,2020,27454,0.167282373,12.33923862
Turkey,Adana,Kozan,2021,27454,0.166491821,12.25444721
Turkey,Adana,Kozan,2022,27454,0.171257079,12.76880173
Turkey,Adana,Kozan,2023,27454,0.167977482,12.41397121
Turkey,Adana,Kozan,2024,27454,0.167719886,12.38625712
Turkey,Adana,Pozanti,2020,27455,0.22540459036827087,19.12756742
Turkey,Adana,Pozanti,2021,27455,0.198275238,15.82772383
Turkey,Adana,Pozanti,2022,27455,0.202799961,16.36276803
Turkey,Adana,Pozanti,2023,27455,0.208741635,17.07486429
Turkey,Adana,Pozanti,2024,27455,0.212385625,17.51683452
Turkey,Adana,Saimbeyli,2020,27456,0.214746058,17.80522357
Turkey,Adana,Saimbeyli,2021,27456,0.232641518,20.04371929
Turkey,Adana,Saimbeyli,2022,27456,0.2351740598678589,20.36773004
Turkey,Adana,Saimbeyli,2023,27456,0.206328511,16.78436863
Turkey,Adana,Saimbeyli,2024,27456,0.208918437,17.0962168
Turkey,Adana,Seyhan,2020,27457,0.04587891325354576,2.163945121
Turkey,Adana,Seyhan,2021,27457,0.044166676700115204,2.066069596
Turkey,Adana,Seyhan,2022,27457,0.044075995683670044,2.060925087
Turkey,Adana,Seyhan,2023,27457,0.03592034429311752,1.614417279
Turkey,Adana,Seyhan,2024,27457,0.042581219,1.976690753
Turkey,Adana,Tufanbeyli,2020,27458,0.228493512,19.51682706
Turkey,Adana,Tufanbeyli,2021,27458,0.220905483,18.56541244
Turkey,Adana,Tufanbeyli,2022,27458,0.211623356,17.42405444
Turkey,Adana,Tufanbeyli,2023,27458,0.21532995998859406,17.87681502
Turkey,Adana,Tufanbeyli,2024,27458,0.209993422,17.22624448
Turkey,Adana,Yumurtalik,2020,27459,0.22313272953033447,18.84298437
Turkey,Adana,Yumurtalik,2021,27459,0.226333395,19.24433255
Turkey,Adana,Yumurtalik,2022,27459,0.237537831,20.67171638
Turkey,Adana,Yumurtalik,2023,27459,0.241188556,21.14414855
Turkey,Adana,Yumurtalik,2024,27459,0.242867589,21.36261452
Turkey,Adana,Yuregir,2020,27460,0.094904236,5.537365513
Turkey,Adana,Yuregir,2021,27460,0.095787659,5.607863585
Turkey,Adana,Yuregir,2022,27460,0.093062639,5.391466485
Turkey,Adana,Yuregir,2023,27460,0.093062639,5.391466485
Turkey,Adana,Yuregir,2024,27460,0.09217922389507294,5.321989824
Turkey,Adiyaman,Besni,2020,27461,0.16873086988925934,12.495157241821289
Turkey,Adiyaman,Besni,2021,27461,0.181868911,13.94181244
Turkey,Adiyaman,Besni,2022,27461,0.170514494,12.68813718
Turkey,Adiyaman,Besni,2023,27461,0.178857207,13.60508642
Turkey,Adiyaman,Besni,2024,27461,0.179919183,13.72347936
Turkey,Adiyaman,Celikhan,2020,27462,0.195838794,15.5422468
Turkey,Adiyaman,Celikhan,2021,27462,0.19760560989379883,15.7490792
Turkey,Adiyaman,Celikhan,2022,27462,0.206735939,16.83329235
Turkey,Adiyaman,Celikhan,2023,27462,0.211412281,17.39839374
Turkey,Adiyaman,Celikhan,2024,27462,0.194523826,15.38894501
Turkey,Adiyaman,Gerger,2020,27463,0.231433123,19.88973592
Turkey,Adiyaman,Gerger,2021,27463,0.237993211,20.73045189
Turkey,Adiyaman,Gerger,2022,27463,0.225531533,19.14351182
Turkey,Adiyaman,Gerger,2023,27463,0.221861124,18.6843365
Turkey,Adiyaman,Gerger,2024,27463,0.212413043,17.52017494
Turkey,Adiyaman,Golbasi,2020,27464,0.118809782,7.559000238
Turkey,Adiyaman,Golbasi,2021,27464,0.117285967,7.423206112
Turkey,Adiyaman,Golbasi,2022,27464,0.098613352,5.835565057
Turkey,Adiyaman,Golbasi,2023,27464,0.08119488507509232,4.486125651
Turkey,Adiyaman,Golbasi,2024,27464,0.079458997,4.358829405
Turkey,Adiyaman,Kahta,2020,27465,0.153213724,10.86297314
Turkey,Adiyaman,Kahta,2021,27465,0.154119849,10.95594221
Turkey,Adiyaman,Kahta,2022,27465,0.148432374,10.37731418
Turkey,Adiyaman,Kahta,2023,27465,0.141026825,9.641618595
Turkey,Adiyaman,Kahta,2024,27465,0.13831225037574768,9.37704279
Turkey,Adiyaman,Merkez,2020,27466,0.1093643456697464,6.732279344
Turkey,Adiyaman,Merkez,2021,27466,0.079907753,4.391610805
Turkey,Adiyaman,Merkez,2022,27466,0.08531155437231064,4.793274462
Turkey,Adiyaman,Merkez,2023,27466,0.07932505011558533,4.349061836
Turkey,Adiyaman,Merkez,2024,27466,0.079277098,4.345567031
Turkey,Adiyaman,Samsat,2020,27467,0.159086823,11.47076956
Turkey,Adiyaman,Samsat,2021,27467,0.16278257966041565,11.85949987
Turkey,Adiyaman,Samsat,2022,27467,0.158566773,11.41645531
Turkey,Adiyaman,Samsat,2023,27467,0.166677743,12.27436906
Turkey,Adiyaman,Samsat,2024,27467,0.163825795,11.97009435
Turkey,Adiyaman,Sincik,2020,27468,0.267962575,24.71318143
Turkey,Adiyaman,Sincik,2021,27468,0.265315145,24.35241856
Turkey,Adiyaman,Sincik,2022,27468,0.25198549,22.56177293
Turkey,Adiyaman,Sincik,2023,27468,0.257742345,23.32976615
Turkey,Adiyaman,Sincik,2024,27468,0.257035017,23.23496081
Turkey,Adiyaman,Tut,2020,27469,0.226010948,19.20376859
Turkey,Adiyaman,Tut,2021,27469,0.25570034980773926,23.05640848
Turkey,Adiyaman,Tut,2022,27469,0.243584186,21.45607956
Turkey,Adiyaman,Tut,2023,27469,0.244957298,21.63554847
Turkey,Adiyaman,Tut,2024,27469,0.249302775,22.20673275
Turkey,Afyon,Basmakci,2020,27470,0.235694736,20.43456073
Turkey,Afyon,Basmakci,2021,27470,0.245494068,21.70583906
Turkey,Afyon,Basmakci,2022,27470,0.250784248,22.40257019
Turkey,Afyon,Basmakci,2023,27470,0.253535897,22.76778964
Turkey,Afyon,Basmakci,2024,27470,0.238206998,20.75804561
Turkey,Afyon,Bayat,2020,27471,0.23827669024467468,20.76704357
Turkey,Afyon,Bayat,2021,27471,0.235990047,20.47249756
Turkey,Afyon,Bayat,2022,27471,0.229734361,19.67394535
Turkey,Afyon,Bayat,2023,27471,0.247041494,21.90889441
Turkey,Afyon,Bayat,2024,27471,0.240547657,21.06095478
Turkey,Afyon,Bolvadin,2020,27472,0.200952232,16.1435133
Turkey,Afyon,Bolvadin,2021,27472,0.168663219,12.48785887
Turkey,Afyon,Bolvadin,2022,27472,0.144898012,10.02367324
Turkey,Afyon,Bolvadin,2023,27472,0.138810337,9.425381841
Turkey,Afyon,Bolvadin,2024,27472,0.176520959,13.34595252
Turkey,Afyon,Cay,2020,27473,0.208430633,17.03732712
Turkey,Afyon,Cay,2021,27473,0.197591484,15.74742164
Turkey,Afyon,Cay,2022,27473,0.207526907,16.92841445
Turkey,Afyon,Cay,2023,27473,0.179142833,13.63689223
Turkey,Afyon,Cay,2024,27473,0.203437805,16.43869864
Turkey,Afyon,Cobanlar,2020,27474,0.221358106,18.6217062
Turkey,Afyon,Cobanlar,2021,27474,0.178632081,13.58003652
Turkey,Afyon,Cobanlar,2022,27474,0.137959749,9.342888992
Turkey,Afyon,Cobanlar,2023,27474,0.11960959434509277,7.63064443
Turkey,Afyon,Cobanlar,2024,27474,0.185432702,14.34411422
Turkey,Afyon,Dazkiri,2020,27475,0.191090822,14.99129129
Turkey,Afyon,Dazkiri,2021,27475,0.188759968,14.72344057
Turkey,Afyon,Dazkiri,2022,27475,0.193589479,15.2803476
Turkey,Afyon,Dazkiri,2023,27475,0.207715318,16.95110051
Turkey,Afyon,Dazkiri,2024,27475,0.193427235,15.2615184
Turkey,Afyon,Dinar,2022,27476,0.156886861,11.24165963
Turkey,Afyon,Dinar,2023,27476,0.164698303,12.06288272
Turkey,Afyon,Dinar,2020,27476,0.190618575,14.93688253
Turkey,Afyon,Dinar,2021,27476,0.159130067,11.4752902
Turkey,Afyon,Dinar,2024,27476,0.167546451,12.36761062
Turkey,Afyon,Emirdag,2020,27477,0.185954019,14.40331063
Turkey,Afyon,Emirdag,2021,27477,0.192826748,15.19190134
Turkey,Afyon,Emirdag,2022,27477,0.197666198,15.75618924
Turkey,Afyon,Emirdag,2023,27477,0.191493779,15.03777314
Turkey,Afyon,Emirdag,2024,27477,0.180635661,13.80356575
Turkey,Afyon,Evciler,2020,27478,0.200087771,16.04129552
Turkey,Afyon,Evciler,2021,27478,0.211483926,17.40710223
Turkey,Afyon,Evciler,2022,27478,0.209418967,17.1567168
Turkey,Afyon,Evciler,2023,27478,0.227055788,19.33531594
Turkey,Afyon,Evciler,2024,27478,0.213107377,17.60484145
Turkey,Afyon,Hocalar,2020,27479,0.204970449,16.6216558
Turkey,Afyon,Hocalar,2021,27479,0.208781078,17.07962708
Turkey,Afyon,Hocalar,2022,27479,0.212014019,17.47158286
Turkey,Afyon,Hocalar,2023,27479,0.22039400041103363,18.50186879
Turkey,Afyon,Hocalar,2024,27479,0.217339978,18.12402156
Turkey,Afyon,Ihsaniye,2020,27480,0.221546352,18.64513609
Turkey,Afyon,Ihsaniye,2021,27480,0.23015592992305756,19.72742213
Turkey,Afyon,Ihsaniye,2022,27480,0.237201899,20.62842307
Turkey,Afyon,Ihsaniye,2023,27480,0.209208846,17.13130992
Turkey,Afyon,Ihsaniye,2024,27480,0.22439152002334595,19.00048564
Turkey,Afyon,Iscehisar,2020,27481,0.197600543,15.74848471
Turkey,Afyon,Iscehisar,2021,27481,0.168870673,12.5102437
Turkey,Afyon,Iscehisar,2022,27481,0.151717514,10.71010782
Turkey,Afyon,Iscehisar,2023,27481,0.158980861,11.45969508
Turkey,Afyon,Iscehisar,2024,27481,0.186353371,14.44871723
Turkey,Afyon,Kiziloren,2020,27482,0.23337239027023315,20.13704693
Turkey,Afyon,Kiziloren,2021,27482,0.243090898,21.39172603
Turkey,Afyon,Kiziloren,2022,27482,0.238543212,20.80146597
Turkey,Afyon,Kiziloren,2023,27482,0.235883802,20.45884616
Turkey,Afyon,Kiziloren,2024,27482,0.235498339,20.40934381
Turkey,Afyon,Merkez,2020,27483,0.078503042,4.289292836
Turkey,Afyon,Merkez,2021,27483,0.084795743,4.754385181
Turkey,Afyon,Merkez,2022,27483,0.084795743,4.754385181
Turkey,Afyon,Merkez,2023,27483,0.07718908041715622,4.194372216
Turkey,Afyon,Merkez,2024,27483,0.080199637,4.412980276
Turkey,Afyon,Sandikli,2023,27484,0.094169959,5.479020652
Turkey,Afyon,Sandikli,2020,27484,0.180527627,13.79147914
Turkey,Afyon,Sandikli,2021,27484,0.163815811,11.96903415
Turkey,Afyon,Sandikli,2022,27484,0.11670427024364471,7.371612457
Turkey,Afyon,Sandikli,2024,27484,0.150252879,10.56125215
Turkey,Afyon,Sincanli,2020,27485,0.287886202,27.47966164
Turkey,Afyon,Sincanli,2021,27485,0.273658097,25.49486964
Turkey,Afyon,Sincanli,2022,27485,0.274698913,25.6385268
Turkey,Afyon,Sincanli,2023,27485,0.271141082,25.1484907
Turkey,Afyon,Sincanli,2024,27485,0.298726976,29.02113246
Turkey,Afyon,Suhut,2020,27486,0.203743756,16.47516388
Turkey,Afyon,Suhut,2021,27486,0.213101417,17.60411403
Turkey,Afyon,Suhut,2022,27486,0.215864271,17.94241353
Turkey,Afyon,Suhut,2023,27486,0.181581706,13.90957218
Turkey,Afyon,Suhut,2024,27486,0.205338299,16.66567365
Turkey,Afyon,Sultandagi,2020,27487,0.174387962,13.11095715
Turkey,Afyon,Sultandagi,2021,27487,0.150295973,10.56562085
Turkey,Afyon,Sultandagi,2022,27487,0.127925426,8.390461002
Turkey,Afyon,Sultandagi,2023,27487,0.129693314,8.555465416
Turkey,Afyon,Sultandagi,2024,27487,0.180033952,13.73629656
Turkey,Agri,Diyadin,2020,27488,0.085013412,4.770782112
Turkey,Agri,Diyadin,2021,27488,0.091424808,5.262921543
Turkey,Agri,Diyadin,2022,27488,0.08372597396373749,4.674098807
Turkey,Agri,Diyadin,2023,27488,0.09800828993320465,5.786525312
Turkey,Agri,Diyadin,2024,27488,0.091245309,5.248903092
Turkey,Agri,Dogubeyazit,2020,27489,0.075761169,4.092085756
Turkey,Agri,Dogubeyazit,2021,27489,0.075319551,4.060634101
Turkey,Agri,Dogubeyazit,2022,27489,0.075308353,4.0598377
Turkey,Agri,Dogubeyazit,2023,27489,0.074013203,3.968104825
Turkey,Agri,Dogubeyazit,2024,27489,0.06722377985715866,3.499510289
Turkey,Agri,Eleskirt,2020,27490,0.193059921,15.21892059
Turkey,Agri,Eleskirt,2021,27490,0.192506969,15.15487459
Turkey,Agri,Eleskirt,2022,27490,0.153123245,10.85370605
Turkey,Agri,Eleskirt,2023,27490,0.158377975,11.3967609
Turkey,Agri,Eleskirt,2024,27490,0.168120295,12.42934587
Turkey,Agri,Hamur,2020,27491,0.202381864,16.31306424
Turkey,Agri,Hamur,2021,27491,0.209800407,17.20287244
Turkey,Agri,Hamur,2022,27491,0.211339787,17.38958357
Turkey,Agri,Hamur,2023,27491,0.216170043,17.9799913
Turkey,Agri,Hamur,2024,27491,0.222292244,18.7380723
Turkey,Agri,Merkez,2020,27492,0.087082744,4.927689227
Turkey,Agri,Merkez,2021,27492,0.083903722,4.6874044
Turkey,Agri,Merkez,2022,27492,0.08138589560985565,4.500213536
Turkey,Agri,Merkez,2023,27492,0.066774704,3.469248468
Turkey,Agri,Merkez,2024,27492,0.068517141,3.58717596
Turkey,Agri,Patnos,2020,27493,0.071395218,3.784963607788086
Turkey,Agri,Patnos,2021,27493,0.07846393436193466,4.286456665
Turkey,Agri,Patnos,2022,27493,0.080586649,4.441372021
Turkey,Agri,Patnos,2023,27493,0.072541252,3.86475722
Turkey,Agri,Patnos,2024,27493,0.06501797586679459,3.35174788
Turkey,Agri,Taslicay,2020,27494,0.129033938,8.493781934
Turkey,Agri,Taslicay,2021,27494,0.152936921,10.83463172
Turkey,Agri,Taslicay,2022,27494,0.143085048,9.844056464
Turkey,Agri,Taslicay,2023,27494,0.114168301,7.148266053
Turkey,Agri,Taslicay,2024,27494,0.119498253,7.620655679
Turkey,Agri,Tutak,2020,27495,0.213460952,17.64801067
Turkey,Agri,Tutak,2021,27495,0.214802608,17.81215271
Turkey,Agri,Tutak,2022,27495,0.219412744,18.38017335
Turkey,Agri,Tutak,2023,27495,0.204178452,16.52702303
Turkey,Agri,Tutak,2024,27495,0.189541936,14.81310679
Turkey,Aksaray,Agacoren,2020,27496,0.193462491,15.26560934
Turkey,Aksaray,Agacoren,2021,27496,0.20691817998886108,16.85519202
Turkey,Aksaray,Agacoren,2022,27496,0.196799234,15.65455967
Turkey,Aksaray,Agacoren,2023,27496,0.213167489,17.61217806
Turkey,Aksaray,Agacoren,2024,27496,0.216839761,18.0623913
Turkey,Aksaray,Eskil,2020,27497,0.213897735,17.70138988
Turkey,Aksaray,Eskil,2021,27497,0.226072967,19.21156831
Turkey,Aksaray,Eskil,2022,27497,0.221989959,18.70038928
Turkey,Aksaray,Eskil,2023,27497,0.232011378,19.96337178
Turkey,Aksaray,Eskil,2024,27497,0.220070213,18.46168209
Turkey,Aksaray,Gulagac,2020,27498,0.210625112,17.30281309
Turkey,Aksaray,Gulagac,2021,27498,0.211578965,17.41865672
Turkey,Aksaray,Gulagac,2022,27498,0.212540358,17.53568902
Turkey,Aksaray,Gulagac,2023,27498,0.200255558,16.06111739
Turkey,Aksaray,Gulagac,2024,27498,0.194314003,15.36453368
Turkey,Aksaray,Guzelyurt,2020,27499,0.2133549302816391,17.63506222
Turkey,Aksaray,Guzelyurt,2021,27499,0.207571089,16.93373334
Turkey,Aksaray,Guzelyurt,2022,27499,0.212419659,17.52098103
Turkey,Aksaray,Guzelyurt,2023,27499,0.201711655,16.23350083
Turkey,Aksaray,Guzelyurt,2024,27499,0.207198873,16.8889421
Turkey,Aksaray,Merkez,2024,27500,0.071429029,3.787309278
Turkey,Aksaray,Merkez,2020,27500,0.13205718994140625,8.777976362
Turkey,Aksaray,Merkez,2021,27500,0.0741543397307396,3.978064979
Turkey,Aksaray,Merkez,2022,27500,0.07300737500190735,3.897379634
Turkey,Aksaray,Merkez,2023,27500,0.071429029,3.787309278
Turkey,Aksaray,Ortakoy,2020,27501,0.191137016,14.99661718
Turkey,Aksaray,Ortakoy,2021,27501,0.192977369,15.20935276
Turkey,Aksaray,Ortakoy,2022,27501,0.191879451,15.0823095
Turkey,Aksaray,Ortakoy,2023,27501,0.195044175,15.44954338
Turkey,Aksaray,Ortakoy,2024,27501,0.178661078,13.58326215
Turkey,Aksaray,Sariyahsi,2020,27502,0.205367535,16.66917387
Turkey,Aksaray,Sariyahsi,2021,27502,0.211823776,17.44843211
Turkey,Aksaray,Sariyahsi,2022,27502,0.209672064,17.18733753
Turkey,Aksaray,Sariyahsi,2023,27502,0.1964077204465866,15.60874164
Turkey,Aksaray,Sariyahsi,2024,27502,0.195140481,15.46076828
Turkey,Amasya,Goynucek,2020,27503,0.159289002,11.49191101
Turkey,Amasya,Goynucek,2021,27503,0.155888379,11.13824252
Turkey,Amasya,Goynucek,2022,27503,0.159427494,11.50640111
Turkey,Amasya,Goynucek,2023,27503,0.165802434,12.18068244
Turkey,Amasya,Goynucek,2024,27503,0.16317076981067657,11.90060875
Turkey,Amasya,Gumushacikoy,2020,27504,0.215113163,17.85022218
Turkey,Amasya,Gumushacikoy,2021,27504,0.228527516,19.52112706
Turkey,Amasya,Gumushacikoy,2022,27504,0.219839424,18.43305619
Turkey,Amasya,Gumushacikoy,2023,27504,0.226994455,19.32758553
Turkey,Amasya,Gumushacikoy,2024,27504,0.22112905979156494,18.59321192
Turkey,Amasya,Hamamozu,2020,27505,0.266767889,24.55017727
Turkey,Amasya,Hamamozu,2021,27505,0.262391865,23.95600604
Turkey,Amasya,Hamamozu,2022,27505,0.234554097,20.28825137
Turkey,Amasya,Hamamozu,2023,27505,0.242377579,21.2987806
Turkey,Amasya,Hamamozu,2024,27505,0.259741008,23.598318099975586
Turkey,Amasya,Merkez,2021,27506,0.096552402,5.669156876
Turkey,Amasya,Merkez,2024,27506,0.096365839,5.65418135
Turkey,Amasya,Merkez,2020,27506,0.119553827,7.625640751
Turkey,Amasya,Merkez,2022,27506,0.06869081407785416,3.59900533
Turkey,Amasya,Merkez,2023,27506,0.0767604261636734,4.163571294
Turkey,Amasya,Merzifon,2020,27507,0.122479483,7.889800957
Turkey,Amasya,Merzifon,2021,27507,0.083339721,4.64523275
Turkey,Amasya,Merzifon,2022,27507,0.076696441,4.15898059
Turkey,Amasya,Merzifon,2023,27507,0.078393228,4.281330684
Turkey,Amasya,Merzifon,2024,27507,0.076822713,4.168041862
Turkey,Amasya,Suluova,2020,27508,0.09061362594366074,5.199679715
Turkey,Amasya,Suluova,2021,27508,0.091259502,5.250011056
Turkey,Amasya,Suluova,2022,27508,0.091024019,5.231639859
Turkey,Amasya,Suluova,2023,27508,0.093821108,5.45138137
Turkey,Amasya,Suluova,2024,27508,0.090821199,5.215835881
Turkey,Amasya,Tasova,2020,27509,0.283863723,26.91401206
Turkey,Amasya,Tasova,2021,27509,0.25460731983184814,22.91051222
Turkey,Amasya,Tasova,2022,27509,0.221756846,18.67134698
Turkey,Amasya,Tasova,2023,27509,0.241052791,21.12651617
Turkey,Amasya,Tasova,2024,27509,0.279249758,26.26953536
Turkey,Ankara,Akyurt,2020,27510,0.146613285,10.19472745
Turkey,Ankara,Akyurt,2021,27510,0.11939842998981476,7.61170447
Turkey,Ankara,Akyurt,2022,27510,0.12066967040300369,7.725992599
Turkey,Ankara,Akyurt,2023,27510,0.111900561,6.950732798
Turkey,Ankara,Akyurt,2024,27510,0.123917587,8.020883892
Turkey,Ankara,Altindag,2022,27511,0.027070175856351852,1.166555107
Turkey,Ankara,Altindag,2020,27511,0.024453310295939445,1.041546408
Turkey,Ankara,Altindag,2021,27511,0.027070175856351852,1.166555107
Turkey,Ankara,Altindag,2023,27511,0.023019038140773773,0.974480497
Turkey,Ankara,Altindag,2024,27511,0.024868354201316833,1.061145497
Turkey,Ankara,Ayas,2020,27512,0.184730679,14.26453781
Turkey,Ankara,Ayas,2022,27512,0.214838564,17.816558837890625
Turkey,Ankara,Ayas,2023,27512,0.199075788,15.92192751
Turkey,Ankara,Ayas,2024,27512,0.196476758,15.61681744
Turkey,Ankara,Ayas,2021,27512,0.196981668,15.67592604
Turkey,Ankara,Bala,2020,27513,0.209293902,17.14159289
Turkey,Ankara,Bala,2021,27513,0.20470201969146729,16.58956078
Turkey,Ankara,Bala,2022,27513,0.208010435,16.98665638
Turkey,Ankara,Bala,2023,27513,0.199328035,15.95165152
Turkey,Ankara,Bala,2024,27513,0.199930906,16.02277188
Turkey,Ankara,Beypazari,2020,27514,0.217198566,18.10659123
Turkey,Ankara,Beypazari,2021,27514,0.2104784995317459,17.28503126
Turkey,Ankara,Beypazari,2022,27514,0.208960652,17.10131651
Turkey,Ankara,Beypazari,2023,27514,0.235061288,20.35326502
Turkey,Ankara,Beypazari,2024,27514,0.224041641,18.95666333
Turkey,Ankara,Camlidere,2020,27515,0.263709813,24.1344732
Turkey,Ankara,Camlidere,2021,27515,0.260966063,23.76340615
Turkey,Ankara,Camlidere,2022,27515,0.253486395,22.76120255
Turkey,Ankara,Camlidere,2023,27515,0.262790203,24.00990203
Turkey,Ankara,Camlidere,2024,27515,0.266668856,24.53668023
Turkey,Ankara,Cankaya,2020,27516,0.009579349309206009,0.396558883
Turkey,Ankara,Cankaya,2021,27516,0.01221536472439766,0.502651345
Turkey,Ankara,Cankaya,2022,27516,0.010793251916766167,0.444971319
Turkey,Ankara,Cankaya,2023,27516,0.015605520457029343,0.644330723
Turkey,Ankara,Cankaya,2024,27516,0.01133129745721817,0.46667197346687317
Turkey,Ankara,Cubuk,2020,27517,0.08868176490068436,5.050201179
Turkey,Ankara,Cubuk,2021,27517,0.08816200494766235,5.010258051
Turkey,Ankara,Cubuk,2022,27517,0.088375822,5.026675627
Turkey,Ankara,Cubuk,2023,27517,0.089727923,5.130949486
Turkey,Ankara,Cubuk,2024,27517,0.075476632,4.071811315
Turkey,Ankara,Elmadag,2020,27518,0.100342669,5.976569719
Turkey,Ankara,Elmadag,2021,27518,0.08009552955627441,4.405354082
Turkey,Ankara,Elmadag,2022,27518,0.077228658,4.197220153
Turkey,Ankara,Elmadag,2023,27518,0.0781061202287674,4.260538829
Turkey,Ankara,Elmadag,2024,27518,0.07583734393119812,4.097519607
Turkey,Ankara,Etimesgut,2022,27519,0.030663749,1.34375944
Turkey,Ankara,Etimesgut,2023,27519,0.03044099546968937,1.332589623
Turkey,Ankara,Etimesgut,2024,27519,0.029156139,1.268639309
Turkey,Ankara,Etimesgut,2020,27519,0.030675578862428665,1.344353314
Turkey,Ankara,Etimesgut,2021,27519,0.031538319,1.387850396
Turkey,Ankara,Evren,2020,27520,0.201195508,16.17232093
Turkey,Ankara,Evren,2021,27520,0.217998818,18.20530606
Turkey,Ankara,Evren,2022,27520,0.224742398,19.04446773
Turkey,Ankara,Evren,2023,27520,0.225295529,19.1138726
Turkey,Ankara,Evren,2024,27520,0.22115463018417358,18.59639224
Turkey,Ankara,Golbasi,2020,27521,0.109606482,6.753022577
Turkey,Ankara,Golbasi,2021,27521,0.110754259,6.851674266
Turkey,Ankara,Golbasi,2022,27521,0.109243989,6.721977568
Turkey,Ankara,Golbasi,2023,27521,0.1116006001830101,6.924760067
Turkey,Ankara,Golbasi,2024,27521,0.112821378,7.030691079
Turkey,Ankara,Gudul,2020,27522,0.242311627,21.29019373
Turkey,Ankara,Gudul,2021,27522,0.246317178,21.81377157
Turkey,Ankara,Gudul,2022,27522,0.240195066,21.01523203
Turkey,Ankara,Gudul,2023,27522,0.246993303,21.90256147
Turkey,Ankara,Gudul,2024,27522,0.233450919,20.14708327
Turkey,Ankara,Haymana,2020,27523,0.245197833,21.66703748
Turkey,Ankara,Haymana,2021,27523,0.241489589,21.18326256
Turkey,Ankara,Haymana,2022,27523,0.222869188,18.8100666
Turkey,Ankara,Haymana,2023,27523,0.219479471,18.38844011
Turkey,Ankara,Haymana,2024,27523,0.217852652,18.1872615814209
Turkey,Ankara,Kalecik,2020,27524,0.264316916,24.21682314
Turkey,Ankara,Kalecik,2021,27524,0.253194839,22.72241826
Turkey,Ankara,Kalecik,2022,27524,0.248650566,22.12069422
Turkey,Ankara,Kalecik,2023,27524,0.261391133,23.82077389
Turkey,Ankara,Kalecik,2024,27524,0.253055006,22.70382461
Turkey,Ankara,Kazan,2020,27525,0.088086508,5.004465855
Turkey,Ankara,Kazan,2021,27525,0.090614177,5.199722604
Turkey,Ankara,Kazan,2022,27525,0.087089486,4.928203524
Turkey,Ankara,Kazan,2023,27525,0.090313867,5.176380902
Turkey,Ankara,Kazan,2024,27525,0.089962222,5.149098283
Turkey,Ankara,Kecioren,2020,27526,0.0305960513651371,1.340362197
Turkey,Ankara,Kecioren,2021,27526,0.034000382,1.51399163
Turkey,Ankara,Kecioren,2022,27526,0.0345253050327301,1.541269525
Turkey,Ankara,Kecioren,2023,27526,0.032874249,1.455926485
Turkey,Ankara,Kecioren,2024,27526,0.032722994685173035,1.448174919
Turkey,Ankara,Kizilcahamam,2021,27527,0.149329945,10.46785116
Turkey,Ankara,Kizilcahamam,2024,27527,0.16982758045196533,12.61368739
Turkey,Ankara,Kizilcahamam,2020,27527,0.182827383,14.04960209
Turkey,Ankara,Kizilcahamam,2022,27527,0.141444549,9.682576637
Turkey,Ankara,Kizilcahamam,2023,27527,0.131816953,8.755265092
Turkey,Ankara,Mamak,2020,27528,0.064164452,3.295166059
Turkey,Ankara,Mamak,2021,27528,0.06347594410181046,3.249765695
Turkey,Ankara,Mamak,2022,27528,0.06563917547464371,3.393137134
Turkey,Ankara,Mamak,2023,27528,0.064794891,3.336927045
Turkey,Ankara,Mamak,2024,27528,0.06404406577348709,3.287212133
Turkey,Ankara,Nallihan,2020,27529,0.263685495,24.13117636
Turkey,Ankara,Nallihan,2021,27529,0.247345954,21.948919
Turkey,Ankara,Nallihan,2022,27529,0.253609538,22.77759011
Turkey,Ankara,Nallihan,2023,27529,0.248355553,22.08181226
Turkey,Ankara,Nallihan,2024,27529,0.249384105,22.21746939
Turkey,Ankara,Polatli,2020,27530,0.147914737,10.32523442
Turkey,Ankara,Polatli,2021,27530,0.0927845761179924,5.369562257
Turkey,Ankara,Polatli,2022,27530,0.059648689,3.001355917
Turkey,Ankara,Polatli,2023,27530,0.095663413,5.597928708
Turkey,Ankara,Polatli,2024,27530,0.092180982,5.32212778
Turkey,Ankara,S.kochisar,2020,27531,0.09812241047620773,5.795762938
Turkey,Ankara,S.kochisar,2021,27531,0.102361612,6.14276787
Turkey,Ankara,S.kochisar,2022,27531,0.087723628,4.976659492
Turkey,Ankara,S.kochisar,2023,27531,0.09137555956840515,5.259074002
Turkey,Ankara,S.kochisar,2024,27531,0.089924648,5.146186266
Turkey,Ankara,Sincan,2022,27532,0.126793951,8.285490511
Turkey,Ankara,Sincan,2020,27532,0.124616623,8.084893599
Turkey,Ankara,Sincan,2021,27532,0.125579357,8.173362335
Turkey,Ankara,Sincan,2023,27532,0.127250537,8.327789713
Turkey,Ankara,Sincan,2024,27532,0.120516203,7.712161541
Turkey,Ankara,Yenimahalle,2020,27533,0.030583275482058525,1.339721325
Turkey,Ankara,Yenimahalle,2021,27533,0.033940333873033524,1.510879795
Turkey,Ankara,Yenimahalle,2022,27533,0.03372735530138016,1.49985694
Turkey,Ankara,Yenimahalle,2023,27533,0.02884562872350216,1.253306842
Turkey,Ankara,Yenimahalle,2024,27533,0.027195492759346962,1.172627032
Turkey,Antalya,Akseki,2020,27534,0.267375052,24.6329771
Turkey,Antalya,Akseki,2021,27534,0.250683904,22.38928792
Turkey,Antalya,Akseki,2022,27534,0.247249216,21.93619913
Turkey,Antalya,Akseki,2023,27534,0.255389154,23.01484015
Turkey,Antalya,Akseki,2024,27534,0.262117416,23.91889469
Turkey,Antalya,Alanya,2020,27535,0.09012367576360703,5.161618232
Turkey,Antalya,Alanya,2021,27535,0.084606372,4.740136605
Turkey,Antalya,Alanya,2022,27535,0.078726001,4.305474966
Turkey,Antalya,Alanya,2023,27535,0.07757781445980072,4.22237494
Turkey,Antalya,Alanya,2024,27535,0.08261865377426147,4.59151879
Turkey,Antalya,Elmali,2020,27536,0.219697744,18.41549048
Turkey,Antalya,Elmali,2021,27536,0.212112129,17.4835262298584
Turkey,Antalya,Elmali,2022,27536,0.223265767,18.85960895
Turkey,Antalya,Elmali,2023,27536,0.194351971,15.36894996
Turkey,Antalya,Elmali,2024,27536,0.208804637,17.08247202
Turkey,Antalya,Finike,2020,27537,0.089189813,5.089356441
Turkey,Antalya,Finike,2021,27537,0.08255494385957718,4.586783794
Turkey,Antalya,Finike,2022,27537,0.076254129,4.127296169
Turkey,Antalya,Finike,2023,27537,0.0784691646695137,4.286835935
Turkey,Antalya,Finike,2024,27537,0.08929337561130524,5.097351652
Turkey,Antalya,Gazipasa,2020,27538,0.221420273,18.62944271
Turkey,Antalya,Gazipasa,2021,27538,0.165238336,12.12044620513916
Turkey,Antalya,Gazipasa,2022,27538,0.154150337,10.95907541
Turkey,Antalya,Gazipasa,2023,27538,0.164591581,12.05151896
Turkey,Antalya,Gazipasa,2024,27538,0.179548144,13.68207212
Turkey,Antalya,Gundogmus,2020,27539,0.162799716,11.86131347
Turkey,Antalya,Gundogmus,2021,27539,0.179058164,13.62746116
Turkey,Antalya,Gundogmus,2022,27539,0.205761731,16.71639331
Turkey,Antalya,Gundogmus,2023,27539,0.21673277020454407,18.04921878
Turkey,Antalya,Gundogmus,2024,27539,0.201081172,16.15877947
Turkey,Antalya,Ibradi,2020,27540,0.226810992,19.30446818
Turkey,Antalya,Ibradi,2021,27540,0.212560013,17.53808447
Turkey,Antalya,Ibradi,2022,27540,0.2026033103466034,16.33938333
Turkey,Antalya,Ibradi,2023,27540,0.225646302,19.157931
Turkey,Antalya,Ibradi,2024,27540,0.234633118,20.29837598
Turkey,Antalya,Kale,2020,27541,0.251058817,22.43892703
Turkey,Antalya,Kale,2021,27541,0.247550368,21.97580483
Turkey,Antalya,Kale,2022,27541,0.231410652,19.88687629
Turkey,Antalya,Kale,2023,27541,0.240146816,21.00897772
Turkey,Antalya,Kale,2024,27541,0.241716117,21.21271161
Turkey,Antalya,Kas,2020,27542,0.285028398,27.07743132
Turkey,Antalya,Kas,2021,27542,0.269165665,24.87767167
Turkey,Antalya,Kas,2022,27542,0.253707051,22.79056959
Turkey,Antalya,Kas,2023,27542,0.2623339295387268,23.9481704
Turkey,Antalya,Kas,2024,27542,0.267522186,24.65305513
Turkey,Antalya,Kemer,2020,27543,0.125415653,8.158293517
Turkey,Antalya,Kemer,2021,27543,0.12503916025161743,8.123677364
Turkey,Antalya,Kemer,2022,27543,0.10994626581668854,6.782171259
Turkey,Antalya,Kemer,2023,27543,0.116399452,7.344630524
Turkey,Antalya,Kemer,2024,27543,0.143843651,9.919066038
Turkey,Antalya,Korkuteli,2020,27544,0.218011677,18.20689388
Turkey,Antalya,Korkuteli,2021,27544,0.216000497,17.95915168
Turkey,Antalya,Korkuteli,2022,27544,0.22313567996025085,18.843353271484375
Turkey,Antalya,Korkuteli,2023,27544,0.220268458,18.4862836
Turkey,Antalya,Korkuteli,2024,27544,0.210020244,17.22949323
Turkey,Antalya,Kumluca,2020,27545,0.222849548,18.80761428
Turkey,Antalya,Kumluca,2021,27545,0.214221478,17.74099065
Turkey,Antalya,Kumluca,2022,27545,0.221380532,18.62449693
Turkey,Antalya,Kumluca,2023,27545,0.216180056,17.98122237
Turkey,Antalya,Kumluca,2024,27545,0.217719853,18.17087338
Turkey,Antalya,Manavgat,2020,27546,0.127237439,8.326575146
Turkey,Antalya,Manavgat,2021,27546,0.097516812,5.746804542
Turkey,Antalya,Manavgat,2022,27546,0.08133113384246826,4.496172976
Turkey,Antalya,Manavgat,2023,27546,0.06412478536367416,3.29254454
Turkey,Antalya,Manavgat,2024,27546,0.08733773976564407,4.947152391
Turkey,Antalya,Merkez,2020,27547,0.0556001178920269,2.745937172
Turkey,Antalya,Merkez,2021,27547,0.0556001178920269,2.745937172
Turkey,Antalya,Merkez,2022,27547,0.054837011,2.698646577
Turkey,Antalya,Merkez,2023,27547,0.054837011,2.698646577
Turkey,Antalya,Merkez,2024,27547,0.056339841,2.792037508
Turkey,Antalya,Serik,2020,27548,0.232167393,19.98325472
Turkey,Antalya,Serik,2021,27548,0.217113227,18.09607524
Turkey,Antalya,Serik,2022,27548,0.222458765,18.75884196
Turkey,Antalya,Serik,2023,27548,0.243637413,21.46302726
Turkey,Antalya,Serik,2024,27548,0.223765433,18.92209281
Turkey,Ardahan,Cildir,2020,27549,0.201742619,16.23717373
Turkey,Ardahan,Cildir,2021,27549,0.206183881,16.7670135
Turkey,Ardahan,Cildir,2022,27549,0.22050487995147705,18.51563747
Turkey,Ardahan,Cildir,2023,27549,0.203698456,16.46976298
Turkey,Ardahan,Cildir,2024,27549,0.245856196,21.75330241
Turkey,Ardahan,Damal,2020,27550,0.159620136,11.52656817
Turkey,Ardahan,Damal,2021,27550,0.195778489,15.53520444
Turkey,Ardahan,Damal,2022,27550,0.186658859,14.48348645
Turkey,Ardahan,Damal,2023,27550,0.19897595047950745,15.91016837
Turkey,Ardahan,Damal,2024,27550,0.176640451,13.35916229
Turkey,Ardahan,Gole,2020,27551,0.23508203029632568,20.35592535
Turkey,Ardahan,Gole,2021,27551,0.226793915,19.3023169
Turkey,Ardahan,Gole,2022,27551,0.201925501,16.25887249
Turkey,Ardahan,Gole,2023,27551,0.204201937,16.52982633
Turkey,Ardahan,Gole,2024,27551,0.178897053,13.60952181
Turkey,Ardahan,Hanak,2020,27552,0.210519314,17.28998076
Turkey,Ardahan,Hanak,2021,27552,0.202905476,16.37532023
Turkey,Ardahan,Hanak,2022,27552,0.213085055,17.60211732
Turkey,Ardahan,Hanak,2023,27552,0.209110886,17.11946954
Turkey,Ardahan,Hanak,2024,27552,0.210102856,17.23950073
Turkey,Ardahan,Merkez,2020,27553,0.187870145,14.62164591
Turkey,Ardahan,Merkez,2021,27553,0.141854197,9.722805918
Turkey,Ardahan,Merkez,2022,27553,0.0810297355055809,4.473958006
Turkey,Ardahan,Merkez,2023,27553,0.133520424,8.916782802
Turkey,Ardahan,Merkez,2024,27553,0.113211468,7.06466742
Turkey,Ardahan,Posof,2020,27554,0.210587859,17.29829428
Turkey,Ardahan,Posof,2021,27554,0.213139862,17.60880607
Turkey,Ardahan,Posof,2022,27554,0.208062723,16.99295881
Turkey,Ardahan,Posof,2023,27554,0.20757099986076355,16.93372258
Turkey,Ardahan,Posof,2024,27554,0.2082282304763794,17.01291323
Turkey,Artvin,Ardanuc,2020,27555,0.269219875,24.88509148
Turkey,Artvin,Ardanuc,2021,27555,0.266587406,24.52558132
Turkey,Artvin,Ardanuc,2022,27555,0.254452616,22.88988662
Turkey,Artvin,Ardanuc,2023,27555,0.253397048,22.74931484
Turkey,Artvin,Ardanuc,2024,27555,0.247510672,21.97058283
Turkey,Artvin,Arhavi,2020,27556,0.09863517433404922,5.83733664
Turkey,Artvin,Arhavi,2021,27556,0.09599753469228745,5.624660317
Turkey,Artvin,Arhavi,2022,27556,0.096029893,5.627251634
Turkey,Artvin,Arhavi,2023,27556,0.09390253573656082,5.457828201
Turkey,Artvin,Arhavi,2024,27556,0.09392533451318741,5.459633747
Turkey,Artvin,Borcka,2020,27557,0.08242842555046082,4.577386058
Turkey,Artvin,Borcka,2021,27557,0.086666591,4.89598573
Turkey,Artvin,Borcka,2022,27557,0.09734359383583069,5.73282936
Turkey,Artvin,Borcka,2023,27557,0.087976538,4.996033177
Turkey,Artvin,Borcka,2024,27557,0.095728219,5.603109807
Turkey,Artvin,Hopa,2020,27558,0.082564741,4.587511842
Turkey,Artvin,Hopa,2021,27558,0.085378543,4.798333461
Turkey,Artvin,Hopa,2022,27558,0.082359903,4.57229911
Turkey,Artvin,Hopa,2023,27558,0.08446313440799713,4.72936956
Turkey,Artvin,Hopa,2024,27558,0.089270331,5.095572175
Turkey,Artvin,Merkez,2020,27559,0.09604649990797043,5.628581772
Turkey,Artvin,Merkez,2021,27559,0.087288067,4.943358784
Turkey,Artvin,Merkez,2022,27559,0.082139403,4.555943754
Turkey,Artvin,Merkez,2023,27559,0.08646653592586517,4.880771628
Turkey,Artvin,Merkez,2024,27559,0.087962054,4.99492292
Turkey,Artvin,Murgul,2020,27560,0.224835053,19.05608778
Turkey,Artvin,Murgul,2021,27560,0.222778082,18.7986916
Turkey,Artvin,Murgul,2022,27560,0.227944016,19.44738581
Turkey,Artvin,Murgul,2023,27560,0.201230302,16.17644259
Turkey,Artvin,Murgul,2024,27560,0.201425314,16.19955016
Turkey,Artvin,Savsat,2020,27561,0.114581108,7.184446775
Turkey,Artvin,Savsat,2021,27561,0.11502932012081146,7.223808116
Turkey,Artvin,Savsat,2022,27561,0.128290176,8.424405804
Turkey,Artvin,Savsat,2023,27561,0.131397277,8.715643145
Turkey,Artvin,Savsat,2024,27561,0.098099932,5.793942964
Turkey,Artvin,Yusufeli,2020,27562,0.239197791,20.88608788
Turkey,Artvin,Yusufeli,2021,27562,0.249032676,22.17108852
Turkey,Artvin,Yusufeli,2022,27562,0.242527217,21.31826728
Turkey,Artvin,Yusufeli,2023,27562,0.211126715,17.36369811
Turkey,Artvin,Yusufeli,2024,27562,0.198809326,15.89054978
Turkey,Aydin,Bozdogan,2020,27563,0.251708508,22.52503151
Turkey,Aydin,Bozdogan,2021,27563,0.256173521,23.11965902
Turkey,Aydin,Bozdogan,2022,27563,0.253273517,22.73288233
Turkey,Aydin,Bozdogan,2023,27563,0.260275662,23.6703229
Turkey,Aydin,Bozdogan,2024,27563,0.259502649,23.56623931
Turkey,Aydin,Buharkent,2020,27564,0.16603823006153107,12.20589423
Turkey,Aydin,Buharkent,2021,27564,0.141190246,9.657634351
Turkey,Aydin,Buharkent,2022,27564,0.130666375,8.646799441
Turkey,Aydin,Buharkent,2023,27564,0.116778664290905,7.378203314
Turkey,Aydin,Buharkent,2024,27564,0.120580658,7.717969344
Turkey,Aydin,Cine,2020,27565,0.261979431,23.90024312
Turkey,Aydin,Cine,2021,27565,0.251738071,22.5289522
Turkey,Aydin,Cine,2022,27565,0.2581562399864197,23.38529889
Turkey,Aydin,Cine,2023,27565,0.234956801,20.33986578
Turkey,Aydin,Cine,2024,27565,0.22542428970336914,19.13004142
Turkey,Aydin,Germencik,2020,27566,0.177565843,13.46162498
Turkey,Aydin,Germencik,2021,27566,0.16359136998653412,11.94520917
Turkey,Aydin,Germencik,2022,27566,0.152923733,10.83328216
Turkey,Aydin,Germencik,2023,27566,0.159398973,11.50341647
Turkey,Aydin,Germencik,2024,27566,0.163478881,11.93327481
Turkey,Aydin,Incirliova,2020,27567,0.094137341,5.476434108
Turkey,Aydin,Incirliova,2021,27567,0.093620263,5.435491922
Turkey,Aydin,Incirliova,2022,27567,0.090025187,5.153979562
Turkey,Aydin,Incirliova,2023,27567,0.09178176522254944,5.290839873
Turkey,Aydin,Incirliova,2024,27567,0.088196963,5.012940909
Turkey,Aydin,Karacasu,2020,27568,0.209838092,17.20743483
Turkey,Aydin,Karacasu,2021,27568,0.194269747,15.35938656
Turkey,Aydin,Karacasu,2022,27568,0.193918914,15.31860574
Turkey,Aydin,Karacasu,2023,27568,0.204113796,16.51930593
Turkey,Aydin,Karacasu,2024,27568,0.202408463,16.31622471
Turkey,Aydin,Karpuzlu,2020,27569,0.260788739,23.7394874
Turkey,Aydin,Karpuzlu,2021,27569,0.246495217,21.8371405
Turkey,Aydin,Karpuzlu,2022,27569,0.258183718,23.3889871
Turkey,Aydin,Karpuzlu,2023,27569,0.251388431,22.48259787
Turkey,Aydin,Karpuzlu,2024,27569,0.2678924798965454,24.70360829
Turkey,Aydin,Kocarli,2020,27570,0.232416302,20.01499009
Turkey,Aydin,Kocarli,2021,27570,0.23680824041366577,20.57772874
Turkey,Aydin,Kocarli,2022,27570,0.260686994,23.72576672
Turkey,Aydin,Kocarli,2023,27570,0.25892669,23.4887832
Turkey,Aydin,Kocarli,2024,27570,0.242183566,21.27352382
Turkey,Aydin,Kosk,2020,27571,0.161717311,11.74695981
Turkey,Aydin,Kosk,2021,27571,0.145576209,10.09117646
Turkey,Aydin,Kosk,2022,27571,0.07866111397743225,4.30076326
Turkey,Aydin,Kosk,2023,27571,0.072353728,3.851660471
Turkey,Aydin,Kosk,2024,27571,0.112191811,6.975986213
Turkey,Aydin,Kusadasi,2020,27572,0.04238275811076164,1.96558752
Turkey,Aydin,Kusadasi,2021,27572,0.04007755219936371,1.838006402
Turkey,Aydin,Kusadasi,2022,27572,0.03982473537325859,1.824170096
Turkey,Aydin,Kusadasi,2023,27572,0.037393261,1.69267708
Turkey,Aydin,Kusadasi,2024,27572,0.03982473537325859,1.824170096
Turkey,Aydin,Kuyucak,2020,27573,0.138995081,9.44333491
Turkey,Aydin,Kuyucak,2021,27573,0.131602451,8.735005347
Turkey,Aydin,Kuyucak,2022,27573,0.114851996,7.20822615
Turkey,Aydin,Kuyucak,2023,27573,0.114369281,7.165872466
Turkey,Aydin,Kuyucak,2024,27573,0.128012806,8.398588198
Turkey,Aydin,Merkez,2020,27574,0.057477232068777084,2.863416994
Turkey,Aydin,Merkez,2021,27574,0.05556059256196022,2.74348108
Turkey,Aydin,Merkez,2022,27574,0.05605969578027725,2.774548595
Turkey,Aydin,Merkez,2023,27574,0.044122155755758286,2.063543346
Turkey,Aydin,Merkez,2024,27574,0.05327046662569046,2.602417892
Turkey,Aydin,Nazilli,2020,27575,0.0827740803360939,4.603077705
Turkey,Aydin,Nazilli,2021,27575,0.079446688,4.357931533
Turkey,Aydin,Nazilli,2022,27575,0.082622834,4.591829498
Turkey,Aydin,Nazilli,2023,27575,0.080980882,4.470360944
Turkey,Aydin,Nazilli,2024,27575,0.080310121,4.421078863
Turkey,Aydin,Soke,2020,27576,0.161707029,11.74587553
Turkey,Aydin,Soke,2021,27576,0.152042717,10.74326457
Turkey,Aydin,Soke,2022,27576,0.149603143,10.49546656
Turkey,Aydin,Soke,2023,27576,0.152010888,10.7400177
Turkey,Aydin,Soke,2024,27576,0.146137476,10.14716934
Turkey,Aydin,Sultanhisar,2020,27577,0.137345478,9.283484279
Turkey,Aydin,Sultanhisar,2021,27577,0.142021447,9.739248648
Turkey,Aydin,Sultanhisar,2022,27577,0.124227829,8.049268729
Turkey,Aydin,Sultanhisar,2023,27577,0.135556698,9.111306616
Turkey,Aydin,Sultanhisar,2024,27577,0.161913708,11.76767828
Turkey,Aydin,Yenihisar,2020,27578,0.086797409,4.905943655
Turkey,Aydin,Yenihisar,2021,27578,0.074702702,4.016847773
Turkey,Aydin,Yenihisar,2022,27578,0.07797035574913025,4.250719675
Turkey,Aydin,Yenihisar,2023,27578,0.08175304532051086,4.527337321
Turkey,Aydin,Yenihisar,2024,27578,0.075420573,4.067821187
Turkey,Aydin,Yenipazar,2020,27579,0.243367612,21.42781789
Turkey,Aydin,Yenipazar,2021,27579,0.233203799,20.11550591
Turkey,Aydin,Yenipazar,2022,27579,0.228275657,19.48928606
Turkey,Aydin,Yenipazar,2023,27579,0.201907068,16.256685256958008
Turkey,Aydin,Yenipazar,2024,27579,0.1859155297279358,14.39893705
Turkey,Balikesir,Ayvalik,2020,27580,0.084603243,4.739901287
Turkey,Balikesir,Ayvalik,2021,27580,0.064842999,3.340121244
Turkey,Balikesir,Ayvalik,2022,27580,0.065543249,3.386734302
Turkey,Balikesir,Ayvalik,2023,27580,0.06364789605140686,3.261083952
Turkey,Balikesir,Ayvalik,2024,27580,0.057371702045202255,2.856768954
Turkey,Balikesir,Balya,2021,27581,0.239663094,20.94631039
Turkey,Balikesir,Balya,2022,27581,0.231074721,19.84414248
Turkey,Balikesir,Balya,2023,27581,0.2355819195508957,20.42007407
Turkey,Balikesir,Balya,2024,27581,0.236378908,20.52248804
Turkey,Balikesir,Balya,2020,27581,0.244143471,21.52912001
Turkey,Balikesir,Bandirma,2020,27582,0.080607891,4.442932233
Turkey,Balikesir,Bandirma,2021,27582,0.079919413,4.392463754
Turkey,Balikesir,Bandirma,2022,27582,0.07789715379476547,4.245428726
Turkey,Balikesir,Bandirma,2023,27582,0.078922212,4.3197339
Turkey,Balikesir,Bandirma,2024,27582,0.07997144013643265,4.396270322
Turkey,Balikesir,Bigadic,2020,27583,0.255596042,23.04247272
Turkey,Balikesir,Bigadic,2021,27583,0.247270674,21.93902033
Turkey,Balikesir,Bigadic,2022,27583,0.253777802,22.79998834
Turkey,Balikesir,Bigadic,2023,27583,0.263162076,24.06025182
Turkey,Balikesir,Bigadic,2024,27583,0.258429289,23.42195726
Turkey,Balikesir,Burhaniye,2020,27584,0.12312860041856766,7.948867393
Turkey,Balikesir,Burhaniye,2021,27584,0.095028549,5.547265873
Turkey,Balikesir,Burhaniye,2022,27584,0.07930253446102142,4.347420737
Turkey,Balikesir,Burhaniye,2023,27584,0.07930253446102142,4.347420737
Turkey,Balikesir,Burhaniye,2024,27584,0.080340557,4.423310752
Turkey,Balikesir,Dursunbey,2020,27585,0.215907097,17.94767498
Turkey,Balikesir,Dursunbey,2021,27585,0.218760669,18.29945631
Turkey,Balikesir,Dursunbey,2022,27585,0.235746861,20.4412551
Turkey,Balikesir,Dursunbey,2023,27585,0.223112777,18.84049149
Turkey,Balikesir,Dursunbey,2024,27585,0.223138034,18.84364717
Turkey,Balikesir,Edremit,2020,27586,0.08810554444789886,5.005926105
Turkey,Balikesir,Edremit,2021,27586,0.08810554444789886,5.005926105
Turkey,Balikesir,Edremit,2022,27586,0.090672582,5.204266634
Turkey,Balikesir,Edremit,2023,27586,0.090672582,5.204266634
Turkey,Balikesir,Edremit,2024,27586,0.090672582,5.204266634
Turkey,Balikesir,Erdek,2020,27587,0.228917032,19.57040589
Turkey,Balikesir,Erdek,2021,27587,0.217490926,18.14263377
Turkey,Balikesir,Erdek,2022,27587,0.199081302,15.92257698
Turkey,Balikesir,Erdek,2023,27587,0.186777681,14.49701833
Turkey,Balikesir,Erdek,2024,27587,0.195611402,15.51569814
Turkey,Balikesir,Gomec,2020,27588,0.150824681,10.61927382
Turkey,Balikesir,Gomec,2021,27588,0.11894124001264572,7.570758326
Turkey,Balikesir,Gomec,2022,27588,0.1183941438794136,7.521869212
Turkey,Balikesir,Gomec,2023,27588,0.11861198395490646,7.541321393
Turkey,Balikesir,Gomec,2024,27588,0.118085466,7.494337943
Turkey,Balikesir,Gonen,2020,27589,0.210232586,17.25522008
Turkey,Balikesir,Gonen,2021,27589,0.205142304,16.64221529
Turkey,Balikesir,Gonen,2022,27589,0.203035817,16.39083039
Turkey,Balikesir,Gonen,2023,27589,0.186355904,14.44900542
Turkey,Balikesir,Gonen,2024,27589,0.193860382,15.31180579
Turkey,Balikesir,Havran,2020,27590,0.170168698,12.65063859
Turkey,Balikesir,Havran,2021,27590,0.159129322,11.4752123
Turkey,Balikesir,Havran,2022,27590,0.152680933,10.80844625
Turkey,Balikesir,Havran,2023,27590,0.14317595958709717,9.853034463
Turkey,Balikesir,Havran,2024,27590,0.146019608,10.13540102
Turkey,Balikesir,Ivrindi,2020,27591,0.204076171,16.5148157
Turkey,Balikesir,Ivrindi,2021,27591,0.185208678,14.31870303
Turkey,Balikesir,Ivrindi,2022,27591,0.202576935,16.33624784
Turkey,Balikesir,Ivrindi,2023,27591,0.192373306,15.1394075
Turkey,Balikesir,Ivrindi,2024,27591,0.197016567,15.68001446
Turkey,Balikesir,Kepsut,2021,27592,0.217578083,18.15338336
Turkey,Balikesir,Kepsut,2022,27592,0.200789168,16.12421431
Turkey,Balikesir,Kepsut,2023,27592,0.182120517,13.97007883
Turkey,Balikesir,Kepsut,2024,27592,0.212027773,17.47325698
Turkey,Balikesir,Kepsut,2020,27592,0.214221165,17.74095236
Turkey,Balikesir,Manyas,2020,27593,0.248121351,22.05096101
Turkey,Balikesir,Manyas,2022,27593,0.241900772,21.2367272
Turkey,Balikesir,Manyas,2023,27593,0.245498925,21.70647554
Turkey,Balikesir,Manyas,2024,27593,0.242068201,21.25851024
Turkey,Balikesir,Manyas,2021,27593,0.240578622,21.06497173
Turkey,Balikesir,Marmara,2020,27594,0.255511165,23.03113499
Turkey,Balikesir,Marmara,2021,27594,0.251642376,22.51626213
Turkey,Balikesir,Marmara,2022,27594,0.259419203,23.55501224
Turkey,Balikesir,Marmara,2023,27594,0.230881885,19.8196259
Turkey,Balikesir,Marmara,2024,27594,0.224502176,19.01435249
Turkey,Balikesir,Merkez,2020,27595,0.082882471,4.611144874
Turkey,Balikesir,Merkez,2021,27595,0.081242635846138,4.489645987
Turkey,Balikesir,Merkez,2022,27595,0.081755221,4.527498221
Turkey,Balikesir,Merkez,2023,27595,0.080372154712677,4.425628303
Turkey,Balikesir,Merkez,2024,27595,0.081242635846138,4.489645987
Turkey,Balikesir,Savastepe,2020,27596,0.262912422,24.02644624
Turkey,Balikesir,Savastepe,2021,27596,0.259278774,23.53612253
Turkey,Balikesir,Savastepe,2022,27596,0.260486305,23.69871052
Turkey,Balikesir,Savastepe,2023,27596,0.248174042,22.05790067
Turkey,Balikesir,Savastepe,2024,27596,0.256780803,23.20091796
Turkey,Balikesir,Sindirgi,2020,27597,0.224753171,19.04581873
Turkey,Balikesir,Sindirgi,2021,27597,0.215034813,17.84061493
Turkey,Balikesir,Sindirgi,2022,27597,0.212086409,17.48039482
Turkey,Balikesir,Sindirgi,2023,27597,0.216798559,18.0573182
Turkey,Balikesir,Sindirgi,2024,27597,0.236689627,20.56246222
Turkey,Balikesir,Susurluk,2020,27598,0.258123755,23.38093888
Turkey,Balikesir,Susurluk,2021,27598,0.254371107,22.87902195
Turkey,Balikesir,Susurluk,2022,27598,0.256575435,23.17342796
Turkey,Balikesir,Susurluk,2023,27598,0.249251723,22.19999419
Turkey,Balikesir,Susurluk,2024,27598,0.242940158,21.37207345
Turkey,Bartin,Amasra,2020,27599,0.265495777,24.37698027
Turkey,Bartin,Amasra,2021,27599,0.2483973503112793,22.08731973
Turkey,Bartin,Amasra,2022,27599,0.245109946,21.65553021
Turkey,Bartin,Amasra,2023,27599,0.296524912,28.70605108
Turkey,Bartin,Amasra,2024,27599,0.291383237,27.97423431
Turkey,Bartin,Kurucasile,2020,27600,0.331013560295105,33.74722089
Turkey,Bartin,Kurucasile,2021,27600,0.305307955,29.96855948
Turkey,Bartin,Kurucasile,2022,27600,0.306920648,30.20202887
Turkey,Bartin,Kurucasile,2023,27600,0.316209555,31.55641701
Turkey,Bartin,Kurucasile,2024,27600,0.323525548,32.63429782
Turkey,Bartin,Merkez,2020,27601,0.219341516,18.37135049
Turkey,Bartin,Merkez,2021,27601,0.219055057,18.33588185
Turkey,Bartin,Merkez,2022,27601,0.196022481,15.5637046
Turkey,Bartin,Merkez,2023,27601,0.206082851,16.75489405
Turkey,Bartin,Merkez,2024,27601,0.194520473,15.38855483
Turkey,Bartin,Ulus,2020,27602,0.255159557,22.98418691
Turkey,Bartin,Ulus,2021,27602,0.249810308,22.27376113
Turkey,Bartin,Ulus,2022,27602,0.265087903,24.32152992
Turkey,Bartin,Ulus,2024,27602,0.261663019657135,23.85749082
Turkey,Bartin,Ulus,2023,27602,0.250253201,22.33230621
Turkey,Batman,Besiri,2020,27603,0.159802198,11.5456397
Turkey,Batman,Besiri,2021,27603,0.179333538,13.65814325
Turkey,Batman,Besiri,2022,27603,0.178870395,13.60655432
Turkey,Batman,Besiri,2023,27603,0.189086974,14.76091361
Turkey,Batman,Besiri,2024,27603,0.187855184,14.61993659
Turkey,Batman,Gercus,2020,27604,0.167630419,12.37663699
Turkey,Batman,Gercus,2021,27604,0.176827356,13.37983406
Turkey,Batman,Gercus,2022,27604,0.177460223,13.44991597
Turkey,Batman,Gercus,2023,27604,0.175438106,13.22646224
Turkey,Batman,Gercus,2024,27604,0.156794354,11.23206341
Turkey,Batman,Hasankeyf,2020,27605,0.265303284,24.35080597
Turkey,Batman,Hasankeyf,2021,27605,0.260019898,23.63586904
Turkey,Batman,Hasankeyf,2022,27605,0.259258837,23.533441
Turkey,Batman,Hasankeyf,2023,27605,0.285769522,27.18157406
Turkey,Batman,Hasankeyf,2024,27605,0.271479189,25.19493431
Turkey,Batman,Kozluk,2020,27606,0.168888927,12.51221405
Turkey,Batman,Kozluk,2021,27606,0.174834847,13.16006467
Turkey,Batman,Kozluk,2022,27606,0.173783332,13.04462255
Turkey,Batman,Kozluk,2023,27606,0.175498471,13.23311298
Turkey,Batman,Kozluk,2024,27606,0.176772729,13.37379102
Turkey,Batman,Merkez,2020,27607,0.07869067043066025,4.302909239
Turkey,Batman,Merkez,2021,27607,0.072312199,3.848762155
Turkey,Batman,Merkez,2022,27607,0.077320643,4.203841922
Turkey,Batman,Merkez,2023,27607,0.08227648586034775,4.566109265
Turkey,Batman,Merkez,2024,27607,0.0764765739440918,4.143219878
Turkey,Batman,Sason,2020,27608,0.228414863,19.5068829
Turkey,Batman,Sason,2021,27608,0.226429373,19.25641233
Turkey,Batman,Sason,2022,27608,0.231239051,19.86504299
Turkey,Batman,Sason,2023,27608,0.235000879,20.34551786
Turkey,Batman,Sason,2024,27608,0.219716072,18.41776254
Turkey,Bayburt,Aydintepe,2020,27609,0.218974799,18.32594882
Turkey,Bayburt,Aydintepe,2021,27609,0.212649286,17.54896622
Turkey,Bayburt,Aydintepe,2022,27609,0.19824860990047455,15.82459379
Turkey,Bayburt,Aydintepe,2023,27609,0.191216499,15.00578274
Turkey,Bayburt,Aydintepe,2024,27609,0.197143823,15.69492593
Turkey,Bayburt,Demirozu,2020,27610,0.255093515,22.97537216
Turkey,Bayburt,Demirozu,2021,27610,0.25824517011642456,23.39723625
Turkey,Bayburt,Demirozu,2022,27610,0.246127129,21.78883525
Turkey,Bayburt,Demirozu,2023,27610,0.260229975,23.66416724
Turkey,Bayburt,Demirozu,2024,27610,0.252719641,22.65925078
Turkey,Bayburt,Merkez,2020,27611,0.092690729,5.362176907
Turkey,Bayburt,Merkez,2021,27611,0.09020986407995224,5.168306272
Turkey,Bayburt,Merkez,2022,27611,0.08505317568778992,4.773779727
Turkey,Bayburt,Merkez,2023,27611,0.07969591021537781,4.376124795
Turkey,Bayburt,Merkez,2024,27611,0.078216702,4.268542638
Turkey,Bilecik,Bozuyuk,2020,27612,0.07083280384540558,3.746020371
Turkey,Bilecik,Bozuyuk,2021,27612,0.079617374,4.370388659
Turkey,Bilecik,Bozuyuk,2022,27612,0.078375816,4.280068702
Turkey,Bilecik,Bozuyuk,2023,27612,0.07731010019779205,4.203082798
Turkey,Bilecik,Bozuyuk,2024,27612,0.079492867,4.361300528
Turkey,Bilecik,Golpazari,2020,27613,0.229284763,19.61696723
Turkey,Bilecik,Golpazari,2021,27613,0.221781448,18.67441125
Turkey,Bilecik,Golpazari,2022,27613,0.217301041,18.11922167
Turkey,Bilecik,Golpazari,2023,27613,0.226861671,19.31085305
Turkey,Bilecik,Golpazari,2024,27613,0.231649071,19.9172243
Turkey,Bilecik,Inhisar,2020,27614,0.235650808,20.4289195
Turkey,Bilecik,Inhisar,2021,27614,0.236468226,20.53397614
Turkey,Bilecik,Inhisar,2022,27614,0.238054931,20.73841698
Turkey,Bilecik,Inhisar,2023,27614,0.257052988,23.23736796
Turkey,Bilecik,Inhisar,2024,27614,0.245173842,21.6638961
Turkey,Bilecik,Merkez,2020,27615,0.1829168200492859,14.0596755
Turkey,Bilecik,Merkez,2021,27615,0.154814184,11.02738085
Turkey,Bilecik,Merkez,2022,27615,0.124115258,8.038964987
Turkey,Bilecik,Merkez,2023,27615,0.151562408,10.69430711
Turkey,Bilecik,Merkez,2024,27615,0.170606285,12.69809798
Turkey,Bilecik,Osmaneli,2020,27616,0.242839634,21.35897116
Turkey,Bilecik,Osmaneli,2022,27616,0.224796027,19.05119316
Turkey,Bilecik,Osmaneli,2024,27616,0.227496177,19.39085331
Turkey,Bilecik,Osmaneli,2021,27616,0.224367142,18.99743114
Turkey,Bilecik,Osmaneli,2023,27616,0.217664003,18.16398257
Turkey,Bilecik,Pazaryeri,2020,27617,0.260900199,23.75452115
Turkey,Bilecik,Pazaryeri,2021,27617,0.263642341,24.12532642
Turkey,Bilecik,Pazaryeri,2022,27617,0.250238895,22.33041446
Turkey,Bilecik,Pazaryeri,2023,27617,0.256574094,23.17324848
Turkey,Bilecik,Pazaryeri,2024,27617,0.259679407,23.59002626
Turkey,Bilecik,Sogut,2020,27618,0.07928067445755005,4.345827641
Turkey,Bilecik,Sogut,2021,27618,0.08206989616155624,4.550792586
Turkey,Bilecik,Sogut,2022,27618,0.079255201,4.343971465
Turkey,Bilecik,Sogut,2023,27618,0.069402777,3.647641432
Turkey,Bilecik,Sogut,2024,27618,0.06976410001516342,3.672411832
Turkey,Bilecik,Yenipazar,2020,27619,0.209513411,17.16814078
Turkey,Bilecik,Yenipazar,2021,27619,0.171905741,12.83941736
Turkey,Bilecik,Yenipazar,2022,27619,0.196649522,15.6370335
Turkey,Bilecik,Yenipazar,2023,27619,0.202320188,16.30573668
Turkey,Bilecik,Yenipazar,2024,27619,0.188806951,14.72882248
Turkey,Bingol,Adakli,2020,27620,0.20538944005966187,16.67179654
Turkey,Bingol,Adakli,2021,27620,0.224687696,19.0376086
Turkey,Bingol,Adakli,2022,27620,0.201099843,16.16099051
Turkey,Bingol,Adakli,2023,27620,0.194271519780159,15.35959278
Turkey,Bingol,Adakli,2024,27620,0.188805804,14.72869104
Turkey,Bingol,Genc,2020,27621,0.198225945,15.82192984
Turkey,Bingol,Genc,2021,27621,0.193461955,15.26554709
Turkey,Bingol,Genc,2022,27621,0.20086359977722168,16.13302244
Turkey,Bingol,Genc,2023,27621,0.204718038,16.59147546
Turkey,Bingol,Genc,2024,27621,0.177570015,13.4620876
Turkey,Bingol,Karliova,2020,27622,0.213739157,17.68200356
Turkey,Bingol,Karliova,2021,27622,0.224040747,18.95655139
Turkey,Bingol,Karliova,2022,27622,0.226369679,19.24889897
Turkey,Bingol,Karliova,2023,27622,0.226728946,19.29413301
Turkey,Bingol,Karliova,2024,27622,0.228267223,19.4882201
Turkey,Bingol,Kigi,2020,27623,0.260417998,23.68950384
Turkey,Bingol,Kigi,2021,27623,0.276957214,25.95107322
Turkey,Bingol,Kigi,2022,27623,0.26117909,23.7921509
Turkey,Bingol,Kigi,2023,27623,0.268109530210495,24.73325539
Turkey,Bingol,Kigi,2024,27623,0.269445032,24.91591613
Turkey,Bingol,Merkez,2020,27624,0.148710191,10.40530589
Turkey,Bingol,Merkez,2021,27624,0.133892283,8.952188503
Turkey,Bingol,Merkez,2022,27624,0.096428022,5.659171164
Turkey,Bingol,Merkez,2023,27624,0.08437713980674744,4.722909694
Turkey,Bingol,Merkez,2024,27624,0.131379962,8.714009859
Turkey,Bingol,Solhan,2020,27625,0.165024489,12.09763953
Turkey,Bingol,Solhan,2021,27625,0.157953948,11.35257454
Turkey,Bingol,Solhan,2023,27625,0.078586914,4.295377558
Turkey,Bingol,Solhan,2024,27625,0.09413276612758636,5.47607139
Turkey,Bingol,Solhan,2022,27625,0.105951391,6.442447907
Turkey,Bingol,Yayladere,2020,27626,0.221369445,18.62311731
Turkey,Bingol,Yayladere,2021,27626,0.220459461,18.50999708
Turkey,Bingol,Yayladere,2022,27626,0.202993155,16.38575315
Turkey,Bingol,Yayladere,2023,27626,0.218996465,18.32863015
Turkey,Bingol,Yayladere,2024,27626,0.227312446,19.3676764
Turkey,Bingol,Yedisu,2020,27627,0.217817813,18.18296207
Turkey,Bingol,Yedisu,2021,27627,0.248658627,22.12175702
Turkey,Bingol,Yedisu,2022,27627,0.251847148,22.54341956
Turkey,Bingol,Yedisu,2023,27627,0.222255051,18.73343436
Turkey,Bingol,Yedisu,2024,27627,0.216197148,17.9833237
Turkey,Bitlis,Adilcevaz,2020,27628,0.130064026,8.590218363
Turkey,Bitlis,Adilcevaz,2021,27628,0.1227336898446083,7.912912764
Turkey,Bitlis,Adilcevaz,2022,27628,0.126834869,8.289277999
Turkey,Bitlis,Adilcevaz,2023,27628,0.106235147,6.466362786
Turkey,Bitlis,Adilcevaz,2024,27628,0.111926638,6.952992456
Turkey,Bitlis,Ahlat,2020,27629,0.09593388438224792,5.619564297
Turkey,Bitlis,Ahlat,2021,27629,0.097681902,5.760135648
Turkey,Bitlis,Ahlat,2022,27629,0.096924067,5.699034401
Turkey,Bitlis,Ahlat,2023,27629,0.096112423,5.633862892
Turkey,Bitlis,Ahlat,2024,27629,0.097278371,5.727570521
Turkey,Bitlis,Guroymak,2020,27630,0.09392520040273666,5.459623126
Turkey,Bitlis,Guroymak,2021,27630,0.091473132,5.266697912
Turkey,Bitlis,Guroymak,2022,27630,0.096359223,5.653650539
Turkey,Bitlis,Guroymak,2023,27630,0.093205601,5.402740989
Turkey,Bitlis,Guroymak,2024,27630,0.092705183,5.363314134
Turkey,Bitlis,Hizan,2020,27631,0.104339279,6.307208155
Turkey,Bitlis,Hizan,2021,27631,0.112701498,7.020262033
Turkey,Bitlis,Hizan,2022,27631,0.118821912,7.560084862
Turkey,Bitlis,Hizan,2023,27631,0.113803692,7.11636665
Turkey,Bitlis,Hizan,2024,27631,0.11670199036598206,7.371410509
Turkey,Bitlis,Administrative unit not available,2020,27632,0.082909703,4.613172453
Turkey,Bitlis,Administrative unit not available,2021,27632,0.090189032,5.166689473
Turkey,Bitlis,Administrative unit not available,2022,27632,0.09252247959375381,5.348945896
Turkey,Bitlis,Administrative unit not available,2023,27632,0.084113687,4.703139291
Turkey,Bitlis,Administrative unit not available,2024,27632,0.102357067,6.142391837
Turkey,Bitlis,Merkez,2020,27633,0.075348191,4.062671192
Turkey,Bitlis,Merkez,2021,27633,0.077478893,4.215242736
Turkey,Bitlis,Merkez,2022,27633,0.073927291,3.962046217
Turkey,Bitlis,Merkez,2023,27633,0.076832339,4.168732922
Turkey,Bitlis,Merkez,2024,27633,0.076199949,4.123420966
Turkey,Bitlis,Mutki,2020,27634,0.231293619,19.87198493
Turkey,Bitlis,Mutki,2021,27634,0.239379406,20.90958682
Turkey,Bitlis,Mutki,2022,27634,0.2315768599510193,19.908031463623047
Turkey,Bitlis,Mutki,2023,27634,0.225352168,19.12098436
Turkey,Bitlis,Mutki,2024,27634,0.238366053,20.77858294
Turkey,Bitlis,Tatvan,2020,27635,0.066755131,3.467931607
Turkey,Bitlis,Tatvan,2021,27635,0.068600141,3.592827593
Turkey,Bitlis,Tatvan,2022,27635,0.067549653,3.521527079
Turkey,Bitlis,Tatvan,2023,27635,0.065789908,3.403206613
Turkey,Bitlis,Tatvan,2024,27635,0.065789908,3.403206613
Turkey,Bolu,Akcakoca,2020,27636,0.214962199,17.83171274
Turkey,Bolu,Akcakoca,2021,27636,0.22629117965698242,19.23902021
Turkey,Bolu,Akcakoca,2022,27636,0.24211066961288452,21.26403666
Turkey,Bolu,Akcakoca,2023,27636,0.213055059,17.59845689
Turkey,Bolu,Akcakoca,2024,27636,0.213456765,17.64749922
Turkey,Bolu,Cilimli,2020,27637,0.215014473,17.83812114
Turkey,Bolu,Cilimli,2021,27637,0.211593762,17.4204559
Turkey,Bolu,Cilimli,2022,27637,0.212081701,17.47982158
Turkey,Bolu,Cilimli,2023,27637,0.203690439,16.46880723
Turkey,Bolu,Cilimli,2024,27637,0.196690023,15.64177414
Turkey,Bolu,Cumayeri,2020,27638,0.218669981,18.28824016
Turkey,Bolu,Cumayeri,2021,27638,0.218335569,18.24690137
Turkey,Bolu,Cumayeri,2022,27638,0.213517129,17.65487296
Turkey,Bolu,Cumayeri,2023,27638,0.207988188,16.98397509
Turkey,Bolu,Cumayeri,2024,27638,0.219738573,18.42055195
Turkey,Bolu,Dortdivan,2020,27639,0.122923508,7.930187139
Turkey,Bolu,Dortdivan,2021,27639,0.108630881,6.669591013
Turkey,Bolu,Dortdivan,2022,27639,0.186918378,14.51304731
Turkey,Bolu,Dortdivan,2023,27639,0.163600296,11.94615633
Turkey,Bolu,Dortdivan,2024,27639,0.172159493,12.86708055
Turkey,Bolu,Duzce,2020,27640,0.0367044135928154,1.655945573
Turkey,Bolu,Duzce,2021,27640,0.02378261461853981,1.010056892
Turkey,Bolu,Duzce,2022,27640,0.026026220992207527,1.116276136
Turkey,Bolu,Duzce,2023,27640,0.016973616555333138,0.703164782
Turkey,Bolu,Duzce,2024,27640,0.018582889810204506,0.773586273
Turkey,Bolu,Gerede,2020,27641,0.233832538,20.19587962
Turkey,Bolu,Gerede,2021,27641,0.255712062,23.05797344
Turkey,Bolu,Gerede,2022,27641,0.221484333,18.63741589
Turkey,Bolu,Gerede,2023,27641,0.232850492,20.070388793945312
Turkey,Bolu,Gerede,2024,27641,0.232867718,20.07258792
Turkey,Bolu,Golyaka,2020,27642,0.254861355,22.94439392
Turkey,Bolu,Golyaka,2021,27642,0.241904736,21.23724281
Turkey,Bolu,Golyaka,2022,27642,0.220465764,18.51077982
Turkey,Bolu,Golyaka,2023,27642,0.216925025,18.07289133
Turkey,Bolu,Golyaka,2024,27642,0.23329851031303406,20.12760631
Turkey,Bolu,Goynuk,2020,27643,0.201056242,16.15582746
Turkey,Bolu,Goynuk,2021,27643,0.194823176,15.42379602
Turkey,Bolu,Goynuk,2022,27643,0.185947686,14.40259098
Turkey,Bolu,Goynuk,2023,27643,0.18381240963935852,14.16069162
Turkey,Bolu,Goynuk,2024,27643,0.178284794,13.54142691
Turkey,Bolu,Gumusova,2021,27644,0.249645323,22.25196477
Turkey,Bolu,Gumusova,2022,27644,0.237977058,20.72836752
Turkey,Bolu,Gumusova,2023,27644,0.234885931,20.33077922
Turkey,Bolu,Gumusova,2024,27644,0.238040954,20.73661311
Turkey,Bolu,Gumusova,2020,27644,0.256513029,23.16507652
Turkey,Bolu,Kibriscik,2020,27645,0.14422523975372314,9.956877504
Turkey,Bolu,Kibriscik,2021,27645,0.126812801,8.287235213
Turkey,Bolu,Kibriscik,2022,27645,0.092444062,5.342783313
Turkey,Bolu,Kibriscik,2023,27645,0.1101381853222847,6.798656018
Turkey,Bolu,Kibriscik,2024,27645,0.10250180959701538,6.154371754
Turkey,Bolu,Mengen,2020,27646,0.235371321,20.39304064
Turkey,Bolu,Mengen,2022,27646,0.250754446,22.39862508
Turkey,Bolu,Mengen,2024,27646,0.251633376,22.51506873
Turkey,Bolu,Mengen,2021,27646,0.220201135,18.47792773
Turkey,Bolu,Mengen,2023,27646,0.243463144,21.4402827
Turkey,Bolu,Merkez,2020,27647,0.075882614,4.100750099
Turkey,Bolu,Merkez,2021,27647,0.082243837,4.56368745
Turkey,Bolu,Merkez,2022,27647,0.083146997,4.630854088
Turkey,Bolu,Merkez,2023,27647,0.079658471,4.373389983
Turkey,Bolu,Merkez,2024,27647,0.070697777,3.736691857
Turkey,Bolu,Mudurnu,2020,27648,0.211394221,17.39619875
Turkey,Bolu,Mudurnu,2021,27648,0.201499462,16.2083393
Turkey,Bolu,Mudurnu,2022,27648,0.212486565,17.52913345
Turkey,Bolu,Mudurnu,2023,27648,0.241120279,21.13528047
Turkey,Bolu,Mudurnu,2024,27648,0.245863944,21.75431838
Turkey,Bolu,Seben,2020,27649,0.210939735,17.34099359
Turkey,Bolu,Seben,2021,27649,0.208060056,16.99263729
Turkey,Bolu,Seben,2022,27649,0.206847489,16.84669598
Turkey,Bolu,Seben,2023,27649,0.19681335985660553,15.65621374
Turkey,Bolu,Seben,2024,27649,0.19867751002311707,15.87503576
Turkey,Bolu,Yenicaga,2020,27650,0.22148331999778748,18.63728976
Turkey,Bolu,Yenicaga,2021,27650,0.217490107,18.1425327
Turkey,Bolu,Yenicaga,2022,27650,0.183136582,14.08443883
Turkey,Bolu,Yenicaga,2023,27650,0.187666267,14.59835844
Turkey,Bolu,Yenicaga,2024,27650,0.19335705041885376,15.25337572
Turkey,Bolu,Yigilca,2020,27651,0.158307999,11.38946458
Turkey,Bolu,Yigilca,2021,27651,0.183736414,14.15210964
Turkey,Bolu,Yigilca,2022,27651,0.163333893,11.91789898
Turkey,Bolu,Yigilca,2023,27651,0.192564607,15.16154598
Turkey,Bolu,Yigilca,2024,27651,0.190994918,14.98023622
Turkey,Burdur,Aglasun,2020,27652,0.214403048,17.76321416
Turkey,Burdur,Aglasun,2021,27652,0.209040523,17.11096656
Turkey,Burdur,Aglasun,2022,27652,0.21585983037948608,17.94186801
Turkey,Burdur,Aglasun,2023,27652,0.206204891,16.76953431
Turkey,Burdur,Aglasun,2024,27652,0.212876648,17.57669071
Turkey,Burdur,Altinyayla,2020,27653,0.1562303900718689,11.17362612
Turkey,Burdur,Altinyayla,2021,27653,0.140977114,9.636748813
Turkey,Burdur,Altinyayla,2022,27653,0.12049674987792969,7.710408983
Turkey,Burdur,Altinyayla,2023,27653,0.11918902397155762,7.592939679
Turkey,Burdur,Altinyayla,2024,27653,0.15508762001991272,11.05556154
Turkey,Burdur,Bucak,2020,27654,0.162508875,11.83054653
Turkey,Burdur,Bucak,2021,27654,0.150426477,10.57885493
Turkey,Burdur,Bucak,2022,27654,0.148377329,10.37177142
Turkey,Burdur,Bucak,2023,27654,0.127577186,8.358100787
Turkey,Burdur,Bucak,2024,27654,0.134515345,9.011630016
Turkey,Burdur,Cavdir,2020,27655,0.242125392,21.2659526
Turkey,Burdur,Cavdir,2021,27655,0.24180001020431519,21.22362139
Turkey,Burdur,Cavdir,2022,27655,0.229262143,19.61410205
Turkey,Burdur,Cavdir,2023,27655,0.232723624,20.05419634
Turkey,Burdur,Cavdir,2024,27655,0.233347118,20.13381738
Turkey,Burdur,Celtikci,2020,27656,0.260650337,23.72082403
Turkey,Burdur,Celtikci,2021,27656,0.24795334041118622,22.02883774
Turkey,Burdur,Celtikci,2022,27656,0.258751452,23.46523304
Turkey,Burdur,Celtikci,2023,27656,0.243410558,21.43342103
Turkey,Burdur,Celtikci,2024,27656,0.258136958,23.38271085
Turkey,Burdur,Golhisar,2020,27657,0.085065477,4.774707177
Turkey,Burdur,Golhisar,2021,27657,0.085930139,4.840064346
Turkey,Burdur,Golhisar,2022,27657,0.082715191,4.598696921
Turkey,Burdur,Golhisar,2023,27657,0.082831331,4.607338005
Turkey,Burdur,Golhisar,2024,27657,0.074504919,4.002844184
Turkey,Burdur,Karamanli,2020,27658,0.139855236,9.527091335
Turkey,Burdur,Karamanli,2021,27658,0.112663351,7.016944623
Turkey,Burdur,Karamanli,2022,27658,0.11476558446884155,7.200637461
Turkey,Burdur,Karamanli,2023,27658,0.108160712,6.62952173
Turkey,Burdur,Karamanli,2024,27658,0.112311587,6.986381521
Turkey,Burdur,Kemer,2020,27659,0.235540822,20.41479766
Turkey,Burdur,Kemer,2021,27659,0.230243385,19.7385221
Turkey,Burdur,Kemer,2022,27659,0.258851439,23.47866932
Turkey,Burdur,Kemer,2023,27659,0.254199505,22.85615397
Turkey,Burdur,Kemer,2024,27659,0.234152704,20.23684886
Turkey,Burdur,Merkez,2020,27660,0.069248021,3.637050181
Turkey,Burdur,Merkez,2021,27660,0.069506817,3.654767822
Turkey,Burdur,Merkez,2022,27660,0.07096640020608902,3.755258116
Turkey,Burdur,Merkez,2023,27660,0.06999306380748749,3.688138801
Turkey,Burdur,Merkez,2024,27660,0.06999306380748749,3.688138801
Turkey,Burdur,Tefenni,2020,27661,0.229050264,19.58727103
Turkey,Burdur,Tefenni,2021,27661,0.215034664,17.84059666
Turkey,Burdur,Tefenni,2022,27661,0.213125467,17.60704923
Turkey,Burdur,Tefenni,2023,27661,0.198603317,15.86630602
Turkey,Burdur,Tefenni,2024,27661,0.216794357,18.05680082
Turkey,Burdur,Yesilova,2020,27662,0.201208621,16.17387423
Turkey,Burdur,Yesilova,2021,27662,0.190340906,14.90492494
Turkey,Burdur,Yesilova,2022,27662,0.184193149,14.20371572
Turkey,Burdur,Yesilova,2023,27662,0.210187525,17.24975945
Turkey,Burdur,Yesilova,2024,27662,0.183143348,14.08520139
Turkey,Bursa,Buyukorhan,2020,27663,0.226705164,19.29113755
Turkey,Bursa,Buyukorhan,2021,27663,0.236148626,20.49287885
Turkey,Bursa,Buyukorhan,2022,27663,0.230855569,19.81628102
Turkey,Bursa,Buyukorhan,2023,27663,0.2244623303413391,19.00935883
Turkey,Bursa,Buyukorhan,2024,27663,0.232239157,19.99240274
Turkey,Bursa,Gemlik,2020,27664,0.07487637549638748,4.029158654
Turkey,Bursa,Gemlik,2021,27664,0.082143299,4.5562326
Turkey,Bursa,Gemlik,2022,27664,0.082335576,4.570493701
Turkey,Bursa,Gemlik,2023,27664,0.091116317,5.238837644
Turkey,Bursa,Gemlik,2024,27664,0.08053714036941528,4.437736306
Turkey,Bursa,Gursu,2020,27665,0.02308640256524086,0.977607384
Turkey,Bursa,Gursu,2021,27665,0.025660555809736252,1.098793187
Turkey,Bursa,Gursu,2022,27665,0.024669010192155838,1.051721396
Turkey,Bursa,Gursu,2023,27665,0.023977532982826233,1.019185233
Turkey,Bursa,Gursu,2024,27665,0.02386683039367199,1.013998522
Turkey,Bursa,Harmancik,2020,27666,0.254903615,22.95003184
Turkey,Bursa,Harmancik,2021,27666,0.238189161,20.75574294
Turkey,Bursa,Harmancik,2022,27666,0.232966155,20.08515528
Turkey,Bursa,Harmancik,2023,27666,0.225213617,19.10358918
Turkey,Bursa,Harmancik,2024,27666,0.249929696,22.28953789
Turkey,Bursa,Inegol,2020,27667,0.085984409,4.84417725
Turkey,Bursa,Inegol,2021,27667,0.08510391414165497,4.777605671
Turkey,Bursa,Inegol,2022,27667,0.084010452,4.695400383
Turkey,Bursa,Inegol,2023,27667,0.08370256423950195,4.672347466
Turkey,Bursa,Inegol,2024,27667,0.08282310515642166,4.606725818
Turkey,Bursa,Iznik,2020,27668,0.216016114,17.96107082
Turkey,Bursa,Iznik,2021,27668,0.161569744,11.73140157
Turkey,Bursa,Iznik,2022,27668,0.146294415,10.16284654
Turkey,Bursa,Iznik,2023,27668,0.142248183,9.761556117
Turkey,Bursa,Iznik,2024,27668,0.180442303,13.78193594
Turkey,Bursa,Karacabey,2020,27669,0.237400055,20.65395677
Turkey,Bursa,Karacabey,2021,27669,0.237134814,20.61978109
Turkey,Bursa,Karacabey,2022,27669,0.218799233,18.30422657
Turkey,Bursa,Karacabey,2023,27669,0.203301787,16.4224963
Turkey,Bursa,Karacabey,2024,27669,0.204911962,16.61466087
Turkey,Bursa,Keles,2020,27670,0.209825262,17.20588151
Turkey,Bursa,Keles,2021,27670,0.23352915048599243,20.15708319
Turkey,Bursa,Keles,2022,27670,0.228435427,19.50948276
Turkey,Bursa,Keles,2023,27670,0.232657522,20.04576132
Turkey,Bursa,Keles,2024,27670,0.231064349,19.84282365
Turkey,Bursa,Kestel,2020,27671,0.073105991,3.904293878
Turkey,Bursa,Kestel,2021,27671,0.0765296146273613,4.147020036
Turkey,Bursa,Kestel,2022,27671,0.076027751,4.11111337
Turkey,Bursa,Kestel,2023,27671,0.076981112,4.179418531
Turkey,Bursa,Kestel,2024,27671,0.074617781,4.010832949
Turkey,Bursa,M.kemalpasa,2020,27672,0.203322768,16.42499515
Turkey,Bursa,M.kemalpasa,2021,27672,0.199417144,15.96215657
Turkey,Bursa,M.kemalpasa,2022,27672,0.173104703,12.97031637
Turkey,Bursa,M.kemalpasa,2023,27672,0.164858699,12.07996912
Turkey,Bursa,M.kemalpasa,2024,27672,0.184605241,14.25033594
Turkey,Bursa,Mudanya,2020,27673,0.080105692,4.406098318
Turkey,Bursa,Mudanya,2021,27673,0.0819828137755394,4.544341834
Turkey,Bursa,Mudanya,2022,27673,0.0819828137755394,4.544341834
Turkey,Bursa,Mudanya,2023,27673,0.083341449,4.645361785
Turkey,Bursa,Mudanya,2024,27673,0.082782403,4.603696924
Turkey,Bursa,Nilufer,2020,27674,0.03939201310276985,1.800559442
Turkey,Bursa,Nilufer,2021,27674,0.03720354661345482,1.682537924
Turkey,Bursa,Nilufer,2022,27674,0.03720354661345482,1.682537924
Turkey,Bursa,Nilufer,2023,27674,0.03720354661345482,1.682537924
Turkey,Bursa,Nilufer,2024,27674,0.03859847038984299,1.757496514
Turkey,Bursa,Orhaneli,2020,27675,0.264203846,24.20147918
Turkey,Bursa,Orhaneli,2021,27675,0.254938632,22.95470393
Turkey,Bursa,Orhaneli,2022,27675,0.261322677,23.81153208
Turkey,Bursa,Orhaneli,2023,27675,0.242607608,21.32873881
Turkey,Bursa,Orhaneli,2024,27675,0.252624542,22.64661619
Turkey,Bursa,Orhangazi,2020,27676,0.080313683,4.421340003
Turkey,Bursa,Orhangazi,2021,27676,0.079691559,4.375806926
Turkey,Bursa,Orhangazi,2022,27676,0.08277639001607895,4.603249553
Turkey,Bursa,Orhangazi,2023,27676,0.079731472,4.378723028
Turkey,Bursa,Orhangazi,2024,27676,0.08076491951942444,4.454472231
Turkey,Bursa,Osmangazi,2020,27677,0.047555673867464066,2.261145891
Turkey,Bursa,Osmangazi,2021,27677,0.0451214537024498,2.120474397
Turkey,Bursa,Osmangazi,2022,27677,0.041993439,1.943861363
Turkey,Bursa,Osmangazi,2023,27677,0.046751361,2.214353627
Turkey,Bursa,Osmangazi,2024,27677,0.05017761513590813,2.415809804
Turkey,Bursa,Yenisehir,2020,27678,0.241055012,21.12680449
Turkey,Bursa,Yenisehir,2021,27678,0.226306975,19.24100783
Turkey,Bursa,Yenisehir,2022,27678,0.201093942,16.16029172
Turkey,Bursa,Yenisehir,2023,27678,0.191014171,14.98245525
Turkey,Bursa,Yenisehir,2024,27678,0.208805099,17.0825278
Turkey,Bursa,Yildirim,2020,27679,0.067872137,3.543362162
Turkey,Bursa,Yildirim,2021,27679,0.05632980540394783,2.791410355
Turkey,Bursa,Yildirim,2022,27679,0.064392149,3.31022808
Turkey,Bursa,Yildirim,2023,27679,0.061809372156858444,3.140769424
Turkey,Bursa,Yildirim,2024,27679,0.06051451712846756,3.05696368
Turkey,Canakkale,Ayvacik,2020,27680,0.235233262,20.37532517
Turkey,Canakkale,Ayvacik,2021,27680,0.217609927,18.1573114
Turkey,Canakkale,Ayvacik,2022,27680,0.216410726,18.00958922
Turkey,Canakkale,Ayvacik,2023,27680,0.216320962,17.9985485
Turkey,Canakkale,Ayvacik,2024,27680,0.213205159,17.61677625
Turkey,Canakkale,Bayramic,2020,27681,0.234379828,20.26592902
Turkey,Canakkale,Bayramic,2022,27681,0.230527848,19.77464141
Turkey,Canakkale,Bayramic,2023,27681,0.244387329,21.56099243
Turkey,Canakkale,Bayramic,2024,27681,0.229058981,19.58837467
Turkey,Canakkale,Bayramic,2021,27681,0.231640458,19.91612771
Turkey,Canakkale,Biga,2020,27682,0.243649617,21.46462036
Turkey,Canakkale,Biga,2021,27682,0.230868518,19.81792692
Turkey,Canakkale,Biga,2022,27682,0.239980072,20.9873686
Turkey,Canakkale,Biga,2023,27682,0.229293987,19.61813561
Turkey,Canakkale,Biga,2024,27682,0.222786695,18.79976686
Turkey,Canakkale,Bozcaada,2020,27683,0.227422953,19.38161525
Turkey,Canakkale,Bozcaada,2021,27683,0.229630977,19.66083837
Turkey,Canakkale,Bozcaada,2022,27683,0.234471172,20.27762838
Turkey,Canakkale,Bozcaada,2023,27683,0.24513345956802368,21.65860877
Turkey,Canakkale,Bozcaada,2024,27683,0.253597468,22.7759837
Turkey,Canakkale,Can,2020,27684,0.258896232,23.48468941
Turkey,Canakkale,Can,2021,27684,0.270101905,25.00591179
Turkey,Canakkale,Can,2022,27684,0.258504212,23.4320193
Turkey,Canakkale,Can,2023,27684,0.243479431,21.44240804
Turkey,Canakkale,Can,2024,27684,0.237117842,20.61759488
Turkey,Canakkale,Eceabat,2020,27685,0.272348523,25.31447043
Turkey,Canakkale,Eceabat,2021,27685,0.269744277,24.95690208
Turkey,Canakkale,Eceabat,2022,27685,0.260977149,23.76490183
Turkey,Canakkale,Eceabat,2023,27685,0.206714481,16.83071448
Turkey,Canakkale,Eceabat,2024,27685,0.226378143,19.24996421
Turkey,Canakkale,Ezine,2020,27686,0.207699358,16.94917849
Turkey,Canakkale,Ezine,2021,27686,0.219444633,18.38412381
Turkey,Canakkale,Ezine,2022,27686,0.217379704,18.12891925
Turkey,Canakkale,Ezine,2023,27686,0.227298379,19.36590234
Turkey,Canakkale,Ezine,2024,27686,0.219251961,18.36025939
Turkey,Canakkale,Gelibolu,2020,27687,0.215115488,17.85050725
Turkey,Canakkale,Gelibolu,2021,27687,0.220038801,18.45778505
Turkey,Canakkale,Gelibolu,2022,27687,0.206433922,16.79702151
Turkey,Canakkale,Gelibolu,2023,27687,0.198153242,15.81338561
Turkey,Canakkale,Gelibolu,2024,27687,0.211058304,17.35538989
Turkey,Canakkale,Gokceada,2020,27688,0.206042022,16.7499971
Turkey,Canakkale,Gokceada,2021,27688,0.195376888,15.48833488
Turkey,Canakkale,Gokceada,2022,27688,0.202330202,16.30692629
Turkey,Canakkale,Gokceada,2023,27688,0.215939283,17.95162965
Turkey,Canakkale,Gokceada,2024,27688,0.205804378,16.72150469
Turkey,Canakkale,Lapseki,2020,27689,0.255309105,23.0041514
Turkey,Canakkale,Lapseki,2021,27689,0.2346629500389099,20.30219868
Turkey,Canakkale,Lapseki,2022,27689,0.24014168977737427,21.00831331
Turkey,Canakkale,Lapseki,2023,27689,0.230751872,19.80310226
Turkey,Canakkale,Lapseki,2024,27689,0.223036021,18.83090267
Turkey,Canakkale,Merkez,2020,27690,0.133805662,8.943936419
Turkey,Canakkale,Merkez,2021,27690,0.10844510048627853,6.653747444
Turkey,Canakkale,Merkez,2022,27690,0.09147753566503525,5.267042062
Turkey,Canakkale,Merkez,2023,27690,0.138703912,9.4150456
Turkey,Canakkale,Merkez,2024,27690,0.143084705,9.844022623
Turkey,Canakkale,Yenice,2021,27691,0.21938394010066986,18.37660527
Turkey,Canakkale,Yenice,2022,27691,0.215054423,17.84301931
Turkey,Canakkale,Yenice,2023,27691,0.224963143,19.07215577
Turkey,Canakkale,Yenice,2020,27691,0.232722759,20.05408605
Turkey,Canakkale,Yenice,2024,27691,0.234062254,20.22527183
Turkey,Cankiri,Atkaracalar,2020,27692,0.253943354,22.82203251
Turkey,Cankiri,Atkaracalar,2021,27692,0.252820343,22.67263223
Turkey,Cankiri,Atkaracalar,2022,27692,0.238224596,20.76031758
Turkey,Cankiri,Atkaracalar,2023,27692,0.238552123,20.80261718
Turkey,Cankiri,Atkaracalar,2024,27692,0.235973999,20.4704353
Turkey,Cankiri,Bayramoren,2020,27693,0.165654004,12.16482181
Turkey,Cankiri,Bayramoren,2021,27693,0.140800029,9.619408439
Turkey,Cankiri,Bayramoren,2022,27693,0.129728451,8.558757117
Turkey,Cankiri,Bayramoren,2023,27693,0.168973804,12.52137729
Turkey,Cankiri,Bayramoren,2024,27693,0.138652205,9.410025187
Turkey,Cankiri,Cerkes,2020,27694,0.262326568,23.94717488
Turkey,Cankiri,Cerkes,2021,27694,0.279646099,26.32471118
Turkey,Cankiri,Cerkes,2022,27694,0.277747095,26.06066404
Turkey,Cankiri,Cerkes,2023,27694,0.278828025,26.21086319
Turkey,Cankiri,Cerkes,2024,27694,0.262262225,23.93847371
Turkey,Cankiri,Eldivan,2020,27695,0.240306452,21.02967262
Turkey,Cankiri,Eldivan,2021,27695,0.230217516,19.7352386
Turkey,Cankiri,Eldivan,2022,27695,0.22442620992660522,19.00483243
Turkey,Cankiri,Eldivan,2023,27695,0.228863016,19.56356956
Turkey,Cankiri,Eldivan,2024,27695,0.23737668991088867,20.65094548
Turkey,Cankiri,Ilgaz,2020,27696,0.272755623,25.37050787
Turkey,Cankiri,Ilgaz,2021,27696,0.271228582,25.16050741
Turkey,Cankiri,Ilgaz,2022,27696,0.280376732,26.42651648
Turkey,Cankiri,Ilgaz,2023,27696,0.274539202,25.6164669
Turkey,Cankiri,Ilgaz,2024,27696,0.279406726,26.29138327
Turkey,Cankiri,Kizilirmak,2020,27697,0.218968093,18.325119018554688
Turkey,Cankiri,Kizilirmak,2021,27697,0.2091117799282074,17.1195776
Turkey,Cankiri,Kizilirmak,2022,27697,0.221478775,18.63672406
Turkey,Cankiri,Kizilirmak,2023,27697,0.198827654,15.89270737
Turkey,Cankiri,Kizilirmak,2024,27697,0.170931116,12.7333703
Turkey,Cankiri,Korgun,2020,27698,0.224842846,19.05706526
Turkey,Cankiri,Korgun,2021,27698,0.219840989,18.4332502
Turkey,Cankiri,Korgun,2022,27698,0.221364647,18.62252023
Turkey,Cankiri,Korgun,2023,27698,0.223454803,18.88323984
Turkey,Cankiri,Korgun,2024,27698,0.232206464,19.98823505
Turkey,Cankiri,Kursunlu,2020,27699,0.251888424,22.54889501
Turkey,Cankiri,Kursunlu,2021,27699,0.249202609,22.19351196
Turkey,Cankiri,Kursunlu,2022,27699,0.26752763986587524,24.65379946
Turkey,Cankiri,Kursunlu,2023,27699,0.253300518,22.73647376
Turkey,Cankiri,Kursunlu,2024,27699,0.253772169,22.79923845
Turkey,Cankiri,Merkez,2020,27700,0.081683643,4.522205603
Turkey,Cankiri,Merkez,2021,27700,0.082026601,4.547585009
Turkey,Cankiri,Merkez,2022,27700,0.079512477,4.362731466
Turkey,Cankiri,Merkez,2023,27700,0.086531527,4.885712289
Turkey,Cankiri,Merkez,2024,27700,0.1142130196094513,7.152182116
Turkey,Cankiri,Orta,2020,27701,0.212273002,17.50311571
Turkey,Cankiri,Orta,2021,27701,0.201474488,16.20537878
Turkey,Cankiri,Orta,2022,27701,0.205047086,16.63082294
Turkey,Cankiri,Orta,2023,27701,0.209700689,17.19080193
Turkey,Cankiri,Orta,2024,27701,0.212521896,17.53343896
Turkey,Cankiri,Sabanozu,2020,27702,0.215562612,17.90536794
Turkey,Cankiri,Sabanozu,2021,27702,0.217265233,18.11480792
Turkey,Cankiri,Sabanozu,2022,27702,0.220429033,18.50621865
Turkey,Cankiri,Sabanozu,2023,27702,0.214517117,17.77718062
Turkey,Cankiri,Sabanozu,2024,27702,0.217508554,18.14480777
Turkey,Cankiri,Yaprakli,2020,27703,0.204516143,16.56734905
Turkey,Cankiri,Yaprakli,2021,27703,0.19820111989974976,15.81901212
Turkey,Cankiri,Yaprakli,2022,27703,0.189581513,14.81765024
Turkey,Cankiri,Yaprakli,2023,27703,0.198555797,15.8607156
Turkey,Cankiri,Yaprakli,2024,27703,0.203181058,16.40811986
Turkey,Corum,Alaca,2020,27704,0.19139274954795837,15.0261143
Turkey,Corum,Alaca,2021,27704,0.194687992,15.40805414
Turkey,Corum,Alaca,2022,27704,0.193119034,15.2257731
Turkey,Corum,Alaca,2023,27704,0.186138898,14.42432509
Turkey,Corum,Alaca,2024,27704,0.17816323041915894,13.52792154
Turkey,Corum,Bayat,2020,27705,0.19500873982906342,15.44541402
Turkey,Corum,Bayat,2021,27705,0.198864907,15.89709303
Turkey,Corum,Bayat,2022,27705,0.184308201,14.21672605
Turkey,Corum,Bayat,2023,27705,0.212290466,17.50524281
Turkey,Corum,Bayat,2024,27705,0.216331333,17.999824
Turkey,Corum,Bogazkale,2020,27706,0.191859066,15.07995434
Turkey,Corum,Bogazkale,2021,27706,0.2011529803276062,16.16728367
Turkey,Corum,Bogazkale,2022,27706,0.190011472,14.86704135
Turkey,Corum,Bogazkale,2023,27706,0.213200361,17.61619054
Turkey,Corum,Bogazkale,2024,27706,0.210251421,17.25750274
Turkey,Corum,Dodurga,2020,27707,0.26048099994659424,23.69799547
Turkey,Corum,Dodurga,2021,27707,0.262650609,23.99101029
Turkey,Corum,Dodurga,2022,27707,0.252831936,22.67417291
Turkey,Corum,Dodurga,2023,27707,0.268729866,24.81804859
Turkey,Corum,Dodurga,2024,27707,0.260327935,23.67736658
Turkey,Corum,Iskilip,2020,27708,0.222572088,18.772981
Turkey,Corum,Iskilip,2021,27708,0.223098606,18.83872103
Turkey,Corum,Iskilip,2022,27708,0.197102666,15.69010272
Turkey,Corum,Iskilip,2023,27708,0.195511729,15.50406604
Turkey,Corum,Iskilip,2024,27708,0.204568774,16.57363721
Turkey,Corum,Kargi,2020,27709,0.214096457,17.72569424
Turkey,Corum,Kargi,2021,27709,0.215304792,17.87372714
Turkey,Corum,Kargi,2022,27709,0.211479619,17.40657873
Turkey,Corum,Kargi,2023,27709,0.219981372,18.45066093
Turkey,Corum,Kargi,2024,27709,0.229255676,19.61328292
Turkey,Corum,Lacin,2020,27710,0.250959158,22.42572854
Turkey,Corum,Lacin,2021,27710,0.225869834,19.18602553
Turkey,Corum,Lacin,2022,27710,0.236912891,20.59120133
Turkey,Corum,Lacin,2023,27710,0.236506239,20.53886603
Turkey,Corum,Lacin,2024,27710,0.253236145,22.7279117
Turkey,Corum,Mecitozu,2020,27711,0.212954164,17.58614647
Turkey,Corum,Mecitozu,2021,27711,0.231500849,19.89835549
Turkey,Corum,Mecitozu,2022,27711,0.219753787,18.42243811
Turkey,Corum,Mecitozu,2023,27711,0.233655959,20.17329614
Turkey,Corum,Mecitozu,2024,27711,0.237260908,20.63602562
Turkey,Corum,Merkez,2021,27712,0.076274857,4.128779023
Turkey,Corum,Merkez,2022,27712,0.073061518,3.901175244
Turkey,Corum,Merkez,2023,27712,0.074870847,4.02876657
Turkey,Corum,Merkez,2024,27712,0.086203679,4.860807849
Turkey,Corum,Merkez,2020,27712,0.071188949,3.770664422
Turkey,Corum,Oguzlar,2020,27713,0.171018958,12.74291501
Turkey,Corum,Oguzlar,2021,27713,0.165875345,12.18847622
Turkey,Corum,Oguzlar,2022,27713,0.190718934,14.94843921
Turkey,Corum,Oguzlar,2023,27713,0.198275089,15.82770631
Turkey,Corum,Oguzlar,2024,27713,0.201375484,16.19364458
Turkey,Corum,Ortakoy,2020,27714,0.252749979,22.66328198
Turkey,Corum,Ortakoy,2021,27714,0.271954119,25.26021702
Turkey,Corum,Ortakoy,2022,27714,0.255724013,23.05957029
Turkey,Corum,Ortakoy,2023,27714,0.247820139,22.01130322
Turkey,Corum,Ortakoy,2024,27714,0.261978745,23.90015048
Turkey,Corum,Osmancik,2020,27715,0.194239616,15.35588271
Turkey,Corum,Osmancik,2021,27715,0.196911842,15.66774685
Turkey,Corum,Osmancik,2022,27715,0.191958249,15.09141463
Turkey,Corum,Osmancik,2023,27715,0.187245071,14.55029071
Turkey,Corum,Osmancik,2024,27715,0.197587848,15.74699502
Turkey,Corum,Sungurlu,2020,27716,0.176649198,13.36012945
Turkey,Corum,Sungurlu,2021,27716,0.179030284,13.62435617
Turkey,Corum,Sungurlu,2022,27716,0.180323124,13.76861016
Turkey,Corum,Sungurlu,2023,27716,0.174187958,13.08900091
Turkey,Corum,Sungurlu,2024,27716,0.189178437,14.77140093
Turkey,Corum,Ugurludag,2020,27717,0.175965667,13.28462827
Turkey,Corum,Ugurludag,2021,27717,0.169074371,12.5322377
Turkey,Corum,Ugurludag,2022,27717,0.170668721,12.70487491
Turkey,Corum,Ugurludag,2023,27717,0.187354386,14.56276044
Turkey,Corum,Ugurludag,2024,27717,0.175312504,13.21262781
Turkey,Denizli,Acipayam,2020,27718,0.197593868,15.74770139
Turkey,Denizli,Acipayam,2021,27718,0.201150626,16.16700481
Turkey,Denizli,Acipayam,2022,27718,0.209455296,17.16111088
Turkey,Denizli,Acipayam,2023,27718,0.207193971,16.88835243
Turkey,Denizli,Acipayam,2024,27718,0.200339973,16.07109322
Turkey,Denizli,Akkoy,2020,27719,0.284003496,26.93360846
Turkey,Denizli,Akkoy,2021,27719,0.279708385,26.3333855
Turkey,Denizli,Akkoy,2022,27719,0.277615845,26.04244431
Turkey,Denizli,Akkoy,2023,27719,0.250377536,22.34875083
Turkey,Denizli,Akkoy,2024,27719,0.261802912,23.87638953
Turkey,Denizli,Babadag,2020,27720,0.250201464,22.32546464
Turkey,Denizli,Babadag,2021,27720,0.240517467,21.05703859
Turkey,Denizli,Babadag,2022,27720,0.23822101950645447,20.75985587
Turkey,Denizli,Babadag,2023,27720,0.218258142,18.2373348
Turkey,Denizli,Babadag,2024,27720,0.249371186,22.21576377
Turkey,Denizli,Baklan,2020,27721,0.193368629,15.2547189
Turkey,Denizli,Baklan,2021,27721,0.185511261,14.35302907
Turkey,Denizli,Baklan,2022,27721,0.186927527,14.51408987
Turkey,Denizli,Baklan,2023,27721,0.188269824,14.66733718
Turkey,Denizli,Baklan,2024,27721,0.187872767,14.62194556
Turkey,Denizli,Bekilli,2020,27722,0.177672729,13.47347818
Turkey,Denizli,Bekilli,2021,27722,0.175968111,13.28489792
Turkey,Denizli,Bekilli,2022,27722,0.159416407,11.5052409
Turkey,Denizli,Bekilli,2023,27722,0.172537729,12.90835515
Turkey,Denizli,Bekilli,2024,27722,0.170315474,12.66655023
Turkey,Denizli,Beyagac,2020,27723,0.184336662,14.21994518
Turkey,Denizli,Beyagac,2021,27723,0.193115681,15.22538441
Turkey,Denizli,Beyagac,2022,27723,0.222560629,18.77155112
Turkey,Denizli,Beyagac,2023,27723,0.211769789,17.44186437
Turkey,Denizli,Beyagac,2024,27723,0.216187656,17.98215669
Turkey,Denizli,Bozkurt,2020,27724,0.2548108696937561,22.93765923
Turkey,Denizli,Bozkurt,2021,27724,0.245577395,21.71675758
Turkey,Denizli,Bozkurt,2022,27724,0.244777203,21.61198157
Turkey,Denizli,Bozkurt,2023,27724,0.246302187,21.81180432
Turkey,Denizli,Bozkurt,2024,27724,0.260435134,23.69181344
Turkey,Denizli,Buldan,2020,27725,0.150586665,10.59510753
Turkey,Denizli,Buldan,2021,27725,0.142378256,9.774361923
Turkey,Denizli,Buldan,2022,27725,0.145466954,10.08029046
Turkey,Denizli,Buldan,2023,27725,0.14199990034103394,9.73712973
Turkey,Denizli,Buldan,2024,27725,0.133350343,8.900606388
Turkey,Denizli,Cal,2020,27726,0.2001640796661377,16.05030934
Turkey,Denizli,Cal,2021,27726,0.191211671,15.00522595
Turkey,Denizli,Cal,2022,27726,0.173649237,13.02992748
Turkey,Denizli,Cal,2023,27726,0.168956786,12.51953994
Turkey,Denizli,Cal,2024,27726,0.177719519,13.47866816
Turkey,Denizli,Cameli,2020,27727,0.202475369,16.32417554
Turkey,Denizli,Cameli,2021,27727,0.209348604,17.14820734
Turkey,Denizli,Cameli,2022,27727,0.217782617,18.17861836
Turkey,Denizli,Cameli,2023,27727,0.21342507004737854,17.64362803
Turkey,Denizli,Cameli,2024,27727,0.193010569,15.21320035
Turkey,Denizli,Cardak,2020,27728,0.203933924,16.49784384
Turkey,Denizli,Cardak,2021,27728,0.187728062,14.60541543
Turkey,Denizli,Cardak,2022,27728,0.199575648,15.98084862
Turkey,Denizli,Cardak,2023,27728,0.226295888,19.23961274
Turkey,Denizli,Cardak,2024,27728,0.199194342,15.93589506
Turkey,Denizli,Civril,2020,27729,0.203300595,16.42235432
Turkey,Denizli,Civril,2021,27729,0.192327887,15.13415309
Turkey,Denizli,Civril,2022,27729,0.191584587,15.04825511
Turkey,Denizli,Civril,2023,27729,0.172759414,12.93256877
Turkey,Denizli,Civril,2024,27729,0.187004179,14.52282537
Turkey,Denizli,Guney,2020,27730,0.215413511,17.88706723
Turkey,Denizli,Guney,2021,27730,0.230152518,19.72698907
Turkey,Denizli,Guney,2022,27730,0.233128399,20.10587456
Turkey,Denizli,Guney,2023,27730,0.231871665,19.94557205
Turkey,Denizli,Guney,2024,27730,0.247597635,21.98202314
Turkey,Denizli,Honaz,2020,27731,0.244969517,21.63714773
Turkey,Denizli,Honaz,2021,27731,0.2386966198682785,20.82128776
Turkey,Denizli,Honaz,2022,27731,0.22760581970214844,19.40468876
Turkey,Denizli,Honaz,2023,27731,0.226912558,19.31726492
Turkey,Denizli,Honaz,2024,27731,0.226046175,19.20819867
Turkey,Denizli,Kale,2020,27732,0.171352103,12.7791375
Turkey,Denizli,Kale,2021,27732,0.157003164,11.25372878
Turkey,Denizli,Kale,2022,27732,0.192837864,15.19318906
Turkey,Denizli,Kale,2023,27732,0.1900087296962738,14.8667262
Turkey,Denizli,Kale,2024,27732,0.177038252,13.40317324
Turkey,Denizli,Merkez,2020,27733,0.09815789014101028,5.798635996
Turkey,Denizli,Merkez,2021,27733,0.098056167,5.790400144
Turkey,Denizli,Merkez,2022,27733,0.09840578585863113,5.818724729
Turkey,Denizli,Merkez,2023,27733,0.09837988018989563,5.816624204
Turkey,Denizli,Merkez,2024,27733,0.097828351,5.771971037
Turkey,Denizli,Saraykoy,2020,27734,0.09909993410110474,5.875113465
Turkey,Denizli,Saraykoy,2021,27734,0.141133398,9.652061952
Turkey,Denizli,Saraykoy,2022,27734,0.107437849,6.568093329
Turkey,Denizli,Saraykoy,2023,27734,0.103625618,6.247681574
Turkey,Denizli,Saraykoy,2024,27734,0.107730933,6.592973606
Turkey,Denizli,Serinhisar,2020,27735,0.112281613,6.983779563
Turkey,Denizli,Serinhisar,2021,27735,0.113156691,7.059892738
Turkey,Denizli,Serinhisar,2022,27735,0.106462173,6.48552039
Turkey,Denizli,Serinhisar,2023,27735,0.107141808,6.542997659
Turkey,Denizli,Serinhisar,2024,27735,0.107120529,6.541195216
Turkey,Denizli,Tavas,2020,27736,0.195041746,15.44926033
Turkey,Denizli,Tavas,2021,27736,0.188259333,14.66613726
Turkey,Denizli,Tavas,2022,27736,0.191748515,15.067184448242188
Turkey,Denizli,Tavas,2023,27736,0.201720357,16.23453303
Turkey,Denizli,Tavas,2024,27736,0.189388782,14.79552956
Turkey,Diyarbakir,Bismil,2020,27737,0.196587235,15.6297439
Turkey,Diyarbakir,Bismil,2021,27737,0.197964042,15.79115802
Turkey,Diyarbakir,Bismil,2022,27737,0.200197309,16.05423508
Turkey,Diyarbakir,Bismil,2023,27737,0.213385075,17.6387435
Turkey,Diyarbakir,Bismil,2024,27737,0.206540525,16.80982089
Turkey,Diyarbakir,Cermik,2020,27738,0.190438077,14.91610575
Turkey,Diyarbakir,Cermik,2021,27738,0.207010582,16.86629967
Turkey,Diyarbakir,Cermik,2022,27738,0.211617351,17.4233242
Turkey,Diyarbakir,Cermik,2023,27738,0.217704237,18.16894651
Turkey,Diyarbakir,Cermik,2024,27738,0.205861732,16.72837968
Turkey,Diyarbakir,Cinar,2020,27739,0.187523127,14.58201654
Turkey,Diyarbakir,Cinar,2021,27739,0.168718442,12.49381621
Turkey,Diyarbakir,Cinar,2022,27739,0.191479802,15.03615997
Turkey,Diyarbakir,Cinar,2023,27739,0.174782276,13.15428421
Turkey,Diyarbakir,Cinar,2024,27739,0.178031743,13.51331915
Turkey,Diyarbakir,Cungus,2020,27740,0.168961212,12.52001777
Turkey,Diyarbakir,Cungus,2021,27740,0.172919929,12.95011153
Turkey,Diyarbakir,Cungus,2022,27740,0.171123445,12.75427168
Turkey,Diyarbakir,Cungus,2023,27740,0.196396098,15.60738217
Turkey,Diyarbakir,Cungus,2024,27740,0.181385532,13.88756624
Turkey,Diyarbakir,Dicle,2020,27741,0.211391106,17.39582025
Turkey,Diyarbakir,Dicle,2021,27741,0.219282508,18.36404228
Turkey,Diyarbakir,Dicle,2022,27741,0.212838858,17.57208163
Turkey,Diyarbakir,Dicle,2023,27741,0.223774016,18.92316675
Turkey,Diyarbakir,Dicle,2024,27741,0.219691411,18.41470545
Turkey,Diyarbakir,Egil,2020,27742,0.187321246,14.55897968
Turkey,Diyarbakir,Egil,2021,27742,0.215878427,17.94415264
Turkey,Diyarbakir,Egil,2022,27742,0.217381626,18.12915625
Turkey,Diyarbakir,Egil,2023,27742,0.22744829952716827,19.38481287
Turkey,Diyarbakir,Egil,2024,27742,0.220995814,18.57664242
Turkey,Diyarbakir,Ergani,2020,27743,0.178863883,13.60582948
Turkey,Diyarbakir,Ergani,2021,27743,0.180754229,13.81683544
Turkey,Diyarbakir,Ergani,2022,27743,0.175377607,13.21979794
Turkey,Diyarbakir,Ergani,2023,27743,0.184417322,14.22906971
Turkey,Diyarbakir,Ergani,2024,27743,0.184415936,14.22891293
Turkey,Diyarbakir,Hani,2020,27744,0.235726982,20.43870204
Turkey,Diyarbakir,Hani,2021,27744,0.234101117,20.23024567
Turkey,Diyarbakir,Hani,2022,27744,0.226809293,19.30425417
Turkey,Diyarbakir,Hani,2023,27744,0.224834725,19.05604666
Turkey,Diyarbakir,Hani,2024,27744,0.235520124,20.4121405
Turkey,Diyarbakir,Hazro,2020,27745,0.211416811,17.39894432
Turkey,Diyarbakir,Hazro,2021,27745,0.208933696,17.09806005
Turkey,Diyarbakir,Hazro,2022,27745,0.215180367,17.85846414
Turkey,Diyarbakir,Hazro,2023,27745,0.222712994,18.79056646
Turkey,Diyarbakir,Hazro,2024,27745,0.212204635,17.49478969
Turkey,Diyarbakir,Kocakoy,2020,27746,0.201473922,16.20531166
Turkey,Diyarbakir,Kocakoy,2021,27746,0.207621917,16.93985303
Turkey,Diyarbakir,Kocakoy,2022,27746,0.200493425,16.08923321
Turkey,Diyarbakir,Kocakoy,2023,27746,0.206926167,16.85615203
Turkey,Diyarbakir,Kocakoy,2024,27746,0.208755791,17.07657359
Turkey,Diyarbakir,Kulp,2020,27747,0.212653607,17.54949302
Turkey,Diyarbakir,Kulp,2021,27747,0.21630991995334625,17.99719056
Turkey,Diyarbakir,Kulp,2022,27747,0.221415907,18.62889934
Turkey,Diyarbakir,Kulp,2023,27747,0.223038644,18.83123028
Turkey,Diyarbakir,Kulp,2024,27747,0.22536543011665344,19.1226497
Turkey,Diyarbakir,Lice,2020,27748,0.217244148,18.11220908
Turkey,Diyarbakir,Lice,2021,27748,0.219004482,18.32962231
Turkey,Diyarbakir,Lice,2022,27748,0.218222484,18.23292953
Turkey,Diyarbakir,Lice,2023,27748,0.220012918,18.45457409
Turkey,Diyarbakir,Lice,2024,27748,0.220698595,18.53970086
Turkey,Diyarbakir,Merkez,2020,27749,0.077553101,4.220592693
Turkey,Diyarbakir,Merkez,2021,27749,0.075155139,4.048946959
Turkey,Diyarbakir,Merkez,2022,27749,0.07468659430742264,4.01570662
Turkey,Diyarbakir,Merkez,2023,27749,0.072830178,3.884966751
Turkey,Diyarbakir,Merkez,2024,27749,0.071831971,3.815303541
Turkey,Diyarbakir,Silvan,2020,27750,0.17372485995292664,13.03821404
Turkey,Diyarbakir,Silvan,2021,27750,0.167183742,12.3286481
Turkey,Diyarbakir,Silvan,2022,27750,0.169186443,12.54434448
Turkey,Diyarbakir,Silvan,2023,27750,0.185027093,14.29811764
Turkey,Diyarbakir,Silvan,2024,27750,0.182478607,14.01034385
Turkey,Edirne,Enez,2020,27751,0.281450927,26.57640796
Turkey,Edirne,Enez,2021,27751,0.279770762,26.34207313
Turkey,Edirne,Enez,2022,27751,0.268736482,24.81895343
Turkey,Edirne,Enez,2023,27751,0.253469169,22.7589105
Turkey,Edirne,Enez,2024,27751,0.268543422,24.79255429
Turkey,Edirne,Havsa,2020,27752,0.237129807,20.61913616
Turkey,Edirne,Havsa,2021,27752,0.238572508,20.80525078
Turkey,Edirne,Havsa,2022,27752,0.231731623,19.92773594
Turkey,Edirne,Havsa,2023,27752,0.221704304,18.66480328
Turkey,Edirne,Havsa,2024,27752,0.219407871,18.37956973
Turkey,Edirne,Ipsala,2020,27753,0.275001079,25.68027911
Turkey,Edirne,Ipsala,2021,27753,0.259481877,23.56344441
Turkey,Edirne,Ipsala,2022,27753,0.262316257,23.94578037
Turkey,Edirne,Ipsala,2023,27753,0.240250468,21.02241425
Turkey,Edirne,Ipsala,2024,27753,0.240939111,21.11175563
Turkey,Edirne,Kesan,2020,27754,0.228557885,19.52496756
Turkey,Edirne,Kesan,2021,27754,0.20526883006095886,16.65735765
Turkey,Edirne,Kesan,2022,27754,0.200500861,16.09011239
Turkey,Edirne,Kesan,2023,27754,0.188171268,14.65606546
Turkey,Edirne,Kesan,2024,27754,0.188591465,14.70414456
Turkey,Edirne,Lalapasa,2020,27755,0.234882861,20.33038568
Turkey,Edirne,Lalapasa,2021,27755,0.232382685,20.010703
Turkey,Edirne,Lalapasa,2022,27755,0.227090776,19.33972628
Turkey,Edirne,Lalapasa,2023,27755,0.2274150401353836,19.38061709
Turkey,Edirne,Lalapasa,2024,27755,0.238701195,20.82187895
Turkey,Edirne,Meric,2020,27756,0.229884207,19.69294797
Turkey,Edirne,Meric,2021,27756,0.222539365,18.76889787
Turkey,Edirne,Meric,2022,27756,0.231035501,19.83915535
Turkey,Edirne,Meric,2023,27756,0.22652781009674072,19.26880425
Turkey,Edirne,Meric,2024,27756,0.219406947,18.37945529
Turkey,Edirne,Merkez,2020,27757,0.07721399515867233,4.196164963
Turkey,Edirne,Merkez,2021,27757,0.076810122,4.167137985
Turkey,Edirne,Merkez,2022,27757,0.077155232,4.191937115
Turkey,Edirne,Merkez,2023,27757,0.077521667,4.218326184
Turkey,Edirne,Merkez,2024,27757,0.08052965998649597,4.437187076
Turkey,Edirne,Suleoglu,2020,27758,0.201999635,16.26767125
Turkey,Edirne,Suleoglu,2021,27758,0.182391167,14.00050787
Turkey,Edirne,Suleoglu,2022,27758,0.198952556,15.90741332
Turkey,Edirne,Suleoglu,2023,27758,0.191759288,15.06842833
Turkey,Edirne,Suleoglu,2024,27758,0.20693697035312653,16.8574506
Turkey,Edirne,Uzunkopru,2020,27759,0.250649095,22.38468095
Turkey,Edirne,Uzunkopru,2021,27759,0.257781476,23.33501452
Turkey,Edirne,Uzunkopru,2022,27759,0.256251752,23.1301218
Turkey,Edirne,Uzunkopru,2023,27759,0.250535995,22.36971436
Turkey,Edirne,Uzunkopru,2024,27759,0.245247945,21.67359975
Turkey,Elazig,Agin,2020,27760,0.240788341,21.09218466
Turkey,Elazig,Agin,2021,27760,0.232843265,20.06946647
Turkey,Elazig,Agin,2022,27760,0.227892578,19.44088965
Turkey,Elazig,Agin,2023,27760,0.241518676,21.18704318
Turkey,Elazig,Agin,2024,27760,0.242499977,21.31471958
Turkey,Elazig,Alacakaya,2020,27761,0.199105158,15.92538739
Turkey,Elazig,Alacakaya,2021,27761,0.205291688,16.66009381
Turkey,Elazig,Alacakaya,2022,27761,0.206652656,16.82328774
Turkey,Elazig,Alacakaya,2023,27761,0.227736503,19.42118362
Turkey,Elazig,Alacakaya,2024,27761,0.227757663,19.42385484
Turkey,Elazig,Aricak,2020,27762,0.176227838,13.31356855
Turkey,Elazig,Aricak,2021,27762,0.189209327,14.77494344
Turkey,Elazig,Aricak,2022,27762,0.182639614,14.02846182
Turkey,Elazig,Aricak,2023,27762,0.182633832,14.02781107
Turkey,Elazig,Aricak,2024,27762,0.187725633,14.60513803
Turkey,Elazig,Baskil,2020,27763,0.239949942,20.98346468
Turkey,Elazig,Baskil,2021,27763,0.236069471,20.4827046
Turkey,Elazig,Baskil,2022,27763,0.237120688,20.61796148
Turkey,Elazig,Baskil,2023,27763,0.207562715,16.93272513
Turkey,Elazig,Baskil,2024,27763,0.217774719,18.17764374
Turkey,Elazig,Karakocan,2020,27764,0.20392104983329773,16.49630804
Turkey,Elazig,Karakocan,2021,27764,0.209477276,17.1637695
Turkey,Elazig,Karakocan,2022,27764,0.206871405,16.84957021
Turkey,Elazig,Karakocan,2023,27764,0.210453838,17.28204084
Turkey,Elazig,Karakocan,2024,27764,0.210394949,17.2749007
Turkey,Elazig,Keban,2020,27765,0.146748573,10.20826491
Turkey,Elazig,Keban,2021,27765,0.145694196,10.10293745
Turkey,Elazig,Keban,2022,27765,0.144469664,9.981125613
Turkey,Elazig,Keban,2023,27765,0.13923566043376923,9.466733063
Turkey,Elazig,Keban,2024,27765,0.144310281,9.965311503
Turkey,Elazig,Kovancilar,2020,27766,0.198660284,15.87300878
Turkey,Elazig,Kovancilar,2021,27766,0.19704703986644745,15.68358472
Turkey,Elazig,Kovancilar,2022,27766,0.184023812,14.18457458
Turkey,Elazig,Kovancilar,2023,27766,0.19919010996818542,15.93539639
Turkey,Elazig,Kovancilar,2024,27766,0.186306715,14.44340979
Turkey,Elazig,Maden,2020,27767,0.253529608,22.76695283
Turkey,Elazig,Maden,2021,27767,0.253825456,22.80633303
Turkey,Elazig,Maden,2022,27767,0.253317714,22.73876112
Turkey,Elazig,Maden,2023,27767,0.246946067,21.89635443
Turkey,Elazig,Maden,2024,27767,0.24555104970932007,21.71330532
Turkey,Elazig,Merkez,2020,27768,0.125489995,8.165135325
Turkey,Elazig,Merkez,2021,27768,0.07394437491893768,3.963250741
Turkey,Elazig,Merkez,2022,27768,0.07193608582019806,3.82254868
Turkey,Elazig,Merkez,2023,27768,0.079764128,4.38110945
Turkey,Elazig,Merkez,2024,27768,0.07779935002326965,4.238363279
Turkey,Elazig,Palu,2020,27769,0.237674162,20.68929468
Turkey,Elazig,Palu,2021,27769,0.242095739,21.26209363
Turkey,Elazig,Palu,2022,27769,0.237055957,20.60962419
Turkey,Elazig,Palu,2023,27769,0.245297372,21.68007289
Turkey,Elazig,Palu,2024,27769,0.240862936,21.10186688
Turkey,Elazig,Sivrice,2020,27770,0.192252457,15.1254282
Turkey,Elazig,Sivrice,2021,27770,0.194591224,15.39678919
Turkey,Elazig,Sivrice,2022,27770,0.193647087,15.28703528
Turkey,Elazig,Sivrice,2023,27770,0.188105077,14.64849706
Turkey,Elazig,Sivrice,2024,27770,0.196150929,15.57871585
Turkey,Erzincan,Cayirli,2020,27771,0.222989023,18.82503219
Turkey,Erzincan,Cayirli,2021,27771,0.2258252501487732,19.18042086
Turkey,Erzincan,Cayirli,2022,27771,0.206443205,16.79813575744629
Turkey,Erzincan,Cayirli,2023,27771,0.201439962,16.2012863
Turkey,Erzincan,Cayirli,2024,27771,0.223344088,18.86939836
Turkey,Erzincan,Ilic,2020,27772,0.290595859,27.86265286
Turkey,Erzincan,Ilic,2021,27772,0.270634949,25.07901607
Turkey,Erzincan,Ilic,2022,27772,0.2814866304397583,26.58139431
Turkey,Erzincan,Ilic,2023,27772,0.290271521,27.81672789
Turkey,Erzincan,Ilic,2024,27772,0.279472381,26.30052311
Turkey,Erzincan,Kemah,2020,27773,0.218138397,18.22254281
Turkey,Erzincan,Kemah,2021,27773,0.216979146,18.07955726
Turkey,Erzincan,Kemah,2022,27773,0.250015706,22.30090603
Turkey,Erzincan,Kemah,2023,27773,0.253143966,22.71565312
Turkey,Erzincan,Kemah,2024,27773,0.256350994,23.14339678
Turkey,Erzincan,Kemaliye,2020,27774,0.277759254,26.06235217
Turkey,Erzincan,Kemaliye,2022,27774,0.253630221,22.78034289
Turkey,Erzincan,Kemaliye,2023,27774,0.248047188,22.04119448
Turkey,Erzincan,Kemaliye,2024,27774,0.241287068,21.15694577
Turkey,Erzincan,Merkez,2020,27775,0.0746893361210823,4.015900851
Turkey,Erzincan,Merkez,2021,27775,0.0739252045750618,3.961899141
Turkey,Erzincan,Merkez,2022,27775,0.07467998564243317,4.015238474
Turkey,Erzincan,Merkez,2023,27775,0.072882138,3.888605185
Turkey,Erzincan,Merkez,2024,27775,0.073182464,3.909658593
Turkey,Erzincan,Otlukbeli,2020,27776,0.1745947301387787,13.13367023
Turkey,Erzincan,Otlukbeli,2021,27776,0.219276786,18.36333366
Turkey,Erzincan,Otlukbeli,2022,27776,0.216016799,17.96115506
Turkey,Erzincan,Otlukbeli,2023,27776,0.182912126,14.05914676
Turkey,Erzincan,Otlukbeli,2024,27776,0.193810806,15.30604711
Turkey,Erzincan,Refahiye,2020,27777,0.275852799,25.79807894
Turkey,Erzincan,Refahiye,2021,27777,0.265998751,24.44541382
Turkey,Erzincan,Refahiye,2022,27777,0.264051676,24.18083396
Turkey,Erzincan,Refahiye,2023,27777,0.267867059,24.70013669
Turkey,Erzincan,Refahiye,2024,27777,0.267747581,24.68382259
Turkey,Erzincan,Tercan,2020,27778,0.236960322,20.59730841
Turkey,Erzincan,Tercan,2021,27778,0.239401057,20.91238884
Turkey,Erzincan,Tercan,2022,27778,0.2436755895614624,21.46801093
Turkey,Erzincan,Tercan,2023,27778,0.23541826009750366,20.39906488
Turkey,Erzincan,Tercan,2024,27778,0.235446811,20.40272944
Turkey,Erzincan,Uzumlu,2020,27779,0.272576511,25.34584834
Turkey,Erzincan,Uzumlu,2021,27779,0.272080659866333,25.27761979
Turkey,Erzincan,Uzumlu,2022,27779,0.259138048,23.51719758
Turkey,Erzincan,Uzumlu,2023,27779,0.266354322,24.49382838
Turkey,Erzincan,Uzumlu,2024,27779,0.269201815,24.88261949
Turkey,Erzurum,Askale,2020,27780,0.147060856,10.23953897
Turkey,Erzurum,Askale,2021,27780,0.160256177,11.59324611
Turkey,Erzurum,Askale,2022,27780,0.09232081472873688,5.333102956
Turkey,Erzurum,Askale,2023,27780,0.103273578,6.218395437
Turkey,Erzurum,Askale,2024,27780,0.136130899,9.166444085
Turkey,Erzurum,Cat,2020,27781,0.198057159781456,15.80209624
Turkey,Erzurum,Cat,2021,27781,0.20526129007339478,16.65645514
Turkey,Erzurum,Cat,2022,27781,0.199031129,15.91666711
Turkey,Erzurum,Cat,2023,27781,0.191707462,15.0624428
Turkey,Erzurum,Cat,2024,27781,0.201970011,16.26415508
Turkey,Erzurum,Hinis,2020,27782,0.203982919,16.50368889
Turkey,Erzurum,Hinis,2021,27782,0.198210418,15.82010493
Turkey,Erzurum,Hinis,2022,27782,0.197882324,15.78156107
Turkey,Erzurum,Hinis,2023,27782,0.201313466,16.18629547
Turkey,Erzurum,Hinis,2024,27782,0.214359522,17.75788584
Turkey,Erzurum,Horasan,2020,27783,0.224424601,19.00463077
Turkey,Erzurum,Horasan,2021,27783,0.226713032,19.29212851
Turkey,Erzurum,Horasan,2022,27783,0.216785267,18.0556817
Turkey,Erzurum,Horasan,2023,27783,0.184226692,14.20750834
Turkey,Erzurum,Horasan,2024,27783,0.179427534,13.66862209
Turkey,Erzurum,Ilica,2020,27784,0.226858571,19.31046254
Turkey,Erzurum,Ilica,2021,27784,0.223108441,18.83994973
Turkey,Erzurum,Ilica,2022,27784,0.223785371,18.92458752
Turkey,Erzurum,Ilica,2023,27784,0.226731956,19.29451215
Turkey,Erzurum,Ilica,2024,27784,0.221653506,18.65847746
Turkey,Erzurum,Ispir,2020,27785,0.199541658,15.97683964
Turkey,Erzurum,Ispir,2021,27785,0.197268426,15.7095315
Turkey,Erzurum,Ispir,2022,27785,0.209112629,17.11968025
Turkey,Erzurum,Ispir,2023,27785,0.194918603,15.4349118
Turkey,Erzurum,Ispir,2024,27785,0.216394559,18.00760047
Turkey,Erzurum,Karacoban,2021,27786,0.186328769,14.44591849
Turkey,Erzurum,Karacoban,2022,27786,0.130339921,8.616116949
Turkey,Erzurum,Karacoban,2023,27786,0.105485417,6.403247453
Turkey,Erzurum,Karacoban,2024,27786,0.1081138402223587,6.625532133
Turkey,Erzurum,Karacoban,2020,27786,0.159947187,11.56083598
Turkey,Erzurum,Karayazi,2020,27787,0.261768043,23.8716785
Turkey,Erzurum,Karayazi,2021,27787,0.248330727,22.07854136
Turkey,Erzurum,Karayazi,2022,27787,0.25830554962158203,23.40534229
Turkey,Erzurum,Karayazi,2023,27787,0.243885666,21.49544154
Turkey,Erzurum,Karayazi,2024,27787,0.227501661,19.3915452
Turkey,Erzurum,Koprukoy,2020,27788,0.188214153,14.66096983
Turkey,Erzurum,Koprukoy,2021,27788,0.202892989,16.37383456
Turkey,Erzurum,Koprukoy,2022,27788,0.191625953,15.05303084
Turkey,Erzurum,Koprukoy,2023,27788,0.185369998,14.33700001
Turkey,Erzurum,Koprukoy,2024,27788,0.192425713,15.14547124
Turkey,Erzurum,Merkez,2020,27789,0.080050454,4.402053585
Turkey,Erzurum,Merkez,2021,27789,0.081118263,4.48047894
Turkey,Erzurum,Merkez,2022,27789,0.079843767,4.386931279
Turkey,Erzurum,Merkez,2023,27789,0.07913772016763687,4.335414712
Turkey,Erzurum,Merkez,2024,27789,0.064717457,3.33178797
Turkey,Erzurum,Narman,2020,27790,0.244153604,21.53044407
Turkey,Erzurum,Narman,2021,27790,0.243571371,21.45440693
Turkey,Erzurum,Narman,2022,27790,0.223682746,18.91174786
Turkey,Erzurum,Narman,2023,27790,0.231545493,19.90403807
Turkey,Erzurum,Narman,2024,27790,0.237706095,20.69341283
Turkey,Erzurum,Oltu,2020,27791,0.214278117,17.74792203
Turkey,Erzurum,Oltu,2021,27791,0.20981284976005554,17.20437876
Turkey,Erzurum,Oltu,2022,27791,0.223482922,18.88675573
Turkey,Erzurum,Oltu,2023,27791,0.213827282,17.69277607
Turkey,Erzurum,Oltu,2024,27791,0.216810539,18.05879329
Turkey,Erzurum,Olur,2020,27792,0.229434505,19.63593798
Turkey,Erzurum,Olur,2021,27792,0.230663657,19.79189346
Turkey,Erzurum,Olur,2022,27792,0.220315158,18.49208058
Turkey,Erzurum,Olur,2023,27792,0.22896189987659454,19.5760849
Turkey,Erzurum,Olur,2024,27792,0.224033058,18.95558874
Turkey,Erzurum,Pasinler,2020,27793,0.2406783103942871,21.0779058
Turkey,Erzurum,Pasinler,2021,27793,0.228911906,19.56975711
Turkey,Erzurum,Pasinler,2022,27793,0.228024006,19.45748907
Turkey,Erzurum,Pasinler,2023,27793,0.219839811,18.43310423
Turkey,Erzurum,Pasinler,2024,27793,0.214069128,17.72235116
Turkey,Erzurum,Pazaryolu,2020,27794,0.249594837,22.24529654
Turkey,Erzurum,Pazaryolu,2021,27794,0.260917038,23.75679256
Turkey,Erzurum,Pazaryolu,2022,27794,0.272059143,25.27466032
Turkey,Erzurum,Pazaryolu,2023,27794,0.2695569396018982,24.93124106
Turkey,Erzurum,Pazaryolu,2024,27794,0.267696977,24.67691382
Turkey,Erzurum,Senkaya,2020,27795,0.219223231,18.35670187
Turkey,Erzurum,Senkaya,2021,27795,0.230469942,19.76728707
Turkey,Erzurum,Senkaya,2022,27795,0.216031432,17.9629534
Turkey,Erzurum,Senkaya,2023,27795,0.220284194,18.48823682
Turkey,Erzurum,Senkaya,2024,27795,0.196506709,15.62032154
Turkey,Erzurum,Tekman,2020,27796,0.151511252,10.68909777
Turkey,Erzurum,Tekman,2021,27796,0.159885824,11.55440359
Turkey,Erzurum,Tekman,2022,27796,0.156613916,11.2133543
Turkey,Erzurum,Tekman,2023,27796,0.138283432,9.374248787
Turkey,Erzurum,Tekman,2024,27796,0.15670228004455566,11.22251505
Turkey,Erzurum,Tortum,2020,27797,0.27649492025375366,25.88699823
Turkey,Erzurum,Tortum,2021,27797,0.281897664,26.63881997
Turkey,Erzurum,Tortum,2022,27797,0.251528203,22.50112482
Turkey,Erzurum,Tortum,2023,27797,0.267400682,24.63647422
Turkey,Erzurum,Tortum,2024,27797,0.258364797,23.41329716
Turkey,Erzurum,Uzundere,2020,27798,0.244875997,21.62490859
Turkey,Erzurum,Uzundere,2021,27798,0.245530993,21.71067719
Turkey,Erzurum,Uzundere,2022,27798,0.232945055,20.08246124
Turkey,Erzurum,Uzundere,2023,27798,0.240405992,21.04258017
Turkey,Erzurum,Uzundere,2024,27798,0.245439023,21.69862743
Turkey,Eskisehir,Alpu,2020,27799,0.226946965,19.32160063
Turkey,Eskisehir,Alpu,2021,27799,0.219939023,18.4454081
Turkey,Eskisehir,Alpu,2022,27799,0.2215941697359085,18.6510893
Turkey,Eskisehir,Alpu,2023,27799,0.228167862,19.47566361
Turkey,Eskisehir,Alpu,2024,27799,0.226125926,19.21822947
Turkey,Eskisehir,Beylikova,2020,27800,0.212973624,17.58852069
Turkey,Eskisehir,Beylikova,2021,27800,0.207494169,16.92447365
Turkey,Eskisehir,Beylikova,2022,27800,0.217856437,18.18772917
Turkey,Eskisehir,Beylikova,2023,27800,0.218069136,18.21398905
Turkey,Eskisehir,Beylikova,2024,27800,0.215284541,17.87124271
Turkey,Eskisehir,Cifteler,2020,27801,0.211537004,17.41355488
Turkey,Eskisehir,Cifteler,2021,27801,0.194975466,15.44153681
Turkey,Eskisehir,Cifteler,2022,27801,0.203615397,16.45986177
Turkey,Eskisehir,Cifteler,2023,27801,0.211252213,17.37894281
Turkey,Eskisehir,Cifteler,2024,27801,0.203515232,16.44792414
Turkey,Eskisehir,Gunyuzu,2020,27802,0.183549672,14.13102954
Turkey,Eskisehir,Gunyuzu,2021,27802,0.193951428,15.32238357
Turkey,Eskisehir,Gunyuzu,2022,27802,0.203868851,16.4900818
Turkey,Eskisehir,Gunyuzu,2023,27802,0.198113859,15.80875781
Turkey,Eskisehir,Gunyuzu,2024,27802,0.192673743,15.17418105
Turkey,Eskisehir,Han,2020,27803,0.227131337,19.34483955
Turkey,Eskisehir,Han,2021,27803,0.201883912,16.25393708
Turkey,Eskisehir,Han,2022,27803,0.227784827,19.42728435
Turkey,Eskisehir,Han,2023,27803,0.217763603,18.17627194
Turkey,Eskisehir,Han,2024,27803,0.246566147,21.8464528
Turkey,Eskisehir,Inonu,2020,27804,0.276981652,25.95446171
Turkey,Eskisehir,Inonu,2021,27804,0.288071305,27.50577487
Turkey,Eskisehir,Inonu,2022,27804,0.293033361,28.20849963
Turkey,Eskisehir,Inonu,2023,27804,0.29863590002059937,29.00808141
Turkey,Eskisehir,Inonu,2024,27804,0.289452076,27.70079703
Turkey,Eskisehir,Mahmudiye,2020,27805,0.208557606,17.05264891
Turkey,Eskisehir,Mahmudiye,2021,27805,0.20907557010650635,17.11520166
Turkey,Eskisehir,Mahmudiye,2022,27805,0.214324981,17.75365787
Turkey,Eskisehir,Mahmudiye,2023,27805,0.215669662,17.91851129
Turkey,Eskisehir,Mahmudiye,2024,27805,0.220703989,18.54037109
Turkey,Eskisehir,Merkez,2020,27806,0.075997502,4.108952698
Turkey,Eskisehir,Merkez,2021,27806,0.07655705511569977,4.14898653
Turkey,Eskisehir,Merkez,2022,27806,0.078607619,4.296880162
Turkey,Eskisehir,Merkez,2023,27806,0.079956308,4.395163062
Turkey,Eskisehir,Merkez,2024,27806,0.078271702,4.27252552
Turkey,Eskisehir,Mihalgazi,2020,27807,0.212859124,17.57455332
Turkey,Eskisehir,Mihalgazi,2021,27807,0.207727879,16.95261341
Turkey,Eskisehir,Mihalgazi,2022,27807,0.20256412029266357,16.33472446
Turkey,Eskisehir,Mihalgazi,2023,27807,0.18101266026496887,13.84577401
Turkey,Eskisehir,Mihalgazi,2024,27807,0.189576924,14.81712334
Turkey,Eskisehir,Mihaliccik,2020,27808,0.259128928,23.51597135
Turkey,Eskisehir,Mihaliccik,2021,27808,0.276050061,25.82538529
Turkey,Eskisehir,Mihaliccik,2022,27808,0.277364254,26.00752985
Turkey,Eskisehir,Mihaliccik,2023,27808,0.273270726,25.4414667
Turkey,Eskisehir,Mihaliccik,2024,27808,0.270675302,25.08455288
Turkey,Eskisehir,Saricakaya,2020,27809,0.199415207,15.96192817
Turkey,Eskisehir,Saricakaya,2021,27809,0.179423422,13.66816354
Turkey,Eskisehir,Saricakaya,2022,27809,0.187977672,14.63393331
Turkey,Eskisehir,Saricakaya,2023,27809,0.18495962023735046,14.29047137
Turkey,Eskisehir,Saricakaya,2024,27809,0.184974939,14.29220719
Turkey,Eskisehir,Seyitgazi,2020,27810,0.247512922,21.97087881
Turkey,Eskisehir,Seyitgazi,2021,27810,0.255744517,23.0623101
Turkey,Eskisehir,Seyitgazi,2022,27810,0.264344364,24.22054838
Turkey,Eskisehir,Seyitgazi,2023,27810,0.251816094,22.5393004
Turkey,Eskisehir,Seyitgazi,2024,27810,0.248886019,22.15174234
Turkey,Eskisehir,Sivrihisar,2020,27811,0.211954072,17.46428669
Turkey,Eskisehir,Sivrihisar,2021,27811,0.214660674,17.79476316
Turkey,Eskisehir,Sivrihisar,2022,27811,0.217955679,18.19997994
Turkey,Eskisehir,Sivrihisar,2023,27811,0.211623162,17.42403089
Turkey,Eskisehir,Sivrihisar,2024,27811,0.210307688,17.26432247
Turkey,Gaziantep,Araban,2020,27812,0.149834216,10.51884502
Turkey,Gaziantep,Araban,2021,27812,0.14463908970355988,9.997946522
Turkey,Gaziantep,Araban,2022,27812,0.131783336,8.752088798
Turkey,Gaziantep,Araban,2023,27812,0.142141402,9.751047997
Turkey,Gaziantep,Araban,2024,27812,0.151608646,10.69901651
Turkey,Gaziantep,Islahiye,2020,27813,0.174026713,13.0713093
Turkey,Gaziantep,Islahiye,2021,27813,0.174842998,13.16096098
Turkey,Gaziantep,Islahiye,2022,27813,0.161989778,11.77570678
Turkey,Gaziantep,Islahiye,2023,27813,0.183381617,14.11206854
Turkey,Gaziantep,Islahiye,2024,27813,0.179984719,13.73079771
Turkey,Gaziantep,Kargamis,2020,27814,0.172131047,12.86397834
Turkey,Gaziantep,Kargamis,2021,27814,0.149514094,10.48646229
Turkey,Gaziantep,Kargamis,2022,27814,0.155266941,11.07405707
Turkey,Gaziantep,Kargamis,2023,27814,0.156003609,11.15015932
Turkey,Gaziantep,Kargamis,2024,27814,0.161677748,11.74278789
Turkey,Gaziantep,Nizip,2020,27815,0.136431664,9.195374728
Turkey,Gaziantep,Nizip,2021,27815,0.134797513,9.038598059
Turkey,Gaziantep,Nizip,2022,27815,0.141553372,9.693257473
Turkey,Gaziantep,Nizip,2023,27815,0.140819579,9.621322251
Turkey,Gaziantep,Nizip,2024,27815,0.146983236,10.23176226
Turkey,Gaziantep,Nurdagi,2020,27816,0.222270727,18.73538908
Turkey,Gaziantep,Nurdagi,2021,27816,0.23546954989433289,20.40564825
Turkey,Gaziantep,Nurdagi,2022,27816,0.233077049,20.09931623
Turkey,Gaziantep,Nurdagi,2023,27816,0.235601187,20.42254791
Turkey,Gaziantep,Nurdagi,2024,27816,0.240773827,21.090301
Turkey,Gaziantep,Oguzeli,2020,27817,0.192803368,15.18919312
Turkey,Gaziantep,Oguzeli,2021,27817,0.187923312,14.62772103
Turkey,Gaziantep,Oguzeli,2022,27817,0.167445272,12.35673734
Turkey,Gaziantep,Oguzeli,2023,27817,0.185816318,14.38766582
Turkey,Gaziantep,Oguzeli,2024,27817,0.191131115,14.9959368
Turkey,Gaziantep,Sahinbey,2020,27818,0.07676669955253601,4.164021482
Turkey,Gaziantep,Sahinbey,2021,27818,0.073871493,3.958113116
Turkey,Gaziantep,Sahinbey,2022,27818,0.074989542,4.037187752
Turkey,Gaziantep,Sahinbey,2023,27818,0.073906258,3.960563461
Turkey,Gaziantep,Sahinbey,2024,27818,0.07159354537725449,3.79873019
Turkey,Gaziantep,Sehitkamil,2020,27819,0.0712687149643898,3.776191759
Turkey,Gaziantep,Sehitkamil,2021,27819,0.07808727025985718,4.25917502
Turkey,Gaziantep,Sehitkamil,2022,27819,0.075484537,4.072374097
Turkey,Gaziantep,Sehitkamil,2023,27819,0.07722640037536621,4.197057686
Turkey,Gaziantep,Sehitkamil,2024,27819,0.07722640037536621,4.197057686
Turkey,Gaziantep,Yavuzeli,2020,27820,0.144785374,10.01247843
Turkey,Gaziantep,Yavuzeli,2021,27820,0.151179209,10.65530789
Turkey,Gaziantep,Yavuzeli,2022,27820,0.155447081,11.09264871
Turkey,Gaziantep,Yavuzeli,2023,27820,0.162708715,11.85168361
Turkey,Gaziantep,Yavuzeli,2024,27820,0.157804638,11.3370307
Turkey,Giresun,Alucra,2020,27821,0.195963323,15.55679281
Turkey,Giresun,Alucra,2021,27821,0.201998889,16.26758281
Turkey,Giresun,Alucra,2022,27821,0.195499957,15.50269244
Turkey,Giresun,Alucra,2023,27821,0.195824966,15.54063185
Turkey,Giresun,Alucra,2024,27821,0.196129322,15.57619039
Turkey,Giresun,Bulancak,2020,27822,0.076623417,4.153743694
Turkey,Giresun,Bulancak,2021,27822,0.076271743,4.12855621
Turkey,Giresun,Bulancak,2022,27822,0.081457727,4.505515531
Turkey,Giresun,Bulancak,2023,27822,0.075263992,4.056683375
Turkey,Giresun,Bulancak,2024,27822,0.076104037,4.116564217
Turkey,Giresun,Camoluk,2020,27823,0.173340961,12.99616768
Turkey,Giresun,Camoluk,2021,27823,0.157002956,11.25370712
Turkey,Giresun,Camoluk,2022,27823,0.164800406,12.07375831
Turkey,Giresun,Camoluk,2023,27823,0.157238126,11.27812607
Turkey,Giresun,Camoluk,2024,27823,0.159472436,11.51110475
Turkey,Giresun,Canakci,2020,27824,0.209636167,17.1829934
Turkey,Giresun,Canakci,2021,27824,0.214835733,17.81621204
Turkey,Giresun,Canakci,2022,27824,0.193875283,15.31353684
Turkey,Giresun,Canakci,2023,27824,0.229892284,19.69397235
Turkey,Giresun,Canakci,2024,27824,0.223961562,18.94663834
Turkey,Giresun,Dereli,2020,27825,0.282589048,26.73549737
Turkey,Giresun,Dereli,2021,27825,0.263232291,24.06976221
Turkey,Giresun,Dereli,2022,27825,0.258356452,23.4121767
Turkey,Giresun,Dereli,2023,27825,0.256284237,23.1344668
Turkey,Giresun,Dereli,2024,27825,0.277395666,26.01188821
Turkey,Giresun,Dogankent,2020,27826,0.230263039,19.741017
Turkey,Giresun,Dogankent,2021,27826,0.225219116,19.10427942
Turkey,Giresun,Dogankent,2022,27826,0.230835333,19.81370905
Turkey,Giresun,Dogankent,2023,27826,0.241693437,21.20976261
Turkey,Giresun,Dogankent,2024,27826,0.24708575010299683,21.91471091
Turkey,Giresun,Espiye,2020,27827,0.241895437,21.23603328
Turkey,Giresun,Espiye,2021,27827,0.201695353,16.23156728
Turkey,Giresun,Espiye,2022,27827,0.148293912,10.36337388
Turkey,Giresun,Espiye,2023,27827,0.157938138,11.35092826
Turkey,Giresun,Espiye,2024,27827,0.178679436,13.58530442
Turkey,Giresun,Eynesil,2020,27828,0.102132373,6.123811732
Turkey,Giresun,Eynesil,2021,27828,0.098060817,5.790776462
Turkey,Giresun,Eynesil,2022,27828,0.106158629,6.459910642
Turkey,Giresun,Eynesil,2023,27828,0.10850400477647781,6.65876935
Turkey,Giresun,Eynesil,2024,27828,0.10337284952402115,6.226648626
Turkey,Giresun,Gorele,2020,27829,0.079312429,4.348141881
Turkey,Giresun,Gorele,2021,27829,0.07452544569969177,4.004296697
Turkey,Giresun,Gorele,2022,27829,0.076628581,4.154113902
Turkey,Giresun,Gorele,2023,27829,0.07596966624259949,4.106964812
Turkey,Giresun,Gorele,2024,27829,0.075668328,4.085466466
Turkey,Giresun,Guce,2020,27830,0.2347640097141266,20.31515031
Turkey,Giresun,Guce,2021,27830,0.23299700021743774,20.08909382
Turkey,Giresun,Guce,2022,27830,0.20024991035461426,16.06045006
Turkey,Giresun,Guce,2023,27830,0.244363382,21.55786196
Turkey,Giresun,Guce,2024,27830,0.239563614,20.93343021
Turkey,Giresun,Kesap,2020,27831,0.188620329,14.70744921
Turkey,Giresun,Kesap,2021,27831,0.160459965,11.61463994
Turkey,Giresun,Kesap,2022,27831,0.1142701804637909,7.157188957
Turkey,Giresun,Kesap,2023,27831,0.129154548,8.505052251
Turkey,Giresun,Kesap,2024,27831,0.15300031006336212,10.84111962
Turkey,Giresun,Merkez,2020,27832,0.07748961448669434,4.216015536
Turkey,Giresun,Merkez,2021,27832,0.07366852462291718,3.943817771
Turkey,Giresun,Merkez,2022,27832,0.073841147,3.955974626
Turkey,Giresun,Merkez,2023,27832,0.071322113,3.779893562
Turkey,Giresun,Merkez,2024,27832,0.0717928558588028,3.812582813
Turkey,Giresun,Piraziz,2020,27833,0.176560968,13.35037502
Turkey,Giresun,Piraziz,2021,27833,0.099261843,5.88829503
Turkey,Giresun,Piraziz,2022,27833,0.128263727,8.421942596
Turkey,Giresun,Piraziz,2023,27833,0.108762622,6.6808346
Turkey,Giresun,Piraziz,2024,27833,0.10886463522911072,6.689545901
Turkey,Giresun,S.karahisar,2020,27834,0.209060818,17.11341898
Turkey,Giresun,S.karahisar,2021,27834,0.191864908,15.0806292
Turkey,Giresun,S.karahisar,2022,27834,0.240446344,21.0478135
Turkey,Giresun,S.karahisar,2023,27834,0.224987894,19.07526111
Turkey,Giresun,S.karahisar,2024,27834,0.222071886,18.71059973
Turkey,Giresun,Tirebolu,2020,27835,0.268858731,24.83567442
Turkey,Giresun,Tirebolu,2021,27835,0.270284444,25.03093866
Turkey,Giresun,Tirebolu,2022,27835,0.269016296,24.85723099
Turkey,Giresun,Tirebolu,2023,27835,0.275187641,25.70606811
Turkey,Giresun,Tirebolu,2024,27835,0.274246782,25.57609166
Turkey,Giresun,Yaglidere,2020,27836,0.217045441,18.08772381
Turkey,Giresun,Yaglidere,2021,27836,0.216339186,18.00078981
Turkey,Giresun,Yaglidere,2022,27836,0.206285536,16.77921114
Turkey,Giresun,Yaglidere,2023,27836,0.24107185006141663,21.1289911
Turkey,Giresun,Yaglidere,2024,27836,0.224259272,18.98391756
Turkey,Gumushane,Kelkit,2020,27837,0.227530241,19.39515138
Turkey,Gumushane,Kelkit,2021,27837,0.227695793,19.41604469
Turkey,Gumushane,Kelkit,2022,27837,0.207966357,16.98134423
Turkey,Gumushane,Kelkit,2023,27837,0.227071583,19.33730694
Turkey,Gumushane,Kelkit,2024,27837,0.229444221,19.63716906
Turkey,Gumushane,Kose,2020,27838,0.212205648,17.49491308
Turkey,Gumushane,Kose,2021,27838,0.200843781,16.13067697
Turkey,Gumushane,Kose,2022,27838,0.207548469,16.93101014
Turkey,Gumushane,Kose,2023,27838,0.185647115,14.36845046
Turkey,Gumushane,Kose,2024,27838,0.187637314,14.59505244
Turkey,Gumushane,Kurtun,2020,27839,0.270000815,24.99205536
Turkey,Gumushane,Kurtun,2021,27839,0.279650509,26.32532541
Turkey,Gumushane,Kurtun,2022,27839,0.265836746,24.42336514
Turkey,Gumushane,Kurtun,2023,27839,0.299261987,29.09783262
Turkey,Gumushane,Kurtun,2024,27839,0.2844356298446655,26.99422125
Turkey,Gumushane,Merkez,2020,27840,0.235634446,20.42681852
Turkey,Gumushane,Merkez,2021,27840,0.218955636,18.32357741
Turkey,Gumushane,Merkez,2022,27840,0.228827059,19.55901937
Turkey,Gumushane,Merkez,2023,27840,0.219312385,18.3677424
Turkey,Gumushane,Merkez,2024,27840,0.224410176,19.0028233
Turkey,Gumushane,Siran,2020,27841,0.214902699,17.82441932
Turkey,Gumushane,Siran,2021,27841,0.209397092,17.15407118
Turkey,Gumushane,Siran,2022,27841,0.206291497,16.77992643
Turkey,Gumushane,Siran,2023,27841,0.210590899,17.298663
Turkey,Gumushane,Siran,2024,27841,0.195481598,15.50055041
Turkey,Gumushane,Torul,2020,27842,0.279080838,26.24603021
Turkey,Gumushane,Torul,2021,27842,0.253711075,22.79110516
Turkey,Gumushane,Torul,2022,27842,0.27317968010902405,25.42892007
Turkey,Gumushane,Torul,2023,27842,0.271615118,25.21361337
Turkey,Gumushane,Torul,2024,27842,0.272314072,25.30972993
Turkey,Hakkari,Cukurca,2020,27843,0.170787647,12.71778709
Turkey,Hakkari,Cukurca,2021,27843,0.175862104,13.27320259
Turkey,Hakkari,Cukurca,2022,27843,0.165753663,12.17547009
Turkey,Hakkari,Cukurca,2023,27843,0.175025284,13.18101186
Turkey,Hakkari,Cukurca,2024,27843,0.187849045,14.61923518
Turkey,Hakkari,Merkez,2020,27844,0.110733151,6.849855241
Turkey,Hakkari,Merkez,2021,27844,0.104995847,6.362158236
Turkey,Hakkari,Merkez,2022,27844,0.104141407,6.2906825
Turkey,Hakkari,Merkez,2023,27844,0.10304630547761917,6.199515927
Turkey,Hakkari,Merkez,2024,27844,0.1121530756354332,6.972625597
Turkey,Hakkari,Semdinli,2020,27845,0.229213774,19.60797581
Turkey,Hakkari,Semdinli,2021,27845,0.228827506,19.55907594
Turkey,Hakkari,Semdinli,2022,27845,0.223922938,18.94180372
Turkey,Hakkari,Semdinli,2023,27845,0.23510093986988068,20.3583507
Turkey,Hakkari,Semdinli,2024,27845,0.237922251,20.7212958
Turkey,Hakkari,Yuksekova,2020,27846,0.176079229,13.29716118
Turkey,Hakkari,Yuksekova,2021,27846,0.165868908,12.18778803
Turkey,Hakkari,Yuksekova,2022,27846,0.120585039,7.718364155
Turkey,Hakkari,Yuksekova,2023,27846,0.12227880954742432,7.871574126
Turkey,Hakkari,Yuksekova,2024,27846,0.106574401,6.494998554
Turkey,Hatay,Altinozu,2020,27847,0.1347566395998001,9.034689693
Turkey,Hatay,Altinozu,2021,27847,0.142501488,9.786500157
Turkey,Hatay,Altinozu,2022,27847,0.145415351,10.07515038
Turkey,Hatay,Altinozu,2023,27847,0.161083192,11.68015731
Turkey,Hatay,Altinozu,2024,27847,0.168524772,12.47292832
Turkey,Hatay,Belen,2020,27848,0.157894045,11.34633744
Turkey,Hatay,Belen,2021,27848,0.166120201,12.21466327
Turkey,Hatay,Belen,2022,27848,0.150413409,10.57752943
Turkey,Hatay,Belen,2023,27848,0.148462027,10.38030058
Turkey,Hatay,Belen,2024,27848,0.159425318,11.50617343
Turkey,Hatay,Dortyol,2020,27849,0.04800610616803169,2.287484664
Turkey,Hatay,Dortyol,2021,27849,0.049511109,2.376185625
Turkey,Hatay,Dortyol,2022,27849,0.041452661,1.913803787
Turkey,Hatay,Dortyol,2023,27849,0.03660716488957405,1.650778541
Turkey,Hatay,Dortyol,2024,27849,0.038423952,1.748066842
Turkey,Hatay,Erzin,2020,27850,0.04503081738948822,2.115291091
Turkey,Hatay,Erzin,2021,27850,0.04955889657139778,2.379019671
Turkey,Hatay,Erzin,2022,27850,0.032309271,1.427029522
Turkey,Hatay,Erzin,2023,27850,0.034260280430316925,1.527480554
Turkey,Hatay,Erzin,2024,27850,0.036456741,1.642795275
Turkey,Hatay,Hassa,2020,27851,0.141493842,9.68741413
Turkey,Hatay,Hassa,2021,27851,0.131570265,8.731966851
Turkey,Hatay,Hassa,2022,27851,0.12335273623466492,7.969301066
Turkey,Hatay,Hassa,2023,27851,0.127986163,8.39610981
Turkey,Hatay,Hassa,2024,27851,0.129143015,8.503974268
Turkey,Hatay,Iskenderun,2020,27852,0.041432563215494156,1.912689412
Turkey,Hatay,Iskenderun,2021,27852,0.03742426633834839,1.694335816
Turkey,Hatay,Iskenderun,2022,27852,0.03484959527850151,1.558188709
Turkey,Hatay,Iskenderun,2023,27852,0.033464659,1.486291489
Turkey,Hatay,Iskenderun,2024,27852,0.03496749326586723,1.564352525
Turkey,Hatay,Kirikhan,2020,27853,0.170266107,12.66119761
Turkey,Hatay,Kirikhan,2021,27853,0.165135205,12.10944523
Turkey,Hatay,Kirikhan,2022,27853,0.161992148,11.77595687
Turkey,Hatay,Kirikhan,2023,27853,0.158667266,11.42694342
Turkey,Hatay,Kirikhan,2024,27853,0.173773855,13.04358378
Turkey,Hatay,Kumlu,2020,27854,0.260502696,23.70091997
Turkey,Hatay,Kumlu,2021,27854,0.272924185,25.39372166
Turkey,Hatay,Kumlu,2022,27854,0.269707322,24.95183944
Turkey,Hatay,Kumlu,2023,27854,0.279402792,26.29083566
Turkey,Hatay,Kumlu,2024,27854,0.261068434,23.77721818
Turkey,Hatay,Merkez,2020,27855,0.087584957,4.966048621
Turkey,Hatay,Merkez,2021,27855,0.080148682,4.409247087
Turkey,Hatay,Merkez,2022,27855,0.07746883481740952,4.214517779
Turkey,Hatay,Merkez,2023,27855,0.077481359,4.215420492
Turkey,Hatay,Merkez,2024,27855,0.083138771,4.630240769
Turkey,Hatay,Reyhanli,2020,27856,0.16094470024108887,11.66558644
Turkey,Hatay,Reyhanli,2021,27856,0.10766084492206573,6.58702057
Turkey,Hatay,Reyhanli,2022,27856,0.092481099,5.345693588256836
Turkey,Hatay,Reyhanli,2023,27856,0.076499969,4.144895872
Turkey,Hatay,Reyhanli,2024,27856,0.075428903,4.068413997
Turkey,Hatay,Samandagi,2020,27857,0.150709614,10.60758828
Turkey,Hatay,Samandagi,2021,27857,0.139634207,9.50554247
Turkey,Hatay,Samandagi,2022,27857,0.129306063,8.51921842
Turkey,Hatay,Samandagi,2024,27857,0.121973559,7.843879202
Turkey,Hatay,Yayladagi,2020,27858,0.251665056,22.51926944
Turkey,Hatay,Yayladagi,2021,27858,0.243637502,21.46303893
Turkey,Hatay,Yayladagi,2022,27858,0.253815144,22.80496008
Turkey,Hatay,Yayladagi,2023,27858,0.245985597,21.77027106
Turkey,Hatay,Yayladagi,2024,27858,0.244499907,21.57571176
Turkey,Icel,Anamur,2020,27859,0.189684555,14.82948167
Turkey,Icel,Anamur,2021,27859,0.161205351,11.69301549
Turkey,Icel,Anamur,2022,27859,0.146805301,10.21394343
Turkey,Icel,Anamur,2023,27859,0.11563052982091904,7.276732045
Turkey,Icel,Anamur,2024,27859,0.133640632,8.928222353
Turkey,Icel,Aydincik,2020,27860,0.207378328,16.91053187
Turkey,Icel,Aydincik,2021,27860,0.196869269,15.66276083
Turkey,Icel,Aydincik,2022,27860,0.186079741,14.41759967
Turkey,Icel,Aydincik,2023,27860,0.205537796,16.68956309
Turkey,Icel,Aydincik,2024,27860,0.214625761,17.79048651
Turkey,Icel,Bozyazi,2020,27861,0.261551559,23.84243644
Turkey,Icel,Bozyazi,2021,27861,0.251519531,22.49997514
Turkey,Icel,Bozyazi,2022,27861,0.23519735038280487,20.37071789
Turkey,Icel,Bozyazi,2023,27861,0.213482589,17.65065354
Turkey,Icel,Bozyazi,2024,27861,0.240922868,21.10964698
Turkey,Icel,Camliyayla,2020,27862,0.284130037,26.95135335
Turkey,Icel,Camliyayla,2021,27862,0.258319706,23.4072429
Turkey,Icel,Camliyayla,2022,27862,0.260704666,23.72814977
Turkey,Icel,Camliyayla,2023,27862,0.243520901,21.44781991
Turkey,Icel,Camliyayla,2024,27862,0.2403707504272461,21.03801006
Turkey,Icel,Erdemli,2020,27863,0.243212104,21.40753246
Turkey,Icel,Erdemli,2021,27863,0.229945898,19.70077305
Turkey,Icel,Erdemli,2022,27863,0.204669207,16.58563904
Turkey,Icel,Erdemli,2023,27863,0.151171863,10.65456075
Turkey,Icel,Erdemli,2024,27863,0.153504938,10.89281968
Turkey,Icel,Gulnar,2020,27864,0.219424516,18.38163166
Turkey,Icel,Gulnar,2021,27864,0.222674891,18.78581061
Turkey,Icel,Gulnar,2022,27864,0.20817483961582184,17.00647525
Turkey,Icel,Gulnar,2023,27864,0.250423253,22.35479834
Turkey,Icel,Gulnar,2024,27864,0.253408432,22.75082944
Turkey,Icel,Merkez,2020,27865,0.072719313,3.877207681
Turkey,Icel,Merkez,2021,27865,0.072718397,3.877143567
Turkey,Icel,Merkez,2022,27865,0.07496939599514008,4.035757967
Turkey,Icel,Merkez,2023,27865,0.073155463,3.907764128
Turkey,Icel,Merkez,2024,27865,0.072013617,3.827947063
Turkey,Icel,Mut,2020,27866,0.165271297,12.12396269
Turkey,Icel,Mut,2021,27866,0.146371543,10.17055448
Turkey,Icel,Mut,2022,27866,0.143418238,9.876975549
Turkey,Icel,Mut,2023,27866,0.143441334,9.879259032
Turkey,Icel,Mut,2024,27866,0.150782481,10.61498766
Turkey,Icel,Silifke,2020,27867,0.194254711,15.35763806
Turkey,Icel,Silifke,2021,27867,0.184969574,14.29159931
Turkey,Icel,Silifke,2022,27867,0.174613476,13.13573012
Turkey,Icel,Silifke,2023,27867,0.170627087,12.70035573
Turkey,Icel,Silifke,2024,27867,0.158567995,11.41658281
Turkey,Icel,Tarsus,2020,27868,0.07072686403989792,3.738700684
Turkey,Icel,Tarsus,2021,27868,0.07022164016962051,3.703862694
Turkey,Icel,Tarsus,2022,27868,0.070117012,3.696662325
Turkey,Icel,Tarsus,2023,27868,0.069415033,3.648480688
Turkey,Icel,Tarsus,2024,27868,0.069388017,3.646630843
Turkey,Igdir,Aralik,2020,27869,0.237210423,20.62952116
Turkey,Igdir,Aralik,2021,27869,0.240332231,21.03301519
Turkey,Igdir,Aralik,2022,27869,0.229862019,19.69013384
Turkey,Igdir,Aralik,2023,27869,0.242197603,21.27535082
Turkey,Igdir,Aralik,2024,27869,0.238249511,20.76353427
Turkey,Igdir,Karakoyunlu,2020,27870,0.11993521451950073,7.6598849
Turkey,Igdir,Karakoyunlu,2021,27870,0.126859128,8.291523766
Turkey,Igdir,Karakoyunlu,2022,27870,0.081492089,4.508052664
Turkey,Igdir,Karakoyunlu,2023,27870,0.07911871373653412,4.334030943
Turkey,Igdir,Karakoyunlu,2024,27870,0.07791541516780853,4.246748414
Turkey,Igdir,Merkez,2020,27871,0.08312905579805374,4.629516379
Turkey,Igdir,Merkez,2021,27871,0.075931482,4.104238414
Turkey,Igdir,Merkez,2022,27871,0.07571766525506973,4.0889836
Turkey,Igdir,Merkez,2023,27871,0.080222428,4.414650454
Turkey,Igdir,Merkez,2024,27871,0.08260929584503174,4.590823187
Turkey,Igdir,Tuzluca,2020,27872,0.185219109,14.31988584
Turkey,Igdir,Tuzluca,2021,27872,0.184177324,14.20192653
Turkey,Igdir,Tuzluca,2022,27872,0.179664522,13.69505479
Turkey,Igdir,Tuzluca,2023,27872,0.179325312,13.65722641
Turkey,Igdir,Tuzluca,2024,27872,0.189057887,14.75757884979248
Turkey,Isparta,Aksu,2020,27873,0.234604821,20.29475017
Turkey,Isparta,Aksu,2021,27873,0.234864488,20.32803021
Turkey,Isparta,Aksu,2022,27873,0.228748113,19.54903021
Turkey,Isparta,Aksu,2023,27873,0.253789961,22.8016072
Turkey,Isparta,Aksu,2024,27873,0.253846318,22.80911074
Turkey,Isparta,Atabey,2020,27874,0.205594659,16.69637454
Turkey,Isparta,Atabey,2021,27874,0.213248789,17.62210253
Turkey,Isparta,Atabey,2022,27874,0.200123996,16.04557427
Turkey,Isparta,Atabey,2023,27874,0.205105782,16.63784523
Turkey,Isparta,Atabey,2024,27874,0.202332944,16.30725202
Turkey,Isparta,Egirdir,2020,27875,0.263783336,24.14444137
Turkey,Isparta,Egirdir,2021,27875,0.252773345,22.66638671
Turkey,Isparta,Egirdir,2022,27875,0.229475379,19.64111736
Turkey,Isparta,Egirdir,2023,27875,0.2441188395023346,21.5259015
Turkey,Isparta,Egirdir,2024,27875,0.251443148,22.48985005
Turkey,Isparta,Gelendost,2020,27876,0.146683827,10.20178536
Turkey,Isparta,Gelendost,2021,27876,0.106855512,6.51876227
Turkey,Isparta,Gelendost,2022,27876,0.12587814033031464,8.200891982
Turkey,Isparta,Gelendost,2023,27876,0.097545043,5.749083339
Turkey,Isparta,Gelendost,2024,27876,0.09348862618207932,5.42508704
Turkey,Isparta,Gonen,2020,27877,0.163630232,11.94933323
Turkey,Isparta,Gonen,2021,27877,0.134347066,8.995561291
Turkey,Isparta,Gonen,2022,27877,0.108848639,6.688179628
Turkey,Isparta,Gonen,2023,27877,0.116375647,7.342524948
Turkey,Isparta,Gonen,2024,27877,0.111120217,6.883240901
Turkey,Isparta,Keciborlu,2020,27878,0.149624318,10.49760806
Turkey,Isparta,Keciborlu,2021,27878,0.1053575798869133,6.392508674
Turkey,Isparta,Keciborlu,2022,27878,0.095433436,5.579556616
Turkey,Isparta,Keciborlu,2023,27878,0.10203618556261063,6.11586439
Turkey,Isparta,Keciborlu,2024,27878,0.09864721447229385,5.838314151
Turkey,Isparta,Merkez,2020,27879,0.080471657,4.432929185
Turkey,Isparta,Merkez,2021,27879,0.082901329,4.61254889
Turkey,Isparta,Merkez,2022,27879,0.07916213572025299,4.337192528
Turkey,Isparta,Merkez,2023,27879,0.081893109,4.537700275
Turkey,Isparta,Merkez,2024,27879,0.081702977,4.523635001
Turkey,Isparta,Sarkikaraagac,2020,27880,0.238481805,20.79353324
Turkey,Isparta,Sarkikaraagac,2021,27880,0.250081658,22.30962445
Turkey,Isparta,Sarkikaraagac,2022,27880,0.240856916,21.10108544
Turkey,Isparta,Sarkikaraagac,2023,27880,0.272582233,25.34663602
Turkey,Isparta,Sarkikaraagac,2024,27880,0.26005739,23.64091849
Turkey,Isparta,Senirkent,2020,27881,0.107352108,6.560821277
Turkey,Isparta,Senirkent,2021,27881,0.106087148,6.45388537
Turkey,Isparta,Senirkent,2022,27881,0.103026167,6.197844021
Turkey,Isparta,Senirkent,2023,27881,0.10677682608366013,6.512107304
Turkey,Isparta,Senirkent,2024,27881,0.10149848461151123,6.071508261
Turkey,Isparta,Sutculer,2020,27882,0.26870209,24.81425001
Turkey,Isparta,Sutculer,2021,27882,0.266739726,24.54633873
Turkey,Isparta,Sutculer,2022,27882,0.256799698,23.20344768
Turkey,Isparta,Sutculer,2023,27882,0.262159675,23.9246079
Turkey,Isparta,Sutculer,2024,27882,0.269894391,24.97747027
Turkey,Isparta,Uluborlu,2020,27883,0.201455921,16.20317795
Turkey,Isparta,Uluborlu,2021,27883,0.197802991,15.77224611
Turkey,Isparta,Uluborlu,2022,27883,0.211306781,17.38557288
Turkey,Isparta,Uluborlu,2023,27883,0.235315636,20.38589456
Turkey,Isparta,Uluborlu,2024,27883,0.221543819,18.64482074
Turkey,Isparta,Yalvac,2020,27884,0.220334023,18.49442248
Turkey,Isparta,Yalvac,2021,27884,0.216525778,18.02374362
Turkey,Isparta,Yalvac,2022,27884,0.218947753,18.32260196
Turkey,Isparta,Yalvac,2023,27884,0.212476686,17.52792957
Turkey,Isparta,Yalvac,2024,27884,0.229254648,19.61315269
Turkey,Isparta,Yenisarbademli,2020,27885,0.267250001,24.61591662
Turkey,Isparta,Yenisarbademli,2021,27885,0.275328875,25.72559639
Turkey,Isparta,Yenisarbademli,2022,27885,0.271199644,25.15653302
Turkey,Isparta,Yenisarbademli,2023,27885,0.2736109495162964,25.48836808
Turkey,Isparta,Yenisarbademli,2024,27885,0.273145139,25.42416066
Turkey,Istanbul,Adalar,2020,27886,0.044946279,2.110460067
Turkey,Istanbul,Adalar,2021,27886,0.046276986598968506,2.186900173
Turkey,Istanbul,Adalar,2022,27886,0.041097283363342285,1.894127733
Turkey,Istanbul,Adalar,2023,27886,0.03865589201450348,1.76060237
Turkey,Istanbul,Adalar,2024,27886,0.04790381342172623,2.281494712
Turkey,Istanbul,Avcilar,2020,27887,0.01721761003136635,0.713757458
Turkey,Istanbul,Avcilar,2021,27887,0.018994644284248352,0.791815223
Turkey,Istanbul,Avcilar,2022,27887,0.017021818086504936,0.705254997
Turkey,Istanbul,Avcilar,2023,27887,0.016724364832043648,0.692375027
Turkey,Istanbul,Avcilar,2024,27887,0.015429504215717316,0.636830429
Turkey,Istanbul,B.cekmece,2020,27888,0.0063921608962118626,0.273069826
Turkey,Istanbul,B.cekmece,2021,27888,0.0063921608962118626,0.273069826
Turkey,Istanbul,B.cekmece,2022,27888,0.006546377204358578,0.27892388
Turkey,Istanbul,B.cekmece,2023,27888,0.005653898231685162,0.24521633
Turkey,Istanbul,B.cekmece,2024,27888,0.005645819008350372,0.244913098
Turkey,Istanbul,Bagcilar,2020,27889,0.05408349633216858,2.65221701
Turkey,Istanbul,Bagcilar,2021,27889,0.05317842215299606,2.596799541
Turkey,Istanbul,Bagcilar,2022,27889,0.052404031,2.549688275
Turkey,Istanbul,Bagcilar,2023,27889,0.052751549,2.570795264
Turkey,Istanbul,Bagcilar,2024,27889,0.05533655360341072,2.729573119
Turkey,Istanbul,Bahcelievler,2021,27890,0.0589572973549366,2.957199633
Turkey,Istanbul,Bahcelievler,2023,27890,0.059862375259399414,3.015047797
Turkey,Istanbul,Bahcelievler,2020,27890,0.055750779807567596,2.755305929
Turkey,Istanbul,Bahcelievler,2022,27890,0.059862375259399414,3.015047797
Turkey,Istanbul,Bahcelievler,2024,27890,0.056910578,2.827780293
Turkey,Istanbul,Bakirkoy,2020,27891,0.016557112336158752,0.685152591
Turkey,Istanbul,Bakirkoy,2021,27891,0.016509726643562317,0.683108926
Turkey,Istanbul,Bakirkoy,2022,27891,0.009918943047523499,0.4100259840488434
Turkey,Istanbul,Bakirkoy,2023,27891,0.009918312542140484,0.410000958
Turkey,Istanbul,Bakirkoy,2024,27891,0.016017017886042595,0.661926855
Turkey,Istanbul,Bayrampasa,2020,27892,0.053991418,2.646561591
Turkey,Istanbul,Bayrampasa,2021,27892,0.053991418,2.646561591
Turkey,Istanbul,Bayrampasa,2022,27892,0.0572836771607399,2.85122763
Turkey,Istanbul,Bayrampasa,2023,27892,0.05797232314944267,2.894674997
Turkey,Istanbul,Bayrampasa,2024,27892,0.05797232314944267,2.894674997
Turkey,Istanbul,Besiktas,2020,27893,0.02087743952870369,0.876259763
Turkey,Istanbul,Besiktas,2021,27893,0.01535749901086092,0.633766719
Turkey,Istanbul,Besiktas,2022,27893,0.02099849283695221,0.881750206
Turkey,Istanbul,Besiktas,2023,27893,0.025627069,1.097195474
Turkey,Istanbul,Besiktas,2024,27893,0.019669027999043465,0.821856198
Turkey,Istanbul,Beykoz,2020,27894,0.03641597554087639,1.640633649
Turkey,Istanbul,Beykoz,2021,27894,0.03844469040632248,1.749186632
Turkey,Istanbul,Beykoz,2022,27894,0.04645438492298126,2.197154206
Turkey,Istanbul,Beykoz,2023,27894,0.03419582545757294,1.524132215
Turkey,Istanbul,Beykoz,2024,27894,0.03622443601489067,1.630488008
Turkey,Istanbul,Beyoglu,2020,27895,0.036111511,1.624514874
Turkey,Istanbul,Beyoglu,2021,27895,0.030764058232307434,1.348797345
Turkey,Istanbul,Beyoglu,2022,27895,0.040229346603155136,1.846328712
Turkey,Istanbul,Beyoglu,2023,27895,0.03442932292819023,1.536271705
Turkey,Istanbul,Beyoglu,2024,27895,0.03471220284700394,1.551014268
Turkey,Istanbul,Catalca,2020,27896,0.200301856,16.06658842
Turkey,Istanbul,Catalca,2021,27896,0.178216249,13.53381112
Turkey,Istanbul,Catalca,2022,27896,0.167268202,12.33771679
Turkey,Istanbul,Catalca,2023,27896,0.128814906,8.473328986
Turkey,Istanbul,Catalca,2024,27896,0.135110453,9.068542371
Turkey,Istanbul,Eminonu,2020,27897,0.056362565606832504,2.793457737
Turkey,Istanbul,Eminonu,2021,27897,0.048631731,2.324227249
Turkey,Istanbul,Eminonu,2022,27897,0.05373748019337654,2.630985283
Turkey,Istanbul,Eminonu,2023,27897,0.045452725142240524,2.139452469
Turkey,Istanbul,Eminonu,2024,27897,0.04677174612879753,2.215535752
Turkey,Istanbul,Esenler,2020,27898,0.020328637212514877,0.851461064
Turkey,Istanbul,Esenler,2021,27898,0.02120756171643734,0.891250012
Turkey,Istanbul,Esenler,2022,27898,0.022685158997774124,0.959016234
Turkey,Istanbul,Esenler,2023,27898,0.020501073449850082,0.859236586
Turkey,Istanbul,Esenler,2024,27898,0.02180623449385166,0.918574471
Turkey,Istanbul,Eyup,2020,27899,0.053752489,2.631905093
Turkey,Istanbul,Eyup,2021,27899,0.064524278,3.318979145
Turkey,Istanbul,Eyup,2024,27899,0.065971807,3.415371829
Turkey,Istanbul,Eyup,2022,27899,0.05497566610574722,2.707219019
Turkey,Istanbul,Eyup,2023,27899,0.05409674346446991,2.653030973
Turkey,Istanbul,Fatih,2020,27900,0.0610969103872776,3.094562031
Turkey,Istanbul,Fatih,2021,27900,0.05890071392059326,2.953595659
Turkey,Istanbul,Fatih,2022,27900,0.063358277,3.242028381
Turkey,Istanbul,Fatih,2023,27900,0.062771358,3.203529479
Turkey,Istanbul,Fatih,2024,27900,0.05870898440480232,2.941394812
Turkey,Istanbul,G.osmanpasa,2020,27901,0.02310558408498764,0.978498158
Turkey,Istanbul,G.osmanpasa,2021,27901,0.037150003015995026,1.679679482
Turkey,Istanbul,G.osmanpasa,2022,27901,0.037490103393793106,1.697859512
Turkey,Istanbul,G.osmanpasa,2023,27901,0.053030338,2.58776889
Turkey,Istanbul,G.osmanpasa,2024,27901,0.029147641733288765,1.268219088
Turkey,Istanbul,Gungoren,2020,27902,0.06246521323919296,3.183510566
Turkey,Istanbul,Gungoren,2021,27902,0.059481408,2.990652181
Turkey,Istanbul,Gungoren,2022,27902,0.059481408,2.990652181
Turkey,Istanbul,Gungoren,2023,27902,0.059481408,2.990652181
Turkey,Istanbul,Gungoren,2024,27902,0.06246521323919296,3.183510566
Turkey,Istanbul,K.cekmece,2020,27903,0.011695330031216145,0.481438623
Turkey,Istanbul,K.cekmece,2021,27903,0.012433593161404133,0.511594409
Turkey,Istanbul,K.cekmece,2022,27903,0.012974939309060574,0.533884277
Turkey,Istanbul,K.cekmece,2023,27903,0.012735110707581043,0.523990841
Turkey,Istanbul,K.cekmece,2024,27903,0.013473373837769032,0.554539922
Turkey,Istanbul,Kadikoy,2020,27904,0.017473509535193443,0.724899468
Turkey,Istanbul,Kadikoy,2021,27904,0.016657132655382156,0.689470044
Turkey,Istanbul,Kadikoy,2022,27904,0.0170904528349638,0.708233315
Turkey,Istanbul,Kadikoy,2023,27904,0.019849473610520363,0.829933232
Turkey,Istanbul,Kadikoy,2024,27904,0.015746571123600006,0.650352542
Turkey,Istanbul,Kagithane,2020,27905,0.046213411,2.183228989
Turkey,Istanbul,Kagithane,2021,27905,0.04942209646105766,2.370909682
Turkey,Istanbul,Kagithane,2022,27905,0.054083221,2.652200072
Turkey,Istanbul,Kagithane,2023,27905,0.04524744302034378,2.12768598
Turkey,Istanbul,Kagithane,2024,27905,0.04946385696530342,2.373384453
Turkey,Istanbul,Kartal,2020,27906,0.014470606110990047,0.596247503
Turkey,Istanbul,Kartal,2021,27906,0.017595319,0.73021479
Turkey,Istanbul,Kartal,2022,27906,0.01776684634387493,0.737712364
Turkey,Istanbul,Kartal,2023,27906,0.014471236616373062,0.596274034
Turkey,Istanbul,Kartal,2024,27906,0.01456485129892826,0.600215415
Turkey,Istanbul,Maltepe,2023,27907,0.006639560218900442,0.282467102
Turkey,Istanbul,Maltepe,2024,27907,0.005864609032869339,0.253137257
Turkey,Istanbul,Maltepe,2020,27907,0.006044657900929451,0.259923821
Turkey,Istanbul,Maltepe,2021,27907,0.006777132861316204,0.287706443
Turkey,Istanbul,Maltepe,2022,27907,0.005851292051374912,0.252635935
Turkey,Istanbul,Pendik,2020,27908,0.007549065165221691,0.317286837
Turkey,Istanbul,Pendik,2021,27908,0.004620544146746397,0.206705464
Turkey,Istanbul,Pendik,2022,27908,0.003874477930366993,0.179246994
Turkey,Istanbul,Pendik,2023,27908,0.006746632046997547,0.28654398
Turkey,Istanbul,Pendik,2024,27908,0.005867706146091223,0.253253836
Turkey,Istanbul,Sariyer,2020,27909,0.024096155539155006,1.024749817
Turkey,Istanbul,Sariyer,2021,27909,0.02376769855618477,1.009359132
Turkey,Istanbul,Sariyer,2022,27909,0.02376769855618477,1.009359132
Turkey,Istanbul,Sariyer,2023,27909,0.023429351,0.993561423
Turkey,Istanbul,Sariyer,2024,27909,0.02412596344947815,1.026149212
Turkey,Istanbul,Sile,2020,27910,0.213032141,17.59566037
Turkey,Istanbul,Sile,2021,27910,0.183941841,14.17531225
Turkey,Istanbul,Sile,2022,27910,0.181690216,13.92174983
Turkey,Istanbul,Sile,2023,27910,0.175269932,13.20793984
Turkey,Istanbul,Sile,2024,27910,0.16441825032234192,12.0330712
Turkey,Istanbul,Silivri,2020,27911,0.092792779,5.370207979
Turkey,Istanbul,Silivri,2022,27911,0.091418482,5.26242733001709
Turkey,Istanbul,Silivri,2023,27911,0.07203724980354309,3.829593156
Turkey,Istanbul,Silivri,2024,27911,0.07316451519727707,3.908399239
Turkey,Istanbul,Silivri,2021,27911,0.08997360616922379,5.149980726
Turkey,Istanbul,Sisli,2020,27912,0.016489950940012932,0.682256371
Turkey,Istanbul,Sisli,2021,27912,0.022537216544151306,0.952181859
Turkey,Istanbul,Sisli,2022,27912,0.029472127556800842,1.284291207
Turkey,Istanbul,Sisli,2023,27912,0.022537216544151306,0.952181859
Turkey,Istanbul,Sisli,2024,27912,0.022537216544151306,0.952181859
Turkey,Istanbul,Sultanbeyli,2020,27913,0.018842818215489388,0.785083693
Turkey,Istanbul,Sultanbeyli,2021,27913,0.019465111196041107,0.812748334
Turkey,Istanbul,Sultanbeyli,2022,27913,0.019465111196041107,0.812748334
Turkey,Istanbul,Sultanbeyli,2023,27913,0.018842818215489388,0.785083693
Turkey,Istanbul,Sultanbeyli,2024,27913,0.018842818215489388,0.785083693
Turkey,Istanbul,Tuzla,2020,27914,0.01170895341783762,0.481992564
Turkey,Istanbul,Tuzla,2021,27914,0.012595958076417446,0.518264006
Turkey,Istanbul,Tuzla,2022,27914,0.012595958076417446,0.518264006
Turkey,Istanbul,Tuzla,2023,27914,0.012199023738503456,0.50198267
Turkey,Istanbul,Tuzla,2024,27914,0.01122378557920456,0.462323867
Turkey,Istanbul,Umraniye,2020,27915,0.00828488264232874,0.345770557
Turkey,Istanbul,Umraniye,2021,27915,0.00873540062457323,0.363348437
Turkey,Istanbul,Umraniye,2022,27915,0.006617685779929161,0.281634954
Turkey,Istanbul,Umraniye,2023,27915,0.007827327586710453,0.3280255198478699
Turkey,Istanbul,Umraniye,2024,27915,0.004202402196824551,0.191280278
Turkey,Istanbul,Uskudar,2020,27916,0.014819091185927391,0.610942023
Turkey,Istanbul,Uskudar,2021,27916,0.01462323684245348,0.602675837
Turkey,Istanbul,Uskudar,2022,27916,0.015261569991707802,0.62968919
Turkey,Istanbul,Uskudar,2023,27916,0.015560806728899479,0.642423945
Turkey,Istanbul,Uskudar,2024,27916,0.015232659876346588,0.628461265
Turkey,Istanbul,Zeytinburnu,2020,27917,0.06803445518016815,3.554370403289795
Turkey,Istanbul,Zeytinburnu,2022,27917,0.04487014561891556,2.106112233
Turkey,Istanbul,Zeytinburnu,2024,27917,0.053361523896455765,2.607979888
Turkey,Istanbul,Zeytinburnu,2023,27917,0.04478401690721512,2.101196944
Turkey,Izmir,Aliaga,2020,27918,0.0327380932867527,1.448948197
Turkey,Izmir,Aliaga,2021,27918,0.032935921,1.459090317
Turkey,Izmir,Aliaga,2022,27918,0.036174059,1.627822553
Turkey,Izmir,Aliaga,2023,27918,0.032935921,1.459090317
Turkey,Izmir,Aliaga,2024,27918,0.032935921,1.459090317
Turkey,Izmir,Balcova,2020,27919,0.013171209022402763,0.542002725
Turkey,Izmir,Balcova,2021,27919,0.013920903205871582,0.573194256
Turkey,Izmir,Balcova,2022,27919,0.013808083720505238,0.568481959
Turkey,Izmir,Balcova,2023,27919,0.020579099655151367,0.862759879
Turkey,Izmir,Balcova,2024,27919,0.021119073033332825,0.887226522
Turkey,Izmir,Bayindir,2020,27920,0.232589811,20.03712217
Turkey,Izmir,Bayindir,2021,27920,0.228998899,19.58076847
Turkey,Izmir,Bayindir,2022,27920,0.231180519,19.8575977
Turkey,Izmir,Bayindir,2023,27920,0.218017548,18.20761881
Turkey,Izmir,Bayindir,2024,27920,0.21286267042160034,17.57498588
Turkey,Izmir,Bergama,2020,27921,0.210112363,17.24065252
Turkey,Izmir,Bergama,2021,27921,0.204458028,16.5604067
Turkey,Izmir,Bergama,2022,27921,0.206937209,16.85747925
Turkey,Izmir,Bergama,2023,27921,0.212128863,17.48556336
Turkey,Izmir,Bergama,2024,27921,0.197476894,15.7339781
Turkey,Izmir,Beydag,2020,27922,0.206461698,16.8003561
Turkey,Izmir,Beydag,2021,27922,0.206563383,16.81256585
Turkey,Izmir,Beydag,2022,27922,0.213267952,17.62444206
Turkey,Izmir,Beydag,2023,27922,0.229345351,19.62464238
Turkey,Izmir,Beydag,2024,27922,0.207716823,16.95128177
Turkey,Izmir,Bornova,2020,27923,0.023116568103432655,0.979008329
Turkey,Izmir,Bornova,2021,27923,0.023116568103432655,0.979008329
Turkey,Izmir,Bornova,2022,27923,0.023116568103432655,0.979008329
Turkey,Izmir,Bornova,2023,27923,0.023116568103432655,0.979008329
Turkey,Izmir,Bornova,2024,27923,0.014663945883512497,0.604392383
Turkey,Izmir,Buca,2020,27924,0.059692930430173874,3.00418895
Turkey,Izmir,Buca,2021,27924,0.060228072106838226,3.038528532
Turkey,Izmir,Buca,2022,27924,0.058852639,2.950534784
Turkey,Izmir,Buca,2023,27924,0.04858490452170372,2.321470718
Turkey,Izmir,Buca,2024,27924,0.067573853,3.523163973
Turkey,Izmir,Cesme,2020,27925,0.020217679,0.846465661
Turkey,Izmir,Cesme,2021,27925,0.020114049,0.8418057560920715
Turkey,Izmir,Cesme,2022,27925,0.021397909,0.899918261
Turkey,Izmir,Cesme,2023,27925,0.021764509,0.916664225
Turkey,Izmir,Cesme,2024,27925,0.024618012830615044,1.049313653
Turkey,Izmir,Cigli,2020,27926,0.05857449769973755,2.932846794
Turkey,Izmir,Cigli,2021,27926,0.05824495479464531,2.911936306
Turkey,Izmir,Cigli,2022,27926,0.057633984833955765,2.873301427
Turkey,Izmir,Cigli,2023,27926,0.053802650421857834,2.634979882
Turkey,Izmir,Cigli,2024,27926,0.056561928,2.805927866
Turkey,Izmir,Dikili,2020,27927,0.170681283,12.70623854
Turkey,Izmir,Dikili,2021,27927,0.165332496,12.13049312
Turkey,Izmir,Dikili,2022,27927,0.159920424,11.55803043
Turkey,Izmir,Dikili,2023,27927,0.150237843,10.5597281
Turkey,Izmir,Dikili,2024,27927,0.150934905,10.63047203
Turkey,Izmir,Foca,2020,27928,0.139559686,9.498281315
Turkey,Izmir,Foca,2021,27928,0.140354112,9.57579565
Turkey,Izmir,Foca,2022,27928,0.126372412,8.246510085
Turkey,Izmir,Foca,2023,27928,0.129512802,8.538562112
Turkey,Izmir,Foca,2024,27928,0.132415116,8.811854616
Turkey,Izmir,Gaziemir,2020,27929,0.03094049170613289,1.357670538
Turkey,Izmir,Gaziemir,2021,27929,0.030969642102718353,1.359138046
Turkey,Izmir,Gaziemir,2022,27929,0.03164590522646904,1.393300303
Turkey,Izmir,Gaziemir,2023,27929,0.033286575227975845,1.477114587
Turkey,Izmir,Gaziemir,2024,27929,0.03829440474510193,1.741076639
Turkey,Izmir,Guzelbahce,2020,27930,0.02572168968617916,1.101711445
Turkey,Izmir,Guzelbahce,2021,27930,0.038086872547864914,1.729895392
Turkey,Izmir,Guzelbahce,2022,27930,0.03824664279818535,1.738501512
Turkey,Izmir,Guzelbahce,2023,27930,0.026228733360767365,1.125987168
Turkey,Izmir,Guzelbahce,2024,27930,0.02612214721739292,1.120873522
Turkey,Izmir,Karaburun,2020,27933,0.254944474,22.9554833
Turkey,Izmir,Karaburun,2021,27933,0.241414756,21.173537
Turkey,Izmir,Karaburun,2022,27933,0.238725126,20.82497171
Turkey,Izmir,Karaburun,2023,27933,0.218511119,18.26859827
Turkey,Izmir,Karaburun,2024,27933,0.233607918,20.16715337
Turkey,Izmir,Kemalpasa,2020,27934,0.078343123,4.277699539
Turkey,Izmir,Kemalpasa,2021,27934,0.077173099,4.193222408
Turkey,Izmir,Kemalpasa,2022,27934,0.079940692,4.394020471
Turkey,Izmir,Kemalpasa,2023,27934,0.07933833450078964,4.350030199
Turkey,Izmir,Kemalpasa,2024,27934,0.079196483,4.339693957
Turkey,Izmir,Kinik,2020,27935,0.194709033,15.41050389
Turkey,Izmir,Kinik,2021,27935,0.186729908,14.4915772
Turkey,Izmir,Kinik,2022,27935,0.185013384,14.29656395
Turkey,Izmir,Kinik,2023,27935,0.178054661,13.51586389
Turkey,Izmir,Kinik,2024,27935,0.190596431,14.93433311
Turkey,Izmir,Kiraz,2020,27936,0.201732606,16.23598593
Turkey,Izmir,Kiraz,2021,27936,0.195903629,15.54981945
Turkey,Izmir,Kiraz,2022,27936,0.181883484,13.9434491
Turkey,Izmir,Kiraz,2023,27936,0.183214039,14.09317054
Turkey,Izmir,Kiraz,2024,27936,0.199099272,15.92469399
Turkey,Izmir,Konak,2020,27937,0.009878670796751976,0.408425817
Turkey,Izmir,Konak,2021,27937,0.010053472593426704,0.415377384
Turkey,Izmir,Konak,2022,27937,0.010053472593426704,0.415377384
Turkey,Izmir,Konak,2023,27937,0.00797625444829464,0.333789358
Turkey,Izmir,Konak,2024,27937,0.006355619058012962,0.271684467
Turkey,Izmir,Menderes,2020,27938,0.153710186,10.91387397
Turkey,Izmir,Menderes,2021,27938,0.187265709,14.55264464
Turkey,Izmir,Menderes,2022,27938,0.178907096,13.61063986
Turkey,Izmir,Menderes,2023,27938,0.162762731,11.85739936
Turkey,Izmir,Menderes,2024,27938,0.178473115,13.56235853
Turkey,Izmir,Menemen,2020,27939,0.07415771484375,3.978303274
Turkey,Izmir,Menemen,2021,27939,0.07718989998102188,4.194431184
Turkey,Izmir,Menemen,2022,27939,0.075149521,4.048547837
Turkey,Izmir,Menemen,2023,27939,0.07399250566959381,3.96664491
Turkey,Izmir,Menemen,2024,27939,0.07781988382339478,4.239846312
Turkey,Izmir,Narlidere,2020,27940,0.066556767,3.454595353
Turkey,Izmir,Narlidere,2021,27940,0.06956201046705246,3.658550403
Turkey,Izmir,Narlidere,2022,27940,0.07035432010889053,3.713000601
Turkey,Izmir,Narlidere,2023,27940,0.07047354429960251,3.721218539
Turkey,Izmir,Narlidere,2024,27940,0.07126032561063766,3.775610289
Turkey,Izmir,Odemis,2020,27941,0.165628612,12.16210935
Turkey,Izmir,Odemis,2021,27941,0.163026452,11.88531952
Turkey,Izmir,Odemis,2022,27941,0.145582289,10.09178236
Turkey,Izmir,Odemis,2023,27941,0.138234466,9.369502298
Turkey,Izmir,Odemis,2024,27941,0.151126564,10.64995412
Turkey,Izmir,Seferihisar,2020,27942,0.169092193,12.53416265
Turkey,Izmir,Seferihisar,2021,27942,0.157635719,11.31945492
Turkey,Izmir,Seferihisar,2022,27942,0.141847029,9.722101504
Turkey,Izmir,Seferihisar,2023,27942,0.105568953,6.410268407
Turkey,Izmir,Seferihisar,2024,27942,0.093387172,5.417072857
Turkey,Izmir,Selcuk,2020,27943,0.079816259,4.384920094
Turkey,Izmir,Selcuk,2021,27943,0.08004913479089737,4.401957039
Turkey,Izmir,Selcuk,2022,27943,0.079928078,4.393097645
Turkey,Izmir,Selcuk,2023,27943,0.07584279030561447,4.097908218
Turkey,Izmir,Selcuk,2024,27943,0.079599783,4.369104236
Turkey,Izmir,Tire,2020,27944,0.218178406,18.22748467
Turkey,Izmir,Tire,2021,27944,0.208975643,17.10312755
Turkey,Izmir,Tire,2022,27944,0.209336355,17.14672617
Turkey,Izmir,Tire,2023,27944,0.20181185007095337,16.24538669
Turkey,Izmir,Tire,2024,27944,0.203013599,16.38818618
Turkey,Izmir,Torbali,2020,27946,0.074384153,3.994302149
Turkey,Izmir,Torbali,2021,27946,0.07556593418121338,4.078170614
Turkey,Izmir,Torbali,2022,27946,0.080003567,4.39862147
Turkey,Izmir,Torbali,2023,27946,0.07981259375810623,4.384652106
Turkey,Izmir,Torbali,2024,27946,0.07952065020799637,4.363327921
Turkey,Izmir,Urla,2020,27947,0.19621475040912628,15.58617637
Turkey,Izmir,Urla,2021,27947,0.185491517,14.35078833
Turkey,Izmir,Urla,2022,27947,0.186044008,14.41353786
Turkey,Izmir,Urla,2023,27947,0.184065416,14.18927647
Turkey,Izmir,Urla,2024,27947,0.182668298,14.03169058
Turkey,Izmir,Uzunada,2020,27948,0.419625103,47.50310835
Turkey,Izmir,Uzunada,2021,27948,0.430884182,49.30647252
Turkey,Izmir,Uzunada,2022,27948,0.395106047,43.60905016
Turkey,Izmir,Uzunada,2023,27948,0.345687926,35.95495191
Turkey,Izmir,Uzunada,2024,27948,0.324744999,32.81488461
Turkey,K.maras,Afsin,2020,27949,0.174764782,13.15236087
Turkey,K.maras,Afsin,2021,27949,0.176738665,13.37002328
Turkey,K.maras,Afsin,2022,27949,0.180629373,13.80286212
Turkey,K.maras,Afsin,2023,27949,0.20481272041797638,16.60279416
Turkey,K.maras,Afsin,2024,27949,0.191474050283432,15.03549615
Turkey,K.maras,Andirin,2020,27950,0.255839676,23.0750269
Turkey,K.maras,Andirin,2021,27950,0.2650747299194336,24.31973976
Turkey,K.maras,Andirin,2022,27950,0.244161874,21.53152475
Turkey,K.maras,Andirin,2023,27950,0.282639205,26.74251504
Turkey,K.maras,Andirin,2024,27950,0.280395836,26.42917989
Turkey,K.maras,Caglayancerit,2020,27951,0.232917786,20.07897971
Turkey,K.maras,Caglayancerit,2021,27951,0.232009381,19.96311735
Turkey,K.maras,Caglayancerit,2022,27951,0.224805608,19.05239482
Turkey,K.maras,Caglayancerit,2023,27951,0.243671775,21.46751294
Turkey,K.maras,Caglayancerit,2024,27951,0.220633283,18.53158659
Turkey,K.maras,Ekinozu,2020,27952,0.215336785,17.87765238
Turkey,K.maras,Ekinozu,2021,27952,0.199511901,15.9733301
Turkey,K.maras,Ekinozu,2022,27952,0.192698926,15.17709711
Turkey,K.maras,Ekinozu,2023,27952,0.219287306,18.3646365
Turkey,K.maras,Ekinozu,2024,27952,0.204417109,16.55551919
Turkey,K.maras,Elbistan,2021,27953,0.109078228,6.707799172
Turkey,K.maras,Elbistan,2022,27953,0.10885364562273026,6.688607253
Turkey,K.maras,Elbistan,2023,27953,0.065718122,3.398409742
Turkey,K.maras,Elbistan,2024,27953,0.065247796,3.367039885
Turkey,K.maras,Elbistan,2020,27953,0.117023543,7.399913633
Turkey,K.maras,Goksun,2020,27954,0.189151824,14.76834911
Turkey,K.maras,Goksun,2021,27954,0.194280773,15.36066895
Turkey,K.maras,Goksun,2022,27954,0.196667671,15.63915783
Turkey,K.maras,Goksun,2023,27954,0.217455626,18.13828053
Turkey,K.maras,Goksun,2024,27954,0.210301816,17.26361084
Turkey,K.maras,Merkez,2020,27955,0.06970568001270294,3.668402883
Turkey,K.maras,Merkez,2021,27955,0.069683157,3.666857693
Turkey,K.maras,Merkez,2022,27955,0.068962559,3.617541989
Turkey,K.maras,Merkez,2023,27955,0.068006001,3.552439838
Turkey,K.maras,Merkez,2024,27955,0.068006001,3.552439838
Turkey,K.maras,Nurhak,2020,27956,0.245654613,21.72687717
Turkey,K.maras,Nurhak,2021,27956,0.2514578402042389,22.49179752
Turkey,K.maras,Nurhak,2022,27956,0.251835227,22.54183828
Turkey,K.maras,Nurhak,2023,27956,0.242724746,21.3439998
Turkey,K.maras,Nurhak,2024,27956,0.251804054,22.5377034
Turkey,K.maras,Pazarcik,2020,27957,0.147451505,10.27871134
Turkey,K.maras,Pazarcik,2021,27957,0.142491579,9.785523899
Turkey,K.maras,Pazarcik,2022,27957,0.136327475,9.185348904
Turkey,K.maras,Pazarcik,2023,27957,0.145771474,10.11064324
Turkey,K.maras,Pazarcik,2024,27957,0.13970687985420227,9.512625587
Turkey,K.maras,Turkoglu,2020,27958,0.183153316,14.0863251
Turkey,K.maras,Turkoglu,2021,27958,0.182040319,13.96106682
Turkey,K.maras,Turkoglu,2022,27958,0.173426136,13.00549214
Turkey,K.maras,Turkoglu,2023,27958,0.193147779,15.22910562
Turkey,K.maras,Turkoglu,2024,27958,0.190906405,14.97003573
Turkey,Karabuk,Eflani,2020,27959,0.176286727,13.32007234
Turkey,Karabuk,Eflani,2021,27959,0.155084282,11.05521738
Turkey,Karabuk,Eflani,2022,27959,0.167839244,12.39909571
Turkey,Karabuk,Eflani,2023,27959,0.151532084,10.69121902
Turkey,Karabuk,Eflani,2024,27959,0.165904015,12.19154135
Turkey,Karabuk,Eskipazar,2020,27960,0.270751536,25.09501414
Turkey,Karabuk,Eskipazar,2021,27960,0.267075241,24.59208042
Turkey,Karabuk,Eskipazar,2022,27960,0.257148653,23.25018349
Turkey,Karabuk,Eskipazar,2023,27960,0.239801705,20.96426139
Turkey,Karabuk,Eskipazar,2024,27960,0.270412505,25.04850091
Turkey,Karabuk,Merkez,2020,27961,0.086500548,4.883356992
Turkey,Karabuk,Merkez,2021,27961,0.086500548,4.883356992
Turkey,Karabuk,Merkez,2022,27961,0.08605054020881653,4.849190799
Turkey,Karabuk,Merkez,2023,27961,0.092396989,5.339085264
Turkey,Karabuk,Merkez,2024,27961,0.090507023,5.191389589
Turkey,Karabuk,Ovacik,2020,27962,0.219424665,18.38165012
Turkey,Karabuk,Ovacik,2021,27962,0.190127283,14.88035526
Turkey,Karabuk,Ovacik,2022,27962,0.165968984,12.19848834
Turkey,Karabuk,Ovacik,2023,27962,0.195113629,15.45763829
Turkey,Karabuk,Ovacik,2024,27962,0.211331278,17.38854963
Turkey,Karabuk,Safranbolu,2020,27963,0.222753316,18.79559989
Turkey,Karabuk,Safranbolu,2021,27963,0.20282354950904846,16.36557385
Turkey,Karabuk,Safranbolu,2022,27963,0.166063249,12.20857044
Turkey,Karabuk,Safranbolu,2023,27963,0.179143786,13.63699847
Turkey,Karabuk,Safranbolu,2024,27963,0.181693375,13.92210442
Turkey,Karabuk,Yenice,2020,27964,0.237151027,20.62186949
Turkey,Karabuk,Yenice,2021,27964,0.260590941,23.71281597
Turkey,Karabuk,Yenice,2022,27964,0.262631416,23.98841324
Turkey,Karabuk,Yenice,2023,27964,0.249319613,22.20895548
Turkey,Karabuk,Yenice,2024,27964,0.258026689,23.36791239
Turkey,Karaman,Ayranci,2020,27965,0.209976882,17.22424119
Turkey,Karaman,Ayranci,2021,27965,0.22504881024360657,19.08290461
Turkey,Karaman,Ayranci,2022,27965,0.2523609697818756,22.61161076
Turkey,Karaman,Ayranci,2023,27965,0.256410897,23.15141079
Turkey,Karaman,Ayranci,2024,27965,0.248181134,22.05883491
Turkey,Karaman,Basyayla,2020,27966,0.245685995,21.73099028
Turkey,Karaman,Basyayla,2021,27966,0.220892459,18.56379353
Turkey,Karaman,Basyayla,2022,27966,0.22591277956962585,19.19142467
Turkey,Karaman,Basyayla,2023,27966,0.214574054,17.78415342
Turkey,Karaman,Basyayla,2024,27966,0.214110643,17.72742967
Turkey,Karaman,Ermenek,2020,27967,0.23126330971717834,19.86812904
Turkey,Karaman,Ermenek,2021,27967,0.226697475,19.29016913
Turkey,Karaman,Ermenek,2022,27967,0.226405323,19.25338511
Turkey,Karaman,Ermenek,2023,27967,0.222302377,18.73933591
Turkey,Karaman,Ermenek,2024,27967,0.229400262,19.63159921
Turkey,Karaman,Kazimkarabekir,2020,27968,0.176238596,13.31475665
Turkey,Karaman,Kazimkarabekir,2021,27968,0.181994259,13.95589198
Turkey,Karaman,Kazimkarabekir,2022,27968,0.181380451,13.88699641
Turkey,Karaman,Kazimkarabekir,2023,27968,0.172794044,12.93635279
Turkey,Karaman,Kazimkarabekir,2024,27968,0.16978994011878967,12.60961248
Turkey,Karaman,Merkez,2020,27969,0.0922279804944992,5.325815651
Turkey,Karaman,Merkez,2021,27969,0.075534239,4.075913204
Turkey,Karaman,Merkez,2022,27969,0.075317338,4.060476724
Turkey,Karaman,Merkez,2023,27969,0.074716687,4.01783859
Turkey,Karaman,Merkez,2024,27969,0.075534239,4.075913204
Turkey,Karaman,Sariveliler,2020,27970,0.235334128,20.38826757
Turkey,Karaman,Sariveliler,2021,27970,0.236836776,20.5814021
Turkey,Karaman,Sariveliler,2022,27970,0.256070256,23.10585046
Turkey,Karaman,Sariveliler,2023,27970,0.246637702,21.85584858
Turkey,Karaman,Sariveliler,2024,27970,0.248620808,22.11677123
Turkey,Kars,Akyaka,2020,27971,0.137897491,9.336861782
Turkey,Kars,Akyaka,2021,27971,0.142472163,9.783611127
Turkey,Kars,Akyaka,2022,27971,0.1640339195728302,11.99220367
Turkey,Kars,Akyaka,2023,27971,0.165793926,12.17977304
Turkey,Kars,Akyaka,2024,27971,0.172886446,12.94645145
Turkey,Kars,Arpacay,2020,27972,0.135389447,9.095269924
Turkey,Kars,Arpacay,2021,27972,0.142098516,9.746828932
Turkey,Kars,Arpacay,2022,27972,0.135322124,9.088817664
Turkey,Kars,Arpacay,2023,27972,0.137345001,9.28343822
Turkey,Kars,Arpacay,2024,27972,0.149085552,10.44317034
Turkey,Kars,Digor,2021,27973,0.190608263,14.9356953
Turkey,Kars,Digor,2022,27973,0.199410111,15.96132732
Turkey,Kars,Digor,2023,27973,0.223709911,18.91514625
Turkey,Kars,Digor,2024,27973,0.227716357,19.41864043
Turkey,Kars,Kagizman,2020,27974,0.228507563,19.51860393
Turkey,Kars,Kagizman,2021,27974,0.227967218,19.4503161
Turkey,Kars,Kagizman,2022,27974,0.228678912,19.54027556
Turkey,Kars,Kagizman,2023,27974,0.225146532,19.09516855
Turkey,Kars,Kagizman,2024,27974,0.224986956,19.07514332
Turkey,Kars,Merkez,2020,27975,0.07779804617166519,4.238269116
Turkey,Kars,Merkez,2021,27975,0.08302002400159836,4.621389814
Turkey,Kars,Merkez,2022,27975,0.075754181,4.091587357
Turkey,Kars,Merkez,2023,27975,0.066180997,3.429380866
Turkey,Kars,Merkez,2024,27975,0.06669167429208755,3.463663406
Turkey,Kars,Sarikamis,2020,27976,0.199969828,16.02736733
Turkey,Kars,Sarikamis,2021,27976,0.179575875,13.68516528
Turkey,Kars,Sarikamis,2022,27976,0.180653274,13.80553665
Turkey,Kars,Sarikamis,2023,27976,0.159179077,11.48041449
Turkey,Kars,Sarikamis,2024,27976,0.158803761,11.44119456
Turkey,Kars,Selim,2020,27977,0.131736293,8.747644684
Turkey,Kars,Selim,2021,27977,0.141896576,9.726971285
Turkey,Kars,Selim,2022,27977,0.139739588,9.515814143
Turkey,Kars,Selim,2023,27977,0.125252515,8.143287216
Turkey,Kars,Selim,2024,27977,0.11548769474029541,7.264145284
Turkey,Kars,Susuz,2020,27978,0.152764589,10.81700092
Turkey,Kars,Susuz,2021,27978,0.18832767009735107,14.67395443
Turkey,Kars,Susuz,2022,27978,0.189305231,14.78594376
Turkey,Kars,Susuz,2023,27978,0.18245168030261993,14.00731467
Turkey,Kars,Susuz,2024,27978,0.177309766,13.43324267
Turkey,Kastamonu,Abana,2020,27979,0.177994102,13.50914006
Turkey,Kastamonu,Abana,2021,27979,0.162419319,11.8210787
Turkey,Kastamonu,Abana,2022,27979,0.141138911,9.652602341
Turkey,Kastamonu,Abana,2023,27979,0.10855454951524734,6.663079688
Turkey,Kastamonu,Abana,2024,27979,0.115031973,7.224041287
Turkey,Kastamonu,Agli,2020,27980,0.214573562,17.78409319
Turkey,Kastamonu,Agli,2021,27980,0.200466782,16.08608312
Turkey,Kastamonu,Agli,2022,27980,0.195368871,15.48739978
Turkey,Kastamonu,Agli,2023,27980,0.245907187,21.75998853
Turkey,Kastamonu,Agli,2024,27980,0.20173875987529755,16.23671593
Turkey,Kastamonu,Arac,2020,27981,0.193879008,15.31396961
Turkey,Kastamonu,Arac,2021,27981,0.189186275,14.77229977
Turkey,Kastamonu,Arac,2022,27981,0.166058928,12.20810819
Turkey,Kastamonu,Arac,2023,27981,0.195333809,15.48331025
Turkey,Kastamonu,Azdavay,2020,27982,0.259771049,23.60236191
Turkey,Kastamonu,Azdavay,2021,27982,0.240425572,21.04511948
Turkey,Kastamonu,Azdavay,2022,27982,0.239695191,20.95046673
Turkey,Kastamonu,Azdavay,2023,27982,0.249999374,22.29874728
Turkey,Kastamonu,Azdavay,2024,27982,0.267328024,24.62656069
Turkey,Kastamonu,Bozkurt,2020,27983,0.278544575,26.17145149
Turkey,Kastamonu,Bozkurt,2021,27983,0.263333499,24.08347283
Turkey,Kastamonu,Bozkurt,2022,27983,0.254369527,22.87881143
Turkey,Kastamonu,Bozkurt,2023,27983,0.233532086,20.15745846
Turkey,Kastamonu,Catalzeytin,2021,27984,0.286997825,27.35443614
Turkey,Kastamonu,Catalzeytin,2022,27984,0.275951982,25.81180733
Turkey,Kastamonu,Catalzeytin,2023,27984,0.285316527,27.11790505
Turkey,Kastamonu,Catalzeytin,2024,27984,0.283770263,26.90091117
Turkey,Kastamonu,Cide,2020,27985,0.291309923,27.96383932
Turkey,Kastamonu,Cide,2021,27985,0.254045427,22.83562751
Turkey,Kastamonu,Cide,2022,27985,0.247897953,22.02154601
Turkey,Kastamonu,Cide,2023,27985,0.247493744,21.96835615
Turkey,Kastamonu,Cide,2024,27985,0.267604828,24.66433473
Turkey,Kastamonu,Daday,2020,27986,0.208594561,17.05710916
Turkey,Kastamonu,Daday,2021,27986,0.255842805,23.07544512
Turkey,Kastamonu,Daday,2022,27986,0.238653719,20.81574396
Turkey,Kastamonu,Daday,2023,27986,0.260021359,23.63606572
Turkey,Kastamonu,Daday,2024,27986,0.246855468,21.88445107
Turkey,Kastamonu,Devrekani,2020,27987,0.186798245,14.49936065
Turkey,Kastamonu,Devrekani,2021,27987,0.195443645,15.49612238
Turkey,Kastamonu,Devrekani,2022,27987,0.188692898,14.71575895
Turkey,Kastamonu,Devrekani,2023,27987,0.202596813,16.33861095
Turkey,Kastamonu,Devrekani,2024,27987,0.196477622,15.61691855
Turkey,Kastamonu,Doganyurt,2020,27988,0.306385428,30.12448926
Turkey,Kastamonu,Doganyurt,2021,27988,0.251303375,22.4713261
Turkey,Kastamonu,Doganyurt,2022,27988,0.190682679,14.94426402
Turkey,Kastamonu,Doganyurt,2023,27988,0.239757627,20.95855249
Turkey,Kastamonu,Doganyurt,2024,27988,0.244948789,21.63443487
Turkey,Kastamonu,Hanonu,2020,27989,0.179324329,13.65711679
Turkey,Kastamonu,Hanonu,2021,27989,0.191933289,15.08853032
Turkey,Kastamonu,Hanonu,2022,27989,0.189667106,14.82747787
Turkey,Kastamonu,Hanonu,2023,27989,0.191167474,15.00012921
Turkey,Kastamonu,Hanonu,2024,27989,0.193483248,15.2680181
Turkey,Kastamonu,Ihsangazi,2020,27990,0.22433654963970184,18.99359832
Turkey,Kastamonu,Ihsangazi,2021,27990,0.23290736973285675,20.07764993
Turkey,Kastamonu,Ihsangazi,2022,27990,0.233681023,20.17650114
Turkey,Kastamonu,Ihsangazi,2023,27990,0.252675176,22.653343200683594
Turkey,Kastamonu,Ihsangazi,2024,27990,0.265732527,24.40918443
Turkey,Kastamonu,Inebolu,2020,27991,0.204103306,16.51805396
Turkey,Kastamonu,Inebolu,2021,27991,0.182890028,14.05665757
Turkey,Kastamonu,Inebolu,2022,27991,0.190421075,14.91414919
Turkey,Kastamonu,Inebolu,2023,27991,0.108470693,6.655929188
Turkey,Kastamonu,Inebolu,2024,27991,0.144968703,10.03070146
Turkey,Kastamonu,Kure,2020,27992,0.160375118,11.60573085
Turkey,Kastamonu,Kure,2021,27992,0.106764004,6.511023064
Turkey,Kastamonu,Kure,2022,27992,0.123154432,7.951221325
Turkey,Kastamonu,Kure,2023,27992,0.137209564,9.270359604
Turkey,Kastamonu,Kure,2024,27992,0.10206769406795502,6.118467322
Turkey,Kastamonu,Merkez,2020,27993,0.079976633,4.396650335
Turkey,Kastamonu,Merkez,2021,27993,0.082550108,4.586424492
Turkey,Kastamonu,Merkez,2022,27993,0.080422327,4.429309089
Turkey,Kastamonu,Merkez,2023,27993,0.080775566,4.455255061
Turkey,Kastamonu,Merkez,2024,27993,0.086651333,4.894824699
Turkey,Kastamonu,Pinarbasi,2020,27994,0.229061976,19.58875387
Turkey,Kastamonu,Pinarbasi,2021,27994,0.2095150202512741,17.16833546
Turkey,Kastamonu,Pinarbasi,2022,27994,0.238572285,20.8052219
Turkey,Kastamonu,Pinarbasi,2023,27994,0.270094335,25.00487411
Turkey,Kastamonu,Pinarbasi,2024,27994,0.260099262,23.64655839
Turkey,Kastamonu,Senpazar,2020,27995,0.240502685,21.05512118
Turkey,Kastamonu,Senpazar,2021,27995,0.219384119,18.37662742
Turkey,Kastamonu,Senpazar,2022,27995,0.228005588,19.4551626
Turkey,Kastamonu,Senpazar,2023,27995,0.249789625,22.27102833
Turkey,Kastamonu,Senpazar,2024,27995,0.238778725,20.83189919
Turkey,Kastamonu,Seydiler,2020,27996,0.207423478,16.91596535
Turkey,Kastamonu,Seydiler,2021,27996,0.245224863,21.67057708
Turkey,Kastamonu,Seydiler,2022,27996,0.223584816,18.89949825
Turkey,Kastamonu,Seydiler,2023,27996,0.233532548,20.15751751
Turkey,Kastamonu,Seydiler,2024,27996,0.212575629,17.53998783
Turkey,Kastamonu,Taskopru,2020,27997,0.2458917200565338,21.75796035
Turkey,Kastamonu,Taskopru,2021,27997,0.237171769,20.62454152
Turkey,Kastamonu,Taskopru,2022,27997,0.240328103,21.03247998
Turkey,Kastamonu,Taskopru,2023,27997,0.249445468,22.22557119
Turkey,Kastamonu,Taskopru,2024,27997,0.249044135,22.17260035
Turkey,Kastamonu,Tosya,2020,27998,0.230201647,19.73322434
Turkey,Kastamonu,Tosya,2021,27998,0.202175394,16.28853857
Turkey,Kastamonu,Tosya,2022,27998,0.168582231,12.47912408
Turkey,Kastamonu,Tosya,2023,27998,0.203228116,16.41372298
Turkey,Kastamonu,Tosya,2024,27998,0.194618076,15.39991477
Turkey,Kayseri,Akkisla,2020,27999,0.265641034,24.39673739
Turkey,Kayseri,Akkisla,2021,27999,0.264137894,24.19253062
Turkey,Kayseri,Akkisla,2022,27999,0.243029758,21.38375432
Turkey,Kayseri,Akkisla,2023,27999,0.254458904,22.89072488
Turkey,Kayseri,Akkisla,2024,27999,0.253382415,22.74736811
Turkey,Kayseri,Bunyan,2020,28000,0.235420883,20.39940149
Turkey,Kayseri,Bunyan,2021,28000,0.241261423,21.1536141
Turkey,Kayseri,Bunyan,2022,28000,0.238227248,20.76066002
Turkey,Kayseri,Bunyan,2023,28000,0.243413821,21.43384682
Turkey,Kayseri,Bunyan,2024,28000,0.230039001,19.71258449
Turkey,Kayseri,Develi,2020,28001,0.15513283014297485,11.06022353
Turkey,Kayseri,Develi,2021,28001,0.155408889,11.08870611
Turkey,Kayseri,Develi,2022,28001,0.151902646,10.72897866
Turkey,Kayseri,Develi,2023,28001,0.13407590985298157,8.969691575
Turkey,Kayseri,Develi,2024,28001,0.135918036,9.145989426
Turkey,Kayseri,Felahiye,2020,28002,0.224145412,18.9696571
Turkey,Kayseri,Felahiye,2021,28002,0.218565449,18.27531486
Turkey,Kayseri,Felahiye,2022,28002,0.220077023,18.46252698
Turkey,Kayseri,Felahiye,2023,28002,0.216835499,18.06186653
Turkey,Kayseri,Felahiye,2024,28002,0.207044184,16.87033962
Turkey,Kayseri,Hacilar,2020,28003,0.04962007701396942,2.382649521
Turkey,Kayseri,Hacilar,2021,28003,0.048342731,2.307231388
Turkey,Kayseri,Hacilar,2022,28003,0.038266122341156006,1.739551635
Turkey,Kayseri,Hacilar,2023,28003,0.031110091134905815,1.366214484
Turkey,Kayseri,Hacilar,2024,28003,0.03159928321838379,1.390937915
Turkey,Kayseri,Incesu,2020,28004,0.250669867,22.38743011
Turkey,Kayseri,Incesu,2021,28004,0.246235564,21.80306192
Turkey,Kayseri,Incesu,2022,28004,0.252049923,22.57032262
Turkey,Kayseri,Incesu,2023,28004,0.25375401973724365,22.79682217
Turkey,Kayseri,Incesu,2024,28004,0.253481954,22.76061169
Turkey,Kayseri,Kocasinan,2020,28005,0.072409049,3.855522451
Turkey,Kayseri,Kocasinan,2021,28005,0.074896097,4.030557482
Turkey,Kayseri,Kocasinan,2022,28005,0.07516792416572571,4.049855358
Turkey,Kayseri,Kocasinan,2023,28005,0.07458176463842392,4.008282974
Turkey,Kayseri,Kocasinan,2024,28005,0.07399826496839523,3.967051123
Turkey,Kayseri,Melikgazi,2020,28006,0.059243094176054,2.975425522
Turkey,Kayseri,Melikgazi,2021,28006,0.05830739438533783,2.915894427
Turkey,Kayseri,Melikgazi,2022,28006,0.05897960439324379,2.958620844
Turkey,Kayseri,Melikgazi,2023,28006,0.05558875575661659,2.745231058
Turkey,Kayseri,Melikgazi,2024,28006,0.056001671,2.770930768
Turkey,Kayseri,Ozvatan,2020,28007,0.255645573,23.04908988
Turkey,Kayseri,Ozvatan,2021,28007,0.244732261,21.60610188
Turkey,Kayseri,Ozvatan,2022,28007,0.249529898,22.23672011
Turkey,Kayseri,Ozvatan,2023,28007,0.256757587,23.1978098
Turkey,Kayseri,Ozvatan,2024,28007,0.249676943,22.2561416
Turkey,Kayseri,Pinarbasi,2020,28008,0.175356299,13.21745095
Turkey,Kayseri,Pinarbasi,2021,28008,0.179215878,13.64503055
Turkey,Kayseri,Pinarbasi,2022,28008,0.219634742,18.40768125
Turkey,Kayseri,Pinarbasi,2023,28008,0.230117053,19.72248844
Turkey,Kayseri,Pinarbasi,2024,28008,0.196941018,15.67116426
Turkey,Kayseri,Sarioglan,2020,28009,0.201504692,16.20895933
Turkey,Kayseri,Sarioglan,2021,28009,0.204232484,16.533473
Turkey,Kayseri,Sarioglan,2022,28009,0.2184327095746994,18.25890622
Turkey,Kayseri,Sarioglan,2023,28009,0.221336633,18.61903428
Turkey,Kayseri,Sarioglan,2024,28009,0.206668824,16.82522979
Turkey,Kayseri,Sariz,2020,28010,0.212001711,17.47008473
Turkey,Kayseri,Sariz,2021,28010,0.217141628,18.09957482
Turkey,Kayseri,Sariz,2022,28010,0.216867492,18.06580605
Turkey,Kayseri,Sariz,2023,28010,0.205411375,16.67442291
Turkey,Kayseri,Sariz,2024,28010,0.215663284,17.91772816
Turkey,Kayseri,Talas,2020,28011,0.093612202,5.434854509
Turkey,Kayseri,Talas,2021,28011,0.107941329,6.610856175
Turkey,Kayseri,Talas,2022,28011,0.109319113,6.728407036
Turkey,Kayseri,Talas,2023,28011,0.10881415009498596,6.685234256
Turkey,Kayseri,Talas,2024,28011,0.10999253392219543,6.786144047
Turkey,Kayseri,Tomarza,2020,28012,0.147716522,10.30531778
Turkey,Kayseri,Tomarza,2021,28012,0.176025078,13.29118444
Turkey,Kayseri,Tomarza,2022,28012,0.197918192,15.78577304
Turkey,Kayseri,Tomarza,2023,28012,0.183748007,14.15341869
Turkey,Kayseri,Tomarza,2024,28012,0.181506813,13.90116948
Turkey,Kayseri,Yahyali,2020,28013,0.164467335,12.03829426
Turkey,Kayseri,Yahyali,2021,28013,0.170487672,12.6852271
Turkey,Kayseri,Yahyali,2022,28013,0.162769079,11.85807113
Turkey,Kayseri,Yahyali,2023,28013,0.175307989,13.21213059
Turkey,Kayseri,Yahyali,2024,28013,0.178244382,13.53693672
Turkey,Kayseri,Yesilhisar,2020,28014,0.205345184,16.66649784
Turkey,Kayseri,Yesilhisar,2021,28014,0.208546296,17.05128394
Turkey,Kayseri,Yesilhisar,2022,28014,0.21555764973163605,17.90475879
Turkey,Kayseri,Yesilhisar,2023,28014,0.200350016,16.07228025
Turkey,Kayseri,Yesilhisar,2024,28014,0.201713845,16.23376064
Turkey,Kilis,Elbeyli,2020,28015,0.227513447,19.39303239
Turkey,Kilis,Elbeyli,2021,28015,0.234804466,20.32033594
Turkey,Kilis,Elbeyli,2022,28015,0.209196448,17.12981126
Turkey,Kilis,Elbeyli,2023,28015,0.223599404,18.90132284
Turkey,Kilis,Elbeyli,2024,28015,0.18866842985153198,14.712957382202148
Turkey,Kilis,Merkez,2020,28016,0.07759097963571548,4.223324472
Turkey,Kilis,Merkez,2021,28016,0.07572036981582642,4.089176431
Turkey,Kilis,Merkez,2022,28016,0.076149903,4.119842676
Turkey,Kilis,Merkez,2023,28016,0.076149903,4.119842676
Turkey,Kilis,Merkez,2024,28016,0.076367393,4.135401421
Turkey,Kilis,Musabeyli,2020,28017,0.184831768,14.27598672
Turkey,Kilis,Musabeyli,2021,28017,0.198354244,15.8370119
Turkey,Kilis,Musabeyli,2022,28017,0.193117946,15.22564699
Turkey,Kilis,Musabeyli,2023,28017,0.22902145981788635,19.58362445
Turkey,Kilis,Musabeyli,2024,28017,0.215507895,17.89865119
Turkey,Kilis,Polateli,2020,28018,0.193146259,15.22892939
Turkey,Kilis,Polateli,2021,28018,0.190474004,14.92024038
Turkey,Kilis,Polateli,2022,28018,0.208948597,17.09986017
Turkey,Kilis,Polateli,2023,28018,0.190137535,14.88153405
Turkey,Kilis,Polateli,2024,28018,0.198671073,15.87427827
Turkey,Kirikkale,Bahsili,2020,28019,0.211479247,17.40653345
Turkey,Kirikkale,Bahsili,2021,28019,0.219313085,18.36782914
Turkey,Kirikkale,Bahsili,2022,28019,0.22697553038597107,19.32520051
Turkey,Kirikkale,Bahsili,2023,28019,0.22049438953399658,18.51433465
Turkey,Kirikkale,Bahsili,2024,28019,0.232179791,19.98483501
Turkey,Kirikkale,Baliseyh,2020,28020,0.226636112,19.28244111
Turkey,Kirikkale,Baliseyh,2021,28020,0.235635281,20.42692567
Turkey,Kirikkale,Baliseyh,2022,28020,0.233575881,20.16305728
Turkey,Kirikkale,Baliseyh,2023,28020,0.217568576,18.15221071
Turkey,Kirikkale,Baliseyh,2024,28020,0.240895212,21.10605664
Turkey,Kirikkale,Celebi,2020,28021,0.187832162,14.61730637
Turkey,Kirikkale,Celebi,2021,28021,0.207936823,16.97778516
Turkey,Kirikkale,Celebi,2022,28021,0.189712018,14.83263558
Turkey,Kirikkale,Celebi,2023,28021,0.187390506,14.56688161
Turkey,Kirikkale,Celebi,2024,28021,0.189535975,14.81242257
Turkey,Kirikkale,Delice,2020,28022,0.203379601,16.43176474
Turkey,Kirikkale,Delice,2021,28022,0.214189291,17.73705216
Turkey,Kirikkale,Delice,2022,28022,0.205056936,16.63200127
Turkey,Kirikkale,Delice,2023,28022,0.203114942,16.4002486
Turkey,Kirikkale,Delice,2024,28022,0.208456367,17.04043209
Turkey,Kirikkale,Karakecili,2020,28023,0.227046773,19.33417961
Turkey,Kirikkale,Karakecili,2021,28023,0.215995282,17.95851076
Turkey,Kirikkale,Karakecili,2022,28023,0.221169844,18.59828459
Turkey,Kirikkale,Karakecili,2023,28023,0.212478057,17.52809662
Turkey,Kirikkale,Karakecili,2024,28023,0.218668699,18.28808168
Turkey,Kirikkale,Keskin,2020,28024,0.165096745,12.10534374
Turkey,Kirikkale,Keskin,2021,28024,0.151799992,10.71851342
Turkey,Kirikkale,Keskin,2022,28024,0.136190385,9.172163286
Turkey,Kirikkale,Keskin,2023,28024,0.151786834,10.7171723
Turkey,Kirikkale,Keskin,2024,28024,0.155318886,11.07941699
Turkey,Kirikkale,Merkez,2020,28025,0.06018683314323425,3.035877569
Turkey,Kirikkale,Merkez,2021,28025,0.060054239,3.027359329
Turkey,Kirikkale,Merkez,2022,28025,0.059075333178043365,2.964722463
Turkey,Kirikkale,Merkez,2023,28025,0.058399942,2.921764437
Turkey,Kirikkale,Merkez,2024,28025,0.059686675667762756,3.003788368
Turkey,Kirikkale,Sulakyurt,2020,28026,0.234505028,20.28196516
Turkey,Kirikkale,Sulakyurt,2021,28026,0.237891257,20.71729692
Turkey,Kirikkale,Sulakyurt,2022,28026,0.238037154,20.73612273
Turkey,Kirikkale,Sulakyurt,2023,28026,0.230870441,19.81817125
Turkey,Kirikkale,Sulakyurt,2024,28026,0.232987225,20.08784564
Turkey,Kirikkale,Yahsihan,2020,28027,0.193762332,15.30041726
Turkey,Kirikkale,Yahsihan,2021,28027,0.206163019,16.76451071
Turkey,Kirikkale,Yahsihan,2022,28027,0.207870215,16.96975937
Turkey,Kirikkale,Yahsihan,2023,28027,0.20025750994682312,16.06134805
Turkey,Kirikkale,Yahsihan,2024,28027,0.206428587,16.79638109
Turkey,Kirklareli,Babaeski,2020,28028,0.289890349,27.76278399
Turkey,Kirklareli,Babaeski,2021,28028,0.283522099,26.86613372
Turkey,Kirklareli,Babaeski,2022,28028,0.260308951,23.67480845
Turkey,Kirklareli,Babaeski,2023,28028,0.265662313,24.39963206
Turkey,Kirklareli,Babaeski,2024,28028,0.249886692,22.28385453
Turkey,Kirklareli,Demirkoy,2020,28029,0.262178719,23.92718261
Turkey,Kirklareli,Demirkoy,2021,28029,0.26045989990234375,23.69515143
Turkey,Kirklareli,Demirkoy,2022,28029,0.260769159,23.73684676
Turkey,Kirklareli,Demirkoy,2023,28029,0.269882917,24.97589797
Turkey,Kirklareli,Demirkoy,2024,28029,0.261887133,23.88776969
Turkey,Kirklareli,Kofcaz,2020,28030,0.190676808,14.94358793
Turkey,Kirklareli,Kofcaz,2021,28030,0.1278509795665741,8.383539141
Turkey,Kirklareli,Kofcaz,2022,28030,0.167382345,12.34997655
Turkey,Kirklareli,Kofcaz,2023,28030,0.183395505,14.11363511
Turkey,Kirklareli,Kofcaz,2024,28030,0.177904218,13.49916245
Turkey,Kirklareli,Luleburgaz,2020,28031,0.095648997,5.596776337
Turkey,Kirklareli,Luleburgaz,2021,28031,0.08442682027816772,4.726641271
Turkey,Kirklareli,Luleburgaz,2022,28031,0.069253772,3.637443635
Turkey,Kirklareli,Luleburgaz,2023,28031,0.09038485586643219,5.181895065
Turkey,Kirklareli,Luleburgaz,2024,28031,0.08274250477552414,4.60072861
Turkey,Kirklareli,Merkez,2020,28032,0.267060816,24.59011336
Turkey,Kirklareli,Merkez,2021,28032,0.2656596302986145,24.39926718
Turkey,Kirklareli,Merkez,2022,28032,0.245907247,21.75999634
Turkey,Kirklareli,Merkez,2023,28032,0.229339123,19.6238533
Turkey,Kirklareli,Merkez,2024,28032,0.221113861,18.5913216
Turkey,Kirklareli,Pehlivankoy,2020,28033,0.298928231,29.04997797
Turkey,Kirklareli,Pehlivankoy,2021,28033,0.297412038,28.83286657
Turkey,Kirklareli,Pehlivankoy,2022,28033,0.294188797,28.37287246
Turkey,Kirklareli,Pehlivankoy,2023,28033,0.281411946,26.57096409
Turkey,Kirklareli,Pehlivankoy,2024,28033,0.279237151,26.26778096
Turkey,Kirklareli,Pinarhisar,2020,28034,0.295959294,28.62527929
Turkey,Kirklareli,Pinarhisar,2021,28034,0.266449481,24.50679028
Turkey,Kirklareli,Pinarhisar,2022,28034,0.275050402,25.68709636
Turkey,Kirklareli,Pinarhisar,2023,28034,0.243743345,21.47685681
Turkey,Kirklareli,Pinarhisar,2024,28034,0.255300671,23.00302532
Turkey,Kirklareli,Vize,2020,28035,0.261410117,23.82333701
Turkey,Kirklareli,Vize,2021,28035,0.247285679,21.94099329
Turkey,Kirklareli,Vize,2022,28035,0.241824508,21.22680747
Turkey,Kirklareli,Vize,2023,28035,0.244933873,21.6324827
Turkey,Kirklareli,Vize,2024,28035,0.263322949,24.08204352
Turkey,Kirsehir,Akcakent,2020,28036,0.251085579,22.44247179
Turkey,Kirsehir,Akcakent,2021,28036,0.235431686,20.40078812
Turkey,Kirsehir,Akcakent,2022,28036,0.242874712,21.36354287
Turkey,Kirsehir,Akcakent,2023,28036,0.248028368,22.03871628
Turkey,Kirsehir,Akcakent,2024,28036,0.244653195,21.59575912
Turkey,Kirsehir,Akpinar,2020,28037,0.239319742,20.90186598
Turkey,Kirsehir,Akpinar,2021,28037,0.244221389,21.53930231
Turkey,Kirsehir,Akpinar,2022,28037,0.249259502,22.20102087
Turkey,Kirsehir,Akpinar,2023,28037,0.238793105,20.83375782
Turkey,Kirsehir,Akpinar,2024,28037,0.240837902,21.09861739
Turkey,Kirsehir,Boztepe,2020,28038,0.220716566,18.54193375
Turkey,Kirsehir,Boztepe,2021,28038,0.222192377,18.72561987
Turkey,Kirsehir,Boztepe,2022,28038,0.224582523,19.02442334
Turkey,Kirsehir,Boztepe,2023,28038,0.223857373,18.93359775
Turkey,Kirsehir,Boztepe,2024,28038,0.218528003,18.27068537
Turkey,Kirsehir,Cicekdagi,2020,28039,0.222661942,18.78419443
Turkey,Kirsehir,Cicekdagi,2021,28039,0.213488758,17.65140711
Turkey,Kirsehir,Cicekdagi,2022,28039,0.222454548,18.75831589
Turkey,Kirsehir,Cicekdagi,2023,28039,0.21373265981674194,17.68120947
Turkey,Kirsehir,Cicekdagi,2024,28039,0.221068934,18.58573445
Turkey,Kirsehir,Kaman,2020,28040,0.171575502,12.80344847
Turkey,Kirsehir,Kaman,2021,28040,0.1848677396774292,14.28006146
Turkey,Kirsehir,Kaman,2022,28040,0.181253731,13.87278851
Turkey,Kirsehir,Kaman,2023,28040,0.182955354,14.0640165
Turkey,Kirsehir,Kaman,2024,28040,0.180915251,13.83486377
Turkey,Kirsehir,Merkez,2020,28041,0.132616386,8.83092666
Turkey,Kirsehir,Merkez,2021,28041,0.105004162,6.36285527
Turkey,Kirsehir,Merkez,2022,28041,0.077996328,4.25259752
Turkey,Kirsehir,Merkez,2023,28041,0.07847720384597778,4.28741891
Turkey,Kirsehir,Merkez,2024,28041,0.074262321,3.985691334
Turkey,Kirsehir,Mucur,2020,28042,0.218464851,18.26287897
Turkey,Kirsehir,Mucur,2021,28042,0.225302458,19.11474257
Turkey,Kirsehir,Mucur,2022,28042,0.228476673,19.51469791
Turkey,Kirsehir,Mucur,2023,28042,0.212920099,17.58199096
Turkey,Kirsehir,Mucur,2024,28042,0.217537582,18.14838781
Turkey,Kocaeli,Gebze,2020,28043,0.015645384788513184,0.646031637
Turkey,Kocaeli,Gebze,2021,28043,0.01663382537662983,0.688463513
Turkey,Kocaeli,Gebze,2022,28043,0.013848789967596531,0.570181447
Turkey,Kocaeli,Gebze,2023,28043,0.017473319545388222,0.724891184
Turkey,Kocaeli,Gebze,2024,28043,0.011279286816716194,0.464567762
Turkey,Kocaeli,Golcuk,2020,28044,0.041112091,1.894946389
Turkey,Kocaeli,Golcuk,2021,28044,0.04180484265089035,1.933362808
Turkey,Kocaeli,Golcuk,2022,28044,0.045162842,2.122842595
Turkey,Kocaeli,Golcuk,2023,28044,0.044913340359926224,2.108578651
Turkey,Kocaeli,Golcuk,2024,28044,0.03166639804840088,1.394339035
Turkey,Kocaeli,Kandira,2020,28045,0.245407388,21.69448314
Turkey,Kocaeli,Kandira,2021,28045,0.269094557,24.86794008
Turkey,Kocaeli,Kandira,2022,28045,0.255082935,22.97396015
Turkey,Kocaeli,Kandira,2023,28045,0.267401338,24.63656368
Turkey,Kocaeli,Kandira,2024,28045,0.271943212,25.25871709
Turkey,Kocaeli,Karamursel,2020,28046,0.267074049,24.59191785
Turkey,Kocaeli,Karamursel,2021,28046,0.231680781,19.92126176
Turkey,Kocaeli,Karamursel,2022,28046,0.229896963,19.69456582
Turkey,Kocaeli,Karamursel,2023,28046,0.217371345,18.1278886
Turkey,Kocaeli,Karamursel,2024,28046,0.227163658,19.34891434
Turkey,Kocaeli,Korfez,2020,28047,0.086080253,4.851444009
Turkey,Kocaeli,Korfez,2021,28047,0.085946798,4.841326766
Turkey,Kocaeli,Korfez,2022,28047,0.087318368,4.945672831
Turkey,Kocaeli,Korfez,2023,28047,0.086862601,4.910908929
Turkey,Kocaeli,Korfez,2024,28047,0.08775120973587036,4.978771024
Turkey,Kocaeli,Merkez,2020,28048,0.021192926913499832,0.890584311
Turkey,Kocaeli,Merkez,2021,28048,0.022094134241342545,0.931778837
Turkey,Kocaeli,Merkez,2022,28048,0.021786242723464966,0.917659105
Turkey,Kocaeli,Merkez,2023,28048,0.022094134241342545,0.931778837
Turkey,Kocaeli,Merkez,2024,28048,0.022094134241342545,0.931778837
Turkey,Konya,Ahirli,2020,28049,0.248385847,22.08580391
Turkey,Konya,Ahirli,2021,28049,0.229894981,19.69431445
Turkey,Konya,Ahirli,2022,28049,0.226636767,19.28252368
Turkey,Konya,Ahirli,2023,28049,0.23565202951431274,20.4290764
Turkey,Konya,Ahirli,2024,28049,0.230114236,19.72213105
Turkey,Konya,Akoren,2020,28050,0.203608364,16.45902344
Turkey,Konya,Akoren,2021,28050,0.204534411,16.56953165
Turkey,Konya,Akoren,2022,28050,0.195872307,15.54616088
Turkey,Konya,Akoren,2024,28050,0.201682985,16.23010039
Turkey,Konya,Akoren,2023,28050,0.187100053,14.53375422
Turkey,Konya,Aksehir,2020,28051,0.071139693,3.767252694
Turkey,Konya,Aksehir,2021,28051,0.07471268624067307,4.017555113
Turkey,Konya,Aksehir,2022,28051,0.075593144,4.080108926
Turkey,Konya,Aksehir,2023,28051,0.071929634,3.822099542
Turkey,Konya,Aksehir,2024,28051,0.071808577,3.813676204
Turkey,Konya,Altinekin,2020,28052,0.222941175,18.81905625
Turkey,Konya,Altinekin,2021,28052,0.231176198,19.85704806
Turkey,Konya,Altinekin,2022,28052,0.234936476,20.33725965
Turkey,Konya,Altinekin,2023,28052,0.223915696,18.94089727
Turkey,Konya,Altinekin,2024,28052,0.221201718,18.60224927
Turkey,Konya,Beysehir,2020,28053,0.166642129,12.27055205
Turkey,Konya,Beysehir,2021,28053,0.107791707,6.59813723
Turkey,Konya,Beysehir,2022,28053,0.072797112,3.882652013
Turkey,Konya,Beysehir,2023,28053,0.070732392,3.739082528
Turkey,Konya,Beysehir,2024,28053,0.07060736417770386,3.730450146
Turkey,Konya,Bozkir,2020,28054,0.242860556,21.36169783
Turkey,Konya,Bozkir,2021,28054,0.252116382,22.57914231
Turkey,Konya,Bozkir,2022,28054,0.258427739,23.42174915
Turkey,Konya,Bozkir,2023,28054,0.251331449,22.47504629
Turkey,Konya,Bozkir,2024,28054,0.246727034,21.8675805
Turkey,Konya,Celtik,2020,28055,0.207864717,16.96909689
Turkey,Konya,Celtik,2021,28055,0.213197395,17.61582857
Turkey,Konya,Celtik,2022,28055,0.209110558,17.11942992
Turkey,Konya,Celtik,2023,28055,0.238486275,20.79411069
Turkey,Konya,Celtik,2024,28055,0.20973517000675201,17.19497541
Turkey,Konya,Cihanbeyli,2020,28056,0.191540673,15.04318581
Turkey,Konya,Cihanbeyli,2021,28056,0.185771614,14.3825882
Turkey,Konya,Cihanbeyli,2022,28056,0.181581825,13.90958555
Turkey,Konya,Cihanbeyli,2023,28056,0.176920503,13.39014052
Turkey,Konya,Cihanbeyli,2024,28056,0.172416776,12.89515105
Turkey,Konya,Cumra,2020,28057,0.095084779,5.551746175
Turkey,Konya,Cumra,2021,28057,0.09846846014261246,5.823807747
Turkey,Konya,Cumra,2022,28057,0.097230427,5.723705929
Turkey,Konya,Cumra,2023,28057,0.094951198,5.541104749
Turkey,Konya,Cumra,2024,28057,0.096084721,5.6316435
Turkey,Konya,Derbent,2020,28058,0.218864903,18.31235063
Turkey,Konya,Derbent,2021,28058,0.198400676,15.84247143
Turkey,Konya,Derbent,2022,28058,0.198773295,15.88630859
Turkey,Konya,Derbent,2023,28058,0.208017379,16.98749331
Turkey,Konya,Derbent,2024,28058,0.20739533007144928,16.91257787
Turkey,Konya,Derebucak,2020,28059,0.205416873,16.67508131
Turkey,Konya,Derebucak,2021,28059,0.208483905,17.04375482
Turkey,Konya,Derebucak,2022,28059,0.195095301,15.45550196
Turkey,Konya,Derebucak,2023,28059,0.16226083040237427,11.80433019
Turkey,Konya,Derebucak,2024,28059,0.177360028,13.43881171
Turkey,Konya,Doganhisar,2020,28060,0.244883761,21.62592453
Turkey,Konya,Doganhisar,2021,28060,0.230005294,19.70830805
Turkey,Konya,Doganhisar,2022,28060,0.227818877,19.43158328
Turkey,Konya,Doganhisar,2023,28060,0.217936248,18.19758107
Turkey,Konya,Doganhisar,2024,28060,0.242695391,21.34017499
Turkey,Konya,Emirgazi,2020,28061,0.186812341,14.50096641
Turkey,Konya,Emirgazi,2021,28061,0.218009979,18.20668413
Turkey,Konya,Emirgazi,2022,28061,0.221126348,18.59287462
Turkey,Konya,Emirgazi,2023,28061,0.245001152,21.64128841
Turkey,Konya,Emirgazi,2024,28061,0.235754341,20.44221587
Turkey,Konya,Eregli,2020,28062,0.191671491,15.05828889
Turkey,Konya,Eregli,2021,28062,0.202372432,16.31194352
Turkey,Konya,Eregli,2022,28062,0.193728328,15.29646833
Turkey,Konya,Eregli,2023,28062,0.203483313,16.44412079
Turkey,Konya,Eregli,2024,28062,0.202801704,16.3629754
Turkey,Konya,Guneysinir,2020,28063,0.180131853,13.7472334
Turkey,Konya,Guneysinir,2021,28063,0.177856117,13.49382407
Turkey,Konya,Guneysinir,2022,28063,0.172247857,12.87671882
Turkey,Konya,Guneysinir,2023,28063,0.181337327,13.88216072
Turkey,Konya,Guneysinir,2024,28063,0.193522364,15.27255758
Turkey,Konya,Hadim,2020,28064,0.186104864,14.42045572
Turkey,Konya,Hadim,2021,28064,0.193297297,15.24644444
Turkey,Konya,Hadim,2022,28064,0.199532211,15.97572541
Turkey,Konya,Hadim,2023,28064,0.187222034,14.54766332
Turkey,Konya,Hadim,2024,28064,0.17810305953025818,13.52123854
Turkey,Konya,Halkapinar,2020,28065,0.269314349,24.89802374
Turkey,Konya,Halkapinar,2021,28065,0.283357143,26.84302441
Turkey,Konya,Halkapinar,2022,28065,0.281834722,26.63002383
Turkey,Konya,Halkapinar,2023,28065,0.283668369,26.8866302
Turkey,Konya,Halkapinar,2024,28065,0.284689963,27.02991401
Turkey,Konya,Huyuk,2020,28066,0.212088466,17.48064516
Turkey,Konya,Huyuk,2021,28066,0.222238868,18.73141653
Turkey,Konya,Huyuk,2022,28066,0.202013791,16.26935161
Turkey,Konya,Huyuk,2023,28066,0.17768535017967224,13.47487808
Turkey,Konya,Huyuk,2024,28066,0.195885688,15.54772383
Turkey,Konya,Ilgin,2020,28067,0.21243762969970703,17.52317061
Turkey,Konya,Ilgin,2021,28067,0.220608145,18.52846377
Turkey,Konya,Ilgin,2022,28067,0.203779101,16.47937844
Turkey,Konya,Ilgin,2024,28067,0.201888844,16.25452237
Turkey,Konya,Ilgin,2023,28067,0.177976668,13.50720454
Turkey,Konya,Kadinhani,2020,28068,0.206953406,16.85942627
Turkey,Konya,Kadinhani,2021,28068,0.213331684,17.63222365
Turkey,Konya,Kadinhani,2022,28068,0.198624924,15.86884815
Turkey,Konya,Kadinhani,2023,28068,0.198234439,15.82292815
Turkey,Konya,Kadinhani,2024,28068,0.196682245,15.64086365
Turkey,Konya,Karapinar,2020,28069,0.212570965,17.53941936
Turkey,Konya,Karapinar,2021,28069,0.220573246,18.52412877
Turkey,Konya,Karapinar,2022,28069,0.227329373,19.36981137
Turkey,Konya,Karapinar,2023,28069,0.228602648,19.5306289
Turkey,Konya,Karapinar,2024,28069,0.236874014,20.58619601
Turkey,Konya,Karatay,2021,28070,0.07121554017066956,3.772506723
Turkey,Konya,Karatay,2022,28070,0.073148102,3.907247702
Turkey,Konya,Karatay,2023,28070,0.06968935579061508,3.667282942
Turkey,Konya,Karatay,2024,28070,0.070362218,3.713544774
Turkey,Konya,Karatay,2020,28070,0.0703209862112999,3.710704091
Turkey,Konya,Kulu,2020,28071,0.190300927,14.90032559
Turkey,Konya,Kulu,2021,28071,0.195669591,15.52249034
Turkey,Konya,Kulu,2022,28071,0.1946416199207306,15.40265548
Turkey,Konya,Kulu,2023,28071,0.184342325,14.22058566
Turkey,Konya,Kulu,2024,28071,0.187604547,14.59131119
Turkey,Konya,Meram,2020,28072,0.117652133,7.455752486
Turkey,Konya,Meram,2021,28072,0.08588587492704391,4.83671071
Turkey,Konya,Meram,2022,28072,0.072139591,3.836724268
Turkey,Konya,Meram,2023,28072,0.0758674144744873,4.099665369
Turkey,Konya,Meram,2024,28072,0.07302406430244446,3.898549464
Turkey,Konya,Sarayonu,2020,28073,0.185691893,14.37353473
Turkey,Konya,Sarayonu,2021,28073,0.164815605,12.07537758
Turkey,Konya,Sarayonu,2022,28073,0.166396439,12.24423147
Turkey,Konya,Sarayonu,2023,28073,0.119987093,7.664547422
Turkey,Konya,Sarayonu,2024,28073,0.11820518970489502,7.505011696
Turkey,Konya,Selcuklu,2020,28074,0.081924736,4.54004152
Turkey,Konya,Selcuklu,2021,28074,0.085569292,4.812749683
Turkey,Konya,Selcuklu,2022,28074,0.080891483,4.463781198
Turkey,Konya,Selcuklu,2023,28074,0.078454807,4.285794863
Turkey,Konya,Selcuklu,2024,28074,0.07858655601739883,4.295351606
Turkey,Konya,Seydisehir,2020,28075,0.089750677,5.132710989
Turkey,Konya,Seydisehir,2021,28075,0.088619582,5.045416383
Turkey,Konya,Seydisehir,2022,28075,0.08891582489013672,5.068226423
Turkey,Konya,Seydisehir,2023,28075,0.086923718,4.91556547
Turkey,Konya,Seydisehir,2024,28075,0.091568328,5.27414003
Turkey,Konya,Taskent,2020,28076,0.15494894981384277,11.04126667
Turkey,Konya,Taskent,2021,28076,0.165228799,12.11942858
Turkey,Konya,Taskent,2022,28076,0.158548206,11.41451795
Turkey,Konya,Taskent,2023,28076,0.169393048,12.56667467
Turkey,Konya,Taskent,2024,28076,0.165839359,12.18462927
Turkey,Konya,Tuzlukcu,2020,28077,0.189284772,14.7835968
Turkey,Konya,Tuzlukcu,2021,28077,0.184506193,14.23912551
Turkey,Konya,Tuzlukcu,2022,28077,0.196452528,15.61398298
Turkey,Konya,Tuzlukcu,2023,28077,0.192207202,15.12019448
Turkey,Konya,Tuzlukcu,2024,28077,0.18397586047649384,14.17915599
Turkey,Konya,Yalihuyuk,2020,28078,0.230221644,19.73576251
Turkey,Konya,Yalihuyuk,2021,28078,0.213555485,17.65955878
Turkey,Konya,Yalihuyuk,2022,28078,0.195027173,15.44756201
Turkey,Konya,Yalihuyuk,2023,28078,0.193780988,15.30258396
Turkey,Konya,Yalihuyuk,2024,28078,0.150372535,10.57338405
Turkey,Konya,Yunak,2020,28079,0.191124558,14.99518084
Turkey,Konya,Yunak,2021,28079,0.194292992,15.36209002
Turkey,Konya,Yunak,2022,28079,0.195080653,15.45379471
Turkey,Konya,Yunak,2023,28079,0.181950524,13.95097895
Turkey,Konya,Yunak,2024,28079,0.18007498979568481,13.74088066
Turkey,Kutahya,Altintas,2020,28080,0.232249588,19.99373251
Turkey,Kutahya,Altintas,2021,28080,0.242269725,21.28473878
Turkey,Kutahya,Altintas,2022,28080,0.233416975,20.14274478
Turkey,Kutahya,Altintas,2023,28080,0.240109235,21.00410682
Turkey,Kutahya,Altintas,2024,28080,0.237657398,20.68713291
Turkey,Kutahya,Aslanapa,2020,28081,0.221101582,18.58979458
Turkey,Kutahya,Aslanapa,2021,28081,0.211365506,17.39270906
Turkey,Kutahya,Aslanapa,2022,28081,0.224506378,19.01487914
Turkey,Kutahya,Aslanapa,2023,28081,0.218606651,18.28040906
Turkey,Kutahya,Aslanapa,2024,28081,0.225528762,19.14316365
Turkey,Kutahya,Cavdarhisar,2020,28082,0.21398133039474487,17.71161248
Turkey,Kutahya,Cavdarhisar,2021,28082,0.21316424012184143,17.61178155
Turkey,Kutahya,Cavdarhisar,2022,28082,0.225266725,19.11025626
Turkey,Kutahya,Cavdarhisar,2023,28082,0.206363812,16.78860556
Turkey,Kutahya,Cavdarhisar,2024,28082,0.22813501954078674,19.47151387
Turkey,Kutahya,Domanic,2020,28083,0.196950406,15.67226389
Turkey,Kutahya,Domanic,2021,28083,0.200577617,16.09918881
Turkey,Kutahya,Domanic,2022,28083,0.192892462,15.1995143
Turkey,Kutahya,Domanic,2023,28083,0.19008629024028778,14.87564214
Turkey,Kutahya,Domanic,2024,28083,0.215138197,17.8532922
Turkey,Kutahya,Dumlupinar,2020,28084,0.257693887,23.32326716
Turkey,Kutahya,Dumlupinar,2021,28084,0.231963664,19.95729239
Turkey,Kutahya,Dumlupinar,2022,28084,0.230437815,19.7632072
Turkey,Kutahya,Dumlupinar,2023,28084,0.248762935,22.13551011
Turkey,Kutahya,Dumlupinar,2024,28084,0.267031968,24.58617939
Turkey,Kutahya,Emet,2020,28085,0.24844639003276825,22.09378202
Turkey,Kutahya,Emet,2021,28085,0.233139724,20.10732107
Turkey,Kutahya,Emet,2022,28085,0.241034538,21.12414582
Turkey,Kutahya,Emet,2023,28085,0.238922507,20.85048605
Turkey,Kutahya,Emet,2024,28085,0.251384288,22.48204885
Turkey,Kutahya,Gediz,2020,28086,0.201993406,16.26693191
Turkey,Kutahya,Gediz,2021,28086,0.203860596,16.48909719
Turkey,Kutahya,Gediz,2022,28086,0.204504073,16.56590709
Turkey,Kutahya,Gediz,2023,28086,0.224461213,19.00921877
Turkey,Kutahya,Gediz,2024,28086,0.22046414017677307,18.51057812
Turkey,Kutahya,Hisarcik,2020,28087,0.253686965,22.78789575
Turkey,Kutahya,Hisarcik,2021,28087,0.24884220957756042,22.14596432
Turkey,Kutahya,Hisarcik,2022,28087,0.246976435,21.90034488
Turkey,Kutahya,Hisarcik,2023,28087,0.253678143,22.78672151
Turkey,Kutahya,Hisarcik,2024,28087,0.260040224,23.63860646
Turkey,Kutahya,Merkez,2020,28088,0.078717537,4.304860267
Turkey,Kutahya,Merkez,2021,28088,0.08693468570709229,4.91640124
Turkey,Kutahya,Merkez,2022,28088,0.085255593,4.789049712
Turkey,Kutahya,Merkez,2023,28088,0.074459292,3.999616114
Turkey,Kutahya,Merkez,2024,28088,0.073788151,3.952240996
Turkey,Kutahya,Pazarlar,2020,28089,0.212693825,17.55439617
Turkey,Kutahya,Pazarlar,2021,28089,0.2061372995376587,16.7614253
Turkey,Kutahya,Pazarlar,2022,28089,0.222120017,18.71659911
Turkey,Kutahya,Pazarlar,2023,28089,0.21120212972164154,17.37285849
Turkey,Kutahya,Pazarlar,2024,28089,0.215846106,17.94018207
Turkey,Kutahya,Saphane,2020,28090,0.223490089,18.88765197
Turkey,Kutahya,Saphane,2021,28090,0.216801181,18.0576411
Turkey,Kutahya,Saphane,2022,28090,0.199877247,16.01643719
Turkey,Kutahya,Saphane,2023,28090,0.2063799500465393,16.79054262
Turkey,Kutahya,Saphane,2024,28090,0.227208585,19.35457895
Turkey,Kutahya,Simav,2020,28091,0.256387651,23.14830077
Turkey,Kutahya,Simav,2021,28091,0.248704582,22.12781589
Turkey,Kutahya,Simav,2022,28091,0.211687922,17.43190656
Turkey,Kutahya,Simav,2023,28091,0.224379435,18.99897144
Turkey,Kutahya,Simav,2024,28091,0.24063166975975037,21.0718541
Turkey,Kutahya,Tavsanli,2020,28092,0.200107977,16.04368213
Turkey,Kutahya,Tavsanli,2021,28092,0.196452871,15.61402307
Turkey,Kutahya,Tavsanli,2022,28092,0.186690658,14.4871074
Turkey,Kutahya,Tavsanli,2023,28092,0.173337653,12.99580558
Turkey,Kutahya,Tavsanli,2024,28092,0.178986818,13.61951581
Turkey,Malatya,Akcadag,2020,28093,0.186217204,14.43322913
Turkey,Malatya,Akcadag,2021,28093,0.17659690976142883,13.3543483
Turkey,Malatya,Akcadag,2022,28093,0.177362368,13.43907095
Turkey,Malatya,Akcadag,2023,28093,0.186344028,14.44765433
Turkey,Malatya,Akcadag,2024,28093,0.19345737993717194,15.26501625
Turkey,Malatya,Arapkir,2020,28094,0.177088529,13.40873937
Turkey,Malatya,Arapkir,2021,28094,0.168222308,12.44033252
Turkey,Malatya,Arapkir,2022,28094,0.165641248,12.16345918
Turkey,Malatya,Arapkir,2023,28094,0.16708531975746155,12.31808333
Turkey,Malatya,Arapkir,2024,28094,0.180513173,13.78986233
Turkey,Malatya,Arguvan,2020,28095,0.190738767,14.95072347
Turkey,Malatya,Arguvan,2021,28095,0.201270789,16.181239
Turkey,Malatya,Arguvan,2022,28095,0.212276131,17.50349684
Turkey,Malatya,Arguvan,2023,28095,0.190052629,14.87177233
Turkey,Malatya,Arguvan,2024,28095,0.190833539,14.96164024
Turkey,Malatya,Battalgazi,2020,28096,0.240038425,20.99492999
Turkey,Malatya,Battalgazi,2021,28096,0.236722335,20.56667165
Turkey,Malatya,Battalgazi,2022,28096,0.234503984,20.28183154
Turkey,Malatya,Battalgazi,2023,28096,0.220975071,18.57406351
Turkey,Malatya,Battalgazi,2024,28096,0.228863016,19.56356956
Turkey,Malatya,Darende,2020,28097,0.268281311,24.75672691
Turkey,Malatya,Darende,2021,28097,0.273101211,25.41810809
Turkey,Malatya,Darende,2022,28097,0.271087348,25.14111211
Turkey,Malatya,Darende,2023,28097,0.268226326,24.74921315
Turkey,Malatya,Darende,2024,28097,0.2695765495300293,24.9339268
Turkey,Malatya,Dogansehir,2020,28098,0.1949431598186493,15.43777279
Turkey,Malatya,Dogansehir,2021,28098,0.188763946,14.72389629
Turkey,Malatya,Dogansehir,2022,28098,0.190064967,14.8731907
Turkey,Malatya,Dogansehir,2023,28098,0.185086936,14.30490054
Turkey,Malatya,Dogansehir,2024,28098,0.189423412,14.79950336
Turkey,Malatya,Doganyol,2020,28099,0.204932511,16.61711833
Turkey,Malatya,Doganyol,2021,28099,0.178853303,13.60465186
Turkey,Malatya,Doganyol,2022,28099,0.191485092,15.03677049
Turkey,Malatya,Doganyol,2023,28099,0.226292402,19.23917397
Turkey,Malatya,Doganyol,2024,28099,0.240248054,21.02210129
Turkey,Malatya,Hekimhan,2020,28100,0.238141626,20.74960675
Turkey,Malatya,Hekimhan,2021,28100,0.263553798,24.11332494
Turkey,Malatya,Hekimhan,2022,28100,0.264115393,24.18947791
Turkey,Malatya,Hekimhan,2023,28100,0.281247556,26.5480103
Turkey,Malatya,Hekimhan,2024,28100,0.265549332,24.38426396
Turkey,Malatya,Kale,2020,28101,0.202090755,16.27848852
Turkey,Malatya,Kale,2021,28101,0.214728683,17.80309481
Turkey,Malatya,Kale,2022,28101,0.224823192,19.0546001
Turkey,Malatya,Kale,2023,28101,0.201177329,16.17016758
Turkey,Malatya,Kale,2024,28101,0.208375901,17.03072411
Turkey,Malatya,Kuluncak,2020,28102,0.201313332,16.18627958
Turkey,Malatya,Kuluncak,2021,28102,0.202403277,16.31560854
Turkey,Malatya,Kuluncak,2022,28102,0.203430668,16.43784826
Turkey,Malatya,Kuluncak,2023,28102,0.20756801962852478,16.93336378
Turkey,Malatya,Kuluncak,2024,28102,0.2570270299911499,23.23389099
Turkey,Malatya,Merkez,2020,28103,0.098613232,5.83555538
Turkey,Malatya,Merkez,2021,28103,0.093379229,5.416445655
Turkey,Malatya,Merkez,2022,28103,0.097551636,5.749615647
Turkey,Malatya,Merkez,2023,28103,0.09906323999166489,5.872127588
Turkey,Malatya,Merkez,2024,28103,0.09802689403295517,5.788030871
Turkey,Malatya,Poturge,2020,28104,0.215895414,17.94623965
Turkey,Malatya,Poturge,2021,28104,0.18159916996955872,13.91153184
Turkey,Malatya,Poturge,2022,28104,0.179661661,13.69473557
Turkey,Malatya,Poturge,2023,28104,0.181803912,13.9345136
Turkey,Malatya,Poturge,2024,28104,0.199139208,15.9293988
Turkey,Malatya,Yazihan,2020,28105,0.272151947,25.28742533
Turkey,Malatya,Yazihan,2021,28105,0.26139611,23.82144585
Turkey,Malatya,Yazihan,2022,28105,0.267606437,24.6645544
Turkey,Malatya,Yazihan,2023,28105,0.261812925,23.87774249
Turkey,Malatya,Yazihan,2024,28105,0.251189709,22.45626572
Turkey,Malatya,Yesilyurt,2020,28106,0.0792541652917862,4.343896008
Turkey,Malatya,Yesilyurt,2021,28106,0.079322569,4.348880989
Turkey,Malatya,Yesilyurt,2022,28106,0.08029633015394211,4.42006768
Turkey,Malatya,Yesilyurt,2023,28106,0.07850909978151321,4.289732181
Turkey,Malatya,Yesilyurt,2024,28106,0.078069776,4.25790946
Turkey,Manisa,Ahmetli,2020,28107,0.159850985,11.55075219
Turkey,Manisa,Ahmetli,2021,28107,0.154957071,11.04210365
Turkey,Manisa,Ahmetli,2022,28107,0.111653171,6.929309437
Turkey,Manisa,Ahmetli,2023,28107,0.137211129,9.270510655
Turkey,Manisa,Ahmetli,2024,28107,0.146957785,10.2292128
Turkey,Manisa,Akhisar,2020,28108,0.158554837,11.41520985
Turkey,Manisa,Akhisar,2021,28108,0.158546448,11.41433449
Turkey,Manisa,Akhisar,2022,28108,0.130888328,8.667683506
Turkey,Manisa,Akhisar,2023,28108,0.139630437,9.505175079
Turkey,Manisa,Akhisar,2024,28108,0.14465712010860443,9.999737234
Turkey,Manisa,Alasehir,2020,28109,0.090452462,5.187148488
Turkey,Manisa,Alasehir,2021,28109,0.078493617,4.288609262
Turkey,Manisa,Alasehir,2022,28109,0.078092992,4.259588998
Turkey,Manisa,Alasehir,2023,28109,0.08050815016031265,4.435607902
Turkey,Manisa,Alasehir,2024,28109,0.07949008047580719,4.36109721
Turkey,Manisa,Demirci,2020,28110,0.213566869,17.66094968
Turkey,Manisa,Demirci,2021,28110,0.206958517,16.86004066
Turkey,Manisa,Demirci,2022,28110,0.206960484,16.86027711
Turkey,Manisa,Demirci,2023,28110,0.217483282,18.14169106
Turkey,Manisa,Demirci,2024,28110,0.214378834,17.76024986
Turkey,Manisa,Golmarmara,2020,28111,0.097182721,5.719861514
Turkey,Manisa,Golmarmara,2021,28111,0.08968199044466019,5.127394279
Turkey,Manisa,Golmarmara,2022,28111,0.082082383,4.551717862
Turkey,Manisa,Golmarmara,2023,28111,0.098971777,5.86468748
Turkey,Manisa,Golmarmara,2024,28111,0.11741967499256134,7.43508445
Turkey,Manisa,Gordes,2020,28112,0.217666879,18.16433738
Turkey,Manisa,Gordes,2021,28112,0.202955216,16.38123855
Turkey,Manisa,Gordes,2022,28112,0.203601807,16.45824196
Turkey,Manisa,Gordes,2023,28112,0.196321532,15.59866163
Turkey,Manisa,Gordes,2024,28112,0.207695678,16.94873523
Turkey,Manisa,Kirkagac,2020,28113,0.213280231,17.62594115
Turkey,Manisa,Kirkagac,2021,28113,0.210764796,17.31976049
Turkey,Manisa,Kirkagac,2022,28113,0.216341347,18.00105555
Turkey,Manisa,Kirkagac,2023,28113,0.220384181,18.50064956
Turkey,Manisa,Kirkagac,2024,28113,0.215926677,17.9500807
Turkey,Manisa,Koprubasi,2020,28114,0.194249332,15.3570125
Turkey,Manisa,Koprubasi,2021,28114,0.17476963996887207,13.15289494
Turkey,Manisa,Koprubasi,2022,28114,0.172806591,12.93772386
Turkey,Manisa,Koprubasi,2023,28114,0.185325921,14.33199986
Turkey,Manisa,Koprubasi,2024,28114,0.180603743,13.79999438
Turkey,Manisa,Kula,2020,28115,0.216969132,18.07832385
Turkey,Manisa,Kula,2021,28115,0.203660637,16.46525442
Turkey,Manisa,Kula,2022,28115,0.19018206000328064,14.88665396
Turkey,Manisa,Kula,2023,28115,0.196681827,15.64081481
Turkey,Manisa,Kula,2024,28115,0.196489722,15.6183341
Turkey,Manisa,Merkez,2020,28116,0.076551519,4.148589787
Turkey,Manisa,Merkez,2021,28116,0.076430462,4.139917171
Turkey,Manisa,Merkez,2022,28116,0.076430462,4.139917171
Turkey,Manisa,Merkez,2023,28116,0.078665771,4.301101333
Turkey,Manisa,Merkez,2024,28116,0.078737348,4.306299123
Turkey,Manisa,Salihli,2020,28117,0.076574378,4.150228107
Turkey,Manisa,Salihli,2021,28117,0.076432779,4.140083111
Turkey,Manisa,Salihli,2022,28117,0.079503551,4.362080129
Turkey,Manisa,Salihli,2023,28117,0.077669337,4.22897757
Turkey,Manisa,Salihli,2024,28117,0.076839477,4.169245359
Turkey,Manisa,Sarigol,2020,28118,0.168775856,12.50001096
Turkey,Manisa,Sarigol,2021,28118,0.145132229,10.04696645
Turkey,Manisa,Sarigol,2022,28118,0.11429814994335175,7.159639343
Turkey,Manisa,Sarigol,2023,28118,0.131021962,8.680266534
Turkey,Manisa,Sarigol,2024,28118,0.134591222,9.018878905
Turkey,Manisa,Saruhanli,2020,28119,0.212240785,17.49919208
Turkey,Manisa,Saruhanli,2021,28119,0.217699975,18.16842068
Turkey,Manisa,Saruhanli,2022,28119,0.218840018,18.30927193
Turkey,Manisa,Saruhanli,2023,28119,0.220686764,18.53823084
Turkey,Manisa,Saruhanli,2024,28119,0.21422486007213593,17.74140457
Turkey,Manisa,Selendi,2020,28120,0.172610119,12.91626014
Turkey,Manisa,Selendi,2021,28120,0.169935033,12.62532276
Turkey,Manisa,Selendi,2022,28120,0.175424457,13.22495856
Turkey,Manisa,Selendi,2023,28120,0.164284542,12.01884762
Turkey,Manisa,Selendi,2024,28120,0.181205362,13.8673667
Turkey,Manisa,Soma,2020,28121,0.138525173,9.397695439
Turkey,Manisa,Soma,2021,28121,0.120299071,7.692608628
Turkey,Manisa,Soma,2022,28121,0.079798162,4.383597098
Turkey,Manisa,Soma,2023,28121,0.09250133484601974,5.347283936
Turkey,Manisa,Soma,2024,28121,0.125056371,8.125258587
Turkey,Manisa,Turgutlu,2020,28122,0.090352193,5.179357634
Turkey,Manisa,Turgutlu,2021,28122,0.094800428,5.529103113
Turkey,Manisa,Turgutlu,2022,28122,0.09304217994213104,5.389853698
Turkey,Manisa,Turgutlu,2023,28122,0.09150893986225128,5.269496771
Turkey,Manisa,Turgutlu,2024,28122,0.093357228,5.41470834
Turkey,Mardin,Dargecit,2020,28123,0.183671027,14.14472728
Turkey,Mardin,Dargecit,2021,28123,0.20420441031455994,16.53012161
Turkey,Mardin,Dargecit,2022,28123,0.18818899989128113,14.65809325
Turkey,Mardin,Dargecit,2023,28123,0.205877498,16.73026963
Turkey,Mardin,Dargecit,2024,28123,0.209427699,17.15777293
Turkey,Mardin,Derik,2020,28124,0.240016282,20.99206057
Turkey,Mardin,Derik,2021,28124,0.231378138,19.88273879
Turkey,Mardin,Derik,2022,28124,0.237582311,20.67745102
Turkey,Mardin,Derik,2023,28124,0.233372942,20.13711739
Turkey,Mardin,Derik,2024,28124,0.231538147,19.90310295
Turkey,Mardin,Kiziltepe,2020,28125,0.204585046,16.57558151
Turkey,Mardin,Kiziltepe,2021,28125,0.21373260021209717,17.68120218
Turkey,Mardin,Kiziltepe,2022,28125,0.210782155,17.32186711
Turkey,Mardin,Kiziltepe,2023,28125,0.186232954,14.43502035
Turkey,Mardin,Kiziltepe,2024,28125,0.163101017,11.89321818
Turkey,Mardin,Mazidagi,2020,28126,0.200365752,16.07414012
Turkey,Mardin,Mazidagi,2021,28126,0.185585886,14.36149935
Turkey,Mardin,Mazidagi,2022,28126,0.206137791,16.76148429
Turkey,Mardin,Mazidagi,2023,28126,0.212851182,17.57358462
Turkey,Mardin,Mazidagi,2024,28126,0.210541769862175,17.29270419
Turkey,Mardin,Merkez,2020,28127,0.06865089386701584,3.596285044
Turkey,Mardin,Merkez,2021,28127,0.068238407,3.568219086
Turkey,Mardin,Merkez,2022,28127,0.067886762,3.544353556
Turkey,Mardin,Merkez,2023,28127,0.06778695434331894,3.537589954
Turkey,Mardin,Merkez,2024,28127,0.06778695434331894,3.537589954
Turkey,Mardin,Midyat,2020,28128,0.070652299,3.733551768
Turkey,Mardin,Midyat,2021,28128,0.071309507,3.779019518
Turkey,Mardin,Midyat,2022,28128,0.075309388,4.05991135
Turkey,Mardin,Midyat,2023,28128,0.073565543,3.93657165
Turkey,Mardin,Midyat,2024,28128,0.060890339,3.081208286
Turkey,Mardin,Nusaybin,2020,28129,0.068366222,3.576907497
Turkey,Mardin,Nusaybin,2021,28129,0.069227472,3.635644674
Turkey,Mardin,Nusaybin,2022,28129,0.07261094450950623,3.869628606
Turkey,Mardin,Nusaybin,2023,28129,0.072228692,3.842936661
Turkey,Mardin,Nusaybin,2024,28129,0.067532122,3.520341405
Turkey,Mardin,Omerli,2020,28130,0.152011305,10.74006026
Turkey,Mardin,Omerli,2021,28130,0.154132366,10.95722853
Turkey,Mardin,Omerli,2022,28130,0.15318205952644348,10.85972963
Turkey,Mardin,Omerli,2023,28130,0.167743146,12.38875874
Turkey,Mardin,Omerli,2024,28130,0.174593419,13.13352614
Turkey,Mardin,Savur,2020,28131,0.167531624,12.36601704
Turkey,Mardin,Savur,2021,28131,0.1770641803741455,13.40604363
Turkey,Mardin,Savur,2022,28131,0.156852931,11.23813953
Turkey,Mardin,Savur,2023,28131,0.159288138,11.4918206
Turkey,Mardin,Savur,2024,28131,0.159017354,11.46350864
Turkey,Mardin,Yesilli,2020,28132,0.178705305,13.58818236
Turkey,Mardin,Yesilli,2021,28132,0.165981859,12.19986516
Turkey,Mardin,Yesilli,2022,28132,0.155171886,11.0642515
Turkey,Mardin,Yesilli,2023,28132,0.151666969,10.70495786
Turkey,Mardin,Yesilli,2024,28132,0.169454485,12.57331776
Turkey,Mugla,Bodrum,2020,28133,0.05126391351222992,2.480839636
Turkey,Mugla,Bodrum,2021,28133,0.05031999200582504,2.424301351
Turkey,Mugla,Bodrum,2022,28133,0.053643171,2.625208116
Turkey,Mugla,Bodrum,2023,28133,0.051679712,2.505877827
Turkey,Mugla,Bodrum,2024,28133,0.051679712,2.505877827
Turkey,Mugla,Dalaman,2020,28134,0.075310722,4.060006196
Turkey,Mugla,Dalaman,2021,28134,0.071489297,3.791491727
Turkey,Mugla,Dalaman,2022,28134,0.068201929,3.565740787
Turkey,Mugla,Dalaman,2023,28134,0.071001463,3.757683894
Turkey,Mugla,Dalaman,2024,28134,0.07477198541164398,4.021757313
Turkey,Mugla,Datca,2020,28135,0.201828539,16.24736678
Turkey,Mugla,Datca,2021,28135,0.204359397,16.54862664
Turkey,Mugla,Datca,2022,28135,0.164255559,12.01576531
Turkey,Mugla,Datca,2023,28135,0.188564181,14.70102099
Turkey,Mugla,Datca,2024,28135,0.211174548,17.369508
Turkey,Mugla,Fethiye,2020,28136,0.075124398,4.046763077
Turkey,Mugla,Fethiye,2021,28136,0.070892528,3.750149087
Turkey,Mugla,Fethiye,2022,28136,0.071557559,3.796230942
Turkey,Mugla,Fethiye,2023,28136,0.07079840451478958,3.743643069
Turkey,Mugla,Fethiye,2024,28136,0.070892528,3.750149087
Turkey,Mugla,Kavaklidere,2020,28137,0.221863925,18.6846855
Turkey,Mugla,Kavaklidere,2021,28137,0.215826631,17.93778962
Turkey,Mugla,Kavaklidere,2022,28137,0.204002976,16.50608187
Turkey,Mugla,Kavaklidere,2023,28137,0.227246761,19.3593929
Turkey,Mugla,Kavaklidere,2024,28137,0.233105525,20.1029531
Turkey,Mugla,Koycegiz,2020,28138,0.199582279,15.98163078
Turkey,Mugla,Koycegiz,2021,28138,0.183364362,14.11012219
Turkey,Mugla,Koycegiz,2022,28138,0.170649529,12.70279155
Turkey,Mugla,Koycegiz,2023,28138,0.15403831005096436,10.94756416
Turkey,Mugla,Koycegiz,2024,28138,0.167747363,12.38921229
Turkey,Mugla,Marmaris,2020,28139,0.090548098,5.194583273
Turkey,Mugla,Marmaris,2021,28139,0.10390720516443253,6.271143664
Turkey,Mugla,Marmaris,2022,28139,0.08975313603878021,5.132901342
Turkey,Mugla,Marmaris,2023,28139,0.10181161016225815,6.097324061
Turkey,Mugla,Marmaris,2024,28139,0.11982950568199158,7.650387715
Turkey,Mugla,Merkez,2020,28140,0.103609189,6.246313747
Turkey,Mugla,Merkez,2021,28140,0.1037079244852066,6.254536037
Turkey,Mugla,Merkez,2022,28140,0.07913414388895035,4.335154328
Turkey,Mugla,Merkez,2023,28140,0.079294838,4.346859817
Turkey,Mugla,Merkez,2024,28140,0.117818616,7.470567872
Turkey,Mugla,Milas,2020,28141,0.224631011,19.03050184
Turkey,Mugla,Milas,2021,28141,0.198923141,15.90394957
Turkey,Mugla,Milas,2022,28141,0.207820386,16.96375615
Turkey,Mugla,Milas,2023,28141,0.209263891,17.13796442
Turkey,Mugla,Milas,2024,28141,0.205066234,16.63311367
Turkey,Mugla,Ortaca,2020,28142,0.04867332801222801,2.326676761
Turkey,Mugla,Ortaca,2021,28142,0.06323421001434326,3.233877082
Turkey,Mugla,Ortaca,2022,28142,0.043412283062934875,2.02339115
Turkey,Mugla,Ortaca,2023,28142,0.039632041,1.81364493
Turkey,Mugla,Ortaca,2024,28142,0.04911405220627785,2.352680112
Turkey,Mugla,Ula,2020,28143,0.236017495,20.47602483
Turkey,Mugla,Ula,2021,28143,0.225311577,19.1158876
Turkey,Mugla,Ula,2022,28143,0.222015947,18.70362789
Turkey,Mugla,Ula,2023,28143,0.236903727,20.59002143
Turkey,Mugla,Ula,2024,28143,0.22618936002254486,19.22620929
Turkey,Mugla,Yatagan,2020,28144,0.253772229,22.79924638
Turkey,Mugla,Yatagan,2021,28144,0.230113223,19.72200246
Turkey,Mugla,Yatagan,2022,28144,0.219091356,18.34037501
Turkey,Mugla,Yatagan,2023,28144,0.226598322,19.27768247
Turkey,Mugla,Yatagan,2024,28144,0.222189665,18.72528175
Turkey,Mus,Bulanik,2020,28145,0.1968616396188736,15.66186736
Turkey,Mus,Bulanik,2021,28145,0.193792954,15.30397368
Turkey,Mus,Bulanik,2022,28145,0.206697494,16.82867375
Turkey,Mus,Bulanik,2023,28145,0.190584302,14.93293666
Turkey,Mus,Bulanik,2024,28145,0.207680255,16.94687791
Turkey,Mus,Haskoy,2020,28146,0.199259818,15.94361103
Turkey,Mus,Haskoy,2021,28146,0.208108217,16.9984429
Turkey,Mus,Haskoy,2022,28146,0.12182462960481644,7.830380338
Turkey,Mus,Haskoy,2023,28146,0.117977627,7.484728544
Turkey,Mus,Haskoy,2024,28146,0.117575862,7.448968744
Turkey,Mus,Korkut,2020,28147,0.179637611,13.69205225
Turkey,Mus,Korkut,2021,28147,0.189304143,14.78581897
Turkey,Mus,Korkut,2022,28147,0.194797859,15.42084745
Turkey,Mus,Korkut,2023,28147,0.19240427017211914,15.14299012
Turkey,Mus,Korkut,2024,28147,0.193823695,15.30754425
Turkey,Mus,Malazgirt,2021,28148,0.196971089,15.67468667
Turkey,Mus,Malazgirt,2022,28148,0.214804351,17.81236636
Turkey,Mus,Malazgirt,2023,28148,0.230882704,19.81973007
Turkey,Mus,Malazgirt,2024,28148,0.209786534,17.20119285583496
Turkey,Mus,Merkez,2022,28149,0.116735443,7.374373946
Turkey,Mus,Merkez,2023,28149,0.075639486,4.083410968
Turkey,Mus,Merkez,2024,28149,0.110740587,6.85049602
Turkey,Mus,Merkez,2020,28149,0.178570986,13.5732414
Turkey,Mus,Merkez,2021,28149,0.166165441,12.2195039
Turkey,Mus,Varto,2020,28150,0.231323928,19.87584108
Turkey,Mus,Varto,2021,28150,0.240850389,21.10023824
Turkey,Mus,Varto,2022,28150,0.233517632,20.15561072
Turkey,Mus,Varto,2023,28150,0.212190837,17.49310941
Turkey,Mus,Varto,2024,28150,0.228718221,19.54524843
Turkey,Nevsehir,Acigol,2020,28151,0.175542951,13.23801441
Turkey,Nevsehir,Acigol,2021,28151,0.177956671,13.5049846
Turkey,Nevsehir,Acigol,2022,28151,0.173520073,13.01577866
Turkey,Nevsehir,Acigol,2023,28151,0.177176282,13.41845655
Turkey,Nevsehir,Acigol,2024,28151,0.177881807,13.49667508
Turkey,Nevsehir,Avanos,2020,28152,0.228883445,19.56615501
Turkey,Nevsehir,Avanos,2021,28152,0.222071096,18.71050129
Turkey,Nevsehir,Avanos,2022,28152,0.2368384599685669,20.58161886
Turkey,Nevsehir,Avanos,2023,28152,0.220140815,18.47044222
Turkey,Nevsehir,Avanos,2024,28152,0.213734478,17.68143167
Turkey,Nevsehir,Derinkuyu,2020,28153,0.105917409,6.439586117
Turkey,Nevsehir,Derinkuyu,2021,28153,0.106259979,6.468457265
Turkey,Nevsehir,Derinkuyu,2022,28153,0.108669639,6.672898112
Turkey,Nevsehir,Derinkuyu,2023,28153,0.099856123,5.936771541
Turkey,Nevsehir,Derinkuyu,2024,28153,0.0988767147064209,5.856958351
Turkey,Nevsehir,Gulsehir,2020,28154,0.194851339,15.4270763
Turkey,Nevsehir,Gulsehir,2021,28154,0.183467239,14.12172778
Turkey,Nevsehir,Gulsehir,2022,28154,0.197445273,15.73026917
Turkey,Nevsehir,Gulsehir,2023,28154,0.197679564,15.75775794
Turkey,Nevsehir,Gulsehir,2024,28154,0.199461639,15.96740298
Turkey,Nevsehir,Hacibektas,2020,28155,0.215731502,17.92610537
Turkey,Nevsehir,Hacibektas,2021,28155,0.217316955,18.12118345
Turkey,Nevsehir,Hacibektas,2022,28155,0.221880049,18.68669418
Turkey,Nevsehir,Hacibektas,2023,28155,0.226982236,19.32604558
Turkey,Nevsehir,Hacibektas,2024,28155,0.221929744,18.69288588
Turkey,Nevsehir,Kozakli,2020,28156,0.225255221,19.10881203
Turkey,Nevsehir,Kozakli,2021,28156,0.21265769004821777,17.54999076
Turkey,Nevsehir,Kozakli,2022,28156,0.209872574,17.21160972
Turkey,Nevsehir,Kozakli,2023,28156,0.217994317,18.20475042
Turkey,Nevsehir,Kozakli,2024,28156,0.209198296,17.13003461
Turkey,Nevsehir,Merkez,2020,28157,0.075578824,4.079088777
Turkey,Nevsehir,Merkez,2021,28157,0.07613788545131683,4.118983561
Turkey,Nevsehir,Merkez,2022,28157,0.07529878616333008,4.059157385
Turkey,Nevsehir,Merkez,2023,28157,0.0732312947511673,3.913085558
Turkey,Nevsehir,Merkez,2024,28157,0.074931681,4.033081835
Turkey,Nevsehir,Urgup,2020,28158,0.173650533,13.03006951
Turkey,Nevsehir,Urgup,2021,28158,0.107592903,6.581251708
Turkey,Nevsehir,Urgup,2022,28158,0.11380477994680405,7.11646174
Turkey,Nevsehir,Urgup,2023,28158,0.10158400982618332,6.078555386
Turkey,Nevsehir,Urgup,2024,28158,0.08644220978021622,4.878922819
Turkey,Nigde,Altunhisar,2020,28159,0.229815543,19.68423955
Turkey,Nigde,Altunhisar,2021,28159,0.225903511,19.19025937
Turkey,Nigde,Altunhisar,2022,28159,0.2207227498292923,18.54270214
Turkey,Nigde,Altunhisar,2023,28159,0.225426972,19.13037828
Turkey,Nigde,Altunhisar,2024,28159,0.222869992,18.81016707
Turkey,Nigde,Bor,2020,28160,0.130017281,8.585833262
Turkey,Nigde,Bor,2021,28160,0.09296968579292297,5.384140485
Turkey,Nigde,Bor,2022,28160,0.07800282537937164,4.253067298
Turkey,Nigde,Bor,2023,28160,0.08304889500141144,4.623541178
Turkey,Nigde,Bor,2024,28160,0.083263949,4.639577632
Turkey,Nigde,Camardi,2020,28161,0.195734844,15.53010826
Turkey,Nigde,Camardi,2021,28161,0.192608044,15.16657437
Turkey,Nigde,Camardi,2022,28161,0.196001917,15.56130189
Turkey,Nigde,Camardi,2023,28161,0.19870615005493164,15.87840609
Turkey,Nigde,Camardi,2024,28161,0.191149384,14.99804326
Turkey,Nigde,Ciftlik,2020,28162,0.207312435,16.90260332
Turkey,Nigde,Ciftlik,2021,28162,0.2021978795528412,16.29120893
Turkey,Nigde,Ciftlik,2022,28162,0.202201903,16.29168674
Turkey,Nigde,Ciftlik,2023,28162,0.203563362,16.45365993
Turkey,Nigde,Ciftlik,2024,28162,0.212492168,17.5298162
Turkey,Nigde,Merkez,2020,28163,0.07124840468168259,3.774784098
Turkey,Nigde,Merkez,2021,28163,0.071458198,3.78933334
Turkey,Nigde,Merkez,2022,28163,0.074988432,4.037108961
Turkey,Nigde,Merkez,2023,28163,0.074396558,3.995179294
Turkey,Nigde,Merkez,2024,28163,0.076785423,4.165365197
Turkey,Nigde,Ulukisla,2020,28164,0.25610291957855225,23.11021791
Turkey,Nigde,Ulukisla,2021,28164,0.2571415603160858,23.24923323
Turkey,Nigde,Ulukisla,2022,28164,0.252509385,22.63131994
Turkey,Nigde,Ulukisla,2023,28164,0.258198857,23.3910193
Turkey,Nigde,Ulukisla,2024,28164,0.265560359,24.38576374
Turkey,Ordu,Akkus,2020,28165,0.245512545,21.70826004
Turkey,Ordu,Akkus,2021,28165,0.249296039,22.20584368
Turkey,Ordu,Akkus,2022,28165,0.247896016,22.021291
Turkey,Ordu,Akkus,2023,28165,0.249315262,22.2083811
Turkey,Ordu,Akkus,2024,28165,0.2627484202384949,24.00424692
Turkey,Ordu,Aybasti,2020,28166,0.278083473,26.10737702
Turkey,Ordu,Aybasti,2021,28166,0.277607322,26.04126124
Turkey,Ordu,Aybasti,2022,28166,0.264799118,24.28229378
Turkey,Ordu,Aybasti,2023,28166,0.291040003,27.92557772
Turkey,Ordu,Aybasti,2024,28166,0.285207212,27.10254737
Turkey,Ordu,Camas,2020,28167,0.242818564,21.35622518
Turkey,Ordu,Camas,2021,28167,0.249109626,22.18124147
Turkey,Ordu,Camas,2022,28167,0.22224389016628265,18.73204268
Turkey,Ordu,Camas,2023,28167,0.252742708,22.66231574
Turkey,Ordu,Camas,2024,28167,0.242085546,21.26076729
Turkey,Ordu,Catalpinar,2020,28168,0.259424895,23.55577803
Turkey,Ordu,Catalpinar,2021,28168,0.191056699,14.98735744
Turkey,Ordu,Catalpinar,2022,28168,0.149260938,10.46088006
Turkey,Ordu,Catalpinar,2023,28168,0.160276398,11.59536826
Turkey,Ordu,Catalpinar,2024,28168,0.10266797989606857,6.168135909
Turkey,Ordu,Caybasi,2020,28169,0.217974186,18.20226486
Turkey,Ordu,Caybasi,2021,28169,0.231955886,19.95630137
Turkey,Ordu,Caybasi,2022,28169,0.207579583,16.93475593
Turkey,Ordu,Caybasi,2023,28169,0.230329275,19.74942554
Turkey,Ordu,Caybasi,2024,28169,0.2205832302570343,18.52536889
Turkey,Ordu,Fatsa,2020,28170,0.079637751,4.371876714
Turkey,Ordu,Fatsa,2021,28170,0.077926949,4.247581978
Turkey,Ordu,Fatsa,2022,28170,0.079593018,4.368610306
Turkey,Ordu,Fatsa,2023,28170,0.082797348,4.604809042
Turkey,Ordu,Fatsa,2024,28170,0.0829591155052185,4.616852322
Turkey,Ordu,Golkoy,2020,28171,0.175039425,13.18256781
Turkey,Ordu,Golkoy,2021,28171,0.0913827195763588,5.259633315
Turkey,Ordu,Golkoy,2022,28171,0.08323365449905396,4.637317397
Turkey,Ordu,Golkoy,2023,28171,0.0868011862039566,4.906231307
Turkey,Ordu,Golkoy,2024,28171,0.09077169001102448,5.211980737
Turkey,Ordu,Gulyali,2020,28172,0.232689977,20.04990262
Turkey,Ordu,Gulyali,2021,28172,0.207234651,16.89324565
Turkey,Ordu,Gulyali,2022,28172,0.171017572,12.74276441
Turkey,Ordu,Gulyali,2023,28172,0.176869601,13.38450796
Turkey,Ordu,Gulyali,2024,28172,0.203420579,16.43664641
Turkey,Ordu,Gurgentepe,2020,28173,0.30437391996383667,29.83357079
Turkey,Ordu,Gurgentepe,2021,28173,0.293779671,28.31463831
Turkey,Ordu,Gurgentepe,2022,28173,0.28043442964553833,26.43456098
Turkey,Ordu,Gurgentepe,2023,28173,0.297753572,28.88173198
Turkey,Ordu,Gurgentepe,2024,28173,0.283993334,26.9321835
Turkey,Ordu,Ikizce,2020,28174,0.241317242,21.16086617
Turkey,Ordu,Ikizce,2021,28174,0.220544279,18.52053072
Turkey,Ordu,Ikizce,2022,28174,0.202713162,16.35244484
Turkey,Ordu,Ikizce,2023,28174,0.253101915,22.71006157
Turkey,Ordu,Ikizce,2024,28174,0.249913216,22.2873598
Turkey,Ordu,Kabaduz,2020,28175,0.253658563,22.78411525
Turkey,Ordu,Kabaduz,2021,28175,0.261612773,23.8507039
Turkey,Ordu,Kabaduz,2022,28175,0.282713205,26.7528695
Turkey,Ordu,Kabaduz,2023,28175,0.264390409,24.22679796
Turkey,Ordu,Kabaduz,2024,28175,0.252842784,22.6756146
Turkey,Ordu,Kabatas,2020,28176,0.22560515999794006,19.15276161
Turkey,Ordu,Kabatas,2021,28176,0.246768743,21.87305871
Turkey,Ordu,Kabatas,2022,28176,0.234515727,20.28333574
Turkey,Ordu,Kabatas,2023,28176,0.278695315,26.1924086
Turkey,Ordu,Kabatas,2024,28176,0.245874763,21.75573684
Turkey,Ordu,Korgan,2020,28177,0.285437882,27.13495729
Turkey,Ordu,Korgan,2021,28177,0.276701957,25.91568804
Turkey,Ordu,Korgan,2022,28177,0.238925844,20.85091761
Turkey,Ordu,Korgan,2023,28177,0.258464575,23.42669593
Turkey,Ordu,Korgan,2024,28177,0.226688325,19.28901681
Turkey,Ordu,Kumru,2020,28178,0.271370292,25.17997285
Turkey,Ordu,Kumru,2021,28178,0.298530757,28.9930167
Turkey,Ordu,Kumru,2022,28178,0.294774175,28.45625399
Turkey,Ordu,Kumru,2023,28178,0.297594756,28.85900619
Turkey,Ordu,Kumru,2024,28178,0.268826038,24.83120237
Turkey,Ordu,Merkez,2020,28179,0.05652545019984245,2.803644784
Turkey,Ordu,Merkez,2021,28179,0.05710822716355324,2.840193462
Turkey,Ordu,Merkez,2022,28179,0.06516357511281967,3.361433098
Turkey,Ordu,Merkez,2023,28179,0.05667294189333916,2.812879772
Turkey,Ordu,Merkez,2024,28179,0.05615253001451492,2.780340002
Turkey,Ordu,Mesudiye,2020,28180,0.191794604,15.07250751
Turkey,Ordu,Mesudiye,2021,28180,0.195719898,15.52836328
Turkey,Ordu,Mesudiye,2022,28180,0.220968992,18.57330764
Turkey,Ordu,Mesudiye,2023,28180,0.244259894,21.54433465
Turkey,Ordu,Mesudiye,2024,28180,0.238169208,20.7531672
Turkey,Ordu,Persembe,2020,28181,0.220257014,18.48486312
Turkey,Ordu,Persembe,2021,28181,0.189699993,14.83125453
Turkey,Ordu,Persembe,2022,28181,0.166153938,12.21827295
Turkey,Ordu,Persembe,2023,28181,0.187546805,14.58471932
Turkey,Ordu,Persembe,2024,28181,0.18279843032360077,14.04634163
Turkey,Ordu,Ulubey,2020,28182,0.2313220202922821,19.8755984
Turkey,Ordu,Ulubey,2021,28182,0.237692922,20.69171404
Turkey,Ordu,Ulubey,2022,28182,0.207964361,16.9811036
Turkey,Ordu,Ulubey,2023,28182,0.253232479,22.72742417
Turkey,Ordu,Ulubey,2024,28182,0.236491412,20.53695871
Turkey,Ordu,Unye,2020,28183,0.07889357954263687,4.317652073
Turkey,Ordu,Unye,2021,28183,0.079138331,4.335459195
Turkey,Ordu,Unye,2022,28183,0.080044843,4.401642859
Turkey,Ordu,Unye,2023,28183,0.0861888900399208,4.859685491
Turkey,Ordu,Unye,2024,28183,0.085083947,4.77609988
Turkey,Osmaniye,Bahce,2020,28184,0.269667476,24.94638113
Turkey,Osmaniye,Bahce,2021,28184,0.264507681,24.24271746
Turkey,Osmaniye,Bahce,2022,28184,0.265928566,24.43586106
Turkey,Osmaniye,Bahce,2023,28184,0.255358934,23.01080482
Turkey,Osmaniye,Bahce,2024,28184,0.258924365,23.48847075
Turkey,Osmaniye,Duzici,2020,28185,0.081302263,4.494043278
Turkey,Osmaniye,Duzici,2021,28185,0.082594737,4.58974109
Turkey,Osmaniye,Duzici,2022,28185,0.088252991,5.017241898
Turkey,Osmaniye,Duzici,2023,28185,0.084164932,4.706982539
Turkey,Osmaniye,Duzici,2024,28185,0.08309677988290787,4.627110189
Turkey,Osmaniye,Hasanbeyli,2020,28186,0.243291214,21.41785127
Turkey,Osmaniye,Hasanbeyli,2021,28186,0.263847232,24.15310548
Turkey,Osmaniye,Hasanbeyli,2022,28186,0.239082113,20.87112509
Turkey,Osmaniye,Hasanbeyli,2023,28186,0.250478208,22.36206866
Turkey,Osmaniye,Hasanbeyli,2024,28186,0.24294579029083252,21.37280769
Turkey,Osmaniye,Kadirli,2020,28187,0.157466128,11.30181955
Turkey,Osmaniye,Kadirli,2021,28187,0.160053343,11.57196691
Turkey,Osmaniye,Kadirli,2022,28187,0.140880704,9.627306751
Turkey,Osmaniye,Kadirli,2023,28187,0.151020616,10.63918295
Turkey,Osmaniye,Kadirli,2024,28187,0.125731871,8.187410453
Turkey,Osmaniye,Merkez,2020,28188,0.072890297,3.889176571
Turkey,Osmaniye,Merkez,2021,28188,0.069855243,3.678669393
Turkey,Osmaniye,Merkez,2022,28188,0.06969249993562698,3.66749864
Turkey,Osmaniye,Merkez,2023,28188,0.07468574494123459,4.015646451
Turkey,Osmaniye,Merkez,2024,28188,0.074786901,4.022814577
Turkey,Osmaniye,Sumbas,2020,28189,0.26264751,23.99059088
Turkey,Osmaniye,Sumbas,2021,28189,0.254354656,22.87682936
Turkey,Osmaniye,Sumbas,2022,28189,0.258909047,23.48641182
Turkey,Osmaniye,Sumbas,2023,28189,0.276872396,25.93931371
Turkey,Osmaniye,Sumbas,2024,28189,0.269414067,24.91167627
Turkey,Osmaniye,Toprakkale,2020,28190,0.238459677,20.79067493
Turkey,Osmaniye,Toprakkale,2021,28190,0.244166419,21.53211865
Turkey,Osmaniye,Toprakkale,2022,28190,0.229217887,19.60849668
Turkey,Osmaniye,Toprakkale,2023,28190,0.231342077,19.87815034
Turkey,Osmaniye,Toprakkale,2024,28190,0.232865334,20.07228357
Turkey,Rize,Ardesen,2020,28191,0.082785957,4.603961362
Turkey,Rize,Ardesen,2021,28191,0.088484421,5.035021808
Turkey,Rize,Ardesen,2022,28191,0.085427657,4.802043841
Turkey,Rize,Ardesen,2023,28191,0.09224909543991089,5.32747281
Turkey,Rize,Ardesen,2024,28191,0.085975543,4.843505231
Turkey,Rize,Camlihemsin,2020,28192,0.13507165014743805,9.064827434
Turkey,Rize,Camlihemsin,2021,28192,0.163742244,11.9612229
Turkey,Rize,Camlihemsin,2022,28192,0.195059583,15.45133903
Turkey,Rize,Camlihemsin,2023,28192,0.152896702,10.83051615
Turkey,Rize,Camlihemsin,2024,28192,0.155190185,11.06613889
Turkey,Rize,Cayeli,2020,28193,0.0956621840596199,5.597830441
Turkey,Rize,Cayeli,2021,28193,0.09330889582633972,5.410892617
Turkey,Rize,Cayeli,2022,28193,0.101798132,6.096212013
Turkey,Rize,Cayeli,2023,28193,0.101833761,6.099151821
Turkey,Rize,Cayeli,2024,28193,0.1143229603767395,7.161813229
Turkey,Rize,Findikli,2020,28195,0.083838247,4.682501533
Turkey,Rize,Findikli,2021,28195,0.10064874589443207,6.001656681
Turkey,Rize,Findikli,2022,28195,0.09073420614004135,5.209062663
Turkey,Rize,Findikli,2023,28195,0.100550897,5.993632495
Turkey,Rize,Findikli,2024,28195,0.101184472,6.045660314
Turkey,Rize,Guneysu,2020,28196,0.235109448,20.35944205
Turkey,Rize,Guneysu,2021,28196,0.206873089,16.84977257
Turkey,Rize,Guneysu,2022,28196,0.183707893,14.14888936
Turkey,Rize,Guneysu,2023,28196,0.239859581,20.97175824
Turkey,Rize,Guneysu,2024,28196,0.262700558,23.99776947
Turkey,Rize,Ikizdere,2020,28198,0.184189275,14.20327768
Turkey,Rize,Ikizdere,2021,28198,0.190489933,14.92207374
Turkey,Rize,Ikizdere,2022,28198,0.190739155,14.95076809
Turkey,Rize,Ikizdere,2023,28198,0.189916074,14.85607756
Turkey,Rize,Ikizdere,2024,28198,0.202854663,16.36927503
Turkey,Rize,Iyidere,2020,28199,0.170402467,12.67598437
Turkey,Rize,Iyidere,2021,28199,0.155086681,11.05546475
Turkey,Rize,Iyidere,2022,28199,0.08304831385612488,4.623497869
Turkey,Rize,Iyidere,2023,28199,0.091881789,5.298672697
Turkey,Rize,Iyidere,2024,28199,0.091710158,5.28523495
Turkey,Rize,Kalkandere,2020,28200,0.227492779,19.39042465
Turkey,Rize,Kalkandere,2021,28200,0.243938804,21.50238176
Turkey,Rize,Kalkandere,2022,28200,0.236133873,20.49098254
Turkey,Rize,Kalkandere,2023,28200,0.228434294,19.50933957
Turkey,Rize,Kalkandere,2024,28200,0.230634242,19.78815641
Turkey,Rize,Merkez,2020,28201,0.11281893402338028,7.030478421
Turkey,Rize,Merkez,2021,28201,0.112349473,6.989670868
Turkey,Rize,Merkez,2022,28201,0.114140838,7.145861485
Turkey,Rize,Merkez,2023,28201,0.110998072,6.872698939
Turkey,Rize,Merkez,2024,28201,0.110998072,6.872698939
Turkey,Rize,Pazar,2020,28202,0.075167328,4.049813006
Turkey,Rize,Pazar,2021,28202,0.08357471972703934,4.662787304
Turkey,Rize,Pazar,2022,28202,0.0816236361861229,4.51777028
Turkey,Rize,Pazar,2023,28202,0.0882786437869072,5.019211538
Turkey,Rize,Pazar,2024,28202,0.078920759,4.319628256
Turkey,Sakarya,Akyazi,2020,28203,0.166291475,12.23299315
Turkey,Sakarya,Akyazi,2021,28203,0.111447498,6.911517437
Turkey,Sakarya,Akyazi,2022,28203,0.06696968525648117,3.482376433
Turkey,Sakarya,Akyazi,2023,28203,0.063644178,3.260839093
Turkey,Sakarya,Akyazi,2024,28203,0.063523129,3.252870139
Turkey,Sakarya,Ferizli,2020,28204,0.225731134,19.16859145
Turkey,Sakarya,Ferizli,2021,28204,0.230658799,19.79127628
Turkey,Sakarya,Ferizli,2022,28204,0.244879231,21.62533173
Turkey,Sakarya,Ferizli,2023,28204,0.237313136,20.64275544
Turkey,Sakarya,Ferizli,2024,28204,0.234689429,20.30559196
Turkey,Sakarya,Geyve,2020,28205,0.24675478041172028,21.87122476
Turkey,Sakarya,Geyve,2021,28205,0.231757581,19.93104161
Turkey,Sakarya,Geyve,2022,28205,0.216688752,18.0438003
Turkey,Sakarya,Geyve,2023,28205,0.204462633,16.56095671
Turkey,Sakarya,Geyve,2024,28205,0.209747076,17.19641655
Turkey,Sakarya,Hendek,2020,28206,0.067552581,3.521725125
Turkey,Sakarya,Hendek,2021,28206,0.06748006492853165,3.516821481
Turkey,Sakarya,Hendek,2022,28206,0.069476612,3.652698401
Turkey,Sakarya,Hendek,2023,28206,0.079088263,4.331814314
Turkey,Sakarya,Hendek,2024,28206,0.078619078,4.297711839
Turkey,Sakarya,Karapurcek,2020,28207,0.231331855,19.87684971
Turkey,Sakarya,Karapurcek,2021,28207,0.220682144,18.53765691
Turkey,Sakarya,Karapurcek,2022,28207,0.246976152,21.90030768
Turkey,Sakarya,Karapurcek,2023,28207,0.189138055,14.76677032
Turkey,Sakarya,Karapurcek,2024,28207,0.175687566,13.25395477
Turkey,Sakarya,Karasu,2020,28208,0.196944177,15.67153429
Turkey,Sakarya,Karasu,2021,28208,0.2004067599773407,16.0789874
Turkey,Sakarya,Karasu,2022,28208,0.205593407,16.6962246
Turkey,Sakarya,Karasu,2023,28208,0.176744699,13.37069076
Turkey,Sakarya,Karasu,2024,28208,0.164132744,12.00270719
Turkey,Sakarya,Kaynarca,2020,28209,0.218933672,18.32085946
Turkey,Sakarya,Kaynarca,2021,28209,0.205470264,16.68147488
Turkey,Sakarya,Kaynarca,2022,28209,0.194413334,15.37608837
Turkey,Sakarya,Kaynarca,2023,28209,0.230497614,19.77080137
Turkey,Sakarya,Kaynarca,2024,28209,0.22240903973579407,18.75263904
Turkey,Sakarya,Kocaali,2020,28210,0.276513934,25.88963264
Turkey,Sakarya,Kocaali,2021,28210,0.266725957,24.54446217
Turkey,Sakarya,Kocaali,2022,28210,0.267246962,24.61550194
Turkey,Sakarya,Kocaali,2023,28210,0.23685649037361145,20.583940505981445
Turkey,Sakarya,Kocaali,2024,28210,0.240337431,21.03368953
Turkey,Sakarya,Merkez,2020,28211,0.035032991,1.567779755
Turkey,Sakarya,Merkez,2021,28211,0.034802642,1.555735823
Turkey,Sakarya,Merkez,2022,28211,0.03456961736083031,1.543578401
Turkey,Sakarya,Merkez,2023,28211,0.034368664026260376,1.533115498
Turkey,Sakarya,Merkez,2024,28211,0.036294881,1.63421734
Turkey,Sakarya,Pamukova,2020,28212,0.16866382956504822,12.48792477
Turkey,Sakarya,Pamukova,2021,28212,0.162850827,11.86672336
Turkey,Sakarya,Pamukova,2022,28212,0.130810127,8.660323201
Turkey,Sakarya,Pamukova,2023,28212,0.157515004,11.30690101
Turkey,Sakarya,Pamukova,2024,28212,0.157242268,11.27855639
Turkey,Sakarya,Sapanca,2020,28213,0.061750736087560654,3.136957723
Turkey,Sakarya,Sapanca,2021,28213,0.064657688,3.327823163
Turkey,Sakarya,Sapanca,2022,28213,0.063404508,3.245067582
Turkey,Sakarya,Sapanca,2023,28213,0.061235085129737854,3.103505259
Turkey,Sakarya,Sapanca,2024,28213,0.05694098398089409,2.829688723
Turkey,Sakarya,Sogutlu,2020,28214,0.216426045,18.01147356
Turkey,Sakarya,Sogutlu,2021,28214,0.204822481,16.6039611
Turkey,Sakarya,Sogutlu,2022,28214,0.219460055,18.38603453
Turkey,Sakarya,Sogutlu,2023,28214,0.225165308,19.09752515
Turkey,Sakarya,Sogutlu,2024,28214,0.222331911,18.74301913
Turkey,Sakarya,Tarakli,2020,28215,0.143142253,9.849705433
Turkey,Sakarya,Tarakli,2021,28215,0.130092889,8.592926446
Turkey,Sakarya,Tarakli,2022,28215,0.14434432983398438,9.968689103
Turkey,Sakarya,Tarakli,2023,28215,0.160079733,11.57473464
Turkey,Sakarya,Tarakli,2024,28215,0.160407633,11.6091446
Turkey,Samsun,19-mayis,2020,28216,0.04054819419980049,1.863846103
Turkey,Samsun,19-mayis,2021,28216,0.04387160763144493,2.049344177
Turkey,Samsun,19-mayis,2022,28216,0.038849771,1.771100806
Turkey,Samsun,19-mayis,2023,28216,0.050522997975349426,2.436425425
Turkey,Samsun,19-mayis,2024,28216,0.04200669750571251,1.944600053
Turkey,Samsun,Alacam,2020,28217,0.227665007,19.41215882
Turkey,Samsun,Alacam,2021,28217,0.231861055,19.94422059
Turkey,Samsun,Alacam,2022,28217,0.222335115,18.74341869
Turkey,Samsun,Alacam,2023,28217,0.248580813,22.11149903
Turkey,Samsun,Alacam,2024,28217,0.248346209526062,22.08058123
Turkey,Samsun,Asarcik,2020,28218,0.146722734,10.20567887
Turkey,Samsun,Asarcik,2021,28218,0.153555408,10.89799548
Turkey,Samsun,Asarcik,2022,28218,0.164374903,12.02845931
Turkey,Samsun,Asarcik,2023,28218,0.178628445,13.57963209
Turkey,Samsun,Asarcik,2024,28218,0.18029054999351501,13.76496879
Turkey,Samsun,Ayvacik,2020,28219,0.258522391,23.43446098
Turkey,Samsun,Ayvacik,2021,28219,0.267758638,24.68533219
Turkey,Samsun,Ayvacik,2022,28219,0.258246243,23.39738028
Turkey,Samsun,Ayvacik,2023,28219,0.260123074,23.64976589
Turkey,Samsun,Ayvacik,2024,28219,0.264876693,24.29283173
Turkey,Samsun,Bafra,2020,28220,0.231035858,19.83920083
Turkey,Samsun,Bafra,2021,28220,0.224635959,19.03112206
Turkey,Samsun,Bafra,2022,28220,0.189127684,14.76558114
Turkey,Samsun,Bafra,2023,28220,0.187180191,14.54289161
Turkey,Samsun,Bafra,2024,28220,0.189186633,14.77234079
Turkey,Samsun,Carsamba,2020,28221,0.131999254,8.772497264
Turkey,Samsun,Carsamba,2021,28221,0.05955391749739647,2.995290216
Turkey,Samsun,Carsamba,2022,28221,0.067075223,3.489489379
Turkey,Samsun,Carsamba,2023,28221,0.030355319,1.328299973
Turkey,Samsun,Carsamba,2024,28221,0.028468158096075058,1.234732233
Turkey,Samsun,Havza,2020,28222,0.238868654,20.84352376
Turkey,Samsun,Havza,2021,28222,0.237340331,20.64625984
Turkey,Samsun,Havza,2022,28222,0.224724680185318,19.04224604
Turkey,Samsun,Havza,2023,28222,0.219379619,18.37606999
Turkey,Samsun,Havza,2024,28222,0.215077013,17.84578925
Turkey,Samsun,Kavak,2020,28223,0.285717815,27.17430433
Turkey,Samsun,Kavak,2021,28223,0.29409039,28.35886222
Turkey,Samsun,Kavak,2022,28223,0.273265302,25.44071919
Turkey,Samsun,Kavak,2023,28223,0.303277552,29.67533937
Turkey,Samsun,Kavak,2024,28223,0.281231403,26.54575519
Turkey,Samsun,Ladik,2020,28224,0.284915686,27.06160341
Turkey,Samsun,Ladik,2021,28224,0.257475734,23.2940169
Turkey,Samsun,Ladik,2022,28224,0.232119113,19.97710112
Turkey,Samsun,Ladik,2023,28224,0.249809355,22.27363512
Turkey,Samsun,Ladik,2024,28224,0.220799223,18.55220511
Turkey,Samsun,Merkez,2020,28225,0.014760030433535576,0.608447257
Turkey,Samsun,Merkez,2021,28225,0.013116988353431225,0.539757985
Turkey,Samsun,Merkez,2022,28225,0.020672617480158806,0.866986739
Turkey,Samsun,Merkez,2023,28225,0.025204500183463097,1.077081898
Turkey,Samsun,Merkez,2024,28225,0.026832738891243935,1.155072068
Turkey,Samsun,Salipazari,2020,28226,0.245906398,21.75988497
Turkey,Samsun,Salipazari,2021,28226,0.256151229,23.1166779
Turkey,Samsun,Salipazari,2022,28226,0.233641252,20.17141552
Turkey,Samsun,Salipazari,2023,28226,0.25581488013267517,23.07171306
Turkey,Samsun,Salipazari,2024,28226,0.246473491,21.83428838
Turkey,Samsun,Tekkekoy,2020,28227,0.079852603,4.387577413
Turkey,Samsun,Tekkekoy,2021,28227,0.060411591,3.050335173
Turkey,Samsun,Tekkekoy,2022,28227,0.078594483,4.295926887
Turkey,Samsun,Tekkekoy,2023,28227,0.06988267600536346,3.680553584
Turkey,Samsun,Tekkekoy,2024,28227,0.083120391,4.628870351
Turkey,Samsun,Terme,2020,28228,0.188185096,14.65764679
Turkey,Samsun,Terme,2021,28228,0.11196425557136536,6.956252658
Turkey,Samsun,Terme,2022,28228,0.127005771,8.30510393
Turkey,Samsun,Terme,2023,28228,0.127737671,8.373008066
Turkey,Samsun,Terme,2024,28228,0.136355311,9.188027026
Turkey,Samsun,Vezirkopru,2020,28229,0.24421679973602295,21.5387025
Turkey,Samsun,Vezirkopru,2021,28229,0.248599693,22.11398775
Turkey,Samsun,Vezirkopru,2022,28229,0.237811625,20.70702406
Turkey,Samsun,Vezirkopru,2023,28229,0.250508219,22.36603927
Turkey,Samsun,Vezirkopru,2024,28229,0.251759529,22.531798
Turkey,Samsun,Yakakent,2020,28230,0.23690184950828552,20.58977969
Turkey,Samsun,Yakakent,2021,28230,0.216007397,17.95999954
Turkey,Samsun,Yakakent,2022,28230,0.228943735,19.57378569
Turkey,Samsun,Yakakent,2023,28230,0.229860663,19.68996186
Turkey,Samsun,Yakakent,2024,28230,0.243805349,21.4849528
Turkey,Sanliurfa,Akcakale,2020,28231,0.189723626,14.83396874
Turkey,Sanliurfa,Akcakale,2021,28231,0.169682547,12.59798888
Turkey,Sanliurfa,Akcakale,2022,28231,0.179778844,13.70781242
Turkey,Sanliurfa,Akcakale,2023,28231,0.185884655,14.39542905
Turkey,Sanliurfa,Akcakale,2024,28231,0.157457858,11.30095982
Turkey,Sanliurfa,Birecik,2020,28232,0.132289112,8.799922527
Turkey,Sanliurfa,Birecik,2021,28232,0.125213295,8.139681111
Turkey,Sanliurfa,Birecik,2022,28232,0.128323227,8.427484153
Turkey,Sanliurfa,Birecik,2023,28232,0.120512322,7.711811823
Turkey,Sanliurfa,Birecik,2024,28232,0.125756532,8.189682885
Turkey,Sanliurfa,Bozova,2020,28233,0.177960634,13.50542461
Turkey,Sanliurfa,Bozova,2021,28233,0.182635173,14.02796202
Turkey,Sanliurfa,Bozova,2022,28233,0.166668937,12.27342515
Turkey,Sanliurfa,Bozova,2023,28233,0.160449758,11.61356802
Turkey,Sanliurfa,Bozova,2024,28233,0.16075626015663147,11.64577123
Turkey,Sanliurfa,Ceylanpinar,2020,28234,0.190375715,14.90892987
Turkey,Sanliurfa,Ceylanpinar,2021,28234,0.211061463,17.35577351
Turkey,Sanliurfa,Ceylanpinar,2022,28234,0.195497006,15.50234818
Turkey,Sanliurfa,Ceylanpinar,2023,28234,0.153188467,10.86038594
Turkey,Sanliurfa,Ceylanpinar,2024,28234,0.141758531,9.713405543
Turkey,Sanliurfa,Halfeti,2020,28235,0.166378215,12.24227996
Turkey,Sanliurfa,Halfeti,2021,28235,0.169877291,12.61906973
Turkey,Sanliurfa,Halfeti,2022,28235,0.171443284,12.789057731628418
Turkey,Sanliurfa,Halfeti,2023,28235,0.170097724,12.64294711
Turkey,Sanliurfa,Halfeti,2024,28235,0.166649297,12.27132021
Turkey,Sanliurfa,Harran,2020,28236,0.273333907,25.45017448
Turkey,Sanliurfa,Harran,2021,28236,0.248273551,22.07100869
Turkey,Sanliurfa,Harran,2022,28236,0.247803628,22.00913011
Turkey,Sanliurfa,Harran,2023,28236,0.234138727,20.23505971
Turkey,Sanliurfa,Harran,2024,28236,0.231249705,19.86639833
Turkey,Sanliurfa,Hilvan,2020,28237,0.170134231,12.64690325
Turkey,Sanliurfa,Hilvan,2021,28237,0.176642329,13.35936989
Turkey,Sanliurfa,Hilvan,2022,28237,0.177155942,13.41620399
Turkey,Sanliurfa,Hilvan,2023,28237,0.178228438,13.53516529
Turkey,Sanliurfa,Hilvan,2024,28237,0.174161464,13.0860934
Turkey,Sanliurfa,Merkez,2020,28238,0.196611613,15.63259682
Turkey,Sanliurfa,Merkez,2021,28238,0.168571442,12.47796068
Turkey,Sanliurfa,Merkez,2022,28238,0.163415119,11.92651202
Turkey,Sanliurfa,Merkez,2023,28238,0.175778657,13.26399891
Turkey,Sanliurfa,Merkez,2024,28238,0.173443109,13.00735048
Turkey,Sanliurfa,Siverek,2020,28239,0.129903331,8.575147318
Turkey,Sanliurfa,Siverek,2021,28239,0.133433759,8.908538737
Turkey,Sanliurfa,Siverek,2022,28239,0.128247648,8.420445375
Turkey,Sanliurfa,Siverek,2023,28239,0.149254173,10.46019674
Turkey,Sanliurfa,Siverek,2024,28239,0.145031452,10.03694158
Turkey,Sanliurfa,Suruc,2020,28240,0.215245143,17.86640948
Turkey,Sanliurfa,Suruc,2021,28240,0.209514812,17.16831023
Turkey,Sanliurfa,Suruc,2022,28240,0.206809163,16.84209041
Turkey,Sanliurfa,Suruc,2023,28240,0.183451325,14.11993225
Turkey,Sanliurfa,Suruc,2024,28240,0.193661749,15.28873765
Turkey,Sanliurfa,Viransehir,2020,28241,0.176995933,13.39848871
Turkey,Sanliurfa,Viransehir,2021,28241,0.167608052,12.37423239
Turkey,Sanliurfa,Viransehir,2022,28241,0.175472662,13.23026932
Turkey,Sanliurfa,Viransehir,2023,28241,0.172945708,12.95292974
Turkey,Sanliurfa,Viransehir,2024,28241,0.169518739,12.58026675
Turkey,Siirt,Aydinlar,2020,28242,0.162527263,11.83249085
Turkey,Siirt,Aydinlar,2021,28242,0.167925656,12.40839353
Turkey,Siirt,Aydinlar,2022,28242,0.171895668,12.83831966
Turkey,Siirt,Aydinlar,2023,28242,0.174945816,13.17226927
Turkey,Siirt,Aydinlar,2024,28242,0.1817423701286316,13.92760425
Turkey,Siirt,Baykan,2020,28243,0.199791431,16.00630811
Turkey,Siirt,Baykan,2021,28243,0.198595613,15.86539965
Turkey,Siirt,Baykan,2022,28243,0.189696118,14.8308096
Turkey,Siirt,Baykan,2023,28243,0.204302579,16.54184186
Turkey,Siirt,Baykan,2024,28243,0.196510613,15.62077831
Turkey,Siirt,Eruh,2020,28244,0.247743055,22.00115807
Turkey,Siirt,Eruh,2021,28244,0.227746069,19.4223913
Turkey,Siirt,Eruh,2022,28244,0.222350463,18.74533289
Turkey,Siirt,Eruh,2023,28244,0.222794443,18.80073424
Turkey,Siirt,Eruh,2024,28244,0.246631473,21.85503066
Turkey,Siirt,Kurtalan,2020,28245,0.170827106,12.72207226
Turkey,Siirt,Kurtalan,2021,28245,0.170020372,12.63456643
Turkey,Siirt,Kurtalan,2022,28245,0.17823339998722076,13.53571658
Turkey,Siirt,Kurtalan,2023,28245,0.18557099997997284,14.35980955
Turkey,Siirt,Kurtalan,2024,28245,0.182154179,13.97386209
Turkey,Siirt,Merkez,2020,28246,0.074234627,3.983734918
Turkey,Siirt,Merkez,2021,28246,0.076569259,4.149861227
Turkey,Siirt,Merkez,2022,28246,0.077568471,4.221701125
Turkey,Siirt,Merkez,2023,28246,0.064806357,3.337688274
Turkey,Siirt,Merkez,2024,28246,0.064603217,3.32421118
Turkey,Siirt,Pervari,2020,28247,0.235650748,20.42891184
Turkey,Siirt,Pervari,2021,28247,0.241095185,21.13202153
Turkey,Siirt,Pervari,2022,28247,0.241016805,21.12184327
Turkey,Siirt,Pervari,2023,28247,0.240646422,21.07376816
Turkey,Siirt,Pervari,2024,28247,0.224828899,19.0553159
Turkey,Siirt,Sirvan,2020,28248,0.201023132,16.15190703
Turkey,Siirt,Sirvan,2021,28248,0.2024390697479248,16.31986174
Turkey,Siirt,Sirvan,2022,28248,0.216508999,18.02167916
Turkey,Siirt,Sirvan,2023,28248,0.233975902,20.21422138
Turkey,Siirt,Sirvan,2024,28248,0.238133878,20.74860655
Turkey,Sinop,Ayancik,2020,28249,0.274636358,25.62988574
Turkey,Sinop,Ayancik,2021,28249,0.255211234,22.99108513
Turkey,Sinop,Ayancik,2022,28249,0.25576809,23.06546021
Turkey,Sinop,Ayancik,2023,28249,0.263936371,24.16519402
Turkey,Sinop,Ayancik,2024,28249,0.251858056,22.54486646
Turkey,Sinop,Boyabat,2020,28250,0.225106522,19.09014708
Turkey,Sinop,Boyabat,2021,28250,0.239297837,20.89903164
Turkey,Sinop,Boyabat,2022,28250,0.220546037,18.52074911
Turkey,Sinop,Boyabat,2023,28250,0.243586749,21.45641409
Turkey,Sinop,Boyabat,2024,28250,0.231790826,19.93527549
Turkey,Sinop,Dikmen,2020,28251,0.28802523016929626,27.49927426
Turkey,Sinop,Dikmen,2021,28251,0.286485314,27.28226978
Turkey,Sinop,Dikmen,2022,28251,0.285102785,27.08787876
Turkey,Sinop,Dikmen,2023,28251,0.276108682,25.83350175
Turkey,Sinop,Dikmen,2024,28251,0.281981736,26.65057033
Turkey,Sinop,Duragan,2020,28252,0.225230634,19.1057254
Turkey,Sinop,Duragan,2021,28252,0.217638329,18.16081508
Turkey,Sinop,Duragan,2022,28252,0.191752791,15.06767794
Turkey,Sinop,Duragan,2023,28252,0.217851907,18.18717004
Turkey,Sinop,Duragan,2024,28252,0.221959829,18.69663467
Turkey,Sinop,Erfelek,2020,28253,0.272929579,25.39446464
Turkey,Sinop,Erfelek,2021,28253,0.264117718,24.18979328
Turkey,Sinop,Erfelek,2022,28253,0.250743836,22.39722068
Turkey,Sinop,Erfelek,2023,28253,0.258069932,23.37371543
Turkey,Sinop,Erfelek,2024,28253,0.24243175983428955,21.30583564
Turkey,Sinop,Gerze,2020,28254,0.20574671030044556,16.7145932
Turkey,Sinop,Gerze,2021,28254,0.189968362,14.86208656
Turkey,Sinop,Gerze,2022,28254,0.182763681,14.04242877
Turkey,Sinop,Gerze,2023,28254,0.182741016,14.0398769
Turkey,Sinop,Gerze,2024,28254,0.177657232,13.47175937
Turkey,Sinop,Merkez,2020,28255,0.231780082,19.93390718
Turkey,Sinop,Merkez,2021,28255,0.181982815,13.95460633
Turkey,Sinop,Merkez,2022,28255,0.19984135031700134,16.0121999
Turkey,Sinop,Merkez,2023,28255,0.196214959,15.58620076
Turkey,Sinop,Merkez,2024,28255,0.180917501,13.83511576
Turkey,Sinop,Sarayduzu,2020,28256,0.201152027,16.16717071
Turkey,Sinop,Sarayduzu,2021,28256,0.20273908972740173,16.35552826
Turkey,Sinop,Sarayduzu,2022,28256,0.2058989703655243,16.73284387
Turkey,Sinop,Sarayduzu,2023,28256,0.21434468030929565,17.75606912
Turkey,Sinop,Sarayduzu,2024,28256,0.211435214,17.40118109
Turkey,Sinop,Turkeli,2020,28257,0.265128583,24.32705859
Turkey,Sinop,Turkeli,2021,28257,0.254697412,22.92252638
Turkey,Sinop,Turkeli,2022,28257,0.260460973,23.69529604
Turkey,Sinop,Turkeli,2023,28257,0.266949832,24.57498004
Turkey,Sinop,Turkeli,2024,28257,0.268880963,24.83871571
Turkey,Sirnak,Beytussebap,2020,28258,0.196367711,15.60406209
Turkey,Sirnak,Beytussebap,2021,28258,0.192395061,15.14192461
Turkey,Sirnak,Beytussebap,2022,28258,0.185326084,14.33201846
Turkey,Sirnak,Beytussebap,2023,28258,0.201960683,16.26304793
Turkey,Sirnak,Beytussebap,2024,28258,0.207595944,16.93672581
Turkey,Sirnak,Cizre,2020,28259,0.074524797,4.004250825
Turkey,Sirnak,Cizre,2021,28259,0.077759653,4.235496753
Turkey,Sirnak,Cizre,2022,28259,0.07869787514209747,4.303432403
Turkey,Sirnak,Cizre,2023,28259,0.070004448,3.68892139
Turkey,Sirnak,Cizre,2024,28259,0.071909979,3.820731495
Turkey,Sirnak,Guclukonak,2020,28260,0.285505772,27.14449822
Turkey,Sirnak,Guclukonak,2021,28260,0.284903944,27.05995465
Turkey,Sirnak,Guclukonak,2022,28260,0.275757253,25.78485592
Turkey,Sirnak,Guclukonak,2023,28260,0.279661298,26.3268278
Turkey,Sirnak,Guclukonak,2024,28260,0.292675585,28.15765839
Turkey,Sirnak,Idil,2020,28261,0.137412623,9.289970763
Turkey,Sirnak,Idil,2021,28261,0.125363141,8.153462077
Turkey,Sirnak,Idil,2022,28261,0.120382532,7.700122181
Turkey,Sirnak,Idil,2023,28261,0.132492572,8.819192421
Turkey,Sirnak,Idil,2024,28261,0.144891769,10.02305258
Turkey,Sirnak,Merkez,2020,28262,0.0768241137266159,4.168142416
Turkey,Sirnak,Merkez,2021,28262,0.077818774,4.239766128
Turkey,Sirnak,Merkez,2022,28262,0.076605968,4.152492659
Turkey,Sirnak,Merkez,2023,28262,0.075523049,4.075116266
Turkey,Sirnak,Merkez,2024,28262,0.076474108,4.143043219
Turkey,Sirnak,Silopi,2020,28263,0.181442142,13.89391515
Turkey,Sirnak,Silopi,2021,28263,0.166269332,12.2306228
Turkey,Sirnak,Silopi,2022,28263,0.179393277,13.66480266
Turkey,Sirnak,Silopi,2023,28263,0.14019083976745605,9.559845466
Turkey,Sirnak,Silopi,2024,28263,0.1510336995124817,10.64051284
Turkey,Sirnak,Uludere,2020,28264,0.225516364,19.14160626
Turkey,Sirnak,Uludere,2021,28264,0.227628797,19.40758866
Turkey,Sirnak,Uludere,2022,28264,0.233148336,20.1084212
Turkey,Sirnak,Uludere,2023,28264,0.234325111,20.25892194
Turkey,Sirnak,Uludere,2024,28264,0.235538825,20.41454131
Turkey,Sivas,Akincilar,2020,28265,0.228100985,19.46721382
Turkey,Sivas,Akincilar,2021,28265,0.226726517,19.29382708
Turkey,Sivas,Akincilar,2022,28265,0.232768521,20.05992622
Turkey,Sivas,Akincilar,2023,28265,0.235053509,20.35226743
Turkey,Sivas,Akincilar,2024,28265,0.230312407,19.74728404
Turkey,Sivas,Altinyayla,2020,28266,0.214898407,17.82389331
Turkey,Sivas,Altinyayla,2021,28266,0.224579751,19.02407591
Turkey,Sivas,Altinyayla,2022,28266,0.22327584028244019,18.86086792
Turkey,Sivas,Altinyayla,2023,28266,0.229952469,19.70160665
Turkey,Sivas,Altinyayla,2024,28266,0.220727772,18.54332611
Turkey,Sivas,Divrigi,2020,28267,0.202091396,16.27856459
Turkey,Sivas,Divrigi,2021,28267,0.200402275,16.0784572
Turkey,Sivas,Divrigi,2022,28267,0.196483165,15.61756705
Turkey,Sivas,Divrigi,2023,28267,0.180719778,13.8129793
Turkey,Sivas,Divrigi,2024,28267,0.179568574,13.68435083
Turkey,Sivas,Dogansar,2020,28268,0.197363913,15.72072737
Turkey,Sivas,Dogansar,2021,28268,0.178151995,13.52667356
Turkey,Sivas,Dogansar,2022,28268,0.192508072,15.15500221
Turkey,Sivas,Dogansar,2023,28268,0.201916814,16.25784151
Turkey,Sivas,Dogansar,2024,28268,0.201635703,16.22449304
Turkey,Sivas,Gemerek,2020,28269,0.218971372,18.32552469
Turkey,Sivas,Gemerek,2021,28269,0.22294645011425018,18.81971505
Turkey,Sivas,Gemerek,2022,28269,0.203796223,16.48142012
Turkey,Sivas,Gemerek,2023,28269,0.169727758,12.6028817
Turkey,Sivas,Gemerek,2024,28269,0.192080244,15.10551528
Turkey,Sivas,Golova,2020,28270,0.149865106,10.52197176
Turkey,Sivas,Golova,2021,28270,0.139601707,9.502375532
Turkey,Sivas,Golova,2022,28270,0.141328737,9.671214721
Turkey,Sivas,Golova,2023,28270,0.152894229,10.83026304
Turkey,Sivas,Golova,2024,28270,0.145868123,10.12028377
Turkey,Sivas,Gurun,2020,28271,0.249930799,22.28968362
Turkey,Sivas,Gurun,2021,28271,0.245060742,21.64908874
Turkey,Sivas,Gurun,2022,28271,0.242882982,21.36462078
Turkey,Sivas,Gurun,2023,28271,0.241298243,21.15839774
Turkey,Sivas,Gurun,2024,28271,0.239133716,20.87779941
Turkey,Sivas,Hafik,2020,28272,0.21087870001792908,17.33358448
Turkey,Sivas,Hafik,2021,28272,0.192791671,15.18783821
Turkey,Sivas,Hafik,2022,28272,0.216463611,18.01609489
Turkey,Sivas,Hafik,2023,28272,0.225867391,19.18571831
Turkey,Sivas,Hafik,2024,28272,0.221868277,18.68522758
Turkey,Sivas,Imranli,2020,28273,0.205440521,16.67791307
Turkey,Sivas,Imranli,2021,28273,0.209247798,17.13601878
Turkey,Sivas,Imranli,2022,28273,0.2050064504146576,16.62596198
Turkey,Sivas,Imranli,2023,28273,0.202354729,16.30984025
Turkey,Sivas,Imranli,2024,28273,0.203986228,16.50408356
Turkey,Sivas,Kangal,2020,28274,0.22294498980045319,18.81953267
Turkey,Sivas,Kangal,2021,28274,0.231032625,19.83878967
Turkey,Sivas,Kangal,2022,28274,0.224753007,19.04579818
Turkey,Sivas,Kangal,2023,28274,0.221818089,18.67897549
Turkey,Sivas,Kangal,2024,28274,0.223890066,18.93768939
Turkey,Sivas,Koyulhisar,2020,28275,0.240267158,21.02457795
Turkey,Sivas,Koyulhisar,2021,28275,0.238793194,20.83376938
Turkey,Sivas,Koyulhisar,2022,28275,0.236831874,20.58077099
Turkey,Sivas,Koyulhisar,2023,28275,0.233516395,20.15545262
Turkey,Sivas,Koyulhisar,2024,28275,0.244181618,21.53410484
Turkey,Sivas,Merkez,2020,28276,0.08117133378982544,4.484389744
Turkey,Sivas,Merkez,2021,28276,0.08394258469343185,4.690315313
Turkey,Sivas,Merkez,2022,28276,0.081290081,4.493144792
Turkey,Sivas,Merkez,2023,28276,0.076469809,4.142735272
Turkey,Sivas,Merkez,2024,28276,0.080440268,4.430625563
Turkey,Sivas,Sarkisla,2020,28277,0.123827919,8.012686985
Turkey,Sivas,Sarkisla,2021,28277,0.1037650853395462,6.259298021
Turkey,Sivas,Sarkisla,2022,28277,0.128840163,8.475686552
Turkey,Sivas,Sarkisla,2023,28277,0.09138279408216476,5.259639136
Turkey,Sivas,Sarkisla,2024,28277,0.128687993,8.461486471
Turkey,Sivas,Susehri,2020,28278,0.210454732,17.28214925
Turkey,Sivas,Susehri,2021,28278,0.200032473,16.03476466
Turkey,Sivas,Susehri,2022,28278,0.204502702,16.56574332
Turkey,Sivas,Susehri,2023,28278,0.21664001047611237,18.037801
Turkey,Sivas,Susehri,2024,28278,0.200582102,16.09971925
Turkey,Sivas,Ulas,2020,28279,0.234318286,20.25804802
Turkey,Sivas,Ulas,2021,28279,0.233525902,20.15666793
Turkey,Sivas,Ulas,2022,28279,0.234939039,20.33758828
Turkey,Sivas,Ulas,2023,28279,0.233359903,20.13545118
Turkey,Sivas,Ulas,2024,28279,0.228422523,19.50785124
Turkey,Sivas,Yildizeli,2020,28280,0.19825994968414307,15.8259267
Turkey,Sivas,Yildizeli,2021,28280,0.220425934,18.50583379
Turkey,Sivas,Yildizeli,2022,28280,0.217254117,18.11343777
Turkey,Sivas,Yildizeli,2023,28280,0.21563749015331268,17.91456098
Turkey,Sivas,Yildizeli,2024,28280,0.183850601,14.16500519
Turkey,Sivas,Zara,2020,28281,0.250837862,22.40966799
Turkey,Sivas,Zara,2021,28281,0.250713587,22.39321671
Turkey,Sivas,Zara,2022,28281,0.25056079,22.3729953
Turkey,Sivas,Zara,2023,28281,0.224464789,19.00966695
Turkey,Sivas,Zara,2024,28281,0.254558444,22.9039953
Turkey,Tekirdag,Cerkezkoy,2020,28282,0.072213382,3.841868889
Turkey,Tekirdag,Cerkezkoy,2021,28282,0.06875487416982651,3.603372086
Turkey,Tekirdag,Cerkezkoy,2022,28282,0.069968939,3.686480603
Turkey,Tekirdag,Cerkezkoy,2023,28282,0.092489362,5.346342947
Turkey,Tekirdag,Cerkezkoy,2024,28282,0.092489362,5.346342947
Turkey,Tekirdag,Corlu,2020,28283,0.07862197607755661,4.297922201
Turkey,Tekirdag,Corlu,2021,28283,0.074016012,3.968302963
Turkey,Tekirdag,Corlu,2022,28283,0.07108959555625916,3.763783767
Turkey,Tekirdag,Corlu,2023,28283,0.072192773,3.840431848
Turkey,Tekirdag,Corlu,2024,28283,0.079059839,4.329745575
Turkey,Tekirdag,Hayrabolu,2020,28284,0.189993829,14.86501346
Turkey,Tekirdag,Hayrabolu,2021,28284,0.183538735,14.12979523
Turkey,Tekirdag,Hayrabolu,2022,28284,0.187225044,14.5480066
Turkey,Tekirdag,Hayrabolu,2023,28284,0.179768309,13.70663658
Turkey,Tekirdag,Hayrabolu,2024,28284,0.174548507,13.12859144
Turkey,Tekirdag,Malkara,2020,28285,0.25859951972961426,23.44482099
Turkey,Tekirdag,Malkara,2021,28285,0.251906127,22.55124346
Turkey,Tekirdag,Malkara,2022,28285,0.244920254,21.63070025
Turkey,Tekirdag,Malkara,2023,28285,0.216282457,17.99381329
Turkey,Tekirdag,Malkara,2024,28285,0.218957067,18.32375444
Turkey,Tekirdag,Marmara-ereglisi,2020,28286,0.051543332636356354,2.497656504
Turkey,Tekirdag,Marmara-ereglisi,2021,28286,0.030413884669542313,1.331231842
Turkey,Tekirdag,Marmara-ereglisi,2022,28286,0.049871236085891724,2.397569368
Turkey,Tekirdag,Marmara-ereglisi,2023,28286,0.048156679,2.296310755
Turkey,Tekirdag,Marmara-ereglisi,2024,28286,0.050439316779375076,2.431425401
Turkey,Tekirdag,Merkez,2020,28287,0.071121968,3.766025234
Turkey,Tekirdag,Merkez,2021,28287,0.07374292612075806,3.94905583
Turkey,Tekirdag,Merkez,2022,28287,0.07066771388053894,3.734616023
Turkey,Tekirdag,Merkez,2023,28287,0.06518187373876572,3.3626511096954346
Turkey,Tekirdag,Merkez,2024,28287,0.059978612,3.022504451
Turkey,Tekirdag,Muratli,2020,28288,0.259542733,23.57163291
Turkey,Tekirdag,Muratli,2021,28288,0.246030629,21.77617711
Turkey,Tekirdag,Muratli,2022,28288,0.228058249,19.46181474
Turkey,Tekirdag,Muratli,2023,28288,0.214091435,17.72507993
Turkey,Tekirdag,Muratli,2024,28288,0.208894059,17.09327206
Turkey,Tekirdag,Saray,2020,28289,0.237854823,20.71259664
Turkey,Tekirdag,Saray,2021,28289,0.228509516,19.51885077
Turkey,Tekirdag,Saray,2022,28289,0.232355535,20.00724087
Turkey,Tekirdag,Saray,2023,28289,0.234453529,20.27536849
Turkey,Tekirdag,Saray,2024,28289,0.237272948,20.63757697
Turkey,Tekirdag,Sarkoy,2020,28290,0.226250291,19.23387524
Turkey,Tekirdag,Sarkoy,2021,28290,0.212723061,17.55796074
Turkey,Tekirdag,Sarkoy,2022,28290,0.226879209,19.31306286
Turkey,Tekirdag,Sarkoy,2023,28290,0.226300746,19.24022402
Turkey,Tekirdag,Sarkoy,2024,28290,0.21895349025726318,18.32331188
Turkey,Tokat,Almus,2020,28291,0.235229671,20.37486443
Turkey,Tokat,Almus,2021,28291,0.248791456,22.13927108
Turkey,Tokat,Almus,2022,28291,0.221427754,18.63037369
Turkey,Tokat,Almus,2023,28291,0.246382177,21.82230219
Turkey,Tokat,Almus,2024,28291,0.254398316,22.88264862
Turkey,Tokat,Artova,2020,28292,0.214954197,17.83073182
Turkey,Tokat,Artova,2021,28292,0.224293441,18.98819772
Turkey,Tokat,Artova,2022,28292,0.214258179,17.74548199
Turkey,Tokat,Artova,2023,28292,0.223183393,18.84931482
Turkey,Tokat,Artova,2024,28292,0.213422045,17.64325858
Turkey,Tokat,Basciftlik,2020,28293,0.185053676,14.30113062
Turkey,Tokat,Basciftlik,2021,28293,0.182208121,13.97992547
Turkey,Tokat,Basciftlik,2022,28293,0.174920008,13.16943039
Turkey,Tokat,Basciftlik,2023,28293,0.196689188,15.64167646
Turkey,Tokat,Basciftlik,2024,28293,0.201689273,16.2308462
Turkey,Tokat,Erbaa,2020,28294,0.0702080950140953,3.70293026
Turkey,Tokat,Erbaa,2021,28294,0.072144762,3.837084686
Turkey,Tokat,Erbaa,2022,28294,0.07272469997406006,3.877584558
Turkey,Tokat,Erbaa,2023,28294,0.07409694045782089,3.974013176
Turkey,Tokat,Erbaa,2024,28294,0.075748473,4.091180364
Turkey,Tokat,Merkez,2020,28295,0.066582017,3.456291949
Turkey,Tokat,Merkez,2021,28295,0.070333637,3.711575618
Turkey,Tokat,Merkez,2022,28295,0.07670034468173981,4.159260642
Turkey,Tokat,Merkez,2023,28295,0.062322952,3.174222645
Turkey,Tokat,Merkez,2024,28295,0.062628888,3.194207962
Turkey,Tokat,Niksar,2020,28296,0.216562718,18.02828903
Turkey,Tokat,Niksar,2021,28296,0.196051478,15.567092895507812
Turkey,Tokat,Niksar,2022,28296,0.161646307,11.73947274
Turkey,Tokat,Niksar,2023,28296,0.169535905,12.58212349
Turkey,Tokat,Niksar,2024,28296,0.176229626,13.31376601
Turkey,Tokat,Pazar,2020,28297,0.132748365,8.843441253
Turkey,Tokat,Pazar,2021,28297,0.095484249,5.583613969
Turkey,Tokat,Pazar,2022,28297,0.0819331556558609,4.540664822
Turkey,Tokat,Pazar,2023,28297,0.082192473,4.559878262
Turkey,Tokat,Pazar,2024,28297,0.12981460988521576,8.56683064
Turkey,Tokat,Resadiye,2020,28298,0.174674675,13.14245585
Turkey,Tokat,Resadiye,2021,28298,0.186231241,14.43482546
Turkey,Tokat,Resadiye,2022,28298,0.170459315,12.68215077
Turkey,Tokat,Resadiye,2023,28298,0.189224094,14.77663705
Turkey,Tokat,Resadiye,2024,28298,0.189718813,14.83341596
Turkey,Tokat,Sulusaray,2020,28299,0.218569785,18.27585097
Turkey,Tokat,Sulusaray,2021,28299,0.228456616,19.51216187
Turkey,Tokat,Sulusaray,2022,28299,0.207672447,16.94593761
Turkey,Tokat,Sulusaray,2023,28299,0.216326088,17.99917891
Turkey,Tokat,Sulusaray,2024,28299,0.207573742,16.93405267
Turkey,Tokat,Turhal,2020,28300,0.09401864558458328,5.467025801
Turkey,Tokat,Turhal,2021,28300,0.094922312,5.53880462
Turkey,Tokat,Turhal,2022,28300,0.09595751017332077,5.621455644
Turkey,Tokat,Turhal,2023,28300,0.094348453,5.49318255
Turkey,Tokat,Turhal,2024,28300,0.091458097,5.265522857
Turkey,Tokat,Yesilyurt,2020,28301,0.200013727,16.03255096
Turkey,Tokat,Yesilyurt,2021,28301,0.187613517,14.59233536
Turkey,Tokat,Yesilyurt,2022,28301,0.180914938,13.83482873
Turkey,Tokat,Yesilyurt,2023,28301,0.190659195,14.94155972
Turkey,Tokat,Yesilyurt,2024,28301,0.183506042,14.12610599
Turkey,Tokat,Zile,2020,28302,0.217888087,18.19163586
Turkey,Tokat,Zile,2021,28302,0.221594214,18.65109487
Turkey,Tokat,Zile,2022,28302,0.21716102957725525,18.10196555
Turkey,Tokat,Zile,2023,28302,0.230533183,19.77531898
Turkey,Tokat,Zile,2024,28302,0.221419096,18.62929621
Turkey,Trabzon,Akcaabat,2020,28303,0.038521402,1.753330479
Turkey,Trabzon,Akcaabat,2021,28303,0.031194163486361504,1.370455063
Turkey,Trabzon,Akcaabat,2022,28303,0.052151527255773544,2.534387613
Turkey,Trabzon,Akcaabat,2023,28303,0.050319015979766846,2.424243107
Turkey,Trabzon,Akcaabat,2024,28303,0.05311626195907593,2.593007557
Turkey,Trabzon,Arakli,2020,28304,0.207136303,16.88141673
Turkey,Trabzon,Arakli,2021,28304,0.187612444,14.59221287
Turkey,Trabzon,Arakli,2022,28304,0.227904931,19.44244964
Turkey,Trabzon,Arakli,2023,28304,0.219762683,18.42354102
Turkey,Trabzon,Arakli,2024,28304,0.21336030960083008,17.63571912
Turkey,Trabzon,Arsin,2020,28305,0.128884703,8.479844535
Turkey,Trabzon,Arsin,2021,28305,0.079200819,4.340009793
Turkey,Trabzon,Arsin,2022,28305,0.05755007639527321,2.868008956
Turkey,Trabzon,Arsin,2023,28305,0.055844422429800034,2.761134325
Turkey,Trabzon,Arsin,2024,28305,0.06062965467572212,3.064384394
Turkey,Trabzon,Besikduzu,2020,28306,0.10133254528045654,6.057843834
Turkey,Trabzon,Besikduzu,2021,28306,0.096313328,5.649968839
Turkey,Trabzon,Besikduzu,2022,28306,0.097103991,5.713519091
Turkey,Trabzon,Besikduzu,2023,28306,0.106080689,6.453340976
Turkey,Trabzon,Besikduzu,2024,28306,0.10219866037368774,6.129290924
Turkey,Trabzon,Carsibasi,2020,28307,0.08898553997278214,5.073599816
Turkey,Trabzon,Carsibasi,2021,28307,0.08142140507698059,4.50283428
Turkey,Trabzon,Carsibasi,2022,28307,0.08831677585840225,5.02213992
Turkey,Trabzon,Carsibasi,2023,28307,0.09081421047449112,5.21529163
Turkey,Trabzon,Carsibasi,2024,28307,0.089252561,5.094200184
Turkey,Trabzon,Caykara,2020,28308,0.139883325,9.529831106
Turkey,Trabzon,Caykara,2021,28308,0.1425456404685974,9.790850451
Turkey,Trabzon,Caykara,2022,28308,0.198038369,15.79988877
Turkey,Trabzon,Caykara,2023,28308,0.156389534,11.19010499
Turkey,Trabzon,Caykara,2024,28308,0.135167271,9.07398313
Turkey,Trabzon,Dernek-pazari,2020,28309,0.240240633,21.02113924
Turkey,Trabzon,Dernek-pazari,2021,28309,0.226652563,19.28451282
Turkey,Trabzon,Dernek-pazari,2022,28309,0.208017409,16.9874969
Turkey,Trabzon,Dernek-pazari,2023,28309,0.23643968999385834,20.53030562
Turkey,Trabzon,Dernek-pazari,2024,28309,0.24660035967826843,21.85094508
Turkey,Trabzon,Duzkoy,2020,28310,0.236105084,20.48728204
Turkey,Trabzon,Duzkoy,2021,28310,0.24160096049308777,21.19773937
Turkey,Trabzon,Duzkoy,2022,28310,0.211141735,17.36552245
Turkey,Trabzon,Duzkoy,2023,28310,0.241920263,21.23926262
Turkey,Trabzon,Duzkoy,2024,28310,0.231531724,19.90228544
Turkey,Trabzon,Hayrat,2020,28311,0.193090022,15.22240975
Turkey,Trabzon,Hayrat,2021,28311,0.187700808,14.60230286
Turkey,Trabzon,Hayrat,2022,28311,0.190052599,14.87176891
Turkey,Trabzon,Hayrat,2023,28311,0.183988839,14.18062254
Turkey,Trabzon,Hayrat,2024,28311,0.211899355,17.45762802
Turkey,Trabzon,Koprubasi,2020,28312,0.241174936,21.14237948
Turkey,Trabzon,Koprubasi,2021,28312,0.232273608,19.99679489
Turkey,Trabzon,Koprubasi,2022,28312,0.197487533,15.73522613
Turkey,Trabzon,Koprubasi,2023,28312,0.181615233,13.91333443
Turkey,Trabzon,Koprubasi,2024,28312,0.188027695,14.63965087
Turkey,Trabzon,Macka,2020,28313,0.28881824016571045,27.61122279
Turkey,Trabzon,Macka,2021,28313,0.276809245,25.93055918
Turkey,Trabzon,Macka,2022,28313,0.262361318,23.95187449
Turkey,Trabzon,Macka,2023,28313,0.300219268,29.23521375
Turkey,Trabzon,Macka,2024,28313,0.305106997,29.93950235
Turkey,Trabzon,Merkez,2020,28314,0.024785736575722694,1.057237295
Turkey,Trabzon,Merkez,2021,28314,0.022381609,0.945005245
Turkey,Trabzon,Merkez,2022,28314,0.0254040714353323,1.086570064
Turkey,Trabzon,Merkez,2023,28314,0.020517170429229736,0.859963198
Turkey,Trabzon,Merkez,2024,28314,0.021588563919067383,0.908618768
Turkey,Trabzon,Of,2020,28315,0.205669343,16.70532231
Turkey,Trabzon,Of,2021,28315,0.164584026,12.05071466
Turkey,Trabzon,Of,2022,28315,0.147335127,10.26703567
Turkey,Trabzon,Of,2023,28315,0.159760177,11.54123682
Turkey,Trabzon,Of,2024,28315,0.172644675,12.92003427
Turkey,Trabzon,Salpazari,2020,28316,0.198495179,15.85358529
Turkey,Trabzon,Salpazari,2021,28316,0.213896677,17.70126052
Turkey,Trabzon,Salpazari,2022,28316,0.217328280210495,18.12257952
Turkey,Trabzon,Salpazari,2023,28316,0.225199848,19.10186081
Turkey,Trabzon,Salpazari,2024,28316,0.204561979,16.57282533
Turkey,Trabzon,Surmene,2020,28317,0.143350661,9.870295656
Turkey,Trabzon,Surmene,2021,28317,0.114241011,7.154633816
Turkey,Trabzon,Surmene,2022,28317,0.10728779435157776,6.555368583
Turkey,Trabzon,Surmene,2023,28317,0.110407732,6.821833813
Turkey,Trabzon,Surmene,2024,28317,0.109860629,6.774820379
Turkey,Trabzon,Tonya,2020,28318,0.275575399,25.75969418
Turkey,Trabzon,Tonya,2021,28318,0.256390452,23.14867556
Turkey,Trabzon,Tonya,2022,28318,0.264531374,24.24593413
Turkey,Trabzon,Tonya,2023,28318,0.269574285,24.93361659
Turkey,Trabzon,Tonya,2024,28318,0.253939867,22.82156814
Turkey,Trabzon,Vakfikebir,2020,28319,0.09198040515184402,5.306399425
Turkey,Trabzon,Vakfikebir,2021,28319,0.096330769,5.6513679
Turkey,Trabzon,Vakfikebir,2022,28319,0.095025979,5.547061094
Turkey,Trabzon,Vakfikebir,2023,28319,0.106775187,6.511968699
Turkey,Trabzon,Vakfikebir,2024,28319,0.09302720427513123,5.388673293
Turkey,Trabzon,Yomra,2020,28320,0.0981273353099823,5.796161708
Turkey,Trabzon,Yomra,2021,28320,0.098080121,5.792339126
Turkey,Trabzon,Yomra,2022,28320,0.10354143381118774,6.240673649
Turkey,Trabzon,Yomra,2023,28320,0.101450421,6.067549234
Turkey,Trabzon,Yomra,2024,28320,0.080265567,4.417812351
Turkey,Tunceli,Cemisgezek,2020,28321,0.188516021,14.695508003234863
Turkey,Tunceli,Cemisgezek,2021,28321,0.192132115,15.11151211
Turkey,Tunceli,Cemisgezek,2022,28321,0.187944755,14.63017143
Turkey,Tunceli,Cemisgezek,2023,28321,0.199085176,15.92303338
Turkey,Tunceli,Cemisgezek,2024,28321,0.197348848,15.71896079
Turkey,Tunceli,Hozat,2020,28322,0.226029873,19.20614849
Turkey,Tunceli,Hozat,2021,28322,0.229058862,19.58835958
Turkey,Tunceli,Hozat,2022,28322,0.221719846,18.66673884
Turkey,Tunceli,Hozat,2023,28322,0.23854433000087738,20.80161035
Turkey,Tunceli,Hozat,2024,28322,0.23972927033901215,20.954879760742188
Turkey,Tunceli,Mazgirt,2020,28323,0.221752286,18.67077906
Turkey,Tunceli,Mazgirt,2021,28323,0.212309033,17.50750431
Turkey,Tunceli,Mazgirt,2022,28323,0.238900363,20.84762321
Turkey,Tunceli,Mazgirt,2023,28323,0.259158671,23.51997069
Turkey,Tunceli,Mazgirt,2024,28323,0.254814774,22.93818001
Turkey,Tunceli,Merkez,2020,28324,0.186402142,14.45426614
Turkey,Tunceli,Merkez,2021,28324,0.18187130987644196,13.94208186
Turkey,Tunceli,Merkez,2022,28324,0.173673764,13.03261489
Turkey,Tunceli,Merkez,2023,28324,0.1935884803533554,15.28023171
Turkey,Tunceli,Merkez,2024,28324,0.177136332,13.41403243
Turkey,Tunceli,Nazimiye,2020,28325,0.292925268,28.19313645
Turkey,Tunceli,Nazimiye,2021,28325,0.282712847,26.75281946
Turkey,Tunceli,Nazimiye,2022,28325,0.285238266,27.10690989
Turkey,Tunceli,Nazimiye,2023,28325,0.282910585,26.78049423
Turkey,Tunceli,Nazimiye,2024,28325,0.286413282,27.27213148
Turkey,Tunceli,Ovacik,2020,28326,0.267527968,24.6538442
Turkey,Tunceli,Ovacik,2021,28326,0.268728167,24.81781627
Turkey,Tunceli,Ovacik,2022,28326,0.255501151,23.02979751
Turkey,Tunceli,Ovacik,2023,28326,0.265142858,24.32899878
Turkey,Tunceli,Ovacik,2024,28326,0.263959706,24.16835894
Turkey,Tunceli,Pertek,2020,28327,0.263061792,24.04667048
Turkey,Tunceli,Pertek,2021,28327,0.253751159,22.79644129
Turkey,Tunceli,Pertek,2022,28327,0.259790063,23.60492156
Turkey,Tunceli,Pertek,2023,28327,0.246404499,21.82523204
Turkey,Tunceli,Pertek,2024,28327,0.248712599,22.12887291
Turkey,Tunceli,Pulumur,2020,28328,0.24244382977485657,21.30740741
Turkey,Tunceli,Pulumur,2021,28328,0.250306666,22.33937707
Turkey,Tunceli,Pulumur,2022,28328,0.237895325,20.71782176
Turkey,Tunceli,Pulumur,2023,28328,0.229476899,19.64130997
Turkey,Tunceli,Pulumur,2024,28328,0.218440384,18.25985472
Turkey,Usak,Banaz,2020,28329,0.211498797,17.40891004
Turkey,Usak,Banaz,2021,28329,0.221758157,18.6715103
Turkey,Usak,Banaz,2022,28329,0.217644528,18.16157982
Turkey,Usak,Banaz,2023,28329,0.221668243,18.6603126
Turkey,Usak,Banaz,2024,28329,0.226944193,19.32125135
Turkey,Usak,Esme,2020,28330,0.205676079,16.70612933
Turkey,Usak,Esme,2021,28330,0.200915545,16.13917063
Turkey,Usak,Esme,2022,28330,0.198669642,15.87410993
Turkey,Usak,Esme,2023,28330,0.21643435955047607,18.01249642
Turkey,Usak,Esme,2024,28330,0.207701415,16.94942614
Turkey,Usak,Karahalli,2020,28331,0.169614911,12.59067032
Turkey,Usak,Karahalli,2021,28331,0.173477948,13.01116535
Turkey,Usak,Karahalli,2022,28331,0.169661343,12.59569431
Turkey,Usak,Karahalli,2023,28331,0.182369202,13.99803753
Turkey,Usak,Karahalli,2024,28331,0.174146056,13.08440263
Turkey,Usak,Merkez,2020,28332,0.07730486989021301,4.202706205
Turkey,Usak,Merkez,2021,28332,0.076652288,4.155813912
Turkey,Usak,Merkez,2022,28332,0.080954179,4.468395262
Turkey,Usak,Merkez,2023,28332,0.07302403450012207,3.898547375
Turkey,Usak,Merkez,2024,28332,0.06938653439283371,3.64652933
Turkey,Usak,Sivasli,2020,28333,0.210420623,17.27801354
Turkey,Usak,Sivasli,2021,28333,0.209838808,17.20752142
Turkey,Usak,Sivasli,2022,28333,0.211419463,17.3992667
Turkey,Usak,Sivasli,2023,28333,0.227133542,19.34511758
Turkey,Usak,Sivasli,2024,28333,0.208389238,17.03233298
Turkey,Usak,Ulubey,2020,28334,0.271468401,25.19345196
Turkey,Usak,Ulubey,2021,28334,0.280270159,26.41165937
Turkey,Usak,Ulubey,2022,28334,0.248732939,22.13155483
Turkey,Usak,Ulubey,2023,28334,0.273906499,25.52913251
Turkey,Usak,Ulubey,2024,28334,0.272289574,25.30635925
Turkey,Van,Bahcesaray,2020,28335,0.198841065,15.89428616
Turkey,Van,Bahcesaray,2021,28335,0.197132289,15.69357426
Turkey,Van,Bahcesaray,2022,28335,0.198121667,15.80967528
Turkey,Van,Bahcesaray,2023,28335,0.171046838,12.74594493
Turkey,Van,Bahcesaray,2024,28335,0.179973394,13.72953296
Turkey,Van,Baskale,2020,28336,0.219706625,18.4165914
Turkey,Van,Baskale,2021,28336,0.20599029958248138,16.74379442
Turkey,Van,Baskale,2022,28336,0.20213595032691956,16.28385476
Turkey,Van,Baskale,2023,28336,0.22247985005378723,18.76147242
Turkey,Van,Baskale,2024,28336,0.233901143,20.20465612
Turkey,Van,Caldiran,2020,28337,0.199746817,16.00104309
Turkey,Van,Caldiran,2021,28337,0.203272998,16.41906769
Turkey,Van,Caldiran,2022,28337,0.201756567,16.23882823
Turkey,Van,Caldiran,2023,28337,0.200399965,16.07818418
Turkey,Van,Caldiran,2024,28337,0.2029893696308136,16.38530274
Turkey,Van,Catak,2020,28338,0.204701096,16.58945035
Turkey,Van,Catak,2021,28338,0.210018545,17.22928747
Turkey,Van,Catak,2022,28338,0.205908701,16.73401045
Turkey,Van,Catak,2023,28338,0.210937813,17.34076023
Turkey,Van,Catak,2024,28338,0.225646153,19.15791228
Turkey,Van,Edremit,2020,28339,0.11010739952325821,6.79601069
Turkey,Van,Edremit,2021,28339,0.104958922,6.35906315
Turkey,Van,Edremit,2022,28339,0.103504807,6.237625536
Turkey,Van,Edremit,2023,28339,0.10728180408477783,6.554860795
Turkey,Van,Edremit,2024,28339,0.10602618008852005,6.4487479
Turkey,Van,Ercis,2020,28340,0.144615918,9.995645411
Turkey,Van,Ercis,2021,28340,0.147844195,10.31814471
Turkey,Van,Ercis,2022,28340,0.08008836954832077,4.404829762
Turkey,Van,Ercis,2023,28340,0.067770623,3.536483649
Turkey,Van,Ercis,2024,28340,0.109070972,6.707178709
Turkey,Van,Gevas,2020,28341,0.230577171,19.78090638
Turkey,Van,Gevas,2021,28341,0.23225224018096924,19.99407065
Turkey,Van,Gevas,2022,28341,0.220780686,18.54990143
Turkey,Van,Gevas,2023,28341,0.208579153,17.05524948
Turkey,Van,Gevas,2024,28341,0.216502905,18.0209293
Turkey,Van,Gurpinar,2020,28342,0.287691951,27.45226555
Turkey,Van,Gurpinar,2021,28342,0.293051064,28.21101591
Turkey,Van,Gurpinar,2022,28342,0.284726322,27.03501771
Turkey,Van,Gurpinar,2023,28342,0.279328883,26.28054781
Turkey,Van,Gurpinar,2024,28342,0.268051893,24.72538152
Turkey,Van,Administrative unit not available,2020,28343,0.09780685603618622,5.77023334
Turkey,Van,Administrative unit not available,2021,28343,0.099239022,5.886436415
Turkey,Van,Administrative unit not available,2022,28343,0.10614196956157684,6.458506191
Turkey,Van,Administrative unit not available,2023,28343,0.102453619,6.150382211
Turkey,Van,Administrative unit not available,2024,28343,0.0920291543006897,5.310220538
Turkey,Van,Merkez,2020,28344,0.076787308,4.165500487
Turkey,Van,Merkez,2021,28344,0.076033801,4.111545553
Turkey,Van,Merkez,2022,28344,0.075765431,4.092389695
Turkey,Van,Merkez,2023,28344,0.064463809,3.314973215
Turkey,Van,Merkez,2024,28344,0.067463391,3.515694277
Turkey,Van,Muradiye,2020,28345,0.165024415,12.09763158
Turkey,Van,Muradiye,2021,28345,0.155267745,11.07414009
Turkey,Van,Muradiye,2022,28345,0.129330069,8.521463695
Turkey,Van,Muradiye,2023,28345,0.143070459,9.84261609
Turkey,Van,Muradiye,2024,28345,0.151159301,10.65328325
Turkey,Van,Ozalp,2020,28346,0.211402163,17.39716403
Turkey,Van,Ozalp,2021,28346,0.226089895,19.2136974
Turkey,Van,Ozalp,2022,28346,0.213573024,17.66170159
Turkey,Van,Ozalp,2023,28346,0.195130944,15.45965661
Turkey,Van,Ozalp,2024,28346,0.20122846961021423,16.17622546
Turkey,Van,Saray,2020,28347,0.209985837,17.22532585
Turkey,Van,Saray,2021,28347,0.189172894,14.77076526
Turkey,Van,Saray,2022,28347,0.198637307,15.87030511
Turkey,Van,Saray,2023,28347,0.190893769,14.96857971
Turkey,Van,Saray,2024,28347,0.200165719,16.05050298
Turkey,Yalova,Altinova,2020,28348,0.012477600947022438,0.513400819
Turkey,Yalova,Altinova,2021,28348,0.012079838663339615,0.497109739
Turkey,Yalova,Altinova,2022,28348,0.01660715416073799,0.687312049
Turkey,Yalova,Altinova,2023,28348,0.010625497438013554,0.438235823
Turkey,Yalova,Altinova,2024,28348,0.010550644248723984,0.435235069
Turkey,Yalova,Armutlu,2020,28349,0.244363174,21.55783468
Turkey,Yalova,Armutlu,2021,28349,0.239597246,20.9377844
Turkey,Yalova,Armutlu,2022,28349,0.227369815,19.3749123
Turkey,Yalova,Armutlu,2023,28349,0.234563112,20.28940637
Turkey,Yalova,Armutlu,2024,28349,0.247190863,21.92852761
Turkey,Yalova,Ciftlikkoy,2020,28350,0.033842895179986954,1.505834033
Turkey,Yalova,Ciftlikkoy,2021,28350,0.02523050829768181,1.07831727
Turkey,Yalova,Ciftlikkoy,2022,28350,0.027591383084654808,1.191860146
Turkey,Yalova,Ciftlikkoy,2023,28350,0.027975549921393394,1.210598039
Turkey,Yalova,Ciftlikkoy,2024,28350,0.028161466121673584,1.219692448
Turkey,Yalova,Cinarcik,2020,28351,0.072661057,3.873132722
Turkey,Yalova,Cinarcik,2021,28351,0.069570072,3.659102995
Turkey,Yalova,Cinarcik,2022,28351,0.069099747,3.626912678
Turkey,Yalova,Cinarcik,2023,28351,0.0720713660120964,3.831969845
Turkey,Yalova,Cinarcik,2024,28351,0.0704793855547905,3.721621332
Turkey,Yalova,Merkez,2020,28352,0.042588919,1.977121933
Turkey,Yalova,Merkez,2021,28352,0.04253348335623741,1.974018365
Turkey,Yalova,Merkez,2022,28352,0.045568921,2.146121541
Turkey,Yalova,Merkez,2023,28352,0.04454059526324272,2.087324239
Turkey,Yalova,Merkez,2024,28352,0.04422975704073906,2.069650585
Turkey,Yalova,Termal,2020,28353,0.117174447,7.413304345
Turkey,Yalova,Termal,2021,28353,0.10659348964691162,6.496611168
Turkey,Yalova,Termal,2022,28353,0.105684295296669,6.419967328
Turkey,Yalova,Termal,2023,28353,0.117305458,7.424937181
Turkey,Yalova,Termal,2024,28353,0.097859427,5.774483663
Turkey,Yozgat,Akdagmadeni,2020,28354,0.20500431954860687,16.62570709
Turkey,Yozgat,Akdagmadeni,2021,28354,0.213842437,17.69462879
Turkey,Yozgat,Akdagmadeni,2022,28354,0.200742707,16.11871693
Turkey,Yozgat,Akdagmadeni,2023,28354,0.21423017978668213,17.74205555
Turkey,Yozgat,Akdagmadeni,2024,28354,0.209917367,17.21703364
Turkey,Yozgat,Aydincik,2020,28355,0.164134875,12.00293371
Turkey,Yozgat,Aydincik,2021,28355,0.1694522202014923,12.57307283
Turkey,Yozgat,Aydincik,2022,28355,0.150803566,10.61712914
Turkey,Yozgat,Aydincik,2023,28355,0.153780997,10.92114117
Turkey,Yozgat,Aydincik,2024,28355,0.160663232,11.63599358
Turkey,Yozgat,Bogazliyan,2020,28356,0.220498398,18.51483245
Turkey,Yozgat,Bogazliyan,2021,28356,0.211562902,17.41670361
Turkey,Yozgat,Bogazliyan,2022,28356,0.202617377,16.34105567
Turkey,Yozgat,Bogazliyan,2023,28356,0.160641849,11.63374655
Turkey,Yozgat,Bogazliyan,2024,28356,0.15720199048519135,11.27437267
Turkey,Yozgat,Candir,2020,28357,0.220622599,18.53025932
Turkey,Yozgat,Candir,2021,28357,0.219404712,18.3791784
Turkey,Yozgat,Candir,2022,28357,0.213432252,17.64450525
Turkey,Yozgat,Candir,2023,28357,0.215457261,17.89243642
Turkey,Yozgat,Candir,2024,28357,0.215772614,17.93115467
Turkey,Yozgat,Cayiralan,2020,28358,0.246682227,21.86169569
Turkey,Yozgat,Cayiralan,2021,28358,0.241787434,21.22198577
Turkey,Yozgat,Cayiralan,2022,28358,0.237582892,20.67752595
Turkey,Yozgat,Cayiralan,2023,28358,0.259594232,23.57856297
Turkey,Yozgat,Cayiralan,2024,28358,0.25590693950653076,23.08401723
Turkey,Yozgat,Cekerek,2020,28359,0.251060456,22.43914413
Turkey,Yozgat,Cekerek,2021,28359,0.242092133,21.26162437
Turkey,Yozgat,Cekerek,2022,28359,0.232096553,19.97422586
Turkey,Yozgat,Cekerek,2023,28359,0.237469524,20.66291085
Turkey,Yozgat,Cekerek,2024,28359,0.2468400001525879,21.88241909
Turkey,Yozgat,Kadisehri,2020,28360,0.238647282,20.81491214
Turkey,Yozgat,Kadisehri,2021,28360,0.239421278,20.91500585
Turkey,Yozgat,Kadisehri,2022,28360,0.200276494,16.06359133
Turkey,Yozgat,Kadisehri,2023,28360,0.212593883,17.54221275
Turkey,Yozgat,Kadisehri,2024,28360,0.209346324,17.14793164
Turkey,Yozgat,Merkez,2020,28361,0.195431501,15.49470558
Turkey,Yozgat,Merkez,2021,28361,0.199030071,15.91654249
Turkey,Yozgat,Merkez,2022,28361,0.193613678,15.28315679
Turkey,Yozgat,Merkez,2023,28361,0.198650867,15.87190064
Turkey,Yozgat,Merkez,2024,28361,0.195736542,15.5303066
Turkey,Yozgat,Saraykent,2020,28362,0.250110924,22.31349353
Turkey,Yozgat,Saraykent,2021,28362,0.245717317,21.73509584
Turkey,Yozgat,Saraykent,2022,28362,0.243184045,21.40387297
Turkey,Yozgat,Saraykent,2023,28362,0.234712631,20.30856529
Turkey,Yozgat,Saraykent,2024,28362,0.232411712,20.01440478
Turkey,Yozgat,Sarikaya,2020,28363,0.196617723,15.63331182
Turkey,Yozgat,Sarikaya,2021,28363,0.192024887,15.09911627
Turkey,Yozgat,Sarikaya,2022,28363,0.191103697,14.9927756
Turkey,Yozgat,Sarikaya,2023,28363,0.190068603,14.87360869
Turkey,Yozgat,Sarikaya,2024,28363,0.195098937,15.45592575
Turkey,Yozgat,Sefaatli,2020,28364,0.208081722,16.99524901
Turkey,Yozgat,Sefaatli,2021,28364,0.205658227,16.70399039
Turkey,Yozgat,Sefaatli,2022,28364,0.205764443,16.71671833
Turkey,Yozgat,Sefaatli,2023,28364,0.204054266,16.51220178
Turkey,Yozgat,Sefaatli,2024,28364,0.208188742,17.0081516
Turkey,Yozgat,Sorgun,2020,28365,0.220379233,18.50003533
Turkey,Yozgat,Sorgun,2021,28365,0.202684477,16.34903382
Turkey,Yozgat,Sorgun,2022,28365,0.210083932,17.23720807
Turkey,Yozgat,Sorgun,2023,28365,0.209096044,17.11767591
Turkey,Yozgat,Sorgun,2024,28365,0.216513515,18.02223469
Turkey,Yozgat,Yenifakili,2020,28366,0.212294102,17.50568566
Turkey,Yozgat,Yenifakili,2021,28366,0.217703372,18.16883988
Turkey,Yozgat,Yenifakili,2022,28366,0.210527956,17.29102891
Turkey,Yozgat,Yenifakili,2023,28366,0.206150353,16.76299122
Turkey,Yozgat,Yenifakili,2024,28366,0.201421648,16.19911569
Turkey,Yozgat,Yerkoy,2020,28367,0.220133752,18.46956577
Turkey,Yozgat,Yerkoy,2021,28367,0.219485164,18.38914537
Turkey,Yozgat,Yerkoy,2022,28367,0.19291912019252777,15.20260303
Turkey,Yozgat,Yerkoy,2023,28367,0.199365526,15.95607107
Turkey,Yozgat,Yerkoy,2024,28367,0.193131238,15.22718796
Turkey,Zonguldak,Alapli,2020,28368,0.179130152,13.63547958
Turkey,Zonguldak,Alapli,2021,28368,0.170323581,12.66742922
Turkey,Zonguldak,Alapli,2022,28368,0.15866366028785706,11.42656701
Turkey,Zonguldak,Alapli,2023,28368,0.10782818496227264,6.60123727
Turkey,Zonguldak,Alapli,2024,28368,0.143290281,9.864328635
Turkey,Zonguldak,Caycuma,2020,28369,0.08556807041168213,4.812657286
Turkey,Zonguldak,Caycuma,2021,28369,0.046367205679416656,2.192113173
Turkey,Zonguldak,Caycuma,2022,28369,0.011281815357506275,0.464670028
Turkey,Zonguldak,Caycuma,2023,28369,0.003672847058624029,0.171875912
Turkey,Zonguldak,Caycuma,2024,28369,0.005789629183709621,0.250315981
Turkey,Zonguldak,Devrek,2020,28370,0.246353552,21.81854522
Turkey,Zonguldak,Devrek,2021,28370,0.258713335,23.46011148
Turkey,Zonguldak,Devrek,2022,28370,0.271592408,25.21049239
Turkey,Zonguldak,Devrek,2023,28370,0.251478791,22.49457464
Turkey,Zonguldak,Devrek,2024,28370,0.2485376000404358,22.105802536010742
Turkey,Zonguldak,Eregli,2020,28371,0.073719963,3.947438933
Turkey,Zonguldak,Eregli,2021,28371,0.068266131,3.570103016
Turkey,Zonguldak,Eregli,2022,28371,0.07666373997926712,4.156635156
Turkey,Zonguldak,Eregli,2023,28371,0.074632034,4.011842231
Turkey,Zonguldak,Eregli,2024,28371,0.07674245536327362,4.16228178
Turkey,Zonguldak,Gokcebey,2020,28372,0.237500235,20.66686973
Turkey,Zonguldak,Gokcebey,2021,28372,0.227772251,19.42569655
Turkey,Zonguldak,Gokcebey,2022,28372,0.251841635,22.54268821
Turkey,Zonguldak,Gokcebey,2023,28372,0.255727321,23.06001231
Turkey,Zonguldak,Gokcebey,2024,28372,0.261094809,23.78077715
Turkey,Zonguldak,Merkez,2020,28373,0.026198670268058777,1.124544269
Turkey,Zonguldak,Merkez,2021,28373,0.027735671028494835,1.198889267
Turkey,Zonguldak,Merkez,2022,28373,0.03038833476603031,1.329952566
Turkey,Zonguldak,Merkez,2023,28373,0.03038855828344822,1.329963756
Turkey,Zonguldak,Merkez,2024,28373,0.026494542136788368,1.138764406
