Year,Country,Region,MPI
2012,Bangladesh,Barisal,0.318
2012,Bangladesh,Chittagong,0.29
2012,Bangladesh,Dhaka,0.287
2012,Bangladesh,Khulna,0.256
2012,Bangladesh,Rajshahi,0.285
2012,Bangladesh,Sylhet,0.374
2012,Belize,Belize,0.002
2012,Belize,Cayo,0.022
2012,Belize,Corozal,0.006
2012,Belize,Orange Walk,0.023
2012,Belize,Stann Creek,0.021
2012,Belize,Toledo,0.121
2012,Benin,Alibori,0.628
2012,Benin,Atacora,0.592
2012,Benin,Atlantique,0.363
2012,Benin,Borgou,0.474
2012,Benin,Collines,0.402
2012,Benin,Couffo,0.439
2012,Benin,Donga,0.503
2012,Benin,Littoral,0.098
2012,Benin,Mono,0.401
2012,Benin,Ouémé,0.33
2012,Benin,Plateau,0.483
2012,Benin,Zou,0.396
2012,Bolivia,Beni,0.099
2012,Bolivia,Chuquisaca,0.145
2012,Bolivia,Cochabamba,0.105
2012,Bolivia,La Paz,0.077
2012,Bolivia,Oruro,0.073
2012,Bolivia,Pando,0.087
2012,Bolivia,Potosí,0.168
2012,Bolivia,Santa Cruz,0.043
2012,Bolivia,Tarija,0.081
2012,Burkina Faso,Boucle de mouhoun,0.591
2012,Burkina Faso,Cascades,0.493
2012,Burkina Faso,Centre,0.207
2012,Burkina Faso,Centre-est,0.58
2012,Burkina Faso,Centre-nord,0.575
2012,Burkina Faso,Centre-ouest,0.554
2012,Burkina Faso,Centre-sud,0.513
2012,Burkina Faso,Est,0.698
2012,Burkina Faso,Hauts basins,0.459
2012,Burkina Faso,Nord,0.581
2012,Burkina Faso,Plateau central,0.524
2012,Burkina Faso,Sahel,0.69
2012,Burkina Faso,Sud-ouest,0.655
2012,Burundi,Central,0.519
2012,Burundi,Eastern,0.547
2012,Burundi,Northern,0.574
2012,Burundi,Southern,0.51
2012,Burundi,Western,0.483
2012,Cambodia,Banteay Mean Chey,0.189
2012,Cambodia,Battambang/Pailin,0.161
2012,Cambodia,Kampong Cham,0.239
2012,Cambodia,Kampong Chhnang,0.277
2012,Cambodia,Kampong Speu,0.213
2012,Cambodia,Kampong Thom,0.271
2012,Cambodia,Kampot/Kep,0.216
2012,Cambodia,Kandal,0.17
2012,Cambodia,Kratie,0.309
2012,Cambodia,Mondol Kiri/Rattanak Kiri,0.409
2012,Cambodia,Otdar Mean Chey,0.233
2012,Cambodia,Phnom Penh,0.028
2012,Cambodia,Preah Sihanouk/Koh Kong,0.196
2012,Cambodia,Preah Vihear/Steung Treng,0.369
2012,Cambodia,Prey Veng,0.223
2012,Cambodia,Pursat,0.284
2012,Cambodia,Siem Reap,0.24
2012,Cambodia,Svay Rieng,0.229
2012,Cambodia,Takeo,0.245
2012,Cameroon,Adamaoua,0.392
2012,Cameroon,Centre,0.204
2012,Cameroon,Douala,0.042
2012,Cameroon,Est,0.321
2012,Cameroon,Extrême-Nord,0.553
2012,Cameroon,Littoral,0.137
2012,Cameroon,Nord,0.54
2012,Cameroon,Nord-Ouest,0.241
2012,Cameroon,Ouest,0.209
2012,Cameroon,Sud,0.19
2012,Cameroon,Sud-Ouest,0.171
2012,Cameroon,Yaounde,0.033
2012,Colombia,Antioquia Sin Medellin,0.037
2012,Colombia,"Atlantico, San Andres, Bolivar Norte",0.012
2012,Colombia,Barranquilla A. M.,0.009
2012,Colombia,Bogota,0.003
2012,Colombia,"Bolivar Sur, Sucre, Cordoba",0.061
2012,Colombia,"Boyaca, Cmarca, Meta",0.018
2012,Colombia,"Caldas, Risaralda, Quindio",0.009
2012,Colombia,Cali A.M.,0.005
2012,Colombia,Cauca Y Nariño Sin Litoral,0.039
2012,Colombia,"Guajira, Cesar, Magdalena",0.056
2012,Colombia,Litoral Pacifico,0.059
2012,Colombia,Medellin A.M.,0.005
2012,Colombia,Orinoquia Y Amazonia,0.028
2012,Colombia,Santanderes,0.022
2012,Colombia,"Tolima, Huila, Caqueta",0.027
2012,Colombia,Valle Sin Cali Ni Litoral,0.012
2012,Cote d'Ivoire,Abidjan,0.167
2012,Cote d'Ivoire,Centre,0.342
2012,Cote d'Ivoire,Centre-Eastern,0.34
2012,Cote d'Ivoire,Centre-Northern,0.332
2012,Cote d'Ivoire,Centre-Western,0.397
2012,Cote d'Ivoire,Norhern,0.439
2012,Cote d'Ivoire,North-Estern,0.526
2012,Cote d'Ivoire,North-Western,0.394
2012,Cote d'Ivoire,Southern,0.35
2012,Cote d'Ivoire,South-Western,0.465
2012,Cote d'Ivoire,Western,0.496
2012,Djibouti,Djibouti,0.125
2012,Djibouti,Other Districts,0.214
2012,Dominican Republic,Azua,0.053
2012,Dominican Republic,Bahoruco,0.083
2012,Dominican Republic,Barahona,0.035
2012,Dominican Republic,Dajabón,0.023
2012,Dominican Republic,Distrito Nacional,0.004
2012,Dominican Republic,Duarte,0.017
2012,Dominican Republic,El Seibo,0.075
2012,Dominican Republic,Elías Piña,0.124
2012,Dominican Republic,Espaillat,0.008
2012,Dominican Republic,Hato Mayor,0.029
2012,Dominican Republic,Independencia,0.042
2012,Dominican Republic,La Altagracia,0.013
2012,Dominican Republic,La Romana,0.022
2012,Dominican Republic,La Vega,0.01
2012,Dominican Republic,Maria Trinidad Sánchez,0.016
2012,Dominican Republic,Monseñol Nouel,0.018
2012,Dominican Republic,Monte Cristi,0.027
2012,Dominican Republic,Monte Plata,0.043
2012,Dominican Republic,Pedernales,0.05
2012,Dominican Republic,Peravia,0.018
2012,Dominican Republic,Puerto Plata,0.013
2012,Dominican Republic,Salcedo,0.004
2012,Dominican Republic,Samaná,0.011
2012,Dominican Republic,San Cristóbal,0.017
2012,Dominican Republic,San José De Ocoa,0.036
2012,Dominican Republic,San Juan,0.058
2012,Dominican Republic,San Pedro De Macorís,0.027
2012,Dominican Republic,Sanchéz Ramírez,0.011
2012,Dominican Republic,Santiago,0.009
2012,Dominican Republic,Santiago Rodríguez,0.023
2012,Dominican Republic,Santo Domingo,0.01
2012,Dominican Republic,Valverde,0.021
2012,Democratic Republic of Congo,Bandundu,0.438
2012,Democratic Republic of Congo,Bas-Congo,0.388
2012,Democratic Republic of Congo,Kasaï Occidental,0.494
2012,Democratic Republic of Congo,Kasaï Oriental,0.394
2012,Democratic Republic of Congo,Katanga,0.403
2012,Democratic Republic of Congo,Kinshasa,0.096
2012,Democratic Republic of Congo,Maniema,0.423
2012,Democratic Republic of Congo,Nord-Kivu,0.448
2012,Democratic Republic of Congo,Orientale,0.421
2012,Democratic Republic of Congo,Sud-Kivu,0.4
2012,Democratic Republic of Congo,Équateur,0.504
2012,Egypt,Frontier Governorates,0.032
2012,Egypt,Lower Egypt - Rural,0.015
2012,Egypt,Lower Egypt - Urban,0.005
2012,Egypt,Upper Egypt - Rural,0.059
2012,Egypt,Upper Egypt - Urban,0.015
2012,Egypt,Urban Governorates,0.009
2012,Ethiopia,Addis Ababa,0.085
2012,Ethiopia,Affar,0.663
2012,Ethiopia,Amhara,0.588
2012,Ethiopia,Benishangul-Gumuz,0.584
2012,Ethiopia,Dire Dawa,0.338
2012,Ethiopia,Gambela,0.474
2012,Ethiopia,Harari,0.333
2012,Ethiopia,Oromiya,0.592
2012,Ethiopia,Somali,0.647
2012,Ethiopia,"Southern Nations, Nationalities, and People's Region",0.574
2012,Ethiopia,Tigray,0.537
2012,Gambia,Banjul,0.1
2012,Gambia,Basse,0.528
2012,Gambia,Brikama,0.222
2012,Gambia,Janjanbureh,0.525
2012,Gambia,Kanifing,0.141
2012,Gambia,Kerewan,0.429
2012,Gambia,Kuntuar,0.583
2012,Gambia,Mansa Konko,0.409
2012,Ghana,Ashanti,0.081
2012,Ghana,Brong Ahafo,0.149
2012,Ghana,Central,0.129
2012,Ghana,Eastern,0.103
2012,Ghana,Greater Accra,0.035
2012,Ghana,Northern,0.356
2012,Ghana,Upper East,0.288
2012,Ghana,Upper West,0.28
2012,Ghana,Volta,0.132
2012,Ghana,Western,0.116
2012,Guinea,Boké,0.55
2012,Guinea,Conakry,0.168
2012,Guinea,Faranah,0.53
2012,Guinea,Kankan,0.603
2012,Guinea,Kindia,0.546
2012,Guinea,Labé,0.571
2012,Guinea,Mamou,0.565
2012,Guinea,N’Zérékoré,0.555
2012,Guyana,Barima-Waini,0.125
2012,Guyana,Cuyuni-Mazaruni,0.071
2012,Guyana,Demerara-Mahaica,0.014
2012,Guyana,East Berbice-Corentyne,0.017
2012,Guyana,Essequibo Islands-West Demerara,0.023
2012,Guyana,Mahaica-Berbice,0.025
2012,Guyana,Pomeroon-Supenaam,0.035
2012,Guyana,Potaro-Siparuni,0.155
2012,Guyana,Upper Demerara-Berbice,0.031
2012,Guyana,Upper Takutu-Upper Essequibo,0.114
2012,Haiti,Aire Métropolitaine/Ouest,0.177
2012,Haiti,Artibonite,0.357
2012,Haiti,Centre,0.499
2012,Haiti,Grand'Anse,0.398
2012,Haiti,Nippes,0.349
2012,Haiti,North-Eastern,0.33
2012,Haiti,Northern,0.343
2012,Haiti,North-Western,0.345
2012,Haiti,South-Eastern,0.368
2012,Haiti,Southern,0.31
2012,Honduras,Atlántida,0.061
2012,Honduras,Choluteca,0.242
2012,Honduras,Colón,0.111
2012,Honduras,Comayagua,0.162
2012,Honduras,Copán,0.282
2012,Honduras,Cortés,0.063
2012,Honduras,El Paraíso,0.226
2012,Honduras,Francisco Morazán,0.085
2012,Honduras,Intibucá,0.289
2012,Honduras,La Paz,0.283
2012,Honduras,Lempira,0.362
2012,Honduras,Ocotepeque,0.245
2012,Honduras,Olancho,0.251
2012,Honduras,Santa Bárbara,0.229
2012,Honduras,Valle,0.199
2012,Honduras,Yoro,0.094
2012,India,Andhra Pradesh,0.209
2012,India,Arunachal Pradesh,0.274
2012,India,Assam,0.316
2012,India,Bihar,0.479
2012,India,Chhattisgarh,0.367
2012,India,Delhi,0.054
2012,India,Goa,0.085
2012,India,Gujarat,0.201
2012,India,Haryana,0.186
2012,India,Himachal Pradesh,0.125
2012,India,Jammu and Kashmir,0.194
2012,India,Jharkhand,0.441
2012,India,Karnataka,0.206
2012,India,Kerala,0.051
2012,India,Madhya Pradesh,0.374
2012,India,Maharashtra,0.18
2012,India,Manipur,0.191
2012,India,Meghalaya,0.307
2012,India,Mizoram,0.094
2012,India,Nagaland,0.264
2012,India,Orissa,0.339
2012,India,Punjab,0.112
2012,India,Rajasthan,0.338
2012,India,Sikkim,0.15
2012,India,Tamil Nadu,0.13
2012,India,Tripura,0.269
2012,India,Uttar Pradesh,0.369
2012,India,Uttarakhand,0.185
2012,India,West Bengal,0.304
2012,Indonesia,Aceh,0.098
2012,Indonesia,Bali,0.056
2012,Indonesia,Bangka-Belitung,0.068
2012,Indonesia,Banten,0.135
2012,Indonesia,Bengkulu,0.106
2012,Indonesia,Central Java,0.075
2012,Indonesia,Central Kalimantan,0.082
2012,Indonesia,Central Sulawesi,0.136
2012,Indonesia,East Java,0.093
2012,Indonesia,East Kalimantan,0.077
2012,Indonesia,East Nusa Tenggara,0.2
2012,Indonesia,Gorontalo,0.15
2012,Indonesia,Jakarta,0.038
2012,Indonesia,Jambi,0.078
2012,Indonesia,Kepulauan Bangka-Belitung,0.055
2012,Indonesia,Lampung,0.1
2012,Indonesia,Maluku,0.154
2012,Indonesia,North Maluku,0.134
2012,Indonesia,North Sulawesi,0.058
2012,Indonesia,North Sumatra,0.106
2012,Indonesia,Papua,0.22
2012,Indonesia,Riau,0.082
2012,Indonesia,South East Sulawesi,0.118
2012,Indonesia,South Kalimantan,0.109
2012,Indonesia,South Sulawesi,0.12
2012,Indonesia,South Sumatra,0.105
2012,Indonesia,West Java,0.09
2012,Indonesia,West Kalimantan,0.123
2012,Indonesia,West Nusa Tenggara,0.125
2012,Indonesia,West Papua,0.095
2012,Indonesia,West Sulawesi,0.152
2012,Indonesia,West Sumatra,0.117
2012,Indonesia,Yogyakarta Special Region,0.038
2012,Jordan,Central,0.006
2012,Jordan,North,0.01
2012,Jordan,South,0.014
2012,Kenya,Central,0.133
2012,Kenya,Coast,0.255
2012,Kenya,Eastern,0.248
2012,Kenya,Nairobi,0.016
2012,Kenya,Northeastern,0.516
2012,Kenya,Nyanza,0.239
2012,Kenya,Rift Valley,0.25
2012,Kenya,Western,0.254
2012,Lao,Central,0.208
2012,Lao,Northern,0.312
2012,Lao,Southern,0.327
2012,Lesotho,Berea,0.108
2012,Lesotho,Butha-Bothe,0.142
2012,Lesotho,Leribe,0.139
2012,Lesotho,Mafeteng,0.142
2012,Lesotho,Maseru,0.096
2012,Lesotho,Mohale's Hoek,0.218
2012,Lesotho,Mokhotlong,0.244
2012,Lesotho,Qacha's-Nek,0.197
2012,Lesotho,Quthing,0.2
2012,Lesotho,Thaba-Tseka,0.284
2012,Liberia,Monrovia,0.306
2012,Liberia,North central,0.558
2012,Liberia,North western,0.539
2012,Liberia,South central,0.56
2012,Liberia,South eastern A,0.552
2012,Liberia,South eastern B,0.539
2012,Macedonia,Eastern,0.004
2012,Macedonia,Northeastern,0.006
2012,Macedonia,Pelagonia,0.015
2012,Macedonia,Polog,0.001
2012,Macedonia,Skopje,0.004
2012,Macedonia,Southeastern,0.039
2012,Macedonia,Southwestern,0.006
2012,Macedonia,Vardar,0.001
2012,Madagascar,Alaotra Mangoro,0.309
2012,Madagascar,Analamanga,0.178
2012,Madagascar,Analanjirofo,0.383
2012,Madagascar,Anamoroni'i Mania,0.409
2012,Madagascar,Androy,0.547
2012,Madagascar,Anosy,0.486
2012,Madagascar,Atsimo Andrefana,0.427
2012,Madagascar,Atsimo Atsinanana,0.531
2012,Madagascar,Atsinanana,0.269
2012,Madagascar,Betsiboka,0.433
2012,Madagascar,Boeny,0.31
2012,Madagascar,Bongolava,0.319
2012,Madagascar,Diana,0.294
2012,Madagascar,Haute Matsiatra,0.4
2012,Madagascar,Ihorombe,0.448
2012,Madagascar,Itasy,0.397
2012,Madagascar,Melaky,0.509
2012,Madagascar,Menabe,0.417
2012,Madagascar,Sava,0.327
2012,Madagascar,Sofia,0.32
2012,Madagascar,Vakinankaratra,0.357
2012,Madagascar,Vatovavy Fitovinany,0.514
2012,Malawi,Central,0.348
2012,Malawi,Northern,0.27
2012,Malawi,Southern,0.337
2012,Mali,Bamako,0.231
2012,Mali,Gao,0.55
2012,Mali,Kayes,0.594
2012,Mali,Kidal,0.479
2012,Mali,Koulikoro,0.612
2012,Mali,Mopti,0.624
2012,Mali,Ségou,0.573
2012,Mali,Sikasso,0.616
2012,Mali,Tombouctou,0.612
2012,Mauritania,Adrar,0.26
2012,Mauritania,Assaba,0.508
2012,Mauritania,Brakna,0.416
2012,Mauritania,Gorgol,0.572
2012,Mauritania,Guidimaka,0.56
2012,Mauritania,Hodh Ech Chargui,0.549
2012,Mauritania,Hodh El GharbiInchiri,0.472
2012,Mauritania,Inchiri,0.169
2012,Mauritania,Nouadhibou,0.069
2012,Mauritania,Nouakchott,0.147
2012,Mauritania,Tagant,0.39
2012,Mauritania,Tiris Zemmour,0.104
2012,Mauritania,Trarza,0.243
2012,Mexico,Aguascalientes,0.007
2012,Mexico,Baja California,0.005
2012,Mexico,Baja California Sur,0.004
2012,Mexico,Campeche,0.017
2012,Mexico,Chiapas,0.042
2012,Mexico,Chihuahua,0.013
2012,Mexico,Coahuila,0.004
2012,Mexico,Colima,0.009
2012,Mexico,Distrito Federal,0.002
2012,Mexico,Durango,0.009
2012,Mexico,Guanajuato,0.013
2012,Mexico,Guerrero,0.05
2012,Mexico,Hidalgo,0.014
2012,Mexico,Jalisco,0.005
2012,Mexico,México,0.008
2012,Mexico,Michoacán,0.02
2012,Mexico,Morelos,0.008
2012,Mexico,Nayarit,0.021
2012,Mexico,Nuevo León,0.004
2012,Mexico,Oaxaca,0.05
2012,Mexico,Puebla,0.018
2012,Mexico,Querétaro,0.018
2012,Mexico,Quintana Roo,0.011
2012,Mexico,San Luis Potosí,0.021
2012,Mexico,Sinaloa,0.016
2012,Mexico,Sonora,0.007
2012,Mexico,Tabasco,0.01
2012,Mexico,Tamaulipas,0.011
2012,Mexico,Tlaxcala,0.008
2012,Mexico,Veracruz,0.03
2012,Mexico,Yucatán,0.014
2012,Mexico,Zacatecas,0.013
2012,Moldova,Central,0.013
2012,Moldova,Chisinau,0.0
2012,Moldova,Northern,0.005
2012,Moldova,Southern,0.008
2012,Mongolia,Central,0.061
2012,Mongolia,Eastern,0.069
2012,Mongolia,Khangai,0.102
2012,Mongolia,Ulaanbaatar,0.016
2012,Mongolia,Western,0.111
2012,Montenegro,Central,0.006
2012,Montenegro,Northern,0.01
2012,Montenegro,Southern,0.003
2012,Mozambique,Cabo Delgado,0.549
2012,Mozambique,Gaza,0.416
2012,Mozambique,Inhambane,0.46
2012,Mozambique,Manica,0.493
2012,Mozambique,Maputo Cidade,0.194
2012,Mozambique,Maputo Provincia,0.295
2012,Mozambique,Nampula,0.539
2012,Mozambique,Niassa,0.445
2012,Mozambique,Sofala,0.488
2012,Mozambique,Tete,0.61
2012,Mozambique,Zambezia,0.642
2012,Namibia,Caprivi,0.188
2012,Namibia,Erongo,0.049
2012,Namibia,Hardap,0.117
2012,Namibia,Karas,0.081
2012,Namibia,Kavango,0.314
2012,Namibia,Khomas,0.042
2012,Namibia,Kunene,0.349
2012,Namibia,Ohangwena,0.312
2012,Namibia,Omaheke,0.212
2012,Namibia,Omusati,0.226
2012,Namibia,Oshana,0.188
2012,Namibia,Oshikoto,0.224
2012,Namibia,Otjozondjupa,0.168
2012,Nepal,Central,0.233
2012,Nepal,Eastern,0.177
2012,Nepal,Far-western,0.281
2012,Nepal,Mid-western,0.299
2012,Nepal,Western,0.156
2012,Nicaragua,Atlantico Norte (RAAN),0.235
2012,Nicaragua,Atlantico Sur (RAAS),0.235
2012,Nicaragua,Boaco,0.209
2012,Nicaragua,Carazo,0.076
2012,Nicaragua,Chinandega,0.098
2012,Nicaragua,Chontales,0.18
2012,Nicaragua,Esteli,0.101
2012,Nicaragua,Granada,0.066
2012,Nicaragua,Jinotega,0.306
2012,Nicaragua,Leon,0.083
2012,Nicaragua,Madriz,0.187
2012,Nicaragua,Managua,0.029
2012,Nicaragua,Masaya,0.065
2012,Nicaragua,Matagalpa,0.2
2012,Nicaragua,Nueva Segovia,0.179
2012,Nicaragua,Rio San Juan,0.232
2012,Nicaragua,Rivas,0.115
2012,Niger,Agadez,0.468
2012,Niger,Diffa,0.61
2012,Niger,Dosso,0.659
2012,Niger,Maradi,0.676
2012,Niger,Niamey,0.275
2012,Niger,Tahoua,0.676
2012,Niger,Tillabéri,0.698
2012,Niger,Zinder,0.678
2012,Nigeria,North Central,0.319
2012,Nigeria,North East,0.561
2012,Nigeria,North West,0.497
2012,Nigeria,South East,0.127
2012,Nigeria,South South,0.154
2012,Nigeria,South West,0.12
2012,Pakistan,Balochistan,0.316
2012,Pakistan,Khyber Pakhtunkhwa (KPK),0.309
2012,Pakistan,Punjab,0.23
2012,Pakistan,Sindh,0.311
2012,Philippines,Armm,0.193
2012,Philippines,Bicol Region,0.077
2012,Philippines,Cagayan Valley,0.062
2012,Philippines,Calabarzon,0.034
2012,Philippines,Caraga,0.082
2012,Philippines,Central Luzon,0.041
2012,Philippines,Central Visayas,0.064
2012,Philippines,Cordillera Admin Region,0.058
2012,Philippines,Davao Peninsula,0.078
2012,Philippines,Eastern Visayas,0.103
2012,Philippines,Ilocos Region,0.036
2012,Philippines,Mimaropa,0.127
2012,Philippines,National Capital Region,0.034
2012,Philippines,Northern Mindanao,0.072
2012,Philippines,Soccsksargen,0.091
2012,Philippines,Western Visayas,0.07
2012,Philippines,Zamboanga Peninsula,0.053
2012,Republic of Congo,Bouenza,0.329
2012,Republic of Congo,Brazzaville,0.126
2012,Republic of Congo,Cuvette,0.258
2012,Republic of Congo,Cuvette Ouest,0.396
2012,Republic of Congo,Kouilou,0.357
2012,Republic of Congo,Lekoumou,0.353
2012,Republic of Congo,Likouala,0.389
2012,Republic of Congo,Niari,0.234
2012,Republic of Congo,Plateaux,0.307
2012,Republic of Congo,Pointe Noire,0.137
2012,Republic of Congo,Pool,0.332
2012,Republic of Congo,Sangha,0.4
2012,Rwanda,City of Kigali,0.156
2012,Rwanda,East,0.379
2012,Rwanda,North,0.356
2012,Rwanda,South,0.374
2012,Rwanda,West,0.373
2012,Sao Tome and Principe,Central Region,0.123
2012,Sao Tome and Principe,South Region,0.228
2012,Sao Tome and Principe,North Region,0.187
2012,Sao Tome and Principe,Principe Region,0.15
2012,Senegal,Dakar,0.205
2012,Senegal,Diourbel,0.571
2012,Senegal,Fatick,0.47
2012,Senegal,Kaffrine,0.648
2012,Senegal,Kaolack,0.512
2012,Senegal,Kolda,0.587
2012,Senegal,Kédougou,0.476
2012,Senegal,Louga,0.574
2012,Senegal,Matam,0.578
2012,Senegal,Saint-Louis,0.421
2012,Senegal,Sédhiou,0.585
2012,Senegal,Tambacounda,0.604
2012,Senegal,Thiès,0.387
2012,Senegal,Ziguinchor,0.311
2012,Sierra Leone,Eastern,0.454
2012,Sierra Leone,Northern,0.519
2012,Sierra Leone,Southern,0.474
2012,Sierra Leone,Western,0.192
2012,Suriname,Brokopondo And Sipaliwini,0.287
2012,Suriname,Commewijne And Marowijne,0.003
2012,Suriname,"Nickerie, Coronie And Saramacca",0.008
2012,Suriname,Paramaribo,0.009
2012,Suriname,Wanica And Para,0.011
2012,Swaziland,Hhohho,0.074
2012,Swaziland,Lubombo,0.118
2012,Swaziland,Manzini,0.059
2012,Swaziland,Shiselweni,0.105
2012,Tajikistan,Districts of Republican Subordination,0.065
2012,Tajikistan,Dushanbe,0.016
2012,Tajikistan,Gorno-Badakhshan,0.068
2012,Tajikistan,Khatlon,0.092
2012,Tajikistan,Sughd,0.058
2012,Tanzania,Arusha,0.278
2012,Tanzania,Dar es Salaam,0.117
2012,Tanzania,Dodoma,0.476
2012,Tanzania,Iringa,0.284
2012,Tanzania,Kagera,0.371
2012,Tanzania,Kigoma,0.389
2012,Tanzania,Kilimanjaro,0.133
2012,Tanzania,Lindi,0.451
2012,Tanzania,Manyara,0.354
2012,Tanzania,Mara,0.382
2012,Tanzania,Mbeya,0.307
2012,Tanzania,Morogoro,0.31
2012,Tanzania,Mtwara,0.348
2012,Tanzania,Mwanza,0.375
2012,Tanzania,Pemba 1,0.321
2012,Tanzania,Pemba 2,0.277
2012,Tanzania,Pwani ,0.295
2012,Tanzania,Rukwa ,0.381
2012,Tanzania,Ruvuma,0.27
2012,Tanzania,Shinyanga,0.414
2012,Tanzania,Singida ,0.365
2012,Tanzania,Tabora ,0.417
2012,Tanzania,Tanga,0.321
2012,Tanzania,Unguja 1,0.281
2012,Tanzania,Unguja 2,0.144
2012,Tanzania,Unguja 3,0.082
2012,Thailand,Central (include bkk.),0.003
2012,Thailand,North,0.009
2012,Thailand,Northeast,0.007
2012,Thailand,South,0.01
2012,Timor Leste,Aileu,0.379
2012,Timor Leste,Ainaro,0.444
2012,Timor Leste,Baucau,0.357
2012,Timor Leste,Bobonaro,0.406
2012,Timor Leste,Cova Lima,0.31
2012,Timor Leste,Dili,0.127
2012,Timor Leste,Ermera,0.497
2012,Timor Leste,Lautem,0.373
2012,Timor Leste,Liquica,0.387
2012,Timor Leste,Manatuto,0.295
2012,Timor Leste,Manufahi,0.353
2012,Timor Leste,Oecussi,0.508
2012,Timor Leste,Viqueque,0.41
2012,Togo,Central,0.306
2012,Togo,Kara,0.366
2012,Togo,Lomé,0.07
2012,Togo,Maritime (excluding Lomé),0.315
2012,Togo,Plateau,0.297
2012,Togo,Savanna,0.576
2012,Trinidad and Tobago,Eastern,0.026
2012,Trinidad and Tobago,North Central,0.02
2012,Trinidad and Tobago,North West,0.023
2012,Trinidad and Tobago,South West,0.016
2012,Trinidad and Tobago,Tobago,0.019
2012,Turkey,Central,0.012
2012,Turkey,Eastern,0.093
2012,Turkey,Northern,0.011
2012,Turkey,Southern,0.019
2012,Turkey,Western,0.008
2012,Uganda,Central 1,0.3
2012,Uganda,Central 2,0.294
2012,Uganda,East Central,0.371
2012,Uganda,Eastern,0.417
2012,Uganda,Kampala,0.076
2012,Uganda,Karamoja,0.634
2012,Uganda,North,0.431
2012,Uganda,Southwest,0.4
2012,Uganda,West Nile,0.484
2012,Uganda,Western,0.346
2012,Ukraine,Central,0.009
2012,Ukraine,Eastern,0.005
2012,Ukraine,Northern,0.007
2012,Ukraine,Southern,0.007
2012,Ukraine,Western,0.012
2012,Uzbekistan,Central,0.011
2012,Uzbekistan,Central-Eastern,0.004
2012,Uzbekistan,Eastern,0.006
2012,Uzbekistan,Southern,0.016
2012,Uzbekistan,Tashkent,0.001
2012,Uzbekistan,Western,0.007
2012,Viet Nam,Central highlands,0.04
2012,Viet Nam,Mekong river delta,0.027
2012,Viet Nam,North central and central coastal area,0.014
2012,Viet Nam,Northen midlands and mountain area,0.031
2012,Viet Nam,Red River Delta,0.002
2012,Viet Nam,South east,0.005
2012,Zambia,Central,0.312
2012,Zambia,Copperbelt,0.185
2012,Zambia,Eastern,0.431
2012,Zambia,Luapula,0.42
2012,Zambia,Lusaka,0.149
2012,Zambia,Northern,0.413
2012,Zambia,North-Western,0.434
2012,Zambia,Southern,0.315
2012,Zambia,Western,0.473
2012,Zimbabwe,Bulawayo,0.033
2012,Zimbabwe,Harare,0.039
2012,Zimbabwe,Manicaland,0.186
2012,Zimbabwe,Mashonaland Central,0.249
2012,Zimbabwe,Mashonaland East,0.146
2012,Zimbabwe,Mashonaland West,0.203
2012,Zimbabwe,Masvingo,0.198
2012,Zimbabwe,Matabeleland North,0.296
2012,Zimbabwe,Matabeleland South,0.212
2012,Zimbabwe,Midlands,0.198
2014,Afghanistan,Central,0.2318703
2014,Afghanistan,Central Highlands,0.3774767
2014,Afghanistan,East,0.3404637
2014,Afghanistan,North,0.3726572
2014,Afghanistan,North East,0.3449028
2014,Afghanistan,South,0.4553694
2014,Afghanistan,South East,0.3367568
2014,Afghanistan,West,0.4039766
2014,Bangladesh,Barisal,0.2802662
2014,Bangladesh,Chittagong,0.2582809
2014,Bangladesh,Dhaka,0.2415154
2014,Bangladesh,Khulna,0.1980287
2014,Bangladesh,Rajshahi,0.2461429
2014,Bangladesh,Rangpur,0.2835246
2014,Bangladesh,Sylhet,0.3279777
2014,Belize,Belize (Excluding Belize City South Side),0.0053999
2014,Belize,Belize City South Side,0.0045524
2014,Belize,Cayo,0.0542075
2014,Belize,Corozal,0.0258803
2014,Belize,Orange Walk,0.0186655
2014,Belize,Stann Creek,0.0128737
2014,Belize,Toledo,0.0193485
2014,Benin,Alibori,0.628076
2014,Benin,Atacora,0.5922208
2014,Benin,Atlantique,0.3625601
2014,Benin,Borgou,0.4736255
2014,Benin,Collines,0.4022111
2014,Benin,Couffo,0.4390781
2014,Benin,Donga,0.5025232
2014,Benin,Littoral,0.0979918
2014,Benin,Mono,0.4011295
2014,Benin,Ouémé,0.3297627
2014,Benin,Plateau,0.482777
2014,Benin,Zou,0.3956143
2014,"Bolivia, Plurinational State of",Beni,0.098923
2014,"Bolivia, Plurinational State of",Chuquisaca,0.1446365
2014,"Bolivia, Plurinational State of",Cochabamba,0.1050802
2014,"Bolivia, Plurinational State of",La Paz,0.0768845
2014,"Bolivia, Plurinational State of",Oruro,0.0728489
2014,"Bolivia, Plurinational State of",Pando,0.0868135
2014,"Bolivia, Plurinational State of",Potosí,0.1676593
2014,"Bolivia, Plurinational State of",Santa Cruz,0.0426884
2014,"Bolivia, Plurinational State of",Tarija,0.0809058
2014,Burkina Faso,Boucle de Mouhoun,0.590854
2014,Burkina Faso,Cascades,0.4926101
2014,Burkina Faso,Centre,0.207476
2014,Burkina Faso,Centre-est,0.579726
2014,Burkina Faso,Centre-nord,0.5752746
2014,Burkina Faso,Centre-ouest,0.5543572
2014,Burkina Faso,Centre-sud,0.5125344
2014,Burkina Faso,Est,0.6980906
2014,Burkina Faso,Hauts-Bassins,0.4589796
2014,Burkina Faso,Nord,0.580752
2014,Burkina Faso,Plateau central,0.5239238
2014,Burkina Faso,Sahel,0.6897361
2014,Burkina Faso,Sud-ouest,0.6545374
2014,Burundi,Bujumbura Mairie,0.1643976
2014,Burundi,Centre-Est,0.4726379
2014,Burundi,Nord,0.5005088
2014,Burundi,Ouest,0.4986322
2014,Burundi,Sud,0.4219671
2014,Cambodia,Banteay Mean Chey,0.1890077
2014,Cambodia,Battambang/Pailin,0.1609938
2014,Cambodia,Kampong Cham,0.2393818
2014,Cambodia,Kampong Chhnang,0.2767967
2014,Cambodia,Kampong Speu,0.2131375
2014,Cambodia,Kampong Thom,0.2709683
2014,Cambodia,Kampot/Kep,0.2162915
2014,Cambodia,Kandal,0.1702303
2014,Cambodia,Kratie,0.3089575
2014,Cambodia,Mondol Kiri/Rattanak Kiri,0.4092267
2014,Cambodia,Otdar Mean Chey,0.2332654
2014,Cambodia,Phnom Penh,0.0278205
2014,Cambodia,Preah Sihanouk/Koh Kong,0.1959682
2014,Cambodia,Preah Vihear/Steung Treng,0.3691367
2014,Cambodia,Prey Veng,0.2233945
2014,Cambodia,Pursat,0.2836093
2014,Cambodia,Siem Reap,0.2395281
2014,Cambodia,Svay Rieng,0.2290235
2014,Cambodia,Takeo,0.244732
2014,Cameroon,Adamaoua,0.2690862
2014,Cameroon,Centre (Excluding Yaoundé),0.1788077
2014,Cameroon,Douala,0.0244631
2014,Cameroon,Est,0.2739726
2014,Cameroon,Extrême-Nord,0.5399836
2014,Cameroon,Littoral (Excluding Douala),0.0906161
2014,Cameroon,Nord,0.4583478
2014,Cameroon,Nord-Ouest,0.1669908
2014,Cameroon,Ouest,0.1464646
2014,Cameroon,Sud,0.1307367
2014,Cameroon,Sud-Ouest,0.1292497
2014,Cameroon,Yaoundé,0.0262464
2014,Central African Republic,Bamingui-Bangoran,0.3643086
2014,Central African Republic,Bangui,0.196578
2014,Central African Republic,Basse-Kotto,0.5438042
2014,Central African Republic,Haute-Kotto,0.4197375
2014,Central African Republic,Haut-Mbomou,0.4183433
2014,Central African Republic,Kémo,0.5014033
2014,Central African Republic,Lobaye,0.4940618
2014,Central African Republic,Mambéré-Kadéï,0.4970966
2014,Central African Republic,Mbomou,0.4914083
2014,Central African Republic,Nana-Grébizi,0.4192401
2014,Central African Republic,Nana-Mambéré,0.5203407
2014,Central African Republic,Ombella-M'Poko,0.4032456
2014,Central African Republic,Ouaka,0.471285
2014,Central African Republic,Ouham,0.5332515
2014,Central African Republic,Ouham-Pendé,0.4790637
2014,Central African Republic,Sangha-Mbaéré,0.5054184
2014,Colombia,Antioquia (Excluding Medellín),0.0368309
2014,Colombia,"Atlántico, San Andrés, Bolívar Norte",0.0118926
2014,Colombia,Barranquilla A. M.,0.0088684
2014,Colombia,Bogotá,0.002655
2014,Colombia,"Bolívar Sur, Sucre, Córdoba",0.0610539
2014,Colombia,"Boyaca, Cundinamarca, Meta",0.0176533
2014,Colombia,"Caldas, Risaralda, Quindío",0.0093584
2014,Colombia,Cali A.M.,0.0051335
2014,Colombia,Cauca y Nariño (Escluding Litoral),0.0393062
2014,Colombia,"Guajira, Cesar, Magdalena",0.0558748
2014,Colombia,Litoral Pacífico,0.0590175
2014,Colombia,Medellín A.M.,0.0047945
2014,Colombia,Orinoquía y Amazonía,0.0282529
2014,Colombia,Santanderes,0.0215417
2014,Colombia,"Tolima, Huila, Caquetá",0.0265531
2014,Colombia,Valle (Excluding Cali and Litoral),0.0120832
2014,"Congo, Republic of",Bouenza,0.273629
2014,"Congo, Republic of",Brazzaville,0.1031778
2014,"Congo, Republic of",Cuvette,0.246137
2014,"Congo, Republic of",Cuvette-Ouest,0.3116542
2014,"Congo, Republic of",Kouilou,0.3518759
2014,"Congo, Republic of",Lékoumou,0.322996
2014,"Congo, Republic of",Likouala,0.3036806
2014,"Congo, Republic of",Niari,0.2376852
2014,"Congo, Republic of",Plateaux,0.3566417
2014,"Congo, Republic of",Pointe-Noire,0.0942449
2014,"Congo, Republic of",Pool,0.2988943
2014,"Congo, Republic of",Sangha,0.2850388
2014,Cote d'Ivoire,Centre,0.3593305
2014,Cote d'Ivoire,Centre-Est,0.2965369
2014,Cote d'Ivoire,Centre-Nord,0.3223929
2014,Cote d'Ivoire,Centre-Ouest,0.3335636
2014,Cote d'Ivoire,Nord,0.4771196
2014,Cote d'Ivoire,Nord-Est,0.3737943
2014,Cote d'Ivoire,Nord-Ouest,0.51802
2014,Cote d'Ivoire,Ouest,0.3795598
2014,Cote d'Ivoire,Sud (Excluding Abidjan),0.2644936
2014,Cote d'Ivoire,Sud-ouest,0.3939734
2014,Cote d'Ivoire,Ville d'Abidjan,0.1086796
2014,Democratic Republic of Congo,Bandundu,0.4379061
2014,Democratic Republic of Congo,Bas-Congo,0.387971
2014,Democratic Republic of Congo,Équateur,0.5039169
2014,Democratic Republic of Congo,Kasaï Occidental,0.493688
2014,Democratic Republic of Congo,Kasaï Oriental,0.3938268
2014,Democratic Republic of Congo,Katanga,0.4033466
2014,Democratic Republic of Congo,Kinshasa,0.0962544
2014,Democratic Republic of Congo,Maniema,0.4234516
2014,Democratic Republic of Congo,Nord-Kivu,0.4479299
2014,Democratic Republic of Congo,Orientale,0.4206143
2014,Democratic Republic of Congo,Sud-Kivu,0.3998338
2014,Djibouti,Djibouti,0.1253451
2014,Djibouti,Other Districts,0.214361
2014,Dominican Republic,Azua,0.0530064
2014,Dominican Republic,Bahoruco,0.0826102
2014,Dominican Republic,Barahona,0.0347184
2014,Dominican Republic,Dajabón,0.0226812
2014,Dominican Republic,Distrito Nacional,0.0035074
2014,Dominican Republic,Duarte,0.0168114
2014,Dominican Republic,El Seibo,0.0750014
2014,Dominican Republic,Elías Piña,0.1235361
2014,Dominican Republic,Espaillat,0.0079682
2014,Dominican Republic,Hato Mayor,0.0288342
2014,Dominican Republic,Independencia,0.0415747
2014,Dominican Republic,La Altagracia,0.0133722
2014,Dominican Republic,La Romana,0.0222762
2014,Dominican Republic,La Vega,0.0103597
2014,Dominican Republic,María Trinidad Sánchez,0.0161717
2014,Dominican Republic,Monseñol Nouel,0.0183356
2014,Dominican Republic,Monte Cristi,0.0272898
2014,Dominican Republic,Monte Plata,0.0426601
2014,Dominican Republic,Pedernales,0.0500825
2014,Dominican Republic,Peravia,0.0181071
2014,Dominican Republic,Puerto Plata,0.0130483
2014,Dominican Republic,Salcedo,0.0044135
2014,Dominican Republic,Samaná,0.0111613
2014,Dominican Republic,San Cristóbal,0.0171877
2014,Dominican Republic,San José de Ocoa,0.035974
2014,Dominican Republic,San Juan,0.0575713
2014,Dominican Republic,San Pedro de Macorís,0.0269766
2014,Dominican Republic,Sánchez Ramírez,0.0106259
2014,Dominican Republic,Santiago,0.009227
2014,Dominican Republic,Santiago Rodríguez,0.0229533
2014,Dominican Republic,Santo Domingo,0.0102319
2014,Dominican Republic,Valverde,0.020505
2014,Egypt,Frontier Governorates,0.0320394
2014,Egypt,Lower Egypt - Rural,0.0152705
2014,Egypt,Lower Egypt - Urban,0.005204
2014,Egypt,Upper Egypt - Rural,0.0590254
2014,Egypt,Upper Egypt - Urban,0.0148409
2014,Egypt,Urban Governorates,0.0085391
2014,Ethiopia,Addis Ababa,0.0848804
2014,Ethiopia,Affar,0.6626236
2014,Ethiopia,Amhara,0.5881205
2014,Ethiopia,Benishangul-Gumuz,0.5843573
2014,Ethiopia,Dire Dawa,0.3378411
2014,Ethiopia,Gambela,0.47436
2014,Ethiopia,Harari,0.3326142
2014,Ethiopia,Oromiya,0.5915091
2014,Ethiopia,Somali,0.6473495
2014,Ethiopia,"Southern Nations, Nationalities, and People's Region",0.5738317
2014,Ethiopia,Tigray,0.537389
2014,Gabon,Estuaire (Excluding Libreville),0.063414
2014,Gabon,Haut-Ogooué,0.0918391
2014,Gabon,Libreville/Port-Gentil,0.0236669
2014,Gabon,Moyen-Ogooué,0.1382641
2014,Gabon,Ngounié,0.1843632
2014,Gabon,Nyanga,0.1604129
2014,Gabon,Ogooué Maritime (Excluding Port-Gentil),0.0759442
2014,Gabon,Ogooué-Ivindo,0.2635782
2014,Gabon,Ogooué-Lolo,0.1519256
2014,Gabon,Woleu-N’tem,0.0962467
2014,Gambia,Banjul,0.0996004
2014,Gambia,Basse,0.5277882
2014,Gambia,Brikama,0.2219545
2014,Gambia,Janjanbureh,0.5245823
2014,Gambia,Kanifing,0.1410256
2014,Gambia,Kerewan,0.4294868
2014,Gambia,Kuntuar,0.5830997
2014,Gambia,Mansa Konko,0.4092373
2014,Ghana,Ashanti,0.0876243
2014,Ghana,Brong Ahafo,0.1504491
2014,Ghana,Central,0.1081409
2014,Ghana,Eastern,0.0892998
2014,Ghana,Greater Accra,0.0317155
2014,Ghana,Northern,0.365194
2014,Ghana,Upper East,0.3085667
2014,Ghana,Upper West,0.3230619
2014,Ghana,Volta,0.1561122
2014,Ghana,Western,0.1282204
2014,Guinea,Boké,0.550193
2014,Guinea,Conakry,0.1676186
2014,Guinea,Faranah,0.5298579
2014,Guinea,Kankan,0.6026437
2014,Guinea,Kindia,0.5457746
2014,Guinea,Labé,0.5709838
2014,Guinea,Mamou,0.5647139
2014,Guinea,N’Zérékoré,0.5549657
2014,Guyana,Barima-Waini,0.1249273
2014,Guyana,Cuyuni-Mazaruni,0.0714999
2014,Guyana,Demerara-Mahaica,0.0144976
2014,Guyana,East Berbice-Corentyne,0.0174468
2014,Guyana,Essequibo Islands-West Demerara,0.0231575
2014,Guyana,Mahaica-Berbice,0.0254203
2014,Guyana,Pomeroon-Supenaam,0.0348273
2014,Guyana,Potaro-Siparuni,0.1549241
2014,Guyana,Upper Demerara-Berbice,0.0312046
2014,Guyana,Upper Takutu-Upper Essequibo,0.1138964
2014,Haiti,Aire Métropolitaine/Reste-Ouest,0.1617495
2014,Haiti,Artibonite,0.3156848
2014,Haiti,Centre,0.3908937
2014,Haiti,Grande-Anse,0.3776256
2014,Haiti,Nippes,0.2570446
2014,Haiti,Nord,0.2444044
2014,Haiti,Nord-Est,0.3227195
2014,Haiti,Nord-Ouest,0.3110769
2014,Haiti,Sud,0.2493155
2014,Haiti,Sud-Est,0.3074644
2014,Honduras,Atlántida,0.0454904
2014,Honduras,Choluteca,0.10796
2014,Honduras,Colón,0.0584207
2014,Honduras,Comayagua,0.0771348
2014,Honduras,Copán,0.1605653
2014,Honduras,Cortés,0.0256023
2014,Honduras,El Paraíso,0.0945723
2014,Honduras,Francisco Morazán,0.0305164
2014,Honduras,Gracias a Dios,0.1243336
2014,Honduras,Intibucá,0.1390225
2014,Honduras,Islas de la Bahía,0.0173528
2014,Honduras,La Paz,0.1068786
2014,Honduras,Lempira,0.2012951
2014,Honduras,Ocotepeque,0.1085182
2014,Honduras,Olancho,0.089206
2014,Honduras,Santa Bárbara,0.0762699
2014,Honduras,Valle,0.0675549
2014,Honduras,Yoro,0.073189
2014,India,Andhra Pradesh,0.2087189
2014,India,Arunachal Pradesh,0.2739064
2014,India,Assam,0.3164673
2014,India,Bihar,0.4786736
2014,India,Chhattisgarh,0.3666382
2014,India,Delhi,0.0541545
2014,India,Goa,0.0853324
2014,India,Gujarat,0.2008145
2014,India,Haryana,0.1862539
2014,India,Himachal Pradesh,0.1245424
2014,India,Jammu and Kashmir,0.1936922
2014,India,Jharkhand,0.4408908
2014,India,Karnataka,0.2059348
2014,India,Kerala,0.0509849
2014,India,Madhya Pradesh,0.3738237
2014,India,Maharashtra,0.1802227
2014,India,Manipur,0.1906247
2014,India,Meghalaya,0.3074724
2014,India,Mizoram,0.0936627
2014,India,Nagaland,0.2640266
2014,India,Orissa,0.3385193
2014,India,Punjab,0.1117182
2014,India,Rajasthan,0.3380887
2014,India,Sikkim,0.1495698
2014,India,Tamil Nadu,0.1299967
2014,India,Tripura,0.2693157
2014,India,Uttar Pradesh,0.3690808
2014,India,Uttarakhand,0.1846861
2014,India,West Bengal,0.3043117
2014,Indonesia,Aceh,0.0768496
2014,Indonesia,Bali,0.0421941
2014,Indonesia,Bangka Belitung,0.0525583
2014,Indonesia,Banten,0.0748552
2014,Indonesia,Bengkulu,0.0589223
2014,Indonesia,Central Java,0.0534731
2014,Indonesia,Central Kalimantan,0.0843751
2014,Indonesia,Central Sulawesi,0.1318889
2014,Indonesia,DI Yogyakarta,0.0245117
2014,Indonesia,DKI Jakarta,0.028772
2014,Indonesia,East Java,0.0550732
2014,Indonesia,East Kalimantan,0.0582732
2014,Indonesia,East Nusa Tenggara,0.1641964
2014,Indonesia,Gorontalo,0.1276563
2014,Indonesia,Jambi,0.0721529
2014,Indonesia,Lampung,0.0652951
2014,Indonesia,Maluku,0.1051589
2014,Indonesia,North Maluku,0.1287635
2014,Indonesia,North Sulawesi,0.0590769
2014,Indonesia,North Sumatera,0.0710458
2014,Indonesia,Papua,0.2343025
2014,Indonesia,Riau,0.053035
2014,Indonesia,Riau Islands,0.0406737
2014,Indonesia,South Kalimantan,0.0848584
2014,Indonesia,South Sulawesi,0.063495
2014,Indonesia,South Sumatera,0.0535839
2014,Indonesia,Southeast Sulawesi,0.1087651
2014,Indonesia,West Java,0.0571105
2014,Indonesia,West Kalimantan,0.0856331
2014,Indonesia,West Nusa Tenggara,0.1205437
2014,Indonesia,West Papua,0.1221505
2014,Indonesia,West Sulawesi,0.1610294
2014,Indonesia,West Sumatera,0.0556179
2014,Iraq,Al-Anbar,0.0520192
2014,Iraq,Al-Muthanna,0.0787677
2014,Iraq,Al-Najaf,0.0549477
2014,Iraq,Al-Qadisiya,0.0824707
2014,Iraq,Babil,0.0415617
2014,Iraq,Baghdad,0.0268309
2014,Iraq,Basrah,0.0447521
2014,Iraq,Diyala,0.0378131
2014,Iraq,Dohuk,0.0306125
2014,Iraq,Erbil,0.0310415
2014,Iraq,Karbala,0.0531433
2014,Iraq,Kirkuk,0.0348477
2014,Iraq,Missan,0.0980524
2014,Iraq,Ninewa,0.0539907
2014,Iraq,Salahaddin,0.0541346
2014,Iraq,Suleimaniya,0.0095494
2014,Iraq,Thi-Qar,0.060285
2014,Iraq,Wasit,0.0580026
2014,Jordan,Central,0.0062793
2014,Jordan,North,0.0104991
2014,Jordan,South,0.0142829
2014,Kenya,Central,0.1329277
2014,Kenya,Coast,0.2546267
2014,Kenya,Eastern,0.2482491
2014,Kenya,Nairobi,0.015888
2014,Kenya,Northeastern,0.5163237
2014,Kenya,Nyanza,0.2386233
2014,Kenya,Rift Valley,0.2498022
2014,Kenya,Western,0.2540311
2014,Lao People's Democratic Republic,Attapeu,0.2154522
2014,Lao People's Democratic Republic,Bokeo,0.2123117
2014,Lao People's Democratic Republic,Borikhamxay,0.062524
2014,Lao People's Democratic Republic,Champasack,0.1493542
2014,Lao People's Democratic Republic,Huaphanh,0.1835738
2014,Lao People's Democratic Republic,Khammuane,0.2004683
2014,Lao People's Democratic Republic,Luangnamtha,0.1652551
2014,Lao People's Democratic Republic,Luangprabang,0.18042
2014,Lao People's Democratic Republic,Oudomxay,0.2484485
2014,Lao People's Democratic Republic,Phongsaly,0.3109598
2014,Lao People's Democratic Republic,Saravane,0.3593633
2014,Lao People's Democratic Republic,Savannakhet,0.2621641
2014,Lao People's Democratic Republic,Sekong,0.2544623
2014,Lao People's Democratic Republic,Vientiane,0.0634998
2014,Lao People's Democratic Republic,Vientiane Capital,0.0115332
2014,Lao People's Democratic Republic,Xayabury,0.0785926
2014,Lao People's Democratic Republic,Xiengkhuang,0.1637416
2014,Lesotho,Berea,0.1084543
2014,Lesotho,Butha-Bothe,0.1415341
2014,Lesotho,Leribe,0.1390133
2014,Lesotho,Mafeteng,0.1416678
2014,Lesotho,Maseru,0.0958051
2014,Lesotho,Mohale's Hoek,0.2176033
2014,Lesotho,Mokhotlong,0.2436673
2014,Lesotho,Qacha's-Nek,0.1966102
2014,Lesotho,Quthing,0.2002138
2014,Lesotho,Thaba-Tseka,0.2842206
2014,Liberia,Monrovia,0.3064614
2014,Liberia,North central,0.5577145
2014,Liberia,North western,0.5388688
2014,Liberia,South central,0.5596735
2014,Liberia,South eastern A,0.5524805
2014,Liberia,South eastern B,0.539045
2014,Madagascar,Alaotra Mangoro,0.3094202
2014,Madagascar,Analamanga,0.1775768
2014,Madagascar,Analanjirofo,0.3831574
2014,Madagascar,Anamoroni'i Mania,0.4089518
2014,Madagascar,Androy,0.5470907
2014,Madagascar,Anosy,0.4864636
2014,Madagascar,Atsimo Andrefana,0.4267045
2014,Madagascar,Atsimo Atsinanana,0.5307779
2014,Madagascar,Atsinanana,0.2686207
2014,Madagascar,Betsiboka,0.4329425
2014,Madagascar,Boeny,0.3103127
2014,Madagascar,Bongolava,0.31899
2014,Madagascar,Diana,0.2942557
2014,Madagascar,Haute Matsiatra,0.4003012
2014,Madagascar,Ihorombe,0.4476637
2014,Madagascar,Itasy,0.3970579
2014,Madagascar,Melaky,0.5090721
2014,Madagascar,Menabe,0.4167601
2014,Madagascar,Sava,0.32747
2014,Madagascar,Sofia,0.3200077
2014,Madagascar,Vakinankaratra,0.3572628
2014,Madagascar,Vatovavy Fitovinany,0.5137119
2014,Malawi,Central,0.3476399
2014,Malawi,Northern,0.269606
2014,Malawi,Southern,0.3367616
2014,Mali,Bamako,0.2309379
2014,Mali,Gao,0.5503739
2014,Mali,Kayes,0.5944339
2014,Mali,Kidal,0.4792922
2014,Mali,Koulikoro,0.6115381
2014,Mali,Mopti,0.6240182
2014,Mali,Ségou,0.5731531
2014,Mali,Sikasso,0.6162322
2014,Mali,Tombouctou,0.6124637
2014,Mauritania,Adrar,0.2596516
2014,Mauritania,Assaba,0.5080684
2014,Mauritania,Brakna,0.41629
2014,Mauritania,Gorgol,0.5721948
2014,Mauritania,Guidimaka,0.5597063
2014,Mauritania,Hodh Ech Chargui,0.5493105
2014,Mauritania,Hodh El GharbiInchiri,0.4715396
2014,Mauritania,Inchiri,0.1694127
2014,Mauritania,Nouadhibou,0.0690078
2014,Mauritania,Nouakchott,0.1467293
2014,Mauritania,Tagant,0.3902611
2014,Mauritania,Tiris Zemmour,0.1039181
2014,Mauritania,Trarza,0.2427424
2014,Mexico,Aguascalientes,0.0034773
2014,Mexico,Baja California,0.0016226
2014,Mexico,Baja California Sur,0.0014236
2014,Mexico,Campeche,0.0155737
2014,Mexico,Chiapas,0.0335398
2014,Mexico,Chihuahua,0.0125861
2014,Mexico,Coahuila,0.0060826
2014,Mexico,Colima,0.0035618
2014,Mexico,Distrito Federal,0.0015677
2014,Mexico,Durango,0.0027301
2014,Mexico,Guanajuato,0.006843
2014,Mexico,Guerrero,0.0416587
2014,Mexico,Hidalgo,0.0129006
2014,Mexico,Jalisco,0.0046433
2014,Mexico,México,0.0040837
2014,Mexico,Michoacán,0.0080305
2014,Mexico,Morelos,0.0038388
2014,Mexico,Nayarit,0.0066644
2014,Mexico,Nuevo León,0.0005558
2014,Mexico,Oaxaca,0.0436716
2014,Mexico,Puebla,0.0208041
2014,Mexico,Querétaro,0.0055309
2014,Mexico,Quintana Roo,0.009033
2014,Mexico,San Luis Potosí,0.0254471
2014,Mexico,Sinaloa,0.0072785
2014,Mexico,Sonora,0.0045906
2014,Mexico,Tabasco,0.0100554
2014,Mexico,Tamaulipas,0.0062818
2014,Mexico,Tlaxcala,0.0036923
2014,Mexico,Veracruz,0.0172258
2014,Mexico,Yucatán,0.0097878
2014,Mexico,Zacatecas,0.0064631
2014,"Moldova, Republic of",Central,0.0126407
2014,"Moldova, Republic of",Chisinau,0.000384
2014,"Moldova, Republic of",Northern,0.0054011
2014,"Moldova, Republic of",Southern,0.0084373
2014,Mongolia,Central,0.0610163
2014,Mongolia,Eastern,0.0686009
2014,Mongolia,Khangai,0.1019637
2014,Mongolia,Ulaanbaatar,0.0160527
2014,Mongolia,Western,0.1107964
2014,Montenegro,Central,0.0056366
2014,Montenegro,Northern,0.0103272
2014,Montenegro,Southern,0.0026728
2014,Mozambique,Cabo Delgado,0.5254133
2014,Mozambique,Gaza,0.3064874
2014,Mozambique,Inhambane,0.2953333
2014,Mozambique,Manica,0.3012738
2014,Mozambique,Maputo Cidade,0.0434605
2014,Mozambique,Maputo Província,0.1331088
2014,Mozambique,Nampula,0.3996364
2014,Mozambique,Niassa,0.4432641
2014,Mozambique,Sofala,0.3810691
2014,Mozambique,Tete,0.4658903
2014,Mozambique,Zambézia,0.5284852
2014,Namibia,Caprivi,0.1884035
2014,Namibia,Erongo,0.0493301
2014,Namibia,Hardap,0.1169322
2014,Namibia,Karas,0.0813003
2014,Namibia,Kavango,0.3139657
2014,Namibia,Khomas,0.0419146
2014,Namibia,Kunene,0.3488218
2014,Namibia,Ohangwena,0.3122263
2014,Namibia,Omaheke,0.2120947
2014,Namibia,Omusati,0.2263373
2014,Namibia,Oshana,0.1879274
2014,Namibia,Oshikoto,0.2243025
2014,Namibia,Otjozondjupa,0.1682975
2014,Nepal,Central,0.2327824
2014,Nepal,Eastern,0.1768328
2014,Nepal,Far-western,0.2813016
2014,Nepal,Mid-western,0.2989499
2014,Nepal,Western,0.1563747
2014,Nicaragua,Boaco,0.1297356
2014,Nicaragua,Carazo,0.024623
2014,Nicaragua,Chinandega,0.0474995
2014,Nicaragua,Chontales,0.0817541
2014,Nicaragua,Estelí,0.0482912
2014,Nicaragua,Granada,0.0347445
2014,Nicaragua,Jinotega,0.195116
2014,Nicaragua,León,0.0310116
2014,Nicaragua,Madriz,0.1037408
2014,Nicaragua,Managua,0.0214565
2014,Nicaragua,Masaya,0.0171559
2014,Nicaragua,Matagalpa,0.0994133
2014,Nicaragua,Nueva Segovia,0.1128242
2014,Nicaragua,RAAN,0.1732548
2014,Nicaragua,RAAS,0.1318529
2014,Nicaragua,Río San Juan,0.1329754
2014,Nicaragua,Rivas,0.0358776
2014,Niger,Agadez,0.4052544
2014,Niger,Diffa,0.555625
2014,Niger,Dosso,0.620073
2014,Niger,Maradi,0.6640749
2014,Niger,Niamey,0.2061438
2014,Niger,Tahoua,0.646113
2014,Niger,Tillaberi,0.6086644
2014,Niger,Zinder,0.6410038
2014,Nigeria,Abia,0.0620884
2014,Nigeria,Adamawa,0.296353
2014,Nigeria,Akwa Ibom,0.0753987
2014,Nigeria,Anambra,0.0570525
2014,Nigeria,Bauchi,0.6000202
2014,Nigeria,Bayelsa,0.1446462
2014,Nigeria,Benue,0.2286513
2014,Nigeria,Borno,0.4369895
2014,Nigeria,Cross River,0.1568944
2014,Nigeria,Delta,0.0781504
2014,Nigeria,Ebonyi,0.2174498
2014,Nigeria,Edo,0.0459838
2014,Nigeria,Ekiti,0.0610451
2014,Nigeria,Enugu,0.099178
2014,Nigeria,FCT (Abuja),0.0767343
2014,Nigeria,Gombe,0.4720341
2014,Nigeria,Imo,0.0578062
2014,Nigeria,Jigawa,0.5415297
2014,Nigeria,Kaduna,0.2589479
2014,Nigeria,Kano,0.3551815
2014,Nigeria,Katsina,0.4820599
2014,Nigeria,Kebbi,0.5662681
2014,Nigeria,Kogi,0.161191
2014,Nigeria,Kwara,0.1659461
2014,Nigeria,Lagos,0.0105599
2014,Nigeria,Nasarawa,0.2904789
2014,Nigeria,Niger,0.3709908
2014,Nigeria,Ogun,0.0609606
2014,Nigeria,Ondo,0.0813779
2014,Nigeria,Osun,0.0546232
2014,Nigeria,Oyo,0.1206121
2014,Nigeria,Plateau,0.2226445
2014,Nigeria,Rivers,0.0453917
2014,Nigeria,Sokoto,0.5113496
2014,Nigeria,Taraba,0.3499099
2014,Nigeria,Yobe,0.5689853
2014,Nigeria,Zamfara,0.5456973
2014,Pakistan,Balochistan,0.4020156
2014,Pakistan,Gilgit Baltistan,0.2334672
2014,Pakistan,Islamabad (ICT),0.0393756
2014,Pakistan,Khyber Pakhtunkhwa,0.2474521
2014,Pakistan,Punjab,0.1843176
2014,Pakistan,Sindh,0.294353
2014,Peru,Amazonas,0.0959586
2014,Peru,Áncash,0.0443579
2014,Peru,Apurímac,0.0913843
2014,Peru,Arequipa,0.0085897
2014,Peru,Ayacucho,0.0705303
2014,Peru,Cajamarca,0.0894789
2014,Peru,Callao,0.0
2014,Peru,Cusco,0.061715
2014,Peru,Huancavelica,0.1215679
2014,Peru,Huánuco,0.1113476
2014,Peru,Ica,0.0094014
2014,Peru,Junín,0.0420201
2014,Peru,La Libertad,0.0419024
2014,Peru,Lambayeque,0.0377123
2014,Peru,Lima,0.0042556
2014,Peru,Loreto,0.1469829
2014,Peru,Madre de Dios,0.0239151
2014,Peru,Moquegua,0.0135761
2014,Peru,Pasco,0.0637105
2014,Peru,Piura,0.0503826
2014,Peru,Puno,0.0686022
2014,Peru,San Martín,0.0609926
2014,Peru,Tacna,0.008171
2014,Peru,Tumbes,0.0142231
2014,Peru,Ucayali,0.0462765
2014,Philippines,ARMM,0.1930084
2014,Philippines,Bicol Region,0.0765833
2014,Philippines,Cagayan Valley,0.0621092
2014,Philippines,Calabarzon,0.0343563
2014,Philippines,Caraga,0.0817971
2014,Philippines,Central Luzon,0.0410601
2014,Philippines,Central Visayas,0.0638867
2014,Philippines,Cordillera Admin Region,0.0583542
2014,Philippines,Davao Peninsula,0.0779753
2014,Philippines,Eastern Visayas,0.1030823
2014,Philippines,Ilocos Region,0.0359695
2014,Philippines,Mimaropa,0.1271961
2014,Philippines,National Capital Region,0.0337384
2014,Philippines,Northern Mindanao,0.0718539
2014,Philippines,Soccsksargen,0.091316
2014,Philippines,Western Visayas,0.0704766
2014,Philippines,Zamboanga Peninsula,0.0531744
2014,Rwanda,City of Kigali,0.1562702
2014,Rwanda,East,0.3790734
2014,Rwanda,North,0.3562135
2014,Rwanda,South,0.3739884
2014,Rwanda,West,0.3726807
2014,Sao Tome and Principe,Região Centro,0.122912
2014,Sao Tome and Principe,Região do Príncipe,0.1499809
2014,Sao Tome and Principe,Região Norte,0.1872586
2014,Sao Tome and Principe,Região Sul,0.22756
2014,Senegal,Dakar,0.2046511
2014,Senegal,Diourbel,0.5711805
2014,Senegal,Fatick,0.4696962
2014,Senegal,Kaffrine,0.6479853
2014,Senegal,Kaolack,0.5123633
2014,Senegal,Kédougou,0.4757021
2014,Senegal,Kolda,0.5867803
2014,Senegal,Louga,0.5737028
2014,Senegal,Matam,0.5780076
2014,Senegal,Saint-Louis,0.4206058
2014,Senegal,Sédhiou,0.5846677
2014,Senegal,Tambacounda,0.6035075
2014,Senegal,Thiès,0.3873065
2014,Senegal,Ziguinchor,0.3113315
2014,Sierra Leone,Bo,0.3542626
2014,Sierra Leone,Bombali,0.3799077
2014,Sierra Leone,Bonthe,0.5096835
2014,Sierra Leone,Kailahun,0.3556815
2014,Sierra Leone,Kambia,0.5056227
2014,Sierra Leone,Kenema,0.3941486
2014,Sierra Leone,Koinadugu,0.4542959
2014,Sierra Leone,Kono,0.4304008
2014,Sierra Leone,Moyamba,0.4735231
2014,Sierra Leone,Port Loko,0.4757194
2014,Sierra Leone,Pujehun,0.4794215
2014,Sierra Leone,Tonkolili,0.4825898
2014,Sierra Leone,Western Rural,0.2371743
2014,Sierra Leone,Western Urban,0.0989702
2014,Suriname,Brokopondo,0.0568544
2014,Suriname,Commewijne,0.0082021
2014,Suriname,Coronie,0.0057471
2014,Suriname,Marowijne,0.0263067
2014,Suriname,Nickerie,0.011757
2014,Suriname,Para,0.023177
2014,Suriname,Paramaribo,0.0067531
2014,Suriname,Saramacca,0.0110827
2014,Suriname,Sipaliwini,0.1715997
2014,Suriname,Wanica,0.013464
2014,Swaziland,Hhohho,0.0737168
2014,Swaziland,Lubombo,0.1184767
2014,Swaziland,Manzini,0.0587133
2014,Swaziland,Shiselweni,0.1049959
2014,Tajikistan,Districts of Republican Subordination,0.044794
2014,Tajikistan,Dushanbe,0.0208964
2014,Tajikistan,Gorno-Badakhshan Autonomous Oblast,0.048487
2014,Tajikistan,Khatlon,0.0856276
2014,Tajikistan,Sughd,0.0333777
2014,"Tanzania, United Republic of",Central,0.4339038
2014,"Tanzania, United Republic of",Eastern,0.2201484
2014,"Tanzania, United Republic of",Lake,0.3753818
2014,"Tanzania, United Republic of",Northern,0.2687804
2014,"Tanzania, United Republic of",Southern,0.3385207
2014,"Tanzania, United Republic of",Southern Highlands,0.3162494
2014,"Tanzania, United Republic of",Western,0.4081309
2014,"Tanzania, United Republic of",Zanzibar,0.2000518
2014,Thailand,Central (include bkk.),0.0031849
2014,Thailand,North,0.0090123
2014,Thailand,Northeast,0.0066971
2014,Thailand,South,0.0099464
2014,Timor Leste,Aileu,0.3790921
2014,Timor Leste,Ainaro,0.4439908
2014,Timor Leste,Baucau,0.3567798
2014,Timor Leste,Bobonaro,0.4063266
2014,Timor Leste,Cova Lima,0.309705
2014,Timor Leste,Dili,0.1266196
2014,Timor Leste,Ermera,0.497134
2014,Timor Leste,Lautém,0.3726966
2014,Timor Leste,Liquiçá,0.387137
2014,Timor Leste,Manatuto,0.2951921
2014,Timor Leste,Manufahi,0.3531326
2014,Timor Leste,Oecussi,0.5077893
2014,Timor Leste,Viqueque,0.4099663
2014,Togo,Commune de Lomé,0.0594719
2014,Togo,Région Centrale,0.2515942
2014,Togo,Région de la Kara,0.2961828
2014,Togo,Région des Plateaux,0.2937548
2014,Togo,Région des Savanes,0.4294867
2014,Togo,Région Maritime,0.1960996
2014,Trinidad and Tobago,Eastern,0.0260177
2014,Trinidad and Tobago,North Central,0.0195811
2014,Trinidad and Tobago,North West,0.0226022
2014,Trinidad and Tobago,South West,0.0155323
2014,Trinidad and Tobago,Tobago,0.0186625
2014,Turkey,Central,0.0124456
2014,Turkey,Eastern,0.0929063
2014,Turkey,Northern,0.0111464
2014,Turkey,Southern,0.0192911
2014,Turkey,Western,0.0076077
2014,Uganda,Central 1,0.2998042
2014,Uganda,Central 2,0.2942976
2014,Uganda,East Central,0.3708481
2014,Uganda,Eastern,0.4173927
2014,Uganda,Kampala,0.0760764
2014,Uganda,Karamoja,0.6341278
2014,Uganda,North,0.4306756
2014,Uganda,Southwest,0.400142
2014,Uganda,West Nile,0.4840506
2014,Uganda,Western,0.3455974
2014,Ukraine,Central,0.0087858
2014,Ukraine,Eastern,0.0046908
2014,Ukraine,Northern,0.0070094
2014,Ukraine,Southern,0.0073085
2014,Ukraine,Western,0.0119975
2014,Viet Nam,Central highlands,0.0395141
2014,Viet Nam,Mekong river delta,0.0266577
2014,Viet Nam,North central and central coastal area,0.0139004
2014,Viet Nam,Northen midlands and mountain area,0.0305663
2014,Viet Nam,Red River Delta,0.0024967
2014,Viet Nam,South east,0.0050699
2014,Zambia,Central,0.3122357
2014,Zambia,Copperbelt,0.1850113
2014,Zambia,Eastern,0.4310876
2014,Zambia,Luapula,0.4200282
2014,Zambia,Lusaka,0.1491485
2014,Zambia,Northern,0.4130734
2014,Zambia,North-Western,0.4342771
2014,Zambia,Southern,0.3154511
2014,Zambia,Western,0.4725173
2014,Zimbabwe,Bulawayo,0.0331248
2014,Zimbabwe,Harare,0.0388568
2014,Zimbabwe,Manicaland,0.1862272
2014,Zimbabwe,Mashonaland Central,0.2485722
2014,Zimbabwe,Mashonaland East,0.1459499
2014,Zimbabwe,Mashonaland West,0.2027003
2014,Zimbabwe,Masvingo,0.1984427
2014,Zimbabwe,Matabeleland North,0.2961556
2014,Zimbabwe,Matabeleland South,0.2121345
2014,Zimbabwe,Midlands,0.1983711
2014,Uzbekistan,Central,0.0114627
2014,Uzbekistan,Central-Eastern,0.0036507
2014,Uzbekistan,Eastern,0.0059775
2014,Uzbekistan,Southern,0.0156748
2014,Uzbekistan,Tashkent,0.0014288
2014,Uzbekistan,Western,0.0069348
2015,Afghanistan,Central,0.23187032341957092
2015,Afghanistan,Central Highlands,0.37747666239738464
2015,Afghanistan,East,0.34046366810798645
2015,Afghanistan,North,0.3726571798324585
2015,Afghanistan,North East,0.34490275382995605
2015,Afghanistan,South,0.45536941289901733
2015,Afghanistan,South East,0.33675676584243774
2015,Afghanistan,West,0.4039766490459442
2015,Burundi,Bujumbura Mairie,0.16439764201641083
2015,Burundi,Nord,0.5005087852478027
2015,Burundi,Centre-Est,0.4726378917694092
2015,Burundi,Ouest,0.49863219261169434
2015,Burundi,Sud,0.421967089176178
2015,Benin,Alibori,0.5281384587287903
2015,Benin,Atacora,0.4542391002178192
2015,Benin,Atlantique,0.2780206501483917
2015,Benin,Borgou,0.35105130076408386
2015,Benin,Collines,0.2919761836528778
2015,Benin,Couffo,0.3453904986381531
2015,Benin,Donga,0.3347983658313751
2015,Benin,Littoral,0.08333627134561539
2015,Benin,Mono,0.25860002636909485
2015,Benin,Ouémé,0.23798519372940063
2015,Benin,Plateau,0.3470526337623596
2015,Benin,Zou,0.3340815007686615
2015,Burkina Faso,Boucle de mouhoun,0.5908539891242981
2015,Burkina Faso,Cascades,0.4926100969314575
2015,Burkina Faso,Centre,0.20747600495815277
2015,Burkina Faso,Centre-est,0.579725980758667
2015,Burkina Faso,Centre-nord,0.5752745866775513
2015,Burkina Faso,Centre-ouest,0.5543571710586548
2015,Burkina Faso,Centre-sud,0.5125343799591064
2015,Burkina Faso,Est,0.6980906128883362
2015,Burkina Faso,Hauts basins,0.45897960662841797
2015,Burkina Faso,Nord,0.5807520151138306
2015,Burkina Faso,Plateau central,0.5239238142967224
2015,Burkina Faso,Sahel,0.6897361278533936
2015,Burkina Faso,Sud-ouest,0.6545373797416687
2015,Bangladesh,Barisal,0.22354774177074432
2015,Bangladesh,Chittagong,0.18622200191020966
2015,Bangladesh,Dhaka,0.17435021698474884
2015,Bangladesh,Khulna,0.15595343708992004
2015,Bangladesh,Rajshahi,0.19183684885501862
2015,Bangladesh,Rangpur,0.2063993364572525
2015,Bangladesh,Sylhet,0.32038626074790955
2015,Belize,Corozal,0.025880295783281326
2015,Belize,Orange Walk,0.01866547018289566
2015,Belize,Belize (excluding Belize City South Side),0.005399882793426514
2015,Belize,Stann Creek,0.01287371851503849
2015,Belize,Toledo,0.019348539412021637
2015,Belize,Cayo,0.0542074590921402
2015,Belize,Belize City South Side,0.00455240486189723
2015,"Bolivia, Plurinational State of",Chuquisaca,0.14463646709918976
2015,"Bolivia, Plurinational State of",La Paz,0.07688451558351517
2015,"Bolivia, Plurinational State of",Cochabamba,0.10508017987012863
2015,"Bolivia, Plurinational State of",Oruro,0.07284890860319138
2015,"Bolivia, Plurinational State of",Potosí,0.16765925288200378
2015,"Bolivia, Plurinational State of",Tarija,0.08090578019618988
2015,"Bolivia, Plurinational State of",Santa Cruz,0.04268844053149223
2015,"Bolivia, Plurinational State of",Beni,0.098922960460186
2015,"Bolivia, Plurinational State of",Pando,0.08681350946426392
2015,Brazil,Acre,0.07231254875659943
2015,Brazil,Alagoas,0.04151244834065437
2015,Brazil,Amapá,0.021928003057837486
2015,Brazil,Amazonas,0.04398251697421074
2015,Brazil,Bahia,0.0293759573251009
2015,Brazil,Ceará,0.02926233969628811
2015,Brazil,Distrito Federal,0.007967358455061913
2015,Brazil,Espírito Santo,0.0177964698523283
2015,Brazil,Goiás,0.016786159947514534
2015,Brazil,Maranhão,0.04638131335377693
2015,Brazil,Mato Grosso,0.018873535096645355
2015,Brazil,Mato Grosso do Sul,0.018542125821113586
2015,Brazil,Minas Gerais,0.02081212028861046
2015,Brazil,Paraná,0.015575301833450794
2015,Brazil,Paraíba,0.03199012950062752
2015,Brazil,Pará,0.03525806590914726
2015,Brazil,Pernambuco,0.02734834887087345
2015,Brazil,Piauí,0.03865588828921318
2015,Brazil,Rio Grande do Norte,0.029842784628272057
2015,Brazil,Rio Grande do Sul,0.012449224479496479
2015,Brazil,Rio de Janeiro,0.01079762913286686
2015,Brazil,Rondônia,0.024184420704841614
2015,Brazil,Roraima,0.028590941801667213
2015,Brazil,Santa Catarina,0.01874224655330181
2015,Brazil,Sergipe,0.033647309988737106
2015,Brazil,São Paulo,0.012059258297085762
2015,Brazil,Tocantins,0.0302484892308712
2015,Bhutan,Bumthang,0.041740722954273224
2015,Bhutan,Chukha,0.12138466536998749
2015,Bhutan,Dagana,0.2220502644777298
2015,Bhutan,Haa,0.05934971943497658
2015,Bhutan,Lhuntse,0.15057645738124847
2015,Bhutan,Mongar,0.16474822163581848
2015,Bhutan,Paro,0.025608863681554794
2015,Bhutan,Pemagatshel,0.12760859727859497
2015,Bhutan,Punakha,0.08800062537193298
2015,Bhutan,Samdrup Jongkhar,0.1490049660205841
2015,Bhutan,Samtse,0.19704541563987732
2015,Bhutan,Sarpang,0.1021866574883461
2015,Bhutan,Thimphu,0.016231898218393326
2015,Bhutan,Trashigang,0.13234920799732208
2015,Bhutan,Trashiyangtse,0.12118666619062424
2015,Bhutan,Trongsa,0.14758825302124023
2015,Bhutan,Tsirang,0.1960100382566452
2015,Bhutan,Wangdi,0.09894038736820221
2015,Bhutan,Zhemgang,0.18430095911026
2015,Central African Republic,Ombella-M'poko,0.40324559807777405
2015,Central African Republic,Lobaye,0.49406176805496216
2015,Central African Republic,Mambéré-Kadéi,0.49709662795066833
2015,Central African Republic,Nana-Mambéré,0.5203407406806946
2015,Central African Republic,Sangha-Mbaéré,0.5054183602333069
2015,Central African Republic,Ouham-Pendé,0.47906365990638733
2015,Central African Republic,Ouham,0.5332514643669128
2015,Central African Republic,Kémo,0.501403272151947
2015,Central African Republic,Nana-Grébizi,0.4192401170730591
2015,Central African Republic,Ouaka,0.47128498554229736
2015,Central African Republic,Haute-Kotto,0.4197375178337097
2015,Central African Republic,Bamingui-Bangoran,0.364308625459671
2015,Central African Republic,Basse-Kotto,0.5438041687011719
2015,Central African Republic,Mbomou,0.49140825867652893
2015,Central African Republic,Haut-Mbomou,0.41834330558776855
2015,Central African Republic,Bangui,0.19657796621322632
2015,Chinac,East,0.010407350026071072
2015,Chinac,Central,0.013967511244118214
2015,Chinac,West,0.0512131005525589
2015,Cote d'Ivoire,Centre,0.35933053493499756
2015,Cote d'Ivoire,Centre-Est,0.296536922454834
2015,Cote d'Ivoire,Centre-Nord,0.32239288091659546
2015,Cote d'Ivoire,Centre-Ouest,0.33356356620788574
2015,Cote d'Ivoire,Nord,0.4771196246147156
2015,Cote d'Ivoire,Nord-Est,0.3737942576408386
2015,Cote d'Ivoire,Nord-Ouest,0.5180200338363647
2015,Cote d'Ivoire,Ouest,0.37955978512763977
2015,Cote d'Ivoire,Sud sans Abidjan,0.26449358463287354
2015,Cote d'Ivoire,Sud-ouest,0.3939734101295471
2015,Cote d'Ivoire,Ville d'Abidjan,0.10867956280708313
2015,Cameroon,Adamaoua,0.26908615231513977
2015,Cameroon,Centre (sans Yaoundé),0.17880769073963165
2015,Cameroon,Douala,0.024463064968585968
2015,Cameroon,Est,0.27397263050079346
2015,Cameroon,Extrême-Nord,0.5399836301803589
2015,Cameroon,Littoral (sans Douala),0.09061611443758011
2015,Cameroon,Nord,0.45834779739379883
2015,Cameroon,Nord-Ouest,0.16699084639549255
2015,Cameroon,Ouest,0.14646460115909576
2015,Cameroon,Sud,0.13073666393756866
2015,Cameroon,Sud-Ouest,0.129249706864357
2015,Cameroon,Yaoundé,0.02624640055000782
2015,"Congo, Democratic Republic of the",Kinshasa,0.1017005518078804
2015,"Congo, Democratic Republic of the",Bandundu,0.43545451760292053
2015,"Congo, Democratic Republic of the",Bas-Congo,0.3931753635406494
2015,"Congo, Democratic Republic of the",Équateur,0.4798634648323059
2015,"Congo, Democratic Republic of the",Kasaï-Occidental,0.48970791697502136
2015,"Congo, Democratic Republic of the",Kasaï-Oriental,0.4311509132385254
2015,"Congo, Democratic Republic of the",Katanga,0.399528443813324
2015,"Congo, Democratic Republic of the",Maniema,0.4088210165500641
2015,"Congo, Democratic Republic of the",Nord-Kivu,0.34869328141212463
2015,"Congo, Democratic Republic of the",Orientale,0.4013800621032715
2015,"Congo, Democratic Republic of the",Sud-Kivu,0.4621914029121399
2015,"Congo, Republic of",Kouilou,0.351875901222229
2015,"Congo, Republic of",Niari,0.2376852184534073
2015,"Congo, Republic of",Lékoumou,0.32299599051475525
2015,"Congo, Republic of",Bouenza,0.27362900972366333
2015,"Congo, Republic of",Pool,0.2988942563533783
2015,"Congo, Republic of",Plateaux,0.3566417098045349
2015,"Congo, Republic of",Cuvette,0.24613697826862335
2015,"Congo, Republic of",Cuvette-Ouest,0.31165415048599243
2015,"Congo, Republic of",Sangha,0.2850387692451477
2015,"Congo, Republic of",Likouala,0.3036805987358093
2015,"Congo, Republic of",Brazzaville,0.10317781567573547
2015,"Congo, Republic of",Pointe-Noire,0.09424488991498947
2015,Colombia,"Guajira, Cesar, Magdalena",0.055874817073345184
2015,Colombia,Barranquilla A. M.,0.008868415839970112
2015,Colombia,"Atlantico, San Andres, Bolivar Norte",0.011892608366906643
2015,Colombia,"Bolivar Sur, Sucre, Cordoba",0.06105392426252365
2015,Colombia,Santanderes,0.021541651338338852
2015,Colombia,"Boyaca, Cmarca, Meta",0.017653262242674828
2015,Colombia,Medellin A.M.,0.004794521257281303
2015,Colombia,Antioquia Sin Medellin,0.036830928176641464
2015,Colombia,"Caldas, Risaralda, Quindio",0.009358436800539494
2015,Colombia,"Tolima, Huila, Caqueta",0.026553144678473473
2015,Colombia,Cali A.M.,0.00513352220878005
2015,Colombia,Valle Sin Cali Ni Litoral,0.012083211913704872
2015,Colombia,Cauca Y Nariño Sin Litoral,0.03930622711777687
2015,Colombia,Litoral Pacifico,0.05901746079325676
2015,Colombia,Bogota,0.0026550120674073696
2015,Colombia,Orinoquia Y Amazonia,0.028252867981791496
2015,Comoros,Mwali (Mohéli),0.21298879384994507
2015,Comoros,Ndzuwani (Ndzouani or Anjouan),0.2203245609998703
2015,Comoros,Ngazidja (Grande Comore),0.11645916104316711
2015,Djibouti,Djibouti,0.1253451108932495
2015,Djibouti,Other Districts,0.21436099708080292
2015,Dominican Republic,Cibao Nordeste,0.02768310382334242
2015,Dominican Republic,Cibao Noroeste,0.04676290658921192
2015,Dominican Republic,Cibao Norte,0.028194691807396116
2015,Dominican Republic,Cibao Sur,0.029543714205033704
2015,Dominican Republic,Del Yuma,0.039349936861546364
2015,Dominican Republic,El Valle,0.07770767859174046
2015,Dominican Republic,Enriquillo,0.05515568892507111
2015,Dominican Republic,Higuamo,0.04252968059494968
2015,Dominican Republic,Metropolitana,0.02755144647996727
2015,Dominican Republic,Valdesia,0.040053190079206866
2015,Ecuador,Mountains,0.013566182926297188
2015,Ecuador,Coast,0.009764113463461399
2015,Ecuador,Amazon,0.0463605597615242
2015,Ecuador,Galapagos Island,0.002738329814746976
2015,Egypt,Cairo,0.006139714736491442
2015,Egypt,Alexandria,0.0043862443417310715
2015,Egypt,Port Said,0.003340961178764701
2015,Egypt,Suez,0.007920381613075733
2015,Egypt,Damietta,0.011474860832095146
2015,Egypt,Dakahlia,0.0050481874495744705
2015,Egypt,Sharkia,0.009556083008646965
2015,Egypt,Kalyubia,0.005005485378205776
2015,Egypt,Kafr El-Sheikh,0.005987043958157301
2015,Egypt,Gharbia,0.005952670704573393
2015,Egypt,Menoufia,0.008120667189359665
2015,Egypt,Behera,0.01196622010320425
2015,Egypt,Ismailia,0.008834862150251865
2015,Egypt,Giza,0.017669396474957466
2015,Egypt,Beni Suef,0.016964083537459373
2015,Egypt,Fayoum,0.02230784110724926
2015,Egypt,Menya,0.02182556316256523
2015,Egypt,Assuit,0.037677060812711716
2015,Egypt,Souhag,0.034844957292079926
2015,Egypt,Qena,0.015022850595414639
2015,Egypt,Aswan,0.01269345823675394
2015,Egypt,Luxor,0.015366936102509499
2015,Egypt,Red Sea,0.01500499714165926
2015,Egypt,New Valley,0.0030518886633217335
2015,Egypt,Matroh,0.03579235449433327
2015,Ethiopia,Tigray,0.5373889803886414
2015,Ethiopia,Affar,0.6626236438751221
2015,Ethiopia,Amhara,0.5881204605102539
2015,Ethiopia,Oromiya,0.5915091037750244
2015,Ethiopia,Somali,0.64734947681427
2015,Ethiopia,Benishangul-Gumuz,0.5843572616577148
2015,Ethiopia,"Southern Nations, Nationalities, and People's Region",0.5738317370414734
2015,Ethiopia,Gambela,0.47436004877090454
2015,Ethiopia,Harari,0.3326142132282257
2015,Ethiopia,Addis Ababa,0.08488035947084427
2015,Ethiopia,Dire Dawa,0.33784109354019165
2015,Gabon,Libreville/Port-Gentil,0.023666873574256897
2015,Gabon,Estuaire (sans Libreville),0.06341399252414703
2015,Gabon,Haut-Ogooué,0.09183911979198456
2015,Gabon,Moyen-Ogooué,0.13826407492160797
2015,Gabon,Ngounié,0.1843632161617279
2015,Gabon,Nyanga,0.16041287779808044
2015,Gabon,Ogooué Maritime (sans Port-Gentil),0.07594417780637741
2015,Gabon,Ogooué-Ivindo,0.26357823610305786
2015,Gabon,Ogooué-Lolo,0.15192560851573944
2015,Gabon,Woleu-N’tem,0.09624674916267395
2015,Ghana,Ashanti,0.10064882040023804
2015,Ghana,Brong Ahafo,0.16018299758434296
2015,Ghana,Central,0.1707558035850525
2015,Ghana,Eastern,0.15547174215316772
2015,Ghana,Greater Accra,0.05834758281707764
2015,Ghana,Northern,0.38195523619651794
2015,Ghana,Upper East,0.2892182171344757
2015,Ghana,Upper West,0.2592473030090332
2015,Ghana,Volta,0.1382298767566681
2015,Ghana,Western,0.12205495685338974
2015,Guinea,Boké,0.41822776198387146
2015,Guinea,Conakry,0.12157278507947922
2015,Guinea,Faranah,0.5989364981651306
2015,Guinea,Kankan,0.6028802394866943
2015,Guinea,Kindia,0.5029759407043457
2015,Guinea,Labé,0.554474949836731
2015,Guinea,Mamou,0.5308913588523865
2015,Guinea,N'Zérékoré,0.5088304877281189
2015,Gambia,Banjul,0.09486954659223557
2015,Gambia,Kanifing,0.15740348398685455
2015,Gambia,Brikama,0.2415836900472641
2015,Gambia,Mansakonko,0.351566344499588
2015,Gambia,Kerewan,0.3972127437591553
2015,Gambia,Kuntaur,0.554946780204773
2015,Gambia,Janjanbureh,0.45959532260894775
2015,Gambia,Basse,0.5236948132514954
2015,Guyana,Barima-Waini,0.05711011148060657
2015,Guyana,Cuyuni-Mazaruni and Potaro-Siparuni,0.09468326403509064
2015,Guyana,Demerara-Mahaica,0.004339009580578875
2015,Guyana,East Berbice-Corentyne,0.006478170698289177
2015,Guyana,Essequibo Islands-West Demerara,0.004934986645102131
2015,Guyana,Mahaica-Berbice,0.005902726178351233
2015,Guyana,Pomeroon-Supenaam,0.014124402634613583
2015,Guyana,Upper Demerara-Berbice,0.004239592650534341
2015,Guyana,Upper Takutu-Upper Essequibo,0.1450603338408089
2015,Honduras,Atlántida,0.045490410178899765
2015,Honduras,Colón,0.05842072516679764
2015,Honduras,Comayagua,0.07713481038808823
2015,Honduras,Copán,0.1605653464794159
2015,Honduras,Cortés,0.025602269917726517
2015,Honduras,Choluteca,0.10795997083187103
2015,Honduras,El Paraíso,0.0945722833275795
2015,Honduras,Francisco Morazán,0.030516400933265686
2015,Honduras,Gracias a Dios,0.12433363497257233
2015,Honduras,Intibucá,0.13902254402637482
2015,Honduras,Islas de la Bahía,0.017352843657135963
2015,Honduras,La Paz,0.1068786084651947
2015,Honduras,Lempira,0.20129509270191193
2015,Honduras,Ocotepeque,0.10851820558309555
2015,Honduras,Olancho,0.0892060324549675
2015,Honduras,Santa Bárbara,0.07626993209123611
2015,Honduras,Valle,0.06755494326353073
2015,Honduras,Yoro,0.07318904995918274
2015,Haiti,Aire Métropolitaine/Reste-Ouest,0.16174951195716858
2015,Haiti,Sud-Est,0.3074643611907959
2015,Haiti,Nord,0.24440442025661469
2015,Haiti,Nord-Est,0.322719544172287
2015,Haiti,Artibonite,0.3156847655773163
2015,Haiti,Centre,0.3908936679363251
2015,Haiti,Sud,0.249315544962883
2015,Haiti,Grande-Anse,0.37762564420700073
2015,Haiti,Nord-Ouest,0.3110768795013428
2015,Haiti,Nippes,0.25704455375671387
2015,Indonesia,Aceh,0.07684960961341858
2015,Indonesia,North Sumatera,0.07104584574699402
2015,Indonesia,West Sumatera,0.05561785772442818
2015,Indonesia,Riau,0.053035032004117966
2015,Indonesia,Jambi,0.07215288281440735
2015,Indonesia,South Sumatera,0.053583938628435135
2015,Indonesia,Bengkulu,0.05892232432961464
2015,Indonesia,Lampung,0.06529511511325836
2015,Indonesia,Bangka Belitung,0.05255831032991409
2015,Indonesia,Riau Islands,0.04067371040582657
2015,Indonesia,DKI Jakarta,0.02877204120159149
2015,Indonesia,West Java,0.05711048096418381
2015,Indonesia,Central Java,0.05347311124205589
2015,Indonesia,DI Yogyakarta,0.02451167069375515
2015,Indonesia,East Java,0.05507321283221245
2015,Indonesia,Banten,0.07485523819923401
2015,Indonesia,Bali,0.04219409078359604
2015,Indonesia,West Nusa Tenggara,0.1205437034368515
2015,Indonesia,East Nusa Tenggara,0.1641964465379715
2015,Indonesia,West Kalimantan,0.0856330543756485
2015,Indonesia,Central Kalimantan,0.08437513560056686
2015,Indonesia,South Kalimantan,0.08485841006040573
2015,Indonesia,East Kalimantan,0.05827319994568825
2015,Indonesia,North Sulawesi,0.059076886624097824
2015,Indonesia,Central Sulawesi,0.13188888132572174
2015,Indonesia,South Sulawesi,0.06349501013755798
2015,Indonesia,Southeast Sulawesi,0.10876511037349701
2015,Indonesia,Gorontalo,0.12765632569789886
2015,Indonesia,West Sulawesi,0.16102944314479828
2015,Indonesia,Maluku,0.10515891015529633
2015,Indonesia,North Maluku,0.12876351177692413
2015,Indonesia,West Papua,0.12215050309896469
2015,Indonesia,Papua,0.23430250585079193
2015,India,Jammu and Kashmir,0.1936921626329422
2015,India,Himachal Pradesh,0.12454240024089813
2015,India,Punjab,0.11171823740005493
2015,India,Uttarakhand,0.18468613922595978
2015,India,Haryana,0.18625390529632568
2015,India,Delhi,0.05415453016757965
2015,India,Rajasthan,0.33808866143226624
2015,India,Uttar Pradesh,0.3690807521343231
2015,India,Bihar,0.47867363691329956
2015,India,Sikkim,0.14956976473331451
2015,India,Arunachal Pradesh,0.2739063799381256
2015,India,Nagaland,0.26402661204338074
2015,India,Manipur,0.19062471389770508
2015,India,Mizoram,0.09366268664598465
2015,India,Tripura,0.2693157494068146
2015,India,Meghalaya,0.3074724078178406
2015,India,Assam,0.3164673447608948
2015,India,West Bengal,0.3043116629123688
2015,India,Jharkhand,0.4408908486366272
2015,India,Orissa,0.33851927518844604
2015,India,Chhattisgarh,0.3666381537914276
2015,India,Madhya Pradesh,0.37382370233535767
2015,India,Gujarat,0.20081450045108795
2015,India,Maharashtra,0.18022271990776062
2015,India,Andhra Pradesh,0.20871888101100922
2015,India,Karnataka,0.20593483746051788
2015,India,Goa,0.08533237874507904
2015,India,Kerala,0.05098487809300423
2015,India,Tamil Nadu,0.1299966722726822
2015,Iraq,Dohuk,0.0306125208735466
2015,Iraq,Ninewa,0.05399065464735031
2015,Iraq,Suleimaniya,0.009549354203045368
2015,Iraq,Kirkuk,0.034847695380449295
2015,Iraq,Erbil,0.031041502952575684
2015,Iraq,Diyala,0.03781309723854065
2015,Iraq,Al-Anbar,0.052019160240888596
2015,Iraq,Baghdad,0.026830945163965225
2015,Iraq,Babil,0.04156167060136795
2015,Iraq,Karbala,0.05314327031373978
2015,Iraq,Wasit,0.05800258368253708
2015,Iraq,Salahaddin,0.054134566336870193
2015,Iraq,Al-Najaf,0.054947689175605774
2015,Iraq,Al-Qadisiya,0.08247068524360657
2015,Iraq,Al-Muthanna,0.07876771688461304
2015,Iraq,Thi-Qar,0.060285039246082306
2015,Iraq,Missan,0.09805240482091904
2015,Iraq,Basrah,0.044752053916454315
2015,Jamaica,Kingston,0.008625492453575134
2015,Jamaica,St.  Andrew,0.007394328713417053
2015,Jamaica,St. Thomas,0.006291122641414404
2015,Jamaica,Portland,0.004441294353455305
2015,Jamaica,St. Mary,0.00948970764875412
2015,Jamaica,St. Ann,0.004289623815566301
2015,Jamaica,Trelawny,0.015612293034791946
2015,Jamaica,St. James,0.002789966994896531
2015,Jamaica,Hanover,0.006826178636401892
2015,Jamaica,Westmoreland,0.004202583804726601
2015,Jamaica,St. Elizabeth,0.013169102370738983
2015,Jamaica,Manchester,0.005661864299327135
2015,Jamaica,Clarendon,0.013874780386686325
2015,Jamaica,St. Catherine,0.0035240473225712776
2015,Jordan,Central,0.005495233926922083
2015,Jordan,North,0.006251031067222357
2015,Jordan,South,0.007702293340116739
2015,Kenya,Central,0.07460404932498932
2015,Kenya,Coast,0.2415410280227661
2015,Kenya,Eastern,0.18977174162864685
2015,Kenya,Nairobi,0.02005363628268242
2015,Kenya,North Eastern,0.5088741183280945
2015,Kenya,Nyanza,0.2108464539051056
2015,Kenya,Rift Valley,0.20473113656044006
2015,Kenya,Western,0.22263500094413757
2015,Cambodia,Banteay Mean Chey,0.0966266319155693
2015,Cambodia,Battambang & Pailin,0.10356451570987701
2015,Cambodia,Kampong Cham,0.16027945280075073
2015,Cambodia,Kampong Chhnang,0.19306334853172302
2015,Cambodia,Kampong Speu,0.18151192367076874
2015,Cambodia,Kampong Thom,0.1825261414051056
2015,Cambodia,Kampot & Kep,0.15537334978580475
2015,Cambodia,Kandal,0.12096342444419861
2015,Cambodia,Kratie,0.2743508517742157
2015,Cambodia,Mondol Kiri & Rattanak Kiri,0.2803789973258972
2015,Cambodia,Otdar Mean Chey,0.19637256860733032
2015,Cambodia,Phnom Penh,0.026493491604924202
2015,Cambodia,Preah Sihanouk & Kaoh Kong,0.09054460376501083
2015,Cambodia,Preah Vihear & Steung Treng,0.3035712242126465
2015,Cambodia,Prey Veng,0.11987609416246414
2015,Cambodia,Pursat,0.22086718678474426
2015,Cambodia,Siem Reap,0.20418117940425873
2015,Cambodia,Svay Rieng,0.09977828711271286
2015,Cambodia,Takeo,0.10642813891172409
2015,Lao People's Democratic Republic,Vientiane Capital,0.011533216573297977
2015,Lao People's Democratic Republic,Phongsaly,0.3109598457813263
2015,Lao People's Democratic Republic,Luangnamtha,0.16525514423847198
2015,Lao People's Democratic Republic,Oudomxay,0.24844852089881897
2015,Lao People's Democratic Republic,Bokeo,0.21231167018413544
2015,Lao People's Democratic Republic,Luangprabang,0.18041998147964478
2015,Lao People's Democratic Republic,Huaphanh,0.18357378244400024
2015,Lao People's Democratic Republic,Xayabury,0.07859263569116592
2015,Lao People's Democratic Republic,Xiengkhuang,0.1637415587902069
2015,Lao People's Democratic Republic,Vientiane,0.063499815762043
2015,Lao People's Democratic Republic,Borikhamxay,0.0625239685177803
2015,Lao People's Democratic Republic,Khammuane,0.20046831667423248
2015,Lao People's Democratic Republic,Savannakhet,0.26216408610343933
2015,Lao People's Democratic Republic,Saravane,0.35936325788497925
2015,Lao People's Democratic Republic,Sekong,0.25446227192878723
2015,Lao People's Democratic Republic,Champasack,0.1493542343378067
2015,Lao People's Democratic Republic,Attapeu,0.2154521644115448
2015,Liberia,Bomi,0.40678563714027405
2015,Liberia,Bong,0.5083938837051392
2015,Liberia,Gbarpolu,0.5054903030395508
2015,Liberia,Grand Bassa,0.5267381072044373
2015,Liberia,Grand Cape Mount,0.481946736574173
2015,Liberia,Grand Gedeh,0.3490458130836487
2015,Liberia,Grand Kru,0.47971880435943604
2015,Liberia,Lofa,0.4574717581272125
2015,Liberia,Margibi,0.36399346590042114
2015,Liberia,Maryland,0.3879185914993286
2015,Liberia,Montserrado,0.2503897249698639
2015,Liberia,Nimba,0.37728413939476013
2015,Liberia,River Cess,0.5359175205230713
2015,Liberia,River Gee,0.4326350688934326
2015,Liberia,Sinoe,0.4448428153991699
2015,Lesotho,Berea,0.10565514625760189
2015,Lesotho,Botha-Bothe,0.14893834286018706
2015,Lesotho,Leribe,0.10604106186279359
2015,Lesotho,Mafeteng,0.13100506911529722
2015,Lesotho,Maseru,0.08175277264359078
2015,Lesotho,Mohale'S Hoek,0.17806496162325797
2015,Lesotho,Mokhotlong,0.29109595304796604
2015,Lesotho,Qacha'S-Nek,0.17346908835892616
2015,Lesotho,Quthing,0.1505741713371023
2015,Lesotho,Thaba Tseka,0.2669503649855185
2015,Morocco,Sahara,0.01659543626010418
2015,Morocco,Souss-Massa-Draa,0.1021670401096344
2015,Morocco,El Gharb-Chrarda Bni Hssen,0.08436732739210129
2015,Morocco,Chaouia Ourdigha,0.06559634953737259
2015,Morocco,Marrakech-Tensift-El Haouz,0.130690336227417
2015,Morocco,Région Oriental,0.04878586158156395
2015,Morocco,Grand Casablanca,0.002691014437004924
2015,Morocco,Rabat-Salé-Zemmour-Zair,0.01640641689300537
2015,Morocco,Doukkala-Abda,0.059962932020425797
2015,Morocco,Tadla-Azilal,0.07047052681446075
2015,Morocco,Meknes-Tafilalet,0.03718184307217598
2015,Morocco,Fes-Boulemane,0.042073749005794525
2015,Morocco,Taza-Al Hoceima-Taounate,0.1232476681470871
2015,Morocco,Tanger-Tetouan,0.08330361545085907
2015,Madagascar,Analamanga,0.17757681012153625
2015,Madagascar,Vakinankaratra,0.3572627902030945
2015,Madagascar,Itasy,0.3970578908920288
2015,Madagascar,Bongolava,0.31898999214172363
2015,Madagascar,Haute Matsiatra,0.40030115842819214
2015,Madagascar,Anamoroni'i Mania,0.4089517593383789
2015,Madagascar,Vatovavy Fitovinany,0.5137119293212891
2015,Madagascar,Ihorombe,0.44766366481781006
2015,Madagascar,Atsimo Atsinanana,0.5307778716087341
2015,Madagascar,Atsinanana,0.26862072944641113
2015,Madagascar,Analanjirofo,0.3831574022769928
2015,Madagascar,Alaotra Mangoro,0.30942022800445557
2015,Madagascar,Boeny,0.3103126585483551
2015,Madagascar,Sofia,0.32000768184661865
2015,Madagascar,Betsiboka,0.4329425096511841
2015,Madagascar,Melaky,0.5090721249580383
2015,Madagascar,Atsimo Andrefana,0.426704466342926
2015,Madagascar,Androy,0.5470907092094421
2015,Madagascar,Anosy,0.48646363615989685
2015,Madagascar,Menabe,0.416760116815567
2015,Madagascar,Diana,0.29425567388534546
2015,Madagascar,Sava,0.3274700343608856
2015,Mexico,Aguascalientes,0.0034773144870996475
2015,Mexico,Baja California,0.0016225602012127638
2015,Mexico,Baja California Sur,0.0014236124698072672
2015,Mexico,Campeche,0.015573668293654919
2015,Mexico,Coahuila,0.006082563195377588
2015,Mexico,Colima,0.0035617854446172714
2015,Mexico,Chiapas,0.03353975713253021
2015,Mexico,Chihuahua,0.012586062774062157
2015,Mexico,Distrito Federal,0.001567696570418775
2015,Mexico,Durango,0.0027300589717924595
2015,Mexico,Guanajuato,0.006842983886599541
2015,Mexico,Guerrero,0.04165871813893318
2015,Mexico,Hidalgo,0.012900578789412975
2015,Mexico,Jalisco,0.004643297754228115
2015,Mexico,México,0.0040837242268025875
2015,Mexico,Michoacán,0.008030455559492111
2015,Mexico,Morelos,0.003838783595710993
2015,Mexico,Nayarit,0.006664364133030176
2015,Mexico,Nuevo León,0.0005557909607887268
2015,Mexico,Oaxaca,0.04367156699299812
2015,Mexico,Puebla,0.02080412395298481
2015,Mexico,Querétaro,0.005530852824449539
2015,Mexico,Quintana Roo,0.00903299916535616
2015,Mexico,San Luis Potosí,0.025447068735957146
2015,Mexico,Sinaloa,0.0072785187512636185
2015,Mexico,Sonora,0.004590636119246483
2015,Mexico,Tabasco,0.010055395774543285
2015,Mexico,Tamaulipas,0.006281793583184481
2015,Mexico,Tlaxcala,0.0036923273000866175
2015,Mexico,Veracruz,0.017225829884409904
2015,Mexico,Yucatán,0.00978775229305029
2015,Mexico,Zacatecas,0.00646314537152648
2015,Mali,Kayes,0.4847451448440552
2015,Mali,Koulikoro,0.43967071175575256
2015,Mali,Sikasso,0.48402324318885803
2015,Mali,Ségou,0.4979134202003479
2015,Mali,Mopti,0.5937102437019348
2015,Mali,Bamako,0.1676514893770218
2015,Mongolia,Central,0.040716982247319934
2015,Mongolia,Eastern,0.04426227119184881
2015,Mongolia,Khangai,0.07490686828431542
2015,Mongolia,Ulaanbaatar,0.0061261954414860475
2015,Mongolia,Western,0.09003540509974
2015,Mozambique,Niassa,0.44326409697532654
2015,Mozambique,Cabo Delgado,0.5254132747650146
2015,Mozambique,Nampula,0.399636447429657
2015,Mozambique,Zambézia,0.5284852385520935
2015,Mozambique,Tete,0.4658903479576111
2015,Mozambique,Manica,0.30127376317977905
2015,Mozambique,Sofala,0.3810690641403198
2015,Mozambique,Inhambane,0.29533329606056213
2015,Mozambique,Gaza,0.30648744106292725
2015,Mozambique,Maputo Província,0.13310880959033966
2015,Mozambique,Maputo Cidade,0.04346046224236488
2015,Mauritania,Hodh Charghy,0.4119284152984619
2015,Mauritania,Hodh Gharby,0.43841153383255005
2015,Mauritania,Assaba,0.41852137446403503
2015,Mauritania,Gorgol,0.4595274031162262
2015,Mauritania,Brakna,0.30669736862182617
2015,Mauritania,Trarza,0.1810649335384369
2015,Mauritania,Adrar,0.18410742282867432
2015,Mauritania,Dakhlett Nouadibou,0.0391688235104084
2015,Mauritania,Tagant,0.3221459686756134
2015,Mauritania,Guidimagha,0.49907639622688293
2015,Mauritania,Tirs-Ezemour,0.08541747182607651
2015,Mauritania,Nouakchott,0.10197747498750687
2015,Malawi,Chitipa,0.1753392219543457
2015,Malawi,Karonga,0.16477462649345398
2015,Malawi,Nkhatabay,0.2302849292755127
2015,Malawi,Rumphi,0.14378219842910767
2015,Malawi,Mzimba,0.1833581030368805
2015,Malawi,Mzuzu city,0.038880620151758194
2015,Malawi,Kasungu,0.249733105301857
2015,Malawi,Nkhotakota,0.23870113492012024
2015,Malawi,Ntchisi,0.25694212317466736
2015,Malawi,Dowa,0.26540088653564453
2015,Malawi,Salima,0.2774507701396942
2015,Malawi,Lilongwe,0.2972973883152008
2015,Malawi,Mchinji,0.2915228307247162
2015,Malawi,Dedza,0.3209201991558075
2015,Malawi,Ntcheu,0.31673046946525574
2015,Malawi,Lilongwe city,0.07355186343193054
2015,Malawi,Mangochi,0.3683513104915619
2015,Malawi,Machinga,0.33167433738708496
2015,Malawi,Zomba,0.2792738080024719
2015,Malawi,Chiradzulu,0.2861555218696594
2015,Malawi,Blantyre,0.2714349031448364
2015,Malawi,Mwanza,0.2649105489253998
2015,Malawi,Thyolo,0.3477649986743927
2015,Malawi,Mulanje,0.26296618580818176
2015,Malawi,Phalombe,0.3044129014015198
2015,Malawi,Chikwawa,0.3549343943595886
2015,Malawi,Nsanje,0.3422972559928894
2015,Malawi,Balaka,0.28061944246292114
2015,Malawi,Neno,0.30069318413734436
2015,Malawi,Zomba city,0.09902670979499817
2015,Malawi,Blantyre city,0.10676436871290207
2015,Namibia,Caprivi,0.17424046993255615
2015,Namibia,Erongo,0.043898358941078186
2015,Namibia,Hardap,0.10336226224899292
2015,Namibia,Karas,0.0981103777885437
2015,Namibia,Kavango,0.37277930974960327
2015,Namibia,Khomas,0.060240570455789566
2015,Namibia,Kunene,0.23816150426864624
2015,Namibia,Ohangwena,0.3482606112957001
2015,Namibia,Omaheke,0.2315910905599594
2015,Namibia,Omusati,0.2827032208442688
2015,Namibia,Oshana,0.15589624643325806
2015,Namibia,Oshikoto,0.21807290613651276
2015,Namibia,Otjozondjupa,0.11621630936861038
2015,Niger,Agadez,0.40525442361831665
2015,Niger,Diffa,0.5556250214576721
2015,Niger,Dosso,0.6200729608535767
2015,Niger,Maradi,0.6640748977661133
2015,Niger,Tahoua,0.6461130380630493
2015,Niger,Tillaberi,0.6086643934249878
2015,Niger,Zinder,0.6410038471221924
2015,Niger,Niamey,0.20614376664161682
2015,Nigeria,Sokoto,0.5478025674819946
2015,Nigeria,Zamfara,0.6047173142433167
2015,Nigeria,Katsina,0.519756555557251
2015,Nigeria,Jigawa,0.5516959428787231
2015,Nigeria,Yobe,0.6348336338996887
2015,Nigeria,Borno,0.4007722735404968
2015,Nigeria,Adamawa,0.2945308983325958
2015,Nigeria,Gombe,0.4708189368247986
2015,Nigeria,Bauchi,0.5830585956573486
2015,Nigeria,Kano,0.43418604135513306
2015,Nigeria,Kaduna,0.3113975524902344
2015,Nigeria,Kebbi,0.5528120398521423
2015,Nigeria,Niger,0.3236350119113922
2015,Nigeria,FCT-Abuja,0.10760074108839035
2015,Nigeria,Nasarawa,0.25147750973701477
2015,Nigeria,Plateau,0.27295807003974915
2015,Nigeria,Taraba,0.4478234648704529
2015,Nigeria,Benue,0.2798846662044525
2015,Nigeria,Kogi,0.11293677240610123
2015,Nigeria,Kwara,0.09942086786031723
2015,Nigeria,Oyo,0.15498434007167816
2015,Nigeria,Osun,0.04329022020101547
2015,Nigeria,Ekiti,0.05126412585377693
2015,Nigeria,Ondo,0.12669098377227783
2015,Nigeria,Edo,0.0796532928943634
2015,Nigeria,Anambra,0.04966246336698532
2015,Nigeria,Enugu,0.12278909236192703
2015,Nigeria,Ebonyi,0.26485970616340637
2015,Nigeria,Cross River,0.14640675485134125
2015,Nigeria,Akwa Ibom,0.09907713532447815
2015,Nigeria,Abia,0.08836068958044052
2015,Nigeria,Imo,0.08298194408416748
2015,Nigeria,Rivers,0.08786650747060776
2015,Nigeria,Bayelsa,0.12027488648891449
2015,Nigeria,Delta,0.1067034974694252
2015,Nigeria,Lagos,0.03484008461236954
2015,Nigeria,Ogun,0.11203406006097794
2015,Nicaragua,Nueva Segovia,0.11282417178153992
2015,Nicaragua,Jinotega,0.19511595368385315
2015,Nicaragua,Madriz,0.10374078154563904
2015,Nicaragua,Esteli,0.04829123243689537
2015,Nicaragua,Chinandega,0.047499459236860275
2015,Nicaragua,Leon,0.031011641025543213
2015,Nicaragua,Matagalpa,0.09941329061985016
2015,Nicaragua,Boaco,0.12973560392856598
2015,Nicaragua,Managua,0.02145647630095482
2015,Nicaragua,Masaya,0.017155872657895088
2015,Nicaragua,Chontales,0.08175413310527802
2015,Nicaragua,Granada,0.034744538366794586
2015,Nicaragua,Carazo,0.024622969329357147
2015,Nicaragua,Rivas,0.03587764874100685
2015,Nicaragua,Rio San Juan,0.13297538459300995
2015,Nicaragua,RAAN,0.17325477302074432
2015,Nicaragua,RAAS,0.13185293972492218
2015,Nepal,Central Hill,0.04956828057765961
2015,Nepal,Central Mountain,0.09356177598237991
2015,Nepal,Central Terai,0.19924724102020264
2015,Nepal,Eastern Hill,0.06339070945978165
2015,Nepal,Eastern Mountain,0.1333678811788559
2015,Nepal,Eastern Terai,0.13011518120765686
2015,Nepal,Far-Western Hill,0.22579970955848694
2015,Nepal,Far-Western Mountain,0.14412125945091248
2015,Nepal,Far-WesternTerai,0.09165409952402115
2015,Nepal,MId-Western Hill,0.21252897381782532
2015,Nepal,MId-Western Mountain,0.2858905494213104
2015,Nepal,MId-WesternTerai,0.13377580046653748
2015,Nepal,Western  Hill,0.07205379754304886
2015,Nepal,Western  Terai,0.11240194737911224
2015,Nepal,Western Mountain,0.10353705286979675
2015,Pakistan,Punjab,0.18431763350963593
2015,Pakistan,Sindh,0.2943529784679413
2015,Pakistan,Khyber Pakhtunkhwa,0.24745212495326996
2015,Pakistan,Balochistan,0.4020156264305115
2015,Pakistan,Gilgit Baltistan,0.233467236161232
2015,Pakistan,Islamabad (ICT),0.03937560319900513
2015,Peru,Amazonas,0.09595862030982971
2015,Peru,Áncash,0.044357918202877045
2015,Peru,Apurímac,0.09138428419828415
2015,Peru,Arequipa,0.008589660748839378
2015,Peru,Ayacucho,0.07053033262491226
2015,Peru,Cajamarca,0.08947888016700745
2015,Peru,Callao,0.0
2015,Peru,Cusco,0.061714980751276016
2015,Peru,Huancavelica,0.12156792730093002
2015,Peru,Huánuco,0.11134763062000275
2015,Peru,Ica,0.009401422925293446
2015,Peru,Junín,0.04202008247375488
2015,Peru,La Libertad,0.04190235584974289
2015,Peru,Lambayeque,0.037712305784225464
2015,Peru,Lima,0.004255568142980337
2015,Peru,Loreto,0.14698293805122375
2015,Peru,Madre de Dios,0.023915084078907967
2015,Peru,Moquegua,0.013576103374361992
2015,Peru,Pasco,0.06371051073074341
2015,Peru,Piura,0.05038261413574219
2015,Peru,Puno,0.06860223412513733
2015,Peru,San Martín,0.06099260225892067
2015,Peru,Tacna,0.008171038702130318
2015,Peru,Tumbes,0.014223054051399231
2015,Peru,Ucayali,0.046276502311229706
2015,Philippines,National Capital Region,0.026401465758681297
2015,Philippines,Cordillera Admin Region,0.03893561661243439
2015,Philippines,Ilocos Region,0.026786483824253082
2015,Philippines,Cagayan Valley,0.03942025080323219
2015,Philippines,Central Luzon,0.03476748988032341
2015,Philippines,Calabarzon,0.028703780844807625
2015,Philippines,Mimaropa,0.09126497805118561
2015,Philippines,Bicol Region,0.06839726865291595
2015,Philippines,Western Visayas,0.05523300915956497
2015,Philippines,Central Visayas,0.05464041605591774
2015,Philippines,Eastern Visayas,0.05377349257469177
2015,Philippines,Zamboanga Peninsula,0.07542140781879425
2015,Philippines,Northern Mindanao,0.09286656975746155
2015,Philippines,Davao Peninsula,0.06594429910182953
2015,Philippines,Soccsksargen,0.08969143033027649
2015,Philippines,CARAGA,0.06877806037664413
2015,Philippines,Armm,0.14024285972118378
2015,Rwanda,East,0.291581928730011
2015,Rwanda,Kigali City,0.11799543350934982
2015,Rwanda,North,0.24268487095832825
2015,Rwanda,South,0.2952437400817871
2015,Rwanda,West,0.2657683193683624
2015,Sudan,Blue Nile,0.38204437496261245
2015,Sudan,Central Darfor,0.5013581810564997
2015,Sudan,East Darfor,0.48129355800099843
2015,Sudan,Gadarif,0.4039160135080681
2015,Sudan,Gezira,0.16518537402113695
2015,Sudan,Kassala,0.36229532181206886
2015,Sudan,Khartoum,0.0768373632833315
2015,Sudan,North Darfor,0.44664417992170524
2015,Sudan,North Kordofan,0.3276987970709207
2015,Sudan,Northern,0.04729600495819862
2015,Sudan,Red Sea,0.22304905542162537
2015,Sudan,River Nile,0.09228244968374455
2015,Sudan,Sinnar,0.2773253785614284
2015,Sudan,South Darfor,0.4201434319234225
2015,Sudan,South Kordofan,0.4215812622967792
2015,Sudan,West Darfor,0.458270885338847
2015,Sudan,West Kordofan,0.4683188586137861
2015,Sudan,White Nile,0.26660614043997266
2015,Senegal,West,0.15652021765708923
2015,Senegal,South,0.421500027179718
2015,Senegal,Center,0.44329193234443665
2015,Senegal,North,0.32551324367523193
2015,Sierra Leone,Kailahun,0.5368000268936157
2015,Sierra Leone,Kenema,0.47732993960380554
2015,Sierra Leone,Kono,0.5108993649482727
2015,Sierra Leone,Bombali,0.4231801927089691
2015,Sierra Leone,Kambia,0.5795154571533203
2015,Sierra Leone,Koinadugu,0.6012940406799316
2015,Sierra Leone,Port Loko,0.5219284892082214
2015,Sierra Leone,Tonkolili,0.5409667491912842
2015,Sierra Leone,Bo,0.4493389427661896
2015,Sierra Leone,Bonthe,0.4779789447784424
2015,Sierra Leone,Moyamba,0.5688832998275757
2015,Sierra Leone,Pujehun,0.536710262298584
2015,Sierra Leone,Western Rural,0.31875789165496826
2015,Sierra Leone,Western Urban,0.19124141335487366
2015,South Sudan,Upper Nile,0.503121018409729
2015,South Sudan,Jonglei and Unity,0.6275153160095215
2015,South Sudan,Warap,0.661400556564331
2015,South Sudan,Northern Bahr el Ghazal,0.6520394086837769
2015,South Sudan,Western Bahr el Ghazal,0.49135422706604004
2015,South Sudan,Lakes,0.6052659153938293
2015,South Sudan,Western Equatoria,0.455727756023407
2015,South Sudan,Central Equatoria,0.3908039331436157
2015,South Sudan,Eastern Equatoria,0.5611558556556702
2015,Sao Tome and Principe,RegiÃ£o Autonoma de Principeb,0.09243164378150626
2015,Sao Tome and Principe,RegiÃ£o Centro Este,0.059237904075203865
2015,Sao Tome and Principe,RegiÃ£o Norte Oeste,0.1315316841043864
2015,Sao Tome and Principe,RegiÃ£o Sul Este,0.11669374012850593
2015,Suriname,Paramaribo,0.006753106601536274
2015,Suriname,Wanica,0.013463962823152542
2015,Suriname,Nickerie,0.011756991036236286
2015,Suriname,Coronie,0.005747126415371895
2015,Suriname,Saramacca,0.011082694865763187
2015,Suriname,Commewijne,0.008202134631574154
2015,Suriname,Marowijne,0.02630668133497238
2015,Suriname,Para,0.023176975548267365
2015,Suriname,Brokopondo,0.05685444921255112
2015,Suriname,Sipaliwini,0.17159967124462128
2015,Swaziland,Hhohho,0.07371679693460464
2015,Swaziland,Manzini,0.05871329829096794
2015,Swaziland,Shiselweni,0.10499589890241623
2015,Swaziland,Lubombo,0.11847669631242752
2015,Syrian Arab Republic,Damascus,0.0028943647630512714
2015,Syrian Arab Republic,Halab,0.026491886004805565
2015,Syrian Arab Republic,Rural Damascus,0.008939939551055431
2015,Syrian Arab Republic,Hums,0.007339401636272669
2015,Syrian Arab Republic,Hama,0.009954784065485
2015,Syrian Arab Republic,Latequia,0.004115838557481766
2015,Syrian Arab Republic,Edlb,0.019138872623443604
2015,Syrian Arab Republic,Hasaka,0.02785065770149231
2015,Syrian Arab Republic,Dir Ezor,0.047042366117239
2015,Syrian Arab Republic,Tortous,0.0003603569639381021
2015,Syrian Arab Republic,Raqa,0.02762671932578087
2015,Syrian Arab Republic,Daraa,0.01067482028156519
2015,Syrian Arab Republic,As-swidaa,0.002110467990860343
2015,Syrian Arab Republic,Qonitara,0.010768752545118332
2015,Chad,Barh El Gazal,0.6536283233253932
2015,Chad,Batha,0.6586650008528567
2015,Chad,Borkou/Tibesti,0.5372416692428268
2015,Chad,Chari Baguirmi,0.6459373885423622
2015,Chad,Ennedi,0.6251737024786658
2015,Chad,GuéRa,0.6427148156030191
2015,Chad,Hadjer-Lamis,0.6538088320792517
2015,Chad,Kanem,0.6955950949198684
2015,Chad,Lac,0.7440421838656575
2015,Chad,Logone Occidental,0.4398663461156894
2015,Chad,Logone Oriental,0.5035985194614475
2015,Chad,Mandoul,0.5286461533873563
2015,Chad,Mayo Kebbi Est,0.5091486769462913
2015,Chad,Mayo Kebbi Ouest,0.478541442873929
2015,Chad,Moyen Chari,0.4114937399698814
2015,Chad,N'DjaméNa,0.2567485414874208
2015,Chad,Ouaddaï,0.6828864871269549
2015,Chad,Salamat,0.678286414274134
2015,Chad,Sila,0.6965387121171297
2015,Chad,Tandjilé,0.4867601024859993
2015,Chad,Wadi Fira,0.7091798720076485
2015,Togo,Commune de Lomé,0.06678876280784607
2015,Togo,Région Maritime,0.24252699315547943
2015,Togo,Région des Plateaux,0.3246852457523346
2015,Togo,Région Centrale,0.23593267798423767
2015,Togo,Région de la Kara,0.3243636190891266
2015,Togo,Région des Savanes,0.4387344419956207
2015,Tajikistan,Dushanbe,0.020896440371870995
2015,Tajikistan,Gorno-Badakhshan Autonomous Oblast,0.048486970365047455
2015,Tajikistan,Sughd,0.033377669751644135
2015,Tajikistan,Districts of Republican Subordination,0.044794004410505295
2015,Tajikistan,Khatlon,0.08562764525413513
2015,Turkmenistan,Akhal,0.02023371495306492
2015,Turkmenistan,Ashgabat City,0.003813790623098612
2015,Turkmenistan,Balkan,0.013092267327010632
2015,Turkmenistan,Dashoguz,0.034917883574962616
2015,Turkmenistan,Lebap,0.028736596927046776
2015,Turkmenistan,Mary,0.028227301314473152
2015,Timor-Leste,Aileu,0.37909212708473206
2015,Timor-Leste,Ainaro,0.4439907968044281
2015,Timor-Leste,Baucau,0.3567798435688019
2015,Timor-Leste,Bobonaro,0.40632662177085876
2015,Timor-Leste,Cova Lima,0.3097049593925476
2015,Timor-Leste,Dili,0.1266196370124817
2015,Timor-Leste,Ermera,0.4971340000629425
2015,Timor-Leste,Liquica,0.3871370255947113
2015,Timor-Leste,Lautem,0.3726966083049774
2015,Timor-Leste,Manufahi,0.35313257575035095
2015,Timor-Leste,Manatuto,0.29519209265708923
2015,Timor-Leste,Oecussi,0.5077893137931824
2015,Timor-Leste,Viqueque,0.4099663496017456
2015,Trinidad and Tobago,North West,0.02260223589837551
2015,Trinidad and Tobago,Eastern,0.026017727330327034
2015,Trinidad and Tobago,North Central,0.019581109285354614
2015,Trinidad and Tobago,South West,0.015532308258116245
2015,Trinidad and Tobago,Tobago,0.018662521615624428
2015,"Tanzania, United Republic of",Western,0.408130943775177
2015,"Tanzania, United Republic of",Northern,0.26878035068511963
2015,"Tanzania, United Republic of",Central,0.4339037835597992
2015,"Tanzania, United Republic of",Southern Highlands,0.31624940037727356
2015,"Tanzania, United Republic of",Lake,0.3753817677497864
2015,"Tanzania, United Republic of",Eastern,0.22014835476875305
2015,"Tanzania, United Republic of",Southern,0.33852070569992065
2015,"Tanzania, United Republic of",Zanzibar,0.20005184412002563
2015,Uganda,Kampala,0.07607640326023102
2015,Uganda,Central 1,0.2998042106628418
2015,Uganda,Central 2,0.29429760575294495
2015,Uganda,East Central,0.3708480894565582
2015,Uganda,Eastern,0.41739270091056824
2015,Uganda,North,0.43067559599876404
2015,Uganda,Karamoja,0.6341277956962585
2015,Uganda,West Nile,0.48405060172080994
2015,Uganda,Western,0.34559738636016846
2015,Uganda,Southwest,0.40014201402664185
2015,Uzbekistan,Western,0.006934816483408213
2015,Uzbekistan,Central,0.011462722904980183
2015,Uzbekistan,Southern,0.01567479595541954
2015,Uzbekistan,Central-Eastern,0.0036506534088402987
2015,Uzbekistan,Eastern,0.0059774573892354965
2015,Uzbekistan,Tashkent,0.0014288472011685371
2015,Viet Nam,Red River Delta,0.013331402093172073
2015,Viet Nam,Northern Midlands and Mountain area,0.06437607854604721
2015,Viet Nam,North Central and Central Coastal area,0.024386443197727203
2015,Viet Nam,Central Highlands,0.05668942257761955
2015,Viet Nam,South East,0.01716485805809498
2015,Viet Nam,Mekong River Delta,0.029971469193696976
2015,Yemen,Ibb,0.19998350739479065
2015,Yemen,Abyan,0.1361900418996811
2015,Yemen,Sanaa City,0.05659029632806778
2015,Yemen,Al-Baidha,0.19122689962387085
2015,Yemen,Taiz,0.2073572278022766
2015,Yemen,Al-Jawf,0.21394075453281403
2015,Yemen,Hajjah,0.44703227281570435
2015,Yemen,Al-Hodiedah,0.34275731444358826
2015,Yemen,Hadramout,0.11958621442317963
2015,Yemen,Dhamar,0.32540422677993774
2015,Yemen,Shabwah,0.16251616179943085
2015,Yemen,Sadah,0.27767327427864075
2015,Yemen,Sanaa,0.2551007866859436
2015,Yemen,Aden,0.061706673353910446
2015,Yemen,Lahj,0.17557308077812195
2015,Yemen,Mareb,0.21426193416118622
2015,Yemen,Al-Mhweit,0.34896320104599
2015,Yemen,Al-Mhrah,0.10518424957990646
2015,Yemen,Amran,0.32236629724502563
2015,Yemen,Aldhalae,0.19997979700565338
2015,Yemen,Reimah,0.3806948959827423
2015,Zambia,Central,0.2923700213432312
2015,Zambia,Copperbelt,0.15775083005428314
2015,Zambia,Eastern,0.36938610672950745
2015,Zambia,Luapula,0.3918808698654175
2015,Zambia,Lusaka,0.11152680218219757
2015,Zambia,Muchinga,0.3684649169445038
2015,Zambia,Northern,0.39739567041397095
2015,Zambia,North Western,0.33432435989379883
2015,Zambia,Southern,0.30122679471969604
2015,Zambia,Western,0.3989752233028412
2015,Zimbabwe,Bulawayo,0.011647412553429604
2015,Zimbabwe,Manicaland,0.1279096156358719
2015,Zimbabwe,Mashonaland Central,0.18047082424163818
2015,Zimbabwe,Mashonaland East,0.09045419096946716
2015,Zimbabwe,Mashonaland West,0.13337384164333344
2015,Zimbabwe,Matabeleland North,0.20185862481594086
2015,Zimbabwe,Matabeleland South,0.15056246519088745
2015,Zimbabwe,Midlands,0.14450056850910187
2015,Zimbabwe,Masvingo,0.17542043328285217
2015,Zimbabwe,Harare,0.02389870397746563
2016,Afghanistan,Central,0.2318703
2016,Afghanistan,Central Highlands,0.3774767
2016,Afghanistan,East,0.3404637
2016,Afghanistan,North,0.3726572
2016,Afghanistan,North East,0.3449028
2016,Afghanistan,South,0.4553694
2016,Afghanistan,South East,0.3367568
2016,Afghanistan,West,0.4039766
2016,Bangladesh,Barisal,0.2235477
2016,Bangladesh,Chittagong,0.186222
2016,Bangladesh,Dhaka,0.1743502
2016,Bangladesh,Khulna,0.1559534
2016,Bangladesh,Rajshahi,0.1918368
2016,Bangladesh,Rangpur,0.2063993
2016,Bangladesh,Sylhet,0.3203863
2016,Belize,Belize (excluding Belize City South Side),0.0053999
2016,Belize,Belize City South Side,0.0045524
2016,Belize,Cayo,0.0542075
2016,Belize,Corozal,0.0258803
2016,Belize,Orange Walk,0.0186655
2016,Belize,Stann Creek,0.0128737
2016,Belize,Toledo,0.0193485
2016,Benin,Alibori,0.5281385
2016,Benin,Atacora,0.4542391
2016,Benin,Atlantique,0.2780207
2016,Benin,Borgou,0.3510513
2016,Benin,Collines,0.2919762
2016,Benin,Couffo,0.3453905
2016,Benin,Donga,0.3347984
2016,Benin,Littoral,0.0833363
2016,Benin,Mono,0.2586
2016,Benin,Ouémé,0.2379852
2016,Benin,Plateau,0.3470526
2016,Benin,Zou,0.3340815
2016,Bhutan,Bumthang,0.0417407
2016,Bhutan,Chukha,0.1213847
2016,Bhutan,Dagana,0.2220503
2016,Bhutan,Haa,0.0593497
2016,Bhutan,Lhuntse,0.1505765
2016,Bhutan,Mongar,0.1647482
2016,Bhutan,Paro,0.0256089
2016,Bhutan,Pemagatshel,0.1276086
2016,Bhutan,Punakha,0.0880006
2016,Bhutan,Samdrup Jongkhar,0.149005
2016,Bhutan,Samtse,0.1970454
2016,Bhutan,Sarpang,0.1021867
2016,Bhutan,Thimphu,0.0162319
2016,Bhutan,Trashigang,0.1323492
2016,Bhutan,Trashiyangtse,0.1211867
2016,Bhutan,Trongsa,0.1475883
2016,Bhutan,Tsirang,0.19601
2016,Bhutan,Wangdi,0.0989404
2016,Bhutan,Zhemgang,0.184301
2016,"Bolivia, Plurinational State of",Beni,0.098923
2016,"Bolivia, Plurinational State of",Chuquisaca,0.1446365
2016,"Bolivia, Plurinational State of",Cochabamba,0.1050802
2016,"Bolivia, Plurinational State of",La Paz,0.0768845
2016,"Bolivia, Plurinational State of",Oruro,0.0728489
2016,"Bolivia, Plurinational State of",Pando,0.0868135
2016,"Bolivia, Plurinational State of",Potosí,0.1676593
2016,"Bolivia, Plurinational State of",Santa Cruz,0.0426884
2016,"Bolivia, Plurinational State of",Tarija,0.0809058
2016,Brazil,Acre,0.0723125
2016,Brazil,Alagoas,0.0415124
2016,Brazil,Amapá,0.021928
2016,Brazil,Amazonas,0.0439825
2016,Brazil,Bahia,0.029376
2016,Brazil,Ceará,0.0292623
2016,Brazil,Distrito Federal,0.0079674
2016,Brazil,Espírito Santo,0.0177965
2016,Brazil,Goiás,0.0167862
2016,Brazil,Maranhão,0.0463813
2016,Brazil,Mato Grosso,0.0188735
2016,Brazil,Mato Grosso do Sul,0.0185421
2016,Brazil,Minas Gerais,0.0208121
2016,Brazil,Paraná,0.0155753
2016,Brazil,Paraíba,0.0319901
2016,Brazil,Pará,0.0352581
2016,Brazil,Pernambuco,0.0273483
2016,Brazil,Piauí,0.0386559
2016,Brazil,Rio Grande do Norte,0.0298428
2016,Brazil,Rio Grande do Sul,0.0124492
2016,Brazil,Rio de Janeiro,0.0107976
2016,Brazil,Rondônia,0.0241844
2016,Brazil,Roraima,0.0285909
2016,Brazil,Santa Catarina,0.0187422
2016,Brazil,Sergipe,0.0336473
2016,Brazil,São Paulo,0.0120593
2016,Brazil,Tocantins,0.0302485
2016,Burkina Faso,Boucle de mouhoun,0.590854
2016,Burkina Faso,Cascades,0.4926101
2016,Burkina Faso,Centre,0.207476
2016,Burkina Faso,Centre-est,0.579726
2016,Burkina Faso,Centre-nord,0.5752746
2016,Burkina Faso,Centre-ouest,0.5543572
2016,Burkina Faso,Centre-sud,0.5125344
2016,Burkina Faso,Est,0.6980906
2016,Burkina Faso,Hauts basins,0.4589796
2016,Burkina Faso,Nord,0.580752
2016,Burkina Faso,Plateau central,0.5239238
2016,Burkina Faso,Sahel,0.6897361
2016,Burkina Faso,Sud-ouest,0.6545374
2016,Burundi,Bujumbura Mairie,0.1643976
2016,Burundi,Centre-Est,0.4726379
2016,Burundi,Nord,0.5005088
2016,Burundi,Ouest,0.4986322
2016,Burundi,Sud,0.4219671
2016,Cambodia,Banteay Mean Chey,0.0966266
2016,Cambodia,Battambang & Pailin,0.1035645
2016,Cambodia,Kampong Cham,0.1602795
2016,Cambodia,Kampong Chhnang,0.1930633
2016,Cambodia,Kampong Speu,0.1815119
2016,Cambodia,Kampong Thom,0.1825261
2016,Cambodia,Kampot & Kep,0.1553733
2016,Cambodia,Kandal,0.1209634
2016,Cambodia,Kratie,0.2743509
2016,Cambodia,Mondol Kiri & Rattanak Kiri,0.280379
2016,Cambodia,Otdar Mean Chey,0.1963726
2016,Cambodia,Phnom Penh,0.0264935
2016,Cambodia,Preah Sihanouk & Kaoh Kong,0.0905446
2016,Cambodia,Preah Vihear & Steung Treng,0.3035712
2016,Cambodia,Prey Veng,0.1198761
2016,Cambodia,Pursat,0.2208672
2016,Cambodia,Siem Reap,0.2041812
2016,Cambodia,Svay Rieng,0.0997783
2016,Cambodia,Takeo,0.1064281
2016,Cameroon,Adamaoua,0.2690862
2016,Cameroon,Centre (sans Yaoundé),0.1788077
2016,Cameroon,Douala,0.0244631
2016,Cameroon,Est,0.2739726
2016,Cameroon,Extrême-Nord,0.5399836
2016,Cameroon,Littoral (sans Douala),0.0906161
2016,Cameroon,Nord,0.4583478
2016,Cameroon,Nord-Ouest,0.1669908
2016,Cameroon,Ouest,0.1464646
2016,Cameroon,Sud,0.1307367
2016,Cameroon,Sud-Ouest,0.1292497
2016,Cameroon,Yaoundé,0.0262464
2016,Central African Republic,Bamingui-Bangoran,0.3643086
2016,Central African Republic,Bangui,0.196578
2016,Central African Republic,Basse-Kotto,0.5438042
2016,Central African Republic,Haut-Mbomou,0.4183433
2016,Central African Republic,Haute-Kotto,0.4197375
2016,Central African Republic,Kémo,0.5014033
2016,Central African Republic,Lobaye,0.4940618
2016,Central African Republic,Mambéré-Kadéi,0.4970966
2016,Central African Republic,Mbomou,0.4914083
2016,Central African Republic,Nana-Grébizi,0.4192401
2016,Central African Republic,Nana-Mambéré,0.5203407
2016,Central African Republic,Ombella-M'poko,0.4032456
2016,Central African Republic,Ouaka,0.471285
2016,Central African Republic,Ouham,0.5332515
2016,Central African Republic,Ouham-Pendé,0.4790637
2016,Central African Republic,Sangha-Mbaéré,0.5054184
2016,Chad,Barh el gazal,0.6179786
2016,Chad,Bet,0.6040815
2016,Chad,Bhata,0.6449926
2016,Chad,Chari Baguirmi,0.63497
2016,Chad,Guéra,0.6450984
2016,Chad,Hadjer lamis,0.6897444
2016,Chad,Kanem,0.6511626
2016,Chad,Lac,0.6787754
2016,Chad,Logone occidental,0.4997876
2016,Chad,Logone oriental,0.5384986
2016,Chad,Mandoul,0.5530128
2016,Chad,Mayo kebbi est,0.5624905
2016,Chad,Mayo kebbi ouest,0.5081651
2016,Chad,Moyen chari,0.4503414
2016,Chad,Ndjaména,0.2370663
2016,Chad,Ouaddai,0.6319085
2016,Chad,Salamat,0.7149746
2016,Chad,Sila,0.6778226
2016,Chad,Tandjilé,0.5421937
2016,Chad,Wad fira,0.6725335
2016,China,Central,0.0139675
2016,China,East,0.0104074
2016,China,West,0.0512131
2016,Colombia,Antioquia Sin Medellin,0.0368309
2016,Colombia,"Atlantico, San Andres, Bolivar Norte",0.0118926
2016,Colombia,Barranquilla A. M.,0.0088684
2016,Colombia,Bogota,0.002655
2016,Colombia,"Bolivar Sur, Sucre, Cordoba",0.0610539
2016,Colombia,"Boyaca, Cmarca, Meta",0.0176533
2016,Colombia,"Caldas, Risaralda, Quindio",0.0093584
2016,Colombia,Cali A.M.,0.0051335
2016,Colombia,Cauca Y Nariño Sin Litoral,0.0393062
2016,Colombia,"Guajira, Cesar, Magdalena",0.0558748
2016,Colombia,Litoral Pacifico,0.0590175
2016,Colombia,Medellin A.M.,0.0047945
2016,Colombia,Orinoquia Y Amazonia,0.0282529
2016,Colombia,Santanderes,0.0215417
2016,Colombia,"Tolima, Huila, Caqueta",0.0265531
2016,Colombia,Valle Sin Cali Ni Litoral,0.0120832
2016,Comoros,Mwali (Mohéli),0.2129888
2016,Comoros,Ndzuwani (Ndzouani or Anjouan),0.2203246
2016,Comoros,Ngazidja (Grande Comore),0.1164592
2016,"Congo, Democratic Republic of the",Bandundu,0.4354545
2016,"Congo, Democratic Republic of the",Bas-Congo,0.3931754
2016,"Congo, Democratic Republic of the",Kasaï-Occidental,0.4897079
2016,"Congo, Democratic Republic of the",Kasaï-Oriental,0.4311509
2016,"Congo, Democratic Republic of the",Katanga,0.3995284
2016,"Congo, Democratic Republic of the",Kinshasa,0.1017006
2016,"Congo, Democratic Republic of the",Maniema,0.408821
2016,"Congo, Democratic Republic of the",Nord-Kivu,0.3486933
2016,"Congo, Democratic Republic of the",Orientale,0.4013801
2016,"Congo, Democratic Republic of the",Sud-Kivu,0.4621914
2016,"Congo, Democratic Republic of the",Équateur,0.4798635
2016,"Congo, Republic of",Bouenza,0.273629
2016,"Congo, Republic of",Brazzaville,0.1031778
2016,"Congo, Republic of",Cuvette,0.246137
2016,"Congo, Republic of",Cuvette-Ouest,0.3116542
2016,"Congo, Republic of",Kouilou,0.3518759
2016,"Congo, Republic of",Likouala,0.3036806
2016,"Congo, Republic of",Lékoumou,0.322996
2016,"Congo, Republic of",Niari,0.2376852
2016,"Congo, Republic of",Plateaux,0.3566417
2016,"Congo, Republic of",Pointe-Noire,0.0942449
2016,"Congo, Republic of",Pool,0.2988943
2016,"Congo, Republic of",Sangha,0.2850388
2016,Cote d'Ivoire,Centre,0.3593305
2016,Cote d'Ivoire,Centre-Est,0.2965369
2016,Cote d'Ivoire,Centre-Nord,0.3223929
2016,Cote d'Ivoire,Centre-Ouest,0.3335636
2016,Cote d'Ivoire,Nord,0.4771196
2016,Cote d'Ivoire,Nord-Est,0.3737943
2016,Cote d'Ivoire,Nord-Ouest,0.51802
2016,Cote d'Ivoire,Ouest,0.3795598
2016,Cote d'Ivoire,Sud sans Abidjan,0.2644936
2016,Cote d'Ivoire,Sud-ouest,0.3939734
2016,Cote d'Ivoire,Ville d'Abidjan,0.1086796
2016,Djibouti,Djibouti,0.1253451
2016,Djibouti,Other Districts,0.214361
2016,Dominican Republic,Region 0,0.0176989
2016,Dominican Republic,Region I,0.0167273
2016,Dominican Republic,Region II,0.0123513
2016,Dominican Republic,Region III,0.0071505
2016,Dominican Republic,Region IV,0.0500702
2016,Dominican Republic,Region V,0.026612
2016,Dominican Republic,Region VI,0.0414458
2016,Dominican Republic,Region VII,0.0314813
2016,Dominican Republic,Region VIII,0.0131408
2016,Ecuador,Amazon,0.0463606
2016,Ecuador,Coast,0.0097641
2016,Ecuador,Galapagos Island,0.0027383
2016,Ecuador,Mountains,0.0135662
2016,Egypt,Alexandria,0.0043862
2016,Egypt,Assuit,0.0376771
2016,Egypt,Aswan,0.0126935
2016,Egypt,Behera,0.0119662
2016,Egypt,Beni Suef,0.0169641
2016,Egypt,Cairo,0.0061397
2016,Egypt,Dakahlia,0.0050482
2016,Egypt,Damietta,0.0114749
2016,Egypt,Fayoum,0.0223078
2016,Egypt,Gharbia,0.0059527
2016,Egypt,Giza,0.0176694
2016,Egypt,Ismailia,0.0088349
2016,Egypt,Kafr El-Sheikh,0.005987
2016,Egypt,Kalyubia,0.0050055
2016,Egypt,Luxor,0.0153669
2016,Egypt,Matroh,0.0357924
2016,Egypt,Menoufia,0.0081207
2016,Egypt,Menya,0.0218256
2016,Egypt,New Valley,0.0030519
2016,Egypt,Port Said,0.003341
2016,Egypt,Qena,0.0150229
2016,Egypt,Red Sea,0.015005
2016,Egypt,Sharkia,0.0095561
2016,Egypt,Souhag,0.034845
2016,Egypt,Suez,0.0079204
2016,Ethiopia,Addis Ababa,0.0848804
2016,Ethiopia,Affar,0.6626236
2016,Ethiopia,Amhara,0.5881205
2016,Ethiopia,Benishangul-Gumuz,0.5843573
2016,Ethiopia,Dire Dawa,0.3378411
2016,Ethiopia,Gambela,0.47436
2016,Ethiopia,Harari,0.3326142
2016,Ethiopia,Oromiya,0.5915091
2016,Ethiopia,Somali,0.6473495
2016,Ethiopia,"Southern Nations, Nationalities, and People's Region",0.5738317
2016,Ethiopia,Tigray,0.537389
2016,Gabon,Estuaire (sans Libreville),0.063414
2016,Gabon,Haut-Ogooué,0.0918391
2016,Gabon,Libreville/Port-Gentil,0.0236669
2016,Gabon,Moyen-Ogooué,0.1382641
2016,Gabon,Ngounié,0.1843632
2016,Gabon,Nyanga,0.1604129
2016,Gabon,Ogooué Maritime (sans Port-Gentil),0.0759442
2016,Gabon,Ogooué-Ivindo,0.2635782
2016,Gabon,Ogooué-Lolo,0.1519256
2016,Gabon,Woleu-N’tem,0.0962467
2016,Gambia,Banjul,0.0948695
2016,Gambia,Basse,0.5236948
2016,Gambia,Brikama,0.2415837
2016,Gambia,Janjanbureh,0.4595953
2016,Gambia,Kanifing,0.1574035
2016,Gambia,Kerewan,0.3972127
2016,Gambia,Kuntaur,0.5549468
2016,Gambia,Mansakonko,0.3515663
2016,Ghana,Ashanti,0.1006488
2016,Ghana,Brong Ahafo,0.160183
2016,Ghana,Central,0.1707558
2016,Ghana,Eastern,0.1554717
2016,Ghana,Greater Accra,0.0583476
2016,Ghana,Northern,0.3819552
2016,Ghana,Upper East,0.2892182
2016,Ghana,Upper West,0.2592473
2016,Ghana,Volta,0.1382299
2016,Ghana,Western,0.122055
2016,Guinea,Boké,0.4182278
2016,Guinea,Conakry,0.1215728
2016,Guinea,Faranah,0.5989365
2016,Guinea,Kankan,0.6028802
2016,Guinea,Kindia,0.5029759
2016,Guinea,Labé,0.5544749
2016,Guinea,Mamou,0.5308914
2016,Guinea,N'Zérékoré,0.5088305
2016,Guyana,Barima-Waini,0.1249273
2016,Guyana,Cuyuni-Mazaruni,0.0714999
2016,Guyana,Demerara-Mahaica,0.0144976
2016,Guyana,East Berbice-Corentyne,0.0174468
2016,Guyana,Essequibo Islands-West Demerara,0.0231575
2016,Guyana,Mahaica-Berbice,0.0254203
2016,Guyana,Pomeroon-Supenaam,0.0348273
2016,Guyana,Potaro-Siparuni,0.1549241
2016,Guyana,Upper Demerara-Berbice,0.0312046
2016,Guyana,Upper Takutu-Upper Essequibo,0.1138964
2016,Haiti,Aire Métropolitaine/Reste-Ouest,0.1617495
2016,Haiti,Artibonite,0.3156848
2016,Haiti,Centre,0.3908937
2016,Haiti,Grande-Anse,0.3776256
2016,Haiti,Nippes,0.2570446
2016,Haiti,Nord,0.2444044
2016,Haiti,Nord-Est,0.3227195
2016,Haiti,Nord-Ouest,0.3110769
2016,Haiti,Sud,0.2493155
2016,Haiti,Sud-Est,0.3074644
2016,Honduras,Atlántida,0.0454904
2016,Honduras,Choluteca,0.10796
2016,Honduras,Colón,0.0584207
2016,Honduras,Comayagua,0.0771348
2016,Honduras,Copán,0.1605653
2016,Honduras,Cortés,0.0256023
2016,Honduras,El Paraíso,0.0945723
2016,Honduras,Francisco Morazán,0.0305164
2016,Honduras,Gracias a Dios,0.1243336
2016,Honduras,Intibucá,0.1390225
2016,Honduras,Islas de la Bahía,0.0173528
2016,Honduras,La Paz,0.1068786
2016,Honduras,Lempira,0.2012951
2016,Honduras,Ocotepeque,0.1085182
2016,Honduras,Olancho,0.089206
2016,Honduras,Santa Bárbara,0.0762699
2016,Honduras,Valle,0.0675549
2016,Honduras,Yoro,0.073189
2016,India,Andhra Pradesh,0.2087189
2016,India,Arunachal Pradesh,0.2739064
2016,India,Assam,0.3164673
2016,India,Bihar,0.4786736
2016,India,Chhattisgarh,0.3666382
2016,India,Delhi,0.0541545
2016,India,Goa,0.0853324
2016,India,Gujarat,0.2008145
2016,India,Haryana,0.1862539
2016,India,Himachal Pradesh,0.1245424
2016,India,Jammu and Kashmir,0.1936922
2016,India,Jharkhand,0.4408908
2016,India,Karnataka,0.2059348
2016,India,Kerala,0.0509849
2016,India,Madhya Pradesh,0.3738237
2016,India,Maharashtra,0.1802227
2016,India,Manipur,0.1906247
2016,India,Meghalaya,0.3074724
2016,India,Mizoram,0.0936627
2016,India,Nagaland,0.2640266
2016,India,Orissa,0.3385193
2016,India,Punjab,0.1117182
2016,India,Rajasthan,0.3380887
2016,India,Sikkim,0.1495698
2016,India,Tamil Nadu,0.1299967
2016,India,Tripura,0.2693157
2016,India,Uttar Pradesh,0.3690808
2016,India,Uttarakhand,0.1846861
2016,India,West Bengal,0.3043117
2016,Indonesia,Aceh,0.0768496
2016,Indonesia,Bali,0.0421941
2016,Indonesia,Bangka Belitung,0.0525583
2016,Indonesia,Banten,0.0748552
2016,Indonesia,Bengkulu,0.0589223
2016,Indonesia,Central Java,0.0534731
2016,Indonesia,Central Kalimantan,0.0843751
2016,Indonesia,Central Sulawesi,0.1318889
2016,Indonesia,DI Yogyakarta,0.0245117
2016,Indonesia,DKI Jakarta,0.028772
2016,Indonesia,East Java,0.0550732
2016,Indonesia,East Kalimantan,0.0582732
2016,Indonesia,East Nusa Tenggara,0.1641964
2016,Indonesia,Gorontalo,0.1276563
2016,Indonesia,Jambi,0.0721529
2016,Indonesia,Lampung,0.0652951
2016,Indonesia,Maluku,0.1051589
2016,Indonesia,North Maluku,0.1287635
2016,Indonesia,North Sulawesi,0.0590769
2016,Indonesia,North Sumatera,0.0710458
2016,Indonesia,Papua,0.2343025
2016,Indonesia,Riau,0.053035
2016,Indonesia,Riau Islands,0.0406737
2016,Indonesia,South Kalimantan,0.0848584
2016,Indonesia,South Sulawesi,0.063495
2016,Indonesia,South Sumatera,0.0535839
2016,Indonesia,Southeast Sulawesi,0.1087651
2016,Indonesia,West Java,0.0571105
2016,Indonesia,West Kalimantan,0.0856331
2016,Indonesia,West Nusa Tenggara,0.1205437
2016,Indonesia,West Papua,0.1221505
2016,Indonesia,West Sulawesi,0.1610294
2016,Indonesia,West Sumatera,0.0556179
2016,Iraq,Al-Anbar,0.0520192
2016,Iraq,Al-Muthanna,0.0787677
2016,Iraq,Al-Najaf,0.0549477
2016,Iraq,Al-Qadisiya,0.0824707
2016,Iraq,Babil,0.0415617
2016,Iraq,Baghdad,0.0268309
2016,Iraq,Basrah,0.0447521
2016,Iraq,Diyala,0.0378131
2016,Iraq,Dohuk,0.0306125
2016,Iraq,Erbil,0.0310415
2016,Iraq,Karbala,0.0531433
2016,Iraq,Kirkuk,0.0348477
2016,Iraq,Missan,0.0980524
2016,Iraq,Ninewa,0.0539907
2016,Iraq,Salahaddin,0.0541346
2016,Iraq,Suleimaniya,0.0095494
2016,Iraq,Thi-Qar,0.060285
2016,Iraq,Wasit,0.0580026
2016,Jamaica,Clarendon,0.0138748
2016,Jamaica,Hanover,0.0068262
2016,Jamaica,Kingston,0.0086255
2016,Jamaica,Manchester,0.0056619
2016,Jamaica,Portland,0.0044413
2016,Jamaica,St.  Andrew,0.0073943
2016,Jamaica,St. Ann,0.0042896
2016,Jamaica,St. Catherine,0.003524
2016,Jamaica,St. Elizabeth,0.0131691
2016,Jamaica,St. James,0.00279
2016,Jamaica,St. Mary,0.0094897
2016,Jamaica,St. Thomas,0.0062911
2016,Jamaica,Trelawny,0.0156123
2016,Jamaica,Westmoreland,0.0042026
2016,Jordan,Central,0.0054952
2016,Jordan,North,0.006251
2016,Jordan,South,0.0077023
2016,Kenya,Central,0.074604
2016,Kenya,Coast,0.241541
2016,Kenya,Eastern,0.1897717
2016,Kenya,Nairobi,0.0200536
2016,Kenya,North Eastern,0.5088741
2016,Kenya,Nyanza,0.2108465
2016,Kenya,Rift Valley,0.2047311
2016,Kenya,Western,0.222635
2016,Lao People's Democratic Republic,Attapeu,0.2154522
2016,Lao People's Democratic Republic,Bokeo,0.2123117
2016,Lao People's Democratic Republic,Borikhamxay,0.062524
2016,Lao People's Democratic Republic,Champasack,0.1493542
2016,Lao People's Democratic Republic,Huaphanh,0.1835738
2016,Lao People's Democratic Republic,Khammuane,0.2004683
2016,Lao People's Democratic Republic,Luangnamtha,0.1652551
2016,Lao People's Democratic Republic,Luangprabang,0.18042
2016,Lao People's Democratic Republic,Oudomxay,0.2484485
2016,Lao People's Democratic Republic,Phongsaly,0.3109598
2016,Lao People's Democratic Republic,Saravane,0.3593633
2016,Lao People's Democratic Republic,Savannakhet,0.2621641
2016,Lao People's Democratic Republic,Sekong,0.2544623
2016,Lao People's Democratic Republic,Vientiane,0.0634998
2016,Lao People's Democratic Republic,Vientiane Capital,0.0115332
2016,Lao People's Democratic Republic,Xayabury,0.0785926
2016,Lao People's Democratic Republic,Xiengkhuang,0.1637416
2016,Lesotho,Berea,0.1084543
2016,Lesotho,Butha-Bothe,0.1415341
2016,Lesotho,Leribe,0.1390133
2016,Lesotho,Mafeteng,0.1416678
2016,Lesotho,Maseru,0.0958051
2016,Lesotho,Mohale's Hoek,0.2176033
2016,Lesotho,Mokhotlong,0.2436673
2016,Lesotho,Qacha's-Nek,0.1966102
2016,Lesotho,Quthing,0.2002138
2016,Lesotho,Thaba-Tseka,0.2842206
2016,Liberia,Bomi,0.4067856
2016,Liberia,Bong,0.5083939
2016,Liberia,Gbarpolu,0.5054903
2016,Liberia,Grand Bassa,0.5267381
2016,Liberia,Grand Cape Mount,0.4819467
2016,Liberia,Grand Gedeh,0.3490458
2016,Liberia,Grand Kru,0.4797188
2016,Liberia,Lofa,0.4574718
2016,Liberia,Margibi,0.3639935
2016,Liberia,Maryland,0.3879186
2016,Liberia,Montserrado,0.2503897
2016,Liberia,Nimba,0.3772841
2016,Liberia,River Cess,0.5359175
2016,Liberia,River Gee,0.4326351
2016,Liberia,Sinoe,0.4448428
2016,Madagascar,Alaotra Mangoro,0.3094202
2016,Madagascar,Analamanga,0.1775768
2016,Madagascar,Analanjirofo,0.3831574
2016,Madagascar,Anamoroni'i Mania,0.4089518
2016,Madagascar,Androy,0.5470907
2016,Madagascar,Anosy,0.4864636
2016,Madagascar,Atsimo Andrefana,0.4267045
2016,Madagascar,Atsimo Atsinanana,0.5307779
2016,Madagascar,Atsinanana,0.2686207
2016,Madagascar,Betsiboka,0.4329425
2016,Madagascar,Boeny,0.3103127
2016,Madagascar,Bongolava,0.31899
2016,Madagascar,Diana,0.2942557
2016,Madagascar,Haute Matsiatra,0.4003012
2016,Madagascar,Ihorombe,0.4476637
2016,Madagascar,Itasy,0.3970579
2016,Madagascar,Melaky,0.5090721
2016,Madagascar,Menabe,0.4167601
2016,Madagascar,Sava,0.32747
2016,Madagascar,Sofia,0.3200077
2016,Madagascar,Vakinankaratra,0.3572628
2016,Madagascar,Vatovavy Fitovinany,0.5137119
2016,Malawi,Balaka,0.2806194
2016,Malawi,Blantyre,0.2714349
2016,Malawi,Blantyre city,0.1067644
2016,Malawi,Chikwawa,0.3549344
2016,Malawi,Chiradzulu,0.2861555
2016,Malawi,Chitipa,0.1753392
2016,Malawi,Dedza,0.3209202
2016,Malawi,Dowa,0.2654009
2016,Malawi,Karonga,0.1647746
2016,Malawi,Kasungu,0.2497331
2016,Malawi,Lilongwe,0.2972974
2016,Malawi,Lilongwe city,0.0735519
2016,Malawi,Machinga,0.3316743
2016,Malawi,Mangochi,0.3683513
2016,Malawi,Mchinji,0.2915228
2016,Malawi,Mulanje,0.2629662
2016,Malawi,Mwanza,0.2649105
2016,Malawi,Mzimba,0.1833581
2016,Malawi,Mzuzu city,0.0388806
2016,Malawi,Neno,0.3006932
2016,Malawi,Nkhatabay,0.2302849
2016,Malawi,Nkhotakota,0.2387011
2016,Malawi,Nsanje,0.3422973
2016,Malawi,Ntcheu,0.3167305
2016,Malawi,Ntchisi,0.2569421
2016,Malawi,Phalombe,0.3044129
2016,Malawi,Rumphi,0.1437822
2016,Malawi,Salima,0.2774508
2016,Malawi,Thyolo,0.347765
2016,Malawi,Zomba,0.2792738
2016,Malawi,Zomba city,0.0990267
2016,Mali,Bamako,0.1676515
2016,Mali,Kayes,0.4847451
2016,Mali,Koulikoro,0.4396707
2016,Mali,Mopti,0.5937102
2016,Mali,Sikasso,0.4840232
2016,Mali,Ségou,0.4979134
2016,Mauritania,Adrar,0.1841074
2016,Mauritania,Assaba,0.4185214
2016,Mauritania,Brakna,0.3066974
2016,Mauritania,Dakhlett Nouadibou,0.0391688
2016,Mauritania,Gorgol,0.4595274
2016,Mauritania,Guidimagha,0.4990764
2016,Mauritania,Hodh Charghy,0.4119284
2016,Mauritania,Hodh Gharby,0.4384115
2016,Mauritania,Nouakchott,0.1019775
2016,Mauritania,Tagant,0.322146
2016,Mauritania,Tirs-Ezemour,0.0854175
2016,Mauritania,Trarza,0.1810649
2016,Mexico,Aguascalientes,0.0034773
2016,Mexico,Baja California,0.0016226
2016,Mexico,Baja California Sur,0.0014236
2016,Mexico,Campeche,0.0155737
2016,Mexico,Chiapas,0.0335398
2016,Mexico,Chihuahua,0.0125861
2016,Mexico,Coahuila,0.0060826
2016,Mexico,Colima,0.0035618
2016,Mexico,Distrito Federal,0.0015677
2016,Mexico,Durango,0.0027301
2016,Mexico,Guanajuato,0.006843
2016,Mexico,Guerrero,0.0416587
2016,Mexico,Hidalgo,0.0129006
2016,Mexico,Jalisco,0.0046433
2016,Mexico,Michoacán,0.0080305
2016,Mexico,Morelos,0.0038388
2016,Mexico,México,0.0040837
2016,Mexico,Nayarit,0.0066644
2016,Mexico,Nuevo León,0.0005558
2016,Mexico,Oaxaca,0.0436716
2016,Mexico,Puebla,0.0208041
2016,Mexico,Querétaro,0.0055309
2016,Mexico,Quintana Roo,0.009033
2016,Mexico,San Luis Potosí,0.0254471
2016,Mexico,Sinaloa,0.0072785
2016,Mexico,Sonora,0.0045906
2016,Mexico,Tabasco,0.0100554
2016,Mexico,Tamaulipas,0.0062818
2016,Mexico,Tlaxcala,0.0036923
2016,Mexico,Veracruz,0.0172258
2016,Mexico,Yucatán,0.0097878
2016,Mexico,Zacatecas,0.0064631
2016,Mongolia,Central,0.0304811
2016,Mongolia,Eastern,0.0339668
2016,Mongolia,Khangai,0.0769157
2016,Mongolia,Ulaanbaatar,0.0067711
2016,Mongolia,Western,0.0741649
2016,Morocco,Chaouia Ourdigha,0.0655963
2016,Morocco,Doukkala-Abda,0.0599629
2016,Morocco,El Gharb-Chrarda Bni Hssen,0.0843673
2016,Morocco,Fes-Boulemane,0.0420737
2016,Morocco,Grand Casablanca,0.002691
2016,Morocco,Marrakech-Tensift-El Haouz,0.1306903
2016,Morocco,Meknes-Tafilalet,0.0371818
2016,Morocco,Rabat-Salé-Zemmour-Zair,0.0164064
2016,Morocco,Région Oriental,0.0487859
2016,Morocco,Sahara,0.0165954
2016,Morocco,Souss-Massa-Draa,0.102167
2016,Morocco,Tadla-Azilal,0.0704705
2016,Morocco,Tanger-Tetouan,0.0833036
2016,Morocco,Taza-Al Hoceima-Taounate,0.1232477
2016,Mozambique,Cabo Delgado,0.5254133
2016,Mozambique,Gaza,0.3064874
2016,Mozambique,Inhambane,0.2953333
2016,Mozambique,Manica,0.3012738
2016,Mozambique,Maputo Cidade,0.0434605
2016,Mozambique,Maputo Província,0.1331088
2016,Mozambique,Nampula,0.3996364
2016,Mozambique,Niassa,0.4432641
2016,Mozambique,Sofala,0.3810691
2016,Mozambique,Tete,0.4658903
2016,Mozambique,Zambézia,0.5284852
2016,Namibia,Caprivi,0.1742405
2016,Namibia,Erongo,0.0438984
2016,Namibia,Hardap,0.1033623
2016,Namibia,Karas,0.0981104
2016,Namibia,Kavango,0.3727793
2016,Namibia,Khomas,0.0602406
2016,Namibia,Kunene,0.2381615
2016,Namibia,Ohangwena,0.3482606
2016,Namibia,Omaheke,0.2315911
2016,Namibia,Omusati,0.2827032
2016,Namibia,Oshana,0.1558962
2016,Namibia,Oshikoto,0.2180729
2016,Namibia,Otjozondjupa,0.1162163
2016,Nepal,Central Hill,0.0495683
2016,Nepal,Central Mountain,0.0935618
2016,Nepal,Central Terai,0.1992472
2016,Nepal,Eastern Hill,0.0633907
2016,Nepal,Eastern Mountain,0.1333679
2016,Nepal,Eastern Terai,0.1301152
2016,Nepal,Far-Western Hill,0.2257997
2016,Nepal,Far-Western Mountain,0.1441213
2016,Nepal,Far-WesternTerai,0.0916541
2016,Nepal,MId-Western Hill,0.212529
2016,Nepal,MId-Western Mountain,0.2858905
2016,Nepal,MId-WesternTerai,0.1337758
2016,Nepal,Western  Hill,0.0720538
2016,Nepal,Western  Terai,0.1124019
2016,Nepal,Western Mountain,0.1035371
2016,Nicaragua,Boaco,0.1297356
2016,Nicaragua,Carazo,0.024623
2016,Nicaragua,Chinandega,0.0474995
2016,Nicaragua,Chontales,0.0817541
2016,Nicaragua,Esteli,0.0482912
2016,Nicaragua,Granada,0.0347445
2016,Nicaragua,Jinotega,0.195116
2016,Nicaragua,Leon,0.0310116
2016,Nicaragua,Madriz,0.1037408
2016,Nicaragua,Managua,0.0214565
2016,Nicaragua,Masaya,0.0171559
2016,Nicaragua,Matagalpa,0.0994133
2016,Nicaragua,Nueva Segovia,0.1128242
2016,Nicaragua,RAAN,0.1732548
2016,Nicaragua,RAAS,0.1318529
2016,Nicaragua,Rio San Juan,0.1329754
2016,Nicaragua,Rivas,0.0358776
2016,Niger,Agadez,0.4052544
2016,Niger,Diffa,0.555625
2016,Niger,Dosso,0.620073
2016,Niger,Maradi,0.6640749
2016,Niger,Niamey,0.2061438
2016,Niger,Tahoua,0.646113
2016,Niger,Tillaberi,0.6086644
2016,Niger,Zinder,0.6410038
2016,Nigeria,Abia,0.0883607
2016,Nigeria,Adamawa,0.2945309
2016,Nigeria,Akwa Ibom,0.0990771
2016,Nigeria,Anambra,0.0496625
2016,Nigeria,Bauchi,0.5830586
2016,Nigeria,Bayelsa,0.1202749
2016,Nigeria,Benue,0.2798847
2016,Nigeria,Borno,0.4007723
2016,Nigeria,Cross River,0.1464068
2016,Nigeria,Delta,0.1067035
2016,Nigeria,Ebonyi,0.2648597
2016,Nigeria,Edo,0.0796533
2016,Nigeria,Ekiti,0.0512641
2016,Nigeria,Enugu,0.1227891
2016,Nigeria,FCT-Abuja,0.1076007
2016,Nigeria,Gombe,0.4708189
2016,Nigeria,Imo,0.0829819
2016,Nigeria,Jigawa,0.5516959
2016,Nigeria,Kaduna,0.3113976
2016,Nigeria,Kano,0.434186
2016,Nigeria,Katsina,0.5197566
2016,Nigeria,Kebbi,0.552812
2016,Nigeria,Kogi,0.1129368
2016,Nigeria,Kwara,0.0994209
2016,Nigeria,Lagos,0.0348401
2016,Nigeria,Nasarawa,0.2514775
2016,Nigeria,Niger,0.323635
2016,Nigeria,Ogun,0.1120341
2016,Nigeria,Ondo,0.126691
2016,Nigeria,Osun,0.0432902
2016,Nigeria,Oyo,0.1549843
2016,Nigeria,Plateau,0.2729581
2016,Nigeria,Rivers,0.0878665
2016,Nigeria,Sokoto,0.5478026
2016,Nigeria,Taraba,0.4478235
2016,Nigeria,Yobe,0.6348336
2016,Nigeria,Zamfara,0.6047173
2016,Pakistan,Balochistan,0.4020156
2016,Pakistan,Gilgit Baltistan,0.2334672
2016,Pakistan,Islamabad (ICT),0.0393756
2016,Pakistan,Khyber Pakhtunkhwa,0.2474521
2016,Pakistan,Punjab,0.1843176
2016,Pakistan,Sindh,0.294353
2016,Peru,Amazonas,0.0959586
2016,Peru,Apurímac,0.0913843
2016,Peru,Arequipa,0.0085897
2016,Peru,Ayacucho,0.0705303
2016,Peru,Cajamarca,0.0894789
2016,Peru,Callao,0.0
2016,Peru,Cusco,0.061715
2016,Peru,Huancavelica,0.1215679
2016,Peru,Huánuco,0.1113476
2016,Peru,Ica,0.0094014
2016,Peru,Junín,0.0420201
2016,Peru,La Libertad,0.0419024
2016,Peru,Lambayeque,0.0377123
2016,Peru,Lima,0.0042556
2016,Peru,Loreto,0.1469829
2016,Peru,Madre de Dios,0.0239151
2016,Peru,Moquegua,0.0135761
2016,Peru,Pasco,0.0637105
2016,Peru,Piura,0.0503826
2016,Peru,Puno,0.0686022
2016,Peru,San Martín,0.0609926
2016,Peru,Tacna,0.008171
2016,Peru,Tumbes,0.0142231
2016,Peru,Ucayali,0.0462765
2016,Peru,Áncash,0.0443579
2016,Philippines,Armm,0.1402429
2016,Philippines,Bicol Region,0.0683973
2016,Philippines,CARAGA,0.0687781
2016,Philippines,Cagayan Valley,0.0394203
2016,Philippines,Calabarzon,0.0287038
2016,Philippines,Central Luzon,0.0347675
2016,Philippines,Central Visayas,0.0546404
2016,Philippines,Cordillera Admin Region,0.0389356
2016,Philippines,Davao Peninsula,0.0659443
2016,Philippines,Eastern Visayas,0.0537735
2016,Philippines,Ilocos Region,0.0267865
2016,Philippines,Mimaropa,0.091265
2016,Philippines,National Capital Region,0.0264015
2016,Philippines,Northern Mindanao,0.0928666
2016,Philippines,Soccsksargen,0.0896914
2016,Philippines,Western Visayas,0.055233
2016,Philippines,Zamboanga Peninsula,0.0754214
2016,Rwanda,East,0.2915819
2016,Rwanda,Kigali City,0.1179954
2016,Rwanda,North,0.2426849
2016,Rwanda,South,0.2952437
2016,Rwanda,West,0.2657683
2016,Sao Tome and Principe,Região Centro,0.122912
2016,Sao Tome and Principe,Região Do Principe,0.1499809
2016,Sao Tome and Principe,Região Norte,0.1872586
2016,Sao Tome and Principe,Região Sul,0.22756
2016,Senegal,Center,0.4432919
2016,Senegal,North,0.3255132
2016,Senegal,South,0.4215
2016,Senegal,West,0.1565202
2016,Sierra Leone,Bo,0.4493389
2016,Sierra Leone,Bombali,0.4231802
2016,Sierra Leone,Bonthe,0.4779789
2016,Sierra Leone,Kailahun,0.5368
2016,Sierra Leone,Kambia,0.5795155
2016,Sierra Leone,Kenema,0.4773299
2016,Sierra Leone,Koinadugu,0.601294
2016,Sierra Leone,Kono,0.5108994
2016,Sierra Leone,Moyamba,0.5688833
2016,Sierra Leone,Port Loko,0.5219285
2016,Sierra Leone,Pujehun,0.5367103
2016,Sierra Leone,Tonkolili,0.5409667
2016,Sierra Leone,Western Rural,0.3187579
2016,Sierra Leone,Western Urban,0.1912414
2016,South Sudan,Central Equatoria,0.3908039
2016,South Sudan,Eastern Equatoria,0.5611559
2016,South Sudan,Jonglei and Unity,0.6275153
2016,South Sudan,Lakes,0.6052659
2016,South Sudan,Northern Bahr el Ghazal,0.6520394
2016,South Sudan,Upper Nile,0.503121
2016,South Sudan,Warap,0.6614006
2016,South Sudan,Western Bahr el Ghazal,0.4913542
2016,South Sudan,Western Equatoria,0.4557278
2016,Sudan,Blue nile,0.5127505
2016,Sudan,Gadarif,0.4178621
2016,Sudan,Gezira,0.1800816
2016,Sudan,Kassala,0.4175546
2016,Sudan,Khartoum,0.1129956
2016,Sudan,North Darfur,0.3891481
2016,Sudan,North Kordofan,0.4236807
2016,Sudan,Northern,0.0808463
2016,Sudan,Red Sea,0.3577616
2016,Sudan,River Nile,0.1615962
2016,Sudan,Sinnar,0.3519647
2016,Sudan,South Darfur,0.4749443
2016,Sudan,South Kordofan,0.4477883
2016,Sudan,West Darfur,0.5141774
2016,Sudan,White Nile,0.2759191
2016,Suriname,Brokopondo,0.0568544
2016,Suriname,Commewijne,0.0082021
2016,Suriname,Coronie,0.0057471
2016,Suriname,Marowijne,0.0263067
2016,Suriname,Nickerie,0.011757
2016,Suriname,Para,0.023177
2016,Suriname,Paramaribo,0.0067531
2016,Suriname,Saramacca,0.0110827
2016,Suriname,Sipaliwini,0.1715997
2016,Suriname,Wanica,0.013464
2016,Swaziland,Hhohho,0.0737168
2016,Swaziland,Lubombo,0.1184767
2016,Swaziland,Manzini,0.0587133
2016,Swaziland,Shiselweni,0.1049959
2016,Syrian Arab Republic,As-swidaa,0.0021105
2016,Syrian Arab Republic,Damascus,0.0028944
2016,Syrian Arab Republic,Daraa,0.0106748
2016,Syrian Arab Republic,Dir Ezor,0.0470424
2016,Syrian Arab Republic,Edlb,0.0191389
2016,Syrian Arab Republic,Halab,0.0264919
2016,Syrian Arab Republic,Hama,0.0099548
2016,Syrian Arab Republic,Hasaka,0.0278507
2016,Syrian Arab Republic,Hums,0.0073394
2016,Syrian Arab Republic,Latequia,0.0041158
2016,Syrian Arab Republic,Qonitara,0.0107688
2016,Syrian Arab Republic,Raqa,0.0276267
2016,Syrian Arab Republic,Rural Damascus,0.0089399
2016,Syrian Arab Republic,Tortous,0.0003604
2016,Tajikistan,Districts of Republican Subordination,0.044794
2016,Tajikistan,Dushanbe,0.0208964
2016,Tajikistan,Gorno-Badakhshan Autonomous Oblast,0.048487
2016,Tajikistan,Khatlon,0.0856276
2016,Tajikistan,Sughd,0.0333777
2016,"Tanzania, United Republic of",Central,0.4339038
2016,"Tanzania, United Republic of",Eastern,0.2201484
2016,"Tanzania, United Republic of",Lake,0.3753818
2016,"Tanzania, United Republic of",Northern,0.2687804
2016,"Tanzania, United Republic of",Southern,0.3385207
2016,"Tanzania, United Republic of",Southern Highlands,0.3162494
2016,"Tanzania, United Republic of",Western,0.4081309
2016,"Tanzania, United Republic of",Zanzibar,0.2000518
2016,Thailand,Central (include bkk.),0.0031849
2016,Thailand,North,0.0090123
2016,Thailand,Northeast,0.0066971
2016,Thailand,South,0.0099464
2016,Timor-Leste,Aileu,0.3790921
2016,Timor-Leste,Ainaro,0.4439908
2016,Timor-Leste,Baucau,0.3567798
2016,Timor-Leste,Bobonaro,0.4063266
2016,Timor-Leste,Cova Lima,0.309705
2016,Timor-Leste,Dili,0.1266196
2016,Timor-Leste,Ermera,0.497134
2016,Timor-Leste,Lautem,0.3726966
2016,Timor-Leste,Liquica,0.387137
2016,Timor-Leste,Manatuto,0.2951921
2016,Timor-Leste,Manufahi,0.3531326
2016,Timor-Leste,Oecussi,0.5077893
2016,Timor-Leste,Viqueque,0.4099663
2016,Togo,Commune de Lomé,0.0667888
2016,Togo,Région Centrale,0.2359327
2016,Togo,Région Maritime,0.242527
2016,Togo,Région de la Kara,0.3243636
2016,Togo,Région des Plateaux,0.3246852
2016,Togo,Région des Savanes,0.4387344
2016,Trinidad and Tobago,Eastern,0.0260177
2016,Trinidad and Tobago,North Central,0.0195811
2016,Trinidad and Tobago,North West,0.0226022
2016,Trinidad and Tobago,South West,0.0155323
2016,Trinidad and Tobago,Tobago,0.0186625
2016,Turkmenistan,Akhal,0.0202337
2016,Turkmenistan,Ashgabat City,0.0038138
2016,Turkmenistan,Balkan,0.0130923
2016,Turkmenistan,Dashoguz,0.0349179
2016,Turkmenistan,Lebap,0.0287366
2016,Turkmenistan,Mary,0.0282273
2016,Uganda,Central 1,0.2998042
2016,Uganda,Central 2,0.2942976
2016,Uganda,East Central,0.3708481
2016,Uganda,Eastern,0.4173927
2016,Uganda,Kampala,0.0760764
2016,Uganda,Karamoja,0.6341278
2016,Uganda,North,0.4306756
2016,Uganda,Southwest,0.400142
2016,Uganda,West Nile,0.4840506
2016,Uganda,Western,0.3455974
2016,Uzbekistan,Central,0.0114627
2016,Uzbekistan,Central-Eastern,0.0036507
2016,Uzbekistan,Eastern,0.0059775
2016,Uzbekistan,Southern,0.0156748
2016,Uzbekistan,Tashkent,0.0014288
2016,Uzbekistan,Western,0.0069348
2016,Viet Nam,Central Highlands,0.0566894
2016,Viet Nam,Mekong River Delta,0.0299715
2016,Viet Nam,North Central and Central Coastal area,0.0243864
2016,Viet Nam,Northern Midlands and Mountain area,0.0643761
2016,Viet Nam,Red River Delta,0.0133314
2016,Viet Nam,South East,0.0171649
2016,Yemen,Abyan,0.13619
2016,Yemen,Aden,0.0617067
2016,Yemen,Al-Baidha,0.1912269
2016,Yemen,Al-Hodiedah,0.3427573
2016,Yemen,Al-Jawf,0.2139408
2016,Yemen,Al-Mhrah,0.1051842
2016,Yemen,Al-Mhweit,0.3489632
2016,Yemen,Aldhalae,0.1999798
2016,Yemen,Amran,0.3223663
2016,Yemen,Dhamar,0.3254042
2016,Yemen,Hadramout,0.1195862
2016,Yemen,Hajjah,0.4470323
2016,Yemen,Ibb,0.1999835
2016,Yemen,Lahj,0.1755731
2016,Yemen,Mareb,0.2142619
2016,Yemen,Reimah,0.3806949
2016,Yemen,Sadah,0.2776733
2016,Yemen,Sanaa,0.2551008
2016,Yemen,Sanaa City,0.0565903
2016,Yemen,Shabwah,0.1625162
2016,Yemen,Taiz,0.2073572
2016,Zambia,Central,0.29237
2016,Zambia,Copperbelt,0.1577508
2016,Zambia,Eastern,0.3693861
2016,Zambia,Luapula,0.3918809
2016,Zambia,Lusaka,0.1115268
2016,Zambia,Muchinga,0.3684649
2016,Zambia,North Western,0.3343244
2016,Zambia,Northern,0.3973957
2016,Zambia,Southern,0.3012268
2016,Zambia,Western,0.3989752
2016,Zimbabwe,Bulawayo,0.0116474
2016,Zimbabwe,Harare,0.0238987
2016,Zimbabwe,Manicaland,0.1279096
2016,Zimbabwe,Mashonaland Central,0.1804708
2016,Zimbabwe,Mashonaland East,0.0904542
2016,Zimbabwe,Mashonaland West,0.1333738
2016,Zimbabwe,Masvingo,0.1754204
2016,Zimbabwe,Matabeleland North,0.2018586
2016,Zimbabwe,Matabeleland South,0.1505625
2016,Zimbabwe,Midlands,0.1445006
2017,Afghanistan,Badakhshan,0.3870416
2017,Afghanistan,Badghis,0.4656868
2017,Afghanistan,Baghlan,0.300371
2017,Afghanistan,Balkh,0.3012792
2017,Afghanistan,Bamyan,0.325287
2017,Afghanistan,Daykundi,0.3126926
2017,Afghanistan,Farah,0.3191386
2017,Afghanistan,Faryab,0.2501715
2017,Afghanistan,Ghazni,0.2445598
2017,Afghanistan,Ghor,0.3837751
2017,Afghanistan,Helmand,0.2608182
2017,Afghanistan,Herat,0.3531503
2017,Afghanistan,Jawzjan,0.2931041
2017,Afghanistan,Kabul,0.1167319
2017,Afghanistan,Kandahar,0.4372925
2017,Afghanistan,Kapisa,0.2799156
2017,Afghanistan,Khost,0.2957281
2017,Afghanistan,Kunarha,0.269215
2017,Afghanistan,Kunduz,0.2935498
2017,Afghanistan,Laghman,0.3685171
2017,Afghanistan,Logar,0.186799
2017,Afghanistan,Nangarhar,0.287413
2017,Afghanistan,Nimroz,0.2309277
2017,Afghanistan,Nooristan,0.6106577
2017,Afghanistan,Paktika,0.136668
2017,Afghanistan,Paktya,0.2180911
2017,Afghanistan,Panjsher,0.1200748
2017,Afghanistan,Parwan,0.2937655
2017,Afghanistan,Samangan,0.3499805
2017,Afghanistan,Sar-E-Pul,0.3410113
2017,Afghanistan,Takhar,0.3605432
2017,Afghanistan,Urozgan,0.6242938
2017,Afghanistan,Wardak,0.3402569
2017,Afghanistan,Zabul,0.1746758
2017,Burundi,Bujumbura Mairie,0.1643976
2017,Burundi,Nord,0.5005088
2017,Burundi,Centre-Est,0.4726379
2017,Burundi,Ouest,0.4986322
2017,Burundi,Sud,0.4219671
2017,Benin,Alibori,0.5281385
2017,Benin,Atacora,0.4542391
2017,Benin,Atlantique,0.2780207
2017,Benin,Borgou,0.3510513
2017,Benin,Collines,0.2919762
2017,Benin,Couffo,0.3453905
2017,Benin,Donga,0.3347984
2017,Benin,Littoral,0.0833363
2017,Benin,Mono,0.2586
2017,Benin,Ou�m�,0.2379852
2017,Benin,Plateau,0.3470526
2017,Benin,Zou,0.3340815
2017,Burkina Faso,Boucle de mouhoun,0.590854
2017,Burkina Faso,Cascades,0.4926101
2017,Burkina Faso,Centre,0.207476
2017,Burkina Faso,Centre-est,0.579726
2017,Burkina Faso,Centre-nord,0.5752746
2017,Burkina Faso,Centre-ouest,0.5543572
2017,Burkina Faso,Centre-sud,0.5125344
2017,Burkina Faso,Est,0.6980906
2017,Burkina Faso,Hauts basins,0.4589796
2017,Burkina Faso,Nord,0.580752
2017,Burkina Faso,Plateau central,0.5239238
2017,Burkina Faso,Sahel,0.6897361
2017,Burkina Faso,Sud-ouest,0.6545374
2017,Bangladesh,Barisal,0.2235477
2017,Bangladesh,Chittagong,0.186222
2017,Bangladesh,Dhaka,0.1743502
2017,Bangladesh,Khulna,0.1559534
2017,Bangladesh,Rajshahi,0.1918368
2017,Bangladesh,Rangpur,0.2063993
2017,Bangladesh,Sylhet,0.3203863
2017,Belize,Corozal,0.0258803
2017,Belize,Orange Walk,0.0186655
2017,Belize,Belize (excluding Belize City South Side),0.0053999
2017,Belize,Stann Creek,0.0128737
2017,Belize,Toledo,0.0193485
2017,Belize,Cayo,0.0542075
2017,Belize,Belize City South Side,0.0045524
2017,"Bolivia, Plurinational State of",Chuquisaca,0.1446365
2017,"Bolivia, Plurinational State of",La Paz,0.0768845
2017,"Bolivia, Plurinational State of",Cochabamba,0.1050802
2017,"Bolivia, Plurinational State of",Oruro,0.0728489
2017,"Bolivia, Plurinational State of",Potos�,0.1676593
2017,"Bolivia, Plurinational State of",Tarija,0.0809058
2017,"Bolivia, Plurinational State of",Santa Cruz,0.0426884
2017,"Bolivia, Plurinational State of",Beni,0.098923
2017,"Bolivia, Plurinational State of",Pando,0.0868135
2017,Brazil,Acre,0.0723125
2017,Brazil,Alagoas,0.0415124
2017,Brazil,Amap�,0.021928
2017,Brazil,Amazonas,0.0439825
2017,Brazil,Bahia,0.029376
2017,Brazil,Cear�,0.0292623
2017,Brazil,Distrito Federal,0.0079674
2017,Brazil,Esp�rito Santo,0.0177965
2017,Brazil,Goi�s,0.0167862
2017,Brazil,Maranh�o,0.0463813
2017,Brazil,Mato Grosso,0.0188735
2017,Brazil,Mato Grosso do Sul,0.0185421
2017,Brazil,Minas Gerais,0.0208121
2017,Brazil,Paran�,0.0155753
2017,Brazil,Para�ba,0.0319901
2017,Brazil,Par�,0.0352581
2017,Brazil,Pernambuco,0.0273483
2017,Brazil,Piau�,0.0386559
2017,Brazil,Rio Grande do Norte,0.0298428
2017,Brazil,Rio Grande do Sul,0.0124492
2017,Brazil,Rio de Janeiro,0.0107976
2017,Brazil,Rond�nia,0.0241844
2017,Brazil,Roraima,0.0285909
2017,Brazil,Santa Catarina,0.0187422
2017,Brazil,Sergipe,0.0336473
2017,Brazil,S�o Paulo,0.0120593
2017,Brazil,Tocantins,0.0302485
2017,Bhutan,Bumthang,0.0417407
2017,Bhutan,Chukha,0.1213847
2017,Bhutan,Dagana,0.2220503
2017,Bhutan,Haa,0.0593497
2017,Bhutan,Lhuntse,0.1505765
2017,Bhutan,Mongar,0.1647482
2017,Bhutan,Paro,0.0256089
2017,Bhutan,Pemagatshel,0.1276086
2017,Bhutan,Punakha,0.0880006
2017,Bhutan,Samdrup Jongkhar,0.149005
2017,Bhutan,Samtse,0.1970454
2017,Bhutan,Sarpang,0.1021867
2017,Bhutan,Thimphu,0.0162319
2017,Bhutan,Trashigang,0.1323492
2017,Bhutan,Trashiyangtse,0.1211867
2017,Bhutan,Trongsa,0.1475883
2017,Bhutan,Tsirang,0.19601
2017,Bhutan,Wangdi,0.0989404
2017,Bhutan,Zhemgang,0.184301
2017,Central African Republic,Ombella-M'poko,0.4032456
2017,Central African Republic,Lobaye,0.4940618
2017,Central African Republic,Mamb�r�-Kad�i,0.4970966
2017,Central African Republic,Nana-Mamb�r�,0.5203407
2017,Central African Republic,Sangha-Mba�r�,0.5054184
2017,Central African Republic,Ouham-Pend�,0.4790637
2017,Central African Republic,Ouham,0.5332515
2017,Central African Republic,K�mo,0.5014033
2017,Central African Republic,Nana-Gr�bizi,0.4192401
2017,Central African Republic,Ouaka,0.471285
2017,Central African Republic,Haute-Kotto,0.4197375
2017,Central African Republic,Bamingui-Bangoran,0.3643086
2017,Central African Republic,Basse-Kotto,0.5438042
2017,Central African Republic,Mbomou,0.4914083
2017,Central African Republic,Haut-Mbomou,0.4183433
2017,Central African Republic,Bangui,0.196578
2017,China,East,0.0078669
2017,China,Central,0.0130697
2017,China,West,0.0341492
2017,Cote d'Ivoire,Centre,0.3593305
2017,Cote d'Ivoire,Centre-Est,0.2965369
2017,Cote d'Ivoire,Centre-Nord,0.3223929
2017,Cote d'Ivoire,Centre-Ouest,0.3335636
2017,Cote d'Ivoire,Nord,0.4771196
2017,Cote d'Ivoire,Nord-Est,0.3737943
2017,Cote d'Ivoire,Nord-Ouest,0.51802
2017,Cote d'Ivoire,Ouest,0.3795598
2017,Cote d'Ivoire,Sud sans Abidjan,0.2644936
2017,Cote d'Ivoire,Sud-ouest,0.3939734
2017,Cote d'Ivoire,Ville d'Abidjan,0.1086796
2017,Cameroon,Adamaoua,0.2690862
2017,Cameroon,Centre (sans Yaound�),0.1788077
2017,Cameroon,Douala,0.0244631
2017,Cameroon,Est,0.2739726
2017,Cameroon,Extr�me-Nord,0.5399836
2017,Cameroon,Littoral (sans Douala),0.0906161
2017,Cameroon,Nord,0.4583478
2017,Cameroon,Nord-Ouest,0.1669908
2017,Cameroon,Ouest,0.1464646
2017,Cameroon,Sud,0.1307367
2017,Cameroon,Sud-Ouest,0.1292497
2017,Cameroon,Yaound�,0.0262464
2017,"Congo, Democratic Republic of the",Kinshasa,0.1017006
2017,"Congo, Democratic Republic of the",Bandundu,0.4354545
2017,"Congo, Democratic Republic of the",Bas-Congo,0.3931754
2017,"Congo, Democratic Republic of the",�quateur,0.4798635
2017,"Congo, Democratic Republic of the",Kasa�-Occidental,0.4897079
2017,"Congo, Democratic Republic of the",Kasa�-Oriental,0.4311509
2017,"Congo, Democratic Republic of the",Katanga,0.3995284
2017,"Congo, Democratic Republic of the",Maniema,0.408821
2017,"Congo, Democratic Republic of the",Nord-Kivu,0.3486933
2017,"Congo, Democratic Republic of the",Orientale,0.4013801
2017,"Congo, Democratic Republic of the",Sud-Kivu,0.4621914
2017,"Congo, Republic of",Kouilou,0.3518759
2017,"Congo, Republic of",Niari,0.2376852
2017,"Congo, Republic of",L�koumou,0.322996
2017,"Congo, Republic of",Bouenza,0.273629
2017,"Congo, Republic of",Pool,0.2988943
2017,"Congo, Republic of",Plateaux,0.3566417
2017,"Congo, Republic of",Cuvette,0.246137
2017,"Congo, Republic of",Cuvette-Ouest,0.3116542
2017,"Congo, Republic of",Sangha,0.2850388
2017,"Congo, Republic of",Likouala,0.3036806
2017,"Congo, Republic of",Brazzaville,0.1031778
2017,"Congo, Republic of",Pointe-Noire,0.0942449
2017,Colombia,"Guajira, Cesar, Magdalena",0.0558748
2017,Colombia,Barranquilla A. M.,0.0088684
2017,Colombia,"Atlantico, San Andres, Bolivar Norte",0.0118926
2017,Colombia,"Bolivar Sur, Sucre, Cordoba",0.0610539
2017,Colombia,Santanderes,0.0215417
2017,Colombia,"Boyaca, Cmarca, Meta",0.0176533
2017,Colombia,Medellin A.M.,0.0047945
2017,Colombia,Antioquia Sin Medellin,0.0368309
2017,Colombia,"Caldas, Risaralda, Quindio",0.0093584
2017,Colombia,"Tolima, Huila, Caqueta",0.0265531
2017,Colombia,Cali A.M.,0.0051335
2017,Colombia,Valle Sin Cali Ni Litoral,0.0120832
2017,Colombia,Cauca Y Nari�o Sin Litoral,0.0393062
2017,Colombia,Litoral Pacifico,0.0590175
2017,Colombia,Bogota,0.002655
2017,Colombia,Orinoquia Y Amazonia,0.0282529
2017,Comoros,Mwali (Moh�li),0.2129888
2017,Comoros,Ndzuwani (Ndzouani or Anjouan),0.2203246
2017,Comoros,Ngazidja (Grande Comore),0.1164592
2017,Djibouti,Djibouti,0.1253451
2017,Djibouti,Other Districts,0.214361
2017,Dominican Republic,Cibao Nordeste,0.0276831
2017,Dominican Republic,Cibao Noroeste,0.0467629
2017,Dominican Republic,Cibao Norte,0.0281947
2017,Dominican Republic,Cibao Sur,0.0295437
2017,Dominican Republic,Del Yuma,0.0393499
2017,Dominican Republic,El Valle,0.0777077
2017,Dominican Republic,Enriquillo,0.0551557
2017,Dominican Republic,Higuamo,0.0425297
2017,Dominican Republic,Metropolitana,0.0275514
2017,Dominican Republic,Valdesia,0.0400532
2017,Ecuador,Mountains,0.0135662
2017,Ecuador,Coast,0.0097641
2017,Ecuador,Amazon,0.0463606
2017,Ecuador,Galapagos Island,0.0027383
2017,Egypt,Cairo,0.0061397
2017,Egypt,Alexandria,0.0043862
2017,Egypt,Port Said,0.003341
2017,Egypt,Suez,0.0079204
2017,Egypt,Damietta,0.0114749
2017,Egypt,Dakahlia,0.0050482
2017,Egypt,Sharkia,0.0095561
2017,Egypt,Kalyubia,0.0050055
2017,Egypt,Kafr El-Sheikh,0.005987
2017,Egypt,Gharbia,0.0059527
2017,Egypt,Menoufia,0.0081207
2017,Egypt,Behera,0.0119662
2017,Egypt,Ismailia,0.0088349
2017,Egypt,Giza,0.0176694
2017,Egypt,Beni Suef,0.0169641
2017,Egypt,Fayoum,0.0223078
2017,Egypt,Menya,0.0218256
2017,Egypt,Assuit,0.0376771
2017,Egypt,Souhag,0.034845
2017,Egypt,Qena,0.0150229
2017,Egypt,Aswan,0.0126935
2017,Egypt,Luxor,0.0153669
2017,Egypt,Red Sea,0.015005
2017,Egypt,New Valley,0.0030519
2017,Egypt,Matroh,0.0357924
2017,Ethiopia,Tigray,0.537389
2017,Ethiopia,Affar,0.6626236
2017,Ethiopia,Amhara,0.5881205
2017,Ethiopia,Oromiya,0.5915091
2017,Ethiopia,Somali,0.6473495
2017,Ethiopia,Benishangul-Gumuz,0.5843573
2017,Ethiopia,"Southern Nations, Nationalities, and People's Region",0.5738317
2017,Ethiopia,Gambela,0.47436
2017,Ethiopia,Harari,0.3326142
2017,Ethiopia,Addis Ababa,0.0848804
2017,Ethiopia,Dire Dawa,0.3378411
2017,Gabon,Libreville/Port-Gentil,0.0236669
2017,Gabon,Estuaire (sans Libreville),0.063414
2017,Gabon,Haut-Ogoou�,0.0918391
2017,Gabon,Moyen-Ogoou�,0.1382641
2017,Gabon,Ngouni�,0.1843632
2017,Gabon,Nyanga,0.1604129
2017,Gabon,Ogoou� Maritime (sans Port-Gentil),0.0759442
2017,Gabon,Ogoou�-Ivindo,0.2635782
2017,Gabon,Ogoou�-Lolo,0.1519256
2017,Gabon,Woleu-N�tem,0.0962467
2017,Ghana,Ashanti,0.1006488
2017,Ghana,Brong Ahafo,0.160183
2017,Ghana,Central,0.1707558
2017,Ghana,Eastern,0.1554717
2017,Ghana,Greater Accra,0.0583476
2017,Ghana,Northern,0.3819552
2017,Ghana,Upper East,0.2892182
2017,Ghana,Upper West,0.2592473
2017,Ghana,Volta,0.1382299
2017,Ghana,Western,0.122055
2017,Guinea,Bok�,0.4182278
2017,Guinea,Conakry,0.1215728
2017,Guinea,Faranah,0.5989365
2017,Guinea,Kankan,0.6028802
2017,Guinea,Kindia,0.5029759
2017,Guinea,Lab�,0.5544749
2017,Guinea,Mamou,0.5308914
2017,Guinea,N'Z�r�kor�,0.5088305
2017,Gambia,Banjul,0.0948695
2017,Gambia,Kanifing,0.1574035
2017,Gambia,Brikama,0.2415837
2017,Gambia,Mansakonko,0.3515663
2017,Gambia,Kerewan,0.3972127
2017,Gambia,Kuntaur,0.5549468
2017,Gambia,Janjanbureh,0.4595953
2017,Gambia,Basse,0.5236948
2017,Guinea-Bissau,Bafata,0.5445207
2017,Guinea-Bissau,Biombo,0.3815881
2017,Guinea-Bissau,Bolama,0.3519455
2017,Guinea-Bissau,Cacheu,0.3350804
2017,Guinea-Bissau,Gabu,0.5439664
2017,Guinea-Bissau,Oio,0.5054571
2017,Guinea-Bissau,Quinara,0.4138227
2017,Guinea-Bissau,Tombali,0.4304564
2017,Guinea-Bissau,Sab,0.1634074
2017,Guatemala,Alta Verapaz,0.2141889
2017,Guatemala,Baja Verapaz,0.1465295
2017,Guatemala,Chimaltenango,0.0822493
2017,Guatemala,Chiquimula,0.1996788
2017,Guatemala,El Progreso,0.0703335
2017,Guatemala,Escuintla,0.0667253
2017,Guatemala,Guatemala Municipio,0.0142495
2017,Guatemala,Guatemala Resto,0.036339
2017,Guatemala,Huehuetenango,0.1868899
2017,Guatemala,Izabal,0.1058435
2017,Guatemala,Jalapa,0.1646904
2017,Guatemala,Jutiapa,0.1127351
2017,Guatemala,Peten,0.1337689
2017,Guatemala,Quetzaltenango,0.0938555
2017,Guatemala,Quiche,0.192635
2017,Guatemala,Retalhuleu,0.0998897
2017,Guatemala,Sacatepequez,0.048409
2017,Guatemala,San Marcos,0.1227253
2017,Guatemala,Santa Rosa,0.0930974
2017,Guatemala,Solola,0.0903307
2017,Guatemala,Suchitepequez,0.1118867
2017,Guatemala,Totonicapan,0.1211837
2017,Guatemala,Zacapa,0.1117812
2017,Guyana,Barima-Waini,0.0571101
2017,Guyana,Cuyuni-Mazaruni and Potaro-Siparuni,0.0946833
2017,Guyana,Demerara-Mahaica,0.004339
2017,Guyana,East Berbice-Corentyne,0.0064782
2017,Guyana,Essequibo Islands-West Demerara,0.004935
2017,Guyana,Mahaica-Berbice,0.0059027
2017,Guyana,Pomeroon-Supenaam,0.0141244
2017,Guyana,Upper Demerara-Berbice,0.0042396
2017,Guyana,Upper Takutu-Upper Essequibo,0.1450603
2017,Honduras,Atl�ntida,0.0454904
2017,Honduras,Col�n,0.0584207
2017,Honduras,Comayagua,0.0771348
2017,Honduras,Cop�n,0.1605653
2017,Honduras,Cort�s,0.0256023
2017,Honduras,Choluteca,0.10796
2017,Honduras,El Para�so,0.0945723
2017,Honduras,Francisco Moraz�n,0.0305164
2017,Honduras,Gracias a Dios,0.1243336
2017,Honduras,Intibuc�,0.1390225
2017,Honduras,Islas de la Bah�a,0.0173528
2017,Honduras,La Paz,0.1068786
2017,Honduras,Lempira,0.2012951
2017,Honduras,Ocotepeque,0.1085182
2017,Honduras,Olancho,0.089206
2017,Honduras,Santa B�rbara,0.0762699
2017,Honduras,Valle,0.0675549
2017,Honduras,Yoro,0.073189
2017,Haiti,Aire M�tropolitaine/Reste-Ouest,0.1617495
2017,Haiti,Sud-Est,0.3074644
2017,Haiti,Nord,0.2444044
2017,Haiti,Nord-Est,0.3227195
2017,Haiti,Artibonite,0.3156848
2017,Haiti,Centre,0.3908937
2017,Haiti,Sud,0.2493155
2017,Haiti,Grande-Anse,0.3776256
2017,Haiti,Nord-Ouest,0.3110769
2017,Haiti,Nippes,0.2570446
2017,Indonesia,Aceh,0.0768496
2017,Indonesia,North Sumatera,0.0710458
2017,Indonesia,West Sumatera,0.0556179
2017,Indonesia,Riau,0.053035
2017,Indonesia,Jambi,0.0721529
2017,Indonesia,South Sumatera,0.0535839
2017,Indonesia,Bengkulu,0.0589223
2017,Indonesia,Lampung,0.0652951
2017,Indonesia,Bangka Belitung,0.0525583
2017,Indonesia,Riau Islands,0.0406737
2017,Indonesia,DKI Jakarta,0.028772
2017,Indonesia,West Java,0.0571105
2017,Indonesia,Central Java,0.0534731
2017,Indonesia,DI Yogyakarta,0.0245117
2017,Indonesia,East Java,0.0550732
2017,Indonesia,Banten,0.0748552
2017,Indonesia,Bali,0.0421941
2017,Indonesia,West Nusa Tenggara,0.1205437
2017,Indonesia,East Nusa Tenggara,0.1641964
2017,Indonesia,West Kalimantan,0.0856331
2017,Indonesia,Central Kalimantan,0.0843751
2017,Indonesia,South Kalimantan,0.0848584
2017,Indonesia,East Kalimantan,0.0582732
2017,Indonesia,North Sulawesi,0.0590769
2017,Indonesia,Central Sulawesi,0.1318889
2017,Indonesia,South Sulawesi,0.063495
2017,Indonesia,Southeast Sulawesi,0.1087651
2017,Indonesia,Gorontalo,0.1276563
2017,Indonesia,West Sulawesi,0.1610294
2017,Indonesia,Maluku,0.1051589
2017,Indonesia,North Maluku,0.1287635
2017,Indonesia,West Papua,0.1221505
2017,Indonesia,Papua,0.2343025
2017,Iraq,Dohuk,0.0306125
2017,Iraq,Ninewa,0.0539907
2017,Iraq,Suleimaniya,0.0095494
2017,Iraq,Kirkuk,0.0348477
2017,Iraq,Erbil,0.0310415
2017,Iraq,Diyala,0.0378131
2017,Iraq,Al-Anbar,0.0520192
2017,Iraq,Baghdad,0.0268309
2017,Iraq,Babil,0.0415617
2017,Iraq,Karbala,0.0531433
2017,Iraq,Wasit,0.0580026
2017,Iraq,Salahaddin,0.0541346
2017,Iraq,Al-Najaf,0.0549477
2017,Iraq,Al-Qadisiya,0.0824707
2017,Iraq,Al-Muthanna,0.0787677
2017,Iraq,Thi-Qar,0.060285
2017,Iraq,Missan,0.0980524
2017,Iraq,Basrah,0.0447521
2017,Jamaica,Kingston,0.0086255
2017,Jamaica,St.  Andrew,0.0073943
2017,Jamaica,St. Thomas,0.0062911
2017,Jamaica,Portland,0.0044413
2017,Jamaica,St. Mary,0.0094897
2017,Jamaica,St. Ann,0.0042896
2017,Jamaica,Trelawny,0.0156123
2017,Jamaica,St. James,0.00279
2017,Jamaica,Hanover,0.0068262
2017,Jamaica,Westmoreland,0.0042026
2017,Jamaica,St. Elizabeth,0.0131691
2017,Jamaica,Manchester,0.0056619
2017,Jamaica,Clarendon,0.0138748
2017,Jamaica,St. Catherine,0.003524
2017,Jordan,Central,0.0054952
2017,Jordan,North,0.006251
2017,Jordan,South,0.0077023
2017,Kenya,Central,0.074604
2017,Kenya,Coast,0.241541
2017,Kenya,Eastern,0.1897717
2017,Kenya,Nairobi,0.0200536
2017,Kenya,North Eastern,0.5088741
2017,Kenya,Nyanza,0.2108465
2017,Kenya,Rift Valley,0.2047311
2017,Kenya,Western,0.222635
2017,Cambodia,Banteay Mean Chey,0.0966266
2017,Cambodia,Battambang & Pailin,0.1035645
2017,Cambodia,Kampong Cham,0.1602795
2017,Cambodia,Kampong Chhnang,0.1930633
2017,Cambodia,Kampong Speu,0.1815119
2017,Cambodia,Kampong Thom,0.1825261
2017,Cambodia,Kampot & Kep,0.1553733
2017,Cambodia,Kandal,0.1209634
2017,Cambodia,Kratie,0.2743509
2017,Cambodia,Mondol Kiri & Rattanak Kiri,0.280379
2017,Cambodia,Otdar Mean Chey,0.1963726
2017,Cambodia,Phnom Penh,0.0264935
2017,Cambodia,Preah Sihanouk & Kaoh Kong,0.0905446
2017,Cambodia,Preah Vihear & Steung Treng,0.3035712
2017,Cambodia,Prey Veng,0.1198761
2017,Cambodia,Pursat,0.2208672
2017,Cambodia,Siem Reap,0.2041812
2017,Cambodia,Svay Rieng,0.0997783
2017,Cambodia,Takeo,0.1064281
2017,Lao People's Democratic Republic,Vientiane Capital,0.0115332
2017,Lao People's Democratic Republic,Phongsaly,0.3109598
2017,Lao People's Democratic Republic,Luangnamtha,0.1652551
2017,Lao People's Democratic Republic,Oudomxay,0.2484485
2017,Lao People's Democratic Republic,Bokeo,0.2123117
2017,Lao People's Democratic Republic,Luangprabang,0.18042
2017,Lao People's Democratic Republic,Huaphanh,0.1835738
2017,Lao People's Democratic Republic,Xayabury,0.0785926
2017,Lao People's Democratic Republic,Xiengkhuang,0.1637416
2017,Lao People's Democratic Republic,Vientiane,0.0634998
2017,Lao People's Democratic Republic,Borikhamxay,0.062524
2017,Lao People's Democratic Republic,Khammuane,0.2004683
2017,Lao People's Democratic Republic,Savannakhet,0.2621641
2017,Lao People's Democratic Republic,Saravane,0.3593633
2017,Lao People's Democratic Republic,Sekong,0.2544623
2017,Lao People's Democratic Republic,Champasack,0.1493542
2017,Lao People's Democratic Republic,Attapeu,0.2154522
2017,Liberia,Bomi,0.4067856
2017,Liberia,Bong,0.5083939
2017,Liberia,Gbarpolu,0.5054903
2017,Liberia,Grand Bassa,0.5267381
2017,Liberia,Grand Cape Mount,0.4819467
2017,Liberia,Grand Gedeh,0.3490458
2017,Liberia,Grand Kru,0.4797188
2017,Liberia,Lofa,0.4574718
2017,Liberia,Margibi,0.3639935
2017,Liberia,Maryland,0.3879186
2017,Liberia,Montserrado,0.2503897
2017,Liberia,Nimba,0.3772841
2017,Liberia,River Cess,0.5359175
2017,Liberia,River Gee,0.4326351
2017,Liberia,Sinoe,0.4448428
2017,Lesotho,Berea,0.1056551
2017,Lesotho,Botha-Bothe,0.1489383
2017,Lesotho,Leribe,0.1060411
2017,Lesotho,Mafeteng,0.1310051
2017,Lesotho,Maseru,0.0817528
2017,Lesotho,Mohale'S Hoek,0.178065
2017,Lesotho,Mokhotlong,0.2910959
2017,Lesotho,Qacha'S-Nek,0.1734691
2017,Lesotho,Quthing,0.1505742
2017,Lesotho,Thaba Tseka,0.2669504
2017,Morocco,Sahara,0.0165954
2017,Morocco,Souss-Massa-Draa,0.102167
2017,Morocco,El Gharb-Chrarda Bni Hssen,0.0843673
2017,Morocco,Chaouia Ourdigha,0.0655963
2017,Morocco,Marrakech-Tensift-El Haouz,0.1306903
2017,Morocco,R�gion Oriental,0.0487859
2017,Morocco,Grand Casablanca,0.002691
2017,Morocco,Rabat-Sal�-Zemmour-Zair,0.0164064
2017,Morocco,Doukkala-Abda,0.0599629
2017,Morocco,Tadla-Azilal,0.0704705
2017,Morocco,Meknes-Tafilalet,0.0371818
2017,Morocco,Fes-Boulemane,0.0420737
2017,Morocco,Taza-Al Hoceima-Taounate,0.1232477
2017,Morocco,Tanger-Tetouan,0.0833036
2017,Madagascar,Analamanga,0.1775768
2017,Madagascar,Vakinankaratra,0.3572628
2017,Madagascar,Itasy,0.3970579
2017,Madagascar,Bongolava,0.31899
2017,Madagascar,Haute Matsiatra,0.4003012
2017,Madagascar,Anamoroni'i Mania,0.4089518
2017,Madagascar,Vatovavy Fitovinany,0.5137119
2017,Madagascar,Ihorombe,0.4476637
2017,Madagascar,Atsimo Atsinanana,0.5307779
2017,Madagascar,Atsinanana,0.2686207
2017,Madagascar,Analanjirofo,0.3831574
2017,Madagascar,Alaotra Mangoro,0.3094202
2017,Madagascar,Boeny,0.3103127
2017,Madagascar,Sofia,0.3200077
2017,Madagascar,Betsiboka,0.4329425
2017,Madagascar,Melaky,0.5090721
2017,Madagascar,Atsimo Andrefana,0.4267045
2017,Madagascar,Androy,0.5470907
2017,Madagascar,Anosy,0.4864636
2017,Madagascar,Menabe,0.4167601
2017,Madagascar,Diana,0.2942557
2017,Madagascar,Sava,0.32747
2017,Mali,Kayes,0.4847451
2017,Mali,Koulikoro,0.4396707
2017,Mali,Sikasso,0.4840232
2017,Mali,S�gou,0.4979134
2017,Mali,Mopti,0.5937102
2017,Mali,Bamako,0.1676515
2017,Myanmar,Ayeyarwaddy,0.1710977
2017,Myanmar,Bago,0.129367
2017,Myanmar,Chin,0.1520048
2017,Myanmar,Kachin,0.0834764
2017,Myanmar,Kayah,0.0991311
2017,Myanmar,Kayin,0.1829484
2017,Myanmar,Magway,0.1143746
2017,Myanmar,Mandalay,0.098707
2017,Myanmar,Mon,0.1085004
2017,Myanmar,Naypyitaw,0.1101907
2017,Myanmar,Rakhine,0.2576561
2017,Myanmar,Sagaing,0.1342995
2017,Myanmar,Shan,0.1944703
2017,Myanmar,Taninthayi,0.1290895
2017,Myanmar,Yangon,0.0508304
2017,Mongolia,Central,0.040717
2017,Mongolia,Eastern,0.0442623
2017,Mongolia,Khangai,0.0749069
2017,Mongolia,Ulaanbaatar,0.0061262
2017,Mongolia,Western,0.0900354
2017,Mozambique,Niassa,0.4432641
2017,Mozambique,Cabo Delgado,0.5254133
2017,Mozambique,Nampula,0.3996364
2017,Mozambique,Zamb�zia,0.5284852
2017,Mozambique,Tete,0.4658903
2017,Mozambique,Manica,0.3012738
2017,Mozambique,Sofala,0.3810691
2017,Mozambique,Inhambane,0.2953333
2017,Mozambique,Gaza,0.3064874
2017,Mozambique,Maputo Prov�ncia,0.1331088
2017,Mozambique,Maputo Cidade,0.0434605
2017,Mauritania,Hodh Charghy,0.4119284
2017,Mauritania,Hodh Gharby,0.4384115
2017,Mauritania,Assaba,0.4185214
2017,Mauritania,Gorgol,0.4595274
2017,Mauritania,Brakna,0.3066974
2017,Mauritania,Trarza,0.1810649
2017,Mauritania,Adrar,0.1841074
2017,Mauritania,Dakhlett Nouadibou,0.0391688
2017,Mauritania,Tagant,0.322146
2017,Mauritania,Guidimagha,0.4990764
2017,Mauritania,Tirs-Ezemour,0.0854175
2017,Mauritania,Nouakchott,0.1019775
2017,Malawi,Balaka,0.2828042
2017,Malawi,Blantyre City,0.1177177
2017,Malawi,Blantyre Rural,0.2448449
2017,Malawi,Chikwawa,0.2924953
2017,Malawi,Chitipa,0.1612925
2017,Malawi,Chradzulu,0.241303
2017,Malawi,Dedza,0.313996
2017,Malawi,Dowa,0.2666376
2017,Malawi,Karonga,0.2037103
2017,Malawi,Kasungu,0.243576
2017,Malawi,Likoma,0.1140773
2017,Malawi,Lilongwe City,0.0915262
2017,Malawi,Lilongwe Rural,0.2856711
2017,Malawi,Machinga,0.3223986
2017,Malawi,Mangochi,0.3022035
2017,Malawi,Mchinji,0.3137239
2017,Malawi,Mulange,0.2857771
2017,Malawi,Mwanza,0.2535518
2017,Malawi,Mzimba,0.2048725
2017,Malawi,Mzuzu City,0.0337765
2017,Malawi,Ndanje,0.2847868
2017,Malawi,Neno,0.3157894
2017,Malawi,Nkhatabay,0.215338
2017,Malawi,Nkhota Kota,0.245159
2017,Malawi,Ntcheu,0.2113
2017,Malawi,Ntchisi,0.2590993
2017,Malawi,Phalombe,0.2929148
2017,Malawi,Rumphi,0.20502
2017,Malawi,Salima,0.3340229
2017,Malawi,Thyolo,0.2591816
2017,Malawi,Zomba City,0.0525012
2017,Malawi,Zomba Rural,0.2700679
2017,Namibia,Caprivi,0.1742405
2017,Namibia,Erongo,0.0438984
2017,Namibia,Hardap,0.1033623
2017,Namibia,Karas,0.0981104
2017,Namibia,Kavango,0.3727793
2017,Namibia,Khomas,0.0602406
2017,Namibia,Kunene,0.2381615
2017,Namibia,Ohangwena,0.3482606
2017,Namibia,Omaheke,0.2315911
2017,Namibia,Omusati,0.2827032
2017,Namibia,Oshana,0.1558962
2017,Namibia,Oshikoto,0.2180729
2017,Namibia,Otjozondjupa,0.1162163
2017,Niger,Agadez,0.4052544
2017,Niger,Diffa,0.555625
2017,Niger,Dosso,0.620073
2017,Niger,Maradi,0.6640749
2017,Niger,Tahoua,0.646113
2017,Niger,Tillaberi,0.6086644
2017,Niger,Zinder,0.6410038
2017,Niger,Niamey,0.2061438
2017,Nigeria,Sokoto,0.5478026
2017,Nigeria,Zamfara,0.6047173
2017,Nigeria,Katsina,0.5197566
2017,Nigeria,Jigawa,0.5516959
2017,Nigeria,Yobe,0.6348336
2017,Nigeria,Borno,0.4007723
2017,Nigeria,Adamawa,0.2945309
2017,Nigeria,Gombe,0.4708189
2017,Nigeria,Bauchi,0.5830586
2017,Nigeria,Kano,0.434186
2017,Nigeria,Kaduna,0.3113976
2017,Nigeria,Kebbi,0.552812
2017,Nigeria,Niger,0.323635
2017,Nigeria,FCT-Abuja,0.1076007
2017,Nigeria,Nasarawa,0.2514775
2017,Nigeria,Plateau,0.2729581
2017,Nigeria,Taraba,0.4478235
2017,Nigeria,Benue,0.2798847
2017,Nigeria,Kogi,0.1129368
2017,Nigeria,Kwara,0.0994209
2017,Nigeria,Oyo,0.1549843
2017,Nigeria,Osun,0.0432902
2017,Nigeria,Ekiti,0.0512641
2017,Nigeria,Ondo,0.126691
2017,Nigeria,Edo,0.0796533
2017,Nigeria,Anambra,0.0496625
2017,Nigeria,Enugu,0.1227891
2017,Nigeria,Ebonyi,0.2648597
2017,Nigeria,Cross River,0.1464068
2017,Nigeria,Akwa Ibom,0.0990771
2017,Nigeria,Abia,0.0883607
2017,Nigeria,Imo,0.0829819
2017,Nigeria,Rivers,0.0878665
2017,Nigeria,Bayelsa,0.1202749
2017,Nigeria,Delta,0.1067035
2017,Nigeria,Lagos,0.0348401
2017,Nigeria,Ogun,0.1120341
2017,Nicaragua,Nueva Segovia,0.1128242
2017,Nicaragua,Jinotega,0.195116
2017,Nicaragua,Madriz,0.1037408
2017,Nicaragua,Esteli,0.0482912
2017,Nicaragua,Chinandega,0.0474995
2017,Nicaragua,Leon,0.0310116
2017,Nicaragua,Matagalpa,0.0994133
2017,Nicaragua,Boaco,0.1297356
2017,Nicaragua,Managua,0.0214565
2017,Nicaragua,Masaya,0.0171559
2017,Nicaragua,Chontales,0.0817541
2017,Nicaragua,Granada,0.0347445
2017,Nicaragua,Carazo,0.024623
2017,Nicaragua,Rivas,0.0358776
2017,Nicaragua,Rio San Juan,0.1329754
2017,Nicaragua,RAAN,0.1732548
2017,Nicaragua,RAAS,0.1318529
2017,Nepal,Central Hill,0.0495683
2017,Nepal,Central Mountain,0.0935618
2017,Nepal,Central Terai,0.1992472
2017,Nepal,Eastern Hill,0.0633907
2017,Nepal,Eastern Mountain,0.1333679
2017,Nepal,Eastern Terai,0.1301152
2017,Nepal,Far-Western Hill,0.2257997
2017,Nepal,Far-Western Mountain,0.1441213
2017,Nepal,Far-WesternTerai,0.0916541
2017,Nepal,MId-Western Hill,0.212529
2017,Nepal,MId-Western Mountain,0.2858905
2017,Nepal,MId-WesternTerai,0.1337758
2017,Nepal,Western  Hill,0.0720538
2017,Nepal,Western  Terai,0.1124019
2017,Nepal,Western Mountain,0.1035371
2017,Pakistan,Punjab,0.1843176
2017,Pakistan,Sindh,0.294353
2017,Pakistan,Khyber Pakhtunkhwa,0.2474521
2017,Pakistan,Balochistan,0.4020156
2017,Pakistan,Gilgit Baltistan,0.2334672
2017,Pakistan,Islamabad (ICT),0.0393756
2017,Peru,Amazonas,0.0959586
2017,Peru,�ncash,0.0443579
2017,Peru,Apur�mac,0.0913843
2017,Peru,Arequipa,0.0085897
2017,Peru,Ayacucho,0.0705303
2017,Peru,Cajamarca,0.0894789
2017,Peru,Callao,0.0
2017,Peru,Cusco,0.061715
2017,Peru,Huancavelica,0.1215679
2017,Peru,Hu�nuco,0.1113476
2017,Peru,Ica,0.0094014
2017,Peru,Jun�n,0.0420201
2017,Peru,La Libertad,0.0419024
2017,Peru,Lambayeque,0.0377123
2017,Peru,Lima,0.0042556
2017,Peru,Loreto,0.1469829
2017,Peru,Madre de Dios,0.0239151
2017,Peru,Moquegua,0.0135761
2017,Peru,Pasco,0.0637105
2017,Peru,Piura,0.0503826
2017,Peru,Puno,0.0686022
2017,Peru,San Mart�n,0.0609926
2017,Peru,Tacna,0.008171
2017,Peru,Tumbes,0.0142231
2017,Peru,Ucayali,0.0462765
2017,Philippines,National Capital Region,0.0264015
2017,Philippines,Cordillera Admin Region,0.0389356
2017,Philippines,Ilocos Region,0.0267865
2017,Philippines,Cagayan Valley,0.0394203
2017,Philippines,Central Luzon,0.0347675
2017,Philippines,Calabarzon,0.0287038
2017,Philippines,Mimaropa,0.091265
2017,Philippines,Bicol Region,0.0683973
2017,Philippines,Western Visayas,0.055233
2017,Philippines,Central Visayas,0.0546404
2017,Philippines,Eastern Visayas,0.0537735
2017,Philippines,Zamboanga Peninsula,0.0754214
2017,Philippines,Northern Mindanao,0.0928666
2017,Philippines,Davao Peninsula,0.0659443
2017,Philippines,Soccsksargen,0.0896914
2017,Philippines,CARAGA,0.0687781
2017,Philippines,Armm,0.1402429
2017,Rwanda,East,0.2915819
2017,Rwanda,Kigali City,0.1179954
2017,Rwanda,North,0.2426849
2017,Rwanda,South,0.2952437
2017,Rwanda,West,0.2657683
2017,Sudan,Blue Nile,0.3820444
2017,Sudan,Central Darfor,0.5013582
2017,Sudan,East Darfor,0.4812936
2017,Sudan,Gadarif,0.403916
2017,Sudan,Gezira,0.1651854
2017,Sudan,Kassala,0.3622953
2017,Sudan,Khartoum,0.0768374
2017,Sudan,North Darfor,0.4466442
2017,Sudan,North Kordofan,0.3276988
2017,Sudan,Northern,0.047296
2017,Sudan,Red Sea,0.2230491
2017,Sudan,River Nile,0.0922825
2017,Sudan,Sinnar,0.2773254
2017,Sudan,South Darfor,0.4201435
2017,Sudan,South Kordofan,0.4215813
2017,Sudan,West Darfor,0.4582709
2017,Sudan,West Kordofan,0.4683189
2017,Sudan,White Nile,0.2666062
2017,Senegal,Center,0.4493984
2017,Senegal,North,0.3731346
2017,Senegal,Ouest,0.155524
2017,Senegal,South,0.4246564
2017,Sierra Leone,Kailahun,0.5368
2017,Sierra Leone,Kenema,0.4773299
2017,Sierra Leone,Kono,0.5108994
2017,Sierra Leone,Bombali,0.4231802
2017,Sierra Leone,Kambia,0.5795155
2017,Sierra Leone,Koinadugu,0.601294
2017,Sierra Leone,Port Loko,0.5219285
2017,Sierra Leone,Tonkolili,0.5409667
2017,Sierra Leone,Bo,0.4493389
2017,Sierra Leone,Bonthe,0.4779789
2017,Sierra Leone,Moyamba,0.5688833
2017,Sierra Leone,Pujehun,0.5367103
2017,Sierra Leone,Western Rural,0.3187579
2017,Sierra Leone,Western Urban,0.1912414
2017,El Salvador,Ahuachapan,0.029741
2017,El Salvador,Cabanas,0.0460655
2017,El Salvador,Chalatenango,0.0361749
2017,El Salvador,Cuscatlan,0.0250526
2017,El Salvador,La Libertad,0.0166323
2017,El Salvador,La Paz,0.0298749
2017,El Salvador,La Union,0.0544765
2017,El Salvador,Morazan,0.0404098
2017,El Salvador,San Miguel,0.0296359
2017,El Salvador,San Salvador,0.0104105
2017,El Salvador,San Vicente,0.020354
2017,El Salvador,Santa Ana,0.0268009
2017,El Salvador,Sonsonate,0.0457958
2017,El Salvador,Usulutan,0.0299278
2017,South Sudan,Upper Nile,0.503121
2017,South Sudan,Jonglei and Unity,0.6275153
2017,South Sudan,Warap,0.6614006
2017,South Sudan,Northern Bahr el Ghazal,0.6520394
2017,South Sudan,Western Bahr el Ghazal,0.4913542
2017,South Sudan,Lakes,0.6052659
2017,South Sudan,Western Equatoria,0.4557278
2017,South Sudan,Central Equatoria,0.3908039
2017,South Sudan,Eastern Equatoria,0.5611559
2017,Sao Tome and Principe,Região Autonoma de Principe,0.0924316
2017,Sao Tome and Principe,Região Centro Este,0.0592379
2017,Sao Tome and Principe,Região Norte Oeste,0.1315317
2017,Sao Tome and Principe,Região Sul Este,0.1166937
2017,Suriname,Paramaribo,0.0067531
2017,Suriname,Wanica,0.013464
2017,Suriname,Nickerie,0.011757
2017,Suriname,Coronie,0.0057471
2017,Suriname,Saramacca,0.0110827
2017,Suriname,Commewijne,0.0082021
2017,Suriname,Marowijne,0.0263067
2017,Suriname,Para,0.023177
2017,Suriname,Brokopondo,0.0568544
2017,Suriname,Sipaliwini,0.1715997
2017,Swaziland,Hhohho,0.053731
2017,Swaziland,Lubombo,0.0977132
2017,Swaziland,Manzini,0.040518
2017,Swaziland,Shiselweni,0.101425
2017,Syrian Arab Republic,Damascus,0.0028944
2017,Syrian Arab Republic,Halab,0.0264919
2017,Syrian Arab Republic,Rural Damascus,0.0089399
2017,Syrian Arab Republic,Hums,0.0073394
2017,Syrian Arab Republic,Hama,0.0099548
2017,Syrian Arab Republic,Latequia,0.0041158
2017,Syrian Arab Republic,Edlb,0.0191389
2017,Syrian Arab Republic,Hasaka,0.0278507
2017,Syrian Arab Republic,Dir Ezor,0.0470424
2017,Syrian Arab Republic,Tortous,0.0003604
2017,Syrian Arab Republic,Raqa,0.0276267
2017,Syrian Arab Republic,Daraa,0.0106748
2017,Syrian Arab Republic,As-swidaa,0.0021105
2017,Syrian Arab Republic,Qonitara,0.0107688
2017,Chad,Barh El Gazal,0.6536283
2017,Chad,Batha,0.658665
2017,Chad,Borkou/Tibesti,0.5372417
2017,Chad,Chari Baguirmi,0.6459374
2017,Chad,Ennedi,0.6251737
2017,Chad,Gu�Ra,0.6427148
2017,Chad,Hadjer-Lamis,0.6538088
2017,Chad,Kanem,0.6955951
2017,Chad,Lac,0.7440422
2017,Chad,Logone Occidental,0.4398664
2017,Chad,Logone Oriental,0.5035985
2017,Chad,Mandoul,0.5286462
2017,Chad,Mayo Kebbi Est,0.5091487
2017,Chad,Mayo Kebbi Ouest,0.4785414
2017,Chad,Moyen Chari,0.4114937
2017,Chad,N'Djam�Na,0.2567485
2017,Chad,Ouadda�,0.6828865
2017,Chad,Salamat,0.6782864
2017,Chad,Sila,0.6965387
2017,Chad,Tandjil�,0.4867601
2017,Chad,Wadi Fira,0.7091799
2017,Togo,Commune de Lome,0.0667888
2017,Togo,Region Maritime,0.242527
2017,Togo,Region des Plateaux,0.3246852
2017,Togo,Region Centrale,0.2359327
2017,Togo,Region de la Kara,0.3243636
2017,Togo,Region des Savanes,0.4387344
2017,Tajikistan,Dushanbe,0.0208964
2017,Tajikistan,Gorno-Badakhshan Autonomous Oblast,0.048487
2017,Tajikistan,Sughd,0.0333777
2017,Tajikistan,Districts of Republican Subordination,0.044794
2017,Tajikistan,Khatlon,0.0856276
2017,Timor-Leste,Aileu,0.3790921
2017,Timor-Leste,Ainaro,0.4439908
2017,Timor-Leste,Baucau,0.3567798
2017,Timor-Leste,Bobonaro,0.4063266
2017,Timor-Leste,Cova Lima,0.309705
2017,Timor-Leste,Dili,0.1266196
2017,Timor-Leste,Ermera,0.497134
2017,Timor-Leste,Liquica,0.387137
2017,Timor-Leste,Lautem,0.3726966
2017,Timor-Leste,Manufahi,0.3531326
2017,Timor-Leste,Manatuto,0.2951921
2017,Timor-Leste,Oecussi,0.5077893
2017,Timor-Leste,Viqueque,0.4099663
2017,Trinidad and Tobago,North West,0.0226022
2017,Trinidad and Tobago,Eastern,0.0260177
2017,Trinidad and Tobago,North Central,0.0195811
2017,Trinidad and Tobago,South West,0.0155323
2017,Trinidad and Tobago,Tobago,0.0186625
2017,"Tanzania, United Republic of",Central,0.332096
2017,"Tanzania, United Republic of",Eastern,0.1447354
2017,"Tanzania, United Republic of",Lake,0.3461924
2017,"Tanzania, United Republic of",Northern,0.1997334
2017,"Tanzania, United Republic of",South West Highlands,0.3121517
2017,"Tanzania, United Republic of",Southern,0.2961676
2017,"Tanzania, United Republic of",Southern Highlands,0.225842
2017,"Tanzania, United Republic of",Western,0.3972386
2017,"Tanzania, United Republic of",Zanzibar,0.1429202
2017,Uganda,Kampala,0.0760764
2017,Uganda,Central 1,0.2998042
2017,Uganda,Central 2,0.2942976
2017,Uganda,East Central,0.3708481
2017,Uganda,Eastern,0.4173927
2017,Uganda,North,0.4306756
2017,Uganda,Karamoja,0.6341278
2017,Uganda,West Nile,0.4840506
2017,Uganda,Western,0.3455974
2017,Uganda,Southwest,0.400142
2017,Uzbekistan,Western,0.0069348
2017,Uzbekistan,Central,0.0114627
2017,Uzbekistan,Southern,0.0156748
2017,Uzbekistan,Central-Eastern,0.0036507
2017,Uzbekistan,Eastern,0.0059775
2017,Uzbekistan,Tashkent,0.0014288
2017,Viet Nam,Red River Delta,0.0133314
2017,Viet Nam,Northern Midlands and Mountain area,0.0643761
2017,Viet Nam,North Central and Central Coastal area,0.0243864
2017,Viet Nam,Central Highlands,0.0566894
2017,Viet Nam,South East,0.0171649
2017,Viet Nam,Mekong River Delta,0.0299715
2017,Yemen,Ibb,0.1999835
2017,Yemen,Abyan,0.13619
2017,Yemen,Sanaa City,0.0565903
2017,Yemen,Al-Baidha,0.1912269
2017,Yemen,Taiz,0.2073572
2017,Yemen,Al-Jawf,0.2139408
2017,Yemen,Hajjah,0.4470323
2017,Yemen,Al-Hodiedah,0.3427573
2017,Yemen,Hadramout,0.1195862
2017,Yemen,Dhamar,0.3254042
2017,Yemen,Shabwah,0.1625162
2017,Yemen,Sadah,0.2776733
2017,Yemen,Sanaa,0.2551008
2017,Yemen,Aden,0.0617067
2017,Yemen,Lahj,0.1755731
2017,Yemen,Mareb,0.2142619
2017,Yemen,Al-Mhweit,0.3489632
2017,Yemen,Al-Mhrah,0.1051842
2017,Yemen,Amran,0.3223663
2017,Yemen,Aldhalae,0.1999798
2017,Yemen,Reimah,0.3806949
2017,Zambia,Central,0.29237
2017,Zambia,Copperbelt,0.1577508
2017,Zambia,Eastern,0.3693861
2017,Zambia,Luapula,0.3918809
2017,Zambia,Lusaka,0.1115268
2017,Zambia,Muchinga,0.3684649
2017,Zambia,Northern,0.3973957
2017,Zambia,North Western,0.3343244
2017,Zambia,Southern,0.3012268
2017,Zambia,Western,0.3989752
2017,Zimbabwe,Bulawayo,0.0140946
2017,Zimbabwe,Harare,0.0381143
2017,Zimbabwe,Manicaland,0.1677728
2017,Zimbabwe,Mashonaland Central,0.2101549
2017,Zimbabwe,Mashonaland East,0.1403006
2017,Zimbabwe,Mashonaland West,0.1922952
2017,Zimbabwe,Masvingo,0.174032
2017,Zimbabwe,Matabeleland North,0.2375879
2017,Zimbabwe,Matabeleland South,0.1635535
2017,Zimbabwe,Midlands,0.1761928
2018,Afghanistan,Kabul,0.07856565713882446
2018,Afghanistan,Kapisa,0.20313876867294312
2018,Afghanistan,Parwan,0.2719736695289612
2018,Afghanistan,Wardak,0.307641863822937
2018,Afghanistan,Logar,0.21621167659759521
2018,Afghanistan,Nangarhar,0.2693037688732147
2018,Afghanistan,Laghman,0.36165139079093933
2018,Afghanistan,Panjsher,0.12917299568653107
2018,Afghanistan,Baghlan,0.3021806478500366
2018,Afghanistan,Bamyan,0.25675052404403687
2018,Afghanistan,Ghazni,0.24108408391475677
2018,Afghanistan,Paktika,0.2247440367937088
2018,Afghanistan,Paktya,0.2628745138645172
2018,Afghanistan,Khost,0.2963095009326935
2018,Afghanistan,Kunarha,0.30822810530662537
2018,Afghanistan,Nooristan,0.5576241612434387
2018,Afghanistan,Badakhshan,0.33367839455604553
2018,Afghanistan,Takhar,0.29620546102523804
2018,Afghanistan,Kunduz,0.30683577060699463
2018,Afghanistan,Samangan,0.3375617563724518
2018,Afghanistan,Balkh,0.23204739391803741
2018,Afghanistan,Sar-E-Pul,0.3490770161151886
2018,Afghanistan,Ghor,0.2735086679458618
2018,Afghanistan,Daykundi,0.2806992828845978
2018,Afghanistan,Urozgan,0.5367594957351685
2018,Afghanistan,Zabul,0.18378931283950806
2018,Afghanistan,Kandahar,0.43013909459114075
2018,Afghanistan,Jawzjan,0.25595417618751526
2018,Afghanistan,Faryab,0.1943502575159073
2018,Afghanistan,Helmand,0.32458704710006714
2018,Afghanistan,Badghis,0.4283958375453949
2018,Afghanistan,Herat,0.31241247057914734
2018,Afghanistan,Farah,0.3361866772174835
2018,Afghanistan,Nimroz,0.24256612360477448
2018,Albania,Coastal,0.0021918569691479206
2018,Albania,Central,0.009701479226350784
2018,Albania,Mountain,0.024362552911043167
2018,Albania,Urban Tirana,0.0011205838527530432
2018,Algeria,Nord-Centre,0.0033191856928169727
2018,Algeria,Nord-Est,0.0036123348399996758
2018,Algeria,Nord-Ouest,0.006764593068510294
2018,Algeria,Hauts Plateaux-Centre.,0.027401527389883995
2018,Algeria,Hauts Plateaux-Est,0.005973536055535078
2018,Algeria,Hauts Plateaux-Ouest,0.017911912873387337
2018,Algeria,Sud,0.01771041750907898
2018,Angola,Cabinda,0.1539982259273529
2018,Angola,Zaire,0.21605582535266876
2018,Angola,Uíge,0.3914613425731659
2018,Angola,Luanda,0.07434196770191193
2018,Angola,Cuanza Norte,0.33353227376937866
2018,Angola,Cuanza Sul,0.4623783230781555
2018,Angola,Malanje,0.33940911293029785
2018,Angola,Lunda Norte,0.43188509345054626
2018,Angola,Benguela,0.3222648799419403
2018,Angola,Huambo,0.37591391801834106
2018,Angola,Bié,0.47602373361587524
2018,Angola,Moxico,0.4248080253601074
2018,Angola,Cuando Cubango,0.4197567105293274
2018,Angola,Namibe,0.275422066450119
2018,Angola,Huíla,0.402207612991333
2018,Angola,Cunene,0.4196989834308624
2018,Angola,Lunda Sul,0.3549840748310089
2018,Angola,Bengo,0.3324211835861206
2018,Azerbaijan,Baku,0.0041796183213591576
2018,Azerbaijan,Absheron,0.012484054081141949
2018,Azerbaijan,Ganja Gazakh,0.02079950086772442
2018,Azerbaijan,Shaki Zaqatala,0.01699240878224373
2018,Azerbaijan,Lankaran,0.025627069175243378
2018,Azerbaijan,Guba Khachmaz,0.01813357137143612
2018,Azerbaijan,Aran,0.03334810584783554
2018,Azerbaijan,Yukhari Karabakh,0.024225927889347076
2018,Azerbaijan,Dakhlik Shirvan,0.03095489926636219
2018,Bangladesh,Barisal,0.21705901622772217
2018,Bangladesh,Chittagong,0.1852724850177765
2018,Bangladesh,Dhaka,0.17518922686576843
2018,Bangladesh,Khulna,0.15095996856689453
2018,Bangladesh,Rajshahi,0.18860843777656555
2018,Bangladesh,Rangpur,0.2010461837053299
2018,Bangladesh,Sylhet,0.32508042454719543
2018,Barbados,Christ Church & St. Philip,0.008917463943362236
2018,Barbados,St Michael,0.010772211477160454
2018,Barbados,"St. James, St. George & St. Thomas",0.007815757766366005
2018,Barbados,"St. Lucy, St. Peter, St. Andrew, St. Joseph & St. John",0.005703152157366276
2018,Belize,Belize (ex. Belize City South Side),0.003390685422345996
2018,Belize,Belize City South Side,0.0022175018675625324
2018,Belize,Cayo,0.014068770222365856
2018,Belize,Corozal,0.008625715970993042
2018,Belize,Orange Walk,0.016138141974806786
2018,Belize,Stann Creek,0.01738785207271576
2018,Belize,Toledo,0.07701072841882706
2018,Benin,Alibori,0.5581818222999573
2018,Benin,Atacora,0.4603646695613861
2018,Benin,Atlantique,0.26896652579307556
2018,Benin,Borgou,0.4523000419139862
2018,Benin,Collines,0.33415764570236206
2018,Benin,Couffo,0.3904181122779846
2018,Benin,Donga,0.368630051612854
2018,Benin,Littoral,0.07019800692796707
2018,Benin,Mono,0.2890775501728058
2018,Benin,Ouémé,0.2683166265487671
2018,Benin,Plateau,0.36194097995758057
2018,Benin,Zou,0.35072940587997437
2018,Bhutan,Bumthang,0.09178831428289413
2018,Bhutan,Chukha,0.1645215004682541
2018,Bhutan,Dagana,0.2768614888191223
2018,Bhutan,Haa,0.09237374365329742
2018,Bhutan,Lhuntse,0.24614442884922028
2018,Bhutan,Mongar,0.25841930508613586
2018,Bhutan,Paro,0.05000307783484459
2018,Bhutan,Pemagatshel,0.22819878160953522
2018,Bhutan,Gasa and Punakha,0.12707872688770294
2018,Bhutan,Samdrup jongkhar,0.22927412390708923
2018,Bhutan,Samtse,0.23501215875148773
2018,Bhutan,Sarpang,0.1345147341489792
2018,Bhutan,Thimphu,0.033441200852394104
2018,Bhutan,Trashigang,0.23376435041427612
2018,Bhutan,Trashiyangtse,0.2298516482114792
2018,Bhutan,Trongsa,0.217508003115654
2018,Bhutan,Tsirang,0.23711127042770386
2018,Bhutan,Wangdi,0.1426430195569992
2018,Bhutan,Zhemgang,0.2940193712711334
2018,Bolivia,Chuquisaca,0.1653815656900406
2018,Bolivia,La Paz,0.0772487223148346
2018,Bolivia,Cochabamba,0.11477161198854446
2018,Bolivia,Oruro,0.08339625597000122
2018,Bolivia,Potosi,0.19015906751155853
2018,Bolivia,Tarija,0.0767010748386383
2018,Bolivia,Santa Cruz,0.03650094196200371
2018,Bolivia,Beni,0.09739935398101807
2018,Bolivia,Pando,0.10207179933786392
2018,Brazil,Rondônia,0.023782264441251755
2018,Brazil,Acre,0.06789921224117279
2018,Brazil,Amazonas,0.03179189935326576
2018,Brazil,Roraima,0.03072512522339821
2018,Brazil,Pará,0.0439348928630352
2018,Brazil,Amapá,0.02688167430460453
2018,Brazil,Tocantins,0.023930078372359276
2018,Brazil,Maranhão,0.06037349998950958
2018,Brazil,Piauí,0.03753548115491867
2018,Brazil,Ceará,0.025827892124652863
2018,Brazil,Rio Grande do Norte,0.020376846194267273
2018,Brazil,Paraíba,0.02567223459482193
2018,Brazil,Pernambuco,0.02490895241498947
2018,Brazil,Alagoas,0.03154602646827698
2018,Brazil,Sergipe,0.028407353907823563
2018,Brazil,Bahia,0.02769901603460312
2018,Brazil,Minas Gerais,0.010936256498098373
2018,Brazil,Espírito Santo,0.010523779317736626
2018,Brazil,Rio de Janeiro,0.0031665388960391283
2018,Brazil,São Paulo,0.002522032242268324
2018,Brazil,Paraná,0.009886416606605053
2018,Brazil,Santa Catarina,0.01151404157280922
2018,Brazil,Rio Grande do Sul,0.010061543434858322
2018,Brazil,Mato Grosso do Sul,0.013764225877821445
2018,Brazil,Mato Grosso,0.018169524148106575
2018,Brazil,Goiás,0.012910149991512299
2018,Brazil,Distrito Federal,0.003090935293585062
2018,Burkina Faso,Boucle de Mouhoun,0.5626850724220276
2018,Burkina Faso,Cascades,0.5004947781562805
2018,Burkina Faso,Centre,0.203411266207695
2018,Burkina Faso,Centre-Est,0.5657494068145752
2018,Burkina Faso,Centre-Nord,0.5727177858352661
2018,Burkina Faso,Centre-Ouest,0.5323436856269836
2018,Burkina Faso,Centre-Sud,0.5271575450897217
2018,Burkina Faso,Est,0.6611409783363342
2018,Burkina Faso,Hauts Basins,0.4483513832092285
2018,Burkina Faso,Nord,0.568905770778656
2018,Burkina Faso,Plateau Central,0.5286557674407959
2018,Burkina Faso,Sahel,0.6550873517990112
2018,Burkina Faso,Sud-Ouest,0.6181877255439758
2018,Burundi,Bubanza,0.4410912096500397
2018,Burundi,Bujumbura Rural,0.33786705136299133
2018,Burundi,Bururi,0.2801273465156555
2018,Burundi,Cankuzo,0.45486557483673096
2018,Burundi,Cibitoke,0.4172895550727844
2018,Burundi,Gitega,0.39345666766166687
2018,Burundi,Karusi,0.4600145220756531
2018,Burundi,Kayanza,0.4098912179470062
2018,Burundi,Kirundo,0.5361531376838684
2018,Burundi,Makamba,0.38089823722839355
2018,Burundi,Muramvya,0.3630005717277527
2018,Burundi,Muyinga,0.5258467793464661
2018,Burundi,Mwaro,0.32620903849601746
2018,Burundi,Ngozi,0.47032254934310913
2018,Burundi,Rutana,0.4041464328765869
2018,Burundi,Ruyigi,0.45690956711769104
2018,Burundi,Bujumbura Mairie,0.11362730711698532
2018,Burundi,Rumonge,0.37282511591911316
2018,Cambodia,Banteay Mean Chey,0.11228667944669724
2018,Cambodia,Kampong Cham,0.17991913855075836
2018,Cambodia,Kampong Chhnang,0.21117867529392242
2018,Cambodia,Kampong Speu,0.181562140583992
2018,Cambodia,Kampong Thom,0.2055923342704773
2018,Cambodia,Kandal,0.12262739986181259
2018,Cambodia,Kratie,0.2938652038574219
2018,Cambodia,Phnom Penh,0.02609996125102043
2018,Cambodia,Prey Veng,0.13524743914604187
2018,Cambodia,Pursat,0.24792486429214478
2018,Cambodia,Siem Reap,0.23784783482551575
2018,Cambodia,Svay Rieng,0.10549049079418182
2018,Cambodia,Takeo,0.1129264235496521
2018,Cambodia,Otdar Mean Chey,0.22883272171020508
2018,Cambodia,Battambang & Pailin,0.10769068449735641
2018,Cambodia,Kampot & Kep,0.15916328132152557
2018,Cambodia,Preah Sihanouk & Kaoh Kong,0.08755876123905182
2018,Cambodia,Preah Vihear & Steung Treng,0.3080006241798401
2018,Cambodia,Mondol Kiri & Rattanak Kiri,0.28500208258628845
2018,Cameroon,Adamaoua,0.3155997097492218
2018,Cameroon,Centre (sans Yaoundé),0.1438649594783783
2018,Cameroon,Douala,0.02223903499543667
2018,Cameroon,Est,0.3074890375137329
2018,Cameroon,Extrême-Nord,0.4815713167190552
2018,Cameroon,Littoral (sans Douala),0.07876423001289368
2018,Cameroon,Nord,0.42534276843070984
2018,Cameroon,Nord-Ouest,0.1742250770330429
2018,Cameroon,Ouest,0.13933564722537994
2018,Cameroon,Sud,0.1300547868013382
2018,Cameroon,Sud-Ouest,0.1371634155511856
2018,Cameroon,Yaoundé,0.015195291489362717
2018,Central African Republic,Ombella-M'Poko,0.4368456304073334
2018,Central African Republic,Lobaye,0.5311691164970398
2018,Central African Republic,Mambéré-Kadéï,0.5293921232223511
2018,Central African Republic,Nana-Mambéré,0.5594320893287659
2018,Central African Republic,Sangha-Mbaéré,0.5433765053749084
2018,Central African Republic,Ouham-Pendé,0.5365800857543945
2018,Central African Republic,Ouham,0.5787016749382019
2018,Central African Republic,Kémo,0.5386907458305359
2018,Central African Republic,Nana-Grébizi,0.46799689531326294
2018,Central African Republic,Ouaka,0.5056657791137695
2018,Central African Republic,Haute-Kotto,0.46078312397003174
2018,Central African Republic,Bamingui-Bangoran,0.41846928000450134
2018,Central African Republic,Vakaga,0.46415048837661743
2018,Central African Republic,Basse-Kotto,0.589057445526123
2018,Central African Republic,Mbomou,0.5282402038574219
2018,Central African Republic,Haut-Mbomou,0.450556218624115
2018,Central African Republic,Bangui,0.20092268288135529
2018,Chad,Barh El Gazal,0.6528102159500122
2018,Chad,Batha,0.6481475234031677
2018,Chad,Borkou/Tibesti,0.5356569886207581
2018,Chad,Chari Baguirmi,0.6328094005584717
2018,Chad,Ennedi,0.6272557973861694
2018,Chad,Guéra,0.6091758012771606
2018,Chad,Hadjer-Lamis,0.6323372721672058
2018,Chad,Kanem,0.6751763820648193
2018,Chad,Lac,0.711433470249176
2018,Chad,Logone Occidental,0.41855233907699585
2018,Chad,Logone Oriental,0.4830830693244934
2018,Chad,Mandoul,0.5203201174736023
2018,Chad,Mayo Kebbi Est,0.5161707401275635
2018,Chad,Mayo Kebbi Ouest,0.4790070950984955
2018,Chad,Moyen Chari,0.39018040895462036
2018,Chad,N'Djaména,0.2304830700159073
2018,Chad,Ouaddaï,0.6605240702629089
2018,Chad,Salamat,0.6552097201347351
2018,Chad,Sila,0.6858500838279724
2018,Chad,Tandjilé,0.46051064133644104
2018,Chad,Wadi Fira,0.697767972946167
2018,China,East/Coastal region,0.008952601812779903
2018,China,Central region,0.011947458609938622
2018,China,Western region,0.03356572985649109
2018,Colombia,"Guajira, Cesar, Magdalena",0.05750722438097
2018,Colombia,Barranquilla A. M.,0.004330459050834179
2018,Colombia,"Atlantico, San Andres, Bolivar Norte",0.009277074597775936
2018,Colombia,"Bolivar Sur, Sucre, Cordoba",0.03930392861366272
2018,Colombia,Santanderes,0.017860593274235725
2018,Colombia,"Boyaca, Cmarca, Meta",0.011030054651200771
2018,Colombia,Medellin A.M.,0.001742115942761302
2018,Colombia,Antioquia Sin Medellin,0.054938025772571564
2018,Colombia,"Caldas, Risaralda, Quindio",0.009946816600859165
2018,Colombia,"Tolima, Huila, Caqueta",0.028001833707094193
2018,Colombia,Cali A.M.,0.002264866605401039
2018,Colombia,Valle Sin Cali Ni Litoral,0.006998605560511351
2018,Colombia,Cauca Y Nari Sin Litoral,0.03459680825471878
2018,Colombia,Litoral Pacifico,0.08742759376764297
2018,Colombia,Bogota,0.002169501967728138
2018,Colombia,Orinoquia Y Amazonia,0.03083725832402706
2018,Comoros,Mwali (Mohéli),0.22222207486629486
2018,Comoros,Ndzuwani (Ndzouani or Anjouan),0.23382578790187836
2018,Comoros,Ngazidja (Grande Comore),0.11990524083375931
2018,Congo,Kouilou,0.3705497086048126
2018,Congo,Niari,0.2540498375892639
2018,Congo,Lekoumou,0.33833175897598267
2018,Congo,Bouenza,0.2531563937664032
2018,Congo,Pool,0.3165704309940338
2018,Congo,Plateaux,0.35844123363494873
2018,Congo,Cuvette,0.240030899643898
2018,Congo,Cuvette - Ouest,0.31566759943962097
2018,Congo,Sangha,0.32926860451698303
2018,Congo,Likouala,0.310709148645401
2018,Congo,Brazzaville,0.0940093919634819
2018,Congo,Pointe-Noire,0.11441702395677567
2018,"Congo, Democratic Republic of the",Kinshasa,0.08325627446174622
2018,"Congo, Democratic Republic of the",Bandundu,0.4096989035606384
2018,"Congo, Democratic Republic of the",Bas-Congo,0.3500423729419708
2018,"Congo, Democratic Republic of the",Equateur,0.44519931077957153
2018,"Congo, Democratic Republic of the",Kasai-Occidental,0.45476043224334717
2018,"Congo, Democratic Republic of the",Kasai-Oriental,0.39940452575683594
2018,"Congo, Democratic Republic of the",Katanga,0.38007670640945435
2018,"Congo, Democratic Republic of the",Maniema,0.4207073450088501
2018,"Congo, Democratic Republic of the",Nord-Kivu,0.36964982748031616
2018,"Congo, Democratic Republic of the",Orientale,0.37612465023994446
2018,"Congo, Democratic Republic of the",Sud-Kivu,0.4274320900440216
2018,Côte d'Ivoire,Centre,0.22136327624320984
2018,Côte d'Ivoire,Centre-Est,0.21459031105041504
2018,Côte d'Ivoire,Centre-Nord,0.20903795957565308
2018,Côte d'Ivoire,Centre-Ouest,0.3126373291015625
2018,Côte d'Ivoire,Nord,0.40904590487480164
2018,Côte d'Ivoire,Nord-Est,0.3432571291923523
2018,Côte d'Ivoire,Nord-Ouest,0.4047788679599762
2018,Côte d'Ivoire,Ouest,0.3369763195514679
2018,Côte d'Ivoire,Sud sans Ville d'Abidjan,0.192027747631073
2018,Côte d'Ivoire,Sud-Ouest,0.32129430770874023
2018,Côte d'Ivoire,Ville d'Abidjan,0.04171416535973549
2018,Djibouti,Autres Districts,0.24583955109119415
2018,Djibouti,Djibouti,0.1563076376914978
2018,Dominican Republic,Cibao Nordeste,0.015948912128806114
2018,Dominican Republic,Cibao Noroeste,0.028517605736851692
2018,Dominican Republic,Cibao Norte,0.011670993641018867
2018,Dominican Republic,Cibao Sur,0.013169587589800358
2018,Dominican Republic,Del Yuma,0.03244359418749809
2018,Dominican Republic,El Valle,0.04886607453227043
2018,Dominican Republic,Enriquillo,0.038031041622161865
2018,Dominican Republic,Higuamo,0.020840631797909737
2018,Dominican Republic,Metropolitana,0.00846552662551403
2018,Dominican Republic,Valdesia,0.018617548048496246
2018,Ecuador,Azuay,0.01608138717710972
2018,Ecuador,Bolivar,0.0529036782681942
2018,Ecuador,Carchi,0.009949115104973316
2018,Ecuador,Cañar,0.015325977467000484
2018,Ecuador,Chimborazo,0.04134417325258255
2018,Ecuador,Cotopaxi,0.031399503350257874
2018,Ecuador,El Oro,0.006901464890688658
2018,Ecuador,Esmeraldas,0.02954348735511303
2018,Ecuador,Galápagos,0.003312868531793356
2018,Ecuador,Guayas,0.008250760845839977
2018,Ecuador,Imbabura,0.01756649650633335
2018,Ecuador,Loja,0.021890226751565933
2018,Ecuador,Los Rios,0.02149198018014431
2018,Ecuador,Manabi,0.027420636266469955
2018,Ecuador,Morona Santiago,0.09687542170286179
2018,Ecuador,Napo,0.04439477249979973
2018,Ecuador,Orellana,0.06754136085510254
2018,Ecuador,Pastaza,0.0817209780216217
2018,Ecuador,Pichincha,0.008477929048240185
2018,Ecuador,Santa Elena,0.016889305785298347
2018,Ecuador,Santo Domingo De Los Tsachilas,0.011264704167842865
2018,Ecuador,Sucumbios,0.03361503407359123
2018,Ecuador,Tungurahua,0.012453003786504269
2018,Ecuador,Zamora Chinchipe,0.01845722086727619
2018,Egypt,Cairo,0.009784075431525707
2018,Egypt,Alexandria,0.00724048912525177
2018,Egypt,Port Said,0.0007017544121481478
2018,Egypt,Suez,0.005108583252876997
2018,Egypt,Damietta,0.014378383755683899
2018,Egypt,Dakahlia,0.006473425775766373
2018,Egypt,Sharkia,0.02196766436100006
2018,Egypt,Kalyubia,0.00912381149828434
2018,Egypt,Kafr El-Sheikh,0.011407473124563694
2018,Egypt,Gharbia,0.01327590923756361
2018,Egypt,Menoufia,0.008192653767764568
2018,Egypt,Behera,0.0160907544195652
2018,Egypt,Ismailia,0.014075634069740772
2018,Egypt,Giza,0.026308394968509674
2018,Egypt,Beni Suef,0.034685831516981125
2018,Egypt,Fayoum,0.03722364082932472
2018,Egypt,Menya,0.030043255537748337
2018,Egypt,Assuit,0.04107366502285004
2018,Egypt,Souhag,0.042076997458934784
2018,Egypt,Qena,0.01466236263513565
2018,Egypt,Aswan,0.01829601265490055
2018,Egypt,Luxor,0.01814720593392849
2018,Egypt,Red Sea,0.017579838633537292
2018,Egypt,New Valley,0.0038682613521814346
2018,Egypt,Matroh,0.04346997290849686
2018,El Salvador,Ahuachapán,0.03524889424443245
2018,El Salvador,Cabañas,0.061749521642923355
2018,El Salvador,Chalatenango,0.042696088552474976
2018,El Salvador,Cuscatlán,0.0327785387635231
2018,El Salvador,La Libertad,0.02195071056485176
2018,El Salvador,La Paz,0.038252077996730804
2018,El Salvador,La Unión,0.06714470684528351
2018,El Salvador,Morazán,0.0384485088288784
2018,El Salvador,San Miguel,0.041201867163181305
2018,El Salvador,San Salvador,0.0134917376562953
2018,El Salvador,San Vicente,0.026444830000400543
2018,El Salvador,Santa Ana,0.030353795737028122
2018,El Salvador,Sonsonate,0.06001963093876839
2018,El Salvador,Usulután,0.03627034276723862
2018,eSwatini,Hhohho,0.0755896046757698
2018,eSwatini,Lubombo,0.11982114613056183
2018,eSwatini,Manzini,0.05141734331846237
2018,eSwatini,Shiselweni,0.11615730822086334
2018,Ethiopia,Tigray,0.45178884267807007
2018,Ethiopia,Afar,0.5716371536254883
2018,Ethiopia,Amhara,0.5005275011062622
2018,Ethiopia,Oromia,0.5275102853775024
2018,Ethiopia,Somali,0.5726689100265503
2018,Ethiopia,Benishangul,0.4734037220478058
2018,Ethiopia,SNNPR,0.4852636754512787
2018,Ethiopia,Gambela,0.3505638539791107
2018,Ethiopia,Harari,0.2976175844669342
2018,Ethiopia,Addis Adaba,0.05992906540632248
2018,Ethiopia,Dire Dawa,0.28880223631858826
2018,Gabon,Libreville/Port-Gentil,0.014045573770999908
2018,Gabon,Estuaire,0.05773107334971428
2018,Gabon,Haut-Ogooué,0.0944456160068512
2018,Gabon,Moyen-Ogooué,0.12642042338848114
2018,Gabon,Ngounié,0.1867203265428543
2018,Gabon,Nyanga,0.17851053178310394
2018,Gabon,Ogooué Maritime,0.08483012765645981
2018,Gabon,Ogooué-Ivindo,0.27014264464378357
2018,Gabon,Ogooué-Lolo,0.17745834589004517
2018,Gabon,Woleu-Ntem,0.09604015201330185
2018,Gambia,Banjul,0.07324202358722687
2018,Gambia,Kanifing,0.13112466037273407
2018,Gambia,Brikama,0.2043474316596985
2018,Gambia,Mansakonko,0.3225547671318054
2018,Gambia,Kerewan,0.362646222114563
2018,Gambia,Kuntaur,0.5245894193649292
2018,Gambia,Janjanbureh,0.42945143580436707
2018,Gambia,Basse,0.464365690946579
2018,Ghana,Western,0.08465369045734406
2018,Ghana,Central,0.1315518170595169
2018,Ghana,Greater Accra,0.0442781038582325
2018,Ghana,Volta,0.13573063910007477
2018,Ghana,Eastern,0.11795032024383545
2018,Ghana,Ashanti,0.07809075713157654
2018,Ghana,Brong Ahafo,0.1327020227909088
2018,Ghana,Northern,0.36204099655151367
2018,Ghana,Upper East,0.26078373193740845
2018,Ghana,Upper West,0.23911412060260773
2018,Guatemala,Guatemala Municipio,0.01630430296063423
2018,Guatemala,Guatemala Resto,0.03887726366519928
2018,Guatemala,El Progreso,0.08056706190109253
2018,Guatemala,Sacatepéquez,0.059884440153837204
2018,Guatemala,Chimaltenango,0.10536252707242966
2018,Guatemala,Escuintla,0.07278362661600113
2018,Guatemala,Santa Rosa,0.10276514291763306
2018,Guatemala,Sololá,0.11197726428508759
2018,Guatemala,Totonicapán,0.15760503709316254
2018,Guatemala,Quetzaltenango,0.10991188138723373
2018,Guatemala,Suchitepéquez,0.1267353594303131
2018,Guatemala,Retalhuleu,0.11507638543844223
2018,Guatemala,San Marcos,0.14802762866020203
2018,Guatemala,Huehuetenango,0.23317085206508636
2018,Guatemala,Quiché,0.22968690097332
2018,Guatemala,Baja Verapaz,0.17568984627723694
2018,Guatemala,Alta Verapaz,0.25473418831825256
2018,Guatemala,Petén,0.17384664714336395
2018,Guatemala,Izabal,0.1285780817270279
2018,Guatemala,Zacapa,0.12868189811706543
2018,Guatemala,Chiquimula,0.22324907779693604
2018,Guatemala,Jalapa,0.19262216985225677
2018,Guatemala,Jutiapa,0.1247434988617897
2018,Guinea,Boké,0.3271454870700836
2018,Guinea,Conakry,0.07039275765419006
2018,Guinea,Faranah,0.5027319192886353
2018,Guinea,Kankan,0.46004265546798706
2018,Guinea,Kindia,0.31496962904930115
2018,Guinea,Labé,0.4557684361934662
2018,Guinea,Mamou,0.43576186895370483
2018,Guinea,N'Zérékoré,0.38444703817367554
2018,Guinea-Bissau,Tombali,0.4511597752571106
2018,Guinea-Bissau,Quinara,0.4235495626926422
2018,Guinea-Bissau,Oio,0.5368330478668213
2018,Guinea-Bissau,Biombo,0.3845670223236084
2018,Guinea-Bissau,Bolama,0.3167985677719116
2018,Guinea-Bissau,Bafata,0.5357175469398499
2018,Guinea-Bissau,Gabu,0.5378965735435486
2018,Guinea-Bissau,Cacheu,0.3356141149997711
2018,Guinea-Bissau,Sab,0.15603958070278168
2018,Guyana,Coastal,0.004393352661281824
2018,Guyana,Interior,0.07499706745147705
2018,Haiti,Ouest,0.14739349484443665
2018,Haiti,Sud-Est,0.2882499396800995
2018,Haiti,Nord,0.23170770704746246
2018,Haiti,Nord-Est,0.30081483721733093
2018,Haiti,L'Artibonite,0.29224222898483276
2018,Haiti,Centre,0.3576603829860687
2018,Haiti,Sud,0.23467949032783508
2018,Haiti,Grand'Anse,0.36787912249565125
2018,Haiti,Nord-Ouest,0.28745144605636597
2018,Haiti,Nippes,0.24392247200012207
2018,Honduras,Atlántida,0.053222231566905975
2018,Honduras,Colón,0.06376669555902481
2018,Honduras,Comayagua,0.10644874721765518
2018,Honduras,Copán,0.19221661984920502
2018,Honduras,Cortés,0.02277817577123642
2018,Honduras,Choluteca,0.13162724673748016
2018,Honduras,El Paraíso,0.13752619922161102
2018,Honduras,Francisco Morazán,0.03828023001551628
2018,Honduras,Gracias a Dios,0.19866643846035004
2018,Honduras,Intibucá,0.18035762012004852
2018,Honduras,Islas de la Bahía,0.011107182130217552
2018,Honduras,La Paz,0.14885693788528442
2018,Honduras,Lempira,0.23458902537822723
2018,Honduras,Ocotepeque,0.13458958268165588
2018,Honduras,Olancho,0.11868948489427567
2018,Honduras,Santa Bárbara,0.10109489411115646
2018,Honduras,Valle,0.08916331082582474
2018,Honduras,Yoro,0.0883883684873581
2018,India,Andaman & Nicobar Islands,0.026563506573438644
2018,India,Andhra Pradesh,0.06173546612262726
2018,India,Arunachal Pradesh,0.1057647168636322
2018,India,Assam,0.15996868908405304
2018,India,Bihar,0.24602019786834717
2018,India,Chandigarh,0.019664600491523743
2018,India,Chhattisgarh,0.1505364030599594
2018,India,Dadra & Nagar Haveli,0.14020341634750366
2018,India,Daman & Diu,0.024361642077565193
2018,India,Goa,0.020848961547017097
2018,India,Gujarat,0.09016064554452896
2018,India,Haryana,0.04636426270008087
2018,India,Himachal Pradesh,0.030697884038090706
2018,India,Jammu & Kashmir,0.06338518112897873
2018,India,Jharkhand,0.20481601357460022
2018,India,Karnataka,0.06791901588439941
2018,India,Kerala,0.004025559406727552
2018,India,Lakshadweep,0.006747558247298002
2018,India,Madhya Pradesh,0.17963968217372894
2018,India,Maharashtra,0.06934532523155212
2018,India,Manipur,0.08336538821458817
2018,India,Meghalaya,0.14531798660755157
2018,India,Mizoram,0.043640442192554474
2018,India,Nagaland,0.09729383885860443
2018,India,Delhi,0.01620284467935562
2018,India,Odisha,0.15397268533706665
2018,India,Puducherry,0.012503060512244701
2018,India,Punjab,0.02499472163617611
2018,India,Rajasthan,0.14313867688179016
2018,India,Sikkim,0.01856449991464615
2018,India,Tamil Nadu,0.02778458222746849
2018,India,Tripura,0.08572307974100113
2018,India,Uttar Pradesh,0.18038037419319153
2018,India,Uttarakhand,0.07155891507863998
2018,India,West Bengal,0.10883967578411102
2018,India,Telangana,0.06890714168548584
2018,Indonesia,Aceh,0.029210977256298065
2018,Indonesia,North Sumatera,0.024917034432291985
2018,Indonesia,West Sumatera,0.026650581508874893
2018,Indonesia,Riau,0.021253662183880806
2018,Indonesia,Jambi,0.030872022733092308
2018,Indonesia,South Sumatera,0.02139083482325077
2018,Indonesia,Bengkulu,0.028634818270802498
2018,Indonesia,Lampung,0.026989471167325974
2018,Indonesia,Bangka Belitung,0.02047026716172695
2018,Indonesia,Riau Islands,0.012840346433222294
2018,Indonesia,Jakarta,0.008541380986571312
2018,Indonesia,West Java,0.020292654633522034
2018,Indonesia,Central Java,0.021384036168456078
2018,Indonesia,Yogyakarta,0.010969895869493484
2018,Indonesia,East Java,0.021494107320904732
2018,Indonesia,Banten,0.024363571777939796
2018,Indonesia,Bali,0.024180591106414795
2018,Indonesia,West Nusa Tenggara,0.04171258956193924
2018,Indonesia,East Nusa Tenggara,0.11345814168453217
2018,Indonesia,West Kalimantan,0.057511575520038605
2018,Indonesia,Central Kalimantan,0.04467138275504112
2018,Indonesia,South Kalimantan,0.04318290948867798
2018,Indonesia,East Kalimantan,0.013968214392662048
2018,Indonesia,North Sulawesi,0.024256229400634766
2018,Indonesia,Central Sulawesi,0.07339929789304733
2018,Indonesia,South Sulawesi,0.02911035716533661
2018,Indonesia,Southeast Sulawesi,0.05911531299352646
2018,Indonesia,Gorontalo,0.06660181283950806
2018,Indonesia,West Sulawesi,0.10033193230628967
2018,Indonesia,Maluku,0.04893014580011368
2018,Indonesia,North Maluku,0.05704822763800621
2018,Indonesia,West Papua,0.07621553540229797
2018,Indonesia,Papua,0.21581028401851654
2018,Iraq,Al-Anbar,0.07817012071609497
2018,Iraq,Al-Muthanna,0.10890321433544159
2018,Iraq,Al-Najaf,0.0648355782032013
2018,Iraq,Al-Qadisiya,0.10542750358581543
2018,Iraq,Babil,0.055716872215270996
2018,Iraq,Baghdad,0.04066424071788788
2018,Iraq,Basrah,0.056124087423086166
2018,Iraq,Diyala,0.05680495873093605
2018,Iraq,Dohuk,0.039671339094638824
2018,Iraq,Erbil,0.0321999192237854
2018,Iraq,Karbala,0.0677744448184967
2018,Iraq,Kirkuk,0.02713799476623535
2018,Iraq,Missan,0.11719117313623428
2018,Iraq,Ninewa,0.07145446538925171
2018,Iraq,Salahaddin,0.07706567645072937
2018,Iraq,Suleimaniya,0.015132695436477661
2018,Iraq,Thi-Qar,0.07763316482305527
2018,Iraq,Wasit,0.08994363993406296
2018,Jamaica,Kingston,0.0
2018,Jamaica,St. Andrew,0.011375077068805695
2018,Jamaica,St. Thomas,0.02606271207332611
2018,Jamaica,Portland,0.023081056773662567
2018,Jamaica,St. Mary,0.020371753722429276
2018,Jamaica,St. Ann,0.034686729311943054
2018,Jamaica,Trelawny,0.01609196700155735
2018,Jamaica,St. James,0.02720843069255352
2018,Jamaica,Hanover,0.0016149061266332865
2018,Jamaica,Westmoreland,0.010735501535236835
2018,Jamaica,St. Elizabeth,0.015216906554996967
2018,Jamaica,Manchester,0.008405588567256927
2018,Jamaica,Clarendon,0.02879161760210991
2018,Jamaica,St. Catherine,0.022440480068325996
2018,Kenya,Coast,0.2222559005022049
2018,Kenya,North Eastern,0.5033473968505859
2018,Kenya,Eastern,0.19063587486743927
2018,Kenya,Central,0.07944121211767197
2018,Kenya,Rift Valley,0.2106209099292755
2018,Kenya,Western,0.18276925384998322
2018,Kenya,Nyanza,0.17502278089523315
2018,Kenya,Nairobi,0.03833317756652832
2018,Kyrgyzstan,Batken,0.021898886188864708
2018,Kyrgyzstan,Bishkek City,0.0
2018,Kyrgyzstan,Chui,0.0007266819011420012
2018,Kyrgyzstan,Djalal-Abad,0.014843624085187912
2018,Kyrgyzstan,Issyk-Kul,0.0028124472592025995
2018,Kyrgyzstan,Naryn,0.008553705178201199
2018,Kyrgyzstan,Osh City,0.002204911783337593
2018,Kyrgyzstan,Osh Oblast,0.01325906440615654
2018,Kyrgyzstan,Talas,0.0021883619483560324
2018,Laos,Attapeu,0.2625526785850525
2018,Laos,Bokeo,0.25824233889579773
2018,Laos,Borikhamxay,0.13354088366031647
2018,Laos,Champasack,0.1886589527130127
2018,Laos,Huaphanh,0.22788889706134796
2018,Laos,Khammuane,0.24521736800670624
2018,Laos,Luangnamtha,0.21026654541492462
2018,Laos,Luangprabang,0.23701496422290802
2018,Laos,Oudomxay,0.30824241042137146
2018,Laos,Phongsaly,0.34986206889152527
2018,Laos,Saravane,0.39134475588798523
2018,Laos,Savannakhet,0.2732527554035187
2018,Laos,Sekong,0.31920620799064636
2018,Laos,Vientiane,0.09830624610185623
2018,Laos,Vientiane Capital,0.019910452887415886
2018,Laos,Xayabury,0.13794651627540588
2018,Laos,Xiengkhuang,0.2122626006603241
2018,Lesotho,Botha-Bothe,0.1851843148469925
2018,Lesotho,Leribe,0.10934127867221832
2018,Lesotho,Berea,0.1036139503121376
2018,Lesotho,Maseru,0.07766157388687134
2018,Lesotho,Mafeteng,0.12870100140571594
2018,Lesotho,Mohale'S Hoek,0.21144556999206543
2018,Lesotho,Quthing,0.17047832906246185
2018,Lesotho,Qacha'S-Nek,0.1772822141647339
2018,Lesotho,Mokhotlong,0.281045526266098
2018,Lesotho,Thaba Tseka,0.2727015018463135
2018,Liberia,Bomi,0.37585359811782837
2018,Liberia,Bong,0.489991158246994
2018,Liberia,Gbarpolu,0.4475816488265991
2018,Liberia,Grand Bassa,0.46979227662086487
2018,Liberia,Grand Cape Mount,0.4149348735809326
2018,Liberia,Grand Gedeh,0.3060271143913269
2018,Liberia,Grand Kru,0.40826860070228577
2018,Liberia,Lofa,0.4187906086444855
2018,Liberia,Margibi,0.3202964961528778
2018,Liberia,Maryland,0.3529697060585022
2018,Liberia,Montserrado,0.19074493646621704
2018,Liberia,Nimba,0.3672310411930084
2018,Liberia,River Cess,0.4726438820362091
2018,Liberia,River Gee,0.39331290125846863
2018,Liberia,Sinoe,0.3932558596134186
2018,Libya,Tubruk,0.008726447820663452
2018,Libya,Derna,0.009451299905776978
2018,Libya,El-Jabal El-Akhdar,0.015718325972557068
2018,Libya,El-Marj,0.00594630092382431
2018,Libya,Ben-Ghazi,0.0031609172001481056
2018,Libya,Ajdabya,0.01303287222981453
2018,Libya,El-Wahat/El-Kufra,0.004703197628259659
2018,Libya,Sert/Jafra,0.0051169986836612225
2018,Libya,Sebha/El-Shate,0.006962393876165152
2018,Libya,Murzuk,0.0035763648338615894
2018,Libya,Wadi El-Hayat,0.013910858891904354
2018,Libya,Musrata,0.0035595898516476154
2018,Libya,El-Merqab,0.008624382317066193
2018,Libya,Tarhuna,0.0031063109636306763
2018,Libya,Tripoli,0.014234942384064198
2018,Libya,Qasr Ben-Ghesheer,0.004886142909526825
2018,Libya,Jfara,0.002734167268499732
2018,Libya,El-Zawya,0.0019973970483988523
2018,Libya,Zwara,0.00308602605946362
2018,Libya,El-Jabal El-Gharbi,0.004912989214062691
2018,Libya,Nalut,0.0033548311330378056
2018,Madagascar,Analamanga,0.244033083319664
2018,Madagascar,Vakinankaratra,0.46923401951789856
2018,Madagascar,Itasy,0.4993881285190582
2018,Madagascar,Bongolava,0.44189298152923584
2018,Madagascar,Haute Matsiatra,0.4921385943889618
2018,Madagascar,Anamoroni'I Mania,0.5078936219215393
2018,Madagascar,Vatovavy Fitovinany,0.5887988805770874
2018,Madagascar,Ihorombe,0.5623721480369568
2018,Madagascar,Atsimo Atsinanana,0.6394119262695312
2018,Madagascar,Atsinanana,0.38591471314430237
2018,Madagascar,Analanjirofo,0.49440911412239075
2018,Madagascar,Alaotra Mangoro,0.4004703164100647
2018,Madagascar,Boeny,0.39337030053138733
2018,Madagascar,Sofia,0.4780906140804291
2018,Madagascar,Betsiboka,0.5032853484153748
2018,Madagascar,Melaky,0.5735071897506714
2018,Madagascar,Atsimo Andrefana,0.5158566236495972
2018,Madagascar,Androy,0.6253092288970947
2018,Madagascar,Anosy,0.5859150290489197
2018,Madagascar,Menabe,0.49540451169013977
2018,Madagascar,Diana,0.38984885811805725
2018,Madagascar,Sava,0.4458092749118805
2018,Malawi,Chitipa,0.13651925325393677
2018,Malawi,Karonga,0.1808992624282837
2018,Malawi,Nkhatabay,0.21548326313495636
2018,Malawi,Rumphi,0.16043619811534882
2018,Malawi,Mzimba,0.16352137923240662
2018,Malawi,Likoma,0.11977364122867584
2018,Malawi,Kasungu,0.23268088698387146
2018,Malawi,Nkhota kota,0.20752815902233124
2018,Malawi,Ntchisi,0.28201574087142944
2018,Malawi,Dowa,0.2729957699775696
2018,Malawi,Salima,0.3274175524711609
2018,Malawi,Mchinji,0.2962980270385742
2018,Malawi,Dedza,0.3131204843521118
2018,Malawi,Ntcheu,0.21901050209999084
2018,Malawi,Lilongwe,0.21239197254180908
2018,Malawi,Mangochi,0.31409695744514465
2018,Malawi,Machinga,0.32277193665504456
2018,Malawi,Chiradzulu,0.21214409172534943
2018,Malawi,Mwanza,0.24842849373817444
2018,Malawi,Thyolo,0.23911751806735992
2018,Malawi,Mulange,0.26238396763801575
2018,Malawi,Phalombe,0.30667808651924133
2018,Malawi,Chikwawa,0.30442583560943604
2018,Malawi,Nsanje,0.284135103225708
2018,Malawi,Balaka,0.24931500852108002
2018,Malawi,Neno,0.2932695150375366
2018,Malawi,Zomba,0.2354278266429901
2018,Malawi,Blantyre,0.15854640305042267
2018,Mali,Bamako,0.12937963008880615
2018,Mali,Gao,0.5230368971824646
2018,Mali,Kayes,0.46570438146591187
2018,Mali,Koulikoro,0.4597207307815552
2018,Mali,Mopti,0.5676522254943848
2018,Mali,Sikasso,0.4822700619697571
2018,Mali,Ségou,0.5186203122138977
2018,Mali,Timbuktu,0.5717836022377014
2018,Mauritania,Adrar,0.16922158002853394
2018,Mauritania,Assaba,0.3607751429080963
2018,Mauritania,Brakna,0.33584558963775635
2018,Mauritania,Dakhlet Nouadhibou,0.033659111708402634
2018,Mauritania,Gorgol,0.35959210991859436
2018,Mauritania,Guidimaka,0.4207800626754761
2018,Mauritania,Hodh ech Chargui,0.38715624809265137
2018,Mauritania,Hodh el Gharbi,0.3354591727256775
2018,Mauritania,Inchiri,0.07336679846048355
2018,Mauritania,Nouakchott,0.07415284216403961
2018,Mauritania,Tagant,0.26218855381011963
2018,Mauritania,Tiris Zemmour,0.03065400756895542
2018,Mauritania,Trarza,0.19070306420326233
2018,Mexico,Norte,0.020593736320734024
2018,Mexico,Centro,0.01984989084303379
2018,Mexico,Mexico City,0.011576984077692032
2018,Mexico,Sur,0.04245983436703682
2018,Mongolia,Central,0.04104749485850334
2018,Mongolia,Eastern,0.049005962908267975
2018,Mongolia,Khangai,0.07215087860822678
2018,Mongolia,Ulaanbaatar,0.008432925678789616
2018,Mongolia,Western,0.09936687350273132
2018,Morocco,Chaouia Ourdigha,0.08543436229228973
2018,Morocco,Doukkala-Abda,0.08050747960805893
2018,Morocco,El Gharb-Chrarda Bni Hssen,0.11433903127908707
2018,Morocco,Fes-Boulemane,0.05412512645125389
2018,Morocco,Grand Casablanca,0.006793176755309105
2018,Morocco,Marrakech-Tensift-El Haouz,0.14673632383346558
2018,Morocco,Meknes-Tafilalet,0.06880355626344681
2018,Morocco,Rabat-Salé-Zemmour-Zair,0.030633462592959404
2018,Morocco,Region Oriental,0.06504751741886139
2018,Morocco,Sahara,0.02488858625292778
2018,Morocco,Souss-Massa-Draa,0.1332639753818512
2018,Morocco,Tadla-Azilal,0.0921056866645813
2018,Morocco,Tanger-Tetouan,0.09668853878974915
2018,Morocco,Taza-Al Hoceima-Taounate,0.13937562704086304
2018,Mozambique,Niassa,0.4691047668457031
2018,Mozambique,Cabo Delgado,0.5372406244277954
2018,Mozambique,Nampula,0.44791343808174133
2018,Mozambique,Zambezia,0.5329660177230835
2018,Mozambique,Tete,0.4768923223018646
2018,Mozambique,Manica,0.3311517834663391
2018,Mozambique,Sofala,0.4020898640155792
2018,Mozambique,Inhambane,0.3589370846748352
2018,Mozambique,Gaza,0.34960782527923584
2018,Mozambique,Maputo Provincia,0.14194950461387634
2018,Mozambique,Maputo Cidade,0.04139496013522148
2018,Myanmar,Kachin,0.12108898907899857
2018,Myanmar,Kayah,0.13078922033309937
2018,Myanmar,Kayin,0.23137763142585754
2018,Myanmar,Chin,0.18494893610477448
2018,Myanmar,Sagaing,0.15757770836353302
2018,Myanmar,Taninthayi,0.18790915608406067
2018,Myanmar,Bago,0.17789342999458313
2018,Myanmar,Magway,0.17790310084819794
2018,Myanmar,Mandalay,0.13660578429698944
2018,Myanmar,Mon,0.15147534012794495
2018,Myanmar,Rakhine,0.30230712890625
2018,Myanmar,Yangon,0.06767283380031586
2018,Myanmar,Shan,0.23468367755413055
2018,Myanmar,Ayeyarwaddy,0.23733098804950714
2018,Myanmar,Naypyitaw,0.14597855508327484
2018,Namibia,Caprivi,0.2000424563884735
2018,Namibia,Erongo,0.04131535813212395
2018,Namibia,Hardap,0.08340418338775635
2018,Namibia,Karas,0.09694720059633255
2018,Namibia,Kavango,0.350799024105072
2018,Namibia,Khomas,0.04519560560584068
2018,Namibia,Kunene,0.2542712092399597
2018,Namibia,Ohangwena,0.3324744701385498
2018,Namibia,Omaheke,0.2200462520122528
2018,Namibia,Omusati,0.2685784697532654
2018,Namibia,Oshana,0.14046038687229156
2018,Namibia,Oshikoto,0.21504707634449005
2018,Namibia,Otjozondjupa,0.1030326560139656
2018,Nepal,Province 1,0.127116397023201
2018,Nepal,Province 2,0.245550736784935
2018,Nepal,Province 3,0.08391999453306198
2018,Nepal,Province 4,0.0845833346247673
2018,Nepal,Province 5,0.14796242117881775
2018,Nepal,Province 6,0.2433468997478485
2018,Nepal,Province 7,0.15410996973514557
2018,Nicaragua,Boaco,0.12432850897312164
2018,Nicaragua,Carazo,0.02010914869606495
2018,Nicaragua,Chinandega,0.038004714995622635
2018,Nicaragua,Chontales,0.07882315665483475
2018,Nicaragua,Esteli,0.04110858961939812
2018,Nicaragua,Granada,0.032883211970329285
2018,Nicaragua,Jinotega,0.20989106595516205
2018,Nicaragua,Leon,0.038113005459308624
2018,Nicaragua,Madriz,0.11181269586086273
2018,Nicaragua,Managua,0.01564062386751175
2018,Nicaragua,Masaya,0.01864897646009922
2018,Nicaragua,Matagalpa,0.10341118276119232
2018,Nicaragua,Nueva Segovia,0.12031617760658264
2018,Nicaragua,Raan,0.1691737174987793
2018,Nicaragua,Raas,0.1510641723871231
2018,Nicaragua,Rio San Juan,0.13547267019748688
2018,Nicaragua,Rivas,0.029001204296946526
2018,Niger,Agadez,0.4138537049293518
2018,Niger,Diffa,0.5661163926124573
2018,Niger,Dosso,0.6156508922576904
2018,Niger,Maradi,0.6369249224662781
2018,Niger,Tahoua,0.6250599026679993
2018,Niger,Tillaberi,0.6050150990486145
2018,Niger,Zinder,0.6196138262748718
2018,Niger,Niamey,0.22628720104694366
2018,Nigeria,Abia,0.04267352819442749
2018,Nigeria,Adamawa,0.32307055592536926
2018,Nigeria,Akwa Ibom,0.09226592630147934
2018,Nigeria,Anambra,0.03834544122219086
2018,Nigeria,Bauchi,0.5035404562950134
2018,Nigeria,Bayelsa,0.10261458903551102
2018,Nigeria,Benue,0.18341293931007385
2018,Nigeria,Borno,0.33704766631126404
2018,Nigeria,Cross River,0.11998341977596283
2018,Nigeria,Delta,0.05465369299054146
2018,Nigeria,Ebonyi,0.17027238011360168
2018,Nigeria,Edo,0.020656391978263855
2018,Nigeria,Ekiti,0.054674405604600906
2018,Nigeria,Enugu,0.03881357982754707
2018,Nigeria,FCT Abuja,0.11776994168758392
2018,Nigeria,Gombe,0.4583697021007538
2018,Nigeria,Imo,0.03568283095955849
2018,Nigeria,Jigawa,0.5329253077507019
2018,Nigeria,Kaduna,0.2956380546092987
2018,Nigeria,Kano,0.4014918804168701
2018,Nigeria,Katsina,0.46408358216285706
2018,Nigeria,Kebbi,0.49318090081214905
2018,Nigeria,Kogi,0.13644367456436157
2018,Nigeria,Kwara,0.14682917296886444
2018,Nigeria,Lagos,0.01015540398657322
2018,Nigeria,Nasarawa,0.2759287655353546
2018,Nigeria,Niger,0.36350223422050476
2018,Nigeria,Ogun,0.05883193761110306
2018,Nigeria,Ondo,0.08672178536653519
2018,Nigeria,Osun,0.04558970034122467
2018,Nigeria,Oyo,0.11149424314498901
2018,Nigeria,Plateau,0.28245213627815247
2018,Nigeria,Rivers,0.029490351676940918
2018,Nigeria,Sokoto,0.538391649723053
2018,Nigeria,Taraba,0.3372812867164612
2018,Nigeria,Yobe,0.4910541772842407
2018,Nigeria,Zamfara,0.5222997069358826
2018,Pakistan,Balochistan,0.40506958961486816
2018,Pakistan,Gilgit Baltistan,0.2592580318450928
2018,Pakistan,Islamabad (ICT),0.03664489835500717
2018,Pakistan,Khyber Pakhtunkhwa,0.23918896913528442
2018,Pakistan,Punjab,0.18225471675395966
2018,Pakistan,Sindh,0.2957456409931183
2018,Paraguay,Alto Paraguay,0.06340762972831726
2018,Paraguay,Alto Paraná,0.013120547868311405
2018,Paraguay,Asunción,0.0007704893941991031
2018,Paraguay,Boquerón,0.0797363668680191
2018,Paraguay,Caaguazú,0.019556086510419846
2018,Paraguay,Central,0.002713196212425828
2018,Paraguay,Itapúa,0.02910098433494568
2018,Paraguay,Resto,0.03579036518931389
2018,Paraguay,San Pedro,0.0266793854534626
2018,Peru,Amazonas,0.12042195349931717
2018,Peru,Ancash,0.053736671805381775
2018,Peru,Apurimac,0.10012730211019516
2018,Peru,Arequipa,0.011382740922272205
2018,Peru,Ayacucho,0.08497713506221771
2018,Peru,Cajamarca,0.11697141826152802
2018,Peru,Callao,0.002633157651871443
2018,Peru,Cusco,0.06916022300720215
2018,Peru,Huancavelica,0.1252022683620453
2018,Peru,Huanuco,0.11986672133207321
2018,Peru,Ica,0.012546383775770664
2018,Peru,Junin,0.04782102257013321
2018,Peru,La Libertad,0.06080592796206474
2018,Peru,Lambayeque,0.042812202125787735
2018,Peru,Lima,0.0053426348604261875
2018,Peru,Loreto,0.18322642147541046
2018,Peru,Madre de Dios,0.03296913579106331
2018,Peru,Moquegua,0.016749296337366104
2018,Peru,Pasco,0.07099428027868271
2018,Peru,Piura,0.060559771955013275
2018,Peru,Puno,0.0743175819516182
2018,Peru,San Martin,0.07459576427936554
2018,Peru,Tacna,0.011323792859911919
2018,Peru,Tumbes,0.014761161990463734
2018,Peru,Ucayali,0.0810040831565857
2018,Philippines,National Capital Region,0.009875609539449215
2018,Philippines,Cordillera Admin Region,0.020884837955236435
2018,Philippines,Ilocos Region,0.01315491646528244
2018,Philippines,Cagayan Valley,0.031740620732307434
2018,Philippines,Central Luzon,0.02254766970872879
2018,Philippines,Calabarzon,0.01489089336246252
2018,Philippines,Mimaropa,0.07440090924501419
2018,Philippines,Bicol,0.05060894042253494
2018,Philippines,Western Visayas,0.04266372323036194
2018,Philippines,Central Visayas,0.04595337435603142
2018,Philippines,Eastern Visayas,0.04149053618311882
2018,Philippines,Zamboanga Peninsula,0.05094451457262039
2018,Philippines,Northern Mindanao,0.06330304592847824
2018,Philippines,Davao,0.06490878015756607
2018,Philippines,Soccsksargen,0.06940727680921555
2018,Philippines,Caraga,0.049075305461883545
2018,Philippines,Armm,0.1564563512802124
2018,Rwanda,East,0.28581875562667847
2018,Rwanda,Kigali City,0.11766668409109116
2018,Rwanda,North,0.24532435834407806
2018,Rwanda,South,0.3051842749118805
2018,Rwanda,West,0.2896904945373535
2018,Sao Tome and Principe,Região Autonoma de Principe,0.07535196840763092
2018,Sao Tome and Principe,Região Centro Este,0.06845708936452866
2018,Sao Tome and Principe,Região Norte Oste,0.14248496294021606
2018,Sao Tome and Principe,Região Sul Este,0.14524368941783905
2018,Senegal,Nord,0.36486703157424927
2018,Senegal,Ouest,0.12656043469905853
2018,Senegal,Centre,0.3990049362182617
2018,Senegal,Sud,0.4155901372432709
2018,Sierra Leone,Kailahun,0.47519582509994507
2018,Sierra Leone,Kenema,0.4323582053184509
2018,Sierra Leone,Kono,0.47190192341804504
2018,Sierra Leone,Bombali,0.37946006655693054
2018,Sierra Leone,Kambia,0.5331972241401672
2018,Sierra Leone,Koinadugu,0.5466312170028687
2018,Sierra Leone,Port Loko,0.4719412922859192
2018,Sierra Leone,Tonkolili,0.4895075857639313
2018,Sierra Leone,Bo,0.4079328775405884
2018,Sierra Leone,Bonthe,0.4898435175418854
2018,Sierra Leone,Moyamba,0.5057425498962402
2018,Sierra Leone,Pujehun,0.49872496724128723
2018,Sierra Leone,Western Rural,0.24429000914096832
2018,Sierra Leone,Western Urban,0.1722981035709381
2018,Somalia,Central South,0.5715239644050598
2018,Somalia,North East,0.4779340624809265
2018,Somalia,North West,0.38286980986595154
2018,Sudan,Blue Nile,0.37117159366607666
2018,Sudan,Central Darfur,0.49183517694473267
2018,Sudan,East Darfur,0.4508957266807556
2018,Sudan,Al Qadarif,0.38827723264694214
2018,Sudan,Al Jazirah,0.16709119081497192
2018,Sudan,Kassala,0.36183857917785645
2018,Sudan,Khartoum,0.07143166661262512
2018,Sudan,North Darfur,0.4440082907676697
2018,Sudan,North Kurdufan,0.33414745330810547
2018,Sudan,Northern,0.033779874444007874
2018,Sudan,Red Sea,0.2274284064769745
2018,Sudan,River Nile,0.08633371442556381
2018,Sudan,Sennar,0.2708163559436798
2018,Sudan,South Darfur,0.3999565541744232
2018,Sudan,South Kurdufan,0.40816131234169006
2018,Sudan,West Darfur,0.4523448050022125
2018,Sudan,West Kurdufan,0.46926403045654297
2018,Sudan,White Nile,0.2581654191017151
2018,Suriname,Brokopondo,0.09730825573205948
2018,Suriname,Commewijne,0.01368633285164833
2018,Suriname,Coronie,0.005747126415371895
2018,Suriname,Marowijne,0.058525972068309784
2018,Suriname,Nickerie,0.020734108984470367
2018,Suriname,Para,0.04471888020634651
2018,Suriname,Paramaribo,0.013976240530610085
2018,Suriname,Saramacca,0.020255010575056076
2018,Suriname,Sipaliwini,0.258535236120224
2018,Suriname,Wanica,0.02783605456352234
2018,Syria,Damascus,0.007730147335678339
2018,Syria,Halab,0.049072377383708954
2018,Syria,Rural Damascus,0.02060815319418907
2018,Syria,Hums,0.01373293250799179
2018,Syria,Hama,0.016398288309574127
2018,Syria,Lateqia,0.005123395472764969
2018,Syria,Edlb,0.03191593289375305
2018,Syria,Hasaka,0.03666768968105316
2018,Syria,Dir Ezor,0.07504336535930634
2018,Syria,Tartous,0.0006086761713959277
2018,Syria,Raqa,0.048502467572689056
2018,Syria,Daraa,0.0184377059340477
2018,Syria,As-Suwayda,0.003762909909710288
2018,Syria,Qonitara,0.021708780899643898
2018,Tajikistan,Dushanbe,0.015086296014487743
2018,Tajikistan,GBAO,0.053556960076093674
2018,Tajikistan,Sughd,0.03445272892713547
2018,Tajikistan,DRS,0.0371592715382576
2018,Tajikistan,Khatlon,0.0769728273153305
2018,Tanzania,Western,0.3835296928882599
2018,Tanzania,Northern,0.19896797835826874
2018,Tanzania,Central,0.32473745942115784
2018,Tanzania,Southern Highlands,0.22528421878814697
2018,Tanzania,Southern,0.2760776877403259
2018,Tanzania,South West Highlands,0.31097060441970825
2018,Tanzania,Lake,0.33288317918777466
2018,Tanzania,Eastern,0.1331510841846466
2018,Tanzania,Zanzibar,0.12550829350948334
2018,TFYR of Macedonia,East,0.01642189361155033
2018,TFYR of Macedonia,Northeast,0.005290791857987642
2018,TFYR of Macedonia,Pelagonia,0.0036925366148352623
2018,TFYR of Macedonia,Polog,0.017488675191998482
2018,TFYR of Macedonia,Skopje,0.006350656505674124
2018,TFYR of Macedonia,Southeast,0.003681625472381711
2018,TFYR of Macedonia,Southwest,0.017500827088952065
2018,TFYR of Macedonia,Vardar,0.013412199914455414
2018,Thailand,Bangkok,0.00032348305103369057
2018,Thailand,Central,0.0033203435596078634
2018,Thailand,North,0.006491379346698523
2018,Thailand,Northeast,0.002221710979938507
2018,Thailand,South,0.002655601128935814
2018,Timor-Leste,Aileu,0.22778896987438202
2018,Timor-Leste,Ainaro,0.30952900648117065
2018,Timor-Leste,Baucau,0.1987541913986206
2018,Timor-Leste,Bobonaro,0.24508342146873474
2018,Timor-Leste,Covalima,0.22856853902339935
2018,Timor-Leste,Dili,0.09338777512311935
2018,Timor-Leste,Ermera,0.31915000081062317
2018,Timor-Leste,Lautem,0.17517660558223724
2018,Timor-Leste,Liquica,0.22463291883468628
2018,Timor-Leste,Manatuto,0.20641803741455078
2018,Timor-Leste,Manufahi,0.21121542155742645
2018,Timor-Leste,Oecussi,0.3218308389186859
2018,Timor-Leste,Viqueque,0.20506583154201508
2018,Togo,Lomé,0.06575382500886917
2018,Togo,Maritime (sans Lomé),0.17472510039806366
2018,Togo,Plateaux,0.3175947666168213
2018,Togo,Centrale,0.23924881219863892
2018,Togo,Kara,0.31382355093955994
2018,Togo,Savanes,0.43599143624305725
2018,Uganda,Kampala,0.026393838226795197
2018,Uganda,Central 1,0.14592477679252625
2018,Uganda,Central 2,0.2139567881822586
2018,Uganda,Busoga,0.25054264068603516
2018,Uganda,Bukedi,0.29950931668281555
2018,Uganda,Bugishu,0.2821486294269562
2018,Uganda,Teso,0.3219960331916809
2018,Uganda,Karamoja,0.6308088898658752
2018,Uganda,Lango,0.36340978741645813
2018,Uganda,Acholi,0.3546181619167328
2018,Uganda,West Nile,0.4123149514198303
2018,Uganda,Bunyoro,0.3484344482421875
2018,Uganda,Tooro,0.3010420501232147
2018,Uganda,Ankole,0.2809903621673584
2018,Uganda,Kigezi,0.254034161567688
2018,Uzbekistan,Central,0.016252420842647552
2018,Uzbekistan,Central East,0.006913959514349699
2018,Uzbekistan,East,0.014244397170841694
2018,Uzbekistan,Southern,0.030230017378926277
2018,Uzbekistan,Tashkent,0.0032565707806497812
2018,Uzbekistan,Western,0.018606090918183327
2018,Viet Nam,Central Highlands,0.041217025369405746
2018,Viet Nam,Mekong River Delta,0.03627997264266014
2018,Viet Nam,North Central & Central Coastal Area,0.010483376681804657
2018,Viet Nam,Northern Midlands & Mountain Area,0.040321119129657745
2018,Viet Nam,Red River Delta,0.0036455998197197914
2018,Viet Nam,South East,0.011328780092298985
2018,Yemen,Ibb,0.22195976972579956
2018,Yemen,Abyan,0.14180698990821838
2018,Yemen,Sanaa City,0.04526210576295853
2018,Yemen,Al-Baidha,0.20812256634235382
2018,Yemen,Taiz,0.2114168107509613
2018,Yemen,Al-Jawf,0.29092708230018616
2018,Yemen,Hajjah,0.457381010055542
2018,Yemen,Al-Hodiedah,0.32261329889297485
2018,Yemen,Hadramout,0.11858754605054855
2018,Yemen,Dhamar,0.3257385194301605
2018,Yemen,Shabwah,0.17127850651741028
2018,Yemen,Sadah,0.3036293089389801
2018,Yemen,Sanaa,0.27021461725234985
2018,Yemen,Aden,0.059919048100709915
2018,Yemen,Lahj,0.20502591133117676
2018,Yemen,Mareb,0.2172369509935379
2018,Yemen,Al-Mhweit,0.3447957932949066
2018,Yemen,Al-Mhrah,0.10865987092256546
2018,Yemen,Amran,0.3457193076610565
2018,Yemen,Aldhalae,0.21676822006702423
2018,Yemen,Reimah,0.38778945803642273
2018,Zambia,Central,0.26972445845603943
2018,Zambia,Copperbelt,0.13744157552719116
2018,Zambia,Eastern,0.3549477756023407
2018,Zambia,Luapula,0.37926992774009705
2018,Zambia,Lusaka,0.10144361853599548
2018,Zambia,Muchinga,0.3409004509449005
2018,Zambia,Northern,0.3796350359916687
2018,Zambia,North-Western,0.3300272226333618
2018,Zambia,Southern,0.26557329297065735
2018,Zambia,Western,0.3746100962162018
2018,Zimbabwe,Manicaland,0.17295525968074799
2018,Zimbabwe,Mashonaland Central,0.2068791389465332
2018,Zimbabwe,Mashonaland East,0.1347225457429886
2018,Zimbabwe,Mashonaland West,0.17866875231266022
2018,Zimbabwe,Matabeleland North,0.21027933061122894
2018,Zimbabwe,Matabeleland South,0.17442883551120758
2018,Zimbabwe,Midlands,0.17573405802249908
2018,Zimbabwe,Masvingo,0.1742294430732727
2018,Zimbabwe,Harare,0.03607788681983948
2018,Zimbabwe,Bulawayo,0.00976566132158041
2019,Afghanistan,Badakhshan,0.32644882798194885
2019,Afghanistan,Badghis,0.42630645632743835
2019,Afghanistan,Baghlan,0.2990560233592987
2019,Afghanistan,Balkh,0.22855764627456665
2019,Afghanistan,Bamyan,0.2555253505706787
2019,Afghanistan,Daykundi,0.2806992828845978
2019,Afghanistan,Farah,0.3357503116130829
2019,Afghanistan,Faryab,0.1943129301071167
2019,Afghanistan,Ghazni,0.24108406901359558
2019,Afghanistan,Ghor,0.2731410562992096
2019,Afghanistan,Helmand,0.323986679315567
2019,Afghanistan,Herat,0.3087542653083801
2019,Afghanistan,Jawzjan,0.2550658583641052
2019,Afghanistan,Kabul,0.07856565713882446
2019,Afghanistan,Kandahar,0.42790019512176514
2019,Afghanistan,Kapisa,0.20034407079219818
2019,Afghanistan,Khost,0.2950884997844696
2019,Afghanistan,Kunarha,0.30822810530662537
2019,Afghanistan,Kunduz,0.30683577060699463
2019,Afghanistan,Laghman,0.3571728467941284
2019,Afghanistan,Logar,0.21621167659759521
2019,Afghanistan,Nangarhar,0.266356885433197
2019,Afghanistan,Nimroz,0.24170270562171936
2019,Afghanistan,Nooristan,0.5552822351455688
2019,Afghanistan,Paktika,0.2247440367937088
2019,Afghanistan,Paktya,0.26124635338783264
2019,Afghanistan,Panjsher,0.12888798117637634
2019,Afghanistan,Parwan,0.2719736695289612
2019,Afghanistan,Samangan,0.33522623777389526
2019,Afghanistan,Sar-e-Pul,0.3471314311027527
2019,Afghanistan,Takhar,0.29408982396125793
2019,Afghanistan,Urozgan,0.5367594361305237
2019,Afghanistan,Wardak,0.3047778606414795
2019,Afghanistan,Zabul,0.18378931283950806
2019,Algeria,Hauts Plateaux-Centre,0.02731100283563137
2019,Algeria,Hauts Plateaux-Est,0.005910029634833336
2019,Algeria,Hauts Plateaux-Ouest,0.017911912873387337
2019,Algeria,Nord-Centre,0.0033191856928169727
2019,Algeria,Nord-Est,0.0036123348399996758
2019,Algeria,Nord-Ouest,0.006764593068510294
2019,Algeria,Sud,0.017349308356642723
2019,Angola,Bengo,0.3324211537837982
2019,Angola,Benguela,0.3222648501396179
2019,Angola,Bié,0.47513896226882935
2019,Angola,Cabinda,0.1539982259273529
2019,Angola,Cuando Cubango,0.419756680727005
2019,Angola,Cuanza Norte,0.330143541097641
2019,Angola,Cuanza Sul,0.4597669243812561
2019,Angola,Cunene,0.41969895362854004
2019,Angola,Huambo,0.3759138882160187
2019,Angola,Huíla,0.4022075831890106
2019,Angola,Luanda,0.07434196025133133
2019,Angola,Lunda Norte,0.43151137232780457
2019,Angola,Lunda Sul,0.3549840450286865
2019,Angola,Malanje,0.33940908312797546
2019,Angola,Moxico,0.42480799555778503
2019,Angola,Namibe,0.27500027418136597
2019,Angola,Uíge,0.3914613127708435
2019,Angola,Zaire,0.21605581045150757
2019,Bangladesh,Barisal,0.22017715871334076
2019,Bangladesh,Chittagong,0.1888277381658554
2019,Bangladesh,Dhaka,0.17779773473739624
2019,Bangladesh,Khulna,0.15388531982898712
2019,Bangladesh,Rajshahi,0.1940997689962387
2019,Bangladesh,Rangpur,0.20466400682926178
2019,Bangladesh,Sylhet,0.32918477058410645
2019,Barbados,Christ Church & St. Philip,0.008917463943362236
2019,Barbados,St Michael,0.010772211477160454
2019,Barbados,"St. James, St. George, & St.Thomas",0.007815757766366005
2019,Barbados,"St. Lucy, St. Peter, St. Andrew, St. Joseph, & St. John",0.005703152157366276
2019,Belize,Belize (ex. Belize City South Side),0.003390685422345996
2019,Belize,Belize City South Side,0.0022175018675625324
2019,Belize,Cayo,0.014068770222365856
2019,Belize,Corozal,0.008625715970993042
2019,Belize,Orange Walk,0.014935559593141079
2019,Belize,Stann Creek,0.01713312789797783
2019,Belize,Toledo,0.07701072096824646
2019,Benin,Alibori,0.5516347885131836
2019,Benin,Atacora,0.4794725775718689
2019,Benin,Atlantique,0.28388917446136475
2019,Benin,Borgou,0.46624061465263367
2019,Benin,Collines,0.3050132393836975
2019,Benin,Couffo,0.39616867899894714
2019,Benin,Donga,0.37460699677467346
2019,Benin,Littoral,0.07600672543048859
2019,Benin,Mono,0.28747501969337463
2019,Benin,Ouémé,0.23113390803337097
2019,Benin,Plateau,0.39555028080940247
2019,Benin,Zou,0.31050264835357666
2019,Bhutan,Bumthang,0.09178830683231354
2019,Bhutan,Chukha,0.1645215004682541
2019,Bhutan,Dagana,0.2768614888191223
2019,Bhutan,Gasa & Punakha,0.12707872688770294
2019,Bhutan,Haa,0.09237373620271683
2019,Bhutan,Lhuntse,0.24614442884922028
2019,Bhutan,Mongar,0.25841930508613586
2019,Bhutan,Paro,0.05000307783484459
2019,Bhutan,Pemagatshel,0.22819878160953522
2019,Bhutan,Samdrup Jongkhar,0.22927410900592804
2019,Bhutan,Samtse,0.23501215875148773
2019,Bhutan,Sarpang,0.1345147341489792
2019,Bhutan,Thimphu,0.033441200852394104
2019,Bhutan,Trashigang,0.23376435041427612
2019,Bhutan,Trashiyangtse,0.2298516482114792
2019,Bhutan,Trongsa,0.217508003115654
2019,Bhutan,Tsirang,0.23711125552654266
2019,Bhutan,Wangdi,0.1426430195569992
2019,Bhutan,Zhemgang,0.29401934146881104
2019,Bolivia,Beni,0.09739934653043747
2019,Bolivia,Chuquisaca,0.16521432995796204
2019,Bolivia,Cochabamba,0.11477160453796387
2019,Bolivia,La Paz,0.07676778733730316
2019,Bolivia,Oruro,0.08326245099306107
2019,Bolivia,Pando,0.10207179933786392
2019,Bolivia,Potosi,0.18970730900764465
2019,Bolivia,Santa Cruz,0.03626277670264244
2019,Bolivia,Tarija,0.07667878270149231
2019,Brazil,Acre,0.0678992047905922
2019,Brazil,Alagoas,0.03154602646827698
2019,Brazil,Amapá,0.02688167430460453
2019,Brazil,Amazonas,0.03179189935326576
2019,Brazil,Bahia,0.02769901603460312
2019,Brazil,Ceará,0.025827890262007713
2019,Brazil,Distrito Federal,0.003090935293585062
2019,Brazil,Espírito Santo,0.010523779317736626
2019,Brazil,Goiás,0.012910149991512299
2019,Brazil,Maranhão,0.06037349998950958
2019,Brazil,Mato Grosso,0.018169524148106575
2019,Brazil,Mato Grosso do Sul,0.013764225877821445
2019,Brazil,Minas Gerais,0.010936256498098373
2019,Brazil,Paraná,0.009886416606605053
2019,Brazil,Paraíba,0.02567223273217678
2019,Brazil,Pará,0.0439348928630352
2019,Brazil,Pernambuco,0.02490895241498947
2019,Brazil,Piauí,0.03753548115491867
2019,Brazil,Rio Grande do Norte,0.020376846194267273
2019,Brazil,Rio Grande do Sul,0.010061543434858322
2019,Brazil,Rio de Janeiro,0.0031665388960391283
2019,Brazil,Rondônia,0.023782264441251755
2019,Brazil,Roraima,0.03072512522339821
2019,Brazil,Santa Catarina,0.01151404157280922
2019,Brazil,Sergipe,0.028407352045178413
2019,Brazil,São Paulo,0.002522032242268324
2019,Brazil,Tocantins,0.023930078372359276
2019,Burkina Faso,Boucle de Mouhoun,0.5622305274009705
2019,Burkina Faso,Cascades,0.4995543956756592
2019,Burkina Faso,Centre,0.19684931635856628
2019,Burkina Faso,Centre-Est,0.5643588304519653
2019,Burkina Faso,Centre-Nord,0.5727177262306213
2019,Burkina Faso,Centre-Ouest,0.5323436260223389
2019,Burkina Faso,Centre-Sud,0.5271574854850769
2019,Burkina Faso,Est,0.6603257656097412
2019,Burkina Faso,Hauts-Bassins,0.4481048882007599
2019,Burkina Faso,Nord,0.5681285262107849
2019,Burkina Faso,Plateau Central,0.5283064842224121
2019,Burkina Faso,Sahel,0.6550872325897217
2019,Burkina Faso,Sud-Ouest,0.617617130279541
2019,Burundi,Bubanza,0.43944862484931946
2019,Burundi,Bujumbura Mairie,0.11264777183532715
2019,Burundi,Bujumbura Rural,0.33786705136299133
2019,Burundi,Bururi,0.2801273465156555
2019,Burundi,Cankuzo,0.4543618857860565
2019,Burundi,Cibitoke,0.41728952527046204
2019,Burundi,Gitega,0.39230877161026
2019,Burundi,Karusi,0.4593614935874939
2019,Burundi,Kayanza,0.40989118814468384
2019,Burundi,Kirundo,0.5326982140541077
2019,Burundi,Makamba,0.38089820742607117
2019,Burundi,Muramvya,0.362506628036499
2019,Burundi,Muyinga,0.5258467197418213
2019,Burundi,Mwaro,0.32620900869369507
2019,Burundi,Ngozi,0.46825897693634033
2019,Burundi,Rumonge,0.3720453381538391
2019,Burundi,Rutana,0.4041464030742645
2019,Burundi,Ruyigi,0.45690953731536865
2019,Cambodia,Banteay Meanchay,0.13719870150089264
2019,Cambodia,Battambang & Pailin,0.11476046591997147
2019,Cambodia,Kampong Cham,0.1952110379934311
2019,Cambodia,Kampong Chhnang,0.22407056391239166
2019,Cambodia,Kampong Speu,0.18727006018161774
2019,Cambodia,Kampong Thom,0.2165888547897339
2019,Cambodia,Kampot & Kep,0.16932719945907593
2019,Cambodia,Kandal,0.14473916590213776
2019,Cambodia,Kratie,0.3001861870288849
2019,Cambodia,Mondul Kiri & Ratanak Kiri,0.2900333106517792
2019,Cambodia,Otdar Meanchey,0.23484548926353455
2019,Cambodia,Phnom Penh,0.03099232167005539
2019,Cambodia,Preah Sihanouk & Koh Kong,0.10482915490865707
2019,Cambodia,Preah Vihear & Stung Treng,0.3096756935119629
2019,Cambodia,Prey Veng,0.1536129266023636
2019,Cambodia,Pursat,0.262899249792099
2019,Cambodia,Siem Reap,0.2474396675825119
2019,Cambodia,Svay Rieng,0.13430097699165344
2019,Cambodia,Takeo,0.12146332859992981
2019,Cameroon,Adamaoua,0.31509754061698914
2019,Cameroon,Centre (ex. Yaoundé),0.14320120215415955
2019,Cameroon,Douala,0.02223903499543667
2019,Cameroon,Est,0.3073573410511017
2019,Cameroon,Extrême-Nord,0.4799444377422333
2019,Cameroon,Littoral (ex. Douala),0.07828740030527115
2019,Cameroon,Nord,0.4225284159183502
2019,Cameroon,Nord-Ouest,0.1729206144809723
2019,Cameroon,Ouest,0.13933564722537994
2019,Cameroon,Sud,0.1278654932975769
2019,Cameroon,Sud-Ouest,0.13622744381427765
2019,Cameroon,Yaoundé,0.014769415371119976
2019,Central African Republic,Bamingui-Bangoran,0.41846925020217896
2019,Central African Republic,Bangui,0.20092268288135529
2019,Central African Republic,Basse-Kotto,0.589057445526123
2019,Central African Republic,Haut-Mbomou,0.4505561888217926
2019,Central African Republic,Haute-Kotto,0.46078306436538696
2019,Central African Republic,Kémo,0.5386906862258911
2019,Central African Republic,Lobaye,0.5311691164970398
2019,Central African Republic,Mambéré-Kadéï,0.5293921232223511
2019,Central African Republic,Mbomou,0.5282401442527771
2019,Central African Republic,Nana-Grébizi,0.46799683570861816
2019,Central African Republic,Nana-Mambéré,0.5594320297241211
2019,Central African Republic,Ombella-M'Poko,0.436845600605011
2019,Central African Republic,Ouaka,0.5056657195091248
2019,Central African Republic,Ouham,0.5787016153335571
2019,Central African Republic,Ouham-Pendé,0.5365800857543945
2019,Central African Republic,Sangha-Mbaéré,0.5433764457702637
2019,Central African Republic,Vakaga,0.46415045857429504
2019,Chad,Barh El Gazal,0.6528101563453674
2019,Chad,Batha,0.6467540860176086
2019,Chad,Borkou/Tibesti,0.534767210483551
2019,Chad,Chari Baguirmi,0.6324500441551208
2019,Chad,Ennedi Est & Ennedi Ouest,0.6271685361862183
2019,Chad,Guéra,0.6078923940658569
2019,Chad,Hadjer-Lamis,0.6320465207099915
2019,Chad,Kanem,0.6751763224601746
2019,Chad,Lac,0.7107827067375183
2019,Chad,Logone Occidental,0.41618216037750244
2019,Chad,Logone Oriental,0.48308300971984863
2019,Chad,Mandoul,0.5172536969184875
2019,Chad,Mayo Kebbi Est,0.5103123188018799
2019,Chad,Mayo Kebbi Ouest,0.4775944650173187
2019,Chad,Moyen Chari,0.38917890191078186
2019,Chad,N’Djaména,0.22901494801044464
2019,Chad,Ouaddaï,0.6599181294441223
2019,Chad,Salamat,0.65498286485672
2019,Chad,Sila,0.6858499646186829
2019,Chad,Tandjilé,0.46012064814567566
2019,Chad,Wadi Fira,0.6970032453536987
2019,China,Central Region,0.011697439476847649
2019,China,East/Coastal Region,0.0084556695073843
2019,China,Western Region,0.032171159982681274
2019,Colombia,Antioquia Sin Medellin,0.051058679819107056
2019,Colombia,"Atlantico, San Andres, Bolivar Norte",0.007939410395920277
2019,Colombia,Barranquilla A. M.,0.0037282544653862715
2019,Colombia,Bogota,0.001272925059311092
2019,Colombia,"Bolivar Sur, Sucre, Cordoba",0.039109911769628525
2019,Colombia,"Boyaca, Cmarca, Meta",0.010512680746614933
2019,Colombia,"Caldas, Risaralda, Quindio",0.008232882246375084
2019,Colombia,Cali A.M.,0.0018743324326351285
2019,Colombia,Cauca Y Nari Sin Litoral,0.033755283802747726
2019,Colombia,"Guajira, Cesar, Magdalena",0.05660168081521988
2019,Colombia,Litoral Pacifico,0.0851546972990036
2019,Colombia,Medellin A.M.,0.001486071734689176
2019,Colombia,Orinoquia Y Amazonia,0.0304553285241127
2019,Colombia,Santanderes,0.017626287415623665
2019,Colombia,"Tolima, Huila, Caqueta",0.02741985209286213
2019,Colombia,Valle Sin Cali Ni Litoral,0.006189162842929363
2019,Comoros,Mwali (Mohéli),0.22192049026489258
2019,Comoros,Ndzuwani (Ndzouani or Anjouan),0.2335122674703598
2019,Comoros,Ngazidja (Grande Comore),0.11896282434463501
2019,Congo,Bouenza,0.21675728261470795
2019,Congo,Brazzaville,0.024172864854335785
2019,Congo,Cuvette,0.16098295152187347
2019,Congo,Cuvette-Ouest,0.2777615785598755
2019,Congo,Kouilou,0.27257606387138367
2019,Congo,Likouala,0.2969379127025604
2019,Congo,Lékoumou,0.2880251705646515
2019,Congo,Niari,0.19503070414066315
2019,Congo,Plateaux,0.2564927637577057
2019,Congo,Pointe-Noire,0.04434867575764656
2019,Congo,Pool,0.2769583463668823
2019,Congo,Sangha,0.24651886522769928
2019,"Congo, Democratic Republic of the",Bandundu,0.41388195753097534
2019,"Congo, Democratic Republic of the",Bas-Congo,0.3614078164100647
2019,"Congo, Democratic Republic of the",Kasaï Occidental,0.4664604365825653
2019,"Congo, Democratic Republic of the",Kasaï Oriental,0.4085169732570648
2019,"Congo, Democratic Republic of the",Katanga,0.4011869430541992
2019,"Congo, Democratic Republic of the",Kinshasa,0.08832121640443802
2019,"Congo, Democratic Republic of the",Maniema,0.4270942509174347
2019,"Congo, Democratic Republic of the",Nord-Kivu,0.37884366512298584
2019,"Congo, Democratic Republic of the",Orientale,0.3991396725177765
2019,"Congo, Democratic Republic of the",Sud-Kivu,0.4339034855365753
2019,"Congo, Democratic Republic of the",Équateur,0.4550585448741913
2019,Côte d'Ivoire,Centre,0.22107528150081635
2019,Côte d'Ivoire,Centre-Est,0.21399979293346405
2019,Côte d'Ivoire,Centre-Nord,0.20842605829238892
2019,Côte d'Ivoire,Centre-Ouest,0.31241336464881897
2019,Côte d'Ivoire,Nord,0.40830421447753906
2019,Côte d'Ivoire,Nord-Est,0.3432570993900299
2019,Côte d'Ivoire,Nord-Ouest,0.4047788381576538
2019,Côte d'Ivoire,Ouest,0.33601880073547363
2019,Côte d'Ivoire,Sud (ex. Ville d'Abidjan),0.19193518161773682
2019,Côte d'Ivoire,Sud-Ouest,0.320731520652771
2019,Côte d'Ivoire,Ville d'Abidjan,0.0416836179792881
2019,Dominican Republic,Cibao Nordeste,0.01457802951335907
2019,Dominican Republic,Cibao Noroeste,0.027990255504846573
2019,Dominican Republic,Cibao Norte,0.009951614774763584
2019,Dominican Republic,Cibao Sur,0.010941040702164173
2019,Dominican Republic,Del Yuma,0.031872257590293884
2019,Dominican Republic,El Valle,0.04817890748381615
2019,Dominican Republic,Enriquillo,0.03733646124601364
2019,Dominican Republic,Higuamo,0.020206110551953316
2019,Dominican Republic,Metropolitana,0.007564518600702286
2019,Dominican Republic,Valdesia,0.018433092162013054
2019,Ecuador,Azuay,0.01608138717710972
2019,Ecuador,Bolivar,0.0529036782681942
2019,Ecuador,Carchi,0.009949115104973316
2019,Ecuador,Cañar,0.015325977467000484
2019,Ecuador,Chimborazo,0.04134417325258255
2019,Ecuador,Cotopaxi,0.031399503350257874
2019,Ecuador,El Oro,0.006901464890688658
2019,Ecuador,Esmeraldas,0.02954348735511303
2019,Ecuador,Galápagos,0.003312868531793356
2019,Ecuador,Guayas,0.008250760845839977
2019,Ecuador,Imbabura,0.01756649650633335
2019,Ecuador,Loja,0.021890226751565933
2019,Ecuador,Los Rios,0.02149198018014431
2019,Ecuador,Manabi,0.027420636266469955
2019,Ecuador,Morona Santiago,0.09687542170286179
2019,Ecuador,Napo,0.04439477249979973
2019,Ecuador,Orellana,0.06754136085510254
2019,Ecuador,Pastaza,0.0817209780216217
2019,Ecuador,Pichincha,0.008477929048240185
2019,Ecuador,Santa Elena,0.016889305785298347
2019,Ecuador,Santo Domingo de los Tsachilas,0.011264704167842865
2019,Ecuador,Sucumbios,0.03361503407359123
2019,Ecuador,Tungurahua,0.012453003786504269
2019,Ecuador,Zamora Chinchipe,0.01845722086727619
2019,Egypt,Alexandria,0.007175947539508343
2019,Egypt,Assuit,0.04099489003419876
2019,Egypt,Aswan,0.018259426578879356
2019,Egypt,Behera,0.0160907544195652
2019,Egypt,Beni Suef,0.03426770493388176
2019,Egypt,Cairo,0.00962973665446043
2019,Egypt,Dakahlia,0.006454349495470524
2019,Egypt,Damietta,0.014378383755683899
2019,Egypt,Fayoum,0.03722364082932472
2019,Egypt,Gharbia,0.01327590923756361
2019,Egypt,Giza,0.025871627032756805
2019,Egypt,Ismailia,0.014075634069740772
2019,Egypt,Kafr el-Sheikh,0.011163285002112389
2019,Egypt,Kalyubia,0.00908643938601017
2019,Egypt,Luxor,0.01814720593392849
2019,Egypt,Matroh,0.0413225032389164
2019,Egypt,Menoufia,0.008170600980520248
2019,Egypt,Menya,0.030043255537748337
2019,Egypt,New Valley,0.0038682613521814346
2019,Egypt,Port Said,0.0007017544121481478
2019,Egypt,Qena,0.01466236263513565
2019,Egypt,Red Sea,0.017579838633537292
2019,Egypt,Sharkia,0.021636776626110077
2019,Egypt,Souhag,0.04109250754117966
2019,Egypt,Suez,0.005108583252876997
2019,El Salvador,Ahuachapán,0.03453236445784569
2019,El Salvador,Cabañas,0.05956820398569107
2019,El Salvador,Chalatenango,0.042696088552474976
2019,El Salvador,Cuscatlán,0.0327785387635231
2019,El Salvador,La Libertad,0.0214461050927639
2019,El Salvador,La Paz,0.03787028044462204
2019,El Salvador,La Unión,0.06686907261610031
2019,El Salvador,Morazán,0.0384485088288784
2019,El Salvador,San Miguel,0.041201867163181305
2019,El Salvador,San Salvador,0.013227489776909351
2019,El Salvador,San Vicente,0.026444830000400543
2019,El Salvador,Santa Ana,0.03009948506951332
2019,El Salvador,Sonsonate,0.05928273871541023
2019,El Salvador,Usulután,0.03627034276723862
2019,eSwatini,Hhohho,0.07493007183074951
2019,eSwatini,Lubombo,0.11576802283525467
2019,eSwatini,Manzini,0.05107041075825691
2019,eSwatini,Shiselweni,0.11302518099546432
2019,Ethiopia,Addis Ababa,0.0588826984167099
2019,Ethiopia,Afar,0.5720557570457458
2019,Ethiopia,Amhara,0.4974808990955353
2019,Ethiopia,Benishangul-Gumuz,0.47376546263694763
2019,Ethiopia,Dire Dawa,0.29741668701171875
2019,Ethiopia,Gambela,0.3502711355686188
2019,Ethiopia,Harari,0.3059026300907135
2019,Ethiopia,Oromia,0.5272447466850281
2019,Ethiopia,SNNPR,0.48164597153663635
2019,Ethiopia,Somali,0.5766946077346802
2019,Ethiopia,Tigray,0.4497760832309723
2019,Gabon,Estuaire,0.056128114461898804
2019,Gabon,Haut-Ogooué,0.09413930028676987
2019,Gabon,Libreville/Port-Gentil,0.013460584916174412
2019,Gabon,Moyen-Ogooué,0.12642042338848114
2019,Gabon,Ngounié,0.18458017706871033
2019,Gabon,Nyanga,0.17851051688194275
2019,Gabon,Ogooué Maritime,0.08468835800886154
2019,Gabon,Ogooué-Ivindo,0.2675895690917969
2019,Gabon,Ogooué-Lolo,0.17332114279270172
2019,Gabon,Woleu-Ntem,0.09604015201330185
2019,Gambia,Banjul,0.07324202358722687
2019,Gambia,Basse,0.4614652991294861
2019,Gambia,Brikama,0.2043474316596985
2019,Gambia,Janjanbureh,0.4284699857234955
2019,Gambia,Kanifing,0.13072311878204346
2019,Gambia,Kerewan,0.36173567175865173
2019,Gambia,Kuntaur,0.5245894193649292
2019,Gambia,Mansakonko,0.3225547671318054
2019,Ghana,Ashanti,0.08050408214330673
2019,Ghana,Brong Ahafo,0.13795366883277893
2019,Ghana,Central,0.14234395325183868
2019,Ghana,Eastern,0.13263776898384094
2019,Ghana,Greater Accra,0.044797979295253754
2019,Ghana,Northern,0.3687268793582916
2019,Ghana,Upper East,0.27682653069496155
2019,Ghana,Upper West,0.24256455898284912
2019,Ghana,Volta,0.14654642343521118
2019,Ghana,Western,0.09071628004312515
2019,Guatemala,Alta Verapaz,0.25449031591415405
2019,Guatemala,Baja Verapaz,0.17495691776275635
2019,Guatemala,Chimaltenango,0.10404191166162491
2019,Guatemala,Chiquimula,0.21968775987625122
2019,Guatemala,El Progreso,0.08056706190109253
2019,Guatemala,Escuintla,0.07265040278434753
2019,Guatemala,Guatemala Municipio,0.015496277250349522
2019,Guatemala,Guatemala Resto,0.03753836452960968
2019,Guatemala,Huehuetenango,0.23317083716392517
2019,Guatemala,Izabal,0.1282864511013031
2019,Guatemala,Jalapa,0.1911112517118454
2019,Guatemala,Jutiapa,0.1247434914112091
2019,Guatemala,Petén,0.17315490543842316
2019,Guatemala,Quetzaltenango,0.10823699831962585
2019,Guatemala,Quiché,0.22847504913806915
2019,Guatemala,Retalhuleu,0.11466353386640549
2019,Guatemala,Sacatepéquez,0.059884440153837204
2019,Guatemala,San Marcos,0.1461113840341568
2019,Guatemala,Santa Rosa,0.1013312116265297
2019,Guatemala,Sololá,0.11108849942684174
2019,Guatemala,Suchitepéquez,0.12638689577579498
2019,Guatemala,Totonicapán,0.15741652250289917
2019,Guatemala,Zacapa,0.12760351598262787
2019,Guinea,Boké,0.3257017135620117
2019,Guinea,Conakry,0.06783795356750488
2019,Guinea,Faranah,0.5012210607528687
2019,Guinea,Kankan,0.45858460664749146
2019,Guinea,Kindia,0.3147922158241272
2019,Guinea,Labé,0.45420894026756287
2019,Guinea,Mamou,0.4344463050365448
2019,Guinea,N'Zérékoré,0.3837394416332245
2019,Guinea-Bissau,Bafata,0.5343219041824341
2019,Guinea-Bissau,Biombo,0.38441404700279236
2019,Guinea-Bissau,Bolama,0.3139567971229553
2019,Guinea-Bissau,Cacheu,0.3347112834453583
2019,Guinea-Bissau,Gabu,0.5363698601722717
2019,Guinea-Bissau,Oio,0.5365062952041626
2019,Guinea-Bissau,Quinara,0.4209916293621063
2019,Guinea-Bissau,SAB,0.15519393980503082
2019,Guinea-Bissau,Tombali,0.4511597454547882
2019,Guyana,Coastal,0.004393352661281824
2019,Guyana,Interior,0.07481356710195541
2019,Haiti,Aire Métropolitaine,0.0588700957596302
2019,Haiti,Artibonite,0.25031590461730957
2019,Haiti,Centre,0.2935398817062378
2019,Haiti,Grande Anse,0.296384334564209
2019,Haiti,Nippes,0.1870824545621872
2019,Haiti,Nord,0.1948753148317337
2019,Haiti,Nord-Est,0.20302076637744904
2019,Haiti,Nord-Ouest,0.23027397692203522
2019,Haiti,Rest-Ouest,0.23025308549404144
2019,Haiti,Sud,0.2261192351579666
2019,Haiti,Sud-Est,0.22451728582382202
2019,Honduras,Atlántida,0.05253018066287041
2019,Honduras,Choluteca,0.13123184442520142
2019,Honduras,Colón,0.060963355004787445
2019,Honduras,Comayagua,0.10644874721765518
2019,Honduras,Copán,0.1915920525789261
2019,Honduras,Cortés,0.02231329306960106
2019,Honduras,El Paraíso,0.13646766543388367
2019,Honduras,Francisco Morazán,0.03721900284290314
2019,Honduras,Gracias a Dios,0.1985553503036499
2019,Honduras,Intibucá,0.1794554889202118
2019,Honduras,Islas de la Bahía,0.011107182130217552
2019,Honduras,La Paz,0.14871610701084137
2019,Honduras,Lempira,0.23401063680648804
2019,Honduras,Ocotepeque,0.1344795972108841
2019,Honduras,Olancho,0.11821775883436203
2019,Honduras,Santa Bárbara,0.1001957356929779
2019,Honduras,Valle,0.0885285884141922
2019,Honduras,Yoro,0.08559378981590271
2019,India,Andhra Pradesh,0.06389982998371124
2019,India,Arunachal Pradesh,0.10784666240215302
2019,India,Assam,0.16168485581874847
2019,India,Bihar,0.24766847491264343
2019,India,Chandigarh,0.021239250898361206
2019,India,Chhattisgarh,0.1525459885597229
2019,India,Dadra & Nagar Haveli,0.14423920214176178
2019,India,Daman & Diu,0.024789806455373764
2019,India,Delhi,0.018016744405031204
2019,India,Goa,0.02042359672486782
2019,India,Gujarat,0.09180054813623428
2019,India,Haryana,0.046428292989730835
2019,India,Himachal Pradesh,0.03040243126451969
2019,India,Andaman & Nicobar Islands,0.0268817488104105
2019,India,Jammu & Kashmir,0.06360244750976562
2019,India,Jharkhand,0.20823556184768677
2019,India,Karnataka,0.06870986521244049
2019,India,Kerala,0.004009594209492207
2019,India,Lakshadweep,0.006756862159818411
2019,India,Madhya Pradesh,0.18172702193260193
2019,India,Maharashtra,0.07123032957315445
2019,India,Manipur,0.08476351946592331
2019,India,Meghalaya,0.14576560258865356
2019,India,Mizoram,0.04410737380385399
2019,India,Nagaland,0.09891462326049805
2019,India,Odisha,0.15558353066444397
2019,India,Puducherry,0.012557164765894413
2019,India,Punjab,0.025119096040725708
2019,India,Rajasthan,0.14477090537548065
2019,India,Sikkim,0.018547674641013145
2019,India,Tamil Nadu,0.027391726151108742
2019,India,Telangana,0.07138357311487198
2019,India,Tripura,0.08660782873630524
2019,India,Uttar Pradesh,0.1826004683971405
2019,India,Uttarakhand,0.07210725545883179
2019,India,West Bengal,0.11015362292528152
2019,Indonesia,Aceh,0.026494504883885384
2019,Indonesia,Bali,0.02342180907726288
2019,Indonesia,Bangka Belitung,0.017950326204299927
2019,Indonesia,Banten,0.024046363309025764
2019,Indonesia,Bengkulu,0.028634818270802498
2019,Indonesia,Central Java,0.020109279081225395
2019,Indonesia,Central Kalimantan,0.04390544071793556
2019,Indonesia,Central Sulawesi,0.07270311564207077
2019,Indonesia,East Java,0.020807895809412003
2019,Indonesia,East Kalimantan,0.013120095245540142
2019,Indonesia,East Nusa Tenggara,0.11301839351654053
2019,Indonesia,Gorontalo,0.06607825309038162
2019,Indonesia,Jakarta,0.006532982923090458
2019,Indonesia,Jambi,0.029252730309963226
2019,Indonesia,Lampung,0.025638964027166367
2019,Indonesia,Maluku,0.04893014580011368
2019,Indonesia,North Maluku,0.05573894456028938
2019,Indonesia,North Sulawesi,0.023246988654136658
2019,Indonesia,North Sumatera,0.024371616542339325
2019,Indonesia,Papua,0.2137802690267563
2019,Indonesia,Riau,0.018469681963324547
2019,Indonesia,Riau Islands,0.012840346433222294
2019,Indonesia,South Kalimantan,0.042416445910930634
2019,Indonesia,South Sulawesi,0.028758419677615166
2019,Indonesia,South Sumatera,0.020170124247670174
2019,Indonesia,Southeast Sulawesi,0.0586380660533905
2019,Indonesia,West Java,0.019058318808674812
2019,Indonesia,West Kalimantan,0.055924177169799805
2019,Indonesia,West Nusa Tenggara,0.04034418985247612
2019,Indonesia,West Papua,0.07493621110916138
2019,Indonesia,West Sulawesi,0.10002852231264114
2019,Indonesia,West Sumatera,0.026650581508874893
2019,Indonesia,Yogyakarta,0.010781620629131794
2019,Iraq,Al-Anbar,0.03599875792860985
2019,Iraq,Al-Muthanna,0.051062941551208496
2019,Iraq,Al-Najaf,0.04859188571572304
2019,Iraq,Al-Qadissiyah,0.03010297194123268
2019,Iraq,Babil,0.03548166900873184
2019,Iraq,Baghdad,0.026855096220970154
2019,Iraq,Basra,0.053609106689691544
2019,Iraq,Diyala,0.013940272852778435
2019,Iraq,Dohuk,0.019742654636502266
2019,Iraq,Erbil,0.01229764148592949
2019,Iraq,Karbala,0.03804681450128555
2019,Iraq,Kirkuk,0.021695446223020554
2019,Iraq,Missan,0.06598557531833649
2019,Iraq,Ninewa,0.042186636477708817
2019,Iraq,Salahaddin,0.01889580860733986
2019,Iraq,Suleimaniya,0.008290205150842667
2019,Iraq,Thi-Qar,0.04244907945394516
2019,Iraq,Wasit,0.033931534737348557
2019,Jamaica,Clarendon,0.02879161760210991
2019,Jamaica,Hanover,0.0016149061266332865
2019,Jamaica,Kingston,0.0
2019,Jamaica,Manchester,0.008405588567256927
2019,Jamaica,Portland,0.023081056773662567
2019,Jamaica,St. Andrew,0.011375077068805695
2019,Jamaica,St. Ann,0.034686729311943054
2019,Jamaica,St. Catherine,0.022440480068325996
2019,Jamaica,St. Elizabeth,0.015216906554996967
2019,Jamaica,St. James,0.02720843069255352
2019,Jamaica,St. Mary,0.020371753722429276
2019,Jamaica,St. Thomas,0.02606271207332611
2019,Jamaica,Trelawny,0.01609196700155735
2019,Jamaica,Westmoreland,0.010735501535236835
2019,Kenya,Central,0.0775962620973587
2019,Kenya,Coast,0.2215774655342102
2019,Kenya,Eastern,0.18974709510803223
2019,Kenya,Nairobi,0.03833317756652832
2019,Kenya,North Eastern,0.5033473372459412
2019,Kenya,Nyanza,0.17263270914554596
2019,Kenya,Rift Valley,0.20989736914634705
2019,Kenya,Western,0.182241752743721
2019,Kyrgyzstan,Batken,0.021898886188864708
2019,Kyrgyzstan,Bishkek,0.0
2019,Kyrgyzstan,Chui,0.0007266819011420012
2019,Kyrgyzstan,Issyk-Kul,0.0028124472592025995
2019,Kyrgyzstan,Jalal-Abad,0.014843624085187912
2019,Kyrgyzstan,Naryn,0.008077873848378658
2019,Kyrgyzstan,Osh,0.01325906440615654
2019,Kyrgyzstan,Osh City,0.002204911783337593
2019,Kyrgyzstan,Talas,0.0021883619483560324
2019,Lao PDR,Attapeu,0.11512530595064163
2019,Lao PDR,Bokeo,0.12390188127756119
2019,Lao PDR,Borikhamxay,0.04755973443388939
2019,Lao PDR,Champasack,0.08490034192800522
2019,Lao PDR,Houaphan,0.12389418482780457
2019,Lao PDR,Khammuane,0.1135370135307312
2019,Lao PDR,Luang Namtha,0.10575106739997864
2019,Lao PDR,Luang Prabang,0.13711601495742798
2019,Lao PDR,Oudomxay,0.1387181580066681
2019,Lao PDR,Phongsaly,0.1656276136636734
2019,Lao PDR,Saravane,0.23707737028598785
2019,Lao PDR,Savannakhet,0.17485247552394867
2019,Lao PDR,Sekong,0.1755683720111847
2019,Lao PDR,Vientiane,0.06660546362400055
2019,Lao PDR,Vientiane Capital,0.008143939077854156
2019,Lao PDR,Xaignabouri,0.04299532249569893
2019,Lao PDR,Xaisomboun ,0.10683538019657135
2019,Lao PDR,Xiangkhouang,0.061366770416498184
2019,Lesotho,Berea,0.1036139503121376
2019,Lesotho,Butha-Buthe,0.1851843148469925
2019,Lesotho,Leribe,0.10934127867221832
2019,Lesotho,Mafeteng,0.12870100140571594
2019,Lesotho,Maseru,0.07667838037014008
2019,Lesotho,Mohale's Hoek,0.2107272446155548
2019,Lesotho,Mokhotlong,0.28104549646377563
2019,Lesotho,Qacha's-Nek,0.17560085654258728
2019,Lesotho,Quthing,0.17047832906246185
2019,Lesotho,Thaba-Tseka,0.2727015018463135
2019,Liberia,Bomi,0.36769184470176697
2019,Liberia,Bong,0.48382049798965454
2019,Liberia,Gbarpolu,0.4446512460708618
2019,Liberia,Grand Bassa,0.46443676948547363
2019,Liberia,Grand Cape Mount,0.40833327174186707
2019,Liberia,Grand Gedeh,0.3035244941711426
2019,Liberia,Grand Kru,0.39487195014953613
2019,Liberia,Lofa,0.41147512197494507
2019,Liberia,Margibi,0.30993884801864624
2019,Liberia,Maryland,0.3412494659423828
2019,Liberia,Montserrado,0.17509816586971283
2019,Liberia,Nimba,0.35567137598991394
2019,Liberia,River Cess,0.462482213973999
2019,Liberia,River Gee,0.38724449276924133
2019,Liberia,Sinoe,0.3852747082710266
2019,Libya,Ajdabya,0.012918631546199322
2019,Libya,Ben-Ghazi,0.0030865431763231754
2019,Libya,Derna,0.009420470334589481
2019,Libya,Al-Jabal al-Akhdar,0.015329628251492977
2019,Libya,Al-Jabal al-Gharbi,0.00567322364076972
2019,Libya,Al-Marj,0.0067024813033640385
2019,Libya,Al-Merqab,0.008458591066300869
2019,Libya,Al-Wahat/Al-Kufra,0.004051756579428911
2019,Libya,Al-Zawya,0.0019858062732964754
2019,Libya,Jfara,0.002723290119320154
2019,Libya,Murzuk,0.003530723974108696
2019,Libya,Musrata,0.004416404291987419
2019,Libya,Nalut,0.0032967040315270424
2019,Libya,Qasr Ben-Ghesheer,0.004855053033679724
2019,Libya,Sebha/El-Shate,0.00674594147130847
2019,Libya,Sert/Jafra,0.005037074442952871
2019,Libya,Tarhuna,0.0034682531841099262
2019,Libya,Tripoli,0.014157058671116829
2019,Libya,Tubruk,0.009184474125504494
2019,Libya,Wadi Al-Hayat,0.015152602456510067
2019,Libya,Zwara,0.002998087788000703
2019,Madagascar,Alaotra Mangoro,0.4004703164100647
2019,Madagascar,Analamanga,0.24360090494155884
2019,Madagascar,Analanjirofo,0.49284690618515015
2019,Madagascar,Anamoroni'i Mania,0.5062151551246643
2019,Madagascar,Androy,0.62530916929245
2019,Madagascar,Anosy,0.5851355791091919
2019,Madagascar,Atsimo Andrefana,0.5157793164253235
2019,Madagascar,Atsimo Atsinanana,0.638890266418457
2019,Madagascar,Atsinanana,0.38591468334198
2019,Madagascar,Betsiboka,0.5032570362091064
2019,Madagascar,Boeny,0.39337027072906494
2019,Madagascar,Bongolava,0.44189295172691345
2019,Madagascar,Diana,0.38984882831573486
2019,Madagascar,Haute Matsiatra,0.492138534784317
2019,Madagascar,Ihorombe,0.5616950988769531
2019,Madagascar,Itasy,0.4976929724216461
2019,Madagascar,Melaky,0.5735071301460266
2019,Madagascar,Menabe,0.4954044818878174
2019,Madagascar,Sava,0.4458092451095581
2019,Madagascar,Sofia,0.4769318103790283
2019,Madagascar,Vakinankaratra,0.4692339599132538
2019,Madagascar,Vatovavy Fitovinany,0.5871846079826355
2019,Malawi,Balaka,0.24558456242084503
2019,Malawi,Blantyre,0.15854640305042267
2019,Malawi,Chikwawa,0.30442583560943604
2019,Malawi,Chiradzulu,0.21214409172534943
2019,Malawi,Chitipa,0.13378213346004486
2019,Malawi,Dedza,0.3131204843521118
2019,Malawi,Dowa,0.2729957699775696
2019,Malawi,Karonga,0.1803150177001953
2019,Malawi,Kasungu,0.23268088698387146
2019,Malawi,Likoma,0.11977363377809525
2019,Malawi,Lilongwe,0.2123919576406479
2019,Malawi,Machinga,0.32277193665504456
2019,Malawi,Mangochi,0.3137718141078949
2019,Malawi,Mchinji,0.2962980270385742
2019,Malawi,Mulange,0.26238393783569336
2019,Malawi,Mwanza,0.24842847883701324
2019,Malawi,Mzimba,0.1608877182006836
2019,Malawi,Neno,0.291536808013916
2019,Malawi,Nkhata Bay,0.21548326313495636
2019,Malawi,Nkhotakota,0.2066938281059265
2019,Malawi,Nsanje,0.2841350734233856
2019,Malawi,Ntcheu,0.21812860667705536
2019,Malawi,Ntchisi,0.28201574087142944
2019,Malawi,Phalombe,0.30667808651924133
2019,Malawi,Rumphi,0.15821991860866547
2019,Malawi,Salima,0.3260175585746765
2019,Malawi,Thyolo,0.23911751806735992
2019,Malawi,Zomba,0.23446719348430634
2019,Mali,Bamako,0.12916946411132812
2019,Mali,Gao,0.52181476354599
2019,Mali,Kayes,0.4644756615161896
2019,Mali,Koulikoro,0.4596346616744995
2019,Mali,Mopti,0.5674340128898621
2019,Mali,Sikasso,0.4821833372116089
2019,Mali,Ségou,0.5183506608009338
2019,Mali,Timbuktu,0.5709462761878967
2019,Mauritania,Adrar,0.16922156512737274
2019,Mauritania,Assaba,0.3603958487510681
2019,Mauritania,Brakna,0.334137886762619
2019,Mauritania,Dakhlet Nouadhibou,0.033659107983112335
2019,Mauritania,Gorgol,0.35895922780036926
2019,Mauritania,Guidimaka,0.42053449153900146
2019,Mauritania,Hosh ech Chargui,0.3866455852985382
2019,Mauritania,Hosh el Gharbi,0.3347214460372925
2019,Mauritania,Inchiri,0.07336679846048355
2019,Mauritania,Nouakchott,0.07415283471345901
2019,Mauritania,Tagant,0.2616167962551117
2019,Mauritania,Tiris Zemmour,0.030628034844994545
2019,Mauritania,Trarza,0.19067367911338806
2019,Mexico,Centro,0.01984989084303379
2019,Mexico,Mexico City,0.011576984077692032
2019,Mexico,Norte,0.020564088597893715
2019,Mexico,Sur,0.042241062968969345
2019,Mongolia,Central,0.04039984196424484
2019,Mongolia,Eastern,0.048414528369903564
2019,Mongolia,Khangai,0.07178561389446259
2019,Mongolia,Ulaanbaatar,0.008386637084186077
2019,Mongolia,Western,0.09893566370010376
2019,Morocco,Chaouia Ourdigha,0.08543436229228973
2019,Morocco,Doukkala-Abda,0.08050747960805893
2019,Morocco,Fès-Boulemane,0.05412512645125389
2019,Morocco,Gharb-Chrarda-Béni Hssen,0.11433903127908707
2019,Morocco,Grand Casablanca,0.006793176755309105
2019,Morocco,Marrakech-Tensift-El Haouz,0.14673630893230438
2019,Morocco,Meknès-Tafilalet,0.06880355626344681
2019,Morocco,Oriental,0.06504751741886139
2019,Morocco,Rabat-Salé-Zemmour-Zaer,0.030633460730314255
2019,Morocco,Sahara,0.02488858625292778
2019,Morocco,Souss-Massa-Draa,0.1332639753818512
2019,Morocco,Tadla-Azilal,0.0921056792140007
2019,Morocco,Tanger-Tetouan,0.09668853878974915
2019,Morocco,Taza-Al Hoceima-Taounate,0.13937562704086304
2019,Mozambique,Cabo Delgado,0.5357887744903564
2019,Mozambique,Gaza,0.34853559732437134
2019,Mozambique,Inhambane,0.35751044750213623
2019,Mozambique,Manica,0.3306991159915924
2019,Mozambique,Maputo,0.14045794308185577
2019,Mozambique,Maputo City,0.040795259177684784
2019,Mozambique,Nampula,0.4478071928024292
2019,Mozambique,Niassa,0.4687749147415161
2019,Mozambique,Sofala,0.4006039798259735
2019,Mozambique,Tete,0.47652915120124817
2019,Mozambique,Zambezia,0.5312052965164185
2019,Myanmar,Ayeyarwaddy,0.23711691796779633
2019,Myanmar,Bago,0.17789341509342194
2019,Myanmar,Chin,0.18494893610477448
2019,Myanmar,Kachin,0.12108898907899857
2019,Myanmar,Kayah,0.12943658232688904
2019,Myanmar,Kayin,0.23008257150650024
2019,Myanmar,Magway,0.17742250859737396
2019,Myanmar,Mandalay,0.13660578429698944
2019,Myanmar,Mon,0.15075722336769104
2019,Myanmar,Naypyitaw,0.14597855508327484
2019,Myanmar,Rakhine,0.30189892649650574
2019,Myanmar,Sagaing,0.15740899741649628
2019,Myanmar,Shan,0.23433877527713776
2019,Myanmar,Taninthayi,0.18766675889492035
2019,Myanmar,Yangon,0.06767283380031586
2019,Namibia,Erongo,0.03795889765024185
2019,Namibia,Hardap,0.08110690861940384
2019,Namibia,Karas,0.09544142335653305
2019,Namibia,Kavango,0.33473601937294006
2019,Namibia,Khomas,0.04102706536650658
2019,Namibia,Kunene,0.25053316354751587
2019,Namibia,Ohangwena,0.3193661570549011
2019,Namibia,Omaheke,0.21678969264030457
2019,Namibia,Omusati,0.2348605990409851
2019,Namibia,Oshana,0.1314069926738739
2019,Namibia,Oshikoto,0.1996278017759323
2019,Namibia,Otjozondjupa,0.09924192726612091
2019,Namibia,Zambezi,0.18339920043945312
2019,Nepal,Province 1,0.12175178527832031
2019,Nepal,Province 2,0.24032345414161682
2019,Nepal,Province 3,0.08110293000936508
2019,Nepal,Province 4,0.079484723508358
2019,Nepal,Province 5,0.1423778235912323
2019,Nepal,Province 6,0.23478838801383972
2019,Nepal,Province 7,0.144967183470726
2019,Nicaragua,Boaco,0.12333863228559494
2019,Nicaragua,Carazo,0.02010914869606495
2019,Nicaragua,Chinandega,0.03723929077386856
2019,Nicaragua,Chontales,0.07882315665483475
2019,Nicaragua,Esteli,0.04110858961939812
2019,Nicaragua,Granada,0.032883211970329285
2019,Nicaragua,Jinotega,0.20971237123012543
2019,Nicaragua,Leon,0.037953417748212814
2019,Nicaragua,Madriz,0.11181269586086273
2019,Nicaragua,Managua,0.01564062386751175
2019,Nicaragua,Masaya,0.01864897646009922
2019,Nicaragua,Matagalpa,0.10303130745887756
2019,Nicaragua,Nueva Segovia,0.12031617015600204
2019,Nicaragua,Raan,0.1691737174987793
2019,Nicaragua,Raas,0.1505638211965561
2019,Nicaragua,Rio San Juan,0.13547267019748688
2019,Nicaragua,Rivas,0.029001204296946526
2019,Niger,Agadez,0.4113212525844574
2019,Niger,Diffa,0.5651478171348572
2019,Niger,Dosso,0.6147457957267761
2019,Niger,Maradi,0.6366274952888489
2019,Niger,Niamey,0.22523316740989685
2019,Niger,Tahoua,0.6234773397445679
2019,Niger,Tillaberi,0.6043829321861267
2019,Niger,Zinder,0.6167452931404114
2019,Nigeria,Abia,0.04119758680462837
2019,Nigeria,Adamawa,0.32099631428718567
2019,Nigeria,Akwa Ibom,0.09028301388025284
2019,Nigeria,Anambra,0.03784242644906044
2019,Nigeria,Bauchi,0.5030787587165833
2019,Nigeria,Bayelsa,0.09928484261035919
2019,Nigeria,Benue,0.18132755160331726
2019,Nigeria,Borno,0.33404046297073364
2019,Nigeria,Cross River,0.1181962639093399
2019,Nigeria,Delta,0.05111893638968468
2019,Nigeria,Ebonyi,0.16900195181369781
2019,Nigeria,Edo,0.020081985741853714
2019,Nigeria,Ekiti,0.05345376953482628
2019,Nigeria,Enugu,0.03826875239610672
2019,Nigeria,FCT,0.11438886821269989
2019,Nigeria,Gombe,0.4557758569717407
2019,Nigeria,Imo,0.03542274609208107
2019,Nigeria,Jigawa,0.5308761596679688
2019,Nigeria,Kaduna,0.29272934794425964
2019,Nigeria,Kano,0.39971381425857544
2019,Nigeria,Katsina,0.4615422189235687
2019,Nigeria,Kebbi,0.491155743598938
2019,Nigeria,Kogi,0.1350235939025879
2019,Nigeria,Kwara,0.14395074546337128
2019,Nigeria,Lagos,0.009809944778680801
2019,Nigeria,Nasarawa,0.2723976671695709
2019,Nigeria,Niger,0.36154916882514954
2019,Nigeria,Ogun,0.057356320321559906
2019,Nigeria,Ondo,0.08469519019126892
2019,Nigeria,Osun,0.04506344348192215
2019,Nigeria,Oyo,0.1084839329123497
2019,Nigeria,Plateau,0.27887800335884094
2019,Nigeria,Rivers,0.028928479179739952
2019,Nigeria,Sokoto,0.5360352993011475
2019,Nigeria,Taraba,0.3349073827266693
2019,Nigeria,Yobe,0.48756593465805054
2019,Nigeria,Zamfara,0.5180830359458923
2019,Pakistan,Balochistan,0.3535900115966797
2019,Pakistan,Federally Administered Tribal Areas (FATA),0.3831498324871063
2019,Pakistan,Islamabad (ICT),0.046381931751966476
2019,Pakistan,Khyber Pakhtunkhwa,0.25794029235839844
2019,Pakistan,Punjab,0.1234140396118164
2019,Pakistan,Sindh,0.2740408778190613
2019,Paraguay,Alto Paraguay,0.06340762972831726
2019,Paraguay,Alto Paraná,0.013120547868311405
2019,Paraguay,Asunción,0.0007704893941991031
2019,Paraguay,Boquerón,0.0797363668680191
2019,Paraguay,Caaguazú,0.019556086510419846
2019,Paraguay,Central,0.0021022052969783545
2019,Paraguay,Itapúa,0.028671277686953545
2019,Paraguay,Resto,0.03532612323760986
2019,Paraguay,San Pedro,0.0266793854534626
2019,Peru,Amazonas,0.12297094613313675
2019,Peru,Ancash,0.05385499820113182
2019,Peru,Apurimac,0.10290002077817917
2019,Peru,Arequipa,0.011443151161074638
2019,Peru,Ayacucho,0.08757689595222473
2019,Peru,Cajamarca,0.12006519734859467
2019,Peru,Callao,0.0026562323328107595
2019,Peru,Cusco,0.07207904011011124
2019,Peru,Huancavelica,0.13034245371818542
2019,Peru,Huanuco,0.12296620011329651
2019,Peru,Ica,0.012457000091671944
2019,Peru,Junin,0.04791269451379776
2019,Peru,La Libertad,0.06246301904320717
2019,Peru,Lambayeque,0.04190457612276077
2019,Peru,Lima,0.005410803947597742
2019,Peru,Loreto,0.1864061802625656
2019,Peru,Madre de Dios,0.034161053597927094
2019,Peru,Moquegua,0.01689682900905609
2019,Peru,Pasco,0.07431033998727798
2019,Peru,Piura,0.06163901463150978
2019,Peru,Puno,0.07514390349388123
2019,Peru,San Martin,0.0743163526058197
2019,Peru,Tacna,0.011136000044643879
2019,Peru,Tumbes,0.014983623288571835
2019,Peru,Ucayali,0.08117159456014633
2019,Philippines,ARMM,0.10086194425821304
2019,Philippines,Bicol,0.02636796608567238
2019,Philippines,Cagayan Valley,0.01443091407418251
2019,Philippines,Calabarzon,0.015091976150870323
2019,Philippines,Caraga,0.028130535036325455
2019,Philippines,Central Luzon,0.008389896713197231
2019,Philippines,Central Visayas,0.021655390039086342
2019,Philippines,Cordillera Admin Region,0.0078847985714674
2019,Philippines,Davao,0.029174556955695152
2019,Philippines,Eastern Visayas,0.0241248719394207
2019,Philippines,Ilocos,0.011937065050005913
2019,Philippines,Mimaropa,0.043874047696590424
2019,Philippines,National Capital Region,0.004209329839795828
2019,Philippines,Northern Mindanao,0.03294115513563156
2019,Philippines,Soccsksargen,0.06103776395320892
2019,Philippines,Western Visayas,0.03707166388630867
2019,Philippines,Zamboanga Peninsula,0.0493943989276886
2019,Rwanda,East,0.27907705307006836
2019,Rwanda,Kigali City,0.11494424194097519
2019,Rwanda,North,0.23705853521823883
2019,Rwanda,South,0.2961938977241516
2019,Rwanda,West,0.2815508544445038
2019,Sao Tome and Principe,Região Autonoma de Principe,0.07535196840763092
2019,Sao Tome and Principe,Região Centro Este,0.0683881938457489
2019,Sao Tome and Principe,Região Norte Oste,0.14211812615394592
2019,Sao Tome and Principe,Região Sul Este,0.14376869797706604
2019,Senegal,Dakar,0.05231563001871109
2019,Senegal,Diourbel,0.4217894673347473
2019,Senegal,Fatick,0.28432750701904297
2019,Senegal,Kaffrine,0.5594534873962402
2019,Senegal,Kaolack,0.3263339102268219
2019,Senegal,Kolda,0.5047647356987
2019,Senegal,Kédougou,0.4164513349533081
2019,Senegal,Louga,0.38530802726745605
2019,Senegal,Matam,0.4198648929595947
2019,Senegal,Saint-Louis,0.28591200709342957
2019,Senegal,Sédhiou,0.43571415543556213
2019,Senegal,Tambacounda,0.5116834044456482
2019,Senegal,Thiès,0.22587792575359344
2019,Senegal,Ziguinchor,0.18903450667858124
2019,Sierra Leone,Bo,0.2787216007709503
2019,Sierra Leone,Bombali,0.287136048078537
2019,Sierra Leone,Bonthe,0.41627082228660583
2019,Sierra Leone,Kailahun,0.3652862012386322
2019,Sierra Leone,Kambia,0.39380404353141785
2019,Sierra Leone,Kenema,0.2826116383075714
2019,Sierra Leone,Koinadugu,0.4610055685043335
2019,Sierra Leone,Kono,0.3171369135379791
2019,Sierra Leone,Moyamba,0.40822505950927734
2019,Sierra Leone,Port Loko,0.34700319170951843
2019,Sierra Leone,Pujehun,0.4288035035133362
2019,Sierra Leone,Tonkolili,0.40297093987464905
2019,Sierra Leone,Western Area Rural,0.20111608505249023
2019,Sierra Leone,Western Area Urban,0.09171387553215027
2019,Sudan,Al Jazirah,0.16709117591381073
2019,Sudan,Al Qadarif,0.3875247538089752
2019,Sudan,Blue Nile,0.3711715638637543
2019,Sudan,Central Darfur,0.4917220175266266
2019,Sudan,East Darfur,0.45009732246398926
2019,Sudan,Kassala,0.3606322705745697
2019,Sudan,Khartoum,0.07107752561569214
2019,Sudan,North Darfur,0.4436644911766052
2019,Sudan,North Kurdufan,0.3341474235057831
2019,Sudan,Northern,0.033779874444007874
2019,Sudan,Red Sea,0.2274284064769745
2019,Sudan,River Nile,0.08633371442556381
2019,Sudan,Sinnar,0.2708163261413574
2019,Sudan,South Darfur,0.3991369307041168
2019,Sudan,South Kurdufan,0.40689367055892944
2019,Sudan,West Darfur,0.45229223370552063
2019,Sudan,West Kurdufan,0.46842992305755615
2019,Sudan,White Nile,0.2568674087524414
2019,Suriname,Brokopondo,0.09730825573205948
2019,Suriname,Commewijne,0.01368633285164833
2019,Suriname,Coronie,0.005747126415371895
2019,Suriname,Marowijne,0.058525968343019485
2019,Suriname,Nickerie,0.020734107121825218
2019,Suriname,Para,0.04471888020634651
2019,Suriname,Paramaribo,0.013976240530610085
2019,Suriname,Saramacca,0.020255008712410927
2019,Suriname,Sipaliwini,0.2585352063179016
2019,Suriname,Wanica,0.02783605270087719
2019,Syria,Al-Hasakah,0.03666768968105316
2019,Syria,As-Suwayda,0.003762909909710288
2019,Syria,Damascus,0.007730147335678339
2019,Syria,Daraa,0.0184377059340477
2019,Syria,Deir ez-Zor,0.07504336535930634
2019,Syria,Halab,0.049072377383708954
2019,Syria,Hama,0.016398288309574127
2019,Syria,Homs,0.01373293250799179
2019,Syria,Idlib,0.03191593289375305
2019,Syria,Latakia,0.005123395472764969
2019,Syria,Quneitra,0.021708780899643898
2019,Syria,Raqa,0.048502467572689056
2019,Syria,Rif Dimashq,0.02060815319418907
2019,Syria,Tartus,0.0006086761713959277
2019,Tajikistan,DRS,0.024294527247548103
2019,Tajikistan,Dushanbe,0.008496766909956932
2019,Tajikistan,Gbao,0.024289343506097794
2019,Tajikistan,Khatlon,0.041749950498342514
2019,Tajikistan,Sughd,0.022669821977615356
2019,Tanzania,Central,0.3235571086406708
2019,Tanzania,Eastern,0.13290603458881378
2019,Tanzania,Lake,0.3316453695297241
2019,Tanzania,Northern,0.19598904252052307
2019,Tanzania,South West Highlands,0.3100953698158264
2019,Tanzania,Southern,0.2753787934780121
2019,Tanzania,Southern Highlands,0.2242327481508255
2019,Tanzania,Western,0.3820609152317047
2019,Tanzania,Zanzibar,0.12490566819906235
2019,TFYR of Macedonia,East,0.01642189361155033
2019,TFYR of Macedonia,Northeast,0.005290791857987642
2019,TFYR of Macedonia,Pelagonia,0.0036925363820046186
2019,TFYR of Macedonia,Polog,0.017488675191998482
2019,TFYR of Macedonia,Skopje,0.006350656505674124
2019,TFYR of Macedonia,Southeast,0.003681625472381711
2019,TFYR of Macedonia,Southwest,0.017500827088952065
2019,TFYR of Macedonia,Vardar,0.01341219898313284
2019,Timor-Leste,Aileu,0.22778895497322083
2019,Timor-Leste,Ainaro,0.3070088326931
2019,Timor-Leste,Baucau,0.19694510102272034
2019,Timor-Leste,Bobonaro,0.24508340656757355
2019,Timor-Leste,Cova Lima,0.22856853902339935
2019,Timor-Leste,Dili,0.0908300131559372
2019,Timor-Leste,Ermera,0.31915000081062317
2019,Timor-Leste,Lautem,0.17517660558223724
2019,Timor-Leste,Liquica,0.22406958043575287
2019,Timor-Leste,Manatuto,0.20340146124362946
2019,Timor-Leste,Manufahi,0.20956827700138092
2019,Timor-Leste,Oecussi,0.32110440731048584
2019,Timor-Leste,Viqueque,0.20396515727043152
2019,Togo,Centrale,0.23857757449150085
2019,Togo,Kara,0.3124765157699585
2019,Togo,Lomé,0.0644107460975647
2019,Togo,Maritime (ex. Lomé),0.17371931672096252
2019,Togo,Plateaux,0.317134290933609
2019,Togo,Savanes,0.433478444814682
2019,Tunisia,Centre Est,0.0012778174132108688
2019,Tunisia,District Tunis,0.0
2019,Tunisia,Kairouan,0.021970361471176147
2019,Tunisia,Kasserine,0.01767694391310215
2019,Tunisia,Nord Est,0.0037191046867519617
2019,Tunisia,Nord Ouest,0.015551427379250526
2019,Tunisia,Sidi Bouzid,0.01330783125013113
2019,Tunisia,Sud Est,0.0014536037342622876
2019,Tunisia,Sud Ouest,0.0034486535005271435
2019,Uganda,Acholi,0.34530580043792725
2019,Uganda,Ankole,0.27137869596481323
2019,Uganda,Bugishu,0.2746855318546295
2019,Uganda,Bukedi,0.2851816713809967
2019,Uganda,Bunyoro,0.3414739668369293
2019,Uganda,Busoga,0.23518705368041992
2019,Uganda,Central 1,0.1411074995994568
2019,Uganda,Central 2,0.20104576647281647
2019,Uganda,Kampala,0.02594754286110401
2019,Uganda,Karamoja,0.6252230405807495
2019,Uganda,Kigezi,0.24558210372924805
2019,Uganda,Lango,0.33961033821105957
2019,Uganda,Teso,0.31439560651779175
2019,Uganda,Tooro,0.2897688150405884
2019,Uganda,West Nile,0.4074171781539917
2019,Vietnam,Central Highlands,0.039061762392520905
2019,Vietnam,Mekong River Delta,0.03627997264266014
2019,Vietnam,North Central & Central Coastal Area,0.010483376681804657
2019,Vietnam,Northern Midlands & Mountain Area,0.038806915283203125
2019,Vietnam,Red River Delta,0.0036455998197197914
2019,Vietnam,South East,0.011013424955308437
2019,Yemen,Abyan,0.14100395143032074
2019,Yemen,Aden,0.059314873069524765
2019,Yemen,Al-Baidha,0.20812255144119263
2019,Yemen,Al-Hodiedah,0.32261329889297485
2019,Yemen,Al-Jawf,0.28896963596343994
2019,Yemen,Al-Mhrah,0.10865986347198486
2019,Yemen,Al-Mhweit,0.3447957932949066
2019,Yemen,Aldhalae,0.2161485105752945
2019,Yemen,Amran,0.3457193076610565
2019,Yemen,Dhamar,0.3257385194301605
2019,Yemen,Hadramout,0.11787332594394684
2019,Yemen,Hajjah,0.4563247859477997
2019,Yemen,Ibb,0.2212754786014557
2019,Yemen,Lahj,0.20502591133117676
2019,Yemen,Mareb,0.2168874442577362
2019,Yemen,Reimah,0.38778942823410034
2019,Yemen,Sadah,0.30248743295669556
2019,Yemen,Sanaa,0.2699383795261383
2019,Yemen,Sanaa City,0.04504384845495224
2019,Yemen,Shabwah,0.170278400182724
2019,Yemen,Taiz,0.2106524407863617
2019,Zambia,Central,0.26747041940689087
2019,Zambia,Copperbelt,0.13593880832195282
2019,Zambia,Eastern,0.3549066185951233
2019,Zambia,Luapula,0.3785838782787323
2019,Zambia,Lusaka,0.10093298554420471
2019,Zambia,Muchinga,0.34018078446388245
2019,Zambia,North-Western,0.3291720449924469
2019,Zambia,Northern,0.3793366253376007
2019,Zambia,Southern,0.2641529142856598
2019,Zambia,Western,0.37399911880493164
2019,Zimbabwe,Bulawayo,0.00808321125805378
2019,Zimbabwe,Harare,0.03092576377093792
2019,Zimbabwe,Manicaland,0.16093379259109497
2019,Zimbabwe,Mashonaland Central,0.19049587845802307
2019,Zimbabwe,Mashonaland East,0.1221134141087532
2019,Zimbabwe,Mashonaland West,0.1640792191028595
2019,Zimbabwe,Masvingo,0.16148878633975983
2019,Zimbabwe,Matabeleland North,0.19050997495651245
2019,Zimbabwe,Matabeleland South,0.15805251896381378
2019,Zimbabwe,Midlands,0.16147007048130035
2020,Afghanistan,Badakhshan,0.32644882798194885
2020,Afghanistan,Badghis,0.42630645632743835
2020,Afghanistan,Baghlan,0.2990560233592987
2020,Afghanistan,Balkh,0.22855764627456665
2020,Afghanistan,Bamyan,0.2555253505706787
2020,Afghanistan,Daykundi,0.2806992828845978
2020,Afghanistan,Farah,0.3357503116130829
2020,Afghanistan,Faryab,0.1943129301071167
2020,Afghanistan,Ghazni,0.24108406901359558
2020,Afghanistan,Ghor,0.2731410562992096
2020,Afghanistan,Helmand,0.323986679315567
2020,Afghanistan,Herat,0.3087542653083801
2020,Afghanistan,Jawzjan,0.2550658583641052
2020,Afghanistan,Kabul,0.07856565713882446
2020,Afghanistan,Kandahar,0.42790019512176514
2020,Afghanistan,Kapisa,0.20034407079219818
2020,Afghanistan,Khost,0.2950884997844696
2020,Afghanistan,Kunarha,0.30822810530662537
2020,Afghanistan,Kunduz,0.30683577060699463
2020,Afghanistan,Laghman,0.3571728467941284
2020,Afghanistan,Logar,0.21621167659759521
2020,Afghanistan,Nangarhar,0.266356885433197
2020,Afghanistan,Nimroz,0.24170270562171936
2020,Afghanistan,Nooristan,0.5552822351455688
2020,Afghanistan,Paktika,0.2247440367937088
2020,Afghanistan,Paktya,0.26124635338783264
2020,Afghanistan,Panjsher,0.12888798117637634
2020,Afghanistan,Parwan,0.2719736695289612
2020,Afghanistan,Samangan,0.33522623777389526
2020,Afghanistan,Sar-e-Pul,0.3471314311027527
2020,Afghanistan,Takhar,0.29408982396125793
2020,Afghanistan,Urozgan,0.5367594361305237
2020,Afghanistan,Wardak,0.3047778606414795
2020,Afghanistan,Zabul,0.18378931283950806
2020,Albania,Berat,0.0016438462771475315
2020,Albania,Dibër,0.0074819461442530155
2020,Albania,Durrës,0.004089240450412035
2020,Albania,Elbasan,0.0018708152929320931
2020,Albania,Fier,0.003551660105586052
2020,Albania,Gjirokastër,0.0016423758352175355
2020,Albania,Korçë,0.0002746177196968347
2020,Albania,Kukes,0.00868881493806839
2020,Albania,Lezhë,0.0024105836637318134
2020,Albania,Shkodër,0.002682706341147423
2020,Albania,Tirane,0.0025415935087949038
2020,Albania,Vlorë,0.0004861018096562475
2020,Algeria,Hauts Plateaux-Centre,0.02731100283563137
2020,Algeria,Hauts Plateaux-Est,0.005910029634833336
2020,Algeria,Hauts Plateaux-Ouest,0.017911912873387337
2020,Algeria,Nord-Centre,0.0033191856928169727
2020,Algeria,Nord-Est,0.0036123348399996758
2020,Algeria,Nord-Ouest,0.006764593068510294
2020,Algeria,Sud,0.017349308356642723
2020,Angola,Bengo,0.3324211537837982
2020,Angola,Benguela,0.3222648501396179
2020,Angola,Bié,0.47513896226882935
2020,Angola,Cabinda,0.1539982259273529
2020,Angola,Cuando Cubango,0.419756680727005
2020,Angola,Cuanza Norte,0.330143541097641
2020,Angola,Cuanza Sul,0.4597669243812561
2020,Angola,Cunene,0.41969895362854004
2020,Angola,Huambo,0.3759138882160187
2020,Angola,Huíla,0.4022075831890106
2020,Angola,Luanda,0.07434196025133133
2020,Angola,Lunda Norte,0.43151137232780457
2020,Angola,Lunda Sul,0.3549840450286865
2020,Angola,Malanje,0.33940908312797546
2020,Angola,Moxico,0.42480799555778503
2020,Angola,Namibe,0.27500027418136597
2020,Angola,Uíge,0.3914613127708435
2020,Angola,Zaire,0.21605581045150757
2020,Bangladesh,Barishal,0.12532790005207062
2020,Bangladesh,Chattogram,0.11379604786634445
2020,Bangladesh,Dhaka,0.07899482548236847
2020,Bangladesh,Khulna,0.06269580125808716
2020,Bangladesh,Mymensingh,0.16329233348369598
2020,Bangladesh,Rajshahi,0.09660067409276962
2020,Bangladesh,Rangpur,0.10516821593046188
2020,Bangladesh,Sylhet,0.16030307114124298
2020,Barbados,Christ Church & St. Philip,0.008917463943362236
2020,Barbados,St Michael,0.010772211477160454
2020,Barbados,"St. James, St. George, & St.Thomas",0.007815757766366005
2020,Barbados,"St. Lucy, St. Peter, St. Andrew, St. Joseph, & St. John",0.005703152157366276
2020,Belize,Belize (ex. Belize City South Side),0.003390685422345996
2020,Belize,Belize City South Side,0.0022175018675625324
2020,Belize,Cayo,0.014068770222365856
2020,Belize,Corozal,0.008625715970993042
2020,Belize,Orange Walk,0.014935559593141079
2020,Belize,Stann Creek,0.01713312789797783
2020,Belize,Toledo,0.07701072096824646
2020,Benin,Alibori,0.5516347885131836
2020,Benin,Atacora,0.4794725775718689
2020,Benin,Atlantique,0.28388917446136475
2020,Benin,Borgou,0.46624061465263367
2020,Benin,Collines,0.3050132393836975
2020,Benin,Couffo,0.39616867899894714
2020,Benin,Donga,0.37460699677467346
2020,Benin,Littoral,0.07600672543048859
2020,Benin,Mono,0.28747501969337463
2020,Benin,Ouémé,0.23113390803337097
2020,Benin,Plateau,0.39555028080940247
2020,Benin,Zou,0.31050264835357666
2020,Bhutan,Bumthang,0.09178830683231354
2020,Bhutan,Chukha,0.1645215004682541
2020,Bhutan,Dagana,0.2768614888191223
2020,Bhutan,Gasa and Punakha,0.12707872688770294
2020,Bhutan,Haa,0.09237373620271683
2020,Bhutan,Lhuntse,0.24614442884922028
2020,Bhutan,Mongar,0.25841930508613586
2020,Bhutan,Paro,0.05000307783484459
2020,Bhutan,Pemagatshel,0.22819878160953522
2020,Bhutan,Samdrup Jongkhar,0.22927410900592804
2020,Bhutan,Samtse,0.23501215875148773
2020,Bhutan,Sarpang,0.1345147341489792
2020,Bhutan,Thimphu,0.033441200852394104
2020,Bhutan,Trashigang,0.23376435041427612
2020,Bhutan,Trashiyangtse,0.2298516482114792
2020,Bhutan,Trongsa,0.217508003115654
2020,Bhutan,Tsirang,0.23711125552654266
2020,Bhutan,Wangdue Phodrang,0.1426430195569992
2020,Bhutan,Zhemgang,0.29401934146881104
2020,Bolivia,Beni,0.09739934653043747
2020,Bolivia,Chuquisaca,0.16521432995796204
2020,Bolivia,Cochabamba,0.11477160453796387
2020,Bolivia,La Paz,0.07676778733730316
2020,Bolivia,Oruro,0.08326245099306107
2020,Bolivia,Pando,0.10207179933786392
2020,Bolivia,Potosi,0.18970730900764465
2020,Bolivia,Santa Cruz,0.03626277670264244
2020,Bolivia,Tarija,0.07667878270149231
2020,Botswana,Barolong,0.08365485817193985
2020,Botswana,Central Bobonong,0.07618805766105652
2020,Botswana,Central Boteti,0.1300792247056961
2020,Botswana,Central Mahalapye,0.09892673790454865
2020,Botswana,Central Serowe,0.09916350245475769
2020,Botswana,Central Tutume,0.13446784019470215
2020,Botswana,Chobe,0.042946141213178635
2020,Botswana,Francistown,0.025329498574137688
2020,Botswana,Gaborone,0.00421749334782362
2020,Botswana,Ghanzi,0.1920170933008194
2020,Botswana,Jwaneng,0.0
2020,Botswana,Kgalagadi North,0.09430865943431854
2020,Botswana,Kgalagadi South,0.11338101327419281
2020,Botswana,Kgatleng,0.0310576930642128
2020,Botswana,Kweneng East,0.040924400091171265
2020,Botswana,Kweneng West,0.20643821358680725
2020,Botswana,Lobatse,0.009397847577929497
2020,Botswana,Ngamiland East,0.05637495592236519
2020,Botswana,Ngamiland West,0.14461654424667358
2020,Botswana,Ngwaketse,0.10039780288934708
2020,Botswana,Ngwaketse West,0.09892816841602325
2020,Botswana,North East,0.09535641223192215
2020,Botswana,Orapa,0.0
2020,Botswana,Selibe Phikwe,0.028505874797701836
2020,Botswana,South East,0.021351121366024017
2020,Botswana,Sowa Town,0.012639634311199188
2020,Brazil,Acre,0.0678992047905922
2020,Brazil,Alagoas,0.03154602646827698
2020,Brazil,Amapá,0.02688167430460453
2020,Brazil,Amazonas,0.03179189935326576
2020,Brazil,Bahia,0.02769901603460312
2020,Brazil,Ceará,0.025827890262007713
2020,Brazil,Distrito Federal,0.003090935293585062
2020,Brazil,Espírito Santo,0.010523779317736626
2020,Brazil,Goiás,0.012910149991512299
2020,Brazil,Maranhão,0.06037349998950958
2020,Brazil,Mato Grosso,0.018169524148106575
2020,Brazil,Mato Grosso do Sul,0.013764225877821445
2020,Brazil,Minas Gerais,0.010936256498098373
2020,Brazil,Paraná,0.009886416606605053
2020,Brazil,Paraíba,0.02567223273217678
2020,Brazil,Pará,0.0439348928630352
2020,Brazil,Pernambuco,0.02490895241498947
2020,Brazil,Piauí,0.03753548115491867
2020,Brazil,Rio Grande do Norte,0.020376846194267273
2020,Brazil,Rio Grande do Sul,0.010061543434858322
2020,Brazil,Rio de Janeiro,0.0031665388960391283
2020,Brazil,Rondônia,0.023782264441251755
2020,Brazil,Roraima,0.03072512522339821
2020,Brazil,Santa Catarina,0.01151404157280922
2020,Brazil,Sergipe,0.028407352045178413
2020,Brazil,São Paulo,0.002522032242268324
2020,Brazil,Tocantins,0.023930078372359276
2020,Burkina Faso,Boucle de Mouhoun,0.5622305274009705
2020,Burkina Faso,Cascades,0.4995543956756592
2020,Burkina Faso,Centre,0.19684931635856628
2020,Burkina Faso,Centre-Est,0.5643588304519653
2020,Burkina Faso,Centre-Nord,0.5727177262306213
2020,Burkina Faso,Centre-Ouest,0.5323436260223389
2020,Burkina Faso,Centre-Sud,0.5271574854850769
2020,Burkina Faso,Est,0.6603257656097412
2020,Burkina Faso,Hauts-Bassins,0.4481048882007599
2020,Burkina Faso,Nord,0.5681285262107849
2020,Burkina Faso,Plateau Central,0.5283064842224121
2020,Burkina Faso,Sahel,0.6550872325897217
2020,Burkina Faso,Sud-Ouest,0.617617130279541
2020,Burundi,Bubanza,0.43944862484931946
2020,Burundi,Bujumbura Mairie,0.11264777183532715
2020,Burundi,Bujumbura Rural,0.33786705136299133
2020,Burundi,Bururi,0.2801273465156555
2020,Burundi,Cankuzo,0.4543618857860565
2020,Burundi,Cibitoke,0.41728952527046204
2020,Burundi,Gitega,0.39230877161026
2020,Burundi,Karusi,0.4593614935874939
2020,Burundi,Kayanza,0.40989118814468384
2020,Burundi,Kirundo,0.5326982140541077
2020,Burundi,Makamba,0.38089820742607117
2020,Burundi,Muramvya,0.362506628036499
2020,Burundi,Muyinga,0.5258467197418213
2020,Burundi,Mwaro,0.32620900869369507
2020,Burundi,Ngozi,0.46825897693634033
2020,Burundi,Rumonge,0.3720453381538391
2020,Burundi,Rutana,0.4041464030742645
2020,Burundi,Ruyigi,0.45690953731536865
2020,Cambodia,Banteay Meanchay,0.13719870150089264
2020,Cambodia,Battambang & Pailin,0.11476046591997147
2020,Cambodia,Kampong Cham,0.1952110379934311
2020,Cambodia,Kampong Chhnang,0.22407056391239166
2020,Cambodia,Kampong Speu,0.18727006018161774
2020,Cambodia,Kampong Thom,0.2165888547897339
2020,Cambodia,Kampot & Kep,0.16932719945907593
2020,Cambodia,Kandal,0.14473916590213776
2020,Cambodia,Kratie,0.3001861870288849
2020,Cambodia,Mondul Kiri and Ratanak Kiri,0.2900333106517792
2020,Cambodia,Otdar Meanchey,0.23484548926353455
2020,Cambodia,Phnom Penh,0.03099232167005539
2020,Cambodia,Preah Sihanouk and Koh Kong,0.10482915490865707
2020,Cambodia,Preah Vihear and Stung Treng,0.3096756935119629
2020,Cambodia,Prey Veng,0.1536129266023636
2020,Cambodia,Pursat,0.262899249792099
2020,Cambodia,Siem Reap,0.2474396675825119
2020,Cambodia,Svay Rieng,0.13430097699165344
2020,Cambodia,Takeo,0.12146332859992981
2020,Cameroon,Adamaoua,0.31509754061698914
2020,Cameroon,Centre,0.14320120215415955
2020,Cameroon,Douala,0.02223903499543667
2020,Cameroon,Est,0.3073573410511017
2020,Cameroon,Extrême-Nord,0.4799444377422333
2020,Cameroon,Littoral,0.07828740030527115
2020,Cameroon,Nord,0.4225284159183502
2020,Cameroon,Nord-Ouest,0.1729206144809723
2020,Cameroon,Ouest,0.13933564722537994
2020,Cameroon,Sud,0.1278654932975769
2020,Cameroon,Sud-Ouest,0.13622744381427765
2020,Cameroon,Yaoundé,0.014769415371119976
2020,Central African Republic,Bamingui-Bangoran,0.41846925020217896
2020,Central African Republic,Bangui,0.20092268288135529
2020,Central African Republic,Basse-Kotto,0.589057445526123
2020,Central African Republic,Haut-Mbomou,0.4505561888217926
2020,Central African Republic,Haute-Kotto,0.46078306436538696
2020,Central African Republic,Kémo,0.5386906862258911
2020,Central African Republic,Lobaye,0.5311691164970398
2020,Central African Republic,Mambéré-Kadéï,0.5293921232223511
2020,Central African Republic,Mbomou,0.5282401442527771
2020,Central African Republic,Nana-Grébizi,0.46799683570861816
2020,Central African Republic,Nana-Mambéré,0.5594320297241211
2020,Central African Republic,Ombella-M'Poko,0.436845600605011
2020,Central African Republic,Ouaka,0.5056657195091248
2020,Central African Republic,Ouham,0.5787016153335571
2020,Central African Republic,Ouham-Pendé,0.5365800857543945
2020,Central African Republic,Sangha-Mbaéré,0.5433764457702637
2020,Central African Republic,Vakaga,0.46415045857429504
2020,Chad,Barh El Gazal,0.6528101563453674
2020,Chad,Batha,0.6467540860176086
2020,Chad,Borkou/Tibesti,0.534767210483551
2020,Chad,Chari Baguirmi,0.6324500441551208
2020,Chad,Ennedi Est & Ennedi Ouest,0.6271685361862183
2020,Chad,Guéra,0.6078923940658569
2020,Chad,Hadjer-Lamis,0.6320465207099915
2020,Chad,Kanem,0.6751763224601746
2020,Chad,Lac,0.7107827067375183
2020,Chad,Logone Occidental,0.41618216037750244
2020,Chad,Logone Oriental,0.48308300971984863
2020,Chad,Mandoul,0.5172536969184875
2020,Chad,Mayo Kebbi Est,0.5103123188018799
2020,Chad,Mayo Kebbi Ouest,0.4775944650173187
2020,Chad,Moyen Chari,0.38917890191078186
2020,Chad,N’Djaména,0.22901494801044464
2020,Chad,Ouaddaï,0.6599181294441223
2020,Chad,Salamat,0.65498286485672
2020,Chad,Sila,0.6858499646186829
2020,Chad,Tandjilé,0.46012064814567566
2020,Chad,Wadi Fira,0.6970032453536987
2020,China,Central Region,0.011727661825716496
2020,China,East/Coastal Region,0.008455502800643444
2020,China,Western Region,0.032526206225156784
2020,Colombia,Antioquia Sin Medellin,0.051058679819107056
2020,Colombia,"Atlantico, San Andres, Bolivar Norte",0.007939410395920277
2020,Colombia,Barranquilla A. M.,0.0037282544653862715
2020,Colombia,Bogota,0.001272925059311092
2020,Colombia,"Bolivar Sur, Sucre, Cordoba",0.039109911769628525
2020,Colombia,"Boyaca, Cmarca, Meta",0.010512680746614933
2020,Colombia,"Caldas, Risaralda, Quindio",0.008232882246375084
2020,Colombia,Cali A.M.,0.0018743324326351285
2020,Colombia,Cauca Y Nari Sin Litoral,0.033755283802747726
2020,Colombia,"Guajira, Cesar, Magdalena",0.05660168081521988
2020,Colombia,Litoral Pacifico,0.0851546972990036
2020,Colombia,Medellin A.M.,0.001486071734689176
2020,Colombia,Orinoquia Y Amazonia,0.0304553285241127
2020,Colombia,Santanderes,0.017626287415623665
2020,Colombia,"Tolima, Huila, Caqueta",0.02741985209286213
2020,Colombia,Valle Sin Cali Ni Litoral,0.006189162842929363
2020,Comoros,Mwali (Mohéli),0.22192049026489258
2020,Comoros,Ndzuwani (Ndzouani or Anjouan),0.2335122674703598
2020,Comoros,Ngazidja (Grande Comore),0.11896282434463501
2020,Congo,Bouenza,0.21675728261470795
2020,Congo,Brazzaville,0.024172864854335785
2020,Congo,Cuvette,0.16098295152187347
2020,Congo,Cuvette-Ouest,0.2777615785598755
2020,Congo,Kouilou,0.27257606387138367
2020,Congo,Likouala,0.2969379127025604
2020,Congo,Lékoumou,0.2880251705646515
2020,Congo,Niari,0.19503070414066315
2020,Congo,Plateaux,0.2564927637577057
2020,Congo,Pointe-Noire,0.04434867575764656
2020,Congo,Pool,0.2769583463668823
2020,Congo,Sangha,0.24651886522769928
2020,"Congo, Democratic Republic of the",Bas-Uélé,0.3493073582649231
2020,"Congo, Democratic Republic of the",Haut-Katanga,0.2884311079978943
2020,"Congo, Democratic Republic of the",Haut-Lomami,0.39886370301246643
2020,"Congo, Democratic Republic of the",Haut-Uélé,0.3280053436756134
2020,"Congo, Democratic Republic of the",Ituri,0.39901497960090637
2020,"Congo, Democratic Republic of the",Kasaï,0.5250430703163147
2020,"Congo, Democratic Republic of the",Kasaï-Central,0.4815596640110016
2020,"Congo, Democratic Republic of the",Kasaï-Oriental,0.3953224718570709
2020,"Congo, Democratic Republic of the",Kinshasa,0.06837087869644165
2020,"Congo, Democratic Republic of the",Kongo Central,0.27603307366371155
2020,"Congo, Democratic Republic of the",Kwango,0.4809310734272003
2020,"Congo, Democratic Republic of the",Kwilu,0.42618080973625183
2020,"Congo, Democratic Republic of the",Lomami,0.3774387836456299
2020,"Congo, Democratic Republic of the",Lualaba,0.36821049451828003
2020,"Congo, Democratic Republic of the",Mai-Ndombe,0.3598574995994568
2020,"Congo, Democratic Republic of the",Maniema,0.4376305341720581
2020,"Congo, Democratic Republic of the",Mongala,0.4320162534713745
2020,"Congo, Democratic Republic of the",Nord Kivu,0.3511420488357544
2020,"Congo, Democratic Republic of the",Nord Ubangi,0.4503978192806244
2020,"Congo, Democratic Republic of the",Sankuru,0.42775487899780273
2020,"Congo, Democratic Republic of the",Sud-Kivu,0.32014667987823486
2020,"Congo, Democratic Republic of the",Sud-Ubangi,0.4309596121311188
2020,"Congo, Democratic Republic of the",Tanganyika,0.3876558840274811
2020,"Congo, Democratic Republic of the",Tshopo,0.33816537261009216
2020,"Congo, Democratic Republic of the",Tshuapa,0.48582467436790466
2020,"Congo, Democratic Republic of the",Équateur,0.34812721610069275
2020,Côte d'Ivoire,Centre,0.22107528150081635
2020,Côte d'Ivoire,Centre-Est,0.21399979293346405
2020,Côte d'Ivoire,Centre-Nord,0.20842605829238892
2020,Côte d'Ivoire,Centre-Ouest,0.31241336464881897
2020,Côte d'Ivoire,Nord,0.40830421447753906
2020,Côte d'Ivoire,Nord-Est,0.3432570993900299
2020,Côte d'Ivoire,Nord-Ouest,0.4047788381576538
2020,Côte d'Ivoire,Ouest,0.33601880073547363
2020,Côte d'Ivoire,Sud (ex. Ville d'Abidjan),0.19193518161773682
2020,Côte d'Ivoire,Sud-Ouest,0.320731520652771
2020,Côte d'Ivoire,Ville d'Abidjan,0.0416836179792881
2020,Cuba,Artemisa,0.0008699158206582069
2020,Cuba,Camagüey,0.0011628771899268031
2020,Cuba,Ciego de Ávila,0.0006195273017510772
2020,Cuba,Cienfuegos,0.0009371871128678322
2020,Cuba,Granma,0.004578973166644573
2020,Cuba,Guantánamo,0.0020601844880729914
2020,Cuba,Holguín,0.004401947371661663
2020,Cuba,Isla de la Juventud,8.729535329621285e-05
2020,Cuba,La Habana,6.731586472596973e-05
2020,Cuba,Las Tunas,0.0033390335738658905
2020,Cuba,Matanzas,0.0005153347156010568
2020,Cuba,Mayabeque,0.0006291800527833402
2020,Cuba,Pinar del Río,0.0007394157582893968
2020,Cuba,Sancti Spíritus,0.0009567715460434556
2020,Cuba,Santiago de Cuba,0.0025536122266203165
2020,Cuba,Villa Clara,0.0009210130665451288
2020,Dominican Republic,Cibao Nordeste,0.01457802951335907
2020,Dominican Republic,Cibao Noroeste,0.027990255504846573
2020,Dominican Republic,Cibao Norte,0.009951614774763584
2020,Dominican Republic,Cibao Sur,0.010941040702164173
2020,Dominican Republic,Del Yuma,0.031872257590293884
2020,Dominican Republic,El Valle,0.04817890748381615
2020,Dominican Republic,Enriquillo,0.03733646124601364
2020,Dominican Republic,Higuamo,0.020206110551953316
2020,Dominican Republic,Metropolitana,0.007564518600702286
2020,Dominican Republic,Valdesia,0.018433092162013054
2020,Ecuador,Azuay,0.01624980755150318
2020,Ecuador,Bolivar,0.05229330062866211
2020,Ecuador,Carchi,0.010663466528058052
2020,Ecuador,Cañar,0.018231816589832306
2020,Ecuador,Chimborazo,0.04283139109611511
2020,Ecuador,Cotopaxi,0.03020860068500042
2020,Ecuador,El Oro,0.0072570485062897205
2020,Ecuador,Esmeraldas,0.031223803758621216
2020,Ecuador,Galápagos,0.003312868531793356
2020,Ecuador,Guayas,0.008735968731343746
2020,Ecuador,Imbabura,0.017345327883958817
2020,Ecuador,Loja,0.02094154991209507
2020,Ecuador,Los Rios,0.02357526309788227
2020,Ecuador,Manabi,0.028300784528255463
2020,Ecuador,Morona Santiago,0.09274511784315109
2020,Ecuador,Napo,0.04674271121621132
2020,Ecuador,Orellana,0.06788051128387451
2020,Ecuador,Pastaza,0.08333269506692886
2020,Ecuador,Pichincha,0.0075731598772108555
2020,Ecuador,Santa Elena,0.01703478954732418
2020,Ecuador,Santo Domingo De Los Tsachilas,0.011279081925749779
2020,Ecuador,Sucumbios,0.033204976469278336
2020,Ecuador,Tungurahua,0.013164232484996319
2020,Ecuador,Zamora Chinchipe,0.022822242230176926
2020,Egypt,Alexandria,0.007175947539508343
2020,Egypt,Assuit,0.04099489003419876
2020,Egypt,Aswan,0.018259426578879356
2020,Egypt,Behera,0.0160907544195652
2020,Egypt,Beni Suef,0.03426770493388176
2020,Egypt,Cairo,0.00962973665446043
2020,Egypt,Dakahlia,0.006454349495470524
2020,Egypt,Damietta,0.014378383755683899
2020,Egypt,Fayoum,0.03722364082932472
2020,Egypt,Gharbia,0.01327590923756361
2020,Egypt,Giza,0.025871627032756805
2020,Egypt,Ismailia,0.014075634069740772
2020,Egypt,Kafr el-Sheikh,0.011163285002112389
2020,Egypt,Kalyubia,0.00908643938601017
2020,Egypt,Luxor,0.01814720593392849
2020,Egypt,Matroh,0.0413225032389164
2020,Egypt,Menoufia,0.008170600980520248
2020,Egypt,Menya,0.030043255537748337
2020,Egypt,New Valley,0.0038682613521814346
2020,Egypt,Port Said,0.0007017544121481478
2020,Egypt,Qena,0.01466236263513565
2020,Egypt,Red Sea,0.017579838633537292
2020,Egypt,Sharkia,0.021636776626110077
2020,Egypt,Souhag,0.04109250754117966
2020,Egypt,Suez,0.005108583252876997
2020,El Salvador,Ahuachapán,0.03453236445784569
2020,El Salvador,Cabañas,0.05956820398569107
2020,El Salvador,Chalatenango,0.042696088552474976
2020,El Salvador,Cuscatlán,0.0327785387635231
2020,El Salvador,La Libertad,0.0214461050927639
2020,El Salvador,La Paz,0.03787028044462204
2020,El Salvador,La Unión,0.06686907261610031
2020,El Salvador,Morazán,0.0384485088288784
2020,El Salvador,San Miguel,0.041201867163181305
2020,El Salvador,San Salvador,0.013227489776909351
2020,El Salvador,San Vicente,0.026444830000400543
2020,El Salvador,Santa Ana,0.03009948506951332
2020,El Salvador,Sonsonate,0.05928273871541023
2020,El Salvador,Usulután,0.03627034276723862
2020,eSwatini,Hhohho,0.07493007183074951
2020,eSwatini,Lubombo,0.11576802283525467
2020,eSwatini,Manzini,0.05107041075825691
2020,eSwatini,Shiselweni,0.11302518099546432
2020,Ethiopia,Addis Ababa,0.0588826984167099
2020,Ethiopia,Afar,0.5720557570457458
2020,Ethiopia,Amhara,0.4974808990955353
2020,Ethiopia,Benishangul-Gumuz,0.47376546263694763
2020,Ethiopia,Dire Dawa,0.29741668701171875
2020,Ethiopia,Gambela,0.3502711355686188
2020,Ethiopia,Harari,0.3059026300907135
2020,Ethiopia,Oromia,0.5272447466850281
2020,Ethiopia,SNNPR,0.48164597153663635
2020,Ethiopia,Somali,0.5766946077346802
2020,Ethiopia,Tigray,0.4497760832309723
2020,Gabon,Estuaire,0.056128114461898804
2020,Gabon,Haut-Ogooué,0.09413930028676987
2020,Gabon,Libreville/Port-Gentil,0.013460584916174412
2020,Gabon,Moyen-Ogooué,0.12642042338848114
2020,Gabon,Ngounié,0.18458017706871033
2020,Gabon,Nyanga,0.17851051688194275
2020,Gabon,Ogooué Maritime,0.08468835800886154
2020,Gabon,Ogooué-Ivindo,0.2675895690917969
2020,Gabon,Ogooué-Lolo,0.17332114279270172
2020,Gabon,Woleu-Ntem,0.09604015201330185
2020,Gambia,Banjul,0.03737286850810051
2020,Gambia,Basse,0.3603241443634033
2020,Gambia,Brikama,0.12713713943958282
2020,Gambia,Janjanbureh,0.3921632766723633
2020,Gambia,Kanifing,0.07547275722026825
2020,Gambia,Kerewan,0.32498300075531006
2020,Gambia,Kuntaur,0.46935948729515076
2020,Gambia,Mansakonko,0.1985406130552292
2020,Ghana,Ashanti,0.08050408214330673
2020,Ghana,Brong Ahafo,0.13795366883277893
2020,Ghana,Central,0.14234395325183868
2020,Ghana,Eastern,0.13263776898384094
2020,Ghana,Greater Accra,0.044797979295253754
2020,Ghana,Northern,0.3687268793582916
2020,Ghana,Upper East,0.27682653069496155
2020,Ghana,Upper West,0.24256455898284912
2020,Ghana,Volta,0.14654642343521118
2020,Ghana,Western,0.09071628004312515
2020,Guatemala,Alta Verapaz,0.25449031591415405
2020,Guatemala,Baja Verapaz,0.17495691776275635
2020,Guatemala,Chimaltenango,0.10404191166162491
2020,Guatemala,Chiquimula,0.21968775987625122
2020,Guatemala,El Progreso,0.08056706190109253
2020,Guatemala,Escuintla,0.07265040278434753
2020,Guatemala,Guatemala Municipio,0.015496277250349522
2020,Guatemala,Guatemala Resto,0.03753836452960968
2020,Guatemala,Huehuetenango,0.23317083716392517
2020,Guatemala,Izabal,0.1282864511013031
2020,Guatemala,Jalapa,0.1911112517118454
2020,Guatemala,Jutiapa,0.1247434914112091
2020,Guatemala,Petén,0.17315490543842316
2020,Guatemala,Quetzaltenango,0.10823699831962585
2020,Guatemala,Quiché,0.22847504913806915
2020,Guatemala,Retalhuleu,0.11466353386640549
2020,Guatemala,Sacatepéquez,0.059884440153837204
2020,Guatemala,San Marcos,0.1461113840341568
2020,Guatemala,Santa Rosa,0.1013312116265297
2020,Guatemala,Sololá,0.11108849942684174
2020,Guatemala,Suchitepéquez,0.12638689577579498
2020,Guatemala,Totonicapán,0.15741652250289917
2020,Guatemala,Zacapa,0.12760351598262787
2020,Guinea,Boké,0.4220813512802124
2020,Guinea,Conakry,0.06321249157190323
2020,Guinea,Faranah,0.4888116419315338
2020,Guinea,Kankan,0.4171344041824341
2020,Guinea,Kindia,0.3637416958808899
2020,Guinea,Labé,0.493795245885849
2020,Guinea,Mamou,0.4010578393936157
2020,Guinea,N'Zérékoré,0.4335777461528778
2020,Guinea-Bissau,Bafata,0.5343219041824341
2020,Guinea-Bissau,Biombo,0.38441404700279236
2020,Guinea-Bissau,Bolama,0.3139567971229553
2020,Guinea-Bissau,Cacheu,0.3347112834453583
2020,Guinea-Bissau,Gabu,0.5363698601722717
2020,Guinea-Bissau,Oio,0.5365062952041626
2020,Guinea-Bissau,Quinara,0.4209916293621063
2020,Guinea-Bissau,SAB,0.15519393980503082
2020,Guinea-Bissau,Tombali,0.4511597454547882
2020,Guyana,Coastal,0.004393352661281824
2020,Guyana,Interior,0.07481356710195541
2020,Haiti,Aire Métropolitaine,0.0588700957596302
2020,Haiti,Artibonite,0.25031590461730957
2020,Haiti,Centre,0.2935398817062378
2020,Haiti,Grande Anse,0.296384334564209
2020,Haiti,Nippes,0.1870824545621872
2020,Haiti,Nord,0.1948753148317337
2020,Haiti,Nord-Est,0.20302076637744904
2020,Haiti,Nord-Ouest,0.23027397692203522
2020,Haiti,Rest-Ouest,0.23025308549404144
2020,Haiti,Sud,0.2261192351579666
2020,Haiti,Sud-Est,0.22451728582382202
2020,Honduras,Atlántida,0.05253018066287041
2020,Honduras,Choluteca,0.13123184442520142
2020,Honduras,Colón,0.060963355004787445
2020,Honduras,Comayagua,0.10644874721765518
2020,Honduras,Copán,0.1915920525789261
2020,Honduras,Cortés,0.02231329306960106
2020,Honduras,El Paraíso,0.13646766543388367
2020,Honduras,Francisco Morazán,0.03721900284290314
2020,Honduras,Gracias a Dios,0.1985553503036499
2020,Honduras,Intibucá,0.1794554889202118
2020,Honduras,Islas de la Bahía,0.011107182130217552
2020,Honduras,La Paz,0.14871610701084137
2020,Honduras,Lempira,0.23401063680648804
2020,Honduras,Ocotepeque,0.1344795972108841
2020,Honduras,Olancho,0.11821775883436203
2020,Honduras,Santa Bárbara,0.1001957356929779
2020,Honduras,Valle,0.0885285884141922
2020,Honduras,Yoro,0.08559378981590271
2020,India,Andaman & Nicobar Islands,0.0268817488104105
2020,India,Andhra Pradesh,0.06389982998371124
2020,India,Arunachal Pradesh,0.10784666240215302
2020,India,Assam,0.16168485581874847
2020,India,Bihar,0.24766847491264343
2020,India,Chandigarh,0.021239250898361206
2020,India,Chhattisgarh,0.1525459885597229
2020,India,Dadra & Nagar Haveli,0.14423920214176178
2020,India,Daman & Diu,0.024789806455373764
2020,India,Delhi,0.018016744405031204
2020,India,Goa,0.02042359672486782
2020,India,Gujarat,0.09180054813623428
2020,India,Haryana,0.046428292989730835
2020,India,Himachal Pradesh,0.03040243126451969
2020,India,Jammu & Kashmir,0.06360244750976562
2020,India,Jharkhand,0.20823556184768677
2020,India,Karnataka,0.06870986521244049
2020,India,Kerala,0.004009594209492207
2020,India,Lakshadweep,0.006756862159818411
2020,India,Madhya Pradesh,0.18172702193260193
2020,India,Maharashtra,0.07123032957315445
2020,India,Manipur,0.08476351946592331
2020,India,Meghalaya,0.14576560258865356
2020,India,Mizoram,0.04410737380385399
2020,India,Nagaland,0.09891462326049805
2020,India,Odisha,0.15558353066444397
2020,India,Puducherry,0.012557164765894413
2020,India,Punjab,0.025119096040725708
2020,India,Rajasthan,0.14477090537548065
2020,India,Sikkim,0.018547674641013145
2020,India,Tamil Nadu,0.027391726151108742
2020,India,Telangana,0.07138357311487198
2020,India,Tripura,0.08660782873630524
2020,India,Uttar Pradesh,0.1826004683971405
2020,India,Uttarakhand,0.07210725545883179
2020,India,West Bengal,0.11015362292528152
2020,Indonesia,Aceh,0.011792662553489208
2020,Indonesia,Bali,0.00788004882633686
2020,Indonesia,Bangka Belitung,0.014654514379799366
2020,Indonesia,Banten,0.015240718610584736
2020,Indonesia,Bengkulu,0.007950413040816784
2020,Indonesia,Central Java,0.009994437918066978
2020,Indonesia,Central Kalimantan,0.017286065965890884
2020,Indonesia,Central Sulawesi,0.02509787678718567
2020,Indonesia,East Java,0.010840220376849174
2020,Indonesia,East Kalimantan,0.008756072260439396
2020,Indonesia,East Nusa Tenggara,0.06557372212409973
2020,Indonesia,Gorontalo,0.035500917583703995
2020,Indonesia,Jakarta,0.005234004929661751
2020,Indonesia,Jambi,0.0066647762432694435
2020,Indonesia,Lampung,0.012705691158771515
2020,Indonesia,Maluku,0.020979730412364006
2020,Indonesia,North Kalimantan,0.024212470278143883
2020,Indonesia,North Maluku,0.033309631049633026
2020,Indonesia,North Sulawesi,0.007878406904637814
2020,Indonesia,North Sumatera,0.020849766209721565
2020,Indonesia,Papua,0.08286099880933762
2020,Indonesia,Riau,0.008987284265458584
2020,Indonesia,Riau Islands,0.005179238971322775
2020,Indonesia,South Kalimantan,0.018621351569890976
2020,Indonesia,South Sulawesi,0.010921455919742584
2020,Indonesia,South Sumatera,0.0151628777384758
2020,Indonesia,Southeast Sulawesi,0.020864881575107574
2020,Indonesia,West Java,0.008854988031089306
2020,Indonesia,West Kalimantan,0.021030522882938385
2020,Indonesia,West Nusa Tenggara,0.016782741993665695
2020,Indonesia,West Papua,0.04142690822482109
2020,Indonesia,West Sulawesi,0.028055580332875252
2020,Indonesia,West Sumatera,0.012443916872143745
2020,Indonesia,Yogyakarta,0.008114681579172611
2020,Iraq,Al-Anbar,0.03599875792860985
2020,Iraq,Al-Muthanna,0.051062941551208496
2020,Iraq,Al-Najaf,0.04859188571572304
2020,Iraq,Al-Qadissiyah,0.03010297194123268
2020,Iraq,Babil,0.03548166900873184
2020,Iraq,Baghdad,0.026855096220970154
2020,Iraq,Basra,0.053609106689691544
2020,Iraq,Diyala,0.013940272852778435
2020,Iraq,Dohuk,0.019742654636502266
2020,Iraq,Erbil,0.01229764148592949
2020,Iraq,Karbala,0.03804681450128555
2020,Iraq,Kirkuk,0.021695446223020554
2020,Iraq,Missan,0.06598557531833649
2020,Iraq,Ninewa,0.042186636477708817
2020,Iraq,Salahaddin,0.01889580860733986
2020,Iraq,Suleimaniya,0.008290205150842667
2020,Iraq,Thi-Qar,0.04244907945394516
2020,Iraq,Wasit,0.033931534737348557
2020,Jamaica,Clarendon,0.02879161760210991
2020,Jamaica,Hanover,0.0016149061266332865
2020,Jamaica,Kingston,0.0
2020,Jamaica,Manchester,0.008405588567256927
2020,Jamaica,Portland,0.023081056773662567
2020,Jamaica,St. Andrew,0.011375077068805695
2020,Jamaica,St. Ann,0.034686729311943054
2020,Jamaica,St. Catherine,0.022440480068325996
2020,Jamaica,St. Elizabeth,0.015216906554996967
2020,Jamaica,St. James,0.02720843069255352
2020,Jamaica,St. Mary,0.020371753722429276
2020,Jamaica,St. Thomas,0.02606271207332611
2020,Jamaica,Trelawny,0.01609196700155735
2020,Jamaica,Westmoreland,0.010735501535236835
2020,Jordan,Aljoun,0.0016037131426855922
2020,Jordan,Amman,0.0010703845182433724
2020,Jordan,Aqaba,0.0002357477496843785
2020,Jordan,Balqa,0.0021530818194150925
2020,Jordan,Irbid,0.0017715208232402802
2020,Jordan,Jerash,0.0020431012380868196
2020,Jordan,Karak,0.00041067798156291246
2020,Jordan,Ma'an,0.006126753054559231
2020,Jordan,Madaba,0.0024343798868358135
2020,Jordan,Mafraq,0.0031236272770911455
2020,Jordan,Tafilah,0.000544644077308476
2020,Jordan,Zarqa,0.0014073117636144161
2020,Kazakhstan,Akmola,0.00029455727781169116
2020,Kazakhstan,Aktobe,0.0026209347415715456
2020,Kazakhstan,Almaty City,0.0005722090718336403
2020,Kazakhstan,Almaty Oblast,0.0019111729925498366
2020,Kazakhstan,Astana City,0.0
2020,Kazakhstan,Atyrau,0.003930168226361275
2020,Kazakhstan,East Kazakhstan,0.0
2020,Kazakhstan,Karaganda,0.0
2020,Kazakhstan,Kostanai,0.0001648870820645243
2020,Kazakhstan,Kyzylorda,0.0037130885757505894
2020,Kazakhstan,Mangistau,0.0009325649007223547
2020,Kazakhstan,North Kazakhstan,0.0001991885364986956
2020,Kazakhstan,Pavlodar,0.0013241305714473128
2020,Kazakhstan,South Kasakhstan,0.004355117678642273
2020,Kazakhstan,West Kazakhstan,0.0
2020,Kazakhstan,Zhambyl,0.0017714373534545302
2020,Kenya,Central,0.0775962620973587
2020,Kenya,Coast,0.2215774655342102
2020,Kenya,Eastern,0.18974709510803223
2020,Kenya,Nairobi,0.03833317756652832
2020,Kenya,North Eastern,0.5033473372459412
2020,Kenya,Nyanza,0.17263270914554596
2020,Kenya,Rift Valley,0.20989736914634705
2020,Kenya,Western,0.182241752743721
2020,Kiribati,Central Gilbert,0.11784177273511887
2020,Kiribati,Line And Phoenix Group,0.11510808765888214
2020,Kiribati,Northern Gilbert,0.1306503415107727
2020,Kiribati,South Tarawa,0.047710392624139786
2020,Kiribati,Southern Gilbert,0.10412708669900894
2020,Kyrgyzstan,Batken,0.0017473193584010005
2020,Kyrgyzstan,Bishkek,0.0
2020,Kyrgyzstan,Chui,0.0
2020,Kyrgyzstan,Issyk-Kul,0.0016381541499868035
2020,Kyrgyzstan,Jalal-Abad,0.0024062413722276688
2020,Kyrgyzstan,Naryn,0.0
2020,Kyrgyzstan,Osh,0.003046128898859024
2020,Kyrgyzstan,Osh City,0.0008516618981957436
2020,Kyrgyzstan,Talas,0.001920532900840044
2020,Lao PDR,Attapeu,0.11512530595064163
2020,Lao PDR,Bokeo,0.12390188127756119
2020,Lao PDR,Borikhamxay,0.04755973443388939
2020,Lao PDR,Champasack,0.08490034192800522
2020,Lao PDR,Houaphan,0.12389418482780457
2020,Lao PDR,Khammuane,0.1135370135307312
2020,Lao PDR,Luang Namtha,0.10575106739997864
2020,Lao PDR,Luang Prabang,0.13711601495742798
2020,Lao PDR,Oudomxay,0.1387181580066681
2020,Lao PDR,Phongsaly,0.1656276136636734
2020,Lao PDR,Saravane,0.23707737028598785
2020,Lao PDR,Savannakhet,0.17485247552394867
2020,Lao PDR,Sekong,0.1755683720111847
2020,Lao PDR,Vientiane,0.06660546362400055
2020,Lao PDR,Vientiane Capital,0.008143939077854156
2020,Lao PDR,Xaignabouri,0.04299532249569893
2020,Lao PDR,Xaisomboun ,0.10683538019657135
2020,Lao PDR,Xiangkhouang,0.061366770416498184
2020,Lesotho,Foothills,0.15449677407741547
2020,Lesotho,Lowlands,0.04086203873157501
2020,Lesotho,Mountains,0.18477970361709595
2020,Lesotho,Senqu River Valley,0.11625785380601883
2020,Liberia,Bomi,0.36769184470176697
2020,Liberia,Bong,0.48382049798965454
2020,Liberia,Gbarpolu,0.4446512460708618
2020,Liberia,Grand Bassa,0.46443676948547363
2020,Liberia,Grand Cape Mount,0.40833327174186707
2020,Liberia,Grand Gedeh,0.3035244941711426
2020,Liberia,Grand Kru,0.39487195014953613
2020,Liberia,Lofa,0.41147512197494507
2020,Liberia,Margibi,0.30993884801864624
2020,Liberia,Maryland,0.3412494659423828
2020,Liberia,Montserrado,0.17509816586971283
2020,Liberia,Nimba,0.35567137598991394
2020,Liberia,River Cess,0.462482213973999
2020,Liberia,River Gee,0.38724449276924133
2020,Liberia,Sinoe,0.3852747082710266
2020,Libya,Ajdabya,0.012918631546199322
2020,Libya,Ben-Ghazi,0.0030865431763231754
2020,Libya,Derna,0.009409072808921337
2020,Libya,El-Jabal El-Akhdar,0.0152820385992527
2020,Libya,El-Jabal El-Gharbi,0.0056641302071511745
2020,Libya,El-Marj,0.006638263817876577
2020,Libya,El-Merqab,0.008458591066300869
2020,Libya,El-Wahat/El-Kufra,0.004038226790726185
2020,Libya,El-Zawya,0.001980465603992343
2020,Libya,Jfara,0.002723290119320154
2020,Libya,Murzuk,0.003530723974108696
2020,Libya,Musrata,0.004403690341860056
2020,Libya,Nalut,0.0032967040315270424
2020,Libya,Qasr Ben-Ghesheer,0.004849742166697979
2020,Libya,Sebha/El-Shate,0.006738197989761829
2020,Libya,Sert/Jafra,0.005790693685412407
2020,Libya,Tarhuna,0.0034682531841099262
2020,Libya,Tripoli,0.014144890941679478
2020,Libya,Tubruk,0.009184474125504494
2020,Libya,Wadi El-Hayat,0.015152602456510067
2020,Libya,Zwara,0.002998087788000703
2020,Madagascar,Alaotra Mangoro,0.34133827686309814
2020,Madagascar,Amoron'i Mania,0.4232011139392853
2020,Madagascar,Analamanga,0.17960524559020996
2020,Madagascar,Analanjirofo,0.2777066230773926
2020,Madagascar,Androy,0.5599063634872437
2020,Madagascar,Anosy,0.5187107920646667
2020,Madagascar,Atsimo Andrefana,0.5518961548805237
2020,Madagascar,Atsimo Atsinanana,0.5362424850463867
2020,Madagascar,Atsinanana,0.34887251257896423
2020,Madagascar,Betsiboka,0.43505167961120605
2020,Madagascar,Boeny,0.40113577246665955
2020,Madagascar,Bongolava,0.43453237414360046
2020,Madagascar,Diana,0.2556533217430115
2020,Madagascar,Haute Matsiatra,0.4087504744529724
2020,Madagascar,Ihorombe,0.4802146553993225
2020,Madagascar,Itasy,0.3756851255893707
2020,Madagascar,Melaky,0.4874740540981293
2020,Madagascar,Menabe,0.47188302874565125
2020,Madagascar,Sava,0.2594960629940033
2020,Madagascar,Sofia,0.31649050116539
2020,Madagascar,Vakinankaratra,0.3826987147331238
2020,Madagascar,Vatovavy Fitovinany,0.5119509696960449
2020,Malawi,Balaka,0.24558456242084503
2020,Malawi,Blantyre,0.15854640305042267
2020,Malawi,Chikwawa,0.30442583560943604
2020,Malawi,Chiradzulu,0.21214409172534943
2020,Malawi,Chitipa,0.13378213346004486
2020,Malawi,Dedza,0.3131204843521118
2020,Malawi,Dowa,0.2729957699775696
2020,Malawi,Karonga,0.1803150177001953
2020,Malawi,Kasungu,0.23268088698387146
2020,Malawi,Likoma,0.11977363377809525
2020,Malawi,Lilongwe,0.2123919576406479
2020,Malawi,Machinga,0.32277193665504456
2020,Malawi,Mangochi,0.3137718141078949
2020,Malawi,Mchinji,0.2962980270385742
2020,Malawi,Mulange,0.26238393783569336
2020,Malawi,Mwanza,0.24842847883701324
2020,Malawi,Mzimba,0.1608877182006836
2020,Malawi,Neno,0.291536808013916
2020,Malawi,Nkhata Bay,0.21548326313495636
2020,Malawi,Nkhotakota,0.2066938281059265
2020,Malawi,Nsanje,0.2841350734233856
2020,Malawi,Ntcheu,0.21812860667705536
2020,Malawi,Ntchisi,0.28201574087142944
2020,Malawi,Phalombe,0.30667808651924133
2020,Malawi,Rumphi,0.15821991860866547
2020,Malawi,Salima,0.3260175585746765
2020,Malawi,Thyolo,0.23911751806735992
2020,Malawi,Zomba,0.23446719348430634
2020,Mali,Bamako,0.11030486971139908
2020,Mali,Gao,0.47262704372406006
2020,Mali,Kayes,0.4206639528274536
2020,Mali,Kidal,0.47596198320388794
2020,Mali,Koulikoro,0.3526717722415924
2020,Mali,Mopti,0.49576228857040405
2020,Mali,Sikasso,0.4163965582847595
2020,Mali,Ségou,0.42362886667251587
2020,Mali,Timbuktu,0.5354549288749695
2020,Mauritania,Adrar,0.16922156512737274
2020,Mauritania,Assaba,0.3603958487510681
2020,Mauritania,Brakna,0.334137886762619
2020,Mauritania,Dakhlet Nouadhibou,0.033659107983112335
2020,Mauritania,Gorgol,0.35895922780036926
2020,Mauritania,Guidimaka,0.42053449153900146
2020,Mauritania,Hosh ech Chargui,0.3866455852985382
2020,Mauritania,Hosh el Gharbi,0.3347214460372925
2020,Mauritania,Inchiri,0.07336679846048355
2020,Mauritania,Nouakchott,0.07415283471345901
2020,Mauritania,Tagant,0.2616167962551117
2020,Mauritania,Tiris Zemmour,0.030628034844994545
2020,Mauritania,Trarza,0.19067367911338806
2020,Mexico,Centro,0.02031887322664261
2020,Mexico,Mexico City,0.011630809865891933
2020,Mexico,Norte,0.02291659079492092
2020,Mexico,Sur,0.042680591344833374
2020,Moldova,Center,0.003795312950387597
2020,Moldova,Chisinau,0.0001832774287322536
2020,Moldova,North,0.005947452038526535
2020,Moldova,South,0.002272725338116288
2020,Mongolia,Central,0.018513087183237076
2020,Mongolia,Eastern,0.02562529966235161
2020,Mongolia,Khangai,0.04968095198273659
2020,Mongolia,Ulaanbaatar,0.00861145369708538
2020,Mongolia,Western,0.08539268374443054
2020,Morocco,Chaouia Ourdigha,0.08601977676153183
2020,Morocco,Doukkala-Abda,0.08050747960805893
2020,Morocco,Fès-Boulemane,0.0548432320356369
2020,Morocco,Gharb-Chrarda-Béni Hssen,0.11433903127908707
2020,Morocco,Grand Casablanca,0.006793176755309105
2020,Morocco,Marrakech-Tensift-El Haouz,0.14673630893230438
2020,Morocco,Meknès-Tafilalet,0.06880355626344681
2020,Morocco,Oriental,0.06504751741886139
2020,Morocco,Rabat-Salé-Zemmour-Zaer,0.030633460730314255
2020,Morocco,Sahara,0.02484782598912716
2020,Morocco,Souss-Massa-Draa,0.1332639753818512
2020,Morocco,Tadla-Azilal,0.0921056792140007
2020,Morocco,Tanger-Tetouan,0.09685404598712921
2020,Morocco,Taza-Al Hoceima-Taounate,0.1405038982629776
2020,Mozambique,Cabo Delgado,0.5357887744903564
2020,Mozambique,Gaza,0.34853559732437134
2020,Mozambique,Inhambane,0.35751044750213623
2020,Mozambique,Manica,0.3306991159915924
2020,Mozambique,Maputo,0.14045794308185577
2020,Mozambique,Maputo City,0.040795259177684784
2020,Mozambique,Nampula,0.4478071928024292
2020,Mozambique,Niassa,0.4687749147415161
2020,Mozambique,Sofala,0.4006039798259735
2020,Mozambique,Tete,0.47652915120124817
2020,Mozambique,Zambezia,0.5312052965164185
2020,Myanmar,Ayeyarwaddy,0.23711691796779633
2020,Myanmar,Bago,0.17789341509342194
2020,Myanmar,Chin,0.18494893610477448
2020,Myanmar,Kachin,0.12108898907899857
2020,Myanmar,Kayah,0.12943658232688904
2020,Myanmar,Kayin,0.23008257150650024
2020,Myanmar,Magway,0.17742250859737396
2020,Myanmar,Mandalay,0.13660578429698944
2020,Myanmar,Mon,0.15075722336769104
2020,Myanmar,Naypyitaw,0.14597855508327484
2020,Myanmar,Rakhine,0.30189892649650574
2020,Myanmar,Sagaing,0.15740899741649628
2020,Myanmar,Shan,0.23433877527713776
2020,Myanmar,Taninthayi,0.18766675889492035
2020,Myanmar,Yangon,0.06767283380031586
2020,Namibia,Erongo,0.03795889765024185
2020,Namibia,Hardap,0.08110690861940384
2020,Namibia,Karas,0.09544142335653305
2020,Namibia,Kavango,0.33473601937294006
2020,Namibia,Khomas,0.04102706536650658
2020,Namibia,Kunene,0.25053316354751587
2020,Namibia,Ohangwena,0.3193661570549011
2020,Namibia,Omaheke,0.21678969264030457
2020,Namibia,Omusati,0.2348605990409851
2020,Namibia,Oshana,0.1314069926738739
2020,Namibia,Oshikoto,0.1996278017759323
2020,Namibia,Otjozondjupa,0.09924192726612091
2020,Namibia,Zambezi,0.18339920043945312
2020,Nepal,Province 1,0.12182112038135529
2020,Nepal,Province 2,0.24032345414161682
2020,Nepal,Province 3,0.08116832375526428
2020,Nepal,Province 4,0.0795610100030899
2020,Nepal,Province 5,0.1423778235912323
2020,Nepal,Province 6,0.2348255217075348
2020,Nepal,Province 7,0.144967183470726
2020,Nicaragua,Boaco,0.12333863228559494
2020,Nicaragua,Carazo,0.02010914869606495
2020,Nicaragua,Chinandega,0.03723929077386856
2020,Nicaragua,Chontales,0.07882315665483475
2020,Nicaragua,Esteli,0.04110858961939812
2020,Nicaragua,Granada,0.032883211970329285
2020,Nicaragua,Jinotega,0.20971237123012543
2020,Nicaragua,Leon,0.037953417748212814
2020,Nicaragua,Madriz,0.11181269586086273
2020,Nicaragua,Managua,0.01564062386751175
2020,Nicaragua,Masaya,0.01864897646009922
2020,Nicaragua,Matagalpa,0.10303130745887756
2020,Nicaragua,Nueva Segovia,0.12031617015600204
2020,Nicaragua,Raan,0.1691737174987793
2020,Nicaragua,Raas,0.1505638211965561
2020,Nicaragua,Rio San Juan,0.13547267019748688
2020,Nicaragua,Rivas,0.029001204296946526
2020,Niger,Agadez,0.4113212525844574
2020,Niger,Diffa,0.5651478171348572
2020,Niger,Dosso,0.6147457957267761
2020,Niger,Maradi,0.6366274952888489
2020,Niger,Niamey,0.22523316740989685
2020,Niger,Tahoua,0.6234773397445679
2020,Niger,Tillaberi,0.6043829321861267
2020,Niger,Zinder,0.6167452931404114
2020,Nigeria,Abia,0.03547510504722595
2020,Nigeria,Adamawa,0.3328655958175659
2020,Nigeria,Akwa Ibom,0.08549214899539948
2020,Nigeria,Anambra,0.03466184437274933
2020,Nigeria,Bauchi,0.4512902498245239
2020,Nigeria,Bayelsa,0.11742318421602249
2020,Nigeria,Benue,0.1679150015115738
2020,Nigeria,Borno,0.3424132466316223
2020,Nigeria,Cross River,0.12022589892148972
2020,Nigeria,Delta,0.076590396463871
2020,Nigeria,Ebonyi,0.19357289373874664
2020,Nigeria,Edo,0.0899558812379837
2020,Nigeria,Ekiti,0.08689483255147934
2020,Nigeria,Enugu,0.08716114610433578
2020,Nigeria,FCT,0.11908581852912903
2020,Nigeria,Gombe,0.4849802553653717
2020,Nigeria,Imo,0.04898426681756973
2020,Nigeria,Jigawa,0.4930104911327362
2020,Nigeria,Kaduna,0.3080618977546692
2020,Nigeria,Kano,0.36880916357040405
2020,Nigeria,Katsina,0.39796215295791626
2020,Nigeria,Kebbi,0.5852675437927246
2020,Nigeria,Kogi,0.1480690985918045
2020,Nigeria,Kwara,0.2096845507621765
2020,Nigeria,Lagos,0.01613912358880043
2020,Nigeria,Nasarawa,0.1606944352388382
2020,Nigeria,Niger,0.37843722105026245
2020,Nigeria,Ogun,0.04897021874785423
2020,Nigeria,Ondo,0.0868169441819191
2020,Nigeria,Osun,0.08475732803344727
2020,Nigeria,Oyo,0.08474352955818176
2020,Nigeria,Plateau,0.2554148733615875
2020,Nigeria,Rivers,0.05634894222021103
2020,Nigeria,Sokoto,0.5547791123390198
2020,Nigeria,Taraba,0.3687194585800171
2020,Nigeria,Yobe,0.5399882197380066
2020,Nigeria,Zamfara,0.47637152671813965
2020,North Macedonia,East,0.01642189361155033
2020,North Macedonia,Northeast,0.005290791857987642
2020,North Macedonia,Pelagonia,0.0036925363820046186
2020,North Macedonia,Polog,0.017488675191998482
2020,North Macedonia,Skopje,0.006350656505674124
2020,North Macedonia,Southeast,0.003681625472381711
2020,North Macedonia,Southwest,0.017500827088952065
2020,North Macedonia,Vardar,0.01341219898313284
2020,Pakistan,Balochistan,0.3535900115966797
2020,Pakistan,Federally Administered Tribal Areas (FATA),0.3831498324871063
2020,Pakistan,Islamabad (ICT),0.046381931751966476
2020,Pakistan,Khyber Pakhtunkhwa,0.25794029235839844
2020,Pakistan,Punjab,0.1234140396118164
2020,Pakistan,Sindh,0.2740408778190613
2020,"Palestine, State of",Gaza Strip,0.004873901605606079
2020,"Palestine, State of",West Bank,0.0026536593213677406
2020,Papua New Guinea,Autonomous Region of Bougainville,0.2025059163570404
2020,Papua New Guinea,Central,0.21326638758182526
2020,Papua New Guinea,Chimbu,0.23483934998512268
2020,Papua New Guinea,East New Britain,0.17403706908226013
2020,Papua New Guinea,East Sepik,0.29094868898391724
2020,Papua New Guinea,Eastern Highlands,0.2643047273159027
2020,Papua New Guinea,Enga,0.34264010190963745
2020,Papua New Guinea,Gulf,0.3512590527534485
2020,Papua New Guinea,Hela,0.4512571394443512
2020,Papua New Guinea,Jiwaka,0.25460925698280334
2020,Papua New Guinea,Madang,0.29876694083213806
2020,Papua New Guinea,Manus,0.10580530017614365
2020,Papua New Guinea,Milne Bay,0.22751134634017944
2020,Papua New Guinea,Morobe,0.20287486910820007
2020,Papua New Guinea,National Capital District,0.018070966005325317
2020,Papua New Guinea,New Ireland,0.18828631937503815
2020,Papua New Guinea,Northern (Oro),0.30977562069892883
2020,Papua New Guinea,Southern Highlands,0.38713711500167847
2020,Papua New Guinea,West New Britain,0.22179880738258362
2020,Papua New Guinea,West Sepik (Sandaun),0.3571058213710785
2020,Papua New Guinea,Western,0.24961045384407043
2020,Papua New Guinea,Western Highlands,0.2095676213502884
2020,Paraguay,Alto Paraguay,0.06340762972831726
2020,Paraguay,Alto Paraná,0.013120547868311405
2020,Paraguay,Asunción,0.0007704893941991031
2020,Paraguay,Boquerón,0.0797363668680191
2020,Paraguay,Caaguazú,0.019556086510419846
2020,Paraguay,Central,0.0021022052969783545
2020,Paraguay,Itapúa,0.028671277686953545
2020,Paraguay,Resto,0.03532612323760986
2020,Paraguay,San Pedro,0.0266793854534626
2020,Peru,Amazonas,0.08787178248167038
2020,Peru,Ancash,0.04413612559437752
2020,Peru,Apurimac,0.05678416043519974
2020,Peru,Arequipa,0.0045694452710449696
2020,Peru,Ayacucho,0.04619590938091278
2020,Peru,Cajamarca,0.08176202327013016
2020,Peru,Callao,0.0038078855723142624
2020,Peru,Cusco,0.033089425414800644
2020,Peru,Huancavelica,0.0813666358590126
2020,Peru,Huanuco,0.08800800144672394
2020,Peru,Ica,0.005893030669540167
2020,Peru,Junin,0.033545803278684616
2020,Peru,La Libertad,0.035333551466464996
2020,Peru,Lambayeque,0.020433997735381126
2020,Peru,Lima,0.0025370686780661345
2020,Peru,Loreto,0.11625217646360397
2020,Peru,Madre de Dios,0.02686089649796486
2020,Peru,Moquegua,0.005799692124128342
2020,Peru,Pasco,0.04601564258337021
2020,Peru,Piura,0.03393780067563057
2020,Peru,Puno,0.06228690966963768
2020,Peru,San Martin,0.04142538458108902
2020,Peru,Tacna,0.0042342133820056915
2020,Peru,Tumbes,0.013560988940298557
2020,Peru,Ucayali,0.05090008303523064
2020,Philippines,ARMM,0.10086194425821304
2020,Philippines,Bicol,0.02636796608567238
2020,Philippines,Cagayan Valley,0.01443091407418251
2020,Philippines,Calabarzon,0.015091976150870323
2020,Philippines,Caraga,0.028130535036325455
2020,Philippines,Central Luzon,0.008389896713197231
2020,Philippines,Central Visayas,0.021655390039086342
2020,Philippines,Cordillera Admin Region,0.0078847985714674
2020,Philippines,Davao,0.029174556955695152
2020,Philippines,Eastern Visayas,0.0241248719394207
2020,Philippines,Ilocos,0.011937065050005913
2020,Philippines,Mimaropa,0.043874047696590424
2020,Philippines,National Capital Region,0.004209329839795828
2020,Philippines,Northern Mindanao,0.03294115513563156
2020,Philippines,Soccsksargen,0.06103776395320892
2020,Philippines,Western Visayas,0.03707166388630867
2020,Philippines,Zamboanga Peninsula,0.0493943989276886
2020,Rwanda,East,0.27907705307006836
2020,Rwanda,Kigali City,0.11494424194097519
2020,Rwanda,North,0.23705853521823883
2020,Rwanda,South,0.2961938977241516
2020,Rwanda,West,0.2815508544445038
2020,Sao Tome and Principe,Região Autonoma de Principe,0.07535196840763092
2020,Sao Tome and Principe,Região Centro Este,0.0683881938457489
2020,Sao Tome and Principe,Região Norte Oste,0.14211812615394592
2020,Sao Tome and Principe,Região Sul Este,0.14376869797706604
2020,Senegal,Dakar,0.05231563001871109
2020,Senegal,Diourbel,0.4217894673347473
2020,Senegal,Fatick,0.28432750701904297
2020,Senegal,Kaffrine,0.5594534873962402
2020,Senegal,Kaolack,0.3263339102268219
2020,Senegal,Kolda,0.5047647356987
2020,Senegal,Kédougou,0.4164513349533081
2020,Senegal,Louga,0.38530802726745605
2020,Senegal,Matam,0.4198648929595947
2020,Senegal,Saint-Louis,0.28591200709342957
2020,Senegal,Sédhiou,0.43571415543556213
2020,Senegal,Tambacounda,0.5116834044456482
2020,Senegal,Thiès,0.22587792575359344
2020,Senegal,Ziguinchor,0.18903450667858124
2020,Serbia,Belgrade,0.00014835897309239954
2020,Serbia,South and East Serbia,0.0012979961466044188
2020,Serbia,Sumadija and West Serbia,0.0006627989350818098
2020,Serbia,Vojvodina,0.003401408204808831
2020,Sierra Leone,Bo,0.2787216007709503
2020,Sierra Leone,Bombali,0.287136048078537
2020,Sierra Leone,Bonthe,0.41627082228660583
2020,Sierra Leone,Kailahun,0.3652862012386322
2020,Sierra Leone,Kambia,0.39380404353141785
2020,Sierra Leone,Kenema,0.2826116383075714
2020,Sierra Leone,Koinadugu,0.4610055685043335
2020,Sierra Leone,Kono,0.3171369135379791
2020,Sierra Leone,Moyamba,0.40822505950927734
2020,Sierra Leone,Port Loko,0.34700319170951843
2020,Sierra Leone,Pujehun,0.4288035035133362
2020,Sierra Leone,Tonkolili,0.40297093987464905
2020,Sierra Leone,Western Area Rural,0.20111608505249023
2020,Sierra Leone,Western Area Urban,0.09171387553215027
2020,Sri Lanka,Central,0.01905624195933342
2020,Sri Lanka,Eastern,0.014334525913000107
2020,Sri Lanka,North-Central,0.010882683098316193
2020,Sri Lanka,North-Western,0.010221179574728012
2020,Sri Lanka,Northern,0.011099926196038723
2020,Sri Lanka,Sabaragamuwa,0.017351467162370682
2020,Sri Lanka,Southern,0.008121208287775517
2020,Sri Lanka,Uva,0.02151196077466011
2020,Sri Lanka,Western,0.0036888103932142258
2020,Sudan,Al Jazirah,0.16709117591381073
2020,Sudan,Al Qadarif,0.3875247538089752
2020,Sudan,Blue Nile,0.3711715638637543
2020,Sudan,Central Darfur,0.4917220175266266
2020,Sudan,East Darfur,0.45009732246398926
2020,Sudan,Kassala,0.3606322705745697
2020,Sudan,Khartoum,0.07107752561569214
2020,Sudan,North Darfur,0.4436644911766052
2020,Sudan,North Kurdufan,0.3341474235057831
2020,Sudan,Northern,0.033779874444007874
2020,Sudan,Red Sea,0.2274284064769745
2020,Sudan,River Nile,0.08633371442556381
2020,Sudan,Sinnar,0.2708163261413574
2020,Sudan,South Darfur,0.3991369307041168
2020,Sudan,South Kurdufan,0.40689367055892944
2020,Sudan,West Darfur,0.45229223370552063
2020,Sudan,West Kurdufan,0.46842992305755615
2020,Sudan,White Nile,0.2568674087524414
2020,Suriname,Brokopondo,0.019807718694210052
2020,Suriname,Commewijne,0.004742586053907871
2020,Suriname,Coronie,0.0
2020,Suriname,Marowijne,0.01731596700847149
2020,Suriname,Nickerie,0.0024139676243066788
2020,Suriname,Para,0.028055142611265182
2020,Suriname,Paramaribo,0.005243758670985699
2020,Suriname,Saramacca,0.008835721760988235
2020,Suriname,Sipaliwini,0.12374264746904373
2020,Suriname,Wanica,0.0019505409291014075
2020,Syria,Al-Hasakah,0.036652978509664536
2020,Syria,As-Suwayda,0.003762909909710288
2020,Syria,Damascus,0.007730147335678339
2020,Syria,Daraa,0.0184377059340477
2020,Syria,Deir ez-Zor,0.07504336535930634
2020,Syria,Halab,0.049072377383708954
2020,Syria,Hama,0.016398288309574127
2020,Syria,Homs,0.01373293250799179
2020,Syria,Idlib,0.03221900388598442
2020,Syria,Latakia,0.005120270419865847
2020,Syria,Quneitra,0.021708780899643898
2020,Syria,Raqa,0.048502467572689056
2020,Syria,Rif Dimashq,0.020590072497725487
2020,Syria,Tartus,0.0006086761713959277
2020,Tajikistan,DRS,0.024294527247548103
2020,Tajikistan,Dushanbe,0.008496766909956932
2020,Tajikistan,Gbao,0.024289343506097794
2020,Tajikistan,Khatlon,0.041749950498342514
2020,Tajikistan,Sughd,0.022669821977615356
2020,Tanzania,Central,0.3235571086406708
2020,Tanzania,Eastern,0.13290603458881378
2020,Tanzania,Lake,0.3316453695297241
2020,Tanzania,Northern,0.19598904252052307
2020,Tanzania,South West,0.3100953698158264
2020,Tanzania,Southern,0.2753787934780121
2020,Tanzania,Southern Highlands,0.2242327481508255
2020,Tanzania,Western,0.3820609152317047
2020,Tanzania,Zanzibar,0.12490566819906235
2020,Thailand,Bangkok,0.00032348305103369057
2020,Thailand,Central,0.0032921533565968275
2020,Thailand,North,0.006491379346698523
2020,Thailand,Northeast,0.0022098396439105272
2020,Thailand,South,0.002649812027812004
2020,Timor-Leste,Aileu,0.22778895497322083
2020,Timor-Leste,Ainaro,0.3070088326931
2020,Timor-Leste,Baucau,0.19694510102272034
2020,Timor-Leste,Bobonaro,0.24508340656757355
2020,Timor-Leste,Cova Lima,0.22856853902339935
2020,Timor-Leste,Dili,0.0908300131559372
2020,Timor-Leste,Ermera,0.31915000081062317
2020,Timor-Leste,Lautem,0.17517660558223724
2020,Timor-Leste,Liquica,0.22406958043575287
2020,Timor-Leste,Manatuto,0.20340146124362946
2020,Timor-Leste,Manufahi,0.20956827700138092
2020,Timor-Leste,Oecussi,0.32110440731048584
2020,Timor-Leste,Viqueque,0.20396515727043152
2020,Togo,Centrale,0.191152423620224
2020,Togo,Golfe Urbain,0.03605492413043976
2020,Togo,Kara,0.26556986570358276
2020,Togo,Lomé Commune,0.04023166745901108
2020,Togo,Maritime,0.17821943759918213
2020,Togo,Plateaux,0.19091689586639404
2020,Togo,Savanes,0.333504855632782
2020,Trinidad and Tobago,Central,0.0017552359495311975
2020,Trinidad and Tobago,East,0.005562801379710436
2020,Trinidad and Tobago,North West,0.0014898106455802917
2020,Trinidad and Tobago,South West,0.003423077519983053
2020,Trinidad and Tobago,Tobago,0.0009451007354073226
2020,Tunisia,Centre Est,0.0032457674387842417
2020,Tunisia,Centre Ouest,0.008029323071241379
2020,Tunisia,District Tunis,0.00038982220576144755
2020,Tunisia,Nord Est,0.0015177864115685225
2020,Tunisia,Nord Ouest,0.004371131770312786
2020,Tunisia,Sud Est,0.0011068430030718446
2020,Tunisia,Sud Ouest,0.003653434570878744
2020,Turkmenistan,Ahal,0.0012999542523175478
2020,Turkmenistan,Ashgabat,0.0004337111604399979
2020,Turkmenistan,Balkan,0.00044620607513934374
2020,Turkmenistan,Dashoguz,0.002235298277810216
2020,Turkmenistan,Lebap,0.002530056284740567
2020,Turkmenistan,Mary,0.0007098858477547765
2020,Uganda,Acholi,0.34530580043792725
2020,Uganda,Ankole,0.27137869596481323
2020,Uganda,Bugisu,0.2746855318546295
2020,Uganda,Bukedi,0.2851816713809967
2020,Uganda,Bunyoro,0.3414739668369293
2020,Uganda,Busoga,0.23518705368041992
2020,Uganda,Kampala,0.02594754286110401
2020,Uganda,Karamoja,0.6252230405807495
2020,Uganda,Kigezi,0.24558210372924805
2020,Uganda,Lango,0.33961033821105957
2020,Uganda,North Buganda,0.20104576647281647
2020,Uganda,South Buganda,0.1411074995994568
2020,Uganda,Teso,0.31439560651779175
2020,Uganda,Tooro,0.2897688150405884
2020,Uganda,West Nile,0.4074171781539917
2020,Ukraine,Center,0.0008462085388600826
2020,Ukraine,East,0.0008071859483607113
2020,Ukraine,North,0.0008756307070143521
2020,Ukraine,South,0.0005920736002735794
2020,Ukraine,West,0.0009537999867461622
2020,Vietnam,Central Highlands,0.039061762392520905
2020,Vietnam,Mekong River Delta,0.03627997264266014
2020,Vietnam,North Central & Central Coast,0.010483376681804657
2020,Vietnam,Northern Uplands,0.038806915283203125
2020,Vietnam,Red River Delta,0.0036455998197197914
2020,Vietnam,Southeast,0.011013424955308437
2020,Yemen,Abyan,0.14100395143032074
2020,Yemen,Aden,0.059314873069524765
2020,Yemen,Al-Baidha,0.20812255144119263
2020,Yemen,Al-Hodiedah,0.32261329889297485
2020,Yemen,Al-Jawf,0.28896963596343994
2020,Yemen,Al-Mhrah,0.10865986347198486
2020,Yemen,Al-Mhweit,0.3447957932949066
2020,Yemen,Aldhalae,0.2161485105752945
2020,Yemen,Amran,0.3457193076610565
2020,Yemen,Dhamar,0.3257385194301605
2020,Yemen,Hadramout,0.11787332594394684
2020,Yemen,Hajjah,0.4563247859477997
2020,Yemen,Ibb,0.2212754786014557
2020,Yemen,Lahj,0.20502591133117676
2020,Yemen,Mareb,0.2168874442577362
2020,Yemen,Reimah,0.38778942823410034
2020,Yemen,Sadah,0.30248743295669556
2020,Yemen,Sanaa,0.2699383795261383
2020,Yemen,Sanaa City,0.04504384845495224
2020,Yemen,Shabwah,0.170278400182724
2020,Yemen,Taiz,0.2106524407863617
2020,Zambia,Central,0.2486141324043274
2020,Zambia,Copperbelt,0.12403745204210281
2020,Zambia,Eastern,0.321679949760437
2020,Zambia,Luapula,0.34744179248809814
2020,Zambia,Lusaka,0.08504434674978256
2020,Zambia,Muchinga,0.2890748679637909
2020,Zambia,North Western,0.25319206714630127
2020,Zambia,Northern,0.32947227358818054
2020,Zambia,Southern,0.21317271888256073
2020,Zambia,Western,0.3392865061759949
2020,Zimbabwe,Bulawayo,0.015344975516200066
2020,Zimbabwe,Harare,0.018769392743706703
2020,Zimbabwe,Manicaland,0.138569638133049
2020,Zimbabwe,Mashonaland Central,0.1530712991952896
2020,Zimbabwe,Mashonaland East,0.09993521869182587
2020,Zimbabwe,Mashonaland West,0.12043531239032745
2020,Zimbabwe,Masvingo,0.13236935436725616
2020,Zimbabwe,Matabeleland North,0.19133366644382477
2020,Zimbabwe,Matabeleland South,0.11358150094747543
2020,Zimbabwe,Midlands,0.13005393743515015
2021,Afghanistan,Badakhshan,0.3264488166449101
2021,Afghanistan,Badghis,0.4263064710052868
2021,Afghanistan,Baghlan,0.2990560111082303
2021,Afghanistan,Balkh,0.2285576488182894
2021,Afghanistan,Bamyan,0.255525341918596
2021,Afghanistan,Daykundi,0.2806992691515204
2021,Afghanistan,Farah,0.3357503171176257
2021,Afghanistan,Faryab,0.1943129331067134
2021,Afghanistan,Ghazni,0.2410840752485701
2021,Afghanistan,Ghor,0.2731410707449128
2021,Afghanistan,Helmand,0.3239866841082045
2021,Afghanistan,Herat,0.3087542784605983
2021,Afghanistan,Jawzjan,0.2550658635475211
2021,Afghanistan,Kabul,0.0785656595167433
2021,Afghanistan,Kandahar,0.4279001982304479
2021,Afghanistan,Kapisa,0.2003440695596093
2021,Afghanistan,Khost,0.295088494434442
2021,Afghanistan,Kunarha,0.3082281027363828
2021,Afghanistan,Kunduz,0.3068357737369674
2021,Afghanistan,Laghman,0.3571728524483908
2021,Afghanistan,Logar,0.2162116727826765
2021,Afghanistan,Nangarhar,0.2663568907544101
2021,Afghanistan,Nimroz,0.2417026996131177
2021,Afghanistan,Nooristan,0.5552822221000954
2021,Afghanistan,Paktika,0.2247440339599654
2021,Afghanistan,Paktya,0.2612463664946477
2021,Afghanistan,Panjsher,0.1288879819671222
2021,Afghanistan,Parwan,0.2719736561915457
2021,Afghanistan,Samangan,0.3352262260902578
2021,Afghanistan,Sar-e-Pul,0.3471314440483255
2021,Afghanistan,Takhar,0.2940898180669762
2021,Afghanistan,Urozgan,0.5367594364557501
2021,Afghanistan,Wardak,0.3047778658397371
2021,Afghanistan,Zabul,0.1837893079728285
2021,Albania,Berat,0.0016438462414659
2021,Albania,Dibër,0.0074819461233967
2021,Albania,Durrës,0.0040892402986342
2021,Albania,Elbasan,0.0018708153372643
2021,Albania,Fier,0.0035516600929011
2021,Albania,Gjirokastër,0.0016423758279859
2021,Albania,Korçë,0.0002746177168386
2021,Albania,Kukes,0.0086888147077408
2021,Albania,Lezhë,0.0024105835939596
2021,Albania,Shkodër,0.0026827064327006
2021,Albania,Tirane,0.0025415935909299
2021,Albania,Vlorë,0.00048610181876
2021,Algeria,Hauts Plateaux-Centre,0.019212283690391
2021,Algeria,Hauts Plateaux-Est,0.003803484640498
2021,Algeria,Hauts Plateaux-Ouest,0.010036950682605
2021,Algeria,Nord-Centre,0.002862275673618
2021,Algeria,Nord-Est,0.0027126658634638
2021,Algeria,Nord-Ouest,0.00446589437893
2021,Algeria,Sud,0.0087306181206295
2021,Angola,Bengo,0.3324211555642905
2021,Angola,Benguela,0.3222648456144694
2021,Angola,Bié,0.4751389681883053
2021,Angola,Cabinda,0.1539982233156358
2021,Angola,Cuando Cubango,0.4197566719639865
2021,Angola,Cuanza Norte,0.3301435323806155
2021,Angola,Cuanza Sul,0.4597669189963871
2021,Angola,Cunene,0.419698944712521
2021,Angola,Huambo,0.3759138758805236
2021,Angola,Huíla,0.4022075692961254
2021,Angola,Luanda,0.0743419619482183
2021,Angola,Lunda Norte,0.431511378012517
2021,Angola,Lunda Sul,0.354984058691996
2021,Angola,Malanje,0.3394090740975746
2021,Angola,Moxico,0.4248080073042075
2021,Angola,Namibe,0.2750002864802051
2021,Angola,Uíge,0.3914613212581817
2021,Angola,Zaire,0.2160558126088934
2021,Bangladesh,Barishal,0.1253279034660737
2021,Bangladesh,Chattogram,0.1137960506808315
2021,Bangladesh,Dhaka,0.0789948227311559
2021,Bangladesh,Khulna,0.0626957993722373
2021,Bangladesh,Mymensingh,0.1632923330567317
2021,Bangladesh,Rajshahi,0.0966006774484659
2021,Bangladesh,Rangpur,0.1051682182658963
2021,Bangladesh,Sylhet,0.1603030677569771
2021,Barbados,Christ Church & St. Philip,0.0089174638864575
2021,Barbados,St Michael,0.0107722116449055
2021,Barbados,"St. James, St. George, & St.Thomas",0.0078157580584444
2021,Barbados,"St. Lucy, St. Peter, St. Andrew, St. Joseph, & St. John",0.0057031522009451
2021,Belize,Belize (ex. Belize City South Side),0.0033906853485467
2021,Belize,Belize City South Side,0.0022175018334094
2021,Belize,Cayo,0.0140687706632048
2021,Belize,Corozal,0.0086257160323795
2021,Belize,Orange Walk,0.0149355592936796
2021,Belize,Stann Creek,0.0171331279900042
2021,Belize,Toledo,0.0770107244046483
2021,Benin,Alibori,0.5516347948464675
2021,Benin,Atacora,0.4794725727184053
2021,Benin,Atlantique,0.2838891770480015
2021,Benin,Borgou,0.4662406205038244
2021,Benin,Collines,0.30501324064317
2021,Benin,Couffo,0.396168671087388
2021,Benin,Donga,0.3746069932467753
2021,Benin,Littoral,0.0760067257290838
2021,Benin,Mono,0.2874750213502525
2021,Benin,Ouémé,0.2311339009557985
2021,Benin,Plateau,0.3955502907929737
2021,Benin,Zou,0.3105026472163632
2021,Bhutan,Bumthang,0.0917883098787932
2021,Bhutan,Chukha,0.1645214933211211
2021,Bhutan,Dagana,0.2768614903392142
2021,Bhutan,Gasa and Punakha,0.1270787229043623
2021,Bhutan,Haa,0.0923737390231001
2021,Bhutan,Lhuntse,0.2461444260232456
2021,Bhutan,Mongar,0.2584192982320657
2021,Bhutan,Paro,0.0500030763942132
2021,Bhutan,Pemagatshel,0.2281987803393967
2021,Bhutan,Samdrup Jongkhar,0.2292741092112448
2021,Bhutan,Samtse,0.2350121547381906
2021,Bhutan,Sarpang,0.134514729872823
2021,Bhutan,Thimphu,0.0334412016070264
2021,Bhutan,Trashigang,0.2337643468448327
2021,Bhutan,Trashiyangtse,0.2298516483720884
2021,Bhutan,Trongsa,0.217507998145328
2021,Bhutan,Tsirang,0.2371112587760231
2021,Bhutan,Wangdue Phodrang,0.1426430213429399
2021,Bhutan,Zhemgang,0.2940193548172212
2021,Bolivia,Beni,0.0407711423623028
2021,Bolivia,Chuquisaca,0.0938954005449107
2021,Bolivia,Cochabamba,0.0349456487786981
2021,Bolivia,La Paz,0.0292410255023692
2021,Bolivia,Oruro,0.0276120369435231
2021,Bolivia,Pando,0.0598010296573899
2021,Bolivia,Potosi,0.1060928579830683
2021,Bolivia,Santa Cruz,0.0200383644109053
2021,Bolivia,Tarija,0.0194270366257808
2021,Botswana,Barolong,0.0836548548832978
2021,Botswana,Central Bobonong,0.0761880603133235
2021,Botswana,Central Boteti,0.1300792267876851
2021,Botswana,Central Mahalapye,0.0989267415110965
2021,Botswana,Central Serowe,0.0991635017215027
2021,Botswana,Central Tutume,0.1344678402913302
2021,Botswana,Chobe,0.0429461423339362
2021,Botswana,Francistown,0.0253294979588075
2021,Botswana,Gaborone,0.0042174932295089
2021,Botswana,Ghanzi,0.1920170930839057
2021,Botswana,Jwaneng,0.0
2021,Botswana,Kgalagadi North,0.0943086580981295
2021,Botswana,Kgalagadi South,0.1133810128755989
2021,Botswana,Kgatleng,0.0310576926869061
2021,Botswana,Kweneng East,0.040924400854216
2021,Botswana,Kweneng West,0.2064382138329888
2021,Botswana,Lobatse,0.0093978476279284
2021,Botswana,Ngamiland East,0.0563749577450557
2021,Botswana,Ngamiland West,0.1446165382485501
2021,Botswana,Ngwaketse,0.1003978000632654
2021,Botswana,Ngwaketse West,0.0989281655226091
2021,Botswana,North East,0.0953564156620137
2021,Botswana,Orapa,0.0
2021,Botswana,Selibe Phikwe,0.0285058745840908
2021,Botswana,South East,0.0213511207134439
2021,Botswana,Sowa Town,0.0126396342630859
2021,Brazil,Acre,0.0678992066755478
2021,Brazil,Alagoas,0.031546025261303
2021,Brazil,Amapá,0.0268816741345311
2021,Brazil,Amazonas,0.0317919000191027
2021,Brazil,Bahia,0.027699015942226
2021,Brazil,Ceará,0.0258278911525232
2021,Brazil,Distrito Federal,0.0030909353367377
2021,Brazil,Espírito Santo,0.0105237793785533
2021,Brazil,Goiás,0.0129101499230172
2021,Brazil,Maranhão,0.0603734987138745
2021,Brazil,Mato Grosso,0.0181695241624392
2021,Brazil,Mato Grosso do Sul,0.0137642259619036
2021,Brazil,Minas Gerais,0.0109362563758055
2021,Brazil,Pará,0.0439348928905758
2021,Brazil,Paraíba,0.025672233585
2021,Brazil,Paraná,0.0098864169173924
2021,Brazil,Pernambuco,0.0249089517729799
2021,Brazil,Piauí,0.0375354814958777
2021,Brazil,Rio de Janeiro,0.0031665388810263
2021,Brazil,Rio Grande do Norte,0.0203768462249157
2021,Brazil,Rio Grande do Sul,0.0100615436017053
2021,Brazil,Rondônia,0.0237822649980785
2021,Brazil,Roraima,0.0307251252799939
2021,Brazil,Santa Catarina,0.0115140412844437
2021,Brazil,São Paulo,0.0025220323201732
2021,Brazil,Sergipe,0.0284073528394351
2021,Brazil,Tocantins,0.0239300784079095
2021,Burkina Faso,Boucle de Mouhoun,0.5652891816732987
2021,Burkina Faso,Cascades,0.5032567711383201
2021,Burkina Faso,Centre,0.2040608978754462
2021,Burkina Faso,Centre-Est,0.5652706889933928
2021,Burkina Faso,Centre-Nord,0.5736491989356522
2021,Burkina Faso,Centre-Ouest,0.5356185802199579
2021,Burkina Faso,Centre-Sud,0.5310672235292706
2021,Burkina Faso,Est,0.6662132754096637
2021,Burkina Faso,Hauts-Bassins,0.4533804699621725
2021,Burkina Faso,Nord,0.5737351200383995
2021,Burkina Faso,Plateau Central,0.5283240552365445
2021,Burkina Faso,Sahel,0.6639361921056255
2021,Burkina Faso,Sud-Ouest,0.6195723862511302
2021,Burundi,Bubanza,0.4415454707577588
2021,Burundi,Bujumbura Mairie,0.113664706912453
2021,Burundi,Bujumbura Rural,0.3428548085987571
2021,Burundi,Bururi,0.2898306364369008
2021,Burundi,Cankuzo,0.4612318373143907
2021,Burundi,Cibitoke,0.4278914421858495
2021,Burundi,Gitega,0.3932327707218379
2021,Burundi,Karusi,0.4649342880688631
2021,Burundi,Kayanza,0.4171035409899957
2021,Burundi,Kirundo,0.5429764662286102
2021,Burundi,Makamba,0.3836650246708836
2021,Burundi,Muramvya,0.3670886642542926
2021,Burundi,Muyinga,0.5327369423503674
2021,Burundi,Mwaro,0.3320679074356419
2021,Burundi,Ngozi,0.4709125823567727
2021,Burundi,Rumonge,0.3838923913855997
2021,Burundi,Rutana,0.4068092735135437
2021,Burundi,Ruyigi,0.4622418858476714
2021,Cambodia,Banteay Meanchay,0.1371986960940149
2021,Cambodia,Battambang & Pailin,0.1147604621974575
2021,Cambodia,Kampong Cham,0.1952110452279095
2021,Cambodia,Kampong Chhnang,0.224070568633318
2021,Cambodia,Kampong Speu,0.1872700668817218
2021,Cambodia,Kampong Thom,0.2165888539807032
2021,Cambodia,Kampot & Kep,0.1693271931654329
2021,Cambodia,Kandal,0.1447391648679551
2021,Cambodia,Kratie,0.300186198802332
2021,Cambodia,Mondul Kiri and Ratanak Kiri,0.2900333219002413
2021,Cambodia,Otdar Meanchey,0.234845488193076
2021,Cambodia,Phnom Penh,0.0309923211243158
2021,Cambodia,Preah Sihanouk and Koh Kong,0.1048291519899783
2021,Cambodia,Preah Vihear and Stung Treng,0.3096757026867202
2021,Cambodia,Prey Veng,0.1536129222985008
2021,Cambodia,Pursat,0.2628992619122417
2021,Cambodia,Siem Reap,0.2474396648530519
2021,Cambodia,Svay Rieng,0.1343009780288789
2021,Cambodia,Takeo,0.1214633314000937
2021,Cameroon,Adamaoua,0.3877950672784768
2021,Cameroon,Centre,0.1984643070200294
2021,Cameroon,Douala,0.0086864378007218
2021,Cameroon,Est,0.303746179131918
2021,Cameroon,Extrême-Nord,0.4375588595417555
2021,Cameroon,Littoral,0.0943333212421136
2021,Cameroon,Nord,0.4257210442381709
2021,Cameroon,Nord-Ouest,0.2276537129423848
2021,Cameroon,Ouest,0.0994767770610548
2021,Cameroon,Sud,0.1369455153928179
2021,Cameroon,Sud-Ouest,0.0342799335719784
2021,Cameroon,Yaoundé,0.0054101881106816
2021,Central African Republic,"Bamingui-Bangoran, Haute-Kotto, Vakaga",0.4854396310475108
2021,Central African Republic,Bangui,0.141904267382206
2021,Central African Republic,"Basse-Kotto, Mbomou, Haut-Mbomou",0.5588156171967024
2021,Central African Republic,"Kémo, Nana-Grébizi, Ouaka",0.5090457699570814
2021,Central African Republic,"Mambéré-Kadéï, Sangha-Mbaéré, Nana-Mambéré",0.5212705320724393
2021,Central African Republic,"Ombella-M'Poko, Lobaye",0.4047309573236
2021,Central African Republic,"Ouham, Ouham-Pendé",0.5559113367103408
2021,Chad,Barh El Gazal,0.6156429075536407
2021,Chad,Batha,0.6518607227613272
2021,Chad,Borkou,0.5717162099798143
2021,Chad,Chari Baguirmi,0.5873698243082774
2021,Chad,Ennedi Est,0.6597507107323141
2021,Chad,Ennedi Ouest,0.6023667471148214
2021,Chad,Guéra,0.5643859386939354
2021,Chad,Hadjer-Lamis,0.634826376381083
2021,Chad,Kanem,0.6758919273422613
2021,Chad,Lac,0.658475750121019
2021,Chad,Logone Occidental,0.4769619113836704
2021,Chad,Logone Oriental,0.4470421317311342
2021,Chad,Mandoul,0.4768575878421878
2021,Chad,Mayo Kebbi Est,0.4422691058769186
2021,Chad,Mayo Kebbi Ouest,0.4111554457690553
2021,Chad,Moyen Chari,0.3994281977931504
2021,Chad,N’Djaména,0.2039027966582329
2021,Chad,Ouaddaï,0.6144494303145756
2021,Chad,Salamat,0.6111637184385889
2021,Chad,Sila,0.6612347159086824
2021,Chad,Tandjilé,0.4764213747252696
2021,Chad,Wadi Fira,0.6610047990057266
2021,China,Central Region,0.0117276613797175
2021,China,East/Coastal Region,0.0084555024049779
2021,China,Western Region,0.0325262061760703
2021,Colombia,Antioquia Sin Medellin,0.0510586783470903
2021,Colombia,"Atlantico, San Andres, Bolivar Norte",0.0079394099311843
2021,Colombia,Barranquilla A. M.,0.0037282545643924
2021,Colombia,Bogota,0.0012729250263871
2021,Colombia,"Bolivar Sur, Sucre, Cordoba",0.0391099122426549
2021,Colombia,"Boyaca, Cmarca, Meta",0.0105126809656544
2021,Colombia,"Caldas, Risaralda, Quindio",0.0082328819467157
2021,Colombia,Cali A.M.,0.001874332442249
2021,Colombia,Cauca Y Nari Sin Litoral,0.0337552850482239
2021,Colombia,"Guajira, Cesar, Magdalena",0.0566016797287643
2021,Colombia,Litoral Pacifico,0.0851546966647692
2021,Colombia,Medellin A.M.,0.0014860716892045
2021,Colombia,Orinoquia Y Amazonia,0.0304553280659298
2021,Colombia,Santanderes,0.01762628814369
2021,Colombia,"Tolima, Huila, Caqueta",0.0274198525914278
2021,Colombia,Valle Sin Cali Ni Litoral,0.0061891629971843
2021,Comoros,Mwali (Mohéli),0.2219204972176538
2021,Comoros,Ndzuwani (Ndzouani or Anjouan),0.2335122637198826
2021,Comoros,Ngazidja (Grande Comore),0.1189628238008287
2021,Congo,Bouenza,0.2167572890881605
2021,Congo,Brazzaville,0.0241728653536767
2021,Congo,Cuvette,0.1609829545903955
2021,Congo,Cuvette-Ouest,0.2777615862955479
2021,Congo,Kouilou,0.2725760599776822
2021,Congo,Lékoumou,0.2880251762287556
2021,Congo,Likouala,0.2969379078335488
2021,Congo,Niari,0.1950306979914844
2021,Congo,Plateaux,0.2564927604604646
2021,Congo,Pointe-Noire,0.0443486761609934
2021,Congo,Pool,0.2769583404566187
2021,Congo,Sangha,0.246518858586649
2021,"Congo, Democratic Republic of the",Bas-Uélé,0.3493073715022464
2021,"Congo, Democratic Republic of the",Équateur,0.3481272052547357
2021,"Congo, Democratic Republic of the",Haut-Katanga,0.2884311144501918
2021,"Congo, Democratic Republic of the",Haut-Lomami,0.3988636937914335
2021,"Congo, Democratic Republic of the",Haut-Uélé,0.3280053493017498
2021,"Congo, Democratic Republic of the",Ituri,0.3990149801118184
2021,"Congo, Democratic Republic of the",Kasaï,0.5250430817740276
2021,"Congo, Democratic Republic of the",Kasaï-Central,0.4815596505094616
2021,"Congo, Democratic Republic of the",Kasaï-Oriental,0.3953224709538408
2021,"Congo, Democratic Republic of the",Kinshasa,0.0683708787718059
2021,"Congo, Democratic Republic of the",Kongo Central,0.2760330675798011
2021,"Congo, Democratic Republic of the",Kwango,0.4809310690359478
2021,"Congo, Democratic Republic of the",Kwilu,0.4261808033077252
2021,"Congo, Democratic Republic of the",Lomami,0.3774387766763837
2021,"Congo, Democratic Republic of the",Lualaba,0.3682104913675012
2021,"Congo, Democratic Republic of the",Mai-Ndombe,0.3598575068112625
2021,"Congo, Democratic Republic of the",Maniema,0.4376305387566246
2021,"Congo, Democratic Republic of the",Mongala,0.4320162487891854
2021,"Congo, Democratic Republic of the",Nord Kivu,0.3511420517445256
2021,"Congo, Democratic Republic of the",Nord Ubangi,0.4503978049276898
2021,"Congo, Democratic Republic of the",Sankuru,0.4277548663437555
2021,"Congo, Democratic Republic of the",Sud-Kivu,0.3201466833815944
2021,"Congo, Democratic Republic of the",Sud-Ubangi,0.4309596213698648
2021,"Congo, Democratic Republic of the",Tanganyika,0.387655880120374
2021,"Congo, Democratic Republic of the",Tshopo,0.3381653818336507
2021,"Congo, Democratic Republic of the",Tshuapa,0.485824684023374
2021,Costa Rica,Alajuela,0.0026216215470749
2021,Costa Rica,Cartago,0.0010786017395101
2021,Costa Rica,Guanacaste,0.0011745803480559
2021,Costa Rica,Heredia,0.0001219574180678
2021,Costa Rica,Limón,0.0042081411155631
2021,Costa Rica,Puntarenas,0.0031898952966759
2021,Costa Rica,San José,0.0017262674390153
2021,Côte d'Ivoire,Centre,0.2210752779049185
2021,Côte d'Ivoire,Centre-Est,0.2139997942940574
2021,Côte d'Ivoire,Centre-Nord,0.208426059509044
2021,Côte d'Ivoire,Centre-Ouest,0.3124133624550953
2021,Côte d'Ivoire,Nord,0.4083042176347169
2021,Côte d'Ivoire,Nord-Est,0.343257104294121
2021,Côte d'Ivoire,Nord-Ouest,0.4047788441122575
2021,Côte d'Ivoire,Ouest,0.3360187996347482
2021,Côte d'Ivoire,Sud (ex. Ville d'Abidjan),0.1919351773387536
2021,Côte d'Ivoire,Sud-Ouest,0.3207315138302732
2021,Côte d'Ivoire,Ville d'Abidjan,0.0416836164843519
2021,Cuba,Artemisa,0.0
2021,Cuba,Camagüey,0.00265092779627
2021,Cuba,Ciego de Ávila,0.0033127241594964
2021,Cuba,Cienfuegos,0.0014972293291002
2021,Cuba,Granma,0.0046030368146582
2021,Cuba,Guantánamo,0.0037998270055069
2021,Cuba,Holguín,0.0035445568875766
2021,Cuba,Isla de la Juventud,0.0
2021,Cuba,La Habana,0.0
2021,Cuba,Las Tunas,0.008072205970269
2021,Cuba,Matanzas,0.0053976147696661
2021,Cuba,Mayabeque,0.0008009166163541
2021,Cuba,Pinar del Río,0.0018081553128943
2021,Cuba,Sancti Spíritus,0.0015920819122878
2021,Cuba,Santiago de Cuba,0.0048145650231968
2021,Cuba,Villa Clara,0.0009165236143757
2021,Dominican Republic,Cibao Nordeste,0.014578029805166
2021,Dominican Republic,Cibao Noroeste,0.0279902563890204
2021,Dominican Republic,Cibao Norte,0.0099516148486641
2021,Dominican Republic,Cibao Sur,0.0109410405108156
2021,Dominican Republic,Del Yuma,0.0318722580562882
2021,Dominican Republic,El Valle,0.0481789060516004
2021,Dominican Republic,Enriquillo,0.0373364599949769
2021,Dominican Republic,Higuamo,0.0202061113835453
2021,Dominican Republic,Metropolitana,0.0075645188064244
2021,Dominican Republic,Valdesia,0.0184330918851528
2021,Ecuador,Azuay,0.0162498071747546
2021,Ecuador,Bolivar,0.0522933004442576
2021,Ecuador,Cañar,0.0182318164313807
2021,Ecuador,Carchi,0.0106634663792469
2021,Ecuador,Chimborazo,0.0428313900513596
2021,Ecuador,Cotopaxi,0.0302086002409386
2021,Ecuador,El Oro,0.0072570485077711
2021,Ecuador,Esmeraldas,0.0312238045362151
2021,Ecuador,Galápagos,0.0033128686021574
2021,Ecuador,Guayas,0.0087359684948038
2021,Ecuador,Imbabura,0.0173453282345412
2021,Ecuador,Loja,0.0209415501387199
2021,Ecuador,Los Rios,0.0235752625485778
2021,Ecuador,Manabi,0.0283007844016336
2021,Ecuador,Morona Santiago,0.0927451163365133
2021,Ecuador,Napo,0.0467427097251127
2021,Ecuador,Orellana,0.0678805095991408
2021,Ecuador,Pastaza,0.0833326947671111
2021,Ecuador,Pichincha,0.0075731596897355
2021,Ecuador,Santa Elena,0.0170347901589457
2021,Ecuador,Santo Domingo De Los Tsachilas,0.011279081519949
2021,Ecuador,Sucumbios,0.0332049763369734
2021,Ecuador,Tungurahua,0.0131642323007701
2021,Ecuador,Zamora Chinchipe,0.0228222415225038
2021,Egypt,Alexandria,0.0073079481742348
2021,Egypt,Assuit,0.0404344862264442
2021,Egypt,Aswan,0.0184519079375525
2021,Egypt,Behera,0.0161845264836713
2021,Egypt,Beni Suef,0.0349543786397454
2021,Egypt,Cairo,0.0098010391803109
2021,Egypt,Dakahlia,0.0064675442439038
2021,Egypt,Damietta,0.0144076904882958
2021,Egypt,Fayoum,0.0379505942822607
2021,Egypt,Gharbia,0.0135048813807221
2021,Egypt,Giza,0.0269017984752371
2021,Egypt,Ismailia,0.0141191748774383
2021,Egypt,Kafr el-Sheikh,0.0111949592677731
2021,Egypt,Kalyubia,0.0097969894450585
2021,Egypt,Luxor,0.0182618607454556
2021,Egypt,Matroh,0.0415351806675332
2021,Egypt,Menoufia,0.0082041428851784
2021,Egypt,Menya,0.0304035988118133
2021,Egypt,New Valley,0.0038802896187554
2021,Egypt,Port Said,0.0007056297174643
2021,Egypt,Qena,0.0146912650608393
2021,Egypt,Red Sea,0.0183578921541523
2021,Egypt,Sharkia,0.021687842841053
2021,Egypt,Souhag,0.0416161797776548
2021,Egypt,Suez,0.0054861979339699
2021,El Salvador,Ahuachapán,0.0345323657570267
2021,El Salvador,Cabañas,0.0595682023927306
2021,El Salvador,Chalatenango,0.0426960878838304
2021,El Salvador,Cuscatlán,0.0327785384655458
2021,El Salvador,La Libertad,0.0214461058192037
2021,El Salvador,La Paz,0.0378702798361745
2021,El Salvador,La Unión,0.0668690715523684
2021,El Salvador,Morazán,0.0384485082513407
2021,El Salvador,San Miguel,0.0412018670221336
2021,El Salvador,San Salvador,0.0132274896754903
2021,El Salvador,San Vicente,0.0264448301148231
2021,El Salvador,Santa Ana,0.0300994846644454
2021,El Salvador,Sonsonate,0.0592827402255186
2021,El Salvador,Usulután,0.0362703437684194
2021,eSwatini,Hhohho,0.0749300754859947
2021,eSwatini,Lubombo,0.1157680201307213
2021,eSwatini,Manzini,0.0510704107181147
2021,eSwatini,Shiselweni,0.1130251813098811
2021,Ethiopia,Addis Ababa,0.0433102741694904
2021,Ethiopia,Afar,0.4865077634227016
2021,Ethiopia,Amhara,0.3603275649587646
2021,Ethiopia,Benishangul-Gumuz,0.3409375553812267
2021,Ethiopia,Dire Dawa,0.177611236653277
2021,Ethiopia,Gambela,0.248133195778168
2021,Ethiopia,Harari,0.241014650102234
2021,Ethiopia,Oromia,0.3845335173218152
2021,Ethiopia,Snnpr,0.36255481245666
2021,Ethiopia,Somali,0.5294925874160978
2021,Ethiopia,Tigray,0.3049748538757568
2021,Gabon,Estuaire,0.061584528036578
2021,Gabon,Haut-Ogooué,0.0998152407097892
2021,Gabon,Libreville/Port-Gentil,0.0136143241772296
2021,Gabon,Moyen-Ogooué,0.1330941506502185
2021,Gabon,Ngounié,0.1937813531591401
2021,Gabon,Nyanga,0.1842715015509233
2021,Gabon,Ogooué Maritime,0.0895025296390822
2021,Gabon,Ogooué-Ivindo,0.2800753720466864
2021,Gabon,Ogooué-Lolo,0.1815012504578223
2021,Gabon,Woleu-Ntem,0.108350143472232
2021,Gambia,Banjul,0.0373728703321928
2021,Gambia,Basse,0.3603241341855468
2021,Gambia,Brikama,0.1271371362524233
2021,Gambia,Janjanbureh,0.3921632733487612
2021,Gambia,Kanifing,0.0754727572696079
2021,Gambia,Kerewan,0.3249830045068166
2021,Gambia,Kuntaur,0.4693594990953016
2021,Gambia,Mansankonko,0.1985406089253592
2021,Ghana,Ashanti,0.0727256757737475
2021,Ghana,Brong Ahafo,0.1103737410055407
2021,Ghana,Central,0.0847589663607051
2021,Ghana,Eastern,0.0713051699935521
2021,Ghana,Greater Accra,0.0324243515179722
2021,Ghana,Northern,0.2956465350916078
2021,Ghana,Upper East,0.2141656744886585
2021,Ghana,Upper West,0.201744385372841
2021,Ghana,Volta,0.1397757130461401
2021,Ghana,Western,0.0819344006266097
2021,Guatemala,Alta Verapaz,0.2544903306366516
2021,Guatemala,Baja Verapaz,0.174956924169965
2021,Guatemala,Chimaltenango,0.1040419128049424
2021,Guatemala,Chiquimula,0.2196877667501776
2021,Guatemala,El Progreso,0.0805670587931745
2021,Guatemala,Escuintla,0.0726504012149974
2021,Guatemala,Guatemala Municipio,0.0154962770098403
2021,Guatemala,Guatemala Resto,0.0375383640713721
2021,Guatemala,Huehuetenango,0.2331708378211667
2021,Guatemala,Izabal,0.1282864531624235
2021,Guatemala,Jalapa,0.1911112560816584
2021,Guatemala,Jutiapa,0.1247434908941389
2021,Guatemala,Petén,0.1731549053983184
2021,Guatemala,Quetzaltenango,0.1082370019516179
2021,Guatemala,Quiché,0.2284750518137062
2021,Guatemala,Retalhuleu,0.1146635356271975
2021,Guatemala,Sacatepéquez,0.0598844398766478
2021,Guatemala,San Marcos,0.1461113853239355
2021,Guatemala,Santa Rosa,0.1013312152391095
2021,Guatemala,Sololá,0.1110885007635616
2021,Guatemala,Suchitepéquez,0.1263868900467319
2021,Guatemala,Totonicapán,0.1574165295416035
2021,Guatemala,Zacapa,0.1276035149184445
2021,Guinea,Boké,0.4220813564666412
2021,Guinea,Conakry,0.0632124899099399
2021,Guinea,Faranah,0.4888116412866865
2021,Guinea,Kankan,0.4171344175233987
2021,Guinea,Kindia,0.3637417054535506
2021,Guinea,Labé,0.4937952504095878
2021,Guinea,Mamou,0.4010578273742359
2021,Guinea,N’Zérékoré,0.4335777330977508
2021,Guinea-Bissau,Bafatá,0.4247729769549893
2021,Guinea-Bissau,Biombo,0.2856944757805618
2021,Guinea-Bissau,Bolama,0.3239679590510933
2021,Guinea-Bissau,Cacheu,0.2922301249569744
2021,Guinea-Bissau,Gabú,0.4894546845795719
2021,Guinea-Bissau,Oio,0.4762569470878785
2021,Guinea-Bissau,Quinara,0.3348402240576706
2021,Guinea-Bissau,SAB,0.1095508232855361
2021,Guinea-Bissau,Tombali,0.3772459745278716
2021,Guyana,Barima-Waini,0.0506019048951441
2021,Guyana,Cuyuni-Mazaruni,0.0479853325966316
2021,Guyana,Demerara-Mahaica,0.0015394402385804
2021,Guyana,East Berbice-Corentyne,0.0048701434807262
2021,Guyana,Essequibo Islands-West Demerara,0.0008619444121127
2021,Guyana,Mahaica-Berbice,0.0002675722325493
2021,Guyana,Pomeroon-Supenaam,0.008524139936612
2021,Guyana,Potaro-Siparuni,0.0795494976123796
2021,Guyana,Upper Demerara-Berbice,0.0020399046829664
2021,Guyana,Upper Takutu-Upper Essequibo,0.0471764874291821
2021,Haiti,Aire Métropolitaine,0.0588700942576105
2021,Haiti,Artibonite,0.2503158900786105
2021,Haiti,Centre,0.2935398788943415
2021,Haiti,Grande Anse,0.2963843286210588
2021,Haiti,Nippes,0.187082453683238
2021,Haiti,Nord,0.1948753092064897
2021,Haiti,Nord-Est,0.2030207645372279
2021,Haiti,Nord-Ouest,0.2302739769203244
2021,Haiti,Rest-Ouest,0.2302530814772295
2021,Haiti,Sud,0.2261192392061326
2021,Haiti,Sud-Est,0.2245172906821014
2021,Honduras,Atlántida,0.0566255494157913
2021,Honduras,Choluteca,0.1358867025159678
2021,Honduras,Colón,0.0609578056775491
2021,Honduras,Comayauga,0.110104857549089
2021,Honduras,Copán,0.1960370503975564
2021,Honduras,Cortés,0.023468958359076
2021,Honduras,El Paraíso,0.1394525493556849
2021,Honduras,Francisco Morazán,0.0381917760711328
2021,Honduras,Gracias a Dios,0.2118100100256624
2021,Honduras,Intibucá,0.1894597650154572
2021,Honduras,Islas de la Bahía,0.011239535772003
2021,Honduras,La Paz,0.1544607555015368
2021,Honduras,Lempira,0.2431980639764038
2021,Honduras,Ocotepeque,0.1359944594677116
2021,Honduras,Olancho,0.1222104230748288
2021,Honduras,Santa Bárbara,0.1041719603240745
2021,Honduras,Valle,0.0914861991615304
2021,Honduras,Yoro,0.0922012499735103
2021,India,Andaman & Nicobar Islands,0.0268817491966281
2021,India,Andhra Pradesh,0.0638998272763302
2021,India,Arunachal Pradesh,0.1078466599853637
2021,India,Assam,0.1616848549738269
2021,India,Bihar,0.247668473189821
2021,India,Chandigarh,0.0212392514454169
2021,India,Chhattisgarh,0.1525459947342669
2021,India,Dadra & Nagar Haveli,0.1442392044645741
2021,India,Daman & Diu,0.0247898060527086
2021,India,Delhi,0.0180167447782949
2021,India,Goa,0.0204235959679932
2021,India,Gujarat,0.0918005479926885
2021,India,Haryana,0.0464282916799364
2021,India,Himachal Pradesh,0.0304024317825231
2021,India,Jammu & Kashmir,0.0636024506833533
2021,India,Jharkhand,0.2082355611748181
2021,India,Karnataka,0.068709868747024
2021,India,Kerala,0.0040095942786175
2021,India,Lakshadweep,0.0067568621473136
2021,India,Madhya Pradesh,0.1817270206328747
2021,India,Maharashtra,0.071230325953921
2021,India,Manipur,0.084763517742626
2021,India,Meghalaya,0.1457656087874581
2021,India,Mizoram,0.0441073752789627
2021,India,Nagaland,0.098914623834739
2021,India,Odisha,0.1555835268013687
2021,India,Puducherry,0.012557164779013
2021,India,Punjab,0.0251190958337746
2021,India,Rajasthan,0.144770912236842
2021,India,Sikkim,0.0185476745579705
2021,India,Tamil Nadu,0.0273917267126812
2021,India,Telangana,0.0713835717543922
2021,India,Tripura,0.0866078294176123
2021,India,Uttar Pradesh,0.182600463900941
2021,India,Uttarakhand,0.0721072577898525
2021,India,West Bengal,0.1101536230096846
2021,Indonesia,Aceh,0.0117926624913124
2021,Indonesia,Bali,0.0078800484067453
2021,Indonesia,Bangka Belitung,0.0146545140980907
2021,Indonesia,Banten,0.0152407188745687
2021,Indonesia,Bengkulu,0.0079504127075121
2021,Indonesia,Central Java,0.0099944375398529
2021,Indonesia,Central Kalimantan,0.0172860667518878
2021,Indonesia,Central Sulawesi,0.0250978775764658
2021,Indonesia,East Java,0.0108402206645345
2021,Indonesia,East Kalimantan,0.0087560723617379
2021,Indonesia,East Nusa Tenggara,0.0655737204402093
2021,Indonesia,Gorontalo,0.0355009191641693
2021,Indonesia,Jakarta,0.0052340048301415
2021,Indonesia,Jambi,0.0066647764586617
2021,Indonesia,Lampung,0.012705690855353
2021,Indonesia,Maluku,0.020979729959861
2021,Indonesia,North Kalimantan,0.0242124711926165
2021,Indonesia,North Maluku,0.033309631339258
2021,Indonesia,North Sulawesi,0.007878406583809
2021,Indonesia,North Sumatera,0.0208497668549526
2021,Indonesia,Papua,0.0828609961279172
2021,Indonesia,Riau,0.0089872845106956
2021,Indonesia,Riau Islands,0.0051792391455463
2021,Indonesia,South Kalimantan,0.0186213517636535
2021,Indonesia,South Sulawesi,0.0109214557259265
2021,Indonesia,South Sumatera,0.0151628778273606
2021,Indonesia,Southeast Sulawesi,0.0208648815579887
2021,Indonesia,West Java,0.008854988181307
2021,Indonesia,West Kalimantan,0.0210305219531107
2021,Indonesia,West Nusa Tenggara,0.0167827420515577
2021,Indonesia,West Papua,0.0414269088544987
2021,Indonesia,West Sulawesi,0.028055581210795
2021,Indonesia,West Sumatera,0.0124439170065525
2021,Indonesia,Yogyakarta,0.0081146816769335
2021,Iraq,Al-Anbar,0.0359987586786246
2021,Iraq,Al-Muthanna,0.0510629418179451
2021,Iraq,Al-Najaf,0.0485918866984947
2021,Iraq,Al-Qadissiyah,0.0301029723682639
2021,Iraq,Babil,0.0354816707959526
2021,Iraq,Baghdad,0.0268550961873918
2021,Iraq,Basra,0.053609106070896
2021,Iraq,Diyala,0.0139402728853645
2021,Iraq,Dohuk,0.0197426541471594
2021,Iraq,Erbil,0.0122976414990098
2021,Iraq,Karbala,0.0380468157831886
2021,Iraq,Kirkuk,0.0216954465539962
2021,Iraq,Missan,0.0659855752374053
2021,Iraq,Ninewa,0.0421866346789306
2021,Iraq,Salahaddin,0.0188958079282474
2021,Iraq,Suleimaniya,0.0082902050528377
2021,Iraq,Thi-Qar,0.0424490782635429
2021,Iraq,Wasit,0.0339315329480638
2021,Jamaica,Clarendon,0.028791617766134
2021,Jamaica,Hanover,0.001614906105584
2021,Jamaica,Kingston,0.0
2021,Jamaica,Manchester,0.0084055882080691
2021,Jamaica,Portland,0.0230810571697218
2021,Jamaica,St. Andrew,0.0113750768935686
2021,Jamaica,St. Ann,0.034686727918496
2021,Jamaica,St. Catherine,0.0224404805951858
2021,Jamaica,St. Elizabeth,0.0152169066842333
2021,Jamaica,St. James,0.0272084300718824
2021,Jamaica,St. Mary,0.0203717538375234
2021,Jamaica,St. Thomas,0.0260627120437575
2021,Jamaica,Trelawny,0.0160919675405305
2021,Jamaica,Westmoreland,0.0107355012397655
2021,Jordan,Aljoun,0.0016037130942315
2021,Jordan,Amman,0.0010703845088032
2021,Jordan,Aqaba,0.0002357477426749
2021,Jordan,Balqa,0.002153081929969
2021,Jordan,Irbid,0.0017715208060945
2021,Jordan,Jerash,0.0020431013466923
2021,Jordan,Karak,0.0004106779832264
2021,Jordan,Ma'an,0.0061267528815223
2021,Jordan,Madaba,0.0024343797838959
2021,Jordan,Mafraq,0.0031236271660431
2021,Jordan,Tafilah,0.0005446440843622
2021,Jordan,Zarqa,0.0014073118128854
2021,Kazakhstan,Akmola,0.0002944604238198
2021,Kazakhstan,Aktobe,0.0026181422602269
2021,Kazakhstan,Almaty City,0.0005722090649941
2021,Kazakhstan,Almaty Oblast,0.0019111729853211
2021,Kazakhstan,Astana City,0.0
2021,Kazakhstan,Atyrau,0.0039301681216528
2021,Kazakhstan,East Kazakhstan,0.0
2021,Kazakhstan,Karaganda,0.0
2021,Kazakhstan,Kostanai,0.0001648870771986
2021,Kazakhstan,Kyzylorda,0.0037130886684646
2021,Kazakhstan,Mangistau,0.0009325649129926
2021,Kazakhstan,North Kazakhstan,0.0001989275978442
2021,Kazakhstan,Pavlodar,0.0013241305523605
2021,Kazakhstan,South Kasakhstan,0.0043551178092159
2021,Kazakhstan,West Kazakhstan,0.0
2021,Kazakhstan,Zhambyl,0.0017714373077789
2021,Kenya,Central,0.0735467012669336
2021,Kenya,Coast,0.2122910580315306
2021,Kenya,Eastern,0.1780859884515854
2021,Kenya,Nairobi,0.0280952524928601
2021,Kenya,North Eastern,0.4840887073637573
2021,Kenya,Nyanza,0.1649072456976006
2021,Kenya,Rift Valley,0.2057071164251545
2021,Kenya,Western,0.1766169836758396
2021,Kiribati,Central Gilbert,0.1178417762495462
2021,Kiribati,Line And Phoenix Group,0.1151080859270741
2021,Kiribati,Northern Gilbert,0.1306503373650403
2021,Kiribati,South Tarawa,0.0477103938725005
2021,Kiribati,Southern Gilbert,0.1041270863073693
2021,Kyrgyzstan,Batken,0.0017473193148529
2021,Kyrgyzstan,Bishkek,0.0
2021,Kyrgyzstan,Chui,0.0
2021,Kyrgyzstan,Issyk-Kul,0.0016381541075294
2021,Kyrgyzstan,Jalal-Abad,0.002406241462411
2021,Kyrgyzstan,Naryn,0.0
2021,Kyrgyzstan,Osh,0.0030461288065548
2021,Kyrgyzstan,Osh City,0.0008516619182979
2021,Kyrgyzstan,Talas,0.0019205328650562
2021,Lao PDR,Attapeu,0.1151253090571578
2021,Lao PDR,Bokeo,0.123901883285354
2021,Lao PDR,Borikhamxay,0.0475597339282269
2021,Lao PDR,Champasack,0.0849003383266326
2021,Lao PDR,Houaphan,0.1238941847286175
2021,Lao PDR,Khammuane,0.1135370105293002
2021,Lao PDR,Luang Namtha,0.1057510678830405
2021,Lao PDR,Luang Prabang,0.1371160197215215
2021,Lao PDR,Oudomxay,0.138718154717324
2021,Lao PDR,Phongsaly,0.165627610387577
2021,Lao PDR,Saravane,0.2370773770847657
2021,Lao PDR,Savannakhet,0.1748524697666348
2021,Lao PDR,Sekong,0.1755683744957954
2021,Lao PDR,Vientiane,0.0666054635145882
2021,Lao PDR,Vientiane Capital,0.008143938666362
2021,Lao PDR,Xaignabouri,0.0429953228299295
2021,Lao PDR,Xaisomboun ,0.1068353799671897
2021,Lao PDR,Xiangkhouang,0.0613667703419656
2021,Lesotho,Foothills,0.1544967680814651
2021,Lesotho,Lowlands,0.040862038845357
2021,Lesotho,Mountains,0.1847796992099267
2021,Lesotho,Senqu River Valley,0.1162578557284985
2021,Liberia,Bomi,0.3041567847835849
2021,Liberia,Bong,0.3708250544562593
2021,Liberia,Gbarpolu,0.3955725312367167
2021,Liberia,Grand Bassa,0.3908408956809785
2021,Liberia,Grand Cape Mount,0.3607566249213629
2021,Liberia,Grand Gedeh,0.2972645600440795
2021,Liberia,Grand Kru,0.3356510221201098
2021,Liberia,Lofa,0.3180076377796511
2021,Liberia,Margibi,0.2546060487124641
2021,Liberia,Maryland,0.2823623039390841
2021,Liberia,Montserrado,0.1222556807179683
2021,Liberia,Nimba,0.3262240963291812
2021,Liberia,River Cess,0.4152499817477489
2021,Liberia,River Gee,0.280150516524033
2021,Liberia,Sinoe,0.2666470846524828
2021,Libya,Ajdabya,0.0129186314301178
2021,Libya,Ben-Ghazi,0.0030865431730499
2021,Libya,Derna,0.0094090729178396
2021,Libya,El-Jabal El-Akhdar,0.0152820389134757
2021,Libya,El-Jabal El-Gharbi,0.0056641301062126
2021,Libya,El-Marj,0.0066382636290858
2021,Libya,El-Merqab,0.0084585914871292
2021,Libya,El-Wahat/El-Kufra,0.0040382270143274
2021,Libya,El-Zawya,0.001980465712975
2021,Libya,Jfara,0.0027232901881836
2021,Libya,Murzuk,0.0035307240255615
2021,Libya,Musrata,0.0044036901311009
2021,Libya,Nalut,0.0032967040619496
2021,Libya,Qasr Ben-Ghesheer,0.00484974212677
2021,Libya,Sebha/El-Shate,0.0067381980457462
2021,Libya,Sert/Jafra,0.0057906934654734
2021,Libya,Tarhuna,0.0034682532369868
2021,Libya,Tripoli,0.0141448907511223
2021,Libya,Tubruk,0.0091844739885179
2021,Libya,Wadi El-Hayat,0.0151526025992254
2021,Libya,Zwara,0.0029980877505744
2021,Madagascar,Alaotra Mangoro,0.3413382649216339
2021,Madagascar,Amoron'i Mania,0.4232011071564756
2021,Madagascar,Analamanga,0.1796052466309768
2021,Madagascar,Analanjirofo,0.2777066367619689
2021,Madagascar,Androy,0.559906369492602
2021,Madagascar,Anosy,0.5187108163519484
2021,Madagascar,Atsimo Andrefana,0.5518961375410913
2021,Madagascar,Atsimo Atsinanana,0.5362424799518377
2021,Madagascar,Atsinanana,0.3488725240975771
2021,Madagascar,Betsiboka,0.4350516762321754
2021,Madagascar,Boeny,0.4011357776905572
2021,Madagascar,Bongolava,0.4345323781518394
2021,Madagascar,Diana,0.2556533110765137
2021,Madagascar,Haute Matsiatra,0.4087504610763552
2021,Madagascar,Ihorombe,0.4802146460531491
2021,Madagascar,Itasy,0.3756851301481026
2021,Madagascar,Melaky,0.4874740393417486
2021,Madagascar,Menabe,0.471883030609701
2021,Madagascar,Sava,0.2594960679089312
2021,Madagascar,Sofia,0.3164905073335781
2021,Madagascar,Vakinankaratra,0.3826987170315934
2021,Madagascar,Vatovavy Fitovinany,0.5119509931087265
2021,Malawi,Balaka,0.2496961230981501
2021,Malawi,Blantyre,0.1679626480175408
2021,Malawi,Chikwawa,0.315195930790611
2021,Malawi,Chiradzulu,0.2177822823698858
2021,Malawi,Chitipa,0.1418668905971213
2021,Malawi,Dedza,0.3247461909886511
2021,Malawi,Dowa,0.2782008713493256
2021,Malawi,Karonga,0.1886750136675985
2021,Malawi,Kasungu,0.2518714004512878
2021,Malawi,Likoma,0.1209452311373301
2021,Malawi,Lilongwe,0.21748237136827
2021,Malawi,Machinga,0.3291727819626457
2021,Malawi,Mangochi,0.3216717579010974
2021,Malawi,Mchinji,0.3014329337403244
2021,Malawi,Mulange,0.2721056934621042
2021,Malawi,Mwanza,0.2556684964516624
2021,Malawi,Mzimba,0.1720988854126101
2021,Malawi,Neno,0.3044154597696028
2021,Malawi,Nkhata Bay,0.2303386352624421
2021,Malawi,Nkhotakota,0.2209171861611207
2021,Malawi,Nsanje,0.2898893759506682
2021,Malawi,Ntcheu,0.2261724673631689
2021,Malawi,Ntchisi,0.284811558926422
2021,Malawi,Phalombe,0.3126961033249482
2021,Malawi,Rumphi,0.1750670120469278
2021,Malawi,Salima,0.3311372784694566
2021,Malawi,Thyolo,0.2521692601577847
2021,Malawi,Zomba,0.2487034128227846
2021,Mali,Bamako,0.1103048693492214
2021,Mali,Gao,0.472627046218329
2021,Mali,Kayes,0.4206639659938309
2021,Mali,Kidal,0.4759619691253999
2021,Mali,Koulikoro,0.3526717757042482
2021,Mali,Mopti,0.4957622947211691
2021,Mali,Ségou,0.4236288696388378
2021,Mali,Sikasso,0.4163965567254514
2021,Mali,Timbuktu,0.5354549517642209
2021,Mauritania,Adrar,0.1692215718265773
2021,Mauritania,Assaba,0.3603958435400949
2021,Mauritania,Brakna,0.3341378813048472
2021,Mauritania,Dakhlet Nouadhibou,0.0336591097041121
2021,Mauritania,Gorgol,0.3589592257632195
2021,Mauritania,Guidimaka,0.4205345003242702
2021,Mauritania,Hosh ech Chargui,0.3866455747039245
2021,Mauritania,Hosh el Gharbi,0.3347214561324341
2021,Mauritania,Inchiri,0.0733667971791939
2021,Mauritania,Nouakchott,0.0741528380911161
2021,Mauritania,Tagant,0.2616167823438938
2021,Mauritania,Tiris Zemmour,0.0306280349266359
2021,Mauritania,Trarza,0.1906736822536077
2021,Mexico,Centro,0.0203188730295722
2021,Mexico,Mexico City,0.0116308102960422
2021,Mexico,Norte,0.0229165912937176
2021,Mexico,Sur,0.0426805904519296
2021,Moldova,Center,0.0037953128506027
2021,Moldova,Chisinau,0.0001832774342086
2021,Moldova,North,0.0059474518129842
2021,Moldova,South,0.0022727253988499
2021,Mongolia,Central,0.01851308789933
2021,Mongolia,Eastern,0.0256252993694029
2021,Mongolia,Khangai,0.0496809517672368
2021,Mongolia,Ulaanbaatar,0.0086114533672527
2021,Mongolia,Western,0.0853926853264016
2021,Morocco,Béni Mellal-Khénifra,0.070207335687499
2021,Morocco,Drâa-Tafilalet,0.0402564912263538
2021,Morocco,Ed Dakhla-Oued ed Dahab,0.0164995328086957
2021,Morocco,Fès-Meknès,0.0233773355901807
2021,Morocco,Guelmim-Oued Noun,0.0168623032908024
2021,Morocco,Laâyoune-Sakia El Hamra,0.0101324422079286
2021,Morocco,Marrakech-Safi,0.038690091115591
2021,Morocco,Marrakech-Tensift-El Haouz,0.0138574114659715
2021,Morocco,Oriental,0.0420004856001732
2021,Morocco,Rabat-Salé-Kénitra,0.0135754879469585
2021,Morocco,Souss-Massa,0.0299792136714308
2021,Morocco,Tanger-Tetouan-Al Hoceima,0.0138517124391453
2021,Mozambique,Cabo Delgado,0.5403912918701094
2021,Mozambique,Gaza,0.3551919329683161
2021,Mozambique,Inhambane,0.3663779943485965
2021,Mozambique,Manica,0.3349061965887942
2021,Mozambique,Maputo,0.1471038235836264
2021,Mozambique,Maputo City,0.0433880380501304
2021,Mozambique,Nampula,0.4556811007672341
2021,Mozambique,Niassa,0.4810002292579641
2021,Mozambique,Sofala,0.4061371033483177
2021,Mozambique,Tete,0.4816982688406378
2021,Mozambique,Zambezia,0.5358325430758044
2021,Myanmar,Ayeyarwaddy,0.2371169249056501
2021,Myanmar,Bago,0.1778934214007786
2021,Myanmar,Chin,0.1849489291901751
2021,Myanmar,Kachin,0.1210889882799616
2021,Myanmar,Kayah,0.1294365854506798
2021,Myanmar,Kayin,0.2300825701257574
2021,Myanmar,Magway,0.177422505899769
2021,Myanmar,Mandalay,0.1366057884246309
2021,Myanmar,Mon,0.1507572210936057
2021,Myanmar,Naypyitaw,0.1459785564252776
2021,Myanmar,Rakhine,0.30189891646965
2021,Myanmar,Sagaing,0.1574089998243383
2021,Myanmar,Shan,0.234338781963756
2021,Myanmar,Taninthayi,0.1876667590751098
2021,Myanmar,Yangon,0.0676728337654834
2021,Namibia,Erongo,0.0432209131331801
2021,Namibia,Hardap,0.082307196135763
2021,Namibia,Karas,0.1031414772909758
2021,Namibia,Kavango,0.3411654708688675
2021,Namibia,Khomas,0.043794332731089
2021,Namibia,Kunene,0.2588208093737356
2021,Namibia,Ohangwena,0.3507836772561676
2021,Namibia,Omaheke,0.2234998040841634
2021,Namibia,Omusati,0.2526759294202212
2021,Namibia,Oshana,0.1348121767775732
2021,Namibia,Oshikoto,0.2167780639985536
2021,Namibia,Otjozondjupa,0.111215025586644
2021,Namibia,Zambezi,0.1967093915420286
2021,Nepal,Bagmati,0.0284799833365002
2021,Nepal,Gandaki,0.0352206277752311
2021,Nepal,Karnali,0.1694525730931491
2021,Nepal,Lumbini,0.0787055257740472
2021,Nepal,Province 1,0.0664609650969161
2021,Nepal,Province 2,0.1090823393296198
2021,Nepal,Sudurpashchim,0.1046761851725913
2021,Nicaragua,Boaco,0.1250637784253556
2021,Nicaragua,Carazo,0.020787971867963
2021,Nicaragua,Chinandega,0.038164274942192
2021,Nicaragua,Chontales,0.0792322361685493
2021,Nicaragua,Esteli,0.0409135039673453
2021,Nicaragua,Granada,0.0339727940178515
2021,Nicaragua,Jinotega,0.2102411277821322
2021,Nicaragua,Leon,0.0386674366801195
2021,Nicaragua,Madriz,0.1136177487417071
2021,Nicaragua,Managua,0.0164642315004425
2021,Nicaragua,Masaya,0.0192459597973719
2021,Nicaragua,Matagalpa,0.1025394160731362
2021,Nicaragua,Nueva Segovia,0.1229148574890877
2021,Nicaragua,Raan,0.1722325737370717
2021,Nicaragua,Raas,0.1503366742708062
2021,Nicaragua,Rio San Juan,0.1313314499195738
2021,Nicaragua,Rivas,0.0296245507138506
2021,Niger,Agadez,0.4130614529394179
2021,Niger,Diffa,0.576945633563718
2021,Niger,Dosso,0.6247741741812715
2021,Niger,Maradi,0.651235463225416
2021,Niger,Niamey,0.2311031823941836
2021,Niger,Tahoua,0.631897788804932
2021,Niger,Tillaberi,0.6127390864683933
2021,Niger,Zinder,0.6298011596291987
2021,Nigeria,Abia,0.0354751055442173
2021,Nigeria,Adamawa,0.3328655989653004
2021,Nigeria,Akwa Ibom,0.0854921466478046
2021,Nigeria,Anambra,0.0346618461201443
2021,Nigeria,Bauchi,0.4512902499019697
2021,Nigeria,Bayelsa,0.1174231861194284
2021,Nigeria,Benue,0.1679150013787065
2021,Nigeria,Borno,0.3424132446494793
2021,Nigeria,Cross River,0.1202258988181242
2021,Nigeria,Delta,0.0765903969218409
2021,Nigeria,Ebonyi,0.1935728967106378
2021,Nigeria,Edo,0.0899558810618405
2021,Nigeria,Ekiti,0.0868948358773387
2021,Nigeria,Enugu,0.0871611468792192
2021,Nigeria,FCT,0.1190858175514737
2021,Nigeria,Gombe,0.4849802589679664
2021,Nigeria,Imo,0.0489842670268356
2021,Nigeria,Jigawa,0.493010484241542
2021,Nigeria,Kaduna,0.3080619114921252
2021,Nigeria,Kano,0.3688091776583695
2021,Nigeria,Katsina,0.3979621652249126
2021,Nigeria,Kebbi,0.5852675702394835
2021,Nigeria,Kogi,0.1480691035353658
2021,Nigeria,Kwara,0.2096845475424287
2021,Nigeria,Lagos,0.0161391231791734
2021,Nigeria,Nasarawa,0.1606944362206059
2021,Nigeria,Niger,0.3784372309469652
2021,Nigeria,Ogun,0.0489702204174165
2021,Nigeria,Ondo,0.0868169425541418
2021,Nigeria,Osun,0.0847573249081873
2021,Nigeria,Oyo,0.0847435265494547
2021,Nigeria,Plateau,0.2554148855873974
2021,Nigeria,Rivers,0.0563489439758265
2021,Nigeria,Sokoto,0.5547790988763194
2021,Nigeria,Taraba,0.3687194595199287
2021,Nigeria,Yobe,0.5399882109354608
2021,Nigeria,Zamfara,0.4763715347530901
2021,North Macedonia,East,0.0011471985477535
2021,North Macedonia,Northeast,0.0003556868466944
2021,North Macedonia,Pelagonia,0.0
2021,North Macedonia,Polog,0.000644469054873
2021,North Macedonia,Skopje,0.0018408981317015
2021,North Macedonia,Southeast,0.008249296367811
2021,North Macedonia,Southwest,0.0
2021,North Macedonia,Vardar,0.0003567957083962
2021,Pakistan,Balochistan,0.353590012417562
2021,Pakistan,Federally Administered Tribal Areas (FATA),0.3831498388788212
2021,Pakistan,Islamabad (ICT),0.0463819332761676
2021,Pakistan,Khyber Pakhtunkhwa,0.2579402892526151
2021,Pakistan,Punjab,0.1234140375092825
2021,Pakistan,Sindh,0.2740408762536779
2021,"Palestine, State of",Gaza Strip,0.0019337961100915
2021,"Palestine, State of",West Bank,0.0020128956583974
2021,Papua New Guinea,Autonomous Region of Bougainville,0.2025059213124245
2021,Papua New Guinea,Central,0.2132663853453628
2021,Papua New Guinea,Chimbu,0.2348393542481019
2021,Papua New Guinea,East New Britain,0.1740370686536763
2021,Papua New Guinea,East Sepik,0.2909486876748866
2021,Papua New Guinea,Eastern Highlands,0.2643047331735824
2021,Papua New Guinea,Enga,0.3426400958819772
2021,Papua New Guinea,Gulf,0.3512590623315753
2021,Papua New Guinea,Hela,0.4512571317417881
2021,Papua New Guinea,Jiwaka,0.2546092666675782
2021,Papua New Guinea,Madang,0.2987669343622703
2021,Papua New Guinea,Manus,0.105805301416597
2021,Papua New Guinea,Milne Bay,0.2275113407720706
2021,Papua New Guinea,Morobe,0.2028748670651841
2021,Papua New Guinea,National Capital District,0.0180709654246591
2021,Papua New Guinea,New Ireland,0.1882863249221698
2021,Papua New Guinea,Northern (Oro),0.3097756167076053
2021,Papua New Guinea,Southern Highlands,0.3871371181927515
2021,Papua New Guinea,West New Britain,0.2217988019419881
2021,Papua New Guinea,West Sepik (Sandaun),0.3571058069381355
2021,Papua New Guinea,Western,0.2496104469008875
2021,Papua New Guinea,Western Highlands,0.2095676238995316
2021,Paraguay,Alto Paraguay,0.0634076271229618
2021,Paraguay,Alto Paraná,0.013120547954734
2021,Paraguay,Asunción,0.0007704893743804
2021,Paraguay,Boquerón,0.079736366579518
2021,Paraguay,Caaguazú,0.0195560860136984
2021,Paraguay,Central,0.0021022053031407
2021,Paraguay,Itapúa,0.028671277262209
2021,Paraguay,Resto,0.0353261246239445
2021,Paraguay,San Pedro,0.0266793850392309
2021,Peru,Amazonas,0.0878717855847338
2021,Peru,Ancash,0.0441361238441176
2021,Peru,Apurimac,0.0567841598400163
2021,Peru,Arequipa,0.0045694452922495
2021,Peru,Ayacucho,0.0461959086019286
2021,Peru,Cajamarca,0.0817620237142532
2021,Peru,Callao,0.0038078856600253
2021,Peru,Cusco,0.0330894272466045
2021,Peru,Huancavelica,0.0813666377880397
2021,Peru,Huanuco,0.0880080009731505
2021,Peru,Ica,0.0058930304664632
2021,Peru,Junin,0.0335458020223764
2021,Peru,La Libertad,0.0353335496641496
2021,Peru,Lambayeque,0.0204339978872633
2021,Peru,Lima,0.0025370686382419
2021,Peru,Loreto,0.1162521783431515
2021,Peru,Madre de Dios,0.0268608960355858
2021,Peru,Moquegua,0.0057996921969471
2021,Peru,Pasco,0.0460156423498561
2021,Peru,Piura,0.0339377997114602
2021,Peru,Puno,0.0622869080139192
2021,Peru,San Martin,0.0414253836265416
2021,Peru,Tacna,0.0042342131806206
2021,Peru,Tumbes,0.0135609885125978
2021,Peru,Ucayali,0.0509000840458517
2021,Philippines,Armm,0.100861943445715
2021,Philippines,Bicol,0.0263679662896084
2021,Philippines,Cagayan Valley,0.0144309144029586
2021,Philippines,Calabarzon,0.0150919758881125
2021,Philippines,Caraga,0.0281305344011782
2021,Philippines,Central Luzon,0.0083898964501772
2021,Philippines,Central Visayas,0.0216553897558002
2021,Philippines,Cordillera Admin,0.0078847985687804
2021,Philippines,Davao,0.0291745573817066
2021,Philippines,Eastern Visayas,0.0241248728195894
2021,Philippines,Ilocos,0.0119370654641475
2021,Philippines,Mimaropa,0.0438740475985355
2021,Philippines,National Capital,0.0042093298303739
2021,Philippines,Northern Mindanao,0.0329411533418495
2021,Philippines,Soccsksargen,0.0610377648328474
2021,Philippines,Western Visayas,0.0370716627981242
2021,Philippines,Zamboanga Peninsula,0.0493943974350582
2021,Rwanda,East,0.2786843156852277
2021,Rwanda,Kigali City,0.1157241693355632
2021,Rwanda,North,0.2363661111600465
2021,Rwanda,South,0.2960870326244071
2021,Rwanda,West,0.2814937828331737
2021,Sao Tome and Principe,Distrito de Água Grande,0.0348674001167631
2021,Sao Tome and Principe,Distrito de Mé-Zóchi,0.0394517094125575
2021,Sao Tome and Principe,Região Autónoma do Príncipe,0.047759499268642
2021,Sao Tome and Principe,Região Norte Oeste,0.0615766641855206
2021,Sao Tome and Principe,Região Sul Oeste,0.0713646804951595
2021,Senegal,Dakar,0.0837123017599165
2021,Senegal,Diourbel,0.3603713588458866
2021,Senegal,Fatick,0.2834562305627515
2021,Senegal,Kaffrine,0.5020927853294255
2021,Senegal,Kaolack,0.3033455217009683
2021,Senegal,Kédougou,0.2871582529915895
2021,Senegal,Kolda,0.4112871540166514
2021,Senegal,Louga,0.2996761048392324
2021,Senegal,Matam,0.3589148099632665
2021,Senegal,Saint-Louis,0.2733946285685902
2021,Senegal,Sédhiou,0.3884280105994757
2021,Senegal,Tambacounda,0.362670339936524
2021,Senegal,Thiès,0.2020833248029008
2021,Senegal,Ziguinchor,0.1286752604659997
2021,Serbia,Belgrade,0.0001514740645052
2021,Serbia,Southern & Eastern Serbia,0.0002743448558361
2021,Serbia,Sumadija & Western Serbia,0.000952769082463
2021,Serbia,Vojvodina,0.0002376200621927
2021,Sierra Leone,Bo,0.2894674702935116
2021,Sierra Leone,Bombali,0.2904334828239482
2021,Sierra Leone,Bonthe,0.3746648785021313
2021,Sierra Leone,Falaba,0.4620015198810203
2021,Sierra Leone,Kailahun,0.3185383858950963
2021,Sierra Leone,Kambia,0.355080258293891
2021,Sierra Leone,Karene,0.4042946491847845
2021,Sierra Leone,Kenema,0.3165722262232457
2021,Sierra Leone,Koinadugu,0.3085879078108475
2021,Sierra Leone,Kono,0.2852897236382729
2021,Sierra Leone,Moyamba,0.3884797642024619
2021,Sierra Leone,Port Loko,0.349564703626476
2021,Sierra Leone,Pujehun,0.4225758740123758
2021,Sierra Leone,Tonkolili,0.3706390421566654
2021,Sierra Leone,Western Area Rural,0.1742208887403745
2021,Sierra Leone,Western Area Urban,0.0791683750880581
2021,Sri Lanka,Central,0.0190562427707661
2021,Sri Lanka,Eastern,0.0143345259860645
2021,Sri Lanka,North-Central,0.0108826830621655
2021,Sri Lanka,Northern,0.0110999258693465
2021,Sri Lanka,North-Western,0.0102211800342753
2021,Sri Lanka,Sabaragamuwa,0.0173514666695025
2021,Sri Lanka,Southern,0.0081212078671429
2021,Sri Lanka,Uva,0.02151196038427
2021,Sri Lanka,Western,0.0036888104554343
2021,Sudan,Al Jazirah,0.1670911780301129
2021,Sudan,Al Qadarif,0.3875247618728065
2021,Sudan,Blue Nile,0.3711715657770902
2021,Sudan,Central Darfur,0.4917220148857763
2021,Sudan,East Darfur,0.4500973134821015
2021,Sudan,Kassala,0.3606322705365307
2021,Sudan,Khartoum,0.0710775273048239
2021,Sudan,North Darfur,0.443664482090413
2021,Sudan,North Kurdufan,0.3341474289789434
2021,Sudan,Northern,0.0337798749407695
2021,Sudan,Red Sea,0.2274284022783349
2021,Sudan,River Nile,0.0863337125531453
2021,Sudan,Sinnar,0.2708163392871954
2021,Sudan,South Darfur,0.3991369245862402
2021,Sudan,South Kurdufan,0.4068936649988649
2021,Sudan,West Darfur,0.4522922371830167
2021,Sudan,West Kurdufan,0.4684299170383857
2021,Sudan,White Nile,0.2568674007549975
2021,Suriname,Brokopondo,0.0198077186830729
2021,Suriname,Commewijne,0.0047425859240271
2021,Suriname,Coronie,0.0
2021,Suriname,Marowijne,0.0173159673773337
2021,Suriname,Nickerie,0.0024139677396908
2021,Suriname,Para,0.0280551428129833
2021,Suriname,Paramaribo,0.0052437586181104
2021,Suriname,Saramacca,0.0088357220356071
2021,Suriname,Sipaliwini,0.1237426474531723
2021,Suriname,Wanica,0.0019505409522597
2021,Syria,Al-Hasakah,0.0366529781552577
2021,Syria,As-Suwayda,0.0037629099306261
2021,Syria,Damascus,0.007730147228725
2021,Syria,Daraa,0.0184377056192901
2021,Syria,Deir ez-Zor,0.0750433632434089
2021,Syria,Halab,0.0490723759722981
2021,Syria,Hama,0.0163982885711804
2021,Syria,Homs,0.0137329322472731
2021,Syria,Idlib,0.0322190032020915
2021,Syria,Latakia,0.0051202705342951
2021,Syria,Quneitra,0.0217087804383025
2021,Syria,Raqa,0.0485024676915132
2021,Syria,Rif Dimashq,0.0205900723094329
2021,Syria,Tartus,0.0006086761895976
2021,Tajikistan,DRS,0.0242945273854046
2021,Tajikistan,Dushanbe,0.0084967667378426
2021,Tajikistan,Gbao,0.0242893426168648
2021,Tajikistan,Khatlon,0.0417499493774023
2021,Tajikistan,Sughd,0.0226698217017425
2021,Tanzania,Central,0.331683426218678
2021,Tanzania,Eastern,0.1406053903591009
2021,Tanzania,Lake,0.3464769826263681
2021,Tanzania,Northern,0.2012241497630644
2021,Tanzania,South West,0.3184639261146326
2021,Tanzania,Southern,0.2876043095098183
2021,Tanzania,Southern Highlands,0.2356620425060509
2021,Tanzania,Western,0.3898716615058496
2021,Tanzania,Zanzibar,0.1315935705202023
2021,Thailand,Bangkok,0.0004880877127412
2021,Thailand,Central,0.0017361509086634
2021,Thailand,North,0.0038052704460534
2021,Thailand,Northeast,0.0019671798355241
2021,Thailand,South,0.0026518054210352
2021,Timor-Leste,Aileu,0.2386953624303972
2021,Timor-Leste,Ainaro,0.3253788183360204
2021,Timor-Leste,Baucau,0.2138489212723726
2021,Timor-Leste,Bobonaro,0.2551872261320282
2021,Timor-Leste,Cova Lima,0.2419170640988575
2021,Timor-Leste,Dili,0.0942455267538102
2021,Timor-Leste,Ermera,0.3335190803038199
2021,Timor-Leste,Lautem,0.1838903579917007
2021,Timor-Leste,Liquica,0.2380180558440909
2021,Timor-Leste,Manatuto,0.2186235239878763
2021,Timor-Leste,Manufahi,0.223724518052901
2021,Timor-Leste,Oecussi,0.3374377708719815
2021,Timor-Leste,Viqueque,0.2185089089497899
2021,Togo,Centrale,0.1911524202854174
2021,Togo,Golfe Urbain,0.0360549249836283
2021,Togo,Kara,0.2655698581989669
2021,Togo,Lomé Commune,0.0402316679854555
2021,Togo,Maritime,0.1782194421237101
2021,Togo,Plateaux,0.190916891325755
2021,Togo,Savanes,0.3335048567021147
2021,Tonga,Eua,0.0054679433278549
2021,Tonga,Ha'apai,0.0085193456923227
2021,Tonga,Ongo Niua,0.0120489654244791
2021,Tonga,Tongatapu,0.0025673871951432
2021,Tonga,Vava'u,0.0029460631776458
2021,Trinidad and Tobago,Central,0.0017552359649109
2021,Trinidad and Tobago,East,0.0055628011983855
2021,Trinidad and Tobago,North West,0.0014898106698179
2021,Trinidad and Tobago,South West,0.0034230775138143
2021,Trinidad and Tobago,Tobago,0.0009451007430825
2021,Tunisia,Centre Est,0.0032457674413784
2021,Tunisia,Centre Ouest,0.0080293226912558
2021,Tunisia,District Tunis,0.0003898222003253
2021,Tunisia,Nord Est,0.0015177863824689
2021,Tunisia,Nord Ouest,0.0043711318785124
2021,Tunisia,Sud Est,0.0011068430451914
2021,Tunisia,Sud Ouest,0.0036534345268292
2021,Turkmenistan,Ahal,0.0029990937074891
2021,Turkmenistan,Ashgabat,0.001025551723899
2021,Turkmenistan,Balkan,0.0006035376024559
2021,Turkmenistan,Dashoguz,0.0
2021,Turkmenistan,Lebap,0.0009874940130125
2021,Turkmenistan,Mary,0.0002296315947644
2021,Uganda,Acholi,0.3587934818845684
2021,Uganda,Ankole,0.2809893419635738
2021,Uganda,Bugisu,0.2971277956569288
2021,Uganda,Bukedi,0.302926061050393
2021,Uganda,Bunyoro,0.347883487203699
2021,Uganda,Busoga,0.2538684361273836
2021,Uganda,Kampala,0.0307412986504681
2021,Uganda,Karamoja,0.6288812341267395
2021,Uganda,Kigezi,0.2668827436339254
2021,Uganda,Lango,0.3513057272389047
2021,Uganda,North Buganda,0.2110493034406648
2021,Uganda,South Buganda,0.1529849928208334
2021,Uganda,Teso,0.3195390680229327
2021,Uganda,Tooro,0.3059791546600877
2021,Uganda,West Nile,0.4116677961407362
2021,Ukraine,Center,0.0008462085097655
2021,Ukraine,East,0.000807185952646
2021,Ukraine,North,0.0006476748278251
2021,Ukraine,South,0.0005920735729321
2021,Ukraine,West,0.0011715887593387
2021,Vietnam,Central Highlands,0.0390617628884879
2021,Vietnam,Mekong River Delta,0.0362799718032475
2021,Vietnam,North Central & Central Coast,0.0104833763955426
2021,Vietnam,Northern Uplands,0.0388069163365565
2021,Vietnam,Red River Delta,0.003645599863258
2021,Vietnam,Southeast,0.0110134249446782
2021,Yemen,Abyan,0.1445686347495511
2021,Yemen,Aden,0.0674307630244487
2021,Yemen,Al-Baidha,0.2133259604936179
2021,Yemen,Aldhalae,0.2185503883567548
2021,Yemen,Al-Hodiedah,0.3245346321649464
2021,Yemen,Al-Jawf,0.2935705258707094
2021,Yemen,Al-Mhrah,0.1113599153560667
2021,Yemen,Al-Mhweit,0.3504765568406391
2021,Yemen,Amran,0.3523823739079044
2021,Yemen,Dhamar,0.3302811510306177
2021,Yemen,Hadramout,0.1252041390049376
2021,Yemen,Hajjah,0.4583317178701838
2021,Yemen,Ibb,0.2274385914313219
2021,Yemen,Lahj,0.2091697898802911
2021,Yemen,Mareb,0.2208879095032846
2021,Yemen,Reimah,0.3925687576872207
2021,Yemen,Sadah,0.3031448009496652
2021,Yemen,Sanaa,0.2761797044885835
2021,Yemen,Sanaa City,0.0464256935784024
2021,Yemen,Shabwah,0.1753701606334733
2021,Yemen,Taiz,0.2133268111475672
2021,Zambia,Central,0.2486141255906067
2021,Zambia,Copperbelt,0.1240374534232305
2021,Zambia,Eastern,0.3216799483965194
2021,Zambia,Luapula,0.3474417820461782
2021,Zambia,Lusaka,0.0850443490187811
2021,Zambia,Muchinga,0.2890748604372484
2021,Zambia,Northern,0.3294722862450275
2021,Zambia,North-Western,0.2531920544126122
2021,Zambia,Southern,0.2131727157889181
2021,Zambia,Western,0.3392865194913496
2021,Zimbabwe,Bulawayo,0.0153449759323382
2021,Zimbabwe,Harare,0.0187693926211675
2021,Zimbabwe,Manicaland,0.1385696309412131
2021,Zimbabwe,Mashonaland Central,0.153071298389737
2021,Zimbabwe,Mashonaland East,0.0999352198421799
2021,Zimbabwe,Mashonaland West,0.1204353140079543
2021,Zimbabwe,Masvingo,0.1323693491190422
2021,Zimbabwe,Matabeleland North,0.1913336672154632
2021,Zimbabwe,Matabeleland South,0.1135815001786083
2021,Zimbabwe,Midlands,0.1300539387692453
2022,Afghanistan,Badakhshan,0.3264488122050643
2022,Afghanistan,Badghis,0.4263064668806399
2022,Afghanistan,Baghlan,0.2990560079916039
2022,Afghanistan,Balkh,0.228557646150365
2022,Afghanistan,Bamyan,0.255525338428531
2022,Afghanistan,Daykundi,0.280699264637042
2022,Afghanistan,Farah,0.3357503115376571
2022,Afghanistan,Faryab,0.1943129297626899
2022,Afghanistan,Ghazni,0.2410840716454742
2022,Afghanistan,Ghor,0.2731410659602203
2022,Afghanistan,Helmand,0.3239866782722833
2022,Afghanistan,Herat,0.3087542744893509
2022,Afghanistan,Jawzjan,0.2550658611615731
2022,Afghanistan,Kabul,0.0785656581560699
2022,Afghanistan,Kandahar,0.4279001971536566
2022,Afghanistan,Kapisa,0.2003440669169043
2022,Afghanistan,Khost,0.2950884881364133
2022,Afghanistan,Kunarha,0.308228098232689
2022,Afghanistan,Kunduz,0.3068357689299591
2022,Afghanistan,Laghman,0.3571728482459884
2022,Afghanistan,Logar,0.2162116693130177
2022,Afghanistan,Nangarhar,0.2663568871260172
2022,Afghanistan,Nimroz,0.2417026962608187
2022,Afghanistan,Nooristan,0.5552822202799303
2022,Afghanistan,Paktika,0.2247440296419894
2022,Afghanistan,Paktya,0.2612463619832632
2022,Afghanistan,Panjsher,0.1288879798822806
2022,Afghanistan,Parwan,0.2719736516747477
2022,Afghanistan,Samangan,0.3352262214414242
2022,Afghanistan,Sar-e-Pul,0.3471314377939887
2022,Afghanistan,Takhar,0.2940898141963436
2022,Afghanistan,Urozgan,0.536759430844558
2022,Afghanistan,Wardak,0.3047778609635178
2022,Afghanistan,Zabul,0.1837893046912047
2022,Albania,Berat,0.0016438462003434
2022,Albania,Dibër,0.0074819459502361
2022,Albania,Durrës,0.0040892401989201
2022,Albania,Elbasan,0.0018708153111054
2022,Albania,Fier,0.0035516600111089
2022,Albania,Gjirokastër,0.0016423757946214
2022,Albania,Korçë,0.0002746177086545
2022,Albania,Kukes,0.0086888145950759
2022,Albania,Lezhë,0.0024105835221195
2022,Albania,Shkodër,0.002682706407069
2022,Albania,Tirane,0.0025415935401318
2022,Albania,Vlorë,0.0004861018104819
2022,Algeria,Hauts Plateaux-Centre,0.0192122833485715
2022,Algeria,Hauts Plateaux-Est,0.0038034845605433
2022,Algeria,Hauts Plateaux-Ouest,0.010036950480921
2022,Algeria,Nord-Centre,0.0028622755901281
2022,Algeria,Nord-Est,0.0027126658120796
2022,Algeria,Nord-Ouest,0.0044658942764251
2022,Algeria,Sud,0.0087306179310241
2022,Angola,Bengo,0.3324211514896015
2022,Angola,Benguela,0.3222648426983248
2022,Angola,Bié,0.4751389644917898
2022,Angola,Cabinda,0.1539982214622631
2022,Angola,Cuando Cubango,0.4197566681971739
2022,Angola,Cuanza Norte,0.3301435288905762
2022,Angola,Cuanza Sul,0.4597669172277965
2022,Angola,Cunene,0.4196989413955158
2022,Angola,Huambo,0.3759138723307349
2022,Angola,Huíla,0.4022075662895737
2022,Angola,Luanda,0.0743419606819074
2022,Angola,Lunda Norte,0.4315113750082424
2022,Angola,Lunda Sul,0.3549840554504072
2022,Angola,Malanje,0.3394090717157707
2022,Angola,Moxico,0.4248080042591963
2022,Angola,Namibe,0.2750002838088794
2022,Angola,Uíge,0.3914613170180237
2022,Angola,Zaire,0.2160558096280179
2022,Argentina,AMBA,0.0011301247451812
2022,Argentina,Cuyo,0.0019125724258503
2022,Argentina,NEA,0.0028598603528915
2022,Argentina,NOA,0.0026672271356129
2022,Argentina,Pampeana,0.0008549840587574
2022,Argentina,Patagónica,0.0009856849634647
2022,Bangladesh,Barishal,0.1253279011895154
2022,Bangladesh,Chattogram,0.113796048664792
2022,Bangladesh,Dhaka,0.078994821248515
2022,Bangladesh,Khulna,0.0626957981162193
2022,Bangladesh,Mymensingh,0.1632923300152708
2022,Bangladesh,Rajshahi,0.0966006754939713
2022,Bangladesh,Rangpur,0.1051682163422867
2022,Bangladesh,Sylhet,0.1603030648646664
2022,Barbados,Christ Church & St. Philip,0.0089174636231418
2022,Barbados,St Michael,0.010772211358202
2022,Barbados,"St. James, St. George, & St.Thomas",0.0078157578548804
2022,Barbados,"St. Lucy, St. Peter, St. Andrew, St. Joseph, & St. John",0.0057031520456197
2022,Belize,Belize (ex. Belize City South Side),0.0033906852576389
2022,Belize,Belize City South Side,0.0022175017952749
2022,Belize,Cayo,0.0140687703086673
2022,Belize,Corozal,0.0086257158736317
2022,Belize,Orange Walk,0.0149355589406634
2022,Belize,Stann Creek,0.0171331276025568
2022,Belize,Toledo,0.0770107229118572
2022,Benin,Alibori,0.5516347916653576
2022,Benin,Atacora,0.4794725684139646
2022,Benin,Atlantique,0.2838891735402064
2022,Benin,Borgou,0.4662406172676347
2022,Benin,Collines,0.3050132366648614
2022,Benin,Couffo,0.3961686668524975
2022,Benin,Donga,0.3746069882153488
2022,Benin,Littoral,0.076006724380615
2022,Benin,Mono,0.2874750185433382
2022,Benin,Ouémé,0.2311338979947648
2022,Benin,Plateau,0.3955502864455527
2022,Benin,Zou,0.3105026432044223
2022,Bhutan,Bumthang,0.0917883086817329
2022,Bhutan,Chukha,0.1645214912754505
2022,Bhutan,Dagana,0.276861486992719
2022,Bhutan,Gasa and Punakha,0.1270787212789652
2022,Bhutan,Haa,0.0923737376126698
2022,Bhutan,Lhuntse,0.2461444224454861
2022,Bhutan,Mongar,0.2584192942343085
2022,Bhutan,Paro,0.0500030755133059
2022,Bhutan,Pemagatshel,0.2281987764262455
2022,Bhutan,Samdrup Jongkhar,0.2292741067256409
2022,Bhutan,Samtse,0.235012151207749
2022,Bhutan,Sarpang,0.1345147278569946
2022,Bhutan,Thimphu,0.0334412009727103
2022,Bhutan,Trashigang,0.2337643431801859
2022,Bhutan,Trashiyangtse,0.2298516445932001
2022,Bhutan,Trongsa,0.2175079953341043
2022,Bhutan,Tsirang,0.2371112544020088
2022,Bhutan,Wangdue Phodrang,0.1426430191079461
2022,Bhutan,Zhemgang,0.2940193511924125
2022,Bolivia,Beni,0.0407711417240621
2022,Bolivia,Chuquisaca,0.0938953995530628
2022,Bolivia,Cochabamba,0.0349456482347122
2022,Bolivia,La Paz,0.0292410249468401
2022,Bolivia,Oruro,0.0276120364353525
2022,Bolivia,Pando,0.0598010284674643
2022,Bolivia,Potosi,0.1060928561303072
2022,Bolivia,Santa Cruz,0.0200383641759322
2022,Bolivia,Tarija,0.0194270362302109
2022,Botswana,Barolong,0.0836548536463302
2022,Botswana,Central Bobonong,0.0761880588490601
2022,Botswana,Central Boteti,0.1300792249717886
2022,Botswana,Central Mahalapye,0.0989267397773095
2022,Botswana,Central Serowe,0.0991634999873772
2022,Botswana,Central Tutume,0.1344678385460168
2022,Botswana,Chobe,0.0429461417774678
2022,Botswana,Francistown,0.025329497431853
2022,Botswana,Gaborone,0.0042174931076806
2022,Botswana,Ghanzi,0.1920170910713728
2022,Botswana,Jwaneng,0.0
2022,Botswana,Kgalagadi North,0.0943086564001582
2022,Botswana,Kgalagadi South,0.1133810110183465
2022,Botswana,Kgatleng,0.031057692260248
2022,Botswana,Kweneng East,0.0409244000689929
2022,Botswana,Kweneng West,0.2064382109858987
2022,Botswana,Lobatse,0.0093978473655697
2022,Botswana,Ngamiland East,0.0563749570206185
2022,Botswana,Ngamiland West,0.1446165360203084
2022,Botswana,Ngwaketse,0.1003977983818742
2022,Botswana,Ngwaketse West,0.0989281647859591
2022,Botswana,North East,0.0953564140851302
2022,Botswana,Orapa,0.0
2022,Botswana,Selibe Phikwe,0.0285058745490852
2022,Botswana,South East,0.0213511201880593
2022,Botswana,Sowa Town,0.0126396341689177
2022,Brazil,Acre,0.0678992058225879
2022,Brazil,Alagoas,0.0315460247474732
2022,Brazil,Amapá,0.0268816738235108
2022,Brazil,Amazonas,0.0317918995014062
2022,Brazil,Bahia,0.0276990154313026
2022,Brazil,Ceará,0.0258278907076106
2022,Brazil,Distrito Federal,0.0030909352954438
2022,Brazil,Espírito Santo,0.0105237791817615
2022,Brazil,Goiás,0.0129101496987562
2022,Brazil,Maranhão,0.060373497750709
2022,Brazil,Mato Grosso,0.0181695238713151
2022,Brazil,Mato Grosso do Sul,0.013764225724612
2022,Brazil,Minas Gerais,0.0109362561538824
2022,Brazil,Pará,0.0439348921996234
2022,Brazil,Paraíba,0.0256722331520068
2022,Brazil,Paraná,0.0098864167166228
2022,Brazil,Pernambuco,0.0249089514035287
2022,Brazil,Piauí,0.0375354807272691
2022,Brazil,Rio de Janeiro,0.0031665388486853
2022,Brazil,Rio Grande do Norte,0.0203768458001392
2022,Brazil,Rio Grande do Sul,0.0100615433881864
2022,Brazil,Rondônia,0.0237822646521097
2022,Brazil,Roraima,0.0307251248913844
2022,Brazil,Santa Catarina,0.0115140410681338
2022,Brazil,São Paulo,0.0025220322917264
2022,Brazil,Sergipe,0.0284073524335401
2022,Brazil,Tocantins,0.0239300779474741
2022,Burkina Faso,Boucle de Mouhoun,0.5652891782957019
2022,Burkina Faso,Cascades,0.5032567655916325
2022,Burkina Faso,Centre,0.2040608947945353
2022,Burkina Faso,Centre-Est,0.5652706839611285
2022,Burkina Faso,Centre-Nord,0.5736491942654571
2022,Burkina Faso,Centre-Ouest,0.5356185772450189
2022,Burkina Faso,Centre-Sud,0.5310672189438241
2022,Burkina Faso,Est,0.6662132742420269
2022,Burkina Faso,Hauts-Bassins,0.4533804674309406
2022,Burkina Faso,Nord,0.5737351150252211
2022,Burkina Faso,Plateau Central,0.5283240501593984
2022,Burkina Faso,Sahel,0.6639361887924546
2022,Burkina Faso,Sud-Ouest,0.6195723842612667
2022,Burundi,Bubanza,0.4415454674060594
2022,Burundi,Bujumbura Mairie,0.1136647058953909
2022,Burundi,Bujumbura Rural,0.3428548039974757
2022,Burundi,Bururi,0.2898306324237528
2022,Burundi,Cankuzo,0.4612318345507051
2022,Burundi,Cibitoke,0.4278914385232543
2022,Burundi,Gitega,0.3932327660305844
2022,Burundi,Karusi,0.4649342830160137
2022,Burundi,Kayanza,0.4171035367558942
2022,Burundi,Kirundo,0.5429764623912949
2022,Burundi,Makamba,0.3836650192889501
2022,Burundi,Muramvya,0.3670886589688131
2022,Burundi,Muyinga,0.532736938250095
2022,Burundi,Mwaro,0.3320679035446344
2022,Burundi,Ngozi,0.4709125785932759
2022,Burundi,Rumonge,0.3838923864324055
2022,Burundi,Rutana,0.4068092692595359
2022,Burundi,Ruyigi,0.4622418811605603
2022,Cambodia,Banteay Meanchay,0.1371986935234788
2022,Cambodia,Battambang & Pailin,0.1147604605681417
2022,Cambodia,Kampong Cham,0.1952110421790697
2022,Cambodia,Kampong Chhnang,0.2240705650927135
2022,Cambodia,Kampong Speu,0.1872700640295746
2022,Cambodia,Kampong Thom,0.2165888511375522
2022,Cambodia,Kampot & Kep,0.1693271909744513
2022,Cambodia,Kandal,0.1447391620651443
2022,Cambodia,Kratie,0.3001861947337975
2022,Cambodia,Mondul Kiri and Ratanak Kiri,0.2900333179509343
2022,Cambodia,Otdar Meanchey,0.234845484212326
2022,Cambodia,Phnom Penh,0.0309923205032275
2022,Cambodia,Preah Sihanouk and Koh Kong,0.1048291502150085
2022,Cambodia,Preah Vihear and Stung Treng,0.3096756974113681
2022,Cambodia,Prey Veng,0.1536129194042161
2022,Cambodia,Pursat,0.262899258543577
2022,Cambodia,Siem Reap,0.2474396615820564
2022,Cambodia,Svay Rieng,0.1343009752465646
2022,Cambodia,Takeo,0.1214633293134644
2022,Cameroon,Adamaoua,0.3877950630843355
2022,Cameroon,Centre,0.1984643041624463
2022,Cameroon,Douala,0.008686437615227
2022,Cameroon,Est,0.3037461758840502
2022,Cameroon,Extrême-Nord,0.4375588567415855
2022,Cameroon,Littoral,0.0943333199883053
2022,Cameroon,Nord,0.4257210416218979
2022,Cameroon,Nord-Ouest,0.227653709111054
2022,Cameroon,Ouest,0.0994767756644829
2022,Cameroon,Sud,0.136945512922363
2022,Cameroon,Sud-Ouest,0.034279932939957
2022,Cameroon,Yaoundé,0.005410187996434
2022,Central African Republic,"Bamingui-Bangoran, Haute-Kotto, Vakaga",0.4854396263044615
2022,Central African Republic,Bangui,0.1419042651889826
2022,Central African Republic,"Basse-Kotto, Mbomou, Haut-Mbomou",0.5588156134090396
2022,Central African Republic,"Kémo, Nana-Grébizi, Ouaka",0.5090457658345517
2022,Central African Republic,"Mambéré-Kadéï, Sangha-Mbaéré, Nana-Mambéré",0.5212705290797184
2022,Central African Republic,"Ombella-M'Poko, Lobaye",0.4047309545079891
2022,Central African Republic,"Ouham, Ouham-Pendé",0.5559113327724634
2022,Chad,Barh El Gazal,0.6156429042561292
2022,Chad,Batha,0.6518607219717233
2022,Chad,Borkou,0.5717162081295954
2022,Chad,Chari Baguirmi,0.5873698199732067
2022,Chad,Ennedi Est,0.6597507080263663
2022,Chad,Ennedi Ouest,0.6023667449241144
2022,Chad,Guéra,0.5643859358195434
2022,Chad,Hadjer-Lamis,0.6348263728429878
2022,Chad,Kanem,0.6758919250754379
2022,Chad,Lac,0.6584757483398557
2022,Chad,Logone Occidental,0.4769619084125714
2022,Chad,Logone Oriental,0.4470421284656642
2022,Chad,Mandoul,0.4768575847326117
2022,Chad,Mayo Kebbi Est,0.4422691016458898
2022,Chad,Mayo Kebbi Ouest,0.4111554420873678
2022,Chad,Moyen Chari,0.3994281946619404
2022,Chad,N’Djaména,0.2039027932132546
2022,Chad,Ouaddaï,0.6144494273224517
2022,Chad,Salamat,0.6111637154346264
2022,Chad,Sila,0.6612347141724226
2022,Chad,Tandjilé,0.4764213706833103
2022,Chad,Wadi Fira,0.6610047984414517
2022,China,Central Region,0.011727661192111
2022,China,East/Coastal Region,0.0084555022620832
2022,China,Western Region,0.0325262057642511
2022,Colombia,Antioquia Sin Medellin,0.0510586775320873
2022,Colombia,"Atlantico, San Andres, Bolivar Norte",0.0079394097745799
2022,Colombia,Barranquilla A. M.,0.0037282544807501
2022,Colombia,Bogota,0.0012729250002591
2022,Colombia,"Bolivar Sur, Sucre, Cordoba",0.0391099115251267
2022,Colombia,"Boyaca, Cmarca, Meta",0.0105126807534665
2022,Colombia,"Caldas, Risaralda, Quindio",0.0082328817867177
2022,Colombia,Cali A.M.,0.0018743323859258
2022,Colombia,Cauca Y Nari Sin Litoral,0.0337552843990971
2022,Colombia,"Guajira, Cesar, Magdalena",0.0566016789438267
2022,Colombia,Litoral Pacifico,0.0851546950480699
2022,Colombia,Medellin A.M.,0.0014860716541279
2022,Colombia,Orinoquia Y Amazonia,0.0304553275867361
2022,Colombia,Santanderes,0.0176262878136666
2022,Colombia,"Tolima, Huila, Caqueta",0.0274198520224809
2022,Colombia,Valle Sin Cali Ni Litoral,0.0061891628300914
2022,Comoros,Mwali (Mohéli),0.2219204946654667
2022,Comoros,Ndzuwani (Ndzouani or Anjouan),0.2335122611761958
2022,Comoros,Ngazidja (Grande Comore),0.1189628219166516
2022,Congo,Bouenza,0.216757286809953
2022,Congo,Brazzaville,0.0241728649437844
2022,Congo,Cuvette,0.1609829521004885
2022,Congo,Cuvette-Ouest,0.2777615828425898
2022,Congo,Kouilou,0.2725760565065073
2022,Congo,Lékoumou,0.2880251728569511
2022,Congo,Likouala,0.2969379035408526
2022,Congo,Niari,0.1950306962260792
2022,Congo,Plateaux,0.2564927575486169
2022,Congo,Pointe-Noire,0.0443486752596367
2022,Congo,Pool,0.2769583374655433
2022,Congo,Sangha,0.2465188561769793
2022,"Congo, Democratic Republic of the",Bas-Uélé,0.3493073673756805
2022,"Congo, Democratic Republic of the",Équateur,0.3481272013889197
2022,"Congo, Democratic Republic of the",Haut-Katanga,0.2884311108648751
2022,"Congo, Democratic Republic of the",Haut-Lomami,0.398863689895345
2022,"Congo, Democratic Republic of the",Haut-Uélé,0.3280053449644837
2022,"Congo, Democratic Republic of the",Ituri,0.3990149763641354
2022,"Congo, Democratic Republic of the",Kasaï,0.5250430764989321
2022,"Congo, Democratic Republic of the",Kasaï-Central,0.4815596457583384
2022,"Congo, Democratic Republic of the",Kasaï-Oriental,0.3953224665771956
2022,"Congo, Democratic Republic of the",Kinshasa,0.0683708776256192
2022,"Congo, Democratic Republic of the",Kongo Central,0.2760330649377046
2022,"Congo, Democratic Republic of the",Kwango,0.4809310652467553
2022,"Congo, Democratic Republic of the",Kwilu,0.4261807978540421
2022,"Congo, Democratic Republic of the",Lomami,0.3774387728860428
2022,"Congo, Democratic Republic of the",Lualaba,0.3682104886654264
2022,"Congo, Democratic Republic of the",Mai-Ndombe,0.3598575017707394
2022,"Congo, Democratic Republic of the",Maniema,0.4376305343654827
2022,"Congo, Democratic Republic of the",Mongala,0.4320162455022308
2022,"Congo, Democratic Republic of the",Nord Kivu,0.3511420481696581
2022,"Congo, Democratic Republic of the",Nord Ubangi,0.4503978010267848
2022,"Congo, Democratic Republic of the",Sankuru,0.4277548629747641
2022,"Congo, Democratic Republic of the",Sud-Kivu,0.3201466799260201
2022,"Congo, Democratic Republic of the",Sud-Ubangi,0.4309596177990042
2022,"Congo, Democratic Republic of the",Tanganyika,0.3876558779851514
2022,"Congo, Democratic Republic of the",Tshopo,0.3381653783513906
2022,"Congo, Democratic Republic of the",Tshuapa,0.4858246794015638
2022,Costa Rica,Alajuela,0.0026216214839448
2022,Costa Rica,Cartago,0.0010786017181416
2022,Costa Rica,Guanacaste,0.0011745803219462
2022,Costa Rica,Heredia,0.0001219574154245
2022,Costa Rica,Limón,0.004208141040662
2022,Costa Rica,Puntarenas,0.0031898952233742
2022,Costa Rica,San José,0.0017262674036017
2022,Côte d'Ivoire,Centre,0.2210752748321254
2022,Côte d'Ivoire,Centre-Est,0.2139997921190696
2022,Côte d'Ivoire,Centre-Nord,0.2084260568022352
2022,Côte d'Ivoire,Centre-Ouest,0.3124133580136246
2022,Côte d'Ivoire,Nord,0.4083042147252812
2022,Côte d'Ivoire,Nord-Est,0.343257100566778
2022,Côte d'Ivoire,Nord-Ouest,0.4047788403726909
2022,Côte d'Ivoire,Ouest,0.3360187950955839
2022,Côte d'Ivoire,Sud (ex. Ville d'Abidjan),0.1919351746137365
2022,Côte d'Ivoire,Sud-Ouest,0.3207315094807995
2022,Côte d'Ivoire,Ville d'Abidjan,0.0416836155944208
2022,Cuba,Artemisa,0.0
2022,Cuba,Camagüey,0.0026509277172675
2022,Cuba,Ciego de Ávila,0.0033127240824532
2022,Cuba,Cienfuegos,0.00149722928448
2022,Cuba,Granma,0.0046030367150082
2022,Cuba,Guantánamo,0.003799826915781
2022,Cuba,Holguín,0.0035445567971047
2022,Cuba,Isla de la Juventud,0.0
2022,Cuba,La Habana,0.0
2022,Cuba,Las Tunas,0.0080722058029752
2022,Cuba,Matanzas,0.005397614528149
2022,Cuba,Mayabeque,0.00080091660276
2022,Cuba,Pinar del Río,0.0018081552688939
2022,Cuba,Sancti Spíritus,0.0015920818648408
2022,Cuba,Santiago de Cuba,0.0048145649339576
2022,Cuba,Villa Clara,0.0009165235987679
2022,Dominican Republic,Cibao Nordeste,0.0064000493704557
2022,Dominican Republic,Cibao Noroeste,0.0215061621865358
2022,Dominican Republic,Cibao Norte,0.0051862011898031
2022,Dominican Republic,Cibao Sur,0.0070527126383281
2022,Dominican Republic,El Valle,0.0293289168012636
2022,Dominican Republic,Enriquillo,0.0300710646073985
2022,Dominican Republic,Higuamo,0.0088699364580035
2022,Dominican Republic,Ozama,0.0043424286735945
2022,Dominican Republic,Valdesia,0.0099898464541497
2022,Dominican Republic,Yuma,0.0128032304851437
2022,Ecuador,Azuay,0.0028342351140275
2022,Ecuador,Bolívar,0.0283069547744352
2022,Ecuador,Cañar,0.0057157580262864
2022,Ecuador,Carchi,0.0048037570358527
2022,Ecuador,Chimborazo,0.0183645676958929
2022,Ecuador,Cotopaxi,0.0112109146101734
2022,Ecuador,El Oro,0.0020413373117233
2022,Ecuador,Esmeraldas,0.0113872048114424
2022,Ecuador,Galápagos,0.0011011583369386
2022,Ecuador,Guayas,0.0036361325418896
2022,Ecuador,Imbabura,0.0075947466356063
2022,Ecuador,Loja,0.0113357363512065
2022,Ecuador,Los Ríos,0.0086328046005138
2022,Ecuador,Manabí,0.0140884080117829
2022,Ecuador,Morona Santiago,0.0569351208644416
2022,Ecuador,Napo,0.0257875816508932
2022,Ecuador,Orellana,0.0394058538215882
2022,Ecuador,Pastaza,0.0375364229036257
2022,Ecuador,Pichincha,0.00289451365513
2022,Ecuador,Santa Elena,0.0084896366047472
2022,Ecuador,Santo Domingo,0.0053530755437952
2022,Ecuador,Sucumbios,0.013006438248591
2022,Ecuador,Tungurahua,0.0062386073418486
2022,Ecuador,Zamora Chinchipe,0.0092812836092917
2022,Ecuador,Zona No Delimitada,0.0031014408708051
2022,Egypt,Alexandria,0.0073079479742415
2022,Egypt,Assuit,0.0404344855900635
2022,Egypt,Aswan,0.0184519075333942
2022,Egypt,Behera,0.0161845261857239
2022,Egypt,Beni Suef,0.0349543779263873
2022,Egypt,Cairo,0.0098010389101262
2022,Egypt,Dakahlia,0.0064675440714655
2022,Egypt,Damietta,0.0144076902582394
2022,Egypt,Fayoum,0.0379505936423876
2022,Egypt,Gharbia,0.0135048810661837
2022,Egypt,Giza,0.0269017978406447
2022,Egypt,Ismailia,0.0141191745223109
2022,Egypt,Kafr el-Sheikh,0.011194958991617
2022,Egypt,Kalyubia,0.0097969892236345
2022,Egypt,Luxor,0.0182618604918507
2022,Egypt,Matroh,0.0415351798791385
2022,Egypt,Menoufia,0.0082041426920986
2022,Egypt,Menya,0.0304035982298479
2022,Egypt,New Valley,0.003880289517015
2022,Egypt,Port Said,0.0007056296978065
2022,Egypt,Qena,0.0146912647033928
2022,Egypt,Red Sea,0.0183578917415695
2022,Egypt,Sharkia,0.0216878424298516
2022,Egypt,Souhag,0.0416161791544141
2022,Egypt,Suez,0.0054861978082961
2022,El Salvador,Ahuachapán,0.0345323651899858
2022,El Salvador,Cabañas,0.0595682010639726
2022,El Salvador,Chalatenango,0.0426960871801298
2022,El Salvador,Cuscatlán,0.0327785380692709
2022,El Salvador,La Libertad,0.0214461054071471
2022,El Salvador,La Paz,0.0378702792793258
2022,El Salvador,La Unión,0.0668690702238516
2022,El Salvador,Morazán,0.0384485074400829
2022,El Salvador,San Miguel,0.0412018661283223
2022,El Salvador,San Salvador,0.0132274893402111
2022,El Salvador,San Vicente,0.0264448296617531
2022,El Salvador,Santa Ana,0.0300994841642904
2022,El Salvador,Sonsonate,0.0592827394895007
2022,El Salvador,Usulután,0.0362703429991724
2022,eSwatini,Hhohho,0.0749300742007596
2022,eSwatini,Lubombo,0.1157680185534981
2022,eSwatini,Manzini,0.0510704097588293
2022,eSwatini,Shiselweni,0.1130251795644508
2022,Ethiopia,Addis Ababa,0.0433102732670903
2022,Ethiopia,Afar,0.4865077604262328
2022,Ethiopia,Amhara,0.3603275618177073
2022,Ethiopia,Benishangul-Gumuz,0.3409375528782927
2022,Ethiopia,Dire Dawa,0.1776112349363667
2022,Ethiopia,Gambela,0.2481331928392249
2022,Ethiopia,Harari,0.2410146476802318
2022,Ethiopia,Oromia,0.384533513778156
2022,Ethiopia,Snnpr,0.362554808500144
2022,Ethiopia,Somali,0.5294925831669296
2022,Ethiopia,Tigray,0.304974850700134
2022,Gabon,Estuaire,0.0615845269579694
2022,Gabon,Haut-Ogooué,0.0998152393033526
2022,Gabon,Libreville/Port-Gentil,0.0136143238632532
2022,Gabon,Moyen-Ogooué,0.1330941484972248
2022,Gabon,Ngounié,0.193781350649238
2022,Gabon,Nyanga,0.1842714988513438
2022,Gabon,Ogooué Maritime,0.0895025284848298
2022,Gabon,Ogooué-Ivindo,0.280075368134456
2022,Gabon,Ogooué-Lolo,0.1815012482782856
2022,Gabon,Woleu-Ntem,0.1083501418351778
2022,Gambia,Banjul,0.044922381125677
2022,Gambia,Basse,0.3176569112683542
2022,Gambia,Brikama,0.1442419263844519
2022,Gambia,Janjanbureh,0.4003218090013376
2022,Gambia,Kanifing,0.0808073230930417
2022,Gambia,Kerewan,0.270316581212436
2022,Gambia,Kuntaur,0.4392651542321203
2022,Gambia,Mansakonko,0.2697153449331541
2022,Ghana,Ashanti,0.0727256745756178
2022,Ghana,Brong Ahafo,0.1103737397387234
2022,Ghana,Central,0.0847589649637427
2022,Ghana,Eastern,0.0713051686784557
2022,Ghana,Greater Accra,0.032424351033361
2022,Ghana,Northern,0.295646530845774
2022,Ghana,Upper East,0.2141656716655229
2022,Ghana,Upper West,0.2017443825559721
2022,Ghana,Volta,0.1397757106184832
2022,Ghana,Western,0.0819343991505881
2022,Guatemala,Alta Verapaz,0.2544903268325603
2022,Guatemala,Baja Verapaz,0.1749569214059793
2022,Guatemala,Chimaltenango,0.1040419117069924
2022,Guatemala,Chiquimula,0.2196877636406564
2022,Guatemala,El Progreso,0.0805670576439305
2022,Guatemala,Escuintla,0.0726503996738873
2022,Guatemala,Guatemala Municipio,0.0154962766556458
2022,Guatemala,Guatemala Resto,0.0375383635755389
2022,Guatemala,Huehuetenango,0.2331708346598393
2022,Guatemala,Izabal,0.1282864512036998
2022,Guatemala,Jalapa,0.191111253215725
2022,Guatemala,Jutiapa,0.1247434890561295
2022,Guatemala,Petén,0.17315490251924
2022,Guatemala,Quetzaltenango,0.1082370002367624
2022,Guatemala,Quiché,0.2284750488332997
2022,Guatemala,Retalhuleu,0.1146635335470944
2022,Guatemala,Sacatepéquez,0.0598844388141978
2022,Guatemala,San Marcos,0.1461113832842169
2022,Guatemala,Santa Rosa,0.1013312138928056
2022,Guatemala,Sololá,0.111088499069016
2022,Guatemala,Suchitepéquez,0.1263868875555026
2022,Guatemala,Totonicapán,0.1574165275161754
2022,Guatemala,Zacapa,0.127603513293142
2022,Guinea,Boké,0.4220813532233227
2022,Guinea,Conakry,0.0632124889697937
2022,Guinea,Faranah,0.4888116374396018
2022,Guinea,Kankan,0.4171344132953079
2022,Guinea,Kindia,0.363741702758621
2022,Guinea,Labé,0.4937952469122697
2022,Guinea,Mamou,0.4010578223973603
2022,Guinea,N’Zérékoré,0.4335777296158588
2022,Guinea-Bissau,Bafatá,0.4247729721285657
2022,Guinea-Bissau,Biombo,0.2856944726853831
2022,Guinea-Bissau,Bolama,0.3239679554023072
2022,Guinea-Bissau,Cacheu,0.292230121073873
2022,Guinea-Bissau,Gabú,0.489454680176293
2022,Guinea-Bissau,Oio,0.4762569429799462
2022,Guinea-Bissau,Quinara,0.3348402193473942
2022,Guinea-Bissau,SAB,0.1095508215543179
2022,Guinea-Bissau,Tombali,0.3772459701426816
2022,Guyana,Barima-Waini,0.0506019042440681
2022,Guyana,Cuyuni-Mazaruni,0.0479853315089893
2022,Guyana,Demerara-Mahaica,0.0015394401927021
2022,Guyana,East Berbice-Corentyne,0.004870143397249
2022,Guyana,Essequibo Islands-West Demerara,0.0008619443888576
2022,Guyana,Mahaica-Berbice,0.0002675722279927
2022,Guyana,Pomeroon-Supenaam,0.0085241397766235
2022,Guyana,Potaro-Siparuni,0.0795494960962744
2022,Guyana,Upper Demerara-Berbice,0.0020399046279184
2022,Guyana,Upper Takutu-Upper Essequibo,0.0471764864521444
2022,Haiti,Aire Métropolitaine,0.0588700931846139
2022,Haiti,Artibonite,0.2503158875337284
2022,Haiti,Centre,0.2935398755187234
2022,Haiti,Grande Anse,0.2963843258342638
2022,Haiti,Nippes,0.1870824512384791
2022,Haiti,Nord,0.1948753068731505
2022,Haiti,Nord-Est,0.2030207624734716
2022,Haiti,Nord-Ouest,0.2302739739727249
2022,Haiti,Rest-Ouest,0.2302530795042501
2022,Haiti,Sud,0.2261192365450116
2022,Haiti,Sud-Est,0.2245172881584468
2022,Honduras,Atlántida,0.0244224770630516
2022,Honduras,Choluteca,0.0595495873725032
2022,Honduras,Colón,0.0389417828224801
2022,Honduras,Comayauga,0.067201334809109
2022,Honduras,Copán,0.0969721439164569
2022,Honduras,Cortés,0.0140385753094568
2022,Honduras,Distrito Central,0.0065766902571224
2022,Honduras,El Paraíso,0.0597305042597786
2022,Honduras,Francisco Morazán,0.0458865569411518
2022,Honduras,Gracias a Dios,0.1620505040513764
2022,Honduras,Intibucá,0.0891372187600312
2022,Honduras,Islas de la Bahía,0.0036526612763034
2022,Honduras,La Paz,0.0756490110297627
2022,Honduras,Lempira,0.1192286722110346
2022,Honduras,Ocotepeque,0.0505440641175871
2022,Honduras,Olancho,0.0968719429128402
2022,Honduras,San Pedro Sula,0.0051942830989945
2022,Honduras,Santa Bárbara,0.0445756294425697
2022,Honduras,Valle,0.0424949896322926
2022,Honduras,Yoro,0.0743732120610456
2022,India,Andaman & Nicobar Islands,0.0141821291787469
2022,India,Andhra Pradesh,0.0286211631190136
2022,India,Arunachal Pradesh,0.0540713218765498
2022,India,Assam,0.0899183800385575
2022,India,Bihar,0.154399464934868
2022,India,Chandigarh,0.0178127750581124
2022,India,Chhattisgarh,0.0731745889051574
2022,India,Dadra & Nagar Haveli and Daman & Diu,0.0558938557090852
2022,India,Delhi,0.0133876584906626
2022,India,Goa,0.0053279983793787
2022,India,Gujarat,0.0590249641108678
2022,India,Haryana,0.0298069948508933
2022,India,Himachal Pradesh,0.0203555177507209
2022,India,Jammu & Kashmir,0.0248917446409916
2022,India,Jharkhand,0.1318070300042039
2022,India,Karnataka,0.0333339461828899
2022,India,Kerala,0.0030631847872796
2022,India,Ladakh,0.0243842275833821
2022,India,Lakshadweep,0.0032633370560781
2022,India,Madhya Pradesh,0.0994171726564811
2022,India,Maharashtra,0.0356919448067687
2022,India,Manipur,0.038346425252955
2022,India,Meghalaya,0.1230173828140467
2022,India,Mizoram,0.0245889652902473
2022,India,Nagaland,0.0660178088487265
2022,India,Odisha,0.0863464205278114
2022,India,Puducherry,0.0052129843797597
2022,India,Punjab,0.018861212266265
2022,India,Rajasthan,0.0679440978626233
2022,India,Sikkim,0.0140003058651559
2022,India,Tamil Nadu,0.0141683236723599
2022,India,Telangana,0.0265171338018563
2022,India,Tripura,0.0634734071443708
2022,India,Uttar Pradesh,0.0982533917430205
2022,India,Uttarakhand,0.0391229274878345
2022,India,West Bengal,0.0606670185661897
2022,Indonesia,Aceh,0.0117926622887426
2022,Indonesia,Bali,0.007880048223558
2022,Indonesia,Bangka Belitung,0.0146545137242395
2022,Indonesia,Banten,0.0152407185557479
2022,Indonesia,Bengkulu,0.0079504125264173
2022,Indonesia,Central Java,0.0099944372971649
2022,Indonesia,Central Kalimantan,0.0172860663883669
2022,Indonesia,Central Sulawesi,0.0250978770977996
2022,Indonesia,East Java,0.0108402204247471
2022,Indonesia,East Kalimantan,0.0087560721791253
2022,Indonesia,East Nusa Tenggara,0.0655737193553356
2022,Indonesia,Gorontalo,0.0355009186018123
2022,Indonesia,Jakarta,0.0052340046965846
2022,Indonesia,Jambi,0.0066647763154949
2022,Indonesia,Lampung,0.0127056906025274
2022,Indonesia,Maluku,0.0209797296127295
2022,Indonesia,North Kalimantan,0.0242124707204652
2022,Indonesia,North Maluku,0.033309630914409
2022,Indonesia,North Sulawesi,0.0078784063785019
2022,Indonesia,North Sumatera,0.0208497665412601
2022,Indonesia,Papua,0.0828609950939976
2022,Indonesia,Riau,0.0089872842770438
2022,Indonesia,Riau Islands,0.0051792390335349
2022,Indonesia,South Kalimantan,0.0186213513986652
2022,Indonesia,South Sulawesi,0.0109214555171935
2022,Indonesia,South Sumatera,0.0151628775021257
2022,Indonesia,Southeast Sulawesi,0.0208648812450731
2022,Indonesia,West Java,0.0088549879832325
2022,Indonesia,West Kalimantan,0.0210305215544719
2022,Indonesia,West Nusa Tenggara,0.0167827416888485
2022,Indonesia,West Papua,0.0414269079336103
2022,Indonesia,West Sulawesi,0.0280555806496793
2022,Indonesia,West Sumatera,0.0124439167298122
2022,Indonesia,Yogyakarta,0.0081146814773727
2022,Iraq,Al-Anbar,0.0359987578486941
2022,Iraq,Al-Muthanna,0.0510629405229066
2022,Iraq,Al-Najaf,0.0485918859802776
2022,Iraq,Al-Qadissiyah,0.0301029717454744
2022,Iraq,Babil,0.0354816702009306
2022,Iraq,Baghdad,0.0268550955674434
2022,Iraq,Basra,0.0536091049804966
2022,Iraq,Diyala,0.0139402725196041
2022,Iraq,Dohuk,0.0197426534979803
2022,Iraq,Erbil,0.0122976412015198
2022,Iraq,Karbala,0.038046814983031
2022,Iraq,Kirkuk,0.0216954460366335
2022,Iraq,Missan,0.0659855739437146
2022,Iraq,Ninewa,0.0421866337114942
2022,Iraq,Salahaddin,0.0188958074573244
2022,Iraq,Suleimaniya,0.0082902047888055
2022,Iraq,Thi-Qar,0.0424490772049862
2022,Iraq,Wasit,0.0339315322887523
2022,Jamaica,Clarendon,0.0089224026504965
2022,Jamaica,Hanover,0.0039121039440757
2022,Jamaica,Kingston,0.0092340088493077
2022,Jamaica,Manchester,0.0079860746536054
2022,Jamaica,Portland,0.0171135204665336
2022,Jamaica,St. Andrew,0.0069056101249394
2022,Jamaica,St. Ann,0.0186791811603789
2022,Jamaica,St. Catherine,0.0121221460376335
2022,Jamaica,St. Elizabeth,0.0066968507828177
2022,Jamaica,St. James,0.0106309975452643
2022,Jamaica,St. Mary,0.0236342235162742
2022,Jamaica,St. Thomas,0.0142307574741803
2022,Jamaica,Trelawny,0.0178371338124857
2022,Jamaica,Westmoreland,0.0087746398966349
2022,Jordan,Aljoun,0.001603713055471
2022,Jordan,Amman,0.0010703844824839
2022,Jordan,Aqaba,0.0002357477386603
2022,Jordan,Balqa,0.0021530818967281
2022,Jordan,Irbid,0.001771520763279
2022,Jordan,Jerash,0.0020431012913619
2022,Jordan,Karak,0.0004106779709873
2022,Jordan,Ma'an,0.0061267527037649
2022,Jordan,Madaba,0.0024343797250999
2022,Jordan,Mafraq,0.0031236270843461
2022,Jordan,Tafilah,0.0005446440681306
2022,Jordan,Zarqa,0.0014073117756656
2022,Kazakhstan,Akmola,0.0002944604150443
2022,Kazakhstan,Aktobe,0.0026181421822007
2022,Kazakhstan,Almaty City,0.0005722090479411
2022,Kazakhstan,Almaty Oblast,0.0019111729283641
2022,Kazakhstan,Astana City,0.0
2022,Kazakhstan,Atyrau,0.0039301680045255
2022,Kazakhstan,East Kazakhstan,0.0
2022,Kazakhstan,Karaganda,0.0
2022,Kazakhstan,Kostanai,0.0001648870722846
2022,Kazakhstan,Kyzylorda,0.0037130886052321
2022,Kazakhstan,Mangistau,0.0009325648971113
2022,Kazakhstan,North Kazakhstan,0.0001989275919157
2022,Kazakhstan,Pavlodar,0.0013241305197881
2022,Kazakhstan,South Kasakhstan,0.0043551177176231
2022,Kazakhstan,West Kazakhstan,0.0
2022,Kazakhstan,Zhambyl,0.0017714372549864
2022,Kenya,Central,0.0735467000881763
2022,Kenya,Coast,0.2122910553040841
2022,Kenya,Eastern,0.1780859862934665
2022,Kenya,Nairobi,0.0280952518945357
2022,Kenya,North Eastern,0.4840887034359115
2022,Kenya,Nyanza,0.1649072434581774
2022,Kenya,Rift Valley,0.20570711404857
2022,Kenya,Western,0.1766169816634099
2022,Kiribati,Central Gilbert,0.1178417742470099
2022,Kiribati,Line And Phoenix Group,0.1151080838182392
2022,Kiribati,Northern Gilbert,0.130650335374817
2022,Kiribati,South Tarawa,0.0477103929959414
2022,Kiribati,Southern Gilbert,0.1041270846527952
2022,Kyrgyzstan,Batken,0.0017473192746375
2022,Kyrgyzstan,Bishkek,0.0
2022,Kyrgyzstan,Chui,0.0
2022,Kyrgyzstan,Issyk-Kul,0.0016381540685878
2022,Kyrgyzstan,Jalal-Abad,0.0024062413907004
2022,Kyrgyzstan,Naryn,0.0
2022,Kyrgyzstan,Osh,0.0030461287546804
2022,Kyrgyzstan,Osh City,0.0008516619037945
2022,Kyrgyzstan,Talas,0.0019205328078202
2022,Lao PDR,Attapeu,0.1151253071031016
2022,Lao PDR,Bokeo,0.1239018814909132
2022,Lao PDR,Borikhamxay,0.0475597330804085
2022,Lao PDR,Champasack,0.0849003369858637
2022,Lao PDR,Houaphan,0.1238941827986067
2022,Lao PDR,Khammuane,0.1135370089812777
2022,Lao PDR,Luang Namtha,0.1057510662909534
2022,Lao PDR,Luang Prabang,0.1371160174293843
2022,Lao PDR,Oudomxay,0.1387181526064865
2022,Lao PDR,Phongsaly,0.16562760789877
2022,Lao PDR,Saravane,0.2370773741912589
2022,Lao PDR,Savannakhet,0.1748524673438575
2022,Lao PDR,Sekong,0.1755683720569785
2022,Lao PDR,Vientiane,0.0666054623916043
2022,Lao PDR,Vientiane Capital,0.0081439385453285
2022,Lao PDR,Xaignabouri,0.0429953220698709
2022,Lao PDR,Xaisomboun ,0.1068353782488307
2022,Lao PDR,Xiangkhouang,0.0613667693090079
2022,Lesotho,Foothills,0.1544967653798338
2022,Lesotho,Lowlands,0.0408620381212661
2022,Lesotho,Mountains,0.1847796958712478
2022,Lesotho,Senqu River Valley,0.1162578537997075
2022,Liberia,Bomi,0.3041567819979963
2022,Liberia,Bong,0.3708250510786592
2022,Liberia,Gbarpolu,0.3955725273922619
2022,Liberia,Grand Bassa,0.3908408921553291
2022,Liberia,Grand Cape Mount,0.360756620363856
2022,Liberia,Grand Gedeh,0.2972645568601683
2022,Liberia,Grand Kru,0.3356510183753181
2022,Liberia,Lofa,0.3180076335799041
2022,Liberia,Margibi,0.2546060450631102
2022,Liberia,Maryland,0.2823623003448181
2022,Liberia,Montserrado,0.1222556788435157
2022,Liberia,Nimba,0.3262240931904134
2022,Liberia,River Cess,0.415249978689273
2022,Liberia,River Gee,0.2801505134658622
2022,Liberia,Sinoe,0.2666470817276507
2022,Libya,Ajdabya,0.0129186311604908
2022,Libya,Ben-Ghazi,0.0030865430990162
2022,Libya,Derna,0.0094090726907746
2022,Libya,El-Jabal El-Akhdar,0.0152820386186954
2022,Libya,El-Jabal El-Gharbi,0.0056641299966493
2022,Libya,El-Marj,0.0066382634721382
2022,Libya,El-Merqab,0.008458591297967
2022,Libya,El-Wahat/El-Kufra,0.0040382269137778
2022,Libya,El-Zawya,0.0019804656579604
2022,Libya,Jfara,0.0027232901363624
2022,Libya,Murzuk,0.0035307239752762
2022,Libya,Musrata,0.0044036900143891
2022,Libya,Nalut,0.0032967039766512
2022,Libya,Qasr Ben-Ghesheer,0.0048497419999021
2022,Libya,Sebha/El-Shate,0.0067381978848683
2022,Libya,Sert/Jafra,0.00579069335981
2022,Libya,Tarhuna,0.0034682531498756
2022,Libya,Tripoli,0.0141448904554681
2022,Libya,Tubruk,0.009184473760712
2022,Libya,Wadi El-Hayat,0.0151526022279565
2022,Libya,Zwara,0.0029980877004225
2022,Madagascar,Alaotra Mangoro,0.3413382610338481
2022,Madagascar,Amoron'i Mania,0.4232011028606291
2022,Madagascar,Analamanga,0.1796052443675871
2022,Madagascar,Analanjirofo,0.2777066332035313
2022,Madagascar,Androy,0.5599063647108166
2022,Madagascar,Anosy,0.5187108126569864
2022,Madagascar,Atsimo Andrefana,0.5518961347411402
2022,Madagascar,Atsimo Atsinanana,0.5362424756985441
2022,Madagascar,Atsinanana,0.3488725198997669
2022,Madagascar,Betsiboka,0.4350516726065309
2022,Madagascar,Boeny,0.4011357756782927
2022,Madagascar,Bongolava,0.4345323740068885
2022,Madagascar,Diana,0.2556533081946535
2022,Madagascar,Haute Matsiatra,0.4087504583415612
2022,Madagascar,Ihorombe,0.4802146411982262
2022,Madagascar,Itasy,0.3756851267824791
2022,Madagascar,Melaky,0.4874740354494377
2022,Madagascar,Menabe,0.4718830271196148
2022,Madagascar,Sava,0.2594960640599332
2022,Madagascar,Sofia,0.3164905038774176
2022,Madagascar,Vakinankaratra,0.3826987133222852
2022,Madagascar,Vatovavy Fitovinany,0.5119509898543874
2022,Malawi,Balaka,0.2391080992252244
2022,Malawi,Blantyre,0.1137067663963866
2022,Malawi,Chikwawa,0.2152026090356788
2022,Malawi,Chiradzulu,0.1948087051761981
2022,Malawi,Chitipa,0.1346767241954198
2022,Malawi,Dedza,0.3181564675932331
2022,Malawi,Dowa,0.2411052859468312
2022,Malawi,Karonga,0.14311188666661
2022,Malawi,Kasungu,0.1886743015691452
2022,Malawi,Likoma,0.0856605214691323
2022,Malawi,Lilongwe,0.2305725810515384
2022,Malawi,Machinga,0.2887135461606787
2022,Malawi,Mangochi,0.3778532250889356
2022,Malawi,Mchinji,0.2771887191848482
2022,Malawi,Mulange,0.2045810979210245
2022,Malawi,Mwanza,0.2658683311792537
2022,Malawi,Mzimba,0.1547549322270797
2022,Malawi,Neno,0.236972347857376
2022,Malawi,Nkhata Bay,0.1714591584412081
2022,Malawi,Nkhotakota,0.2433900081044745
2022,Malawi,Nsanje,0.269800518681296
2022,Malawi,Ntcheu,0.2262277381300234
2022,Malawi,Ntchisi,0.2388818611802484
2022,Malawi,Phalombe,0.2425735742127438
2022,Malawi,Rumphi,0.1053247325869882
2022,Malawi,Salima,0.2612414754365123
2022,Malawi,Thyolo,0.2697754934773359
2022,Malawi,Zomba,0.206849979276619
2022,Mali,Bamako,0.1103048677977113
2022,Mali,Gao,0.4726270416715442
2022,Mali,Kayes,0.4206639620691331
2022,Mali,Kidal,0.4759619638549731
2022,Mali,Koulikoro,0.3526717720563717
2022,Mali,Mopti,0.4957622913446971
2022,Mali,Ségou,0.4236288655901772
2022,Mali,Sikasso,0.4163965513263392
2022,Mali,Timbuktu,0.5354549479289588
2022,Mauritania,Adrar,0.1913293131926616
2022,Mauritania,Assaba,0.4329060110814783
2022,Mauritania,Brakna,0.3342703204881176
2022,Mauritania,Dakhlet Nouadhibou,0.0468378661016624
2022,Mauritania,Gorgol,0.4762154489412361
2022,Mauritania,Guidimaka,0.5252188899393445
2022,Mauritania,Hosh ech Chargui,0.5233325522189112
2022,Mauritania,Hosh el Gharbi,0.4819411683227595
2022,Mauritania,Nouakchott Nord,0.0917998259193934
2022,Mauritania,Nouakchott Ouest,0.0774716994201087
2022,Mauritania,Nouakchott Sud,0.0995710578922055
2022,Mauritania,Tagant,0.3707985541727154
2022,Mauritania,Tiris Zemmour & Inchiri,0.0721634246027336
2022,Mauritania,Trarza,0.2268554132092349
2022,Moldova,Center,0.0037953127634815
2022,Moldova,Chisinau,0.0001832774287466
2022,Moldova,North,0.0059474516760508
2022,Moldova,South,0.0022727253339693
2022,Mongolia,Central,0.0185130875229727
2022,Mongolia,Eastern,0.0256252987805539
2022,Mongolia,Khangai,0.0496809506761639
2022,Mongolia,Ulaanbaatar,0.0086114531830282
2022,Mongolia,Western,0.0853926834977924
2022,Morocco,Béni Mellal-Khénifra,0.0702073347380016
2022,Morocco,Drâa-Tafilalet,0.0402564906593512
2022,Morocco,Ed Dakhla-Oued ed Dahab,0.0164995325165791
2022,Morocco,Fès-Meknès,0.0233773352287608
2022,Morocco,Guelmim-Oued Noun,0.0168623028641578
2022,Morocco,Laâyoune-Sakia El Hamra,0.0101324420099471
2022,Morocco,Marrakech-Safi,0.0386900903908339
2022,Morocco,Marrakech-Tensift-El Haouz,0.0138574111650959
2022,Morocco,Oriental,0.0420004848490287
2022,Morocco,Rabat-Salé-Kénitra,0.013575487618677
2022,Morocco,Souss-Massa,0.0299792130050608
2022,Morocco,Tanger-Tetouan-Al Hoceima,0.0138517121662293
2022,Mozambique,Cabo Delgado,0.5403912889818974
2022,Mozambique,Gaza,0.3551919291539498
2022,Mozambique,Inhambane,0.3663779910063822
2022,Mozambique,Manica,0.3349061932800851
2022,Mozambique,Maputo,0.1471038221394494
2022,Mozambique,Maputo City,0.0433880371675292
2022,Mozambique,Nampula,0.4556810970790474
2022,Mozambique,Niassa,0.4810002254675372
2022,Mozambique,Sofala,0.4061371001813363
2022,Mozambique,Tete,0.4816982646168326
2022,Mozambique,Zambezia,0.5358325401214464
2022,Myanmar,Ayeyarwaddy,0.2371169220300247
2022,Myanmar,Bago,0.1778934187351913
2022,Myanmar,Chin,0.1849489261910936
2022,Myanmar,Kachin,0.1210889864023325
2022,Myanmar,Kayah,0.1294365831865204
2022,Myanmar,Kayin,0.2300825677031221
2022,Myanmar,Magway,0.1774225027512089
2022,Myanmar,Mandalay,0.1366057860067486
2022,Myanmar,Mon,0.1507572186300505
2022,Myanmar,Naypyitaw,0.1459785544110494
2022,Myanmar,Rakhine,0.3018989131069977
2022,Myanmar,Sagaing,0.1574089971553656
2022,Myanmar,Shan,0.2343387785891677
2022,Myanmar,Taninthayi,0.1876667560305747
2022,Myanmar,Yangon,0.06767283283178
2022,Namibia,Erongo,0.0432209122813191
2022,Namibia,Hardap,0.0823071944735708
2022,Namibia,Karas,0.1031414757511206
2022,Namibia,Kavango,0.3411654675014267
2022,Namibia,Khomas,0.043794331573603
2022,Namibia,Kunene,0.2588208054636525
2022,Namibia,Ohangwena,0.3507836735708956
2022,Namibia,Omaheke,0.2234998008050109
2022,Namibia,Omusati,0.2526759259589854
2022,Namibia,Oshana,0.134812174009784
2022,Namibia,Oshikoto,0.2167780609126285
2022,Namibia,Otjozondjupa,0.1112150240538368
2022,Namibia,Zambezi,0.1967093886116512
2022,Nepal,Bagmati,0.0284799827477147
2022,Nepal,Gandaki,0.0352206269485131
2022,Nepal,Karnali,0.1694525701090544
2022,Nepal,Lumbini,0.0787055244148093
2022,Nepal,Province 1,0.0664609638399803
2022,Nepal,Province 2,0.1090823375077868
2022,Nepal,Sudurpashchim,0.1046761832481424
2022,Nicaragua,Boaco,0.1250637765638163
2022,Nicaragua,Carazo,0.0207879714661313
2022,Nicaragua,Chinandega,0.0381642742701866
2022,Nicaragua,Chontales,0.0792322348629892
2022,Nicaragua,Esteli,0.0409135032240925
2022,Nicaragua,Granada,0.0339727933860332
2022,Nicaragua,Jinotega,0.2102411252777842
2022,Nicaragua,Leon,0.0386674361113171
2022,Nicaragua,Madriz,0.1136177471419337
2022,Nicaragua,Managua,0.016464231252892
2022,Nicaragua,Masaya,0.0192459594261556
2022,Nicaragua,Matagalpa,0.1025394145611098
2022,Nicaragua,Nueva Segovia,0.1229148557353032
2022,Nicaragua,Raan,0.1722325714324586
2022,Nicaragua,Raas,0.1503366723748428
2022,Nicaragua,Rio San Juan,0.1313314483437233
2022,Nicaragua,Rivas,0.0296245500799908
2022,Niger,Agadez,0.4130614498004991
2022,Niger,Diffa,0.5769456296314428
2022,Niger,Dosso,0.6247741709848589
2022,Niger,Maradi,0.6512354621057604
2022,Niger,Niamey,0.2311031796631815
2022,Niger,Tahoua,0.631897787303521
2022,Niger,Tillaberi,0.612739084431438
2022,Niger,Zinder,0.6298011570234164
2022,Nigeria,Abia,0.0354751048777493
2022,Nigeria,Adamawa,0.3328655943254825
2022,Nigeria,Akwa Ibom,0.085492144963194
2022,Nigeria,Anambra,0.0346618455148759
2022,Nigeria,Bauchi,0.4512902477669138
2022,Nigeria,Bayelsa,0.1174231844454305
2022,Nigeria,Benue,0.1679149994106595
2022,Nigeria,Borno,0.3424132419117744
2022,Nigeria,Cross River,0.1202258971931967
2022,Nigeria,Delta,0.0765903954527404
2022,Nigeria,Ebonyi,0.1935728933867638
2022,Nigeria,Edo,0.0899558799216462
2022,Nigeria,Ekiti,0.0868948341272731
2022,Nigeria,Enugu,0.087161145320293
2022,Nigeria,FCT,0.1190858152492486
2022,Nigeria,Gombe,0.4849802565818807
2022,Nigeria,Imo,0.0489842662154618
2022,Nigeria,Jigawa,0.4930104787889953
2022,Nigeria,Kaduna,0.3080619090223263
2022,Nigeria,Kano,0.3688091738951987
2022,Nigeria,Katsina,0.3979621615201567
2022,Nigeria,Kebbi,0.5852675688233584
2022,Nigeria,Kogi,0.1480691016120341
2022,Nigeria,Kwara,0.2096845457622996
2022,Nigeria,Lagos,0.0161391229059487
2022,Nigeria,Nasarawa,0.1606944336170081
2022,Nigeria,Niger,0.3784372273581796
2022,Nigeria,Ogun,0.0489702196259495
2022,Nigeria,Ondo,0.0868169408756189
2022,Nigeria,Osun,0.0847573236547303
2022,Nigeria,Oyo,0.0847435253543636
2022,Nigeria,Plateau,0.2554148831284715
2022,Nigeria,Rivers,0.0563489429027215
2022,Nigeria,Sokoto,0.554779097512083
2022,Nigeria,Taraba,0.3687194560401759
2022,Nigeria,Yobe,0.5399882096657966
2022,Nigeria,Zamfara,0.4763715334461213
2022,North Macedonia,East,0.0011471985135645
2022,North Macedonia,Northeast,0.0003556868360943
2022,North Macedonia,Pelagonia,0.0
2022,North Macedonia,Polog,0.0006444690438979
2022,North Macedonia,Skopje,0.0018408980820507
2022,North Macedonia,Southeast,0.0082492960885795
2022,North Macedonia,Southwest,0.0
2022,North Macedonia,Vardar,0.0003567956977631
2022,Pakistan,Balochistan,0.3535900096583637
2022,Pakistan,Federally Administered Tribal Areas (FATA),0.3831498356261086
2022,Pakistan,Islamabad (ICT),0.0463819325170828
2022,Pakistan,Khyber Pakhtunkhwa,0.2579402862315264
2022,Pakistan,Punjab,0.1234140357623264
2022,Pakistan,Sindh,0.2740408736113715
2022,"Palestine, State of",Gaza Strip,0.0019337960595381
2022,"Palestine, State of",West Bank,0.0020128956042767
2022,Papua New Guinea,Autonomous Region of Bougainville,0.202505918698077
2022,Papua New Guinea,Central,0.2132663824250158
2022,Papua New Guinea,Chimbu,0.2348393507927755
2022,Papua New Guinea,East New Britain,0.1740370660588952
2022,Papua New Guinea,East Sepik,0.2909486843489212
2022,Papua New Guinea,Eastern Highlands,0.2643047300905666
2022,Papua New Guinea,Enga,0.3426400910445269
2022,Papua New Guinea,Gulf,0.3512590582849268
2022,Papua New Guinea,Hela,0.451257126570166
2022,Papua New Guinea,Jiwaka,0.2546092632852522
2022,Papua New Guinea,Madang,0.2987669309145114
2022,Papua New Guinea,Manus,0.1058052998055587
2022,Papua New Guinea,Milne Bay,0.227511338004112
2022,Papua New Guinea,Morobe,0.2028748639211145
2022,Papua New Guinea,National Capital District,0.0180709650923894
2022,Papua New Guinea,New Ireland,0.1882863219771862
2022,Papua New Guinea,Northern (Oro),0.3097756128938681
2022,Papua New Guinea,Southern Highlands,0.3871371135895558
2022,Papua New Guinea,West New Britain,0.2217987988763975
2022,Papua New Guinea,West Sepik (Sandaun),0.3571058031142288
2022,Papua New Guinea,Western,0.2496104436287145
2022,Papua New Guinea,Western Highlands,0.209567620593763
2022,Paraguay,Alto Paraguay,0.0634076257170159
2022,Paraguay,Alto Paraná,0.0131205477568207
2022,Paraguay,Asunción,0.0007704893530744
2022,Paraguay,Boquerón,0.0797363659625272
2022,Paraguay,Caaguazú,0.0195560856282249
2022,Paraguay,Central,0.0021022052562019
2022,Paraguay,Itapúa,0.0286712766863219
2022,Paraguay,Resto,0.0353261241177811
2022,Paraguay,San Pedro,0.0266793845192039
2022,Peru,Amazonas,0.0773570303092311
2022,Peru,Ancash,0.0410968309909908
2022,Peru,Apurimac,0.0550352298916116
2022,Peru,Arequipa,0.0059496705147068
2022,Peru,Ayacucho,0.0449732329959719
2022,Peru,Cajamarca,0.0817850566802149
2022,Peru,Callao,0.0008113202755978
2022,Peru,Cusco,0.0357618026803264
2022,Peru,Huancavelica,0.0835058398706898
2022,Peru,Huanuco,0.0712145225584111
2022,Peru,Ica,0.0079266725079659
2022,Peru,Junin,0.0366543029374493
2022,Peru,La Libertad,0.0352509436225885
2022,Peru,Lambayeque,0.0167011021065126
2022,Peru,Lima,0.0041321742305332
2022,Peru,Loreto,0.1263208605797531
2022,Peru,Madre de Dios,0.0315009186263402
2022,Peru,Moquegua,0.0062033084788469
2022,Peru,Pasco,0.0493800230670551
2022,Peru,Piura,0.0319603962059547
2022,Peru,Puno,0.0587855722155853
2022,Peru,San Martin,0.0481916260266842
2022,Peru,Tacna,0.0039812623955028
2022,Peru,Tumbes,0.0144537783871458
2022,Peru,Ucayali,0.0496581674768699
2022,Philippines,Armm,0.1008619418555954
2022,Philippines,Bicol,0.0263679658625978
2022,Philippines,Cagayan Valley,0.0144309140711238
2022,Philippines,Calabarzon,0.0150919755276059
2022,Philippines,Caraga,0.0281305340473976
2022,Philippines,Central Luzon,0.0083898962825838
2022,Philippines,Central Visayas,0.0216553894069629
2022,Philippines,Cordillera Admin,0.0078847984476128
2022,Philippines,Davao,0.0291745568633224
2022,Philippines,Eastern Visayas,0.0241248723877715
2022,Philippines,Ilocos,0.0119370651857806
2022,Philippines,Mimaropa,0.0438740471096257
2022,Philippines,National Capital,0.0042093297541044
2022,Philippines,Northern Mindanao,0.032941152726749
2022,Philippines,Soccsksargen,0.0610377639972048
2022,Philippines,Western Visayas,0.0370716622613474
2022,Philippines,Zamboanga Peninsula,0.0493943966787381
2022,Rwanda,East,0.2316359173304881
2022,Rwanda,Kigali City,0.0997558752524087
2022,Rwanda,North,0.263504399758116
2022,Rwanda,South,0.250546866215234
2022,Rwanda,West,0.2637163545224835
2022,Samoa,Apia Urban Area,0.0145906143310286
2022,Samoa,North West Upolu,0.0348636613114954
2022,Samoa,Rest of Upolu,0.0232427901310563
2022,Samoa,Savaii,0.0181710662435707
2022,Sao Tome and Principe,Distrito de Água Grande,0.0348673992039125
2022,Sao Tome and Principe,Distrito de Mé-Zóchi,0.0394517087639548
2022,Sao Tome and Principe,Região Autónoma do Príncipe,0.0477594983187615
2022,Sao Tome and Principe,Região Norte Oeste,0.0615766631983803
2022,Sao Tome and Principe,Região Sul Oeste,0.0713646790175743
2022,Senegal,Dakar,0.083712300782273
2022,Senegal,Diourbel,0.3603713523665793
2022,Senegal,Fatick,0.2834562270168672
2022,Senegal,Kaffrine,0.5020927802634061
2022,Senegal,Kaolack,0.3033455188454917
2022,Senegal,Kédougou,0.2871582494040308
2022,Senegal,Kolda,0.411287149694963
2022,Senegal,Louga,0.2996761025174473
2022,Senegal,Matam,0.3589148060190433
2022,Senegal,Saint-Louis,0.2733946257070988
2022,Senegal,Sédhiou,0.3884280079777713
2022,Senegal,Tambacounda,0.3626703364284824
2022,Senegal,Thiès,0.2020833219404577
2022,Senegal,Ziguinchor,0.1286752579941337
2022,Serbia,Belgrade,0.000151474059991
2022,Serbia,Southern & Eastern Serbia,0.0002743448537922
2022,Serbia,Sumadija & Western Serbia,0.0009527690609643
2022,Serbia,Vojvodina,0.0002376200604567
2022,Sierra Leone,Bo,0.2894674673884056
2022,Sierra Leone,Bombali,0.2904334802888185
2022,Sierra Leone,Bonthe,0.3746648745116537
2022,Sierra Leone,Falaba,0.4620015167192364
2022,Sierra Leone,Kailahun,0.3185383816520891
2022,Sierra Leone,Kambia,0.3550802550368621
2022,Sierra Leone,Karene,0.4042946450889308
2022,Sierra Leone,Kenema,0.316572222813587
2022,Sierra Leone,Koinadugu,0.3085879040144935
2022,Sierra Leone,Kono,0.2852897197289727
2022,Sierra Leone,Moyamba,0.3884797609818861
2022,Sierra Leone,Port Loko,0.3495647007204467
2022,Sierra Leone,Pujehun,0.42257586981796
2022,Sierra Leone,Tonkolili,0.3706390375219022
2022,Sierra Leone,Western Area Rural,0.1742208859815097
2022,Sierra Leone,Western Area Urban,0.0791683734072819
2022,Sri Lanka,Central,0.0190562423575101
2022,Sri Lanka,Eastern,0.0143345256689566
2022,Sri Lanka,North-Central,0.0108826828324728
2022,Sri Lanka,Northern,0.0110999256640438
2022,Sri Lanka,North-Western,0.0102211798241415
2022,Sri Lanka,Sabaragamuwa,0.0173514663801189
2022,Sri Lanka,Southern,0.0081212076925171
2022,Sri Lanka,Uva,0.0215119599886031
2022,Sri Lanka,Western,0.0036888103801409
2022,Sudan,Al Jazirah,0.1670911756612068
2022,Sudan,Al Qadarif,0.3875247589224718
2022,Sudan,Blue Nile,0.3711715625952601
2022,Sudan,Central Darfur,0.491722010662763
2022,Sudan,East Darfur,0.4500973112655963
2022,Sudan,Kassala,0.3606322667023314
2022,Sudan,Khartoum,0.0710775260266949
2022,Sudan,North Darfur,0.4436644783973188
2022,Sudan,North Kurdufan,0.3341474262152359
2022,Sudan,Northern,0.0337798744212557
2022,Sudan,Red Sea,0.2274283998038116
2022,Sudan,River Nile,0.0863337113100413
2022,Sudan,Sinnar,0.270816336363588
2022,Sudan,South Darfur,0.3991369204758993
2022,Sudan,South Kurdufan,0.4068936608886699
2022,Sudan,West Darfur,0.4522922335367859
2022,Sudan,West Kurdufan,0.4684299141854739
2022,Sudan,White Nile,0.2568673977576534
2022,Suriname,Brokopondo,0.0198077182790745
2022,Suriname,Commewijne,0.0047425858044183
2022,Suriname,Coronie,0.0
2022,Suriname,Marowijne,0.0173159668913824
2022,Suriname,Nickerie,0.002413967672957
2022,Suriname,Para,0.0280551424245345
2022,Suriname,Paramaribo,0.005243758536068
2022,Suriname,Saramacca,0.0088357218790218
2022,Suriname,Sipaliwini,0.1237426451576963
2022,Suriname,Wanica,0.0019505409253683
2022,Tajikistan,DRS,0.0242945269707601
2022,Tajikistan,Dushanbe,0.008496766575373
2022,Tajikistan,Gbao,0.0242893421511226
2022,Tajikistan,Khatlon,0.0417499486120752
2022,Tajikistan,Sughd,0.0226698212174075
2022,Tanzania,Central,0.3316834229729798
2022,Tanzania,Eastern,0.1406053885803653
2022,Tanzania,Lake,0.3464769795775459
2022,Tanzania,Northern,0.2012241476090789
2022,Tanzania,South West,0.3184639222160798
2022,Tanzania,Southern,0.2876043066387423
2022,Tanzania,Southern Highlands,0.2356620396349306
2022,Tanzania,Western,0.389871658721636
2022,Tanzania,Zanzibar,0.1315935686426068
2022,Thailand,Bangkok,0.0004880877001546
2022,Thailand,Central,0.0017361508634579
2022,Thailand,North,0.0038052703608251
2022,Thailand,Northeast,0.0019671797964702
2022,Thailand,South,0.0026518053570568
2022,Timor-Leste,Aileu,0.2386953586961835
2022,Timor-Leste,Ainaro,0.3253788146887428
2022,Timor-Leste,Baucau,0.2138489182986204
2022,Timor-Leste,Bobonaro,0.2551872222704645
2022,Timor-Leste,Cova Lima,0.2419170603039921
2022,Timor-Leste,Dili,0.094245525264488
2022,Timor-Leste,Ermera,0.3335190755748038
2022,Timor-Leste,Lautem,0.1838903548505295
2022,Timor-Leste,Liquica,0.238018052527581
2022,Timor-Leste,Manatuto,0.2186235209814119
2022,Timor-Leste,Manufahi,0.2237245148087338
2022,Timor-Leste,Oecussi,0.3374377666135073
2022,Timor-Leste,Viqueque,0.2185089056058242
2022,Togo,Centrale,0.1911524175597573
2022,Togo,Golfe Urbain,0.036054924209449
2022,Togo,Kara,0.2655698547046539
2022,Togo,Lomé Commune,0.0402316672972077
2022,Togo,Maritime,0.1782194393325969
2022,Togo,Plateaux,0.1909168888648199
2022,Togo,Savanes,0.3335048530530141
2022,Tonga,Eua,0.005467943267228
2022,Tonga,Ha'apai,0.0085193455434141
2022,Tonga,Ongo Niua,0.012048965065398
2022,Tonga,Tongatapu,0.0025673871500253
2022,Tonga,Vava'u,0.0029460631047714
2022,Trinidad and Tobago,Central,0.0017552359029926
2022,Trinidad and Tobago,East,0.0055628010795784
2022,Trinidad and Tobago,North West,0.0014898106297067
2022,Trinidad and Tobago,South West,0.0034230774174886
2022,Trinidad and Tobago,Tobago,0.0009451007149166
2022,Tunisia,Centre Est,0.0032457673855712
2022,Tunisia,Centre Ouest,0.0080293225129963
2022,Tunisia,District Tunis,0.0003898221887077
2022,Tunisia,Nord Est,0.001517786341536
2022,Tunisia,Nord Ouest,0.0043711317826125
2022,Tunisia,Sud Est,0.0011068430122052
2022,Tunisia,Sud Ouest,0.0036534344264679
2022,Turkmenistan,Ahal,0.0029990936181097
2022,Turkmenistan,Ashgabat,0.0010255516933354
2022,Turkmenistan,Balkan,0.0006035375844692
2022,Turkmenistan,Dashoguz,0.0
2022,Turkmenistan,Lebap,0.0009874939902815
2022,Turkmenistan,Mary,0.0002296315879209
2022,Uganda,Acholi,0.358793478261932
2022,Uganda,Ankole,0.2809893386111586
2022,Uganda,Bugisu,0.297127792474906
2022,Uganda,Bukedi,0.3029260571952104
2022,Uganda,Bunyoro,0.3478834837667565
2022,Uganda,Busoga,0.2538684331708591
2022,Uganda,Kampala,0.0307412982348789
2022,Uganda,Karamoja,0.6288812306044881
2022,Uganda,Kigezi,0.2668827402677869
2022,Uganda,Lango,0.3513057234432174
2022,Uganda,North Buganda,0.2110493003122378
2022,Uganda,South Buganda,0.1529849911461303
2022,Uganda,Teso,0.3195390645127341
2022,Uganda,Tooro,0.3059791512846325
2022,Uganda,West Nile,0.4116677923722086
2022,Ukraine,Center,0.0008462084886636
2022,Ukraine,East,0.0008071859285901
2022,Ukraine,North,0.0006476748098281
2022,Ukraine,South,0.0005920735552869
2022,Ukraine,West,0.0011715887311576
2022,Viet Nam,Central Highlands,0.0259657375501501
2022,Viet Nam,Mekong River Delta,0.0077798488418308
2022,Viet Nam,North Central & Central Coast,0.0033213352924266
2022,Viet Nam,Northern Uplands,0.0262424524792068
2022,Viet Nam,Red River Delta,0.0009506977941181
2022,Viet Nam,Southeast,0.0029381747344679
2022,Yemen,Abyan,0.1445686330817172
2022,Yemen,Aden,0.0674307617496783
2022,Yemen,Al-Baidha,0.2133259579104759
2022,Yemen,Aldhalae,0.2185503852007242
2022,Yemen,Al-Hodiedah,0.324534628640882
2022,Yemen,Al-Jawf,0.2935705216435333
2022,Yemen,Al-Mhrah,0.1113599137882517
2022,Yemen,Al-Mhweit,0.3504765530158923
2022,Yemen,Amran,0.3523823705273904
2022,Yemen,Dhamar,0.3302811474755395
2022,Yemen,Hadramout,0.1252041373292525
2022,Yemen,Hajjah,0.4583317149695372
2022,Yemen,Ibb,0.2274385886165604
2022,Yemen,Lahj,0.2091697872634998
2022,Yemen,Mareb,0.2208879063120104
2022,Yemen,Reimah,0.3925687529373441
2022,Yemen,Sadah,0.3031447975573401
2022,Yemen,Sanaa,0.2761797005190083
2022,Yemen,Sanaa City,0.046425692812026
2022,Yemen,Shabwah,0.1753701579143502
2022,Yemen,Taiz,0.2133268082821804
2022,Zambia,Central,0.2486141223388297
2022,Zambia,Copperbelt,0.1240374516860674
2022,Zambia,Eastern,0.3216799445358586
2022,Zambia,Luapula,0.3474417776822771
2022,Zambia,Lusaka,0.0850443477781945
2022,Zambia,Muchinga,0.2890748575108877
2022,Zambia,Northern,0.3294722822954826
2022,Zambia,North-Western,0.2531920513746994
2022,Zambia,Southern,0.2131727135176048
2022,Zambia,Western,0.339286515904383
2022,Zimbabwe,Bulawayo,0.0153449756384244
2022,Zimbabwe,Harare,0.0187693923042409
2022,Zimbabwe,Manicaland,0.1385696291016889
2022,Zimbabwe,Mashonaland Central,0.1530712960514446
2022,Zimbabwe,Mashonaland East,0.0999352182693455
2022,Zimbabwe,Mashonaland West,0.1204353121012291
2022,Zimbabwe,Masvingo,0.132369346963558
2022,Zimbabwe,Matabeleland North,0.1913336644300788
2022,Zimbabwe,Matabeleland South,0.1135814981680191
2022,Zimbabwe,Midlands,0.1300539367149733
2023,Afghanistan,Badakhshan,0.3264488122050642
2023,Afghanistan,Badghis,0.4263064668806399
2023,Afghanistan,Baghlan,0.2990560079916039
2023,Afghanistan,Balkh,0.228557646150365
2023,Afghanistan,Bamyan,0.255525338428531
2023,Afghanistan,Daykundi,0.280699264637042
2023,Afghanistan,Farah,0.3357503115376575
2023,Afghanistan,Faryab,0.19431292976269
2023,Afghanistan,Ghazni,0.2410840716454746
2023,Afghanistan,Ghor,0.2731410659602203
2023,Afghanistan,Helmand,0.3239866782722834
2023,Afghanistan,Herat,0.3087542744893512
2023,Afghanistan,Jawzjan,0.255065861161573
2023,Afghanistan,Kabul,0.0785656581560699
2023,Afghanistan,Kandahar,0.4279001971536566
2023,Afghanistan,Kapisa,0.2003440669169043
2023,Afghanistan,Khost,0.2950884881364134
2023,Afghanistan,Kunarha,0.308228098232689
2023,Afghanistan,Kunduz,0.3068357689299591
2023,Afghanistan,Laghman,0.3571728482459882
2023,Afghanistan,Logar,0.2162116693130178
2023,Afghanistan,Nangarhar,0.2663568871260174
2023,Afghanistan,Nimroz,0.2417026962608187
2023,Afghanistan,Nooristan,0.5552822202799296
2023,Afghanistan,Paktika,0.2247440296419894
2023,Afghanistan,Paktya,0.2612463619832631
2023,Afghanistan,Panjsher,0.1288879798822806
2023,Afghanistan,Parwan,0.2719736516747479
2023,Afghanistan,Samangan,0.3352262214414242
2023,Afghanistan,Sar-e-Pul,0.3471314377939888
2023,Afghanistan,Takhar,0.2940898141963436
2023,Afghanistan,Urozgan,0.5367594308445576
2023,Afghanistan,Wardak,0.3047778609635179
2023,Afghanistan,Zabul,0.1837893046912047
2023,Albania,Berat,0.0016438462003434
2023,Albania,Dibër,0.0074819459502361
2023,Albania,Durrës,0.0040892401989201
2023,Albania,Elbasan,0.0018708153111054
2023,Albania,Fier,0.0035516600111089
2023,Albania,Gjirokastër,0.0016423757946214
2023,Albania,Korçë,0.0002746177086545
2023,Albania,Kukes,0.0086888145950759
2023,Albania,Lezhë,0.0024105835221195
2023,Albania,Shkodër,0.002682706407069
2023,Albania,Tirane,0.0025415935401318
2023,Albania,Vlorë,0.0004861018104819
2023,Algeria,Hauts Plateaux-Centre,0.0192122833485715
2023,Algeria,Hauts Plateaux-Est,0.0038034845605433
2023,Algeria,Hauts Plateaux-Ouest,0.010036950480921
2023,Algeria,Nord-Centre,0.0028622755901281
2023,Algeria,Nord-Est,0.0027126658120796
2023,Algeria,Nord-Ouest,0.0044658942764251
2023,Algeria,Sud,0.0087306179310241
2023,Angola,Bengo,0.3324211514896014
2023,Angola,Benguela,0.3222648426983249
2023,Angola,Bié,0.4751389644917895
2023,Angola,Cabinda,0.1539982214622631
2023,Angola,Cuando Cubango,0.4197566681971739
2023,Angola,Cuanza Norte,0.3301435288905763
2023,Angola,Cuanza Sul,0.4597669172277965
2023,Angola,Cunene,0.4196989413955157
2023,Angola,Huambo,0.3759138723307349
2023,Angola,Huíla,0.4022075662895737
2023,Angola,Luanda,0.0743419606819074
2023,Angola,Lunda Norte,0.4315113750082425
2023,Angola,Lunda Sul,0.3549840554504073
2023,Angola,Malanje,0.3394090717157707
2023,Angola,Moxico,0.4248080042591962
2023,Angola,Namibe,0.2750002838088793
2023,Angola,Uíge,0.3914613170180238
2023,Angola,Zaire,0.2160558096280179
2023,Argentina,AMBA,0.0011301247451812
2023,Argentina,Cuyo,0.0019125724258503
2023,Argentina,NEA,0.0028598603528915
2023,Argentina,NOA,0.0026672271356129
2023,Argentina,Pampeana,0.0008549840587574
2023,Argentina,Patagónica,0.0009856849634647
2023,Bangladesh,Barishal,0.1253279011895154
2023,Bangladesh,Chattogram,0.1137960486647921
2023,Bangladesh,Dhaka,0.078994821248515
2023,Bangladesh,Khulna,0.0626957981162193
2023,Bangladesh,Mymensingh,0.1632923300152708
2023,Bangladesh,Rajshahi,0.0966006754939713
2023,Bangladesh,Rangpur,0.1051682163422867
2023,Bangladesh,Sylhet,0.1603030648646664
2023,Barbados,Christ Church & St. Philip,0.0089174636231418
2023,Barbados,St Michael,0.010772211358202
2023,Barbados,"St. James, St. George, & St.Thomas",0.0078157578548804
2023,Barbados,"St. Lucy, St. Peter, St. Andrew, St. Joseph, & St. John",0.0057031520456197
2023,Belize,Belize (ex. Belize City South Side),0.0033906852576389
2023,Belize,Belize City South Side,0.0022175017952749
2023,Belize,Cayo,0.0140687703086673
2023,Belize,Corozal,0.0086257158736317
2023,Belize,Orange Walk,0.0149355589406634
2023,Belize,Stann Creek,0.0171331276025568
2023,Belize,Toledo,0.0770107229118573
2023,Benin,Alibori,0.5516347916653577
2023,Benin,Atacora,0.4794725684139646
2023,Benin,Atlantique,0.2838891735402062
2023,Benin,Borgou,0.4662406172676348
2023,Benin,Collines,0.3050132366648616
2023,Benin,Couffo,0.3961686668524976
2023,Benin,Donga,0.3746069882153487
2023,Benin,Littoral,0.076006724380615
2023,Benin,Mono,0.2874750185433382
2023,Benin,Ouémé,0.2311338979947648
2023,Benin,Plateau,0.3955502864455527
2023,Benin,Zou,0.3105026432044224
2023,Bolivia,Beni,0.0407711417240621
2023,Bolivia,Chuquisaca,0.0938953995530628
2023,Bolivia,Cochabamba,0.0349456482347122
2023,Bolivia,La Paz,0.0292410249468401
2023,Bolivia,Oruro,0.0276120364353525
2023,Bolivia,Pando,0.0598010284674643
2023,Bolivia,Potosi,0.1060928561303071
2023,Bolivia,Santa Cruz,0.0200383641759322
2023,Bolivia,Tarija,0.0194270362302109
2023,Botswana,Barolong,0.0836548536463302
2023,Botswana,Central Bobonong,0.0761880588490601
2023,Botswana,Central Boteti,0.1300792249717886
2023,Botswana,Central Mahalapye,0.0989267397773095
2023,Botswana,Central Serowe,0.0991634999873772
2023,Botswana,Central Tutume,0.1344678385460169
2023,Botswana,Chobe,0.0429461417774678
2023,Botswana,Francistown,0.025329497431853
2023,Botswana,Gaborone,0.0042174931076806
2023,Botswana,Ghanzi,0.1920170910713728
2023,Botswana,Jwaneng,0.0
2023,Botswana,Kgalagadi North,0.0943086564001582
2023,Botswana,Kgalagadi South,0.1133810110183465
2023,Botswana,Kgatleng,0.031057692260248
2023,Botswana,Kweneng East,0.0409244000689929
2023,Botswana,Kweneng West,0.2064382109858987
2023,Botswana,Lobatse,0.0093978473655697
2023,Botswana,Ngamiland East,0.0563749570206185
2023,Botswana,Ngamiland West,0.1446165360203084
2023,Botswana,Ngwaketse,0.1003977983818742
2023,Botswana,Ngwaketse West,0.0989281647859591
2023,Botswana,North East,0.0953564140851302
2023,Botswana,Orapa,0.0
2023,Botswana,Selibe Phikwe,0.0285058745490852
2023,Botswana,South East,0.0213511201880593
2023,Botswana,Sowa Town,0.0126396341689177
2023,Brazil,Acre,0.0678992058225879
2023,Brazil,Alagoas,0.0315460247474732
2023,Brazil,Amapá,0.0268816738235108
2023,Brazil,Amazonas,0.0317918995014062
2023,Brazil,Bahia,0.0276990154313026
2023,Brazil,Ceará,0.0258278907076106
2023,Brazil,Distrito Federal,0.0030909352954438
2023,Brazil,Espírito Santo,0.0105237791817615
2023,Brazil,Goiás,0.0129101496987562
2023,Brazil,Maranhão,0.060373497750709
2023,Brazil,Mato Grosso,0.0181695238713151
2023,Brazil,Mato Grosso do Sul,0.013764225724612
2023,Brazil,Minas Gerais,0.0109362561538824
2023,Brazil,Pará,0.0439348921996234
2023,Brazil,Paraíba,0.0256722331520068
2023,Brazil,Paraná,0.0098864167166228
2023,Brazil,Pernambuco,0.0249089514035287
2023,Brazil,Piauí,0.0375354807272691
2023,Brazil,Rio de Janeiro,0.0031665388486853
2023,Brazil,Rio Grande do Norte,0.0203768458001392
2023,Brazil,Rio Grande do Sul,0.0100615433881864
2023,Brazil,Rondônia,0.0237822646521097
2023,Brazil,Roraima,0.0307251248913844
2023,Brazil,Santa Catarina,0.0115140410681338
2023,Brazil,São Paulo,0.0025220322917264
2023,Brazil,Sergipe,0.0284073524335401
2023,Brazil,Tocantins,0.0239300779474741
2023,Burundi,Bubanza,0.4415454674060593
2023,Burundi,Bujumbura Mairie,0.1136647058953909
2023,Burundi,Bujumbura Rural,0.3428548039974756
2023,Burundi,Bururi,0.2898306324237528
2023,Burundi,Cankuzo,0.4612318345507052
2023,Burundi,Cibitoke,0.4278914385232545
2023,Burundi,Gitega,0.3932327660305848
2023,Burundi,Karusi,0.4649342830160136
2023,Burundi,Kayanza,0.4171035367558941
2023,Burundi,Kirundo,0.542976462391295
2023,Burundi,Makamba,0.38366501928895
2023,Burundi,Muramvya,0.3670886589688132
2023,Burundi,Muyinga,0.5327369382500952
2023,Burundi,Mwaro,0.3320679035446345
2023,Burundi,Ngozi,0.4709125785932759
2023,Burundi,Rumonge,0.3838923864324053
2023,Burundi,Rutana,0.4068092692595361
2023,Burundi,Ruyigi,0.4622418811605603
2023,Cambodia,Banteay Meanchay,0.0411257986622819
2023,Cambodia,Battambang,0.046351232549275
2023,Cambodia,Kampong Cham,0.0926478908849333
2023,Cambodia,Kampong Chhnang,0.0903103794765975
2023,Cambodia,Kampong Speu,0.098696157417213
2023,Cambodia,Kampong Thom,0.0747580833351034
2023,Cambodia,Kampot,0.0785657619724302
2023,Cambodia,Kandal,0.0514435547742599
2023,Cambodia,Kep,0.0750374753832783
2023,Cambodia,Koh Kong,0.0992393927998684
2023,Cambodia,Kratie,0.1103539017823642
2023,Cambodia,Mondul Kiri,0.1570571788004723
2023,Cambodia,Otdar Meanchey,0.1001207791873466
2023,Cambodia,Pailin,0.0604694664048649
2023,Cambodia,Phnom Penh,0.02219019362308
2023,Cambodia,Preah Sihanouk,0.030726447455987
2023,Cambodia,Preah Vihear,0.1251577142140665
2023,Cambodia,Prey Veng,0.0467129093354919
2023,Cambodia,Pursat,0.1113678699708602
2023,Cambodia,Ratanak Kiri,0.2312833897949758
2023,Cambodia,Siem Reap,0.0953689664454771
2023,Cambodia,Stung Treng,0.2008257369411279
2023,Cambodia,Svay Rieng,0.0389662947525326
2023,Cambodia,Takeo,0.0439580491769733
2023,Cambodia,Tboung Khmum,0.1107036283433326
2023,Cameroon,Adamaoua,0.3877950630843352
2023,Cameroon,Centre,0.1984643041624463
2023,Cameroon,Douala,0.008686437615227
2023,Cameroon,Est,0.3037461758840502
2023,Cameroon,Extrême-Nord,0.4375588567415855
2023,Cameroon,Littoral,0.0943333199883053
2023,Cameroon,Nord,0.4257210416218978
2023,Cameroon,Nord-Ouest,0.227653709111054
2023,Cameroon,Ouest,0.0994767756644829
2023,Cameroon,Sud,0.136945512922363
2023,Cameroon,Sud-Ouest,0.034279932939957
2023,Cameroon,Yaoundé,0.005410187996434
2023,Central African Republic,"Bamingui-Bangoran, Haute-Kotto, Vakaga",0.4854396263044615
2023,Central African Republic,Bangui,0.1419042651889826
2023,Central African Republic,"Basse-Kotto, Mbomou, Haut-Mbomou",0.5588156134090396
2023,Central African Republic,"Kémo, Nana-Grébizi, Ouaka",0.5090457658345517
2023,Central African Republic,"Mambéré-Kadéï, Sangha-Mbaéré, Nana-Mambéré",0.5212705290797182
2023,Central African Republic,"Ombella-M'Poko, Lobaye",0.4047309545079892
2023,Central African Republic,"Ouham, Ouham-Pendé",0.5559113327724634
2023,Chad,Barh El Gazal,0.6156429042561293
2023,Chad,Batha,0.6518607219717231
2023,Chad,Borkou,0.5717162081295958
2023,Chad,Chari Baguirmi,0.5873698199732069
2023,Chad,Ennedi Est,0.6597507080263663
2023,Chad,Ennedi Ouest,0.6023667449241144
2023,Chad,Guéra,0.5643859358195434
2023,Chad,Hadjer-Lamis,0.6348263728429878
2023,Chad,Kanem,0.6758919250754379
2023,Chad,Lac,0.6584757483398554
2023,Chad,Logone Occidental,0.4769619084125711
2023,Chad,Logone Oriental,0.447042128465664
2023,Chad,Mandoul,0.4768575847326116
2023,Chad,Mayo Kebbi Est,0.4422691016458898
2023,Chad,Mayo Kebbi Ouest,0.4111554420873682
2023,Chad,Moyen Chari,0.3994281946619404
2023,Chad,N’Djaména,0.2039027932132548
2023,Chad,Ouaddaï,0.6144494273224517
2023,Chad,Salamat,0.611163715434627
2023,Chad,Sila,0.6612347141724227
2023,Chad,Tandjilé,0.4764213706833104
2023,Chad,Wadi Fira,0.6610047984414515
2023,China,Central Region,0.011727661192111
2023,China,East/Coastal Region,0.0084555022620832
2023,China,Western Region,0.0325262057642511
2023,Colombia,Antioquia Sin Medellin,0.0510586775320873
2023,Colombia,"Atlantico, San Andres, Bolivar Norte",0.0079394097745799
2023,Colombia,Barranquilla A. M.,0.0037282544807501
2023,Colombia,Bogota,0.0012729250002591
2023,Colombia,"Bolivar Sur, Sucre, Cordoba",0.0391099115251267
2023,Colombia,"Boyaca, Cmarca, Meta",0.0105126807534665
2023,Colombia,"Caldas, Risaralda, Quindio",0.0082328817867177
2023,Colombia,Cali A.M.,0.0018743323859258
2023,Colombia,Cauca Y Nari Sin Litoral,0.0337552843990971
2023,Colombia,"Guajira, Cesar, Magdalena",0.0566016789438267
2023,Colombia,Litoral Pacifico,0.0851546950480699
2023,Colombia,Medellin A.M.,0.0014860716541279
2023,Colombia,Orinoquia Y Amazonia,0.0304553275867361
2023,Colombia,Santanderes,0.0176262878136666
2023,Colombia,"Tolima, Huila, Caqueta",0.0274198520224809
2023,Colombia,Valle Sin Cali Ni Litoral,0.0061891628300914
2023,Comoros,Mwali (Mohéli),0.2219204946654666
2023,Comoros,Ndzuwani (Ndzouani or Anjouan),0.2335122611761957
2023,Comoros,Ngazidja (Grande Comore),0.1189628219166516
2023,Congo,Bouenza,0.216757286809953
2023,Congo,Brazzaville,0.0241728649437844
2023,Congo,Cuvette,0.1609829521004886
2023,Congo,Cuvette-Ouest,0.2777615828425897
2023,Congo,Kouilou,0.2725760565065072
2023,Congo,Lékoumou,0.288025172856951
2023,Congo,Likouala,0.2969379035408525
2023,Congo,Niari,0.1950306962260791
2023,Congo,Plateaux,0.256492757548617
2023,Congo,Pointe-Noire,0.0443486752596367
2023,Congo,Pool,0.2769583374655433
2023,Congo,Sangha,0.2465188561769793
2023,"Congo, Democratic Republic of the",Bas-Uélé,0.3493073673756805
2023,"Congo, Democratic Republic of the",Équateur,0.3481272013889197
2023,"Congo, Democratic Republic of the",Haut-Katanga,0.2884311108648748
2023,"Congo, Democratic Republic of the",Haut-Lomami,0.398863689895345
2023,"Congo, Democratic Republic of the",Haut-Uélé,0.3280053449644838
2023,"Congo, Democratic Republic of the",Ituri,0.3990149763641353
2023,"Congo, Democratic Republic of the",Kasaï,0.525043076498932
2023,"Congo, Democratic Republic of the",Kasaï-Central,0.4815596457583385
2023,"Congo, Democratic Republic of the",Kasaï-Oriental,0.3953224665771956
2023,"Congo, Democratic Republic of the",Kinshasa,0.0683708776256192
2023,"Congo, Democratic Republic of the",Kongo Central,0.2760330649377046
2023,"Congo, Democratic Republic of the",Kwango,0.4809310652467551
2023,"Congo, Democratic Republic of the",Kwilu,0.4261807978540424
2023,"Congo, Democratic Republic of the",Lomami,0.3774387728860426
2023,"Congo, Democratic Republic of the",Lualaba,0.3682104886654264
2023,"Congo, Democratic Republic of the",Mai-Ndombe,0.3598575017707393
2023,"Congo, Democratic Republic of the",Maniema,0.4376305343654833
2023,"Congo, Democratic Republic of the",Mongala,0.4320162455022311
2023,"Congo, Democratic Republic of the",Nord Kivu,0.351142048169658
2023,"Congo, Democratic Republic of the",Nord Ubangi,0.4503978010267851
2023,"Congo, Democratic Republic of the",Sankuru,0.4277548629747641
2023,"Congo, Democratic Republic of the",Sud-Kivu,0.3201466799260201
2023,"Congo, Democratic Republic of the",Sud-Ubangi,0.4309596177990043
2023,"Congo, Democratic Republic of the",Tanganyika,0.3876558779851513
2023,"Congo, Democratic Republic of the",Tshopo,0.3381653783513907
2023,"Congo, Democratic Republic of the",Tshuapa,0.4858246794015633
2023,Costa Rica,Alajuela,0.0026216214839448
2023,Costa Rica,Cartago,0.0010786017181416
2023,Costa Rica,Guanacaste,0.0011745803219462
2023,Costa Rica,Heredia,0.0001219574154245
2023,Costa Rica,Limón,0.004208141040662
2023,Costa Rica,Puntarenas,0.0031898952233742
2023,Costa Rica,San José,0.0017262674036017
2023,Côte d'Ivoire,Centre,0.2210752748321254
2023,Côte d'Ivoire,Centre-Est,0.2139997921190696
2023,Côte d'Ivoire,Centre-Nord,0.2084260568022353
2023,Côte d'Ivoire,Centre-Ouest,0.3124133580136245
2023,Côte d'Ivoire,Nord,0.4083042147252813
2023,Côte d'Ivoire,Nord-Est,0.343257100566778
2023,Côte d'Ivoire,Nord-Ouest,0.404778840372691
2023,Côte d'Ivoire,Ouest,0.3360187950955837
2023,Côte d'Ivoire,Sud (ex. Ville d'Abidjan),0.1919351746137364
2023,Côte d'Ivoire,Sud-Ouest,0.3207315094807995
2023,Côte d'Ivoire,Ville d'Abidjan,0.0416836155944208
2023,Cuba,Artemisa,0.0
2023,Cuba,Camagüey,0.0026509277172675
2023,Cuba,Ciego de Ávila,0.0033127240824532
2023,Cuba,Cienfuegos,0.00149722928448
2023,Cuba,Granma,0.0046030367150082
2023,Cuba,Guantánamo,0.003799826915781
2023,Cuba,Holguín,0.0035445567971047
2023,Cuba,Isla de la Juventud,0.0
2023,Cuba,La Habana,0.0
2023,Cuba,Las Tunas,0.0080722058029752
2023,Cuba,Matanzas,0.005397614528149
2023,Cuba,Mayabeque,0.00080091660276
2023,Cuba,Pinar del Río,0.0018081552688939
2023,Cuba,Sancti Spíritus,0.0015920818648408
2023,Cuba,Santiago de Cuba,0.0048145649339576
2023,Cuba,Villa Clara,0.0009165235987679
2023,Dominican Republic,Cibao Nordeste,0.0064000493704557
2023,Dominican Republic,Cibao Noroeste,0.0215061621865358
2023,Dominican Republic,Cibao Norte,0.0051862011898031
2023,Dominican Republic,Cibao Sur,0.0070527126383281
2023,Dominican Republic,El Valle,0.0293289168012636
2023,Dominican Republic,Enriquillo,0.0300710646073985
2023,Dominican Republic,Higuamo,0.0088699364580035
2023,Dominican Republic,Ozama,0.0043424286735945
2023,Dominican Republic,Valdesia,0.0099898464541497
2023,Dominican Republic,Yuma,0.0128032304851437
2023,Ecuador,Azuay,0.0028342351140275
2023,Ecuador,Bolívar,0.0283069547744352
2023,Ecuador,Cañar,0.0057157580262864
2023,Ecuador,Carchi,0.0048037570358527
2023,Ecuador,Chimborazo,0.0183645676958929
2023,Ecuador,Cotopaxi,0.0112109146101734
2023,Ecuador,El Oro,0.0020413373117233
2023,Ecuador,Esmeraldas,0.0113872048114424
2023,Ecuador,Galápagos,0.0011011583369386
2023,Ecuador,Guayas,0.0036361325418896
2023,Ecuador,Imbabura,0.0075947466356063
2023,Ecuador,Loja,0.0113357363512065
2023,Ecuador,Los Ríos,0.0086328046005138
2023,Ecuador,Manabí,0.0140884080117829
2023,Ecuador,Morona Santiago,0.0569351208644416
2023,Ecuador,Napo,0.0257875816508932
2023,Ecuador,Orellana,0.0394058538215882
2023,Ecuador,Pastaza,0.0375364229036257
2023,Ecuador,Pichincha,0.00289451365513
2023,Ecuador,Santa Elena,0.0084896366047472
2023,Ecuador,Santo Domingo,0.0053530755437952
2023,Ecuador,Sucumbios,0.013006438248591
2023,Ecuador,Tungurahua,0.0062386073418486
2023,Ecuador,Zamora Chinchipe,0.0092812836092917
2023,Ecuador,Zona No Delimitada,0.0031014408708051
2023,Egypt,Alexandria,0.0073079479742415
2023,Egypt,Assuit,0.0404344855900635
2023,Egypt,Aswan,0.0184519075333942
2023,Egypt,Behera,0.0161845261857239
2023,Egypt,Beni Suef,0.0349543779263873
2023,Egypt,Cairo,0.0098010389101262
2023,Egypt,Dakahlia,0.0064675440714655
2023,Egypt,Damietta,0.0144076902582394
2023,Egypt,Fayoum,0.0379505936423876
2023,Egypt,Gharbia,0.0135048810661837
2023,Egypt,Giza,0.0269017978406447
2023,Egypt,Ismailia,0.0141191745223109
2023,Egypt,Kafr el-Sheikh,0.011194958991617
2023,Egypt,Kalyubia,0.0097969892236345
2023,Egypt,Luxor,0.0182618604918507
2023,Egypt,Matroh,0.0415351798791384
2023,Egypt,Menoufia,0.0082041426920986
2023,Egypt,Menya,0.0304035982298479
2023,Egypt,New Valley,0.003880289517015
2023,Egypt,Port Said,0.0007056296978065
2023,Egypt,Qena,0.0146912647033928
2023,Egypt,Red Sea,0.0183578917415695
2023,Egypt,Sharkia,0.0216878424298516
2023,Egypt,Souhag,0.0416161791544141
2023,Egypt,Suez,0.0054861978082961
2023,El Salvador,Ahuachapán,0.0345323651899858
2023,El Salvador,Cabañas,0.0595682010639726
2023,El Salvador,Chalatenango,0.0426960871801298
2023,El Salvador,Cuscatlán,0.0327785380692709
2023,El Salvador,La Libertad,0.0214461054071471
2023,El Salvador,La Paz,0.0378702792793258
2023,El Salvador,La Unión,0.0668690702238516
2023,El Salvador,Morazán,0.0384485074400829
2023,El Salvador,San Miguel,0.0412018661283223
2023,El Salvador,San Salvador,0.0132274893402111
2023,El Salvador,San Vicente,0.0264448296617531
2023,El Salvador,Santa Ana,0.0300994841642904
2023,El Salvador,Sonsonate,0.0592827394895008
2023,El Salvador,Usulután,0.0362703429991724
2023,eSwatini,Hhohho,0.0749300742007596
2023,eSwatini,Lubombo,0.1157680185534981
2023,eSwatini,Manzini,0.0510704097588293
2023,eSwatini,Shiselweni,0.1130251795644508
2023,Ethiopia,Addis Ababa,0.0433102732670903
2023,Ethiopia,Afar,0.4865077604262329
2023,Ethiopia,Amhara,0.3603275618177073
2023,Ethiopia,Benishangul-Gumuz,0.340937552878293
2023,Ethiopia,Dire Dawa,0.1776112349363667
2023,Ethiopia,Gambela,0.2481331928392247
2023,Ethiopia,Harari,0.2410146476802319
2023,Ethiopia,Oromia,0.384533513778156
2023,Ethiopia,Snnpr,0.3625548085001439
2023,Ethiopia,Somali,0.5294925831669297
2023,Ethiopia,Tigray,0.3049748507001339
2023,Fiji,Central,0.0043331694159463
2023,Fiji,Eastern,0.0128385191668728
2023,Fiji,Northern,0.0145755126987601
2023,Fiji,Western,0.0035156060258258
2023,Gabon,Estuaire,0.0615845269579694
2023,Gabon,Haut-Ogooué,0.0998152393033526
2023,Gabon,Libreville/Port-Gentil,0.0136143238632532
2023,Gabon,Moyen-Ogooué,0.1330941484972248
2023,Gabon,Ngounié,0.1937813506492379
2023,Gabon,Nyanga,0.1842714988513438
2023,Gabon,Ogooué Maritime,0.0895025284848298
2023,Gabon,Ogooué-Ivindo,0.2800753681344562
2023,Gabon,Ogooué-Lolo,0.1815012482782856
2023,Gabon,Woleu-Ntem,0.1083501418351778
2023,Gambia,Banjul,0.044922381125677
2023,Gambia,Basse,0.317656911268354
2023,Gambia,Brikama,0.1442419263844519
2023,Gambia,Janjanbureh,0.4003218090013374
2023,Gambia,Kanifing,0.0808073230930417
2023,Gambia,Kerewan,0.2703165812124361
2023,Gambia,Kuntaur,0.4392651542321202
2023,Gambia,Mansakonko,0.2697153449331541
2023,Ghana,Ashanti,0.0727256745756178
2023,Ghana,Brong Ahafo,0.1103737397387234
2023,Ghana,Central,0.0847589649637426
2023,Ghana,Eastern,0.0713051686784558
2023,Ghana,Greater Accra,0.032424351033361
2023,Ghana,Northern,0.2956465308457741
2023,Ghana,Upper East,0.2141656716655229
2023,Ghana,Upper West,0.201744382555972
2023,Ghana,Volta,0.1397757106184831
2023,Ghana,Western,0.0819343991505882
2023,Guatemala,Alta Verapaz,0.2544903268325603
2023,Guatemala,Baja Verapaz,0.1749569214059793
2023,Guatemala,Chimaltenango,0.1040419117069924
2023,Guatemala,Chiquimula,0.2196877636406564
2023,Guatemala,El Progreso,0.0805670576439305
2023,Guatemala,Escuintla,0.0726503996738873
2023,Guatemala,Guatemala Municipio,0.0154962766556458
2023,Guatemala,Guatemala Resto,0.0375383635755389
2023,Guatemala,Huehuetenango,0.2331708346598393
2023,Guatemala,Izabal,0.1282864512036998
2023,Guatemala,Jalapa,0.191111253215725
2023,Guatemala,Jutiapa,0.1247434890561295
2023,Guatemala,Petén,0.17315490251924
2023,Guatemala,Quetzaltenango,0.1082370002367624
2023,Guatemala,Quiché,0.2284750488332997
2023,Guatemala,Retalhuleu,0.1146635335470944
2023,Guatemala,Sacatepéquez,0.0598844388141978
2023,Guatemala,San Marcos,0.1461113832842169
2023,Guatemala,Santa Rosa,0.1013312138928056
2023,Guatemala,Sololá,0.111088499069016
2023,Guatemala,Suchitepéquez,0.1263868875555026
2023,Guatemala,Totonicapán,0.1574165275161754
2023,Guatemala,Zacapa,0.1276035132931421
2023,Guinea,Boké,0.4220813532233227
2023,Guinea,Conakry,0.0632124889697937
2023,Guinea,Faranah,0.4888116374396018
2023,Guinea,Kankan,0.4171344132953079
2023,Guinea,Kindia,0.3637417027586211
2023,Guinea,Labé,0.4937952469122697
2023,Guinea,Mamou,0.4010578223973603
2023,Guinea,N’Zérékoré,0.4335777296158588
2023,Guinea-Bissau,Bafatá,0.4247729721285656
2023,Guinea-Bissau,Biombo,0.2856944726853827
2023,Guinea-Bissau,Bolama,0.3239679554023074
2023,Guinea-Bissau,Cacheu,0.292230121073873
2023,Guinea-Bissau,Gabú,0.489454680176293
2023,Guinea-Bissau,Oio,0.4762569429799463
2023,Guinea-Bissau,Quinara,0.3348402193473942
2023,Guinea-Bissau,SAB,0.1095508215543179
2023,Guinea-Bissau,Tombali,0.3772459701426815
2023,Guyana,Barima-Waini,0.0633709924060881
2023,Guyana,Cuyuni-Mazaruni,0.0537285435044706
2023,Guyana,Demerara-Mahaica,0.0015394400369497
2023,Guyana,East Berbice-Corentyne,0.004870143932866
2023,Guyana,Essequibo Islands-West Demerara,0.0008619444507645
2023,Guyana,Mahaica-Berbice,0.0002675723279724
2023,Guyana,Pomeroon-Supenaam,0.008524138095597
2023,Guyana,Potaro-Siparuni,0.1018678203997719
2023,Guyana,Upper Demerara-Berbice,0.0030603398928405
2023,Guyana,Upper Takutu-Upper Essequibo,0.0471764825602741
2023,Haiti,Aire Métropolitaine,0.0588700931846139
2023,Haiti,Artibonite,0.2503158875337285
2023,Haiti,Centre,0.2935398755187235
2023,Haiti,Grande Anse,0.2963843258342638
2023,Haiti,Nippes,0.1870824512384791
2023,Haiti,Nord,0.1948753068731506
2023,Haiti,Nord-Est,0.2030207624734716
2023,Haiti,Nord-Ouest,0.230273973972725
2023,Haiti,Rest-Ouest,0.2302530795042503
2023,Haiti,Sud,0.2261192365450116
2023,Haiti,Sud-Est,0.2245172881584468
2023,Honduras,Atlántida,0.0244224770630516
2023,Honduras,Choluteca,0.0595495873725032
2023,Honduras,Colón,0.0389417828224801
2023,Honduras,Comayauga,0.067201334809109
2023,Honduras,Copán,0.0969721439164569
2023,Honduras,Cortés,0.0140385753094568
2023,Honduras,Distrito Central,0.0065766902571224
2023,Honduras,El Paraíso,0.0597305042597786
2023,Honduras,Francisco Morazán,0.0458865569411518
2023,Honduras,Gracias a Dios,0.1620505040513764
2023,Honduras,Intibucá,0.0891372187600312
2023,Honduras,Islas de la Bahía,0.0036526612763034
2023,Honduras,La Paz,0.0756490110297627
2023,Honduras,Lempira,0.1192286722110346
2023,Honduras,Ocotepeque,0.0505440641175871
2023,Honduras,Olancho,0.0968719429128403
2023,Honduras,San Pedro Sula,0.0051942830989945
2023,Honduras,Santa Bárbara,0.0445756294425697
2023,Honduras,Valle,0.0424949896322926
2023,Honduras,Yoro,0.0743732120610456
2023,India,Andaman & Nicobar Islands,0.0141821291787469
2023,India,Andhra Pradesh,0.0286211631190136
2023,India,Arunachal Pradesh,0.0540713218765498
2023,India,Assam,0.0899183800385575
2023,India,Bihar,0.1543994649348681
2023,India,Chandigarh,0.0178127750581124
2023,India,Chhattisgarh,0.0731745889051574
2023,India,Dadra & Nagar Haveli and Daman & Diu,0.0558938557090852
2023,India,Delhi,0.0133876584906626
2023,India,Goa,0.0053279983793787
2023,India,Gujarat,0.0590249641108678
2023,India,Haryana,0.0298069948508933
2023,India,Himachal Pradesh,0.0203555177507209
2023,India,Jammu & Kashmir,0.0248917446409916
2023,India,Jharkhand,0.1318070300042039
2023,India,Karnataka,0.0333339461828899
2023,India,Kerala,0.0030631847872796
2023,India,Ladakh,0.0243842275833821
2023,India,Lakshadweep,0.0032633370560781
2023,India,Madhya Pradesh,0.0994171726564811
2023,India,Maharashtra,0.0356919448067687
2023,India,Manipur,0.038346425252955
2023,India,Meghalaya,0.1230173828140467
2023,India,Mizoram,0.0245889652902473
2023,India,Nagaland,0.0660178088487265
2023,India,Odisha,0.0863464205278114
2023,India,Puducherry,0.0052129843797597
2023,India,Punjab,0.018861212266265
2023,India,Rajasthan,0.0679440978626233
2023,India,Sikkim,0.0140003058651559
2023,India,Tamil Nadu,0.0141683236723599
2023,India,Telangana,0.0265171338018563
2023,India,Tripura,0.0634734071443708
2023,India,Uttar Pradesh,0.0982533917430205
2023,India,Uttarakhand,0.0391229274878345
2023,India,West Bengal,0.0606670185661897
2023,Indonesia,Aceh,0.0117926622887426
2023,Indonesia,Bali,0.007880048223558
2023,Indonesia,Bangka Belitung,0.0146545137242395
2023,Indonesia,Banten,0.0152407185557479
2023,Indonesia,Bengkulu,0.0079504125264173
2023,Indonesia,Central Java,0.0099944372971649
2023,Indonesia,Central Kalimantan,0.0172860663883669
2023,Indonesia,Central Sulawesi,0.0250978770977996
2023,Indonesia,East Java,0.0108402204247471
2023,Indonesia,East Kalimantan,0.0087560721791253
2023,Indonesia,East Nusa Tenggara,0.0655737193553356
2023,Indonesia,Gorontalo,0.0355009186018123
2023,Indonesia,Jakarta,0.0052340046965846
2023,Indonesia,Jambi,0.0066647763154949
2023,Indonesia,Lampung,0.0127056906025274
2023,Indonesia,Maluku,0.0209797296127295
2023,Indonesia,North Kalimantan,0.0242124707204652
2023,Indonesia,North Maluku,0.033309630914409
2023,Indonesia,North Sulawesi,0.0078784063785019
2023,Indonesia,North Sumatera,0.0208497665412601
2023,Indonesia,Papua,0.0828609950939976
2023,Indonesia,Riau,0.0089872842770438
2023,Indonesia,Riau Islands,0.0051792390335349
2023,Indonesia,South Kalimantan,0.0186213513986652
2023,Indonesia,South Sulawesi,0.0109214555171935
2023,Indonesia,South Sumatera,0.0151628775021257
2023,Indonesia,Southeast Sulawesi,0.0208648812450731
2023,Indonesia,West Java,0.0088549879832325
2023,Indonesia,West Kalimantan,0.0210305215544719
2023,Indonesia,West Nusa Tenggara,0.0167827416888485
2023,Indonesia,West Papua,0.0414269079336103
2023,Indonesia,West Sulawesi,0.0280555806496793
2023,Indonesia,West Sumatera,0.0124439167298122
2023,Indonesia,Yogyakarta,0.0081146814773727
2023,Iraq,Al-Anbar,0.0359987578486941
2023,Iraq,Al-Muthanna,0.0510629405229066
2023,Iraq,Al-Najaf,0.0485918859802776
2023,Iraq,Al-Qadissiyah,0.0301029717454744
2023,Iraq,Babil,0.0354816702009306
2023,Iraq,Baghdad,0.0268550955674434
2023,Iraq,Basra,0.0536091049804966
2023,Iraq,Diyala,0.0139402725196041
2023,Iraq,Dohuk,0.0197426534979803
2023,Iraq,Erbil,0.0122976412015198
2023,Iraq,Karbala,0.038046814983031
2023,Iraq,Kirkuk,0.0216954460366335
2023,Iraq,Missan,0.0659855739437146
2023,Iraq,Ninewa,0.0421866337114942
2023,Iraq,Salahaddin,0.0188958074573244
2023,Iraq,Suleimaniya,0.0082902047888055
2023,Iraq,Thi-Qar,0.0424490772049862
2023,Iraq,Wasit,0.0339315322887523
2023,Jamaica,Clarendon,0.0089224026504965
2023,Jamaica,Hanover,0.0039121039440757
2023,Jamaica,Kingston,0.0092340088493077
2023,Jamaica,Manchester,0.0079860746536054
2023,Jamaica,Portland,0.0171135204665336
2023,Jamaica,St. Andrew,0.0069056101249394
2023,Jamaica,St. Ann,0.0186791811603789
2023,Jamaica,St. Catherine,0.0121221460376335
2023,Jamaica,St. Elizabeth,0.0066968507828177
2023,Jamaica,St. James,0.0106309975452643
2023,Jamaica,St. Mary,0.0236342235162742
2023,Jamaica,St. Thomas,0.0142307574741803
2023,Jamaica,Trelawny,0.0178371338124857
2023,Jamaica,Westmoreland,0.0087746398966349
2023,Jordan,Aljoun,0.001603713055471
2023,Jordan,Amman,0.0010703844824839
2023,Jordan,Aqaba,0.0002357477386603
2023,Jordan,Balqa,0.0021530818967281
2023,Jordan,Irbid,0.001771520763279
2023,Jordan,Jerash,0.0020431012913619
2023,Jordan,Karak,0.0004106779709873
2023,Jordan,Ma'an,0.0061267527037649
2023,Jordan,Madaba,0.0024343797250999
2023,Jordan,Mafraq,0.0031236270843461
2023,Jordan,Tafilah,0.0005446440681306
2023,Jordan,Zarqa,0.0014073117756656
2023,Kazakhstan,Akmola,0.0002944604150443
2023,Kazakhstan,Aktobe,0.0026181421822007
2023,Kazakhstan,Almaty City,0.0005722090479411
2023,Kazakhstan,Almaty Oblast,0.0019111729283641
2023,Kazakhstan,Astana City,0.0
2023,Kazakhstan,Atyrau,0.0039301680045255
2023,Kazakhstan,East Kazakhstan,0.0
2023,Kazakhstan,Karaganda,0.0
2023,Kazakhstan,Kostanai,0.0001648870722846
2023,Kazakhstan,Kyzylorda,0.0037130886052321
2023,Kazakhstan,Mangistau,0.0009325648971113
2023,Kazakhstan,North Kazakhstan,0.0001989275919157
2023,Kazakhstan,Pavlodar,0.0013241305197881
2023,Kazakhstan,South Kasakhstan,0.0043551177176231
2023,Kazakhstan,West Kazakhstan,0.0
2023,Kazakhstan,Zhambyl,0.0017714372549864
2023,Kenya,Central,0.0735467000881763
2023,Kenya,Coast,0.2122910553040842
2023,Kenya,Eastern,0.1780859862934665
2023,Kenya,Nairobi,0.0280952518945357
2023,Kenya,North Eastern,0.4840887034359118
2023,Kenya,Nyanza,0.1649072434581774
2023,Kenya,Rift Valley,0.20570711404857
2023,Kenya,Western,0.1766169816634099
2023,Kiribati,Central Gilbert,0.1178417742470099
2023,Kiribati,Line And Phoenix Group,0.1151080838182392
2023,Kiribati,Northern Gilbert,0.130650335374817
2023,Kiribati,South Tarawa,0.0477103929959414
2023,Kiribati,Southern Gilbert,0.1041270846527952
2023,Kyrgyzstan,Batken,0.0017473192746375
2023,Kyrgyzstan,Bishkek,0.0
2023,Kyrgyzstan,Chui,0.0
2023,Kyrgyzstan,Issyk-Kul,0.0016381540685878
2023,Kyrgyzstan,Jalal-Abad,0.0024062413907004
2023,Kyrgyzstan,Naryn,0.0
2023,Kyrgyzstan,Osh,0.0030461287546804
2023,Kyrgyzstan,Osh City,0.0008516619037945
2023,Kyrgyzstan,Talas,0.0019205328078202
2023,Lao PDR,Attapeu,0.1151253071031016
2023,Lao PDR,Bokeo,0.1239018814909131
2023,Lao PDR,Borikhamxay,0.0475597330804085
2023,Lao PDR,Champasack,0.0849003369858637
2023,Lao PDR,Houaphan,0.1238941827986066
2023,Lao PDR,Khammuane,0.1135370089812777
2023,Lao PDR,Luang Namtha,0.1057510662909534
2023,Lao PDR,Luang Prabang,0.1371160174293843
2023,Lao PDR,Oudomxay,0.1387181526064865
2023,Lao PDR,Phongsaly,0.16562760789877
2023,Lao PDR,Saravane,0.237077374191259
2023,Lao PDR,Savannakhet,0.1748524673438575
2023,Lao PDR,Sekong,0.1755683720569785
2023,Lao PDR,Vientiane,0.0666054623916043
2023,Lao PDR,Vientiane Capital,0.0081439385453285
2023,Lao PDR,Xaignabouri,0.0429953220698709
2023,Lao PDR,Xaisomboun ,0.1068353782488307
2023,Lao PDR,Xiangkhouang,0.061366769309008
2023,Lesotho,Foothills,0.1544967653798338
2023,Lesotho,Lowlands,0.0408620381212661
2023,Lesotho,Mountains,0.1847796958712478
2023,Lesotho,Senqu River Valley,0.1162578537997075
2023,Liberia,Bomi,0.3041567819979963
2023,Liberia,Bong,0.3708250510786594
2023,Liberia,Gbarpolu,0.3955725273922619
2023,Liberia,Grand Bassa,0.3908408921553291
2023,Liberia,Grand Cape Mount,0.360756620363856
2023,Liberia,Grand Gedeh,0.2972645568601682
2023,Liberia,Grand Kru,0.3356510183753182
2023,Liberia,Lofa,0.3180076335799041
2023,Liberia,Margibi,0.2546060450631102
2023,Liberia,Maryland,0.2823623003448181
2023,Liberia,Montserrado,0.1222556788435157
2023,Liberia,Nimba,0.3262240931904131
2023,Liberia,River Cess,0.415249978689273
2023,Liberia,River Gee,0.2801505134658622
2023,Liberia,Sinoe,0.2666470817276507
2023,Libya,Ajdabya,0.0129186311604908
2023,Libya,Ben-Ghazi,0.0030865430990162
2023,Libya,Derna,0.0094090726907746
2023,Libya,El-Jabal El-Akhdar,0.0152820386186954
2023,Libya,El-Jabal El-Gharbi,0.0056641299966493
2023,Libya,El-Marj,0.0066382634721382
2023,Libya,El-Merqab,0.008458591297967
2023,Libya,El-Wahat/El-Kufra,0.0040382269137778
2023,Libya,El-Zawya,0.0019804656579604
2023,Libya,Jfara,0.0027232901363624
2023,Libya,Murzuk,0.0035307239752762
2023,Libya,Musrata,0.0044036900143891
2023,Libya,Nalut,0.0032967039766512
2023,Libya,Qasr Ben-Ghesheer,0.0048497419999021
2023,Libya,Sebha/El-Shate,0.0067381978848683
2023,Libya,Sert/Jafra,0.00579069335981
2023,Libya,Tarhuna,0.0034682531498756
2023,Libya,Tripoli,0.014144890455468
2023,Libya,Tubruk,0.009184473760712
2023,Libya,Wadi El-Hayat,0.0151526022279565
2023,Libya,Zwara,0.0029980877004225
2023,Madagascar,Alaotra Mangoro,0.3320884500274086
2023,Madagascar,Amoron'i Mania,0.404599264359322
2023,Madagascar,Analamanga,0.2216975548385908
2023,Madagascar,Analanjirofo,0.2984099390026936
2023,Madagascar,Androy,0.5901086285773783
2023,Madagascar,Anosy,0.5839120376515265
2023,Madagascar,Antananarivo,0.1289593640590468
2023,Madagascar,Atsimo Andrefana,0.4541789833831979
2023,Madagascar,Atsimo Atsinanana,0.579560786322343
2023,Madagascar,Atsinanana,0.3865835193969269
2023,Madagascar,Betsiboka,0.4685034514694089
2023,Madagascar,Boeny,0.3402756027148037
2023,Madagascar,Bongolava,0.4246640781444629
2023,Madagascar,Diana,0.2297887293539565
2023,Madagascar,Haute Matsiatra,0.4085396591576406
2023,Madagascar,Ihorombe,0.4849773868918552
2023,Madagascar,Itasy,0.3938629382311377
2023,Madagascar,Melaky,0.4698744014669062
2023,Madagascar,Menabe,0.5531765472013612
2023,Madagascar,Sava,0.2873471415965632
2023,Madagascar,Sofia,0.3871599670952093
2023,Madagascar,Vakinankaratra,0.3790122976564931
2023,Madagascar,Vatovavy Fitovinany,0.4643049150063512
2023,Malawi,Balaka,0.2391080992252245
2023,Malawi,Blantyre,0.1137067663963866
2023,Malawi,Chikwawa,0.2152026090356788
2023,Malawi,Chiradzulu,0.1948087051761981
2023,Malawi,Chitipa,0.1346767241954198
2023,Malawi,Dedza,0.3181564675932331
2023,Malawi,Dowa,0.2411052859468313
2023,Malawi,Karonga,0.14311188666661
2023,Malawi,Kasungu,0.1886743015691452
2023,Malawi,Likoma,0.0856605214691323
2023,Malawi,Lilongwe,0.2305725810515383
2023,Malawi,Machinga,0.2887135461606787
2023,Malawi,Mangochi,0.3778532250889355
2023,Malawi,Mchinji,0.2771887191848483
2023,Malawi,Mulange,0.2045810979210246
2023,Malawi,Mwanza,0.2658683311792536
2023,Malawi,Mzimba,0.1547549322270797
2023,Malawi,Neno,0.236972347857376
2023,Malawi,Nkhata Bay,0.1714591584412082
2023,Malawi,Nkhotakota,0.2433900081044745
2023,Malawi,Nsanje,0.269800518681296
2023,Malawi,Ntcheu,0.2262277381300233
2023,Malawi,Ntchisi,0.2388818611802483
2023,Malawi,Phalombe,0.2425735742127438
2023,Malawi,Rumphi,0.1053247325869881
2023,Malawi,Salima,0.2612414754365123
2023,Malawi,Thyolo,0.2697754934773358
2023,Malawi,Zomba,0.206849979276619
2023,Mali,Bamako,0.1103048677977113
2023,Mali,Gao,0.472627041671544
2023,Mali,Kayes,0.4206639620691332
2023,Mali,Kidal,0.4759619638549731
2023,Mali,Koulikoro,0.352671772056372
2023,Mali,Mopti,0.4957622913446973
2023,Mali,Ségou,0.4236288655901771
2023,Mali,Sikasso,0.4163965513263391
2023,Mali,Timbuktu,0.5354549479289583
2023,Mauritania,Adrar,0.1913293131926616
2023,Mauritania,Assaba,0.4329060110814783
2023,Mauritania,Brakna,0.3342703204881173
2023,Mauritania,Dakhlet Nouadhibou,0.0468378661016624
2023,Mauritania,Gorgol,0.4762154489412361
2023,Mauritania,Guidimaka,0.5252188899393451
2023,Mauritania,Hosh ech Chargui,0.5233325522189113
2023,Mauritania,Hosh el Gharbi,0.4819411683227594
2023,Mauritania,Nouakchott Nord,0.0917998259193935
2023,Mauritania,Nouakchott Ouest,0.0774716994201087
2023,Mauritania,Nouakchott Sud,0.0995710578922055
2023,Mauritania,Tagant,0.3707985541727156
2023,Mauritania,Tiris Zemmour & Inchiri,0.0721634246027336
2023,Mauritania,Trarza,0.2268554132092348
2023,Mexico,Centro,0.021451725433501
2023,Mexico,Centro-Norte,0.0110444240936573
2023,Mexico,Edo México,0.0141102779457988
2023,Mexico,Frontera,0.0057412841611906
2023,Mexico,México City,0.004235821162302
2023,Mexico,Pacifico-Centro,0.0139219630934066
2023,Mexico,Pacifico-Norte,0.0054608848569878
2023,Mexico,Pacífico-Sur,0.0379779231684886
2023,Mexico,Península,0.0301361512847992
2023,Moldova,Center,0.0037953127634815
2023,Moldova,Chisinau,0.0001832774287466
2023,Moldova,North,0.0059474516760508
2023,Moldova,South,0.0022727253339693
2023,Mongolia,Central,0.0185130875229727
2023,Mongolia,Eastern,0.0256252987805539
2023,Mongolia,Khangai,0.0496809506761639
2023,Mongolia,Ulaanbaatar,0.0086114531830282
2023,Mongolia,Western,0.0853926834977924
2023,Morocco,Béni Mellal-Khénifra,0.0702073347380016
2023,Morocco,Casablanca- Settat,0.0138574111650959
2023,Morocco,Drâa-Tafilalet,0.0402564906593512
2023,Morocco,Ed Dakhla-Oued ed Dahab,0.0164995325165791
2023,Morocco,Fès-Meknès,0.0233773352287608
2023,Morocco,Guelmim-Oued Noun,0.0168623028641578
2023,Morocco,Laâyoune-Sakia El Hamra,0.0101324420099471
2023,Morocco,Marrakech-Safi,0.0386900903908339
2023,Morocco,Oriental,0.0420004848490287
2023,Morocco,Rabat-Salé-Kénitra,0.013575487618677
2023,Morocco,Souss-Massa,0.0299792130050608
2023,Morocco,Tanger-Tetouan-Al Hoceima,0.0138517121662293
2023,Mozambique,Cabo Delgado,0.4748295777419392
2023,Mozambique,Gaza,0.2128569532267175
2023,Mozambique,Inhambane,0.242191292435442
2023,Mozambique,Manica,0.3275482069359611
2023,Mozambique,Maputo Cidade,0.0355948945746674
2023,Mozambique,Maputo Provincia,0.061809682480252
2023,Mozambique,Nampula,0.4706129511946699
2023,Mozambique,Niassa,0.4852904682396378
2023,Mozambique,Sofala,0.3505480562901117
2023,Mozambique,Tete,0.3622126691352606
2023,Mozambique,Zambezia,0.4755287431872073
2023,Myanmar,Ayeyarwaddy,0.2371169220300247
2023,Myanmar,Bago,0.1778934187351913
2023,Myanmar,Chin,0.1849489261910936
2023,Myanmar,Kachin,0.1210889864023325
2023,Myanmar,Kayah,0.1294365831865205
2023,Myanmar,Kayin,0.2300825677031219
2023,Myanmar,Magway,0.177422502751209
2023,Myanmar,Mandalay,0.1366057860067486
2023,Myanmar,Mon,0.1507572186300505
2023,Myanmar,Naypyitaw,0.1459785544110494
2023,Myanmar,Rakhine,0.3018989131069978
2023,Myanmar,Sagaing,0.1574089971553656
2023,Myanmar,Shan,0.2343387785891677
2023,Myanmar,Taninthayi,0.1876667560305747
2023,Myanmar,Yangon,0.06767283283178
2023,Namibia,Erongo,0.0432209122813191
2023,Namibia,Hardap,0.0823071944735708
2023,Namibia,Karas,0.1031414757511206
2023,Namibia,Kavango,0.3411654675014268
2023,Namibia,Khomas,0.043794331573603
2023,Namibia,Kunene,0.2588208054636525
2023,Namibia,Ohangwena,0.3507836735708956
2023,Namibia,Omaheke,0.2234998008050109
2023,Namibia,Omusati,0.2526759259589854
2023,Namibia,Oshana,0.134812174009784
2023,Namibia,Oshikoto,0.2167780609126285
2023,Namibia,Otjozondjupa,0.1112150240538367
2023,Namibia,Zambezi,0.1967093886116512
2023,Nepal,Bagmati,0.0284799827477147
2023,Nepal,Gandaki,0.0352206269485131
2023,Nepal,Karnali,0.1694525701090545
2023,Nepal,Lumbini,0.0787055244148093
2023,Nepal,Province 1,0.0664609638399803
2023,Nepal,Province 2,0.1090823375077868
2023,Nepal,Sudurpashchim,0.1046761832481425
2023,Nicaragua,Boaco,0.1250637765638163
2023,Nicaragua,Carazo,0.0207879714661313
2023,Nicaragua,Chinandega,0.0381642742701866
2023,Nicaragua,Chontales,0.0792322348629892
2023,Nicaragua,Esteli,0.0409135032240925
2023,Nicaragua,Granada,0.0339727933860332
2023,Nicaragua,Jinotega,0.2102411252777841
2023,Nicaragua,Leon,0.0386674361113171
2023,Nicaragua,Madriz,0.1136177471419337
2023,Nicaragua,Managua,0.016464231252892
2023,Nicaragua,Masaya,0.0192459594261556
2023,Nicaragua,Matagalpa,0.1025394145611098
2023,Nicaragua,Nueva Segovia,0.1229148557353032
2023,Nicaragua,Raan,0.1722325714324586
2023,Nicaragua,Raas,0.1503366723748428
2023,Nicaragua,Rio San Juan,0.1313314483437234
2023,Nicaragua,Rivas,0.0296245500799908
2023,Niger,Agadez,0.4130614498004992
2023,Niger,Diffa,0.5769456296314431
2023,Niger,Dosso,0.6247741709848588
2023,Niger,Maradi,0.6512354621057603
2023,Niger,Niamey,0.2311031796631815
2023,Niger,Tahoua,0.6318977873035211
2023,Niger,Tillaberi,0.6127390844314378
2023,Niger,Zinder,0.6298011570234165
2023,Nigeria,Abia,0.0419360438418849
2023,Nigeria,Adamawa,0.1819775181311749
2023,Nigeria,Akwa Ibom,0.0445529826312234
2023,Nigeria,Anambra,0.0088564892819848
2023,Nigeria,Bauchi,0.4411035554341986
2023,Nigeria,Bayelsa,0.0643592186059503
2023,Nigeria,Benue,0.1156325506132825
2023,Nigeria,Borno,0.2922355747901067
2023,Nigeria,Cross River,0.0775015585698433
2023,Nigeria,Delta,0.0507448686549996
2023,Nigeria,Ebonyi,0.0340547992121901
2023,Nigeria,Edo,0.0357711353981113
2023,Nigeria,Ekiti,0.0531501026929354
2023,Nigeria,Enugu,0.0300122315162294
2023,Nigeria,FCT,0.0413650726953041
2023,Nigeria,Gombe,0.3344877201323365
2023,Nigeria,Imo,0.0182895748162878
2023,Nigeria,Jigawa,0.437672314260222
2023,Nigeria,Kaduna,0.1670685176033895
2023,Nigeria,Kano,0.2496833995052018
2023,Nigeria,Katsina,0.3330857729266604
2023,Nigeria,Kebbi,0.4372595274071138
2023,Nigeria,Kogi,0.0637921408655946
2023,Nigeria,Kwara,0.0962442724788407
2023,Nigeria,Lagos,0.0043607469750755
2023,Nigeria,Nasarawa,0.1887620936353712
2023,Nigeria,Niger,0.2190993822710942
2023,Nigeria,Ogun,0.0918175508812875
2023,Nigeria,Ondo,0.0636784891123096
2023,Nigeria,Osun,0.0314646938447099
2023,Nigeria,Oyo,0.0808740301160175
2023,Nigeria,Plateau,0.1944775462750893
2023,Nigeria,Rivers,0.0351212136932596
2023,Nigeria,Sokoto,0.4371937098028034
2023,Nigeria,Taraba,0.2701975664246393
2023,Nigeria,Yobe,0.34278484931951
2023,Nigeria,Zamfara,0.3912671480139257
2023,North Macedonia,East,0.0011471985135645
2023,North Macedonia,Northeast,0.0003556868360943
2023,North Macedonia,Pelagonia,0.0
2023,North Macedonia,Polog,0.0006444690438979
2023,North Macedonia,Skopje,0.0018408980820507
2023,North Macedonia,Southeast,0.0082492960885795
2023,North Macedonia,Southwest,0.0
2023,North Macedonia,Vardar,0.0003567956977631
2023,Pakistan,Balochistan,0.3535900096583638
2023,Pakistan,Federally Administered Tribal Areas (FATA),0.3831498356261085
2023,Pakistan,Islamabad (ICT),0.0463819325170828
2023,Pakistan,Khyber Pakhtunkhwa,0.2579402862315264
2023,Pakistan,Punjab,0.1234140357623264
2023,Pakistan,Sindh,0.2740408736113714
2023,"Palestine, State of",Gaza Strip,0.0019337960595381
2023,"Palestine, State of",West Bank,0.0020128956042767
2023,Papua New Guinea,Autonomous Region of Bougainville,0.202505918698077
2023,Papua New Guinea,Central,0.2132663824250156
2023,Papua New Guinea,Chimbu,0.2348393507927755
2023,Papua New Guinea,East New Britain,0.1740370660588952
2023,Papua New Guinea,East Sepik,0.2909486843489212
2023,Papua New Guinea,Eastern Highlands,0.2643047300905667
2023,Papua New Guinea,Enga,0.342640091044527
2023,Papua New Guinea,Gulf,0.3512590582849267
2023,Papua New Guinea,Hela,0.451257126570166
2023,Papua New Guinea,Jiwaka,0.2546092632852522
2023,Papua New Guinea,Madang,0.2987669309145113
2023,Papua New Guinea,Manus,0.1058052998055587
2023,Papua New Guinea,Milne Bay,0.227511338004112
2023,Papua New Guinea,Morobe,0.2028748639211146
2023,Papua New Guinea,National Capital District,0.0180709650923894
2023,Papua New Guinea,New Ireland,0.1882863219771863
2023,Papua New Guinea,Northern (Oro),0.3097756128938682
2023,Papua New Guinea,Southern Highlands,0.3871371135895558
2023,Papua New Guinea,West New Britain,0.2217987988763976
2023,Papua New Guinea,West Sepik (Sandaun),0.3571058031142289
2023,Papua New Guinea,Western,0.2496104436287144
2023,Papua New Guinea,Western Highlands,0.2095676205937629
2023,Paraguay,Alto Paraguay,0.0634076257170159
2023,Paraguay,Alto Paraná,0.0131205477568207
2023,Paraguay,Asunción,0.0007704893530744
2023,Paraguay,Boquerón,0.0797363659625272
2023,Paraguay,Caaguazú,0.0195560856282249
2023,Paraguay,Central,0.0021022052562019
2023,Paraguay,Itapúa,0.0286712766863219
2023,Paraguay,Resto,0.0353261241177811
2023,Paraguay,San Pedro,0.0266793845192039
2023,Peru,Amazonas,0.067658202686505
2023,Peru,Ancash,0.0249568866288254
2023,Peru,Apurimac,0.0594547076985005
2023,Peru,Arequipa,0.0036834553551042
2023,Peru,Ayacucho,0.0391883880224378
2023,Peru,Cajamarca,0.0649411935975085
2023,Peru,Callao,0.0042983208923071
2023,Peru,Cusco,0.0236543903764122
2023,Peru,Huancavelica,0.067977165245578
2023,Peru,Huanuco,0.0681375934393519
2023,Peru,Ica,0.0062092125034917
2023,Peru,Junin,0.0273282366420983
2023,Peru,La Libertad,0.0300092698053789
2023,Peru,Lambayeque,0.0195743725927426
2023,Peru,Lima,0.0037844918349359
2023,Peru,Loreto,0.1039514207522955
2023,Peru,Madre de Dios,0.0127002141002802
2023,Peru,Moquegua,0.0061379624874598
2023,Peru,Pasco,0.0414309619741235
2023,Peru,Piura,0.033498367555488
2023,Peru,Puno,0.042439342701098
2023,Peru,San Martin,0.0397790260480994
2023,Peru,Tacna,0.00373989080121
2023,Peru,Tumbes,0.0100961496716468
2023,Peru,Ucayali,0.0628075457971566
2023,Philippines,Armm,0.1008619418555954
2023,Philippines,Bicol,0.0263679658625978
2023,Philippines,Cagayan Valley,0.0144309140711238
2023,Philippines,Calabarzon,0.0150919755276059
2023,Philippines,Caraga,0.0281305340473976
2023,Philippines,Central Luzon,0.0083898962825838
2023,Philippines,Central Visayas,0.0216553894069629
2023,Philippines,Cordillera Admin,0.0078847984476128
2023,Philippines,Davao,0.0291745568633224
2023,Philippines,Eastern Visayas,0.0241248723877715
2023,Philippines,Ilocos,0.0119370651857806
2023,Philippines,Mimaropa,0.0438740471096257
2023,Philippines,National Capital,0.0042093297541044
2023,Philippines,Northern Mindanao,0.032941152726749
2023,Philippines,Soccsksargen,0.0610377639972048
2023,Philippines,Western Visayas,0.0370716622613474
2023,Philippines,Zamboanga Peninsula,0.0493943966787381
2023,Rwanda,East,0.2316359173304882
2023,Rwanda,Kigali City,0.0997558752524087
2023,Rwanda,North,0.263504399758116
2023,Rwanda,South,0.2505468662152339
2023,Rwanda,West,0.2637163545224834
2023,Samoa,Apia Urban Area,0.0145906143310286
2023,Samoa,North West Upolu,0.0348636613114954
2023,Samoa,Rest of Upolu,0.0232427901310563
2023,Samoa,Savaii,0.0181710662435707
2023,Sao Tome and Principe,Distrito de Água Grande,0.0348673992039125
2023,Sao Tome and Principe,Distrito de Mé-Zóchi,0.0394517087639548
2023,Sao Tome and Principe,Região Autónoma do Príncipe,0.0477594983187615
2023,Sao Tome and Principe,Região Norte Oeste,0.0615766631983803
2023,Sao Tome and Principe,Região Sul Oeste,0.0713646790175743
2023,Senegal,Dakar,0.083712300782273
2023,Senegal,Diourbel,0.3603713523665795
2023,Senegal,Fatick,0.2834562270168672
2023,Senegal,Kaffrine,0.502092780263406
2023,Senegal,Kaolack,0.3033455188454917
2023,Senegal,Kédougou,0.2871582494040307
2023,Senegal,Kolda,0.4112871496949632
2023,Senegal,Louga,0.2996761025174472
2023,Senegal,Matam,0.3589148060190436
2023,Senegal,Saint-Louis,0.2733946257070988
2023,Senegal,Sédhiou,0.3884280079777712
2023,Senegal,Tambacounda,0.3626703364284821
2023,Senegal,Thiès,0.2020833219404576
2023,Senegal,Ziguinchor,0.1286752579941337
2023,Serbia,Belgrade,0.000151474059991
2023,Serbia,Southern & Eastern Serbia,0.0002743448537922
2023,Serbia,Sumadija & Western Serbia,0.0009527690609643
2023,Serbia,Vojvodina,0.0002376200604567
2023,Sierra Leone,Bo,0.2894674673884056
2023,Sierra Leone,Bombali,0.2904334802888186
2023,Sierra Leone,Bonthe,0.3746648745116538
2023,Sierra Leone,Falaba,0.4620015167192363
2023,Sierra Leone,Kailahun,0.3185383816520891
2023,Sierra Leone,Kambia,0.3550802550368619
2023,Sierra Leone,Karene,0.4042946450889308
2023,Sierra Leone,Kenema,0.3165722228135871
2023,Sierra Leone,Koinadugu,0.3085879040144935
2023,Sierra Leone,Kono,0.2852897197289727
2023,Sierra Leone,Moyamba,0.3884797609818861
2023,Sierra Leone,Port Loko,0.3495647007204467
2023,Sierra Leone,Pujehun,0.42257586981796
2023,Sierra Leone,Tonkolili,0.3706390375219022
2023,Sierra Leone,Western Area Rural,0.1742208859815097
2023,Sierra Leone,Western Area Urban,0.0791683734072819
2023,Sri Lanka,Central,0.0190562423575101
2023,Sri Lanka,Eastern,0.0143345256689566
2023,Sri Lanka,North-Central,0.0108826828324728
2023,Sri Lanka,Northern,0.0110999256640438
2023,Sri Lanka,North-Western,0.0102211798241415
2023,Sri Lanka,Sabaragamuwa,0.0173514663801189
2023,Sri Lanka,Southern,0.0081212076925171
2023,Sri Lanka,Uva,0.0215119599886031
2023,Sri Lanka,Western,0.0036888103801409
2023,Sudan,Al Jazirah,0.1670911756612069
2023,Sudan,Al Qadarif,0.3875247589224717
2023,Sudan,Blue Nile,0.3711715625952601
2023,Sudan,Central Darfur,0.4917220106627632
2023,Sudan,East Darfur,0.4500973112655964
2023,Sudan,Kassala,0.3606322667023313
2023,Sudan,Khartoum,0.071077526026695
2023,Sudan,North Darfur,0.4436644783973186
2023,Sudan,North Kurdufan,0.3341474262152359
2023,Sudan,Northern,0.0337798744212557
2023,Sudan,Red Sea,0.2274283998038117
2023,Sudan,River Nile,0.0863337113100413
2023,Sudan,Sinnar,0.270816336363588
2023,Sudan,South Darfur,0.3991369204758993
2023,Sudan,South Kurdufan,0.40689366088867
2023,Sudan,West Darfur,0.4522922335367859
2023,Sudan,West Kurdufan,0.4684299141854737
2023,Sudan,White Nile,0.2568673977576535
2023,Suriname,Brokopondo,0.0198077182790745
2023,Suriname,Commewijne,0.0047425858044183
2023,Suriname,Coronie,0.0
2023,Suriname,Marowijne,0.0173159668913824
2023,Suriname,Nickerie,0.002413967672957
2023,Suriname,Para,0.0280551424245345
2023,Suriname,Paramaribo,0.005243758536068
2023,Suriname,Saramacca,0.0088357218790218
2023,Suriname,Sipaliwini,0.1237426451576963
2023,Suriname,Wanica,0.0019505409253683
2023,Tajikistan,DRS,0.0242945269707601
2023,Tajikistan,Dushanbe,0.008496766575373
2023,Tajikistan,Gbao,0.0242893421511226
2023,Tajikistan,Khatlon,0.0417499486120752
2023,Tajikistan,Sughd,0.0226698212174075
2023,Tanzania,Central,0.3316834229729798
2023,Tanzania,Eastern,0.1406053885803653
2023,Tanzania,Lake,0.3464769795775459
2023,Tanzania,Northern,0.2012241476090789
2023,Tanzania,South West,0.3184639222160799
2023,Tanzania,Southern,0.2876043066387421
2023,Tanzania,Southern Highlands,0.2356620396349307
2023,Tanzania,Western,0.389871658721636
2023,Tanzania,Zanzibar,0.1315935686426067
2023,Thailand,Bangkok,0.0004880877001546
2023,Thailand,Central,0.0017361508634579
2023,Thailand,North,0.0038052703608251
2023,Thailand,Northeast,0.0019671797964702
2023,Thailand,South,0.0026518053570568
2023,Timor-Leste,Aileu,0.2386953586961834
2023,Timor-Leste,Ainaro,0.3253788146887428
2023,Timor-Leste,Baucau,0.2138489182986204
2023,Timor-Leste,Bobonaro,0.2551872222704644
2023,Timor-Leste,Cova Lima,0.2419170603039921
2023,Timor-Leste,Dili,0.094245525264488
2023,Timor-Leste,Ermera,0.3335190755748039
2023,Timor-Leste,Lautem,0.1838903548505296
2023,Timor-Leste,Liquica,0.238018052527581
2023,Timor-Leste,Manatuto,0.2186235209814119
2023,Timor-Leste,Manufahi,0.2237245148087337
2023,Timor-Leste,Oecussi,0.3374377666135072
2023,Timor-Leste,Viqueque,0.2185089056058243
2023,Togo,Centrale,0.1911524175597573
2023,Togo,Golfe Urbain,0.036054924209449
2023,Togo,Kara,0.2655698547046539
2023,Togo,Lomé Commune,0.0402316672972077
2023,Togo,Maritime,0.1782194393325969
2023,Togo,Plateaux,0.1909168888648199
2023,Togo,Savanes,0.3335048530530141
2023,Tonga,Eua,0.005467943267228
2023,Tonga,Ha'apai,0.0085193455434141
2023,Tonga,Ongo Niua,0.012048965065398
2023,Tonga,Tongatapu,0.0025673871500253
2023,Tonga,Vava'u,0.0029460631047714
2023,Trinidad and Tobago,Central,0.0017552359029926
2023,Trinidad and Tobago,East,0.0055628010795784
2023,Trinidad and Tobago,North West,0.0014898106297067
2023,Trinidad and Tobago,South West,0.0034230774174886
2023,Trinidad and Tobago,Tobago,0.0009451007149166
2023,Tunisia,Centre Est,0.0032457673855712
2023,Tunisia,Centre Ouest,0.0080293225129963
2023,Tunisia,District Tunis,0.0003898221887077
2023,Tunisia,Nord Est,0.001517786341536
2023,Tunisia,Nord Ouest,0.0043711317826125
2023,Tunisia,Sud Est,0.0011068430122052
2023,Tunisia,Sud Ouest,0.0036534344264679
2023,Turkmenistan,Ahal,0.0029990936181097
2023,Turkmenistan,Ashgabat,0.0010255516933354
2023,Turkmenistan,Balkan,0.0006035375844692
2023,Turkmenistan,Dashoguz,0.0
2023,Turkmenistan,Lebap,0.0009874939902815
2023,Turkmenistan,Mary,0.0002296315879209
2023,Uganda,Acholi,0.3587934782619319
2023,Uganda,Ankole,0.2809893386111585
2023,Uganda,Bugisu,0.2971277924749059
2023,Uganda,Bukedi,0.3029260571952104
2023,Uganda,Bunyoro,0.3478834837667564
2023,Uganda,Busoga,0.2538684331708589
2023,Uganda,Kampala,0.0307412982348789
2023,Uganda,Karamoja,0.6288812306044883
2023,Uganda,Kigezi,0.2668827402677869
2023,Uganda,Lango,0.3513057234432174
2023,Uganda,North Buganda,0.2110493003122378
2023,Uganda,South Buganda,0.1529849911461303
2023,Uganda,Teso,0.3195390645127341
2023,Uganda,Tooro,0.3059791512846325
2023,Uganda,West Nile,0.4116677923722086
2023,Ukraine,Center,0.0008462084886636
2023,Ukraine,East,0.0008071859285901
2023,Ukraine,North,0.0006476748098281
2023,Ukraine,South,0.0005920735552869
2023,Ukraine,West,0.0011715887311576
2023,Uzbekistan,Central,0.00580498203012
2023,Uzbekistan,Central-Eastern,0.0076528605823546
2023,Uzbekistan,Eastern,0.0040870117569606
2023,Uzbekistan,Southern,0.009506938631155
2023,Uzbekistan,Tashkent City,0.0008630076145996
2023,Uzbekistan,Western,0.0071742952644155
2023,Viet Nam,Central Highlands,0.0259657375501501
2023,Viet Nam,Mekong River Delta,0.0077798488418308
2023,Viet Nam,North Central & Central Coast,0.0033213352924266
2023,Viet Nam,Northern Uplands,0.0262424524792068
2023,Viet Nam,Red River Delta,0.0009506977941181
2023,Viet Nam,Southeast,0.0029381747344679
2023,Yemen,Abyan,0.1445686330817172
2023,Yemen,Aden,0.0674307617496783
2023,Yemen,Al-Baidha,0.2133259579104758
2023,Yemen,Aldhalae,0.2185503852007243
2023,Yemen,Al-Hodiedah,0.3245346286408817
2023,Yemen,Al-Jawf,0.2935705216435333
2023,Yemen,Al-Mhrah,0.1113599137882518
2023,Yemen,Al-Mhweit,0.3504765530158928
2023,Yemen,Amran,0.3523823705273905
2023,Yemen,Dhamar,0.3302811474755395
2023,Yemen,Hadramout,0.1252041373292526
2023,Yemen,Hajjah,0.4583317149695371
2023,Yemen,Ibb,0.2274385886165605
2023,Yemen,Lahj,0.2091697872634999
2023,Yemen,Mareb,0.2208879063120104
2023,Yemen,Reimah,0.3925687529373439
2023,Yemen,Sadah,0.30314479755734
2023,Yemen,Sanaa,0.2761797005190083
2023,Yemen,Sanaa City,0.046425692812026
2023,Yemen,Shabwah,0.1753701579143501
2023,Yemen,Taiz,0.2133268082821804
2023,Zambia,Central,0.2486141223388296
2023,Zambia,Copperbelt,0.1240374516860674
2023,Zambia,Eastern,0.3216799445358587
2023,Zambia,Luapula,0.3474417776822772
2023,Zambia,Lusaka,0.0850443477781945
2023,Zambia,Muchinga,0.2890748575108877
2023,Zambia,Northern,0.3294722822954827
2023,Zambia,North-Western,0.2531920513746994
2023,Zambia,Southern,0.2131727135176048
2023,Zambia,Western,0.3392865159043831
2023,Zimbabwe,Bulawayo,0.0153449756384244
2023,Zimbabwe,Harare,0.0187693923042409
2023,Zimbabwe,Manicaland,0.1385696291016889
2023,Zimbabwe,Mashonaland Central,0.1530712960514447
2023,Zimbabwe,Mashonaland East,0.0999352182693455
2023,Zimbabwe,Mashonaland West,0.1204353121012291
2023,Zimbabwe,Masvingo,0.1323693469635581
2023,Zimbabwe,Matabeleland North,0.1913336644300788
2023,Zimbabwe,Matabeleland South,0.1135814981680191
2023,Zimbabwe,Midlands,0.1300539367149733
