system:index,ADM1_CODE,ADM2_CODE,ADM2_NAME,Country,Median_Pop,StdDev_Pop,Total_Pop,Year,.geo
1_1_2_00000000000000000cd6,2107,147350,El Hajeb,Morocco,0.734372826990421,6.273711388538743,200232.81289427582,2012,"{""type"":""MultiPoint"",""coordinates"":[]}"
1_1_2_00000000000000000cd7,2107,147351,Meknès,Morocco,1.4096685094943766,24.839325490170776,589359.4113656662,2012,"{""type"":""MultiPoint"",""coordinates"":[]}"
1_1_2_00000000000000000cda,2109,147352,Berkane Taourirt,Morocco,0.3870685115495965,10.530431620672065,349599.8830493402,2012,"{""type"":""MultiPoint"",""coordinates"":[]}"
1_1_2_00000000000000000cdb,2109,147353,Jerada,Morocco,0.3609686382449103,5.005875850796014,55436.13784839455,2012,"{""type"":""MultiPoint"",""coordinates"":[]}"
1_1_2_00000000000000000cdc,2109,147354,Oujda Angad,Morocco,0.20351066784604624,19.567031014299484,444649.9750065265,2012,"{""type"":""MultiPoint"",""coordinates"":[]}"
1_1_2_00000000000000000cdf,147326,147339,Ben Slimane,Morocco,0.23756391370497582,4.219075867543431,242533.11539495166,2012,"{""type"":""MultiPoint"",""coordinates"":[]}"
1_1_2_00000000000000000ce3,147328,147340,Fès,Morocco,0.6381859011959482,54.345435831532576,539839.6939698373,2012,"{""type"":""MultiPoint"",""coordinates"":[]}"
1_1_2_00000000000000000ce4,147328,147341,Sefrou,Morocco,0.4135572589535383,10.813496236228248,180102.5785389535,2012,"{""type"":""MultiPoint"",""coordinates"":[]}"
1_1_2_00000000000000000ce5,147328,147342,Zouagha-Moulay Yacoub,Morocco,1.4222882128783794,23.032175445556327,488598.5087888258,2012,"{""type"":""MultiPoint"",""coordinates"":[]}"
1_1_2_00000000000000000ce8,147330,147343,Casablanca,Morocco,9.829280278629678,66.42254176178932,3242611.8781559784,2012,"{""type"":""MultiPoint"",""coordinates"":[]}"
1_1_2_00000000000000000ce9,147330,147344,Mohammedia,Morocco,36.2626807610873,17.54926638308328,179958.35403705857,2012,"{""type"":""MultiPoint"",""coordinates"":[]}"
1_1_2_00000000000000000cec,147331,147345,Assa-Zag,Morocco,0.05398150483767192,0.498474568321941,1749.7473455306845,2012,"{""type"":""MultiPoint"",""coordinates"":[]}"
1_1_2_00000000000000000ced,147331,147346,Guelmim,Morocco,0.13031433522961341,10.282544172053246,113021.25041438351,2012,"{""type"":""MultiPoint"",""coordinates"":[]}"
1_1_2_00000000000000000cf1,147333,147347,Al Haouz,Morocco,1.1173511646125331,3.1484691066337325,236969.65646361056,2012,"{""type"":""MultiPoint"",""coordinates"":[]}"
1_1_2_00000000000000000cf2,147333,147348,Chichaoua,Morocco,0.3591139245195856,2.893949219601108,138042.8459913782,2012,"{""type"":""MultiPoint"",""coordinates"":[]}"
1_1_2_00000000000000000cf3,147333,147349,Marrakech,Morocco,1.2330075753076666,34.9184926331085,1049554.3283746147,2012,"{""type"":""MultiPoint"",""coordinates"":[]}"
1_1_2_00000000000000000cf7,147334,147355,Skhirate-Témara,Morocco,0.2931953914287352,18.20286144922388,503619.1389098265,2012,"{""type"":""MultiPoint"",""coordinates"":[]}"
1_1_2_00000000000000000cfa,147335,147356,Agadir-Ida ou Tanane,Morocco,1.3856014725152204,19.068563370606395,558119.6876536834,2012,"{""type"":""MultiPoint"",""coordinates"":[]}"
1_1_2_00000000000000000cfb,147335,147357,Chtouka-Aït Baha,Morocco,0.7207217810472754,4.459380746917563,247845.21721277724,2012,"{""type"":""MultiPoint"",""coordinates"":[]}"
1_1_2_00000000000000000cfc,147335,147358,Inezgane-Aït Melloul,Morocco,3.468540901312798,23.830502973225382,314638.4813420017,2012,"{""type"":""MultiPoint"",""coordinates"":[]}"
1_1_2_00000000000000000cfd,147335,147359,Ouarzazate,Morocco,0.13846615218363234,3.564904786632826,315336.8839882085,2012,"{""type"":""MultiPoint"",""coordinates"":[]}"
1_1_2_00000000000000000cfe,147335,147360,Zagora,Morocco,0.8746528492639791,5.778994291667546,50834.083679351985,2012,"{""type"":""MultiPoint"",""coordinates"":[]}"
1_1_2_00000000000000000d04,147337,147361,Fahs Anjra,Morocco,0.6898336157889352,40.700390376700554,393435.03324403457,2012,"{""type"":""MultiPoint"",""coordinates"":[]}"
1_1_2_00000000000000000d05,147337,147362,Tanger-Assilah,Morocco,0.6729328347517111,23.274788596661434,460645.109724415,2012,"{""type"":""MultiPoint"",""coordinates"":[]}"
1_1_2_00000000000000002068,1701,65716,Ajloon,Jordan,2.06496254192899,2.2551863734134856,85765.85788292825,2012,"{""type"":""MultiPoint"",""coordinates"":[]}"
1_1_2_00000000000000002069,1703,65718,Wadi Araba,Jordan,0.02698730565457962,0.032475272404773485,351.6505315481959,2012,"{""type"":""MultiPoint"",""coordinates"":[]}"
1_1_2_0000000000000000206a,1702,65722,Al-Salt,Jordan,3.186186042773293,3.9407387670718013,76078.6393406212,2012,"{""type"":""MultiPoint"",""coordinates"":[]}"
1_1_2_0000000000000000206b,1707,65740,Irbid,Jordan,8.124025638594619,12.830523542357271,378070.1460593621,2012,"{""type"":""MultiPoint"",""coordinates"":[]}"
1_1_2_0000000000000000206c,1704,65724,Al-Qaser,Jordan,1.0290585894932156,1.951774691049293,14030.097590316658,2012,"{""type"":""MultiPoint"",""coordinates"":[]}"
1_1_2_0000000000000000206d,1704,65725,Al-Qatraneh,Jordan,0.058506689986164886,0.1546346497641427,1987.890049944369,2012,"{""type"":""MultiPoint"",""coordinates"":[]}"
1_1_2_0000000000000000206e,1709,65744,Ma'an,Jordan,0.08623348224255831,1.252474994368975,20974.01185040482,2012,"{""type"":""MultiPoint"",""coordinates"":[]}"
1_1_2_0000000000000000206f,1710,65745,Madaba,Jordan,0.867836978494218,6.726430675307145,93390.7385582014,2012,"{""type"":""MultiPoint"",""coordinates"":[]}"
1_1_2_00000000000000002070,1710,65746,Theeban,Jordan,0.7801477613474661,1.1378237482312619,17874.689281033847,2012,"{""type"":""MultiPoint"",""coordinates"":[]}"
1_1_2_00000000000000002071,1711,65728,Al-ruwaished,Jordan,0.07643023126650929,0.3324028156405386,9180.829041638117,2012,"{""type"":""MultiPoint"",""coordinates"":[]}"
1_1_2_00000000000000002072,1711,65729,Bal'ama,Jordan,0.6560848680491039,0.8613058642547019,39422.00754042136,2012,"{""type"":""MultiPoint"",""coordinates"":[]}"
1_1_2_00000000000000002073,1706,65735,Tafiela,Jordan,0.42883225324171226,2.2465816177428772,30727.75128018731,2012,"{""type"":""MultiPoint"",""coordinates"":[]}"
1_1_2_00000000000000002074,1712,65736,Al-Hashimiya,Jordan,0.01398791722278781,0.39408230092484653,4255.694111915907,2012,"{""type"":""MultiPoint"",""coordinates"":[]}"
1_1_2_00000000000000002075,1711,65731,Sabha,Jordan,0.3420306553205958,1.0284586419633037,19441.505914351197,2012,"{""type"":""MultiPoint"",""coordinates"":[]}"
1_1_2_00000000000000002076,1712,65738,Zarqa,Jordan,2.2301080433911893,12.705305154398832,462604.3070040288,2012,"{""type"":""MultiPoint"",""coordinates"":[]}"
1_1_2_00000000000000002077,1711,65730,Mafraq,Jordan,0.8103963837806983,3.0934370727909317,127814.85591389242,2012,"{""type"":""MultiPoint"",""coordinates"":[]}"
1_1_2_00000000000000002078,1711,65732,Sama Al-Serhan,Jordan,0.7819030516632406,1.6276638968346806,30350.125957894546,2012,"{""type"":""MultiPoint"",""coordinates"":[]}"
1_1_2_00000000000000002079,1707,65739,Al-Wasatiya,Jordan,3.813097672099426,3.5330726809217516,23578.86881049123,2012,"{""type"":""MultiPoint"",""coordinates"":[]}"
1_1_2_0000000000000000207a,1701,65715,Kufranjeh,Jordan,2.682325080626355,2.631689316274028,24380.317719031787,2012,"{""type"":""MultiPoint"",""coordinates"":[]}"
1_1_2_0000000000000000207b,1702,65720,Al-Ardha,Jordan,1.0316250009511205,0.9970535474510944,6252.773985738908,2012,"{""type"":""MultiPoint"",""coordinates"":[]}"
1_1_2_0000000000000000207c,1702,65721,Zay,Jordan,6.814523502623055,3.190758144335088,23553.882316586092,2012,"{""type"":""MultiPoint"",""coordinates"":[]}"
1_1_2_0000000000000000207d,1702,65719,Mahes & Fhais,Jordan,0.8270155820213235,0.8582662428475294,8708.775494254913,2012,"{""type"":""MultiPoint"",""coordinates"":[]}"
1_1_2_0000000000000000207e,1702,65723,Ira & Yarqa,Jordan,1.911052741443287,1.6055848046041157,14073.743834908562,2012,"{""type"":""MultiPoint"",""coordinates"":[]}"
1_1_2_0000000000000000207f,1712,65737,Al-Dhilail,Jordan,0.558661824933727,0.9638596966619489,11445.155225914197,2012,"{""type"":""MultiPoint"",""coordinates"":[]}"
1_1_2_00000000000000002080,1704,65726,Faqooa',Jordan,1.1087963029902468,1.1980655123146242,8104.2465948579975,2012,"{""type"":""MultiPoint"",""coordinates"":[]}"
1_1_2_00000000000000002081,1704,36739,Ayy,Jordan,1.7743964900291012,1.9642944370145574,6731.507614460178,2012,"{""type"":""MultiPoint"",""coordinates"":[]}"
1_1_2_00000000000000002082,1704,65727,Karak,Jordan,1.3131647270118272,3.0581716393020457,55570.8724228514,2012,"{""type"":""MultiPoint"",""coordinates"":[]}"
1_1_2_00000000000000002083,1706,65733,Al-Hasa,Jordan,0.11288073786560905,0.3027113084272819,2598.341181142431,2012,"{""type"":""MultiPoint"",""coordinates"":[]}"
1_1_2_00000000000000002084,1706,65734,Bsaira,Jordan,1.158303120606382,2.326347034579529,12716.798963351575,2012,"{""type"":""MultiPoint"",""coordinates"":[]}"
1_1_2_00000000000000002085,1703,65717,Aqaba,Jordan,1.056614272771811,3.720025168122336,64046.18689687888,2012,"{""type"":""MultiPoint"",""coordinates"":[]}"
1_1_2_00000000000000002086,1709,65743,Ail,Jordan,0.21480530892942515,0.24380815447506646,2467.2644297361558,2012,"{""type"":""MultiPoint"",""coordinates"":[]}"
1_1_2_00000000000000002087,1709,65741,Al-Mraigha,Jordan,0.3793522730469704,0.35276128904761217,3166.722168861359,2012,"{""type"":""MultiPoint"",""coordinates"":[]}"
1_1_2_00000000000000002088,1709,65742,Al-Jafer,Jordan,0.24217574257008065,0.4991572388661455,2966.3047964138723,2012,"{""type"":""MultiPoint"",""coordinates"":[]}"
1_1_2_00000000000000000cd3,2107,21792,Errachidia,Morocco,0.7326799122285165,5.69724651050453,284395.5798851128,2012,"{""type"":""MultiPoint"",""coordinates"":[]}"
1_1_2_00000000000000000cd4,2107,21793,Ifrane,Morocco,0.7414365608637186,9.12817978507238,82778.2871003587,2012,"{""type"":""MultiPoint"",""coordinates"":[]}"
1_1_2_00000000000000000cd5,2107,21794,Khénifra,Morocco,0.14766756126075464,12.543048874513458,277699.15157120256,2012,"{""type"":""MultiPoint"",""coordinates"":[]}"
1_1_2_00000000000000000cd8,2109,21818,Figuig,Morocco,0.20029756562816872,7.875121124788212,49839.575313699104,2012,"{""type"":""MultiPoint"",""coordinates"":[]}"
1_1_2_00000000000000000cd9,2109,21819,Nador,Morocco,0.4256607362207167,7.387846709873261,528882.467614157,2012,"{""type"":""MultiPoint"",""coordinates"":[]}"
1_1_2_00000000000000000cdd,147326,21805,Khouribga,Morocco,0.24481689283516972,8.928010526443,412882.8749632675,2012,"{""type"":""MultiPoint"",""coordinates"":[]}"
1_1_2_00000000000000000cde,147326,21806,Settat,Morocco,0.3879625089493993,4.907597213012003,782580.1910057032,2012,"{""type"":""MultiPoint"",""coordinates"":[]}"
1_1_2_00000000000000000ce0,147327,21804,El Jadida,Morocco,0.7147503269181444,5.642876080719827,848510.0098098835,2012,"{""type"":""MultiPoint"",""coordinates"":[]}"
1_1_2_00000000000000000ce1,147327,21832,Safi,Morocco,0.4312864443651011,7.075952176995094,633892.1727585916,2012,"{""type"":""MultiPoint"",""coordinates"":[]}"
1_1_2_00000000000000000ce2,147328,21788,Boulemane,Morocco,0.6186206125155129,4.293169601873777,74484.96672534416,2012,"{""type"":""MultiPoint"",""coordinates"":[]}"
1_1_2_00000000000000000ce6,147329,21809,Kénitra,Morocco,1.425569334973348,12.036185644290034,893115.9788754239,2012,"{""type"":""MultiPoint"",""coordinates"":[]}"
1_1_2_00000000000000000ce7,147329,21814,Sidi Kacem,Morocco,1.3967517951086987,8.119957143553403,370988.7705471305,2012,"{""type"":""MultiPoint"",""coordinates"":[]}"
1_1_2_00000000000000000cea,147331,21825,Tan-Tan,Morocco,0.1356710154137654,8.850702080967931,12219.741957017435,2012,"{""type"":""MultiPoint"",""coordinates"":[]}"
1_1_2_00000000000000000ceb,147331,21827,Tata,Morocco,0.027441315594350067,1.8666151306942975,35724.705248143575,2012,"{""type"":""MultiPoint"",""coordinates"":[]}"
1_1_2_00000000000000000cee,147332,21823,Laâyoune,Morocco,0.015604414607766966,2.290675530286642,4611.866039037502,2012,"{""type"":""MultiPoint"",""coordinates"":[]}"
1_1_2_00000000000000000cef,147333,21829,El Kelaâ des Sraghna,Morocco,0.3585573176761435,4.597467530995516,510068.2622244977,2012,"{""type"":""MultiPoint"",""coordinates"":[]}"
1_1_2_00000000000000000cf0,147333,21830,Essaouira,Morocco,0.6138514270628713,2.796987860098398,174563.5575746091,2012,"{""type"":""MultiPoint"",""coordinates"":[]}"
1_1_2_00000000000000000cf4,147334,21810,Khémisset,Morocco,0.26198607461049683,11.709645325542404,323589.4979090334,2012,"{""type"":""MultiPoint"",""coordinates"":[]}"
1_1_2_00000000000000000cf5,147334,21812,Rabat,Morocco,22.902485515517103,48.55639458275097,577551.8977960242,2012,"{""type"":""MultiPoint"",""coordinates"":[]}"
1_1_2_00000000000000000cf6,147334,21813,Salé,Morocco,0.5195853927188399,38.95118955344321,627020.9983281738,2012,"{""type"":""MultiPoint"",""coordinates"":[]}"
1_1_2_00000000000000000cf8,147335,21826,Taroudannt,Morocco,0.7267348874566265,3.8726156700605037,436341.5518132716,2012,"{""type"":""MultiPoint"",""coordinates"":[]}"
1_1_2_00000000000000000cf9,147335,21828,Tiznit,Morocco,0.19536857257741025,3.114875945660713,192442.222693829,2012,"{""type"":""MultiPoint"",""coordinates"":[]}"
1_1_2_00000000000000000cff,147336,21799,Azilal,Morocco,0.8715209223410966,4.908927995134247,228149.62880293455,2012,"{""type"":""MultiPoint"",""coordinates"":[]}"
1_1_2_00000000000000000d00,147336,21802,Béni Mellal,Morocco,0.437998269115356,7.8086353304101,732342.6542511955,2012,"{""type"":""MultiPoint"",""coordinates"":[]}"
1_1_2_00000000000000000d01,147337,21808,Chefchaouen,Morocco,1.233815561319461,4.74490979702944,180535.52113006162,2012,"{""type"":""MultiPoint"",""coordinates"":[]}"
1_1_2_00000000000000000d02,147337,21811,Larache,Morocco,0.8030467655901615,12.901630789995673,306804.15939044143,2012,"{""type"":""MultiPoint"",""coordinates"":[]}"
1_1_2_00000000000000000d03,147337,21817,Tétouan,Morocco,0.429616297887478,15.61071432689908,507602.6134769916,2012,"{""type"":""MultiPoint"",""coordinates"":[]}"
1_1_2_00000000000000000d06,147338,21787,Al Hoceïma,Morocco,1.2243949936395344,8.667814512063305,219133.90454219334,2012,"{""type"":""MultiPoint"",""coordinates"":[]}"
1_1_2_00000000000000000d07,147338,21790,Taounate,Morocco,1.1185391917990513,3.1671603441029954,235436.61391861114,2012,"{""type"":""MultiPoint"",""coordinates"":[]}"
1_1_2_00000000000000000d08,147338,21791,Taza,Morocco,0.37621688578834234,9.433319985810236,346331.4151719534,2012,"{""type"":""MultiPoint"",""coordinates"":[]}"
1_1_2_0000000000000000204f,1705,36719,Al-Muwaqar,Jordan,0.43292336147639815,1.5748087083574807,27573.89004235993,2012,"{""type"":""MultiPoint"",""coordinates"":[]}"
1_1_2_00000000000000002050,1705,36715,Al-Jeeza,Jordan,0.18685306334451185,0.7216921974030536,34053.8486241466,2012,"{""type"":""MultiPoint"",""coordinates"":[]}"
1_1_2_00000000000000002051,1705,36717,Amman,Jordan,88.26179038533382,17.381402323847244,561502.184724976,2012,"{""type"":""MultiPoint"",""coordinates"":[]}"
1_1_2_00000000000000002052,1705,36714,Jami'ah,Jordan,18.758396225773485,10.504706617326569,282942.7801584705,2012,"{""type"":""MultiPoint"",""coordinates"":[]}"
1_1_2_00000000000000002053,1705,36718,Marka,Jordan,25.75404592660757,28.476648713452263,486879.76102904655,2012,"{""type"":""MultiPoint"",""coordinates"":[]}"
1_1_2_00000000000000002054,1705,36720,Na'oor,Jordan,2.4374586357700876,3.3986102342778173,62185.49321420498,2012,"{""type"":""MultiPoint"",""coordinates"":[]}"
1_1_2_00000000000000002055,1705,36716,Qwaismeh,Jordan,15.755135520074745,9.808924912163608,260914.63900571642,2012,"{""type"":""MultiPoint"",""coordinates"":[]}"
1_1_2_00000000000000002056,1705,36721,Sahab,Jordan,0.5553302392891251,6.3700057946319095,50977.17548164406,2012,"{""type"":""MultiPoint"",""coordinates"":[]}"
1_1_2_00000000000000002057,1705,36722,Wadisseer,Jordan,5.746671899889243,12.062236708598217,175677.27968166032,2012,"{""type"":""MultiPoint"",""coordinates"":[]}"
1_1_2_00000000000000002058,1703,36724,Al-Qwaira,Jordan,0.17919977988838431,0.30007736303166965,4550.881181011254,2012,"{""type"":""MultiPoint"",""coordinates"":[]}"
1_1_2_00000000000000002059,1702,36728,Al-Ruseifa,Jordan,1.2351117133601537,28.83350111440955,298520.32518795185,2012,"{""type"":""MultiPoint"",""coordinates"":[]}"
1_1_2_0000000000000000205a,1702,36726,Al-Shoona Al-Janoobiya,Jordan,1.530511418547743,1.9440265208451364,45845.518127669726,2012,"{""type"":""MultiPoint"",""coordinates"":[]}"
1_1_2_0000000000000000205b,1702,36725,Dair Ala,Jordan,7.625588982676703,9.105516260453493,131230.61420123366,2012,"{""type"":""MultiPoint"",""coordinates"":[]}"
1_1_2_0000000000000000205c,1707,36730,Al-Aghwar Al-Shimaliya,Jordan,2.0621146822992076,4.045599888989642,105109.8161194754,2012,"{""type"":""MultiPoint"",""coordinates"":[]}"
1_1_2_0000000000000000205d,1707,36735,Al-Koora,Jordan,3.9360875606502237,2.9972024798209964,44290.85681032573,2012,"{""type"":""MultiPoint"",""coordinates"":[]}"
1_1_2_0000000000000000205e,1707,36736,Al-Mazar Al-Shimali,Jordan,3.321094051814419,3.5930327382870004,28224.227057197986,2012,"{""type"":""MultiPoint"",""coordinates"":[]}"
1_1_2_0000000000000000205f,1707,36731,Al-Ramtha,Jordan,2.6868737666065137,2.5624068262964834,69980.51226073418,2012,"{""type"":""MultiPoint"",""coordinates"":[]}"
1_1_2_00000000000000002060,1707,36729,Al-Teeba,Jordan,2.688392779482958,2.862583122049333,84457.58545658684,2012,"{""type"":""MultiPoint"",""coordinates"":[]}"
1_1_2_00000000000000002061,1707,36734,Beni Kinana,Jordan,3.688785568895624,3.4390541383612043,86518.7510138374,2012,"{""type"":""MultiPoint"",""coordinates"":[]}"
1_1_2_00000000000000002062,1707,36732,Beni Obaid,Jordan,2.6229782985395436,4.483966923990948,94909.69228182014,2012,"{""type"":""MultiPoint"",""coordinates"":[]}"
1_1_2_00000000000000002063,1708,36737,Jarash,Jordan,2.313648599797098,3.8513684634042997,152375.45188654782,2012,"{""type"":""MultiPoint"",""coordinates"":[]}"
1_1_2_00000000000000002064,1704,36738,Al-Aghwar Al-Janoobiya,Jordan,0.4045552914837985,1.330954141864576,17509.922419945473,2012,"{""type"":""MultiPoint"",""coordinates"":[]}"
1_1_2_00000000000000002065,1704,36741,Al-Mazar Al-Janoobi,Jordan,1.056471339180288,3.8005297293198446,46816.85124553378,2012,"{""type"":""MultiPoint"",""coordinates"":[]}"
1_1_2_00000000000000002066,1709,36745,Al-Shobak,Jordan,0.3515263155199992,0.34994092501407875,5633.458854914242,2012,"{""type"":""MultiPoint"",""coordinates"":[]}"
1_1_2_00000000000000002067,1709,36746,Wadi Moosa,Jordan,0.8026994243264198,2.858987736767042,18425.66391694843,2012,"{""type"":""MultiPoint"",""coordinates"":[]}"
1_1_2_000000000000000021ad,25350,47603,Administrative unit not available,Montenegro,0.08520958135726799,0.28194390496995103,2993.362044544712,2012,"{""type"":""MultiPoint"",""coordinates"":[]}"
1_1_2_000000000000000021ae,25351,47604,Administrative unit not available,Montenegro,0.7345995910407731,1.4448879185736938,24196.319287266757,2012,"{""type"":""MultiPoint"",""coordinates"":[]}"
1_1_2_000000000000000021af,25352,47605,Administrative unit not available,Montenegro,0.20333878471160058,1.2651884377577407,20288.395297339863,2012,"{""type"":""MultiPoint"",""coordinates"":[]}"
1_1_2_000000000000000021b0,25353,47606,Administrative unit not available,Montenegro,0.9027866149189496,1.8806225339268081,18360.94452315961,2012,"{""type"":""MultiPoint"",""coordinates"":[]}"
1_1_2_000000000000000021b1,25354,47607,Administrative unit not available,Montenegro,1.6083672593037288,1.1058528439131885,12069.692342986313,2012,"{""type"":""MultiPoint"",""coordinates"":[]}"
1_1_2_000000000000000021b2,25355,47608,Administrative unit not available,Montenegro,0.35921316755253596,0.8528586059990181,11298.218776378524,2012,"{""type"":""MultiPoint"",""coordinates"":[]}"
1_1_2_000000000000000021b3,25356,47609,Administrative unit not available,Montenegro,0.4538451611584526,0.9686540075484609,9864.287521840202,2012,"{""type"":""MultiPoint"",""coordinates"":[]}"
1_1_2_000000000000000021b4,25357,47610,Administrative unit not available,Montenegro,1.0460182478857765,1.694547252628944,15010.102906978773,2012,"{""type"":""MultiPoint"",""coordinates"":[]}"
1_1_2_000000000000000021b5,25358,47611,Administrative unit not available,Montenegro,0.08229978191197947,0.34428148768840133,2640.056489504736,2012,"{""type"":""MultiPoint"",""coordinates"":[]}"
1_1_2_000000000000000021b6,25359,47612,Administrative unit not available,Montenegro,0.8895230319715073,0.9872745933072062,6919.372482299641,2012,"{""type"":""MultiPoint"",""coordinates"":[]}"
1_1_2_000000000000000021b7,25360,47613,Administrative unit not available,Montenegro,0.5544390820938608,0.8551672306917045,2757.48700442431,2012,"{""type"":""MultiPoint"",""coordinates"":[]}"
1_1_2_000000000000000021b8,25361,47614,Administrative unit not available,Montenegro,0.20024364182954021,1.5317965877229036,35562.22108976365,2012,"{""type"":""MultiPoint"",""coordinates"":[]}"
1_1_2_000000000000000021b9,25362,47615,Administrative unit not available,Montenegro,0.22595238995356853,0.5836693918754149,6915.056453457131,2012,"{""type"":""MultiPoint"",""coordinates"":[]}"
1_1_2_000000000000000021ba,25363,47616,Administrative unit not available,Montenegro,0.17240793572612967,1.4098088499476202,13815.014848687068,2012,"{""type"":""MultiPoint"",""coordinates"":[]}"
1_1_2_000000000000000021bb,25364,47617,Administrative unit not available,Montenegro,0.013606260964159662,0.07396834255267691,377.7198347006431,2012,"{""type"":""MultiPoint"",""coordinates"":[]}"
1_1_2_000000000000000021bc,25365,47618,Administrative unit not available,Montenegro,1.1543689405947333,2.334992416821694,121394.69391192182,2012,"{""type"":""MultiPoint"",""coordinates"":[]}"
1_1_2_000000000000000021bd,25366,47619,Administrative unit not available,Montenegro,0.7792932367132556,1.950765567478681,8369.780906115062,2012,"{""type"":""MultiPoint"",""coordinates"":[]}"
1_1_2_000000000000000021be,25367,47620,Administrative unit not available,Montenegro,0.029200919750194575,0.12029718634571902,333.2011373228522,2012,"{""type"":""MultiPoint"",""coordinates"":[]}"
1_1_2_000000000000000021bf,25368,47621,Administrative unit not available,Montenegro,1.016181192779338,1.2828983671573202,12083.720975085918,2012,"{""type"":""MultiPoint"",""coordinates"":[]}"
1_1_2_000000000000000021c0,25369,47622,Administrative unit not available,Montenegro,0.5392867796817921,0.7221183689015085,9735.817118184148,2012,"{""type"":""MultiPoint"",""coordinates"":[]}"
1_1_2_000000000000000021c1,25370,47623,Administrative unit not available,Montenegro,0.034897310949819814,0.17295277258407032,1747.2459556282242,2012,"{""type"":""MultiPoint"",""coordinates"":[]}"
1_1_2_00000000000000002373,652,6242,Neretvljanski,Bosnia and Herzegovina,0.23428888776586812,0.9435247611134304,147900.99268440346,2012,"{""type"":""MultiPoint"",""coordinates"":[]}"
1_1_2_00000000000000002374,652,6244,Sarajevo,Bosnia and Herzegovina,0.10750434957874501,7.945206426807722,353888.05967587326,2012,"{""type"":""MultiPoint"",""coordinates"":[]}"
1_1_2_00000000000000002375,652,6248,Zapadnobosanski,Bosnia and Herzegovina,0.14100972756744598,0.559142559154567,46330.30634172781,2012,"{""type"":""MultiPoint"",""coordinates"":[]}"
1_1_2_00000000000000002376,652,6249,Zapadnohercegovacki,Bosnia and Herzegovina,0.3906647161185048,0.7714185357779555,76448.5853090657,2012,"{""type"":""MultiPoint"",""coordinates"":[]}"
1_1_2_00000000000000002377,653,6253,Bileca,Bosnia and Herzegovina,0.05416487899172771,0.4311426365965776,6686.814538579665,2012,"{""type"":""MultiPoint"",""coordinates"":[]}"
1_1_2_00000000000000002378,653,6268,Foca,Bosnia and Herzegovina,0.04188552386445471,0.4919039619302473,11959.648422975191,2012,"{""type"":""MultiPoint"",""coordinates"":[]}"
1_1_2_00000000000000002379,653,6269,Gacko,Bosnia and Herzegovina,0.038264431706916284,0.33867330187812267,5168.111643445385,2012,"{""type"":""MultiPoint"",""coordinates"":[]}"
1_1_2_0000000000000000237a,653,6279,Kalinovik,Bosnia and Herzegovina,0.010799262001336487,0.09935298497001677,867.600069580817,2012,"{""type"":""MultiPoint"",""coordinates"":[]}"
1_1_2_0000000000000000237b,653,6282,Konjic,Bosnia and Herzegovina,0.029062004835481266,0.017928565258148184,2.4951663635086776,2012,"{""type"":""MultiPoint"",""coordinates"":[]}"
1_1_2_0000000000000000237c,653,6286,Ljubinje,Bosnia and Herzegovina,0.02227504218113039,0.2571905863540218,1684.3580517562189,2012,"{""type"":""MultiPoint"",""coordinates"":[]}"
1_1_2_0000000000000000237d,653,6291,Mostar,Bosnia and Herzegovina,0.04218723571726254,0.026673887202261066,114.00073448891439,2012,"{""type"":""MultiPoint"",""coordinates"":[]}"
1_1_2_0000000000000000237e,653,6293,Nevesinje,Bosnia and Herzegovina,0.04467697642643772,0.36133199037550107,6303.584665776348,2012,"{""type"":""MultiPoint"",""coordinates"":[]}"
1_1_2_0000000000000000237f,653,6310,Stolac,Bosnia and Herzegovina,0.025645432258366792,0.09573242095048352,1125.8376675017578,2012,"{""type"":""MultiPoint"",""coordinates"":[]}"
1_1_2_00000000000000002380,653,6315,Trebinje,Bosnia and Herzegovina,0.10862424149736209,0.7472772468474962,17974.92840573797,2012,"{""type"":""MultiPoint"",""coordinates"":[]}"
1_1_2_00000000000000000e82,61510,61537,A L Labban,Egypt,286.50527245843773,67.66186059623453,35458.17075967227,2012,"{""type"":""MultiPoint"",""coordinates"":[]}"
1_1_2_00000000000000000e83,61510,61538,Al Amreia,Egypt,0.6664572621935058,10.919137313329127,471774.7571750615,2012,"{""type"":""MultiPoint"",""coordinates"":[]}"
1_1_2_00000000000000000e84,61510,61539,Al Attarin,Egypt,185.19868087768555,60.65494677384323,41484.39477824791,2012,"{""type"":""MultiPoint"",""coordinates"":[]}"
1_1_2_00000000000000000e85,61510,61540,Al Dikhila,Egypt,74.51343802518623,38.69269983687393,318021.9259861089,2012,"{""type"":""MultiPoint"",""coordinates"":[]}"
1_1_2_00000000000000000e86,61510,61541,Al Gumruk,Egypt,215.0594685872396,226.47963932464526,66175.64251852596,2012,"{""type"":""MultiPoint"",""coordinates"":[]}"
1_1_2_00000000000000000e87,61510,61542,Al Manshiyya,Egypt,322.0199279785156,120.76196574753479,22385.046625354244,2012,"{""type"":""MultiPoint"",""coordinates"":[]}"
1_1_2_00000000000000000e88,61510,61544,Bab Sharqi,Egypt,227.02712484407826,62.89343335706037,166091.74055792863,2012,"{""type"":""MultiPoint"",""coordinates"":[]}"
1_1_2_00000000000000000e89,61510,61545,Burg al-Arab,Egypt,0.4310510719678771,1.895339174425272,50973.608869472315,2012,"{""type"":""MultiPoint"",""coordinates"":[]}"
1_1_2_00000000000000000e8a,61510,61546,Burg Al-Arab City,Egypt,0.8791673119458777,4.363969449575033,39488.235773761095,2012,"{""type"":""MultiPoint"",""coordinates"":[]}"
1_1_2_00000000000000000e8b,61510,61547,Karmuz,Egypt,325.07545670700995,80.94928299383503,110960.524493857,2012,"{""type"":""MultiPoint"",""coordinates"":[]}"
1_1_2_00000000000000000e8c,61510,61548,Kesm than Al Raml,Egypt,85.80090803909334,137.2003266079795,371257.41979177675,2012,"{""type"":""MultiPoint"",""coordinates"":[]}"
1_1_2_00000000000000000e8d,61510,61549,Mina Al-Basal,Egypt,240.94454968278018,104.56550883789778,236685.27273942545,2012,"{""type"":""MultiPoint"",""coordinates"":[]}"
1_1_2_00000000000000000e8e,61510,61550,Muharam Bik,Egypt,220.73333891436246,133.5064066140905,278444.47659598343,2012,"{""type"":""MultiPoint"",""coordinates"":[]}"
1_1_2_00000000000000000e8f,61510,61551,Muntazah,Egypt,66.00203712021755,138.772992254448,1098876.8350412713,2012,"{""type"":""MultiPoint"",""coordinates"":[]}"
1_1_2_00000000000000000e90,61510,61553,Port Alexandria Police Department,Egypt,0.0,143.8322347086732,11639.242476713887,2012,"{""type"":""MultiPoint"",""coordinates"":[]}"
1_1_2_00000000000000000e91,61510,61554,Sidi Gabir,Egypt,186.04829095677567,68.74842870290598,214320.61135110285,2012,"{""type"":""MultiPoint"",""coordinates"":[]}"
1_1_2_00000000000000000e92,61510,61555,Zemam Out,Egypt,0.0,0.03055577799281606,22.899666568936382,2012,"{""type"":""MultiPoint"",""coordinates"":[]}"
1_1_2_00000000000000000e93,61511,61556,Abnub,Egypt,16.50727906788057,17.45437990862483,293510.376651159,2012,"{""type"":""MultiPoint"",""coordinates"":[]}"
1_1_2_00000000000000000e94,61511,61557,Abu Tig,Egypt,13.520837090932657,17.473934597065426,256382.48601523804,2012,"{""type"":""MultiPoint"",""coordinates"":[]}"
1_1_2_00000000000000000e95,61511,61558,Al- Badari,Egypt,24.485897713402164,15.153796404628801,205646.40863517026,2012,"{""type"":""MultiPoint"",""coordinates"":[]}"
1_1_2_00000000000000000e96,61511,61559,Al-Ghanayem,Egypt,16.26322939365526,13.212830773414009,100063.46484109695,2012,"{""type"":""MultiPoint"",""coordinates"":[]}"
1_1_2_00000000000000000e97,61511,61560,Al-Qusia,Egypt,11.503446911091581,16.35080281834282,347980.0322704249,2012,"{""type"":""MultiPoint"",""coordinates"":[]}"
1_1_2_00000000000000000e98,61511,61561,Alfath,Egypt,20.46656382986845,19.238632717932703,234278.33153544602,2012,"{""type"":""MultiPoint"",""coordinates"":[]}"
1_1_2_00000000000000000e99,61511,61562,Assuit,Egypt,13.043599124099112,17.745946072658754,390264.4087673906,2012,"{""type"":""MultiPoint"",""coordinates"":[]}"
1_1_2_00000000000000000e9a,61511,61563,Assuit City,Egypt,1.3037713702371965,0.8992042486956834,1672.9380101975858,2012,"{""type"":""MultiPoint"",""coordinates"":[]}"
1_1_2_00000000000000000e9b,61511,61564,Dayrut,Egypt,11.496251312655785,19.417783974652693,447218.25563042396,2012,"{""type"":""MultiPoint"",""coordinates"":[]}"
1_1_2_00000000000000000e9c,61511,61565,Kesm Awal Assuit,Egypt,103.06356528024703,106.0630862059739,213007.3266475529,2012,"{""type"":""MultiPoint"",""coordinates"":[]}"
1_1_2_00000000000000000e9d,61511,61566,Kesm Than Assuit,Egypt,112.97074065156899,72.86486484593625,160487.76925584386,2012,"{""type"":""MultiPoint"",""coordinates"":[]}"
1_1_2_00000000000000000e9e,61511,61567,Manfalut,Egypt,13.513820465715867,18.801409680782367,401520.13808809355,2012,"{""type"":""MultiPoint"",""coordinates"":[]}"
1_1_2_00000000000000000e9f,61511,61568,Sahil Silim,Egypt,18.74520185209172,16.411897157260622,128650.03560958558,2012,"{""type"":""MultiPoint"",""coordinates"":[]}"
1_1_2_00000000000000000ea0,61511,61569,Sidfa,Egypt,13.239864567902908,14.479956779699439,147025.22983793792,2012,"{""type"":""MultiPoint"",""coordinates"":[]}"
1_1_2_00000000000000000ea1,61511,61570,Zemam Out,Egypt,2.1512836203750703E-5,1.9165798789670494,14747.198522961546,2012,"{""type"":""MultiPoint"",""coordinates"":[]}"
1_1_2_00000000000000000ea2,61512,61571,Abu Simbel,Egypt,,,0.0,2012,"{""type"":""MultiPoint"",""coordinates"":[]}"
1_1_2_00000000000000000ea3,61512,61572,Adfu,Egypt,5.259270577642653,10.121067334490784,240143.910687798,2012,"{""type"":""MultiPoint"",""coordinates"":[]}"
1_1_2_00000000000000000ea4,61512,61573,Aswan,Egypt,3.481944063638002,27.99373888332042,215207.7195908373,2012,"{""type"":""MultiPoint"",""coordinates"":[]}"
1_1_2_00000000000000000ea5,61512,61574,Aswan City,Egypt,0.0,0.0,0.0,2012,"{""type"":""MultiPoint"",""coordinates"":[]}"
1_1_2_00000000000000000ea6,61512,61575,Daraw,Egypt,4.11646392902307,7.964524945286377,59078.12304938091,2012,"{""type"":""MultiPoint"",""coordinates"":[]}"
1_1_2_00000000000000000ea7,61512,61576,Kum Umbu,Egypt,5.244004147807803,11.108649789805042,216214.56286496628,2012,"{""type"":""MultiPoint"",""coordinates"":[]}"
1_1_2_00000000000000000ea8,61512,61577,Nasr,Egypt,2.3737305609033403,4.3693777613825135,71035.87057241409,2012,"{""type"":""MultiPoint"",""coordinates"":[]}"
1_1_2_00000000000000000ea9,61512,61578,Tushaka,Egypt,0.0,0.0,0.0,2012,"{""type"":""MultiPoint"",""coordinates"":[]}"
1_1_2_00000000000000000eaa,61513,61580,Abu-l-Matamir,Egypt,1.2508171452783385,3.1018967913002147,380494.3729906359,2012,"{""type"":""MultiPoint"",""coordinates"":[]}"
1_1_2_00000000000000000eab,61513,61581,Abu Hummus,Egypt,4.739520216425783,6.668605713375482,395747.41886968777,2012,"{""type"":""MultiPoint"",""coordinates"":[]}"
1_1_2_00000000000000000eac,61513,61582,Al-Dilingat,Egypt,4.246484101158123,4.457731703890786,293774.50415544485,2012,"{""type"":""MultiPoint"",""coordinates"":[]}"
1_1_2_00000000000000000ead,61513,61583,Al-Mahmudiyya,Egypt,7.469743588979529,14.375587897705508,211039.20502858615,2012,"{""type"":""MultiPoint"",""coordinates"":[]}"
1_1_2_00000000000000000eae,61513,61584,Al-Rahmaniyya,Egypt,5.742197988448207,10.910816220161678,124843.55487821151,2012,"{""type"":""MultiPoint"",""coordinates"":[]}"
1_1_2_00000000000000000eaf,61513,61585,Badr,Egypt,0.8726487963780131,2.747744291097622,152105.03629834743,2012,"{""type"":""MultiPoint"",""coordinates"":[]}"
1_1_2_00000000000000000eb0,61513,61586,Damanhur,Egypt,6.931320331927748,30.024631261759673,661814.1015394902,2012,"{""type"":""MultiPoint"",""coordinates"":[]}"
1_1_2_00000000000000000eb1,61513,61587,Hush Isa,Egypt,4.746964475100941,7.045959222630566,192298.64221663523,2012,"{""type"":""MultiPoint"",""coordinates"":[]}"
1_1_2_00000000000000000eb2,61513,61588,Idku,Egypt,3.4663985136031843,15.212308946306932,141597.21558933237,2012,"{""type"":""MultiPoint"",""coordinates"":[]}"
1_1_2_00000000000000000eb3,61513,61589,Itay Al-Barud,Egypt,7.238753164039408,9.876010940521104,365487.55324463657,2012,"{""type"":""MultiPoint"",""coordinates"":[]}"
1_1_2_00000000000000000eb4,61513,61590,Kafr Al-Dawwar,Egypt,4.923391035921534,24.72827442406926,758452.3570481517,2012,"{""type"":""MultiPoint"",""coordinates"":[]}"
1_1_2_00000000000000000eb5,61513,61591,Kum Hamada,Egypt,7.240203620774011,9.311946710419093,382031.2637789499,2012,"{""type"":""MultiPoint"",""coordinates"":[]}"
1_1_2_00000000000000000eb6,61513,61592,Nubariyya West,Egypt,0.15783899788579744,0.5718350143374694,33887.66616780983,2012,"{""type"":""MultiPoint"",""coordinates"":[]}"
1_1_2_00000000000000000eb7,61513,61593,Rashid,Egypt,4.477437422761618,13.146668973392211,188424.796091083,2012,"{""type"":""MultiPoint"",""coordinates"":[]}"
1_1_2_00000000000000000eb8,61513,61594,Shubra Khît,Egypt,6.4840121853561605,10.849513179364328,217617.74746083372,2012,"{""type"":""MultiPoint"",""coordinates"":[]}"
1_1_2_00000000000000000eb9,61513,61595,Wadi Al-NatrUn,Egypt,12.935180509396218,56.653605662318576,64545.82464778751,2012,"{""type"":""MultiPoint"",""coordinates"":[]}"
1_1_2_00000000000000000eba,61513,61596,Zemam Out,Egypt,5.569410138410183E-4,2.0879462246746114,6652.026499981385,2012,"{""type"":""MultiPoint"",""coordinates"":[]}"
1_1_2_00000000000000000ebb,61514,61597,Ahnasya,Egypt,8.242496933990209,11.765997813505706,275542.4660443624,2012,"{""type"":""MultiPoint"",""coordinates"":[]}"
1_1_2_00000000000000000ebc,61514,61598,Al Fashn,Egypt,7.474505944935348,12.37338037152923,327574.19968873274,2012,"{""type"":""MultiPoint"",""coordinates"":[]}"
1_1_2_00000000000000000ebd,61514,61599,Al Wasta,Egypt,9.469629641487282,16.823870121115675,347059.86142784957,2012,"{""type"":""MultiPoint"",""coordinates"":[]}"
1_1_2_00000000000000000ebe,61514,61600,Bani Swayf,Egypt,10.971467967250323,30.60027263070848,479270.12584437703,2012,"{""type"":""MultiPoint"",""coordinates"":[]}"
1_1_2_00000000000000000ebf,61514,61601,Bani Swayf City,Egypt,0.3036925283937661,1.9066417276087364,13533.10708562629,2012,"{""type"":""MultiPoint"",""coordinates"":[]}"
1_1_2_00000000000000000ec0,61514,61602,Biba,Egypt,11.257668194712343,14.271685064827821,318903.47320433793,2012,"{""type"":""MultiPoint"",""coordinates"":[]}"
1_1_2_00000000000000000ec1,61514,61603,Nasir,Egypt,7.484506484623025,11.68097356845916,265463.0296018332,2012,"{""type"":""MultiPoint"",""coordinates"":[]}"
1_1_2_00000000000000000ec2,61514,61604,Sumusta,Egypt,9.25493259403972,14.17126335441429,194792.47283931932,2012,"{""type"":""MultiPoint"",""coordinates"":[]}"
1_1_2_00000000000000000ec3,61514,61605,Zemam Out,Egypt,5.620099240844508E-5,0.9371164486713666,4181.746547657028,2012,"{""type"":""MultiPoint"",""coordinates"":[]}"
1_1_2_00000000000000000ec4,61515,61606,15 Mayu,Egypt,5.248492949903846,14.06624567920156,78649.8633346848,2012,"{""type"":""MultiPoint"",""coordinates"":[]}"
1_1_2_00000000000000000ec5,61515,61607,Abdin,Egypt,192.62924836540864,39.859793577194715,36058.44484939576,2012,"{""type"":""MultiPoint"",""coordinates"":[]}"
1_1_2_00000000000000000ec6,61515,61608,Ain Shams,Egypt,485.9538685191761,133.2016806580288,453083.58838095574,2012,"{""type"":""MultiPoint"",""coordinates"":[]}"
1_1_2_00000000000000000ec7,61515,61609,Al Azbakiyya,Egypt,147.162465875799,58.891788089464264,26612.215497574158,2012,"{""type"":""MultiPoint"",""coordinates"":[]}"
1_1_2_00000000000000000ec8,61515,61610,Al Darb al-Ahmar,Egypt,258.0883477631851,59.99809073789379,53582.52514753156,2012,"{""type"":""MultiPoint"",""coordinates"":[]}"
1_1_2_00000000000000000ec9,61515,61611,Al Khalifa,Egypt,27.006785393458014,50.340038163570384,223478.92224169907,2012,"{""type"":""MultiPoint"",""coordinates"":[]}"
1_1_2_00000000000000000eca,61515,61612,Al Matariyya,Egypt,658.0480052288914,168.6873579749902,455624.56268172903,2012,"{""type"":""MultiPoint"",""coordinates"":[]}"
1_1_2_00000000000000000ecb,61515,61613,Al Sahil,Egypt,469.75470621798047,155.12969255226818,259621.9685558244,2012,"{""type"":""MultiPoint"",""coordinates"":[]}"
1_1_2_00000000000000000ecc,61515,61614,Al Salam,Egypt,125.94234955021803,98.3099894831109,493809.6943490945,2012,"{""type"":""MultiPoint"",""coordinates"":[]}"
1_1_2_00000000000000000ecd,61515,61615,Al Sharabiyya,Egypt,450.0936776052049,70.3404694856768,200823.0947917265,2012,"{""type"":""MultiPoint"",""coordinates"":[]}"
1_1_2_00000000000000000ece,61515,61616,Al Tibbin,Egypt,17.78938076970897,18.55192488176787,61194.18120693166,2012,"{""type"":""MultiPoint"",""coordinates"":[]}"
1_1_2_00000000000000000ecf,61515,61617,Al Wayli,Egypt,109.83187894898248,82.3713210897929,71092.5318729326,2012,"{""type"":""MultiPoint"",""coordinates"":[]}"
1_1_2_00000000000000000ed0,61515,61618,Al Zahir,Egypt,246.04442133455194,85.3754614889527,60644.70880264583,2012,"{""type"":""MultiPoint"",""coordinates"":[]}"
1_1_2_00000000000000000ed1,61515,61619,Al Zaytun,Egypt,305.81676296970244,131.82917317206787,284040.72630438703,2012,"{""type"":""MultiPoint"",""coordinates"":[]}"
1_1_2_00000000000000000ed2,61515,61620,Bab Al-Shariyya,Egypt,415.12778109405673,86.80910349499486,47735.22527459836,2012,"{""type"":""MultiPoint"",""coordinates"":[]}"
1_1_2_00000000000000000ed3,61515,61621,Badr,Egypt,1.21818254596777,1.3641250527034163,15068.591878017256,2012,"{""type"":""MultiPoint"",""coordinates"":[]}"
1_1_2_00000000000000000ed4,61515,61622,Basatin,Egypt,109.07013387547394,170.11310330463377,721297.7824024727,2012,"{""type"":""MultiPoint"",""coordinates"":[]}"
1_1_2_00000000000000000ed5,61515,61623,Bulaq,Egypt,201.76290130615234,117.77054731083861,55599.029589454796,2012,"{""type"":""MultiPoint"",""coordinates"":[]}"
1_1_2_00000000000000000ed6,61515,61624,Gamaliyya,Egypt,187.0431638555773,63.360619369916996,45869.454743508715,2012,"{""type"":""MultiPoint"",""coordinates"":[]}"
1_1_2_00000000000000000ed7,61515,61625,Hadaiq Al-Qubba,Egypt,578.090199207251,178.59321311122451,258229.46117389158,2012,"{""type"":""MultiPoint"",""coordinates"":[]}"
1_1_2_00000000000000000ed8,61515,61626,Hilwan,Egypt,67.53266972141434,55.07109942361039,575120.9637993646,2012,"{""type"":""MultiPoint"",""coordinates"":[]}"
1_1_2_00000000000000000ed9,61515,61627,Maadi,Egypt,5.747718526035904,60.3303743417667,80532.97212905092,2012,"{""type"":""MultiPoint"",""coordinates"":[]}"
1_1_2_00000000000000000eda,61515,61628,Madinat Nasr-2,Egypt,33.12425558531589,29.544670809411194,72006.98913010804,2012,"{""type"":""MultiPoint"",""coordinates"":[]}"
1_1_2_00000000000000000edb,61515,61629,Marg,Egypt,213.94900557375615,117.79322654185157,440477.608303429,2012,"{""type"":""MultiPoint"",""coordinates"":[]}"
1_1_2_00000000000000000edc,61515,61630,Minshat Nasir,Egypt,341.5293913037365,185.32037312038344,226577.68683877826,2012,"{""type"":""MultiPoint"",""coordinates"":[]}"
1_1_2_00000000000000000edd,61515,61631,Misr al-Gadida,Egypt,99.08319120623918,31.7812616437122,102617.8022343019,2012,"{""type"":""MultiPoint"",""coordinates"":[]}"
1_1_2_00000000000000000ede,61515,61632,Misr Al-Qadima,Egypt,164.9508197577716,76.2208435543092,192187.58147212007,2012,"{""type"":""MultiPoint"",""coordinates"":[]}"
1_1_2_00000000000000000edf,61515,61633,Muski,Egypt,200.84219640835195,65.2349622558859,21583.275099511236,2012,"{""type"":""MultiPoint"",""coordinates"":[]}"
1_1_2_00000000000000000ee0,61515,61634,Nasr City,Egypt,33.51669235053632,44.84918854590002,439644.83677530516,2012,"{""type"":""MultiPoint"",""coordinates"":[]}"
1_1_2_00000000000000000ee1,61515,61635,New Cairo-1,Egypt,0.1739859078108536,2.0817679289394753,25482.90771313907,2012,"{""type"":""MultiPoint"",""coordinates"":[]}"
1_1_2_00000000000000000ee2,61515,61636,New Cairo-2,Egypt,0.6172215238985745,2.8256729303050183,35776.56340515682,2012,"{""type"":""MultiPoint"",""coordinates"":[]}"
1_1_2_00000000000000000ee3,61515,61637,New Cairo-3,Egypt,0.869650649970822,6.498453528278992,46309.16475875442,2012,"{""type"":""MultiPoint"",""coordinates"":[]}"
1_1_2_00000000000000000ee4,61515,61638,Nuzha,Egypt,17.046002767775644,28.7211180566812,151613.4428267402,2012,"{""type"":""MultiPoint"",""coordinates"":[]}"
1_1_2_00000000000000000ee5,61515,61639,Qasr Al-Nile,Egypt,66.53392155965169,52.870698319955835,10872.176346528293,2012,"{""type"":""MultiPoint"",""coordinates"":[]}"
1_1_2_00000000000000000ee6,61515,61640,Rud Al-Farag,Egypt,445.48899949226615,156.68511639708447,124185.68275774785,2012,"{""type"":""MultiPoint"",""coordinates"":[]}"
1_1_2_00000000000000000ee7,61515,61641,Sayyida Zainab,Egypt,275.2490888230802,55.30396131863785,116087.80292955282,2012,"{""type"":""MultiPoint"",""coordinates"":[]}"
1_1_2_00000000000000000ee8,61515,61642,Shroq,Egypt,0.6983486033510972,2.2901311763144103,20489.887082250443,2012,"{""type"":""MultiPoint"",""coordinates"":[]}"
1_1_2_00000000000000000ee9,61515,61643,Shubra,Egypt,434.5223962512981,69.31562356942472,71203.44192798094,2012,"{""type"":""MultiPoint"",""coordinates"":[]}"
1_1_2_00000000000000000eea,61515,61644,Tura,Egypt,2.4396862566604343,20.882656362277064,80323.8655456979,2012,"{""type"":""MultiPoint"",""coordinates"":[]}"
1_1_2_00000000000000000eeb,61515,61645,Zamalik,Egypt,42.79035350254604,56.679938304473886,16787.33205971063,2012,"{""type"":""MultiPoint"",""coordinates"":[]}"
1_1_2_00000000000000000eec,61515,61646,Zawiyya Al-Hamra,Egypt,493.7121996162352,61.924995440723244,279315.5159435796,2012,"{""type"":""MultiPoint"",""coordinates"":[]}"
1_1_2_00000000000000000eed,61515,61647,Zemam Out,Egypt,0.0016283744898255871,2.3482960750426787,3416.822866740167,2012,"{""type"":""MultiPoint"",""coordinates"":[]}"
1_1_2_00000000000000000eee,61516,61648,Aga,Egypt,9.25495306079503,14.23151757035299,382174.717424792,2012,"{""type"":""MultiPoint"",""coordinates"":[]}"
1_1_2_00000000000000000eef,61516,61649,Bany Abeed,Egypt,4.250080033378715,11.15300702705677,95785.4693658544,2012,"{""type"":""MultiPoint"",""coordinates"":[]}"
1_1_2_00000000000000000ef0,61516,61650,Bilqas,Egypt,2.7460458003953376,7.593083333706096,405311.7536932638,2012,"{""type"":""MultiPoint"",""coordinates"":[]}"
1_1_2_00000000000000000ef1,61516,61651,Dikirnis,Egypt,5.487508452759395,15.827991319888502,265121.34032895986,2012,"{""type"":""MultiPoint"",""coordinates"":[]}"
1_1_2_00000000000000000ef2,61516,61652,E Mansora 2,Egypt,58.87569197742991,70.21996605565946,181331.13951560188,2012,"{""type"":""MultiPoint"",""coordinates"":[]}"
1_1_2_00000000000000000ef3,61516,61653,El Mansora,Egypt,8.909838066866543,15.852871369736944,429910.2530177634,2012,"{""type"":""MultiPoint"",""coordinates"":[]}"
1_1_2_00000000000000000ef4,61516,61654,El Mansora 1,Egypt,189.0570229957666,85.9783359893273,236171.5764343636,2012,"{""type"":""MultiPoint"",""coordinates"":[]}"
1_1_2_00000000000000000ef5,61516,61655,Gamaliyya,Egypt,5.238797764217245,10.651656424042818,78854.47385867666,2012,"{""type"":""MultiPoint"",""coordinates"":[]}"
1_1_2_00000000000000000ef6,61516,61656,Gamsa,Egypt,3.2580862334929934,9.863765113146863,2526.310265366938,2012,"{""type"":""MultiPoint"",""coordinates"":[]}"
1_1_2_00000000000000000ef7,61516,61657,Mahalet Demna,Egypt,6.223482129439534,15.576860977149716,43781.192779301666,2012,"{""type"":""MultiPoint"",""coordinates"":[]}"
1_1_2_00000000000000000ef8,61516,61658,Manzala,Egypt,5.47456133500429,11.772164893262069,248461.7334109186,2012,"{""type"":""MultiPoint"",""coordinates"":[]}"
1_1_2_00000000000000000ef9,61516,61659,Matariyya,Egypt,15.500029467113341,24.382085343183316,117015.95882213066,2012,"{""type"":""MultiPoint"",""coordinates"":[]}"
1_1_2_00000000000000000efa,61516,61660,Minya Al-Nasr,Egypt,4.748355051959853,14.459111901267102,220314.4877358431,2012,"{""type"":""MultiPoint"",""coordinates"":[]}"
1_1_2_00000000000000000efb,61516,61661,Mit Ghamr,Egypt,13.486500901492116,23.58541944173985,607263.0147223406,2012,"{""type"":""MultiPoint"",""coordinates"":[]}"
1_1_2_00000000000000000efc,61516,61662,MIt Salsil,Egypt,3.2607543176199645,6.1079433743186975,52467.99143029601,2012,"{""type"":""MultiPoint"",""coordinates"":[]}"
1_1_2_00000000000000000efd,61516,61663,Nebro,Egypt,6.2367311844602344,13.098424421008449,207560.32544096714,2012,"{""type"":""MultiPoint"",""coordinates"":[]}"
1_1_2_00000000000000000efe,61516,61664,Shirbin,Egypt,6.473179446723385,13.726385442202282,323581.4943345841,2012,"{""type"":""MultiPoint"",""coordinates"":[]}"
1_1_2_00000000000000000eff,61516,61665,Sinbillawin,Egypt,8.480056602812791,13.250592869292136,428081.6377807971,2012,"{""type"":""MultiPoint"",""coordinates"":[]}"
1_1_2_00000000000000000f00,61516,61666,Talkha,Egypt,11.757039184049862,17.15205827700931,294117.4276526211,2012,"{""type"":""MultiPoint"",""coordinates"":[]}"
1_1_2_00000000000000000f01,61516,61667,Tamy Al-Amdid,Egypt,6.2367308918486595,9.477826863878652,132915.20932125763,2012,"{""type"":""MultiPoint"",""coordinates"":[]}"
1_1_2_00000000000000000f02,61517,61668,Dumyat,Egypt,7.048198162617558,22.786797931220185,232865.85723381164,2012,"{""type"":""MultiPoint"",""coordinates"":[]}"
1_1_2_00000000000000000f03,61517,61669,Dumyat 1,Egypt,71.25434032239411,50.30627097788847,74865.85077929028,2012,"{""type"":""MultiPoint"",""coordinates"":[]}"
1_1_2_00000000000000000f04,61517,61670,Dumyat 2,Egypt,197.01723098754883,120.89287394909842,122522.64049538258,2012,"{""type"":""MultiPoint"",""coordinates"":[]}"
1_1_2_00000000000000000f05,61517,61671,Dumyat Al-Gadida,Egypt,1.3703924355528658,4.213411195679213,28449.695842273562,2012,"{""type"":""MultiPoint"",""coordinates"":[]}"
1_1_2_00000000000000000f06,61517,61672,Fariskur,Egypt,9.499122362134234,13.759222749427972,193916.38440682326,2012,"{""type"":""MultiPoint"",""coordinates"":[]}"
1_1_2_00000000000000000f07,61517,61673,Kafr Sad,Egypt,5.475728849368284,10.208402471649881,280070.8408117799,2012,"{""type"":""MultiPoint"",""coordinates"":[]}"
1_1_2_00000000000000000f08,61517,61674,Police Department Port of Damietta,Egypt,0.0,2.655764880156116,132.25759264347602,2012,"{""type"":""MultiPoint"",""coordinates"":[]}"
1_1_2_00000000000000000f09,61517,61675,Ras al-Bar,Egypt,28.17049004188758,14.796931290226267,9569.957174678873,2012,"{""type"":""MultiPoint"",""coordinates"":[]}"
1_1_2_00000000000000000f0a,61517,61676,Zarqa,Egypt,9.511561712168,17.433824237908162,117310.55722011485,2012,"{""type"":""MultiPoint"",""coordinates"":[]}"
1_1_2_00000000000000000f0b,61518,61677,Abshaway,Egypt,13.24887133591703,12.684778818107501,290203.2524644983,2012,"{""type"":""MultiPoint"",""coordinates"":[]}"
1_1_2_00000000000000000f0c,61518,61678,Atsa,Egypt,7.25352338290916,9.493081712089683,486909.1572525209,2012,"{""type"":""MultiPoint"",""coordinates"":[]}"
1_1_2_00000000000000000f0d,61518,61679,Fayyum,Egypt,6.973000710182392,34.23220659409668,687534.8636593372,2012,"{""type"":""MultiPoint"",""coordinates"":[]}"
1_1_2_00000000000000000f0e,61518,61680,Fayyum City,Egypt,0.0,0.0,0.0,2012,"{""type"":""MultiPoint"",""coordinates"":[]}"
1_1_2_00000000000000000f0f,61518,61681,Sinuras,Egypt,12.493755374050712,15.693963835588105,426266.3780921851,2012,"{""type"":""MultiPoint"",""coordinates"":[]}"
1_1_2_00000000000000000f10,61518,61682,Tamya,Egypt,7.24741951477042,7.5133469182403285,308362.73837949056,2012,"{""type"":""MultiPoint"",""coordinates"":[]}"
1_1_2_00000000000000000f11,61518,61683,Yousef El sadeq,Egypt,7.745958248819729,9.886615969629903,272882.28795188566,2012,"{""type"":""MultiPoint"",""coordinates"":[]}"
1_1_2_00000000000000000f12,61518,61684,Zemam Out,Egypt,9.704417444145172E-8,0.8292890374495206,3835.101952152744,2012,"{""type"":""MultiPoint"",""coordinates"":[]}"
1_1_2_00000000000000000f13,61519,61685,Basyun,Egypt,7.7413946132699385,11.397321902275598,232360.08078008975,2012,"{""type"":""MultiPoint"",""coordinates"":[]}"
1_1_2_00000000000000000f14,61519,61686,El Mahalla El Kobra,Egypt,6.938990303299913,14.202553416996428,558606.1189544711,2012,"{""type"":""MultiPoint"",""coordinates"":[]}"
1_1_2_00000000000000000f15,61519,61687,El Mahalla El Kobra 1,Egypt,194.7155876159668,101.63015691311658,195867.98212300474,2012,"{""type"":""MultiPoint"",""coordinates"":[]}"
1_1_2_00000000000000000f16,61519,61688,El Mahalla El Kobra 2,Egypt,109.04339333684158,108.35826898446214,225452.54182991877,2012,"{""type"":""MultiPoint"",""coordinates"":[]}"
1_1_2_00000000000000000f17,61519,61689,Kafr Al-Zayyat,Egypt,10.480224790414502,17.341930276636294,361345.5943049002,2012,"{""type"":""MultiPoint"",""coordinates"":[]}"
1_1_2_00000000000000000f18,61519,61690,Qutur,Egypt,6.741005547424669,8.877820457455897,265348.1749442925,2012,"{""type"":""MultiPoint"",""coordinates"":[]}"
1_1_2_00000000000000000f19,61519,61691,Samannud,Egypt,9.469005295433934,19.461973440206076,282737.0052305128,2012,"{""type"":""MultiPoint"",""coordinates"":[]}"
1_1_2_00000000000000000f1a,61519,61692,Santa,Egypt,9.750022145343813,13.12558507236526,353390.9574186212,2012,"{""type"":""MultiPoint"",""coordinates"":[]}"
1_1_2_00000000000000000f1b,61519,61693,Tanta,Egypt,9.494254571680582,15.214026839059896,515848.2184035429,2012,"{""type"":""MultiPoint"",""coordinates"":[]}"
1_1_2_00000000000000000f1c,61519,61694,Tanta 1,Egypt,117.4980239868164,81.3849675432324,192123.87939543262,2012,"{""type"":""MultiPoint"",""coordinates"":[]}"
1_1_2_00000000000000000f1d,61519,61695,Tanta 2,Egypt,166.70325772405846,77.62582443933701,208139.47947207437,2012,"{""type"":""MultiPoint"",""coordinates"":[]}"
1_1_2_00000000000000000f1e,61519,61696,Zifta,Egypt,11.500755057951494,19.854547343828916,423830.5240037889,2012,"{""type"":""MultiPoint"",""coordinates"":[]}"
1_1_2_00000000000000000f1f,61520,61697,6 October-1,Egypt,8.628421648142513,5.932819506265916,40281.43083957128,2012,"{""type"":""MultiPoint"",""coordinates"":[]}"
1_1_2_00000000000000000f20,61520,61698,6 October-2,Egypt,17.870815940352067,10.938439621131621,119757.25645687856,2012,"{""type"":""MultiPoint"",""coordinates"":[]}"
1_1_2_00000000000000000f21,61520,61699,Al-Aguza,Egypt,277.71630728746254,98.79761347745382,165919.69275222486,2012,"{""type"":""MultiPoint"",""coordinates"":[]}"
1_1_2_00000000000000000f22,61520,61700,Al-Ahram,Egypt,137.93257281714818,72.11717783839518,314374.6709705841,2012,"{""type"":""MultiPoint"",""coordinates"":[]}"
1_1_2_00000000000000000f23,61520,61701,Atfeh,Egypt,12.24877753559157,15.521482742652465,236143.79097623134,2012,"{""type"":""MultiPoint"",""coordinates"":[]}"
1_1_2_00000000000000000f24,61520,61702,Ayat,Egypt,16.755528497104663,15.440668765926906,368578.55699565506,2012,"{""type"":""MultiPoint"",""coordinates"":[]}"
1_1_2_00000000000000000f25,61520,61703,Badrashain,Egypt,21.499926561217876,22.00121513270944,401950.57330798457,2012,"{""type"":""MultiPoint"",""coordinates"":[]}"
1_1_2_00000000000000000f26,61520,64448,Bahariya Oasis,Egypt,0.1372539954943159,0.8085157237771377,1297.399222059124,2012,"{""type"":""MultiPoint"",""coordinates"":[]}"
1_1_2_00000000000000000f27,61520,64449,Bulaq Al-DakrUr,Egypt,558.2684351857141,194.60741222518564,575944.3138175214,2012,"{""type"":""MultiPoint"",""coordinates"":[]}"
1_1_2_00000000000000000f28,61520,64451,DuqqI,Egypt,169.5344713688728,100.98175756763017,103859.7235270033,2012,"{""type"":""MultiPoint"",""coordinates"":[]}"
1_1_2_00000000000000000f29,61520,64453,Giza,Egypt,36.9947691568897,84.52023145198443,522389.17364020535,2012,"{""type"":""MultiPoint"",""coordinates"":[]}"
1_1_2_00000000000000000f2a,61520,65305,Hwamdeia,Egypt,41.404097629596166,50.23294580370712,145382.75155836926,2012,"{""type"":""MultiPoint"",""coordinates"":[]}"
1_1_2_00000000000000000f2b,61520,65315,Imbaba,Egypt,13.987275989933543,126.9729623941749,1024444.5778830043,2012,"{""type"":""MultiPoint"",""coordinates"":[]}"
1_1_2_00000000000000000f2c,61520,65317,Kardasa,Egypt,37.93503060555486,73.17060172267425,545776.7781465023,2012,"{""type"":""MultiPoint"",""coordinates"":[]}"
1_1_2_00000000000000000f2d,61520,65321,Saf,Egypt,13.755322941113208,13.236462029490525,268008.65468897775,2012,"{""type"":""MultiPoint"",""coordinates"":[]}"
1_1_2_00000000000000000f2e,61520,65336,Shaykh Zayed,Egypt,5.5560687914239075,4.090578077253832,30460.362995903633,2012,"{""type"":""MultiPoint"",""coordinates"":[]}"
1_1_2_00000000000000000f2f,61520,65337,Umraniyya,Egypt,413.7331481978476,124.07005388757807,765276.4686301138,2012,"{""type"":""MultiPoint"",""coordinates"":[]}"
1_1_2_00000000000000000f30,61520,65345,Waraq,Egypt,62.12908139785824,103.23094115555404,833993.4348360368,2012,"{""type"":""MultiPoint"",""coordinates"":[]}"
1_1_2_00000000000000000f31,61520,65350,Zemam out,Egypt,0.023827366701152132,1.117166825652697,38127.458516977335,2012,"{""type"":""MultiPoint"",""coordinates"":[]}"
1_1_2_00000000000000000f32,61521,65711,Fayid,Egypt,6.870957846845896,5.799130636563488,105690.95167948592,2012,"{""type"":""MultiPoint"",""coordinates"":[]}"
1_1_2_00000000000000000f33,61521,65747,Ismailiyya,Egypt,0.6960731638483896,5.900407422669883,239920.1026870464,2012,"{""type"":""MultiPoint"",""coordinates"":[]}"
1_1_2_00000000000000000f34,61521,65748,Ismailiyya 1,Egypt,12.994033669012802,23.109414247135437,33639.51247112378,2012,"{""type"":""MultiPoint"",""coordinates"":[]}"
1_1_2_00000000000000000f35,61521,65749,Ismailiyya 2,Egypt,20.988837232970106,87.42569294518664,160105.30891006044,2012,"{""type"":""MultiPoint"",""coordinates"":[]}"
1_1_2_00000000000000000f36,61521,65751,Ismailiyya 3,Egypt,74.67888368417819,38.15447912095042,92189.22479672525,2012,"{""type"":""MultiPoint"",""coordinates"":[]}"
1_1_2_00000000000000000f37,61521,65752,"Qantara Gharb, al-",Egypt,0.4363291159932459,3.8804440390176165,103469.50173991406,2012,"{""type"":""MultiPoint"",""coordinates"":[]}"
1_1_2_00000000000000000f38,61521,65753,"Qantara Sharq, al-",Egypt,0.07057064855353903,0.7290850497009714,32175.69622518987,2012,"{""type"":""MultiPoint"",""coordinates"":[]}"
1_1_2_00000000000000000f39,61521,65754,"Tal al-Kabir, al-",Egypt,0.6112236390660798,3.0857364792460644,144096.19265460223,2012,"{""type"":""MultiPoint"",""coordinates"":[]}"
1_1_2_00000000000000000f3a,61522,65755,Al Hamul,Egypt,2.460084801978425,4.723316132131082,243046.79398129554,2012,"{""type"":""MultiPoint"",""coordinates"":[]}"
1_1_2_00000000000000000f3b,61522,65758,Biyalu,Egypt,3.7482411905550963,5.986511434422255,224493.1094572977,2012,"{""type"":""MultiPoint"",""coordinates"":[]}"
1_1_2_00000000000000000f3c,61522,65759,Burullus,Egypt,3.497366244541142,10.873110775020939,162892.42770382192,2012,"{""type"":""MultiPoint"",""coordinates"":[]}"
1_1_2_00000000000000000f3d,61522,65760,Disuq,Egypt,4.922044512717598,25.44603793294915,423316.423362708,2012,"{""type"":""MultiPoint"",""coordinates"":[]}"
1_1_2_00000000000000000f3e,61522,65761,Fuwwa,Egypt,6.4667200814176455,16.202902415145047,131750.4865015264,2012,"{""type"":""MultiPoint"",""coordinates"":[]}"
1_1_2_00000000000000000f3f,61522,65762,Kafr Al-Shaykh,Egypt,4.891707326405492,19.071568991076084,476424.5674332235,2012,"{""type"":""MultiPoint"",""coordinates"":[]}"
1_1_2_00000000000000000f40,61522,65763,Mitubas,Egypt,4.541721853825896,8.150230163127686,210256.41837053452,2012,"{""type"":""MultiPoint"",""coordinates"":[]}"
1_1_2_00000000000000000f41,61522,65766,Qillin,Egypt,6.735345139086837,11.233644575818412,195086.0380240113,2012,"{""type"":""MultiPoint"",""coordinates"":[]}"
1_1_2_00000000000000000f42,61522,65793,Riyad,Egypt,3.2378752041944217,4.801174737225758,131062.98958311143,2012,"{""type"":""MultiPoint"",""coordinates"":[]}"
1_1_2_00000000000000000f43,61522,65801,Sidi Salim,Egypt,3.740213564329739,6.228961017667565,297990.0603509516,2012,"{""type"":""MultiPoint"",""coordinates"":[]}"
1_1_2_00000000000000000f44,61523,65802,Abour,Egypt,17.739667496591245,11.21970901099153,40218.21470262117,2012,"{""type"":""MultiPoint"",""coordinates"":[]}"
1_1_2_00000000000000000f45,61523,65804,Al Khanka,Egypt,22.503061069259253,22.30819081500691,424509.9915103985,2012,"{""type"":""MultiPoint"",""coordinates"":[]}"
1_1_2_00000000000000000f46,61523,65806,Banha,Egypt,14.959150343023989,29.627830736823153,512875.30813058163,2012,"{""type"":""MultiPoint"",""coordinates"":[]}"
1_1_2_00000000000000000f47,61523,65807,Kafr Shukr,Egypt,16.245806282957457,13.803285531295392,142264.79465784848,2012,"{""type"":""MultiPoint"",""coordinates"":[]}"
1_1_2_00000000000000000f48,61523,65811,Khsos,Egypt,422.11457808511733,175.20664220539916,274132.26909411553,2012,"{""type"":""MultiPoint"",""coordinates"":[]}"
1_1_2_00000000000000000f49,61523,65815,Qaha,Egypt,12.739361939975348,11.646553552978714,34380.49016269516,2012,"{""type"":""MultiPoint"",""coordinates"":[]}"
1_1_2_00000000000000000f4a,61523,65816,Qalyub,Egypt,21.859552389441404,35.71856511714636,462487.5907968345,2012,"{""type"":""MultiPoint"",""coordinates"":[]}"
1_1_2_00000000000000000f4b,61523,65817,Qanatir Al-Khayriyya,Egypt,20.899736117856463,24.75922090715766,366626.75475251797,2012,"{""type"":""MultiPoint"",""coordinates"":[]}"
1_1_2_00000000000000000f4c,61523,65819,Shibin al-Qanatir,Egypt,19.50379622293456,18.59097747152588,406121.66182278417,2012,"{""type"":""MultiPoint"",""coordinates"":[]}"
1_1_2_00000000000000000f4d,61523,65821,Shubra Al-Khayma 1,Egypt,389.5247802734375,171.6629166120002,435250.4359481664,2012,"{""type"":""MultiPoint"",""coordinates"":[]}"
1_1_2_00000000000000000f4e,61523,65824,Shubra Al-Khayma 2,Egypt,265.94458389282227,115.15339604005105,554495.7190911685,2012,"{""type"":""MultiPoint"",""coordinates"":[]}"
1_1_2_00000000000000000f4f,61523,65825,Tukh,Egypt,14.246031237925799,12.888579959374274,440036.77536005323,2012,"{""type"":""MultiPoint"",""coordinates"":[]}"
1_1_2_00000000000000000f50,61523,65828,Zemam Out,Egypt,0.0,2.7778415222958275,1866.4701137860602,2012,"{""type"":""MultiPoint"",""coordinates"":[]}"
1_1_2_00000000000000000f51,61524,65830,Luxor,Egypt,28.975762966063613,38.77871254582491,798709.0010937578,2012,"{""type"":""MultiPoint"",""coordinates"":[]}"
1_1_2_00000000000000000f52,61524,65832,Tiba police station,Egypt,17.73057923648409,18.921736246780014,112453.71812361224,2012,"{""type"":""MultiPoint"",""coordinates"":[]}"
1_1_2_00000000000000000f53,61524,65833,Zemam Out,Egypt,0.0,5.189431629763222,3380.9259137153626,2012,"{""type"":""MultiPoint"",""coordinates"":[]}"
1_1_2_00000000000000000f54,61525,65834,Al-Hammam,Egypt,0.020560408539808565,1.625071667085192,58489.78198515541,2012,"{""type"":""MultiPoint"",""coordinates"":[]}"
1_1_2_00000000000000000f55,61525,65835,Alamn,Egypt,0.00490181594445908,0.42324497761392316,4789.362704819511,2012,"{""type"":""MultiPoint"",""coordinates"":[]}"
1_1_2_00000000000000000f56,61525,65837,Daba,Egypt,0.04428675857123176,0.7410220649203165,23165.100280652572,2012,"{""type"":""MultiPoint"",""coordinates"":[]}"
1_1_2_00000000000000000f57,61525,65838,Marsa Matruh,Egypt,0.07520391462187546,2.544853154935632,159799.42174616584,2012,"{""type"":""MultiPoint"",""coordinates"":[]}"
1_1_2_00000000000000000f58,61525,65840,Salloum,Egypt,0.019483746613239095,0.8610917605940865,8505.31645974196,2012,"{""type"":""MultiPoint"",""coordinates"":[]}"
1_1_2_00000000000000000f59,61525,65841,Sidi Barani,Egypt,0.053815165918225855,0.7245747401954038,23098.22144366665,2012,"{""type"":""MultiPoint"",""coordinates"":[]}"
1_1_2_00000000000000000f5a,61525,65842,Siwa,Egypt,0.0,0.2439422091754397,10555.67222758869,2012,"{""type"":""MultiPoint"",""coordinates"":[]}"
1_1_2_00000000000000000f5b,61526,65843,Kesm Al-minya,Egypt,79.46684960208493,62.27190271603663,228789.0818523968,2012,"{""type"":""MultiPoint"",""coordinates"":[]}"
1_1_2_00000000000000000f5c,61526,65845,Kesm Mallawi,Egypt,40.8696706095206,69.7756571781818,135278.98797696806,2012,"{""type"":""MultiPoint"",""coordinates"":[]}"
1_1_2_00000000000000000f5d,61526,65846,Markz Abu Qurqas,Egypt,9.246711465779025,14.521002005306238,451412.8584821336,2012,"{""type"":""MultiPoint"",""coordinates"":[]}"
1_1_2_00000000000000000f5e,61526,65848,Markz Al Idwa,Egypt,6.75181468602767,8.952001213071188,200281.09898552217,2012,"{""type"":""MultiPoint"",""coordinates"":[]}"
1_1_2_00000000000000000f5f,61526,65849,Markz Al Minya,Egypt,7.508529383857028,14.865930129386394,508241.8577045722,2012,"{""type"":""MultiPoint"",""coordinates"":[]}"
1_1_2_00000000000000000f60,61526,65850,Markz Bani Mazar,Egypt,8.49404284678525,15.909847661255487,447871.90492205904,2012,"{""type"":""MultiPoint"",""coordinates"":[]}"
1_1_2_00000000000000000f61,61526,65852,Markz Dir Mawas,Egypt,8.249826085671014,13.860405763642268,291267.60250578984,2012,"{""type"":""MultiPoint"",""coordinates"":[]}"
1_1_2_00000000000000000f62,61526,65854,Markz Maghagha,Egypt,11.480940228377392,15.723365366047313,419323.5151240757,2012,"{""type"":""MultiPoint"",""coordinates"":[]}"
1_1_2_00000000000000000f63,61526,65855,Markz Mallawi,Egypt,8.474548034077282,19.87146293717047,540912.2441995245,2012,"{""type"":""MultiPoint"",""coordinates"":[]}"
1_1_2_00000000000000000f64,61526,65857,Markz Matay,Egypt,7.737397642376558,12.396450505737212,229097.89264279127,2012,"{""type"":""MultiPoint"",""coordinates"":[]}"
1_1_2_00000000000000000f65,61526,65862,Markz Samalut,Egypt,6.479303941388922,14.326845692131794,567815.0685580067,2012,"{""type"":""MultiPoint"",""coordinates"":[]}"
1_1_2_00000000000000000f66,61526,65865,New Minya,Egypt,1.4394840473720971,2.8954150140633352,4170.180126582172,2012,"{""type"":""MultiPoint"",""coordinates"":[]}"
1_1_2_00000000000000000f67,61526,65866,Zemam Out,Egypt,6.895518094115006E-5,0.716930482618978,6655.594311331242,2012,"{""type"":""MultiPoint"",""coordinates"":[]}"
1_1_2_00000000000000000f68,61527,65872,Al-Bagur,Egypt,12.738099603541015,10.639648713378662,294569.8640527166,2012,"{""type"":""MultiPoint"",""coordinates"":[]}"
1_1_2_00000000000000000f69,61527,65873,Al-Shuhada,Egypt,9.25399481698272,11.66603144603029,244325.7659106189,2012,"{""type"":""MultiPoint"",""coordinates"":[]}"
1_1_2_00000000000000000f6a,61527,65874,Ashmun,Egypt,14.252604534338104,11.337412927344111,615200.1013392516,2012,"{""type"":""MultiPoint"",""coordinates"":[]}"
1_1_2_00000000000000000f6b,61527,65875,Birkat Al-Sab,Egypt,12.498201119747309,14.789030260530007,230853.99507574603,2012,"{""type"":""MultiPoint"",""coordinates"":[]}"
1_1_2_00000000000000000f6c,61527,65876,Minuf,Egypt,12.243728097886088,9.60146023525794,323624.9331549527,2012,"{""type"":""MultiPoint"",""coordinates"":[]}"
1_1_2_00000000000000000f6d,61527,65877,Minuf City,Egypt,26.51693364882709,35.211463205015164,85157.12483477307,2012,"{""type"":""MultiPoint"",""coordinates"":[]}"
1_1_2_00000000000000000f6e,61527,65879,Quwisna,Egypt,11.256972548130339,13.870604067255409,366675.6009198724,2012,"{""type"":""MultiPoint"",""coordinates"":[]}"
1_1_2_00000000000000000f6f,61527,65888,Sadat City,Egypt,0.6144008887688351,3.512652429970802,135735.1130397117,2012,"{""type"":""MultiPoint"",""coordinates"":[]}"
1_1_2_00000000000000000f70,61527,65889,Shibin al-Kum,Egypt,15.477513188344625,28.575460041725446,510054.45043785975,2012,"{""type"":""MultiPoint"",""coordinates"":[]}"
1_1_2_00000000000000000f71,61527,65891,Sirs Al-Layyana City,Egypt,17.260837207851704,20.80055042306672,50830.21744073789,2012,"{""type"":""MultiPoint"",""coordinates"":[]}"
1_1_2_00000000000000000f72,61527,65894,Tala,Egypt,9.244621672911094,12.172752481678813,287551.9227857227,2012,"{""type"":""MultiPoint"",""coordinates"":[]}"
1_1_2_00000000000000000f73,61528,65896,A-Dakhla Oasis,Egypt,0.018479899233680503,1.016179018788875,59106.5607289913,2012,"{""type"":""MultiPoint"",""coordinates"":[]}"
1_1_2_00000000000000000f74,61528,65897,Al-Kharga Oasis,Egypt,0.020952520272229307,1.2770612676120123,63244.84238341278,2012,"{""type"":""MultiPoint"",""coordinates"":[]}"
1_1_2_00000000000000000f75,61528,65898,Al Farafra Oasis,Egypt,0.0,0.2719149645788129,18705.447893068194,2012,"{""type"":""MultiPoint"",""coordinates"":[]}"
1_1_2_00000000000000000f76,61528,65903,Paris Paris,Egypt,0.0,0.0,0.0,2012,"{""type"":""MultiPoint"",""coordinates"":[]}"
1_1_2_00000000000000000f77,61529,65905,Al-Hasna,Egypt,0.01920347388977054,0.0837820459769913,655.7609509249592,2012,"{""type"":""MultiPoint"",""coordinates"":[]}"
1_1_2_00000000000000000f78,61529,65907,Bir Al-Abd,Egypt,0.213479992143465,0.8365275562706901,20024.26280597932,2012,"{""type"":""MultiPoint"",""coordinates"":[]}"
1_1_2_00000000000000000f79,61529,65913,El Arish 1,Egypt,6.725225835296671,12.77828565022563,62154.89640569123,2012,"{""type"":""MultiPoint"",""coordinates"":[]}"
1_1_2_00000000000000000f7a,61529,65914,El Arish 2,Egypt,0.8552062936857635,6.717714516545452,17199.663883974477,2012,"{""type"":""MultiPoint"",""coordinates"":[]}"
1_1_2_00000000000000000f7b,61529,65922,El Arish 3,Egypt,0.7226900440273862,1.5287768540026205,7108.292635962982,2012,"{""type"":""MultiPoint"",""coordinates"":[]}"
1_1_2_00000000000000000f7c,61529,65925,El Arish 4,Egypt,0.44267988131113223,2.2212454233108816,12176.362067080501,2012,"{""type"":""MultiPoint"",""coordinates"":[]}"
1_1_2_00000000000000000f7d,61529,65927,Nakhl,Egypt,0.005438677490916833,0.052920346263843315,1540.8093072555134,2012,"{""type"":""MultiPoint"",""coordinates"":[]}"
1_1_2_00000000000000000f7e,61529,65928,Qasima,Egypt,0.016586388833265738,0.021155631222554056,991.1129850110775,2012,"{""type"":""MultiPoint"",""coordinates"":[]}"
1_1_2_00000000000000000f7f,61529,65929,Rafah,Egypt,0.4367546549687826,2.1599098814601754,73846.58280938781,2012,"{""type"":""MultiPoint"",""coordinates"":[]}"
1_1_2_00000000000000000f80,61529,65931,Rummana,Egypt,0.5294367066741766,1.3694562035566074,22546.06761796208,2012,"{""type"":""MultiPoint"",""coordinates"":[]}"
1_1_2_00000000000000000f81,61529,65932,Shaykh Zuwayd,Egypt,0.26440759834634625,0.6305479277453158,22046.23618423525,2012,"{""type"":""MultiPoint"",""coordinates"":[]}"
1_1_2_00000000000000000f82,61530,65933,Al-Arab,Egypt,222.6628532409668,80.89005328614567,44403.235674585085,2012,"{""type"":""MultiPoint"",""coordinates"":[]}"
1_1_2_00000000000000000f83,61530,65935,Al-Dawahy,Egypt,156.26274617513022,93.66924107447964,96284.15448525369,2012,"{""type"":""MultiPoint"",""coordinates"":[]}"
1_1_2_00000000000000000f84,61530,65939,Al-Ganoub,Egypt,0.11467007619348694,3.240654090475926,25706.811346819384,2012,"{""type"":""MultiPoint"",""coordinates"":[]}"
1_1_2_00000000000000000f85,61530,65940,Al-Ganoub 2,Egypt,0.562925527599041,1.314622377084843,21199.19349742649,2012,"{""type"":""MultiPoint"",""coordinates"":[]}"
1_1_2_00000000000000000f86,61530,65944,Al-Munakh,Egypt,147.08737025210735,75.54110992088842,57432.48495149797,2012,"{""type"":""MultiPoint"",""coordinates"":[]}"
1_1_2_00000000000000000f87,61530,65946,Al-Sharq,Egypt,54.941616360587304,52.21867932969175,28142.69271867041,2012,"{""type"":""MultiPoint"",""coordinates"":[]}"
1_1_2_00000000000000000f88,61530,65949,Al-Zohour,Egypt,342.0592520577567,166.220432007655,195134.45815310752,2012,"{""type"":""MultiPoint"",""coordinates"":[]}"
1_1_2_00000000000000000f89,61530,65951,Mubark-Sharq Tafrea,Egypt,0.04663715929387705,0.8727820512741451,4946.882273458867,2012,"{""type"":""MultiPoint"",""coordinates"":[]}"
1_1_2_00000000000000000f8a,61530,65952,Police Department Port Said Port,Egypt,0.0,73.51242892380377,16096.213822879043,2012,"{""type"":""MultiPoint"",""coordinates"":[]}"
1_1_2_00000000000000000f8b,61530,65953,Port Fuad,Egypt,75.07326761881511,87.58962979975699,43838.93508780237,2012,"{""type"":""MultiPoint"",""coordinates"":[]}"
1_1_2_00000000000000000f8c,61530,65958,Port Fuad 2,Egypt,4.8254444400469465,16.591264455751798,7195.257500606308,2012,"{""type"":""MultiPoint"",""coordinates"":[]}"
1_1_2_00000000000000000f8d,61531,65959,Abu Tisht,Egypt,11.757685796741082,12.308700447553209,287858.6164049271,2012,"{""type"":""MultiPoint"",""coordinates"":[]}"
1_1_2_00000000000000000f8e,61531,65963,Al Waqf,Egypt,10.367984575007643,8.953097009605292,53705.25822788221,2012,"{""type"":""MultiPoint"",""coordinates"":[]}"
1_1_2_00000000000000000f8f,61531,65966,Armant,Egypt,7.256555544061952,8.691162296254388,127005.82642874116,2012,"{""type"":""MultiPoint"",""coordinates"":[]}"
1_1_2_00000000000000000f90,61531,65973,Dishna,Egypt,8.749513308576255,13.50179889702085,249659.25496853393,2012,"{""type"":""MultiPoint"",""coordinates"":[]}"
1_1_2_00000000000000000f91,61531,65974,Farshut,Egypt,13.750919750856024,14.433626306683223,114170.79076013002,2012,"{""type"":""MultiPoint"",""coordinates"":[]}"
1_1_2_00000000000000000f92,61531,65976,Isna,Egypt,6.743309274365077,11.692348332465023,269585.5909470781,2012,"{""type"":""MultiPoint"",""coordinates"":[]}"
1_1_2_00000000000000000f93,61531,65977,Nag Hammadi,Egypt,13.245576554824236,15.483996887393511,360178.0902783415,2012,"{""type"":""MultiPoint"",""coordinates"":[]}"
1_1_2_00000000000000000f94,61531,65978,Naqada,Egypt,8.263442054200347,7.98962570445799,108854.68629907722,2012,"{""type"":""MultiPoint"",""coordinates"":[]}"
1_1_2_00000000000000000f95,61531,65979,Qift,Egypt,11.270421922954293,13.46499906156072,98618.59703603234,2012,"{""type"":""MultiPoint"",""coordinates"":[]}"
1_1_2_00000000000000000f96,61531,65980,Qina,Egypt,12.489866245465052,19.491162868542947,433017.28812837834,2012,"{""type"":""MultiPoint"",""coordinates"":[]}"
1_1_2_00000000000000000f97,61531,65981,Qina City,Egypt,0.0,0.0,0.0,2012,"{""type"":""MultiPoint"",""coordinates"":[]}"
1_1_2_00000000000000000f98,61531,65983,Qus,Egypt,13.5153939306628,18.504407096442364,286982.3704629623,2012,"{""type"":""MultiPoint"",""coordinates"":[]}"
1_1_2_00000000000000000f99,61531,65984,Zemam Out,Egypt,1.1564412883884364E-4,2.278024351257495,11698.876813129138,2012,"{""type"":""MultiPoint"",""coordinates"":[]}"
1_1_2_00000000000000000f9a,61532,65985,Hurghada 1,Egypt,0.005584000699666295,8.08007366864041,105292.09520844555,2012,"{""type"":""MultiPoint"",""coordinates"":[]}"
1_1_2_00000000000000000f9b,61532,65987,Hurghada 2,Egypt,0.016767370983312543,1.522308363668483,15466.957184153096,2012,"{""type"":""MultiPoint"",""coordinates"":[]}"
1_1_2_00000000000000000f9c,61532,65989,Marsa Alam,Egypt,0.00869756197916751,0.029259687557111575,840.0319550287069,2012,"{""type"":""MultiPoint"",""coordinates"":[]}"
1_1_2_00000000000000000f9d,61532,65990,Qusir,Egypt,0.046003924211331086,2.4070425631354255,17682.612232275857,2012,"{""type"":""MultiPoint"",""coordinates"":[]}"
1_1_2_00000000000000000f9e,61532,65994,Ras Gharib,Egypt,0.023467669714501496,0.8381248348130783,8904.290199356146,2012,"{""type"":""MultiPoint"",""coordinates"":[]}"
1_1_2_00000000000000000f9f,61532,65995,Safaga,Egypt,0.04162322928911213,2.666469506845156,45967.24341559021,2012,"{""type"":""MultiPoint"",""coordinates"":[]}"
1_1_2_00000000000000000fa0,61532,65998,Shallatin,Egypt,0.0026701903265829788,0.05748147441991092,390.1023525415258,2012,"{""type"":""MultiPoint"",""coordinates"":[]}"
1_1_2_00000000000000000fa1,61533,65999,10 Ramadan 1,Egypt,24.461460686671607,22.72560262878455,56210.85104297935,2012,"{""type"":""MultiPoint"",""coordinates"":[]}"
1_1_2_00000000000000000fa2,61533,66001,10 Ramadan 2,Egypt,26.769208017985026,19.31025243712846,57745.74202344933,2012,"{""type"":""MultiPoint"",""coordinates"":[]}"
1_1_2_00000000000000000fa3,61533,66002,Abu Hammad,Egypt,9.244223125664005,9.536518449027001,335358.2733584271,2012,"{""type"":""MultiPoint"",""coordinates"":[]}"
1_1_2_00000000000000000fa4,61533,66004,Abu Kabir,Egypt,10.489892317757672,12.663513556055026,307238.309456589,2012,"{""type"":""MultiPoint"",""coordinates"":[]}"
1_1_2_00000000000000000fa5,61533,66006,Al-Husayniya,Egypt,2.246341225365947,5.430099412871071,479793.9927771766,2012,"{""type"":""MultiPoint"",""coordinates"":[]}"
1_1_2_00000000000000000fa6,61533,66007,Al-Qanayat,Egypt,13.44830659086966,19.771663885768373,41482.2252015254,2012,"{""type"":""MultiPoint"",""coordinates"":[]}"
1_1_2_00000000000000000fa7,61533,66009,Al-Salhiyya,Egypt,0.1060979091516455,1.1525697288370056,20065.93743986988,2012,"{""type"":""MultiPoint"",""coordinates"":[]}"
1_1_2_00000000000000000fa8,61533,66010,Awlad Saqr,Egypt,3.245930659403626,5.042564287450562,168433.68417994084,2012,"{""type"":""MultiPoint"",""coordinates"":[]}"
1_1_2_00000000000000000fa9,61533,66012,Bilbis,Egypt,12.488890004759249,13.84470047897839,572830.3421222795,2012,"{""type"":""MultiPoint"",""coordinates"":[]}"
1_1_2_00000000000000000faa,61533,66013,Dyarb Nigm,Egypt,10.246988521357926,11.52680438794434,340399.1394882553,2012,"{""type"":""MultiPoint"",""coordinates"":[]}"
1_1_2_00000000000000000fab,61533,66014,El-Ibrahimiya,Egypt,10.247568395338769,11.331191368123447,122923.03141795927,2012,"{""type"":""MultiPoint"",""coordinates"":[]}"
1_1_2_00000000000000000fac,61533,66015,Faqus,Egypt,7.032839733271331,17.681499260464783,554784.0360436948,2012,"{""type"":""MultiPoint"",""coordinates"":[]}"
1_1_2_00000000000000000fad,61533,66016,Hihya,Egypt,10.743187001705897,9.974604841510283,197995.3079974278,2012,"{""type"":""MultiPoint"",""coordinates"":[]}"
1_1_2_00000000000000000fae,61533,66017,Kafr Saqr,Egypt,6.754301406439042,9.903217426655175,209983.33919329505,2012,"{""type"":""MultiPoint"",""coordinates"":[]}"
1_1_2_00000000000000000faf,61533,66018,Mashtul Al-Suq,Egypt,14.737982947253254,14.283930933993403,154225.06934317134,2012,"{""type"":""MultiPoint"",""coordinates"":[]}"
1_1_2_00000000000000000fb0,61533,66019,Minya al-Qamh,Egypt,12.502848590221893,14.904202767727645,554590.6526957795,2012,"{""type"":""MultiPoint"",""coordinates"":[]}"
1_1_2_00000000000000000fb1,61533,66020,Qurin,Egypt,18.720999254499162,18.743970303189865,62337.57733855855,2012,"{""type"":""MultiPoint"",""coordinates"":[]}"
1_1_2_00000000000000000fb2,61533,66022,Zaqaziq,Egypt,9.927396293377445,23.434751224570217,642979.0542975039,2012,"{""type"":""MultiPoint"",""coordinates"":[]}"
1_1_2_00000000000000000fb3,61533,66025,Zaqaziq 1,Egypt,406.3042821884155,127.15718681492707,121916.75756803028,2012,"{""type"":""MultiPoint"",""coordinates"":[]}"
1_1_2_00000000000000000fb4,61533,66026,Zaqaziq 2,Egypt,370.06184005737305,191.229033979992,156901.23929315084,2012,"{""type"":""MultiPoint"",""coordinates"":[]}"
1_1_2_00000000000000000fb5,61533,66027,Zemam Out,Egypt,2.9460487817590614E-4,2.1801511555470436,3886.502445305267,2012,"{""type"":""MultiPoint"",""coordinates"":[]}"
1_1_2_00000000000000000fb6,61534,66028,Abu Radis,Egypt,0.021715459659131416,0.09219977739910341,3086.938482759858,2012,"{""type"":""MultiPoint"",""coordinates"":[]}"
1_1_2_00000000000000000fb7,61534,66029,Al-Tur,Egypt,0.03424105848150178,1.0734015297390962,15070.53685091456,2012,"{""type"":""MultiPoint"",""coordinates"":[]}"
1_1_2_00000000000000000fb8,61534,66030,Dahab,Egypt,0.01807440842386901,0.019746185527768537,175.70059551432658,2012,"{""type"":""MultiPoint"",""coordinates"":[]}"
1_1_2_00000000000000000fb9,61534,66032,Nuweiba,Egypt,0.010926774323546938,0.11859884491798785,2818.804790959463,2012,"{""type"":""MultiPoint"",""coordinates"":[]}"
1_1_2_00000000000000000fba,61534,66035,Ras Sidr,Egypt,0.004673970033664176,0.1834854540027665,7211.26183622439,2012,"{""type"":""MultiPoint"",""coordinates"":[]}"
1_1_2_00000000000000000fbb,61534,66039,Sant Katrin,Egypt,0.014176415806806165,0.7812449748239112,4317.556678407477,2012,"{""type"":""MultiPoint"",""coordinates"":[]}"
1_1_2_00000000000000000fbc,61534,66041,Sharm el-Sheikh,Egypt,0.0512540963846014,2.316562857381415,53738.8551578025,2012,"{""type"":""MultiPoint"",""coordinates"":[]}"
1_1_2_00000000000000000fbd,61534,66042,Taba,Egypt,0.0675821944078068,1.3569249935891836,1920.2646819626757,2012,"{""type"":""MultiPoint"",""coordinates"":[]}"
1_1_2_00000000000000000fbe,61535,66043,Al-Arbiin,Egypt,38.420475802485626,37.889211984950016,210150.4937273423,2012,"{""type"":""MultiPoint"",""coordinates"":[]}"
1_1_2_00000000000000000fbf,61535,66044,Al-Ganayin,Egypt,0.3662906053935736,2.5229918078291855,70454.72016280376,2012,"{""type"":""MultiPoint"",""coordinates"":[]}"
1_1_2_00000000000000000fc0,61535,66047,Ataqa,Egypt,0.0340396236561904,0.5293572176390662,21334.969987949433,2012,"{""type"":""MultiPoint"",""coordinates"":[]}"
1_1_2_00000000000000000fc1,61535,66048,Faysal,Egypt,0.29405156343167016,7.36903202395084,113740.78619697665,2012,"{""type"":""MultiPoint"",""coordinates"":[]}"
1_1_2_00000000000000000fc2,61535,66049,Port Suez Police Department,Egypt,0.0,0.405485025058886,14.041258175787974,2012,"{""type"":""MultiPoint"",""coordinates"":[]}"
1_1_2_00000000000000000fc3,61535,66052,Suez,Egypt,15.570469856262207,41.564496940246485,42817.3216463956,2012,"{""type"":""MultiPoint"",""coordinates"":[]}"
1_1_2_00000000000000000fc4,61536,66054,Akhmim,Egypt,23.4921452993614,26.427758684039,289486.78072252445,2012,"{""type"":""MultiPoint"",""coordinates"":[]}"
1_1_2_00000000000000000fc5,61536,66055,Akhmim City,Egypt,0.0,0.0,0.0,2012,"{""type"":""MultiPoint"",""coordinates"":[]}"
1_1_2_00000000000000000fc6,61536,66056,Al-Balyana,Egypt,17.521944659070186,16.902160471653282,368176.9933269444,2012,"{""type"":""MultiPoint"",""coordinates"":[]}"
1_1_2_00000000000000000fc7,61536,66059,Al-Maragha,Egypt,15.51236482971001,12.690906031485579,293991.7115314814,2012,"{""type"":""MultiPoint"",""coordinates"":[]}"
1_1_2_00000000000000000fc8,61536,66061,Al-Minshat,Egypt,18.52063609857042,17.0604762789958,301402.9407969345,2012,"{""type"":""MultiPoint"",""coordinates"":[]}"
1_1_2_00000000000000000fc9,61536,66062,Al Usayrat,Egypt,16.258906842768578,14.78039458066434,134513.49810894614,2012,"{""type"":""MultiPoint"",""coordinates"":[]}"
1_1_2_00000000000000000fca,61536,66065,Dar al-Salam,Egypt,13.24796275346576,9.402596224010914,295863.54424466623,2012,"{""type"":""MultiPoint"",""coordinates"":[]}"
1_1_2_00000000000000000fcb,61536,66066,Girga,Egypt,14.990685060309756,35.52599124580628,357771.056440183,2012,"{""type"":""MultiPoint"",""coordinates"":[]}"
1_1_2_00000000000000000fcc,61536,66067,Guhayna Al-Gharbiyya,Egypt,13.727523348979682,9.504136645653029,193499.43098364965,2012,"{""type"":""MultiPoint"",""coordinates"":[]}"
1_1_2_00000000000000000fcd,61536,66069,Kawther,Egypt,14.528928636788946,29.16089569727284,3406.3102390008817,2012,"{""type"":""MultiPoint"",""coordinates"":[]}"
1_1_2_00000000000000000fce,61536,66070,Kesm Tahta,Egypt,38.5006748024144,63.94005183986879,106992.28648601614,2012,"{""type"":""MultiPoint"",""coordinates"":[]}"
1_1_2_00000000000000000fcf,61536,66072,Saqulta,Egypt,19.499491099924782,13.41818642161326,153236.35450736588,2012,"{""type"":""MultiPoint"",""coordinates"":[]}"
1_1_2_00000000000000000fd0,61536,66073,Suhag,Egypt,19.018162304948223,35.91512935754627,491865.67077291023,2012,"{""type"":""MultiPoint"",""coordinates"":[]}"
1_1_2_00000000000000000fd1,61536,66079,Suhag-2,Egypt,189.16631469726562,143.9662435861337,73428.62676874422,2012,"{""type"":""MultiPoint"",""coordinates"":[]}"
1_1_2_00000000000000000fd2,61536,66085,Suhag City,Egypt,0.01303532302363305,0.06399856007850059,22.610036304892567,2012,"{""type"":""MultiPoint"",""coordinates"":[]}"
1_1_2_00000000000000000fd3,61536,66090,Tahta,Egypt,12.463477442438002,10.969326789565544,237650.08055120506,2012,"{""type"":""MultiPoint"",""coordinates"":[]}"
1_1_2_00000000000000000fd4,61536,66091,Tama,Egypt,15.49558180808871,15.541312095647037,309421.3876710439,2012,"{""type"":""MultiPoint"",""coordinates"":[]}"
1_1_2_00000000000000000fd5,61536,66093,Zemam Out,Egypt,3.4600381197231872E-6,1.6767088216266113,8186.958159208844,2012,"{""type"":""MultiPoint"",""coordinates"":[]}"
1_1_2_00000000000000000fd6,61512,61579,Zemam Out,Egypt,0.09062602060242442,4.672533451969869,209986.64170143844,2012,"{""type"":""MultiPoint"",""coordinates"":[]}"
1_1_2_00000000000000000fd7,61510,61543,Al Raml,Egypt,457.4513704099059,136.1201336491504,339513.63560701266,2012,"{""type"":""MultiPoint"",""coordinates"":[]}"
1_1_2_00000000000000000fd8,61530,65942,Al-Manasra,Egypt,0.1391573597558131,4.144516442954125,4047.8928836229607,2012,"{""type"":""MultiPoint"",""coordinates"":[]}"
1_1_2_00000000000000001e11,3017,27448,Aladag,Turkey,0.07562905182153161,0.6100805936932915,5950.067115179498,2012,"{""type"":""MultiPoint"",""coordinates"":[]}"
1_1_2_00000000000000001e12,3017,27449,Ceyhan,Turkey,0.6212912538280105,4.451287418435478,105975.75365915899,2012,"{""type"":""MultiPoint"",""coordinates"":[]}"
1_1_2_00000000000000001e13,3017,27450,Feke,Turkey,0.1552376918285289,0.8152218136719305,4260.80032420349,2012,"{""type"":""MultiPoint"",""coordinates"":[]}"
1_1_2_00000000000000001e14,3017,27451,Imamoglu,Turkey,0.6163494112374968,4.738953309522202,18558.401334503687,2012,"{""type"":""MultiPoint"",""coordinates"":[]}"
1_1_2_00000000000000001e15,3017,27452,Karaisali,Turkey,0.1541510430676001,8.708408737841898,108235.18568915816,2012,"{""type"":""MultiPoint"",""coordinates"":[]}"
1_1_2_00000000000000001e16,3017,27453,Karatas,Turkey,0.3523845858642845,3.3767898651637283,44687.41013650339,2012,"{""type"":""MultiPoint"",""coordinates"":[]}"
1_1_2_00000000000000001e17,3017,27454,Kozan,Turkey,0.3609465617405214,3.8028048581400973,80182.63137622365,2012,"{""type"":""MultiPoint"",""coordinates"":[]}"
1_1_2_00000000000000001e18,3017,27455,Pozanti,Turkey,0.15241543063589114,1.7806351523506032,11757.00577134476,2012,"{""type"":""MultiPoint"",""coordinates"":[]}"
1_1_2_00000000000000001e19,3017,27456,Saimbeyli,Turkey,0.0551434680395865,0.860125177553665,7778.059297644639,2012,"{""type"":""MultiPoint"",""coordinates"":[]}"
1_1_2_00000000000000001e1a,3017,27457,Seyhan,Turkey,4.957325801018114,26.977807523988247,648423.7479583957,2012,"{""type"":""MultiPoint"",""coordinates"":[]}"
1_1_2_00000000000000001e1b,3017,27458,Tufanbeyli,Turkey,0.17780612284964845,1.1723555495415976,7835.410297758614,2012,"{""type"":""MultiPoint"",""coordinates"":[]}"
1_1_2_00000000000000001e1c,3017,27459,Yumurtalik,Turkey,3.4427610672409323,16.95745629953311,179022.16488278154,2012,"{""type"":""MultiPoint"",""coordinates"":[]}"
1_1_2_00000000000000001e1d,3017,27460,Yuregir,Turkey,0.11072008443757024,1.8566495136870174,93551.6145798939,2012,"{""type"":""MultiPoint"",""coordinates"":[]}"
1_1_2_00000000000000001e1e,3018,27461,Besni,Turkey,0.6098642396670341,3.6250353870544534,54772.45344982507,2012,"{""type"":""MultiPoint"",""coordinates"":[]}"
1_1_2_00000000000000001e1f,3018,27462,Celikhan,Turkey,0.3395032207670147,2.078854844553175,5050.274806657478,2012,"{""type"":""MultiPoint"",""coordinates"":[]}"
1_1_2_00000000000000001e20,3018,27463,Gerger,Turkey,0.1765080311920268,1.2191935350743839,9725.649243115839,2012,"{""type"":""MultiPoint"",""coordinates"":[]}"
1_1_2_00000000000000001e21,3018,27464,Golbasi,Turkey,0.35480942496115614,3.7469777340225288,30515.62059194067,2012,"{""type"":""MultiPoint"",""coordinates"":[]}"
1_1_2_00000000000000001e22,3018,27465,Kahta,Turkey,0.2728768297860409,4.095395129178368,72842.17566764557,2012,"{""type"":""MultiPoint"",""coordinates"":[]}"
1_1_2_00000000000000001e23,3018,27466,Merkez,Turkey,0.7182145688908044,7.598332280838514,188550.12681957352,2012,"{""type"":""MultiPoint"",""coordinates"":[]}"
1_1_2_00000000000000001e24,3018,27467,Samsat,Turkey,0.28075360549668404,1.0959546690239177,8360.925882738333,2012,"{""type"":""MultiPoint"",""coordinates"":[]}"
1_1_2_00000000000000001e25,3018,27468,Sincik,Turkey,0.4070612887629992,1.2525970067739154,5880.405227546087,2012,"{""type"":""MultiPoint"",""coordinates"":[]}"
1_1_2_00000000000000001e26,3018,27469,Tut,Turkey,0.2011723724842624,0.6663657837091338,2421.5161720692595,2012,"{""type"":""MultiPoint"",""coordinates"":[]}"
1_1_2_00000000000000001e27,3019,27470,Basmakci,Turkey,0.05970234950558131,1.0598913885253876,5707.393106376863,2012,"{""type"":""MultiPoint"",""coordinates"":[]}"
1_1_2_00000000000000001e28,3019,27471,Bayat,Turkey,0.033550532469391006,0.6755694841838632,3181.740800607905,2012,"{""type"":""MultiPoint"",""coordinates"":[]}"
1_1_2_00000000000000001e29,3019,27472,Bolvadin,Turkey,0.09225295064935034,2.876970556830633,31684.449869373428,2012,"{""type"":""MultiPoint"",""coordinates"":[]}"
1_1_2_00000000000000001e2a,3019,27473,Cay,Turkey,0.30929353054815,2.030833421079546,18350.767145360256,2012,"{""type"":""MultiPoint"",""coordinates"":[]}"
1_1_2_00000000000000001e2b,3019,27474,Cobanlar,Turkey,0.3085570387242856,2.0122074034698145,17859.526930270502,2012,"{""type"":""MultiPoint"",""coordinates"":[]}"
1_1_2_00000000000000001e2c,3019,27475,Dazkiri,Turkey,0.1526524810549833,1.2349332574677852,7815.723077483557,2012,"{""type"":""MultiPoint"",""coordinates"":[]}"
1_1_2_00000000000000001e2d,3019,27476,Dinar,Turkey,0.17810593372484804,1.8642044132003177,30050.46212801874,2012,"{""type"":""MultiPoint"",""coordinates"":[]}"
1_1_2_00000000000000001e2e,3019,27477,Emirdag,Turkey,0.1819731722384377,1.3002027156215727,26285.23118377024,2012,"{""type"":""MultiPoint"",""coordinates"":[]}"
1_1_2_00000000000000001e2f,3019,27478,Evciler,Turkey,0.1556281128378176,1.5859909280514926,6101.522094122946,2012,"{""type"":""MultiPoint"",""coordinates"":[]}"
1_1_2_00000000000000001e30,3019,27479,Hocalar,Turkey,0.327636538271628,1.1161464233418048,5197.722002090564,2012,"{""type"":""MultiPoint"",""coordinates"":[]}"
1_1_2_00000000000000001e31,3019,27480,Ihsaniye,Turkey,0.18139102526730128,1.2151881528232034,16724.828861881175,2012,"{""type"":""MultiPoint"",""coordinates"":[]}"
1_1_2_00000000000000001e32,3019,27481,Iscehisar,Turkey,0.1799683427669914,2.06203799399809,21238.037584877897,2012,"{""type"":""MultiPoint"",""coordinates"":[]}"
1_1_2_00000000000000001e33,3019,27482,Kiziloren,Turkey,0.17238107458630725,0.6425669985969952,2706.69174215827,2012,"{""type"":""MultiPoint"",""coordinates"":[]}"
1_1_2_00000000000000001e34,3019,27483,Merkez,Turkey,1.37582530233168,6.113032067012647,198589.0398640922,2012,"{""type"":""MultiPoint"",""coordinates"":[]}"
1_1_2_00000000000000001e35,3019,27484,Sandikli,Turkey,0.36926229191720067,3.386723879085358,37034.155684901285,2012,"{""type"":""MultiPoint"",""coordinates"":[]}"
1_1_2_00000000000000001e36,3019,27485,Sincanli,Turkey,0.30660644870977166,1.5746326881628252,27876.534162680153,2012,"{""type"":""MultiPoint"",""coordinates"":[]}"
1_1_2_00000000000000001e37,3019,27486,Suhut,Turkey,0.30956890356117606,1.9528422287538292,23845.828998314682,2012,"{""type"":""MultiPoint"",""coordinates"":[]}"
1_1_2_00000000000000001e38,3019,27487,Sultandagi,Turkey,0.18861730030290635,1.917437069241831,15382.913079684426,2012,"{""type"":""MultiPoint"",""coordinates"":[]}"
1_1_2_00000000000000001e39,3021,27496,Agacoren,Turkey,0.1716903265953539,0.38229581771690385,2956.75835265361,2012,"{""type"":""MultiPoint"",""coordinates"":[]}"
1_1_2_00000000000000001e3a,3021,27497,Eskil,Turkey,0.08729877270415741,0.7466525795861408,17601.09710974338,2012,"{""type"":""MultiPoint"",""coordinates"":[]}"
1_1_2_00000000000000001e3b,3021,27498,Gulagac,Turkey,0.5278668452783544,1.985402303979718,14957.930679453017,2012,"{""type"":""MultiPoint"",""coordinates"":[]}"
1_1_2_00000000000000001e3c,3021,27499,Guzelyurt,Turkey,0.9680143290207638,2.189891002922259,14494.436279223295,2012,"{""type"":""MultiPoint"",""coordinates"":[]}"
1_1_2_00000000000000001e3d,3021,27500,Merkez,Turkey,0.1782623715174863,4.922626668018761,191496.47551316707,2012,"{""type"":""MultiPoint"",""coordinates"":[]}"
1_1_2_00000000000000001e3e,3021,27501,Ortakoy,Turkey,0.35548398752388993,3.3448139415579767,20576.089310084568,2012,"{""type"":""MultiPoint"",""coordinates"":[]}"
1_1_2_00000000000000001e3f,3021,27502,Sariyahsi,Turkey,0.11682292378971863,0.294001756185626,1064.1589447155743,2012,"{""type"":""MultiPoint"",""coordinates"":[]}"
1_1_2_00000000000000001e40,3023,27511,Altindag,Turkey,17.45995855327754,41.930543690502176,471140.10935824283,2012,"{""type"":""MultiPoint"",""coordinates"":[]}"
1_1_2_00000000000000001e41,3023,27512,Ayas,Turkey,0.11038554754857238,0.5546475237086911,6051.680204893908,2012,"{""type"":""MultiPoint"",""coordinates"":[]}"
1_1_2_00000000000000001e42,3023,27513,Bala,Turkey,0.08969591140303129,0.6069333328405417,12044.005978527719,2012,"{""type"":""MultiPoint"",""coordinates"":[]}"
1_1_2_00000000000000001e43,3023,27514,Beypazari,Turkey,0.3114088242105154,2.208982000238741,25402.504796288802,2012,"{""type"":""MultiPoint"",""coordinates"":[]}"
1_1_2_00000000000000001e44,3023,27516,Cankaya,Turkey,17.7411203094202,17.841945971705577,476337.8272090439,2012,"{""type"":""MultiPoint"",""coordinates"":[]}"
1_1_2_00000000000000001e45,3023,27518,Elmadag,Turkey,0.07577849863248981,3.1705808995686606,34452.24052732042,2012,"{""type"":""MultiPoint"",""coordinates"":[]}"
1_1_2_00000000000000001e46,3023,27519,Etimesgut,Turkey,12.994614188217923,30.402383673892526,218809.2275955823,2012,"{""type"":""MultiPoint"",""coordinates"":[]}"
1_1_2_00000000000000001e47,3023,27520,Evren,Turkey,0.1767120429060676,0.23260824760412707,718.172280304711,2012,"{""type"":""MultiPoint"",""coordinates"":[]}"
1_1_2_00000000000000001e48,3023,27521,Golbasi,Turkey,0.8657621758848847,3.7828060925916547,109044.542658067,2012,"{""type"":""MultiPoint"",""coordinates"":[]}"
1_1_2_00000000000000001e49,3023,27522,Gudul,Turkey,0.2786263892884907,0.7178159757344259,5243.301185341742,2012,"{""type"":""MultiPoint"",""coordinates"":[]}"
1_1_2_00000000000000001e4a,3023,27523,Haymana,Turkey,0.1798419923181115,0.8652476585774671,14385.506918245235,2012,"{""type"":""MultiPoint"",""coordinates"":[]}"
1_1_2_00000000000000001e4b,3023,27525,Kazan,Turkey,0.5622742967612512,1.7197839022074621,30998.025921929453,2012,"{""type"":""MultiPoint"",""coordinates"":[]}"
1_1_2_00000000000000001e4c,3023,27526,Kecioren,Turkey,37.02690238929897,53.65027609592727,763186.0055860904,2012,"{""type"":""MultiPoint"",""coordinates"":[]}"
1_1_2_00000000000000001e4d,3023,27528,Mamak,Turkey,12.521941655745634,29.44631318194096,421102.08152092685,2012,"{""type"":""MultiPoint"",""coordinates"":[]}"
1_1_2_00000000000000001e4e,3023,27529,Nallihan,Turkey,0.1511685257265876,1.1143379871904613,14288.658627009983,2012,"{""type"":""MultiPoint"",""coordinates"":[]}"
1_1_2_00000000000000001e4f,3023,27530,Polatli,Turkey,0.3749749570218436,2.6890689658596902,79754.12444090396,2012,"{""type"":""MultiPoint"",""coordinates"":[]}"
1_1_2_00000000000000001e50,3023,27531,S.kochisar,Turkey,0.18457699471832884,1.7142428905921296,18327.021604945883,2012,"{""type"":""MultiPoint"",""coordinates"":[]}"
1_1_2_00000000000000001e51,3023,27532,Sincan,Turkey,7.010121110577036,46.550861612667816,507473.0845463431,2012,"{""type"":""MultiPoint"",""coordinates"":[]}"
1_1_2_00000000000000001e52,3023,27533,Yenimahalle,Turkey,10.49086712353817,18.894086231223753,612857.8892474987,2012,"{""type"":""MultiPoint"",""coordinates"":[]}"
1_1_2_00000000000000001e53,3024,27534,Akseki,Turkey,0.08858623222946772,0.8607466044782907,6036.981464827755,2012,"{""type"":""MultiPoint"",""coordinates"":[]}"
1_1_2_00000000000000001e54,3024,27535,Alanya,Turkey,0.6178844392619979,5.662447155533035,165275.8442978527,2012,"{""type"":""MultiPoint"",""coordinates"":[]}"
1_1_2_00000000000000001e55,3024,27536,Elmali,Turkey,0.17826840012247527,1.3716169248427683,23689.727520447756,2012,"{""type"":""MultiPoint"",""coordinates"":[]}"
1_1_2_00000000000000001e56,3024,27537,Finike,Turkey,0.3726401557351617,3.3215094806974825,38750.919146884866,2012,"{""type"":""MultiPoint"",""coordinates"":[]}"
1_1_2_00000000000000001e57,3024,27538,Gazipasa,Turkey,0.3116603450957958,2.011014945421652,27298.51971936646,2012,"{""type"":""MultiPoint"",""coordinates"":[]}"
1_1_2_00000000000000001e58,3024,27539,Gundogmus,Turkey,0.08575629083625072,0.3198054492533834,3744.779886608818,2012,"{""type"":""MultiPoint"",""coordinates"":[]}"
1_1_2_00000000000000001e59,3024,27540,Ibradi,Turkey,0.021063617204324665,0.22499049803144253,1392.872763856882,2012,"{""type"":""MultiPoint"",""coordinates"":[]}"
1_1_2_00000000000000001e5a,3024,27541,Kale,Turkey,0.18020170779205788,1.9621786976250826,20101.131188291412,2012,"{""type"":""MultiPoint"",""coordinates"":[]}"
1_1_2_00000000000000001e5b,3024,27542,Kas,Turkey,0.06262952149948126,1.1850053950595907,39888.43047160916,2012,"{""type"":""MultiPoint"",""coordinates"":[]}"
1_1_2_00000000000000001e5c,3024,27543,Kemer,Turkey,0.4710030696197325,2.1402731900816523,26809.707138653976,2012,"{""type"":""MultiPoint"",""coordinates"":[]}"
1_1_2_00000000000000001e5d,3024,27544,Korkuteli,Turkey,0.06191123242779862,1.233589906778514,31103.930391613223,2012,"{""type"":""MultiPoint"",""coordinates"":[]}"
1_1_2_00000000000000001e5e,3024,27545,Kumluca,Turkey,0.30898632548199145,1.9384946655274045,48283.27744232082,2012,"{""type"":""MultiPoint"",""coordinates"":[]}"
1_1_2_00000000000000001e5f,3024,27546,Manavgat,Turkey,0.616563184047682,3.231672667073628,119074.467165259,2012,"{""type"":""MultiPoint"",""coordinates"":[]}"
1_1_2_00000000000000001e60,3024,27547,Merkez,Turkey,1.4075203174769668,12.389930018101062,873130.6402203635,2012,"{""type"":""MultiPoint"",""coordinates"":[]}"
1_1_2_00000000000000001e61,3024,27548,Serik,Turkey,0.6126450802101534,1.959705503904349,84066.97050011679,2012,"{""type"":""MultiPoint"",""coordinates"":[]}"
1_1_2_00000000000000001e62,3027,27563,Bozdogan,Turkey,0.5616679668181186,1.90551031664702,17737.404646500127,2012,"{""type"":""MultiPoint"",""coordinates"":[]}"
1_1_2_00000000000000001e63,3027,27564,Buharkent,Turkey,1.0584099395984674,2.2001447543589814,7239.350892920777,2012,"{""type"":""MultiPoint"",""coordinates"":[]}"
1_1_2_00000000000000001e64,3027,27565,Cine,Turkey,0.36225419767594796,2.3816281373564774,35912.1900939233,2012,"{""type"":""MultiPoint"",""coordinates"":[]}"
1_1_2_00000000000000001e65,3027,27566,Germencik,Turkey,0.6804522188433443,2.6085739835116852,31477.87224880582,2012,"{""type"":""MultiPoint"",""coordinates"":[]}"
1_1_2_00000000000000001e66,3027,27567,Incirliova,Turkey,1.3642126929032667,3.770114850346105,30727.946779887643,2012,"{""type"":""MultiPoint"",""coordinates"":[]}"
1_1_2_00000000000000001e67,3027,27568,Karacasu,Turkey,0.4389080528874341,1.5228592231958589,10721.12237870477,2012,"{""type"":""MultiPoint"",""coordinates"":[]}"
1_1_2_00000000000000001e68,3027,27569,Karpuzlu,Turkey,0.34259065756176366,0.9098535979051224,8534.880306101739,2012,"{""type"":""MultiPoint"",""coordinates"":[]}"
1_1_2_00000000000000001e69,3027,27570,Kocarli,Turkey,0.304672202104216,1.5789410097109855,15282.492926247432,2012,"{""type"":""MultiPoint"",""coordinates"":[]}"
1_1_2_00000000000000001e6a,3027,27571,Kosk,Turkey,1.6254882770161554,5.0544599058208375,25437.997609346163,2012,"{""type"":""MultiPoint"",""coordinates"":[]}"
1_1_2_00000000000000001e6b,3027,27572,Kusadasi,Turkey,1.6196838703875334,5.753886254247076,70546.27482768083,2012,"{""type"":""MultiPoint"",""coordinates"":[]}"
1_1_2_00000000000000001e6c,3027,27573,Kuyucak,Turkey,1.2158516278587466,7.461942298303612,36503.298860104784,2012,"{""type"":""MultiPoint"",""coordinates"":[]}"
1_1_2_00000000000000001e6d,3027,27574,Merkez,Turkey,2.234220226980829,13.26365930806294,205315.7281530481,2012,"{""type"":""MultiPoint"",""coordinates"":[]}"
1_1_2_00000000000000001e6e,3027,27575,Nazilli,Turkey,1.4705662039170242,11.94890586550499,94067.93287848748,2012,"{""type"":""MultiPoint"",""coordinates"":[]}"
1_1_2_00000000000000001e6f,3027,27576,Soke,Turkey,0.35989426218376425,4.079459922768374,75553.03207053509,2012,"{""type"":""MultiPoint"",""coordinates"":[]}"
1_1_2_00000000000000001e70,3027,27577,Sultanhisar,Turkey,0.46823578502436547,1.1807760296764893,7057.64076798911,2012,"{""type"":""MultiPoint"",""coordinates"":[]}"
1_1_2_00000000000000001e71,3027,27578,Yenihisar,Turkey,0.36434415888859556,3.872598069185853,49285.122304865916,2012,"{""type"":""MultiPoint"",""coordinates"":[]}"
1_1_2_00000000000000001e72,3027,27579,Yenipazar,Turkey,0.8090010343217805,2.7963119327075385,9955.322729151843,2012,"{""type"":""MultiPoint"",""coordinates"":[]}"
1_1_2_00000000000000001e73,3028,27580,Ayvalik,Turkey,0.6874447854939326,2.8863492722774446,43736.78519756657,2012,"{""type"":""MultiPoint"",""coordinates"":[]}"
1_1_2_00000000000000001e74,3028,27581,Balya,Turkey,0.10871141883986835,0.48236367140383746,5306.786072866664,2012,"{""type"":""MultiPoint"",""coordinates"":[]}"
1_1_2_00000000000000001e75,3028,27582,Bandirma,Turkey,1.1136356667477771,5.73876907224171,107810.39107167316,2012,"{""type"":""MultiPoint"",""coordinates"":[]}"
1_1_2_00000000000000001e76,3028,27583,Bigadic,Turkey,0.42998613785591777,1.666579750143389,32649.49996906901,2012,"{""type"":""MultiPoint"",""coordinates"":[]}"
1_1_2_00000000000000001e77,3028,27584,Burhaniye,Turkey,0.8696033206230144,4.211883189823594,37461.241959920146,2012,"{""type"":""MultiPoint"",""coordinates"":[]}"
1_1_2_00000000000000001e78,3028,27585,Dursunbey,Turkey,0.18457003700866634,1.366667199145566,20948.57420030302,2012,"{""type"":""MultiPoint"",""coordinates"":[]}"
1_1_2_00000000000000001e79,3028,27586,Edremit,Turkey,2.1168574343272937,6.145480412204653,98832.73762153514,2012,"{""type"":""MultiPoint"",""coordinates"":[]}"
1_1_2_00000000000000001e7a,3028,27587,Erdek,Turkey,0.6178867349394606,3.6545715209918166,11516.343557608687,2012,"{""type"":""MultiPoint"",""coordinates"":[]}"
1_1_2_00000000000000001e7b,3028,27588,Gomec,Turkey,0.40836117599671273,1.1027855232832398,7783.1190000905935,2012,"{""type"":""MultiPoint"",""coordinates"":[]}"
1_1_2_00000000000000001e7c,3028,27589,Gonen,Turkey,0.3656693775865156,3.0829266789784855,49563.458900755475,2012,"{""type"":""MultiPoint"",""coordinates"":[]}"
1_1_2_00000000000000001e7d,3028,27590,Havran,Turkey,0.5624196441979619,2.5432576317682862,20191.283679583616,2012,"{""type"":""MultiPoint"",""coordinates"":[]}"
1_1_2_00000000000000001e7e,3028,27591,Ivrindi,Turkey,0.3086230330606662,1.654279361049311,24684.172381105465,2012,"{""type"":""MultiPoint"",""coordinates"":[]}"
1_1_2_00000000000000001e7f,3028,27592,Kepsut,Turkey,0.3104007132812088,1.1415507332541617,14895.759269206623,2012,"{""type"":""MultiPoint"",""coordinates"":[]}"
1_1_2_00000000000000001e80,3028,27593,Manyas,Turkey,0.34240868502816135,1.0548341391720406,13581.435995515503,2012,"{""type"":""MultiPoint"",""coordinates"":[]}"
1_1_2_00000000000000001e81,3028,27594,Marmara,Turkey,0.21596462613658912,0.9678001549749304,4887.638168161735,2012,"{""type"":""MultiPoint"",""coordinates"":[]}"
1_1_2_00000000000000001e82,3028,27595,Merkez,Turkey,0.720184479195082,8.05791265618678,275472.06610523356,2012,"{""type"":""MultiPoint"",""coordinates"":[]}"
1_1_2_00000000000000001e83,3028,27596,Savastepe,Turkey,0.18007713930914931,1.7014329628423768,15088.565435694863,2012,"{""type"":""MultiPoint"",""coordinates"":[]}"
1_1_2_00000000000000001e84,3028,27597,Sindirgi,Turkey,0.4326559722367714,1.8049010189712815,19310.339452613494,2012,"{""type"":""MultiPoint"",""coordinates"":[]}"
1_1_2_00000000000000001e85,3028,27598,Susurluk,Turkey,0.4345049831500718,1.9665950163815926,30101.177445363697,2012,"{""type"":""MultiPoint"",""coordinates"":[]}"
1_1_2_00000000000000001e86,3032,27612,Bozuyuk,Turkey,0.5597655090467243,3.770227443690712,45843.98175805056,2012,"{""type"":""MultiPoint"",""coordinates"":[]}"
1_1_2_00000000000000001e87,3032,27613,Golpazari,Turkey,0.31052298920596616,1.5142327603205767,7265.353758292251,2012,"{""type"":""MultiPoint"",""coordinates"":[]}"
1_1_2_00000000000000001e88,3032,27614,Inhisar,Turkey,0.16381380217518712,0.43963964866734495,1335.9096571811165,2012,"{""type"":""MultiPoint"",""coordinates"":[]}"
1_1_2_00000000000000001e89,3032,27615,Merkez,Turkey,0.43396059251883273,2.8450470798399983,59980.6532450252,2012,"{""type"":""MultiPoint"",""coordinates"":[]}"
1_1_2_00000000000000001e8a,3032,27616,Osmaneli,Turkey,0.1809420664016061,1.6386349277013987,18923.65999090834,2012,"{""type"":""MultiPoint"",""coordinates"":[]}"
1_1_2_00000000000000001e8b,3032,27617,Pazaryeri,Turkey,0.27890661783935533,1.214077766896172,8972.871019645048,2012,"{""type"":""MultiPoint"",""coordinates"":[]}"
1_1_2_00000000000000001e8c,3032,27618,Sogut,Turkey,0.4335093498027573,2.555805080039245,16622.729307912803,2012,"{""type"":""MultiPoint"",""coordinates"":[]}"
1_1_2_00000000000000001e8d,3032,27619,Yenipazar,Turkey,0.11762918249668439,0.2792750968184928,1433.2918625327559,2012,"{""type"":""MultiPoint"",""coordinates"":[]}"
1_1_2_00000000000000001e8e,3035,27643,Goynuk,Turkey,0.15248408739686845,0.6247857388115488,8574.43220263789,2012,"{""type"":""MultiPoint"",""coordinates"":[]}"
1_1_2_00000000000000001e8f,3035,27645,Kibriscik,Turkey,0.07664978055713269,0.4645841022744172,1196.2482050085844,2012,"{""type"":""MultiPoint"",""coordinates"":[]}"
1_1_2_00000000000000001e90,3035,27648,Mudurnu,Turkey,0.2018698409848368,0.7706309461709822,10368.509226002983,2012,"{""type"":""MultiPoint"",""coordinates"":[]}"
1_1_2_00000000000000001e91,3035,27649,Seben,Turkey,0.07673273420150528,0.5253321428257033,2581.3481300053277,2012,"{""type"":""MultiPoint"",""coordinates"":[]}"
1_1_2_00000000000000001e92,3036,27652,Aglasun,Turkey,0.09078178987381118,1.4174742702271799,5881.95878989587,2012,"{""type"":""MultiPoint"",""coordinates"":[]}"
1_1_2_00000000000000001e93,3036,27653,Altinyayla,Turkey,0.5622983787569735,2.6961052445335576,5760.494940075222,2012,"{""type"":""MultiPoint"",""coordinates"":[]}"
1_1_2_00000000000000001e94,3036,27654,Bucak,Turkey,0.10369769312807149,2.389614960550629,40867.37584843435,2012,"{""type"":""MultiPoint"",""coordinates"":[]}"
1_1_2_00000000000000001e95,3036,27655,Cavdir,Turkey,0.21825238100785016,1.456808447570779,10345.314384123309,2012,"{""type"":""MultiPoint"",""coordinates"":[]}"
1_1_2_00000000000000001e96,3036,27656,Celtikci,Turkey,0.2032638832751524,0.7306005172713863,5093.650381011091,2012,"{""type"":""MultiPoint"",""coordinates"":[]}"
1_1_2_00000000000000001e97,3036,27657,Golhisar,Turkey,0.30490215428079775,3.4680945578204527,15491.4515623008,2012,"{""type"":""MultiPoint"",""coordinates"":[]}"
1_1_2_00000000000000001e98,3036,27658,Karamanli,Turkey,0.15313577502928255,1.5392124596356676,5455.129654909397,2012,"{""type"":""MultiPoint"",""coordinates"":[]}"
1_1_2_00000000000000001e99,3036,27659,Kemer,Turkey,0.04535525286723878,0.4728113322828822,1636.2219123513682,2012,"{""type"":""MultiPoint"",""coordinates"":[]}"
1_1_2_00000000000000001e9a,3036,27660,Merkez,Turkey,0.10018359744673525,4.063850142320785,81517.00620572841,2012,"{""type"":""MultiPoint"",""coordinates"":[]}"
1_1_2_00000000000000001e9b,3036,27661,Tefenni,Turkey,0.15417405269186224,1.3140283168095535,5015.352107186455,2012,"{""type"":""MultiPoint"",""coordinates"":[]}"
1_1_2_00000000000000001e9c,3036,27662,Yesilova,Turkey,0.1787230221254719,1.228780057426327,9428.02019170162,2012,"{""type"":""MultiPoint"",""coordinates"":[]}"
1_1_2_00000000000000001e9d,3037,27663,Buyukorhan,Turkey,0.27696968221688695,0.9720026758987221,6826.230854557324,2012,"{""type"":""MultiPoint"",""coordinates"":[]}"
1_1_2_00000000000000001e9e,3037,27664,Gemlik,Turkey,0.6083973626740278,5.995666401875468,69121.63477977936,2012,"{""type"":""MultiPoint"",""coordinates"":[]}"
1_1_2_00000000000000001e9f,3037,27665,Gursu,Turkey,1.7423017110947887,7.007763325794699,37949.44120575038,2012,"{""type"":""MultiPoint"",""coordinates"":[]}"
1_1_2_00000000000000001ea0,3037,27666,Harmancik,Turkey,0.20288953661399908,0.5042141242053976,3910.1878581298624,2012,"{""type"":""MultiPoint"",""coordinates"":[]}"
1_1_2_00000000000000001ea1,3037,27667,Inegol,Turkey,0.7393237428022633,7.72968511637862,178455.4276664937,2012,"{""type"":""MultiPoint"",""coordinates"":[]}"
1_1_2_00000000000000001ea2,3037,27668,Iznik,Turkey,0.10680937050910742,2.4051021653865616,33152.37533711076,2012,"{""type"":""MultiPoint"",""coordinates"":[]}"
1_1_2_00000000000000001ea3,3037,27669,Karacabey,Turkey,0.5619700241786291,2.313692015042077,49954.29302331219,2012,"{""type"":""MultiPoint"",""coordinates"":[]}"
1_1_2_00000000000000001ea4,3037,27670,Keles,Turkey,0.2177864942790667,0.7052225010467156,7742.502458900215,2012,"{""type"":""MultiPoint"",""coordinates"":[]}"
1_1_2_00000000000000001ea5,3037,27671,Kestel,Turkey,0.1668149342939121,3.2667872258052073,33687.52352624669,2012,"{""type"":""MultiPoint"",""coordinates"":[]}"
1_1_2_00000000000000001ea6,3037,27672,M.kemalpasa,Turkey,0.6228574322012135,2.6024215357726006,68501.79325154849,2012,"{""type"":""MultiPoint"",""coordinates"":[]}"
1_1_2_00000000000000001ea7,3037,27673,Mudanya,Turkey,0.8733377493009515,4.599487894755135,66074.26655903056,2012,"{""type"":""MultiPoint"",""coordinates"":[]}"
1_1_2_00000000000000001ea8,3037,27674,Nilufer,Turkey,1.1709189242802764,50.58039234443978,673479.8758622874,2012,"{""type"":""MultiPoint"",""coordinates"":[]}"
1_1_2_00000000000000001ea9,3037,27675,Orhaneli,Turkey,0.309465184408931,0.9658207157807673,14772.203366403857,2012,"{""type"":""MultiPoint"",""coordinates"":[]}"
1_1_2_00000000000000001eaa,3037,27676,Orhangazi,Turkey,0.8696179247165656,3.9843474974413615,58862.31374109118,2012,"{""type"":""MultiPoint"",""coordinates"":[]}"
1_1_2_00000000000000001eab,3037,27677,Osmangazi,Turkey,3.4743537784758205,29.958409242471905,628669.2028228116,2012,"{""type"":""MultiPoint"",""coordinates"":[]}"
1_1_2_00000000000000001eac,3037,27678,Yenisehir,Turkey,0.36271904323267956,1.7979720350139783,37250.667427689325,2012,"{""type"":""MultiPoint"",""coordinates"":[]}"
1_1_2_00000000000000001ead,3037,27679,Yildirim,Turkey,205.65865019838256,164.37468739851099,170517.58857715077,2012,"{""type"":""MultiPoint"",""coordinates"":[]}"
1_1_2_00000000000000001eae,3038,27680,Ayvacik,Turkey,0.1798581236571231,1.0719588355173069,18878.946944443956,2012,"{""type"":""MultiPoint"",""coordinates"":[]}"
1_1_2_00000000000000001eaf,3038,27681,Bayramic,Turkey,0.18176004751342098,1.4803533867354355,17718.45320330328,2012,"{""type"":""MultiPoint"",""coordinates"":[]}"
1_1_2_00000000000000001eb0,3038,27682,Biga,Turkey,0.1781151070627214,1.5404788446219964,60947.38516399172,2012,"{""type"":""MultiPoint"",""coordinates"":[]}"
1_1_2_00000000000000001eb1,3038,27683,Bozcaada,Turkey,0.23430079504519233,0.7378257287198793,1609.1741303338576,2012,"{""type"":""MultiPoint"",""coordinates"":[]}"
1_1_2_00000000000000001eb2,3038,27684,Can,Turkey,0.11154873854759449,2.3943539704073986,36107.60774305395,2012,"{""type"":""MultiPoint"",""coordinates"":[]}"
1_1_2_00000000000000001eb3,3038,27685,Eceabat,Turkey,0.08969679505618182,0.9068918621771048,4987.629166006027,2012,"{""type"":""MultiPoint"",""coordinates"":[]}"
1_1_2_00000000000000001eb4,3038,27686,Ezine,Turkey,0.1826447681989964,1.6040604399786147,27058.35649189103,2012,"{""type"":""MultiPoint"",""coordinates"":[]}"
1_1_2_00000000000000001eb5,3038,27687,Gelibolu,Turkey,0.1798577909844436,1.3851072239418298,26660.901702727824,2012,"{""type"":""MultiPoint"",""coordinates"":[]}"
1_1_2_00000000000000001eb6,3038,27688,Gokceada,Turkey,0.13995124670881973,0.8401319575249179,4128.009311088372,2012,"{""type"":""MultiPoint"",""coordinates"":[]}"
1_1_2_00000000000000001eb7,3038,27689,Lapseki,Turkey,0.06099051970589866,1.0597967998258337,18960.554821779173,2012,"{""type"":""MultiPoint"",""coordinates"":[]}"
1_1_2_00000000000000001eb8,3038,27690,Merkez,Turkey,0.11161157483080907,4.890405213338485,110704.18519940146,2012,"{""type"":""MultiPoint"",""coordinates"":[]}"
1_1_2_00000000000000001eb9,3038,27691,Yenice,Turkey,0.18486901753217932,1.2269640418277883,22169.248420096148,2012,"{""type"":""MultiPoint"",""coordinates"":[]}"
1_1_2_00000000000000001eba,3041,27718,Acipayam,Turkey,0.4349952086675676,1.9302396001156912,35715.78350057999,2012,"{""type"":""MultiPoint"",""coordinates"":[]}"
1_1_2_00000000000000001ebb,3041,27719,Akkoy,Turkey,0.13954900801153158,0.5937273002072873,4445.5458835455065,2012,"{""type"":""MultiPoint"",""coordinates"":[]}"
1_1_2_00000000000000001ebc,3041,27720,Babadag,Turkey,1.0776804907582451,1.5605864584836966,3166.3026762985714,2012,"{""type"":""MultiPoint"",""coordinates"":[]}"
1_1_2_00000000000000001ebd,3041,27721,Baklan,Turkey,0.04399664797647944,0.44289089282966915,3354.5720039261255,2012,"{""type"":""MultiPoint"",""coordinates"":[]}"
1_1_2_00000000000000001ebe,3041,27722,Bekilli,Turkey,0.28015363712294744,1.0920325502506296,3861.49409435672,2012,"{""type"":""MultiPoint"",""coordinates"":[]}"
1_1_2_00000000000000001ebf,3041,27723,Beyagac,Turkey,0.472420786282109,1.31856487584632,5133.465633205192,2012,"{""type"":""MultiPoint"",""coordinates"":[]}"
1_1_2_00000000000000001ec0,3041,27724,Bozkurt,Turkey,0.05066853873399833,1.6662240172119014,7205.227925804915,2012,"{""type"":""MultiPoint"",""coordinates"":[]}"
1_1_2_00000000000000001ec1,3041,27725,Buldan,Turkey,0.9371438829211111,2.655364837870507,17235.609679045952,2012,"{""type"":""MultiPoint"",""coordinates"":[]}"
1_1_2_00000000000000001ec2,3041,27726,Cal,Turkey,0.08774112121182819,0.9548731644876295,11937.54425071737,2012,"{""type"":""MultiPoint"",""coordinates"":[]}"
1_1_2_00000000000000001ec3,3041,27727,Cameli,Turkey,0.3063074152654412,1.6150126684085415,13441.713824536891,2012,"{""type"":""MultiPoint"",""coordinates"":[]}"
1_1_2_00000000000000001ec4,3041,27728,Cardak,Turkey,0.17631760993096643,1.3248471896984164,8095.410098307052,2012,"{""type"":""MultiPoint"",""coordinates"":[]}"
1_1_2_00000000000000001ec5,3041,27729,Civril,Turkey,0.09654708542963625,2.00080555488092,45293.19550817684,2012,"{""type"":""MultiPoint"",""coordinates"":[]}"
1_1_2_00000000000000001ec6,3041,27730,Guney,Turkey,0.08632256897686681,0.8001602665037525,5862.502351082606,2012,"{""type"":""MultiPoint"",""coordinates"":[]}"
1_1_2_00000000000000001ec7,3041,27731,Honaz,Turkey,0.5599821850806069,2.1399814694107726,30873.00237315951,2012,"{""type"":""MultiPoint"",""coordinates"":[]}"
1_1_2_00000000000000001ec8,3041,27732,Kale,Turkey,0.3047686184691918,2.4599771086360374,10548.444564355063,2012,"{""type"":""MultiPoint"",""coordinates"":[]}"
1_1_2_00000000000000001ec9,3041,27733,Merkez,Turkey,5.264524067445649,16.249018736769127,459323.39270102413,2012,"{""type"":""MultiPoint"",""coordinates"":[]}"
1_1_2_00000000000000001eca,3041,27734,Saraykoy,Turkey,0.9368543611645376,2.2608304123322136,20033.2825146423,2012,"{""type"":""MultiPoint"",""coordinates"":[]}"
1_1_2_00000000000000001ecb,3041,27735,Serinhisar,Turkey,0.43623706594348916,3.5738029606684045,11385.644828107563,2012,"{""type"":""MultiPoint"",""coordinates"":[]}"
1_1_2_00000000000000001ecc,3041,27736,Tavas,Turkey,0.432505502901966,2.086331930183131,31211.12164083984,2012,"{""type"":""MultiPoint"",""coordinates"":[]}"
1_1_2_00000000000000001ecd,3043,27751,Enez,Turkey,0.1544752002102435,0.8195620466771716,6426.664495780458,2012,"{""type"":""MultiPoint"",""coordinates"":[]}"
1_1_2_00000000000000001ece,3043,27752,Havsa,Turkey,0.3444399071500402,1.0394425417457922,12974.775156537296,2012,"{""type"":""MultiPoint"",""coordinates"":[]}"
1_1_2_00000000000000001ecf,3043,27753,Ipsala,Turkey,0.1512973756046292,1.152539774306608,21821.05274238332,2012,"{""type"":""MultiPoint"",""coordinates"":[]}"
1_1_2_00000000000000001ed0,3043,27754,Kesan,Turkey,0.10986513808015176,2.4683829759251195,51428.784803272225,2012,"{""type"":""MultiPoint"",""coordinates"":[]}"
1_1_2_00000000000000001ed1,3043,27756,Meric,Turkey,0.08621823210001776,0.9261944491915665,11022.755006110208,2012,"{""type"":""MultiPoint"",""coordinates"":[]}"
1_1_2_00000000000000001ed2,3043,27757,Merkez,Turkey,0.8692194492490557,6.127069895231515,121006.72187954697,2012,"{""type"":""MultiPoint"",""coordinates"":[]}"
1_1_2_00000000000000001ed3,3043,27758,Suleoglu,Turkey,0.15621594100515632,0.7937041938385345,5084.237473192635,2012,"{""type"":""MultiPoint"",""coordinates"":[]}"
1_1_2_00000000000000001ed4,3043,27759,Uzunkopru,Turkey,0.17926890051639124,1.8771506510864666,46136.60067729754,2012,"{""type"":""MultiPoint"",""coordinates"":[]}"
1_1_2_00000000000000001ed5,3047,27799,Alpu,Turkey,0.15343467489551105,1.2878326314278974,9489.184086757716,2012,"{""type"":""MultiPoint"",""coordinates"":[]}"
1_1_2_00000000000000001ed6,3047,27800,Beylikova,Turkey,0.13996169198312694,0.7263659355782383,3311.1234921868454,2012,"{""type"":""MultiPoint"",""coordinates"":[]}"
1_1_2_00000000000000001ed7,3047,27801,Cifteler,Turkey,0.17946870695830544,1.9346263056004736,9976.3145119879,2012,"{""type"":""MultiPoint"",""coordinates"":[]}"
1_1_2_00000000000000001ed8,3047,27802,Gunyuzu,Turkey,0.04524455801377894,0.49676314645357866,4848.940683871641,2012,"{""type"":""MultiPoint"",""coordinates"":[]}"
1_1_2_00000000000000001ed9,3047,27803,Han,Turkey,0.15316306708995814,0.906559835509715,2229.7023044792754,2012,"{""type"":""MultiPoint"",""coordinates"":[]}"
1_1_2_00000000000000001eda,3047,27804,Inonu,Turkey,0.23378717961888584,0.7803647333712989,4773.2688729438205,2012,"{""type"":""MultiPoint"",""coordinates"":[]}"
1_1_2_00000000000000001edb,3047,27805,Mahmudiye,Turkey,0.15593906551360207,0.6799277453227611,4954.430049197293,2012,"{""type"":""MultiPoint"",""coordinates"":[]}"
1_1_2_00000000000000001edc,3047,27806,Merkez,Turkey,0.7170606016608424,11.37024721079127,516706.7128177995,2012,"{""type"":""MultiPoint"",""coordinates"":[]}"
1_1_2_00000000000000001edd,3047,27807,Mihalgazi,Turkey,0.27229874559811185,0.5958159709278501,1137.8290471346681,2012,"{""type"":""MultiPoint"",""coordinates"":[]}"
1_1_2_00000000000000001ede,3047,27808,Mihaliccik,Turkey,0.0895975402202377,0.48600956673130496,4827.5820378800345,2012,"{""type"":""MultiPoint"",""coordinates"":[]}"
1_1_2_00000000000000001edf,3047,27809,Saricakaya,Turkey,0.32778881275639293,0.7850614165126625,3117.4178816640415,2012,"{""type"":""MultiPoint"",""coordinates"":[]}"
1_1_2_00000000000000001ee0,3047,27810,Seyitgazi,Turkey,0.027563765880121216,0.6193944670268123,8925.248149874342,2012,"{""type"":""MultiPoint"",""coordinates"":[]}"
1_1_2_00000000000000001ee1,3047,27811,Sivrihisar,Turkey,0.15421431728742396,0.6871744002697129,11677.788744966247,2012,"{""type"":""MultiPoint"",""coordinates"":[]}"
1_1_2_00000000000000001ee2,3048,27812,Araban,Turkey,0.6204996017437202,3.6511398233441152,17919.027719466943,2012,"{""type"":""MultiPoint"",""coordinates"":[]}"
1_1_2_00000000000000001ee3,3048,27813,Islahiye,Turkey,0.3621732802020571,3.2610161038389465,39647.83170367046,2012,"{""type"":""MultiPoint"",""coordinates"":[]}"
1_1_2_00000000000000001ee4,3048,27814,Kargamis,Turkey,0.43361027441312266,1.6593082836298447,16520.52230780525,2012,"{""type"":""MultiPoint"",""coordinates"":[]}"
1_1_2_00000000000000001ee5,3048,27815,Nizip,Turkey,0.22654553674670158,5.537700632843389,108850.95755159936,2012,"{""type"":""MultiPoint"",""coordinates"":[]}"
1_1_2_00000000000000001ee6,3048,27816,Nurdagi,Turkey,0.1824071162557749,1.836361827749206,21658.91766508995,2012,"{""type"":""MultiPoint"",""coordinates"":[]}"
1_1_2_00000000000000001ee7,3048,27817,Oguzeli,Turkey,0.3576898083832787,3.472645597224293,46222.573818699726,2012,"{""type"":""MultiPoint"",""coordinates"":[]}"
1_1_2_00000000000000001ee8,3048,27818,Sahinbey,Turkey,0.6657452996029618,28.550038641216858,752785.1881054553,2012,"{""type"":""MultiPoint"",""coordinates"":[]}"
1_1_2_00000000000000001ee9,3048,27819,Sehitkamil,Turkey,0.5644860858774818,14.009839877793265,449444.7378271074,2012,"{""type"":""MultiPoint"",""coordinates"":[]}"
1_1_2_00000000000000001eea,3048,27820,Yavuzeli,Turkey,0.358709938571666,2.047264680222269,12623.50365804587,2012,"{""type"":""MultiPoint"",""coordinates"":[]}"
1_1_2_00000000000000001eeb,3052,27847,Altinozu,Turkey,0.6138645268085797,1.7221642046884678,40474.01102672363,2012,"{""type"":""MultiPoint"",""coordinates"":[]}"
1_1_2_00000000000000001eec,3052,27848,Belen,Turkey,0.8704472615136941,5.279084444542226,42112.77294912529,2012,"{""type"":""MultiPoint"",""coordinates"":[]}"
1_1_2_00000000000000001eed,3052,27849,Dortyol,Turkey,2.626909598736897,6.167313245720629,98394.02798195044,2012,"{""type"":""MultiPoint"",""coordinates"":[]}"
1_1_2_00000000000000001eee,3052,27850,Erzin,Turkey,0.4323148805176393,1.654749819198531,21980.89677651939,2012,"{""type"":""MultiPoint"",""coordinates"":[]}"
1_1_2_00000000000000001eef,3052,27851,Hassa,Turkey,0.6153453160948393,3.8694572223179793,39266.41434640115,2012,"{""type"":""MultiPoint"",""coordinates"":[]}"
1_1_2_00000000000000001ef0,3052,27852,Iskenderun,Turkey,1.741632997372223,10.968298304238669,258475.07261365803,2012,"{""type"":""MultiPoint"",""coordinates"":[]}"
1_1_2_00000000000000001ef1,3052,27853,Kirikhan,Turkey,0.24998370423897706,4.563810266868947,64857.37535121652,2012,"{""type"":""MultiPoint"",""coordinates"":[]}"
1_1_2_00000000000000001ef2,3052,27854,Kumlu,Turkey,0.2655624866132141,0.8527952831716518,7650.83024708078,2012,"{""type"":""MultiPoint"",""coordinates"":[]}"
1_1_2_00000000000000001ef3,3052,27855,Merkez,Turkey,2.4201398988005494,11.115542630112493,401711.15584295715,2012,"{""type"":""MultiPoint"",""coordinates"":[]}"
1_1_2_00000000000000001ef4,3052,27856,Reyhanli,Turkey,0.7109765016187384,5.825617840911299,65273.03407129222,2012,"{""type"":""MultiPoint"",""coordinates"":[]}"
1_1_2_00000000000000001ef5,3052,27857,Samandagi,Turkey,2.734661305693568,7.430006261835611,106951.47960643066,2012,"{""type"":""MultiPoint"",""coordinates"":[]}"
1_1_2_00000000000000001ef6,3052,27858,Yayladagi,Turkey,0.3081922749513407,1.409561175931349,20912.366587596316,2012,"{""type"":""MultiPoint"",""coordinates"":[]}"
1_1_2_00000000000000001ef7,3053,27859,Anamur,Turkey,0.0961083944286904,3.1160620801099648,43257.86645315471,2012,"{""type"":""MultiPoint"",""coordinates"":[]}"
1_1_2_00000000000000001ef8,3053,27860,Aydincik,Turkey,0.0880575766787836,1.0695057928082865,8364.276627622292,2012,"{""type"":""MultiPoint"",""coordinates"":[]}"
1_1_2_00000000000000001ef9,3053,27861,Bozyazi,Turkey,0.05039665176345368,1.417439011183613,18033.601145107423,2012,"{""type"":""MultiPoint"",""coordinates"":[]}"
1_1_2_00000000000000001efa,3053,27862,Camliyayla,Turkey,0.13321385521970802,0.3470247234400323,4838.087918778789,2012,"{""type"":""MultiPoint"",""coordinates"":[]}"
1_1_2_00000000000000001efb,3053,27863,Erdemli,Turkey,0.35705151773634447,2.941344612530511,97456.15192022722,2012,"{""type"":""MultiPoint"",""coordinates"":[]}"
1_1_2_00000000000000001efc,3053,27864,Gulnar,Turkey,0.05008962152374085,0.7170460909873341,20484.23564569706,2012,"{""type"":""MultiPoint"",""coordinates"":[]}"
1_1_2_00000000000000001efd,3053,27865,Merkez,Turkey,1.4409227199834769,16.993811925352745,723564.896639643,2012,"{""type"":""MultiPoint"",""coordinates"":[]}"
1_1_2_00000000000000001efe,3053,27866,Mut,Turkey,0.057153614442746,1.35665006315637,43058.76528725708,2012,"{""type"":""MultiPoint"",""coordinates"":[]}"
1_1_2_00000000000000001eff,3053,27867,Silifke,Turkey,0.07211220355073236,2.003740893727049,79565.01975480624,2012,"{""type"":""MultiPoint"",""coordinates"":[]}"
1_1_2_00000000000000001f00,3053,27868,Tarsus,Turkey,0.5477125853642407,9.75089084231486,354746.1949036449,2012,"{""type"":""MultiPoint"",""coordinates"":[]}"
1_1_2_00000000000000001f01,3055,27873,Aksu,Turkey,0.35905296544530496,1.1397136481922112,3344.558177777147,2012,"{""type"":""MultiPoint"",""coordinates"":[]}"
1_1_2_00000000000000001f02,3055,27874,Atabey,Turkey,0.21266048364971735,1.0359100274157635,4316.739698153822,2012,"{""type"":""MultiPoint"",""coordinates"":[]}"
1_1_2_00000000000000001f03,3055,27875,Egirdir,Turkey,0.30912763143396754,1.7107231590416128,21859.92718369631,2012,"{""type"":""MultiPoint"",""coordinates"":[]}"
1_1_2_00000000000000001f04,3055,27876,Gelendost,Turkey,0.43518274876134827,1.8261191257655216,9657.856405011229,2012,"{""type"":""MultiPoint"",""coordinates"":[]}"
1_1_2_00000000000000001f05,3055,27877,Gonen,Turkey,0.40569472502574117,1.148520609260563,8093.1520230511,2012,"{""type"":""MultiPoint"",""coordinates"":[]}"
1_1_2_00000000000000001f06,3055,27878,Keciborlu,Turkey,0.17571771502553363,1.4990195484797537,10622.413807329282,2012,"{""type"":""MultiPoint"",""coordinates"":[]}"
1_1_2_00000000000000001f07,3055,27879,Merkez,Turkey,1.2251007042425828,13.330814815451555,208817.98289833392,2012,"{""type"":""MultiPoint"",""coordinates"":[]}"
1_1_2_00000000000000001f08,3055,27880,Sarkikaraagac,Turkey,0.435635831803757,1.8411554825814853,17729.105940139536,2012,"{""type"":""MultiPoint"",""coordinates"":[]}"
1_1_2_00000000000000001f09,3055,27881,Senirkent,Turkey,0.04586306053291413,1.6419184561846911,8086.9658348584435,2012,"{""type"":""MultiPoint"",""coordinates"":[]}"
1_1_2_00000000000000001f0a,3055,27882,Sutculer,Turkey,0.0763877919348544,0.6013709718413119,4180.82240498796,2012,"{""type"":""MultiPoint"",""coordinates"":[]}"
1_1_2_00000000000000001f0b,3055,27883,Uluborlu,Turkey,0.045422863235590416,1.9861404217225265,4784.567139460522,2012,"{""type"":""MultiPoint"",""coordinates"":[]}"
1_1_2_00000000000000001f0c,3055,27884,Yalvac,Turkey,0.3070731375434435,2.1814839285150938,32484.861330859185,2012,"{""type"":""MultiPoint"",""coordinates"":[]}"
1_1_2_00000000000000001f0d,3055,27885,Yenisarbademli,Turkey,0.15131846496037074,0.6074972427172918,1088.5161256475592,2012,"{""type"":""MultiPoint"",""coordinates"":[]}"
1_1_2_00000000000000001f0e,3056,27886,Adalar,Turkey,6.908856630325317,5.244127199563914,6684.822706181393,2012,"{""type"":""MultiPoint"",""coordinates"":[]}"
1_1_2_00000000000000001f0f,3056,27887,Avcilar,Turkey,45.0560512838403,60.88043598634696,282168.0959242677,2012,"{""type"":""MultiPoint"",""coordinates"":[]}"
1_1_2_00000000000000001f10,3056,27888,B.cekmece,Turkey,12.503287251388793,37.31115515293565,674110.6971214983,2012,"{""type"":""MultiPoint"",""coordinates"":[]}"
1_1_2_00000000000000001f11,3056,27889,Bagcilar,Turkey,306.98398323114935,86.26831568404415,795017.7622482224,2012,"{""type"":""MultiPoint"",""coordinates"":[]}"
1_1_2_00000000000000001f12,3056,27890,Bahcelievler,Turkey,242.7601064046224,113.53200151572479,443060.16258659353,2012,"{""type"":""MultiPoint"",""coordinates"":[]}"
1_1_2_00000000000000001f13,3056,27891,Bakirkoy,Turkey,28.518314049652506,42.00551333969528,120864.51756372268,2012,"{""type"":""MultiPoint"",""coordinates"":[]}"
1_1_2_00000000000000001f14,3056,27892,Bayrampasa,Turkey,223.42272186279297,72.42337343788903,214423.5602645875,2012,"{""type"":""MultiPoint"",""coordinates"":[]}"
1_1_2_00000000000000001f15,3056,27893,Besiktas,Turkey,38.44239559909137,16.815877771944546,98828.69064130593,2012,"{""type"":""MultiPoint"",""coordinates"":[]}"
1_1_2_00000000000000001f16,3056,27894,Beykoz,Turkey,4.492709916848274,19.63901819219767,244365.81704139686,2012,"{""type"":""MultiPoint"",""coordinates"":[]}"
1_1_2_00000000000000001f17,3056,27895,Beyoglu,Turkey,152.5224218435533,48.91576664459113,183154.68551165244,2012,"{""type"":""MultiPoint"",""coordinates"":[]}"
1_1_2_00000000000000001f18,3056,27896,Catalca,Turkey,0.7355309582408904,4.494431484169868,194525.8376187657,2012,"{""type"":""MultiPoint"",""coordinates"":[]}"
1_1_2_00000000000000001f19,3056,27897,Eminonu,Turkey,111.55652125801626,36.930441310292856,39441.43273013247,2012,"{""type"":""MultiPoint"",""coordinates"":[]}"
1_1_2_00000000000000001f1a,3056,27898,Esenler,Turkey,101.9000010802367,130.09575079327433,534979.2807797275,2012,"{""type"":""MultiPoint"",""coordinates"":[]}"
1_1_2_00000000000000001f1b,3056,27899,Eyup,Turkey,2.84593826790402,42.20495077318197,380485.6547295262,2012,"{""type"":""MultiPoint"",""coordinates"":[]}"
1_1_2_00000000000000001f1c,3056,27900,Fatih,Turkey,148.45128135707333,37.569210612832926,186729.70238107422,2012,"{""type"":""MultiPoint"",""coordinates"":[]}"
1_1_2_00000000000000001f1d,3056,27901,G.osmanpasa,Turkey,8.957389902106286,88.81852194158726,1035773.6167584701,2012,"{""type"":""MultiPoint"",""coordinates"":[]}"
1_1_2_00000000000000001f1e,3056,27902,Gungoren,Turkey,303.3355223026331,121.70960026517375,281774.52434435056,2012,"{""type"":""MultiPoint"",""coordinates"":[]}"
1_1_2_00000000000000001f1f,3056,27903,K.cekmece,Turkey,29.04192978759868,78.25086726395814,834449.1180829026,2012,"{""type"":""MultiPoint"",""coordinates"":[]}"
1_1_2_00000000000000001f20,3056,27904,Kadikoy,Turkey,104.51520618860778,34.57129147684483,370947.66195416916,2012,"{""type"":""MultiPoint"",""coordinates"":[]}"
1_1_2_00000000000000001f21,3056,27905,Kagithane,Turkey,186.91532001418238,69.60019065587292,376347.92238756054,2012,"{""type"":""MultiPoint"",""coordinates"":[]}"
1_1_2_00000000000000001f22,3056,27906,Kartal,Turkey,76.46811202519652,44.50315188912677,254497.11393037965,2012,"{""type"":""MultiPoint"",""coordinates"":[]}"
1_1_2_00000000000000001f23,3056,27907,Maltepe,Turkey,29.48030502315226,35.211219662949404,538344.0825968212,2012,"{""type"":""MultiPoint"",""coordinates"":[]}"
1_1_2_00000000000000001f24,3056,27908,Pendik,Turkey,10.490307501312293,23.57065244752783,333057.4594260454,2012,"{""type"":""MultiPoint"",""coordinates"":[]}"
1_1_2_00000000000000001f25,3056,27909,Sariyer,Turkey,9.233293501358458,18.012186764350503,238956.12984741005,2012,"{""type"":""MultiPoint"",""coordinates"":[]}"
1_1_2_00000000000000001f26,3056,27910,Sile,Turkey,0.42869691319064857,2.761799747751009,77707.1696968694,2012,"{""type"":""MultiPoint"",""coordinates"":[]}"
1_1_2_00000000000000001f27,3056,27911,Silivri,Turkey,0.6860898035413208,2.1989531324114497,98711.2895357141,2012,"{""type"":""MultiPoint"",""coordinates"":[]}"
1_1_2_00000000000000001f28,3056,27912,Sisli,Turkey,52.56914429843074,57.547854254228184,272534.0225694336,2012,"{""type"":""MultiPoint"",""coordinates"":[]}"
1_1_2_00000000000000001f29,3056,27913,Sultanbeyli,Turkey,54.54724296706622,52.71690724984853,183796.3152286315,2012,"{""type"":""MultiPoint"",""coordinates"":[]}"
1_1_2_00000000000000001f2a,3056,27914,Tuzla,Turkey,19.54830980129086,22.843433618350286,146210.38041503564,2012,"{""type"":""MultiPoint"",""coordinates"":[]}"
1_1_2_00000000000000001f2b,3056,27915,Umraniye,Turkey,36.47556195862663,48.47131074934718,888524.9496751803,2012,"{""type"":""MultiPoint"",""coordinates"":[]}"
1_1_2_00000000000000001f2c,3056,27916,Uskudar,Turkey,127.07943280877043,50.82689083081971,590029.434451563,2012,"{""type"":""MultiPoint"",""coordinates"":[]}"
1_1_2_00000000000000001f2d,3056,27917,Zeytinburnu,Turkey,142.54322281802993,32.34756451432625,179135.42039627387,2012,"{""type"":""MultiPoint"",""coordinates"":[]}"
1_1_2_00000000000000001f2e,3057,27918,Aliaga,Turkey,0.8102447072926051,2.907508304313966,61220.47848045631,2012,"{""type"":""MultiPoint"",""coordinates"":[]}"
1_1_2_00000000000000001f2f,3057,27919,Balcova,Turkey,17.612593738463545,12.008306119716606,52455.1383582134,2012,"{""type"":""MultiPoint"",""coordinates"":[]}"
1_1_2_00000000000000001f30,3057,27920,Bayindir,Turkey,0.6858883830477672,2.1843789430394494,26557.939981289637,2012,"{""type"":""MultiPoint"",""coordinates"":[]}"
1_1_2_00000000000000001f31,3057,27921,Bergama,Turkey,0.30953068965973374,2.30489182281015,69038.85169128596,2012,"{""type"":""MultiPoint"",""coordinates"":[]}"
1_1_2_00000000000000001f32,3057,27922,Beydag,Turkey,0.8032563599970084,2.1972004159762517,6686.517436626644,2012,"{""type"":""MultiPoint"",""coordinates"":[]}"
1_1_2_00000000000000001f33,3057,27923,Bornova,Turkey,4.860584320082318,24.952323975030087,397103.8509024359,2012,"{""type"":""MultiPoint"",""coordinates"":[]}"
1_1_2_00000000000000001f34,3057,27924,Buca,Turkey,6.818928577286432,57.80940862855774,394471.3980341547,2012,"{""type"":""MultiPoint"",""coordinates"":[]}"
1_1_2_00000000000000001f35,3057,27925,Cesme,Turkey,0.21732068705750954,1.8761439297461424,27171.60570693262,2012,"{""type"":""MultiPoint"",""coordinates"":[]}"
1_1_2_00000000000000001f36,3057,27926,Cigli,Turkey,5.740128957131058,15.0874733715241,82062.19738106201,2012,"{""type"":""MultiPoint"",""coordinates"":[]}"
1_1_2_00000000000000001f37,3057,27927,Dikili,Turkey,0.3127995020147689,1.7916438070336478,23559.94098300868,2012,"{""type"":""MultiPoint"",""coordinates"":[]}"
1_1_2_00000000000000001f38,3057,27928,Foca,Turkey,0.6137091987100448,3.0311997131615844,32514.245360411092,2012,"{""type"":""MultiPoint"",""coordinates"":[]}"
1_1_2_00000000000000001f39,3057,27929,Gaziemir,Turkey,11.4231853581518,24.756455917671506,111412.08616965158,2012,"{""type"":""MultiPoint"",""coordinates"":[]}"
1_1_2_00000000000000001f3a,3057,27930,Guzelbahce,Turkey,1.409232351015199,2.786929508957269,22179.540135629126,2012,"{""type"":""MultiPoint"",""coordinates"":[]}"
1_1_2_00000000000000001f3b,3057,27931,Hekimadasi,Turkey,,,0.0,2012,"{""type"":""MultiPoint"",""coordinates"":[]}"
1_1_2_00000000000000001f3c,3057,27932,Karaada,Turkey,0.018848082050681114,0.0011576661726324735,0.6172924730926752,2012,"{""type"":""MultiPoint"",""coordinates"":[]}"
1_1_2_00000000000000001f3d,3057,27933,Karaburun,Turkey,0.04563697743801072,0.5738895281800428,6162.90190146496,2012,"{""type"":""MultiPoint"",""coordinates"":[]}"
1_1_2_00000000000000001f3e,3057,27934,Kemalpasa,Turkey,0.8632826634142705,4.040532687727715,79343.36750188968,2012,"{""type"":""MultiPoint"",""coordinates"":[]}"
1_1_2_00000000000000001f3f,3057,27935,Kinik,Turkey,0.3131159113341516,1.9731871076033547,18545.541267925444,2012,"{""type"":""MultiPoint"",""coordinates"":[]}"
1_1_2_00000000000000001f40,3057,27936,Kiraz,Turkey,0.8610628634797839,3.551069167635549,18972.46078858973,2012,"{""type"":""MultiPoint"",""coordinates"":[]}"
1_1_2_00000000000000001f41,3057,27937,Konak,Turkey,48.98843205433229,62.41861746932712,1208170.4863907613,2012,"{""type"":""MultiPoint"",""coordinates"":[]}"
1_1_2_00000000000000001f42,3057,27938,Menderes,Turkey,0.43342754816839,1.9263977927398175,53401.91419743668,2012,"{""type"":""MultiPoint"",""coordinates"":[]}"
1_1_2_00000000000000001f43,3057,27939,Menemen,Turkey,0.8618719817198726,5.845507385097432,123142.15070277486,2012,"{""type"":""MultiPoint"",""coordinates"":[]}"
1_1_2_00000000000000001f44,3057,27940,Narlidere,Turkey,4.775368678751092,16.488320681169306,59715.469789263465,2012,"{""type"":""MultiPoint"",""coordinates"":[]}"
1_1_2_00000000000000001f45,3057,27941,Odemis,Turkey,0.8712801935244386,4.516666521107716,95355.26526439999,2012,"{""type"":""MultiPoint"",""coordinates"":[]}"
1_1_2_00000000000000001f46,3057,27942,Seferihisar,Turkey,0.30718967626214405,1.9476098431281021,23342.908175626253,2012,"{""type"":""MultiPoint"",""coordinates"":[]}"
1_1_2_00000000000000001f47,3057,27943,Selcuk,Turkey,0.8710540639329248,4.079718425023225,33775.639942436224,2012,"{""type"":""MultiPoint"",""coordinates"":[]}"
1_1_2_00000000000000001f48,3057,27944,Tire,Turkey,0.36530609545972326,2.921362326450897,54712.3364075675,2012,"{""type"":""MultiPoint"",""coordinates"":[]}"
1_1_2_00000000000000001f49,3057,27945,Toprakada,Turkey,0.015606999397277832,2.77194536229118E-4,0.5486716490677175,2012,"{""type"":""MultiPoint"",""coordinates"":[]}"
1_1_2_00000000000000001f4a,3057,27946,Torbali,Turkey,1.1213163759609432,3.582460509021998,105953.84054785229,2012,"{""type"":""MultiPoint"",""coordinates"":[]}"
1_1_2_00000000000000001f4b,3057,27947,Urla,Turkey,0.18454724931481,1.817473799480233,39161.759282300125,2012,"{""type"":""MultiPoint"",""coordinates"":[]}"
1_1_2_00000000000000001f4c,3057,27948,Uzunada,Turkey,0.038027410423665337,0.07016913513054313,98.43503365429002,2012,"{""type"":""MultiPoint"",""coordinates"":[]}"
1_1_2_00000000000000001f4d,3058,27949,Afsin,Turkey,0.3539540764104205,2.98112649113363,59428.32982388769,2012,"{""type"":""MultiPoint"",""coordinates"":[]}"
1_1_2_00000000000000001f4e,3058,27950,Andirin,Turkey,0.12106896583900975,1.333982716630256,23442.843843608127,2012,"{""type"":""MultiPoint"",""coordinates"":[]}"
1_1_2_00000000000000001f4f,3058,27951,Caglayancerit,Turkey,0.5507225756229922,1.9366942580569142,9111.926860569856,2012,"{""type"":""MultiPoint"",""coordinates"":[]}"
1_1_2_00000000000000001f50,3058,27952,Ekinozu,Turkey,0.21627679015234869,1.331392726176529,5626.315997971474,2012,"{""type"":""MultiPoint"",""coordinates"":[]}"
1_1_2_00000000000000001f51,3058,27953,Elbistan,Turkey,0.7384798480360021,5.83325406081069,89143.46279738439,2012,"{""type"":""MultiPoint"",""coordinates"":[]}"
1_1_2_00000000000000001f52,3058,27954,Goksun,Turkey,0.10056951156219626,2.1847024207739034,30180.878728286814,2012,"{""type"":""MultiPoint"",""coordinates"":[]}"
1_1_2_00000000000000001f53,3058,27955,Merkez,Turkey,0.29117113959307156,10.228036436367775,417508.0499556671,2012,"{""type"":""MultiPoint"",""coordinates"":[]}"
1_1_2_00000000000000001f54,3058,27956,Nurhak,Turkey,0.1407347092279524,0.8161566254106051,3965.9573625108997,2012,"{""type"":""MultiPoint"",""coordinates"":[]}"
1_1_2_00000000000000001f55,3058,27957,Pazarcik,Turkey,0.36494390359857,2.4286205688239133,52367.90463749703,2012,"{""type"":""MultiPoint"",""coordinates"":[]}"
1_1_2_00000000000000001f56,3058,27958,Turkoglu,Turkey,0.35639755326102335,4.342039629154616,60425.30873875479,2012,"{""type"":""MultiPoint"",""coordinates"":[]}"
1_1_2_00000000000000001f57,3060,27965,Ayranci,Turkey,0.04350160715076795,0.31475689177958394,3580.96686341195,2012,"{""type"":""MultiPoint"",""coordinates"":[]}"
1_1_2_00000000000000001f58,3060,27966,Basyayla,Turkey,0.2164914081700618,1.7879672255297747,4094.2570818796385,2012,"{""type"":""MultiPoint"",""coordinates"":[]}"
1_1_2_00000000000000001f59,3060,27967,Ermenek,Turkey,0.18284360297541524,1.547437033497017,13397.313927544697,2012,"{""type"":""MultiPoint"",""coordinates"":[]}"
1_1_2_00000000000000001f5a,3060,27968,Kazimkarabekir,Turkey,0.18280268527784052,1.9239669066775766,7744.895598138033,2012,"{""type"":""MultiPoint"",""coordinates"":[]}"
1_1_2_00000000000000001f5b,3060,27969,Merkez,Turkey,0.13117284349904634,4.518321071243812,127608.7176051683,2012,"{""type"":""MultiPoint"",""coordinates"":[]}"
1_1_2_00000000000000001f5c,3060,27970,Sariveliler,Turkey,0.4644994237800924,1.0547381692696636,4235.8938276559375,2012,"{""type"":""MultiPoint"",""coordinates"":[]}"
1_1_2_00000000000000001f5d,3063,27999,Akkisla,Turkey,0.20403749275941846,0.857996463078157,3178.4122229835634,2012,"{""type"":""MultiPoint"",""coordinates"":[]}"
1_1_2_00000000000000001f5e,3063,28000,Bunyan,Turkey,0.1775257835491812,1.681925141830315,18837.965459199182,2012,"{""type"":""MultiPoint"",""coordinates"":[]}"
1_1_2_00000000000000001f5f,3063,28001,Develi,Turkey,0.3647734285744935,3.271589878219277,42247.5855774793,2012,"{""type"":""MultiPoint"",""coordinates"":[]}"
1_1_2_00000000000000001f60,3063,28002,Felahiye,Turkey,0.13913250157742763,0.8105807781092033,3028.8786202261763,2012,"{""type"":""MultiPoint"",""coordinates"":[]}"
1_1_2_00000000000000001f61,3063,28003,Hacilar,Turkey,0.35279241081543466,7.137080946898856,42815.49711139748,2012,"{""type"":""MultiPoint"",""coordinates"":[]}"
1_1_2_00000000000000001f62,3063,28004,Incesu,Turkey,0.2797493169328435,1.0364459565787398,12795.885908143935,2012,"{""type"":""MultiPoint"",""coordinates"":[]}"
1_1_2_00000000000000001f63,3063,28005,Kocasinan,Turkey,1.2515062609751904,12.741057543519823,345337.87018649804,2012,"{""type"":""MultiPoint"",""coordinates"":[]}"
1_1_2_00000000000000001f64,3063,28006,Melikgazi,Turkey,5.758721820701134,15.88718641917356,356522.2949563485,2012,"{""type"":""MultiPoint"",""coordinates"":[]}"
1_1_2_00000000000000001f65,3063,28007,Ozvatan,Turkey,0.14037748663667662,0.7073742514021414,4080.3772489751564,2012,"{""type"":""MultiPoint"",""coordinates"":[]}"
1_1_2_00000000000000001f66,3063,28008,Pinarbasi,Turkey,0.06258297647158843,0.8669261130160961,13912.15665701526,2012,"{""type"":""MultiPoint"",""coordinates"":[]}"
1_1_2_00000000000000001f67,3063,28009,Sarioglan,Turkey,0.15149467595328692,1.0054140847213289,8451.171658087887,2012,"{""type"":""MultiPoint"",""coordinates"":[]}"
1_1_2_00000000000000001f68,3063,28010,Sariz,Turkey,0.09173694426809134,0.6006839283043396,6824.946472610844,2012,"{""type"":""MultiPoint"",""coordinates"":[]}"
1_1_2_00000000000000001f69,3063,28011,Talas,Turkey,1.1226028163440709,7.408827730439686,73678.32230712596,2012,"{""type"":""MultiPoint"",""coordinates"":[]}"
1_1_2_00000000000000001f6a,3063,28012,Tomarza,Turkey,0.17537899636288745,1.3478726209474796,12660.793653722001,2012,"{""type"":""MultiPoint"",""coordinates"":[]}"
1_1_2_00000000000000001f6b,3063,28013,Yahyali,Turkey,0.09107979367630417,2.6658655458795444,17097.16466086965,2012,"{""type"":""MultiPoint"",""coordinates"":[]}"
1_1_2_00000000000000001f6c,3063,28014,Yesilhisar,Turkey,0.17783141828670815,1.2120372981589984,8306.300563186976,2012,"{""type"":""MultiPoint"",""coordinates"":[]}"
1_1_2_00000000000000001f6d,3064,28015,Elbeyli,Turkey,0.27931033575688646,0.68065502240685,5349.3347540099985,2012,"{""type"":""MultiPoint"",""coordinates"":[]}"
1_1_2_00000000000000001f6e,3064,28016,Merkez,Turkey,0.35781184184506165,5.313892920170585,77088.51191001944,2012,"{""type"":""MultiPoint"",""coordinates"":[]}"
1_1_2_00000000000000001f6f,3064,28017,Musabeyli,Turkey,0.23443983218440131,0.5275304042373836,6876.557324248708,2012,"{""type"":""MultiPoint"",""coordinates"":[]}"
1_1_2_00000000000000001f70,3064,28018,Polateli,Turkey,0.1632425597905977,0.29603219603347625,3080.8192624174194,2012,"{""type"":""MultiPoint"",""coordinates"":[]}"
1_1_2_00000000000000001f71,3065,28019,Bahsili,Turkey,0.08586552872019969,0.42051701255210105,1206.8755504205678,2012,"{""type"":""MultiPoint"",""coordinates"":[]}"
1_1_2_00000000000000001f72,3065,28021,Celebi,Turkey,0.27885105919074815,0.918549921938511,4875.1229874365945,2012,"{""type"":""MultiPoint"",""coordinates"":[]}"
1_1_2_00000000000000001f73,3065,28023,Karakecili,Turkey,0.2012850561750424,1.3053132482681105,3602.974089477847,2012,"{""type"":""MultiPoint"",""coordinates"":[]}"
1_1_2_00000000000000001f74,3065,28024,Keskin,Turkey,0.2461494159119984,17.83025584677193,89260.6633348392,2012,"{""type"":""MultiPoint"",""coordinates"":[]}"
1_1_2_00000000000000001f75,3065,28025,Merkez,Turkey,0.2585512529644797,10.559983226367894,82957.47572949536,2012,"{""type"":""MultiPoint"",""coordinates"":[]}"
1_1_2_00000000000000001f76,3065,28027,Yahsihan,Turkey,0.13953762933246344,0.7762049870366958,7638.658713343809,2012,"{""type"":""MultiPoint"",""coordinates"":[]}"
1_1_2_00000000000000001f77,3066,28028,Babaeski,Turkey,0.43453815731400713,2.340863229340949,36394.679240700534,2012,"{""type"":""MultiPoint"",""coordinates"":[]}"
1_1_2_00000000000000001f78,3066,28031,Luleburgaz,Turkey,0.3624765159966511,3.911411234758732,95310.57253106135,2012,"{""type"":""MultiPoint"",""coordinates"":[]}"
1_1_2_00000000000000001f79,3066,28032,Merkez,Turkey,0.08351323171581952,2.529235760209266,62135.51429292379,2012,"{""type"":""MultiPoint"",""coordinates"":[]}"
1_1_2_00000000000000001f7a,3066,28033,Pehlivankoy,Turkey,0.22163624494794323,0.8937958493219051,2416.060888399198,2012,"{""type"":""MultiPoint"",""coordinates"":[]}"
1_1_2_00000000000000001f7b,3066,28034,Pinarhisar,Turkey,0.05333622188434352,1.2537115812056039,13928.232652049588,2012,"{""type"":""MultiPoint"",""coordinates"":[]}"
1_1_2_00000000000000001f7c,3066,28035,Vize,Turkey,0.06304702193215243,1.272222370055772,22456.28432756359,2012,"{""type"":""MultiPoint"",""coordinates"":[]}"
1_1_2_00000000000000001f7d,3067,28036,Akcakent,Turkey,0.0973606143379584,0.21645853647326074,1729.8692896701868,2012,"{""type"":""MultiPoint"",""coordinates"":[]}"
1_1_2_00000000000000001f7e,3067,28037,Akpinar,Turkey,0.10726278680518966,0.555493697416547,3102.106506420986,2012,"{""type"":""MultiPoint"",""coordinates"":[]}"
1_1_2_00000000000000001f7f,3067,28038,Boztepe,Turkey,0.1521538837292344,0.6346612749274714,3894.576321400096,2012,"{""type"":""MultiPoint"",""coordinates"":[]}"
1_1_2_00000000000000001f80,3067,28039,Cicekdagi,Turkey,0.08897674461903872,0.7110430102754335,6251.856324479778,2012,"{""type"":""MultiPoint"",""coordinates"":[]}"
1_1_2_00000000000000001f81,3067,28040,Kaman,Turkey,0.17547375356361922,1.9807857569129959,25043.08438673252,2012,"{""type"":""MultiPoint"",""coordinates"":[]}"
1_1_2_00000000000000001f82,3067,28041,Merkez,Turkey,0.3571588540012956,4.196044021052158,86093.14042244527,2012,"{""type"":""MultiPoint"",""coordinates"":[]}"
1_1_2_00000000000000001f83,3067,28042,Mucur,Turkey,0.18644675896122404,1.4041112257954171,11265.21097355255,2012,"{""type"":""MultiPoint"",""coordinates"":[]}"
1_1_2_00000000000000001f84,3068,28043,Gebze,Turkey,1.7398753278190167,8.914221764957256,304299.31826365803,2012,"{""type"":""MultiPoint"",""coordinates"":[]}"
1_1_2_00000000000000001f85,3068,28044,Golcuk,Turkey,1.715133644468231,14.81776293843973,131803.25879055003,2012,"{""type"":""MultiPoint"",""coordinates"":[]}"
1_1_2_00000000000000001f86,3068,28046,Karamursel,Turkey,0.3098942716921135,2.798943220271127,20660.132831910603,2012,"{""type"":""MultiPoint"",""coordinates"":[]}"
1_1_2_00000000000000001f87,3068,28047,Korfez,Turkey,0.6123584954450377,5.738163653512621,40831.539742851004,2012,"{""type"":""MultiPoint"",""coordinates"":[]}"
1_1_2_00000000000000001f88,3068,28048,Merkez,Turkey,0.7101447349902041,9.189570359342083,445693.7569014847,2012,"{""type"":""MultiPoint"",""coordinates"":[]}"
1_1_2_00000000000000001f89,3069,28049,Ahirli,Turkey,0.17099357679343336,1.009785516766412,2284.907283768905,2012,"{""type"":""MultiPoint"",""coordinates"":[]}"
1_1_2_00000000000000001f8a,3069,28050,Akoren,Turkey,0.16045092164560032,1.2641556092227528,4625.285608935112,2012,"{""type"":""MultiPoint"",""coordinates"":[]}"
1_1_2_00000000000000001f8b,3069,28051,Aksehir,Turkey,0.8663489160658439,5.253410110662622,69753.1655178737,2012,"{""type"":""MultiPoint"",""coordinates"":[]}"
1_1_2_00000000000000001f8c,3069,28052,Altinekin,Turkey,0.09028690502739256,0.5668521404817805,6265.890298765797,2012,"{""type"":""MultiPoint"",""coordinates"":[]}"
1_1_2_00000000000000001f8d,3069,28053,Beysehir,Turkey,0.36239999580419496,3.415382331854077,37992.958255528705,2012,"{""type"":""MultiPoint"",""coordinates"":[]}"
1_1_2_00000000000000001f8e,3069,28054,Bozkir,Turkey,0.102758180486928,1.7699372367288015,17154.805807194716,2012,"{""type"":""MultiPoint"",""coordinates"":[]}"
1_1_2_00000000000000001f8f,3069,28055,Celtik,Turkey,0.09024918188138849,1.0452970842517797,6479.322254268743,2012,"{""type"":""MultiPoint"",""coordinates"":[]}"
1_1_2_00000000000000001f90,3069,28056,Cihanbeyli,Turkey,0.180014285947516,0.959474163216437,27654.523671708313,2012,"{""type"":""MultiPoint"",""coordinates"":[]}"
1_1_2_00000000000000001f91,3069,28057,Cumra,Turkey,0.0963146969804221,2.6084154757768285,51173.991896878724,2012,"{""type"":""MultiPoint"",""coordinates"":[]}"
1_1_2_00000000000000001f92,3069,28058,Derbent,Turkey,0.08321210649814402,0.9369766264135323,3962.7521567550216,2012,"{""type"":""MultiPoint"",""coordinates"":[]}"
1_1_2_00000000000000001f93,3069,28059,Derebucak,Turkey,0.4696323186743629,1.8320380690763935,5017.933655390712,2012,"{""type"":""MultiPoint"",""coordinates"":[]}"
1_1_2_00000000000000001f94,3069,28060,Doganhisar,Turkey,0.5637457686757285,2.529449649876972,12246.709529280237,2012,"{""type"":""MultiPoint"",""coordinates"":[]}"
1_1_2_00000000000000001f95,3069,28061,Emirgazi,Turkey,0.07618127673462916,0.5805405913027119,6944.81574549958,2012,"{""type"":""MultiPoint"",""coordinates"":[]}"
1_1_2_00000000000000001f96,3069,28062,Eregli,Turkey,0.09230996548685252,3.3986523589757347,97545.88649192588,2012,"{""type"":""MultiPoint"",""coordinates"":[]}"
1_1_2_00000000000000001f97,3069,28063,Guneysinir,Turkey,0.15538226890761753,1.3627242268626538,5547.64011879439,2012,"{""type"":""MultiPoint"",""coordinates"":[]}"
1_1_2_00000000000000001f98,3069,28064,Hadim,Turkey,0.0888944897897139,1.3291986240669118,9174.9097445063,2012,"{""type"":""MultiPoint"",""coordinates"":[]}"
1_1_2_00000000000000001f99,3069,28065,Halkapinar,Turkey,0.10805792530128223,0.6301374613048827,1849.0628567312237,2012,"{""type"":""MultiPoint"",""coordinates"":[]}"
1_1_2_00000000000000001f9a,3069,28066,Huyuk,Turkey,0.46725533510432693,1.3939723806836253,9432.375929945663,2012,"{""type"":""MultiPoint"",""coordinates"":[]}"
1_1_2_00000000000000001f9b,3069,28067,Ilgin,Turkey,0.18050590137411854,2.481091341036226,37068.742070441855,2012,"{""type"":""MultiPoint"",""coordinates"":[]}"
1_1_2_00000000000000001f9c,3069,28068,Kadinhani,Turkey,0.18207886140558696,2.2121863576794443,21420.551757890018,2012,"{""type"":""MultiPoint"",""coordinates"":[]}"
1_1_2_00000000000000001f9d,3069,28069,Karapinar,Turkey,0.05253614518729968,1.7900040799503363,30248.77409336922,2012,"{""type"":""MultiPoint"",""coordinates"":[]}"
1_1_2_00000000000000001f9e,3069,28070,Karatay,Turkey,0.1965523036832523,4.324281334284385,169455.7170698936,2012,"{""type"":""MultiPoint"",""coordinates"":[]}"
1_1_2_00000000000000001f9f,3069,28071,Kulu,Turkey,0.35603353693666756,2.3023775256887,34895.51527294479,2012,"{""type"":""MultiPoint"",""coordinates"":[]}"
1_1_2_00000000000000001fa0,3069,28072,Meram,Turkey,1.3705681180693836,7.18492332179254,268048.92724519735,2012,"{""type"":""MultiPoint"",""coordinates"":[]}"
1_1_2_00000000000000001fa1,3069,28073,Sarayonu,Turkey,0.18067072864120845,1.5986007679554608,18109.333765509557,2012,"{""type"":""MultiPoint"",""coordinates"":[]}"
1_1_2_00000000000000001fa2,3069,28074,Selcuklu,Turkey,0.1582486881077708,9.770464066777508,434661.46849268686,2012,"{""type"":""MultiPoint"",""coordinates"":[]}"
1_1_2_00000000000000001fa3,3069,28075,Seydisehir,Turkey,0.6199547209746228,3.0456371328332144,43622.38710221342,2012,"{""type"":""MultiPoint"",""coordinates"":[]}"
1_1_2_00000000000000001fa4,3069,28076,Taskent,Turkey,0.11762186079595198,0.4109319552897449,276.65020780745965,2012,"{""type"":""MultiPoint"",""coordinates"":[]}"
1_1_2_00000000000000001fa5,3069,28077,Tuzlukcu,Turkey,0.08894105242105772,0.6546339487969544,3189.650159757337,2012,"{""type"":""MultiPoint"",""coordinates"":[]}"
1_1_2_00000000000000001fa6,3069,28078,Yalihuyuk,Turkey,0.20137698038831933,0.5035733662470743,876.2449085792201,2012,"{""type"":""MultiPoint"",""coordinates"":[]}"
1_1_2_00000000000000001fa7,3069,28079,Yunak,Turkey,0.08585178504055144,0.7526315228039694,9077.891666704503,2012,"{""type"":""MultiPoint"",""coordinates"":[]}"
1_1_2_00000000000000001fa8,3070,28080,Altintas,Turkey,0.3099531914651122,1.1173091046500228,9215.403622393706,2012,"{""type"":""MultiPoint"",""coordinates"":[]}"
1_1_2_00000000000000001fa9,3070,28081,Aslanapa,Turkey,0.2974482508981304,0.7511526536092918,4180.836545606367,2012,"{""type"":""MultiPoint"",""coordinates"":[]}"
1_1_2_00000000000000001faa,3070,28082,Cavdarhisar,Turkey,0.3418616367059867,1.2004555919965694,5456.6111188638015,2012,"{""type"":""MultiPoint"",""coordinates"":[]}"
1_1_2_00000000000000001fab,3070,28083,Domanic,Turkey,0.30797322289222995,1.4333809760537457,11695.429179463199,2012,"{""type"":""MultiPoint"",""coordinates"":[]}"
1_1_2_00000000000000001fac,3070,28084,Dumlupinar,Turkey,0.2013416672044375,0.7182314959200562,2202.7382345426536,2012,"{""type"":""MultiPoint"",""coordinates"":[]}"
1_1_2_00000000000000001fad,3070,28085,Emet,Turkey,0.345092005017973,1.0846683755845576,9966.721729467852,2012,"{""type"":""MultiPoint"",""coordinates"":[]}"
1_1_2_00000000000000001fae,3070,28086,Gediz,Turkey,0.4344803513630822,1.8859757440031626,27898.442347013723,2012,"{""type"":""MultiPoint"",""coordinates"":[]}"
1_1_2_00000000000000001faf,3070,28087,Hisarcik,Turkey,0.5932168380107755,1.315610388431304,8393.81802438607,2012,"{""type"":""MultiPoint"",""coordinates"":[]}"
1_1_2_00000000000000001fb0,3070,28088,Merkez,Turkey,0.7251094393774303,5.573062641371326,191776.59840482226,2012,"{""type"":""MultiPoint"",""coordinates"":[]}"
1_1_2_00000000000000001fb1,3070,28089,Pazarlar,Turkey,0.3390251426489876,1.4171904866307652,5571.413107425125,2012,"{""type"":""MultiPoint"",""coordinates"":[]}"
1_1_2_00000000000000001fb2,3070,28090,Saphane,Turkey,0.5146857851959137,0.9617616457868741,3062.149163782816,2012,"{""type"":""MultiPoint"",""coordinates"":[]}"
1_1_2_00000000000000001fb3,3070,28091,Simav,Turkey,0.6112753355502583,2.703654473072491,39627.37610149685,2012,"{""type"":""MultiPoint"",""coordinates"":[]}"
1_1_2_00000000000000001fb4,3070,28092,Tavsanli,Turkey,0.6141923724884428,2.9246434752707526,70917.66816781591,2012,"{""type"":""MultiPoint"",""coordinates"":[]}"
1_1_2_00000000000000001fb5,3071,28093,Akcadag,Turkey,0.15380719171796942,0.8280235237669943,14757.653377433748,2012,"{""type"":""MultiPoint"",""coordinates"":[]}"
1_1_2_00000000000000001fb6,3071,28097,Darende,Turkey,0.05351417252090628,1.3483582806172725,17961.907996071357,2012,"{""type"":""MultiPoint"",""coordinates"":[]}"
1_1_2_00000000000000001fb7,3071,28098,Dogansehir,Turkey,0.30554573510569005,2.2495989396776848,19199.96667947556,2012,"{""type"":""MultiPoint"",""coordinates"":[]}"
1_1_2_00000000000000001fb8,3071,28106,Yesilyurt,Turkey,0.871198572671267,7.436804338480668,68615.3319142635,2012,"{""type"":""MultiPoint"",""coordinates"":[]}"
1_1_2_00000000000000001fb9,3072,28107,Ahmetli,Turkey,0.31042325748778565,1.919502883909752,9635.65616532592,2012,"{""type"":""MultiPoint"",""coordinates"":[]}"
1_1_2_00000000000000001fba,3072,28108,Akhisar,Turkey,0.7010813614891273,4.423092162326647,112989.03064315477,2012,"{""type"":""MultiPoint"",""coordinates"":[]}"
1_1_2_00000000000000001fbb,3072,28109,Alasehir,Turkey,0.870476146786585,5.224951612139024,63824.23644248101,2012,"{""type"":""MultiPoint"",""coordinates"":[]}"
1_1_2_00000000000000001fbc,3072,28110,Demirci,Turkey,0.34034665211681603,2.5241357698929265,21463.827455985807,2012,"{""type"":""MultiPoint"",""coordinates"":[]}"
1_1_2_00000000000000001fbd,3072,28111,Golmarmara,Turkey,0.36349044344347325,3.0926602251545736,10613.325661047511,2012,"{""type"":""MultiPoint"",""coordinates"":[]}"
1_1_2_00000000000000001fbe,3072,28112,Gordes,Turkey,0.37320526617399913,2.585663888182576,13902.812833283846,2012,"{""type"":""MultiPoint"",""coordinates"":[]}"
1_1_2_00000000000000001fbf,3072,28113,Kirkagac,Turkey,0.2407622398931277,4.5078582321878296,50099.29256092828,2012,"{""type"":""MultiPoint"",""coordinates"":[]}"
1_1_2_00000000000000001fc0,3072,28114,Koprubasi,Turkey,0.34206128205571856,1.4241984784120747,5317.175663868614,2012,"{""type"":""MultiPoint"",""coordinates"":[]}"
1_1_2_00000000000000001fc1,3072,28115,Kula,Turkey,0.3648992856145175,3.145523089176865,28471.5141688303,2012,"{""type"":""MultiPoint"",""coordinates"":[]}"
1_1_2_00000000000000001fc2,3072,28116,Merkez,Turkey,0.719616545063006,11.076918788032048,300317.3653911372,2012,"{""type"":""MultiPoint"",""coordinates"":[]}"
1_1_2_00000000000000001fc3,3072,28117,Salihli,Turkey,0.7344528385307224,6.8542791823987645,114092.45646307067,2012,"{""type"":""MultiPoint"",""coordinates"":[]}"
1_1_2_00000000000000001fc4,3072,28118,Sarigol,Turkey,1.1177941423720188,4.839789997700752,30304.322111391004,2012,"{""type"":""MultiPoint"",""coordinates"":[]}"
1_1_2_00000000000000001fc5,3072,28119,Saruhanli,Turkey,0.43212124230417404,1.754738764766905,35708.2665828209,2012,"{""type"":""MultiPoint"",""coordinates"":[]}"
1_1_2_00000000000000001fc6,3072,28120,Selendi,Turkey,0.18337907765756936,1.4707083265278857,13397.324928769103,2012,"{""type"":""MultiPoint"",""coordinates"":[]}"
1_1_2_00000000000000001fc7,3072,28121,Soma,Turkey,0.21781235709728133,5.616977013510573,77654.9241021631,2012,"{""type"":""MultiPoint"",""coordinates"":[]}"
1_1_2_00000000000000001fc8,3072,28122,Turgutlu,Turkey,0.7141400506022607,10.093435491358724,128113.79195072305,2012,"{""type"":""MultiPoint"",""coordinates"":[]}"
1_1_2_00000000000000001fc9,3073,28124,Derik,Turkey,0.3512589254172169,1.4944281033791493,30142.147557997872,2012,"{""type"":""MultiPoint"",""coordinates"":[]}"
1_1_2_00000000000000001fca,3073,28125,Kiziltepe,Turkey,0.6191054388454396,3.4086898926881584,113308.24538677852,2012,"{""type"":""MultiPoint"",""coordinates"":[]}"
1_1_2_00000000000000001fcb,3073,28127,Merkez,Turkey,0.6174385550836756,3.800414884529837,73581.73633956579,2012,"{""type"":""MultiPoint"",""coordinates"":[]}"
1_1_2_00000000000000001fcc,3074,28133,Bodrum,Turkey,0.9377593711851052,3.4821970423725044,103797.51288515885,2012,"{""type"":""MultiPoint"",""coordinates"":[]}"
1_1_2_00000000000000001fcd,3074,28134,Dalaman,Turkey,0.8038336522318238,2.945762774984105,31546.477947010506,2012,"{""type"":""MultiPoint"",""coordinates"":[]}"
1_1_2_00000000000000001fce,3074,28135,Datca,Turkey,0.31119865573518307,2.1720579911117044,11562.858532827304,2012,"{""type"":""MultiPoint"",""coordinates"":[]}"
1_1_2_00000000000000001fcf,3074,28136,Fethiye,Turkey,0.3586090345546551,3.086292044125216,127506.74471303853,2012,"{""type"":""MultiPoint"",""coordinates"":[]}"
1_1_2_00000000000000001fd0,3074,28137,Kavaklidere,Turkey,0.6404087812669815,1.19415165786575,5244.828455220849,2012,"{""type"":""MultiPoint"",""coordinates"":[]}"
1_1_2_00000000000000001fd1,3074,28138,Koycegiz,Turkey,0.3451950721819853,1.4315262301128062,15797.609211277268,2012,"{""type"":""MultiPoint"",""coordinates"":[]}"
1_1_2_00000000000000001fd2,3074,28139,Marmaris,Turkey,0.6118763713177463,5.6858288146449905,50682.743913569546,2012,"{""type"":""MultiPoint"",""coordinates"":[]}"
1_1_2_00000000000000001fd3,3074,28140,Merkez,Turkey,0.8553615903367208,4.701632143764167,63541.939623847,2012,"{""type"":""MultiPoint"",""coordinates"":[]}"
1_1_2_00000000000000001fd4,3074,28141,Milas,Turkey,0.365266817022221,2.0264015586928537,92577.11712425815,2012,"{""type"":""MultiPoint"",""coordinates"":[]}"
1_1_2_00000000000000001fd5,3074,28142,Ortaca,Turkey,1.1211165577109257,3.646995798141839,33775.53364628412,2012,"{""type"":""MultiPoint"",""coordinates"":[]}"
1_1_2_00000000000000001fd6,3074,28143,Ula,Turkey,0.714344134370713,1.229126262678397,15683.33355504788,2012,"{""type"":""MultiPoint"",""coordinates"":[]}"
1_1_2_00000000000000001fd7,3074,28144,Yatagan,Turkey,0.30289600470275935,1.9271327139493202,26425.201671657185,2012,"{""type"":""MultiPoint"",""coordinates"":[]}"
1_1_2_00000000000000001fd8,3076,28151,Acigol,Turkey,0.5917208747272074,1.273241798385934,10181.649491638545,2012,"{""type"":""MultiPoint"",""coordinates"":[]}"
1_1_2_00000000000000001fd9,3076,28152,Avanos,Turkey,0.6233599931045247,3.5857843074936713,42927.62265863788,2012,"{""type"":""MultiPoint"",""coordinates"":[]}"
1_1_2_00000000000000001fda,3076,28153,Derinkuyu,Turkey,0.8683800379714464,3.325701664252349,26869.288149584492,2012,"{""type"":""MultiPoint"",""coordinates"":[]}"
1_1_2_00000000000000001fdb,3076,28154,Gulsehir,Turkey,0.3163274374742585,1.3852995557469039,14407.02564493157,2012,"{""type"":""MultiPoint"",""coordinates"":[]}"
1_1_2_00000000000000001fdc,3076,28155,Hacibektas,Turkey,0.2790570854728089,0.8244976561205637,8102.370618190171,2012,"{""type"":""MultiPoint"",""coordinates"":[]}"
1_1_2_00000000000000001fdd,3076,28156,Kozakli,Turkey,0.08838181947317249,1.0261218631073066,8815.233522341627,2012,"{""type"":""MultiPoint"",""coordinates"":[]}"
1_1_2_00000000000000001fde,3076,28157,Merkez,Turkey,1.1180298706596468,6.154268952638777,88844.1860642476,2012,"{""type"":""MultiPoint"",""coordinates"":[]}"
1_1_2_00000000000000001fdf,3076,28158,Urgup,Turkey,0.43166004413488174,2.722053958158156,22878.73163088008,2012,"{""type"":""MultiPoint"",""coordinates"":[]}"
1_1_2_00000000000000001fe0,3077,28159,Altunhisar,Turkey,0.3089942385424052,1.4609688673604488,8103.832150728857,2012,"{""type"":""MultiPoint"",""coordinates"":[]}"
1_1_2_00000000000000001fe1,3077,28160,Bor,Turkey,0.31006677037229574,1.8984916989250737,31395.49135956792,2012,"{""type"":""MultiPoint"",""coordinates"":[]}"
1_1_2_00000000000000001fe2,3077,28161,Camardi,Turkey,0.21903599030898815,1.0271723266244264,4784.770934516772,2012,"{""type"":""MultiPoint"",""coordinates"":[]}"
1_1_2_00000000000000001fe3,3077,28162,Ciftlik,Turkey,1.120680016153334,2.6051391182232986,17565.895512515453,2012,"{""type"":""MultiPoint"",""coordinates"":[]}"
1_1_2_00000000000000001fe4,3077,28163,Merkez,Turkey,0.8689022607060242,4.959075719314258,140600.35640926397,2012,"{""type"":""MultiPoint"",""coordinates"":[]}"
1_1_2_00000000000000001fe5,3077,28164,Ulukisla,Turkey,0.2833464627640077,1.2599782493162637,14435.892349482401,2012,"{""type"":""MultiPoint"",""coordinates"":[]}"
1_1_2_00000000000000001fe6,3079,28184,Bahce,Turkey,0.44275800025631323,2.93924575098351,17504.953132406416,2012,"{""type"":""MultiPoint"",""coordinates"":[]}"
1_1_2_00000000000000001fe7,3079,28185,Duzici,Turkey,0.7220322998594872,5.369652450190053,56907.04472443266,2012,"{""type"":""MultiPoint"",""coordinates"":[]}"
1_1_2_00000000000000001fe8,3079,28186,Hasanbeyli,Turkey,0.14001196958265974,0.7508790458730225,1972.3514930093777,2012,"{""type"":""MultiPoint"",""coordinates"":[]}"
1_1_2_00000000000000001fe9,3079,28187,Kadirli,Turkey,0.23089957818680074,5.47855442019531,89940.67612927235,2012,"{""type"":""MultiPoint"",""coordinates"":[]}"
1_1_2_00000000000000001fea,3079,28188,Merkez,Turkey,0.2979036601832394,12.858871343953535,195212.23753882875,2012,"{""type"":""MultiPoint"",""coordinates"":[]}"
1_1_2_00000000000000001feb,3079,28189,Sumbas,Turkey,0.10029722763993631,0.32241545403603245,5570.541121390146,2012,"{""type"":""MultiPoint"",""coordinates"":[]}"
1_1_2_00000000000000001fec,3079,28190,Toprakkale,Turkey,0.9409041114879138,2.6781995511291483,17769.976442707033,2012,"{""type"":""MultiPoint"",""coordinates"":[]}"
1_1_2_00000000000000001fed,3081,28203,Akyazi,Turkey,1.3720389296610647,3.5760859452470175,71593.66578553752,2012,"{""type"":""MultiPoint"",""coordinates"":[]}"
1_1_2_00000000000000001fee,3081,28205,Geyve,Turkey,0.68346422191212,1.5548826378359761,22741.578711109738,2012,"{""type"":""MultiPoint"",""coordinates"":[]}"
1_1_2_00000000000000001fef,3081,28207,Karapurcek,Turkey,0.5155492279809134,0.7761613335560663,7344.494648124495,2012,"{""type"":""MultiPoint"",""coordinates"":[]}"
1_1_2_00000000000000001ff0,3081,28211,Merkez,Turkey,3.237509781496638,8.074610735169864,365297.99415786273,2012,"{""type"":""MultiPoint"",""coordinates"":[]}"
1_1_2_00000000000000001ff1,3081,28212,Pamukova,Turkey,0.9357026983761799,2.7005522677528195,23539.583225217822,2012,"{""type"":""MultiPoint"",""coordinates"":[]}"
1_1_2_00000000000000001ff2,3081,28213,Sapanca,Turkey,2.0680057229312454,2.9064534616031734,21297.596600445526,2012,"{""type"":""MultiPoint"",""coordinates"":[]}"
1_1_2_00000000000000001ff3,3081,28215,Tarakli,Turkey,0.217579239735459,0.9319434006700626,3823.742274961474,2012,"{""type"":""MultiPoint"",""coordinates"":[]}"
1_1_2_00000000000000001ff4,3083,28231,Akcakale,Turkey,0.27843899630150143,3.2679367868289484,88085.48767864109,2012,"{""type"":""MultiPoint"",""coordinates"":[]}"
1_1_2_00000000000000001ff5,3083,28232,Birecik,Turkey,0.35918440283515723,2.812469196807219,59921.26782477261,2012,"{""type"":""MultiPoint"",""coordinates"":[]}"
1_1_2_00000000000000001ff6,3083,28233,Bozova,Turkey,0.18013853588709064,1.2615800837285067,31525.975691251904,2012,"{""type"":""MultiPoint"",""coordinates"":[]}"
1_1_2_00000000000000001ff7,3083,28234,Ceylanpinar,Turkey,0.6251230368367876,4.174847815740799,36239.509197560794,2012,"{""type"":""MultiPoint"",""coordinates"":[]}"
1_1_2_00000000000000001ff8,3083,28235,Halfeti,Turkey,0.30116491821806246,1.9528598158369794,20644.568951251622,2012,"{""type"":""MultiPoint"",""coordinates"":[]}"
1_1_2_00000000000000001ff9,3083,28236,Harran,Turkey,0.3422214456247568,0.6720451550961145,42161.023507847116,2012,"{""type"":""MultiPoint"",""coordinates"":[]}"
1_1_2_00000000000000001ffa,3083,28237,Hilvan,Turkey,0.1739976303335579,1.8480534439515652,21798.059093528344,2012,"{""type"":""MultiPoint"",""coordinates"":[]}"
1_1_2_00000000000000001ffb,3083,28238,Merkez,Turkey,0.33970844744611317,7.3263255963890295,611344.4184557893,2012,"{""type"":""MultiPoint"",""coordinates"":[]}"
1_1_2_00000000000000001ffc,3083,28239,Siverek,Turkey,0.21813927261812013,4.467648990670331,115597.69558284247,2012,"{""type"":""MultiPoint"",""coordinates"":[]}"
1_1_2_00000000000000001ffd,3083,28240,Suruc,Turkey,0.7444129672454963,4.678153477116205,85178.59883196742,2012,"{""type"":""MultiPoint"",""coordinates"":[]}"
1_1_2_00000000000000001ffe,3083,28241,Viransehir,Turkey,0.22476698257904382,3.138779760605733,117710.23473148927,2012,"{""type"":""MultiPoint"",""coordinates"":[]}"
1_1_2_00000000000000001fff,3087,28271,Gurun,Turkey,0.09042889677082686,0.7522176377815536,8613.299963765503,2012,"{""type"":""MultiPoint"",""coordinates"":[]}"
1_1_2_00000000000000002000,3088,28282,Cerkezkoy,Turkey,1.2360729516533655,14.439577425696905,179549.41389291055,2012,"{""type"":""MultiPoint"",""coordinates"":[]}"
1_1_2_00000000000000002001,3088,28283,Corlu,Turkey,0.6159551762121561,4.439453241470125,163271.85202814668,2012,"{""type"":""MultiPoint"",""coordinates"":[]}"
1_1_2_00000000000000002002,3088,28284,Hayrabolu,Turkey,0.18237154751541798,1.3895319771902495,19878.41231924875,2012,"{""type"":""MultiPoint"",""coordinates"":[]}"
1_1_2_00000000000000002003,3088,28285,Malkara,Turkey,0.3066588537064201,1.4858442566670431,37206.25626371057,2012,"{""type"":""MultiPoint"",""coordinates"":[]}"
1_1_2_00000000000000002004,3088,28286,Marmara-ereglisi,Turkey,0.3054877658290302,1.2802326421854056,14127.085936113675,2012,"{""type"":""MultiPoint"",""coordinates"":[]}"
1_1_2_00000000000000002005,3088,28287,Merkez,Turkey,0.7160214902230128,5.159991448975458,109404.45346722861,2012,"{""type"":""MultiPoint"",""coordinates"":[]}"
1_1_2_00000000000000002006,3088,28288,Muratli,Turkey,0.3106020851557599,1.644896033439026,16609.26590928349,2012,"{""type"":""MultiPoint"",""coordinates"":[]}"
1_1_2_00000000000000002007,3088,28289,Saray,Turkey,0.3633620472367237,3.9439969218791697,56919.122117283914,2012,"{""type"":""MultiPoint"",""coordinates"":[]}"
1_1_2_00000000000000002008,3088,28290,Sarkoy,Turkey,0.08463797455740202,0.9346257682149832,11308.257340281993,2012,"{""type"":""MultiPoint"",""coordinates"":[]}"
1_1_2_00000000000000002009,3092,28329,Banaz,Turkey,0.3612531614186604,2.603741987055745,22377.215304684043,2012,"{""type"":""MultiPoint"",""coordinates"":[]}"
1_1_2_0000000000000000200a,3092,28330,Esme,Turkey,0.1730303729721862,1.299887275301003,18792.04536693531,2012,"{""type"":""MultiPoint"",""coordinates"":[]}"
1_1_2_0000000000000000200b,3092,28331,Karahalli,Turkey,0.31558771075234987,1.6017633132472648,6985.483796133268,2012,"{""type"":""MultiPoint"",""coordinates"":[]}"
1_1_2_0000000000000000200c,3092,28332,Merkez,Turkey,0.7232255866599795,7.445329479377845,175374.4412434704,2012,"{""type"":""MultiPoint"",""coordinates"":[]}"
1_1_2_0000000000000000200d,3092,28333,Sivasli,Turkey,0.4339343697683834,1.9703421361075721,14804.720453631777,2012,"{""type"":""MultiPoint"",""coordinates"":[]}"
1_1_2_0000000000000000200e,3092,28334,Ulubey,Turkey,0.15266642475719833,0.9191015593614005,11976.386561570785,2012,"{""type"":""MultiPoint"",""coordinates"":[]}"
1_1_2_0000000000000000200f,3094,28348,Altinova,Turkey,1.0605380978417773,2.272283251810987,24169.197452326433,2012,"{""type"":""MultiPoint"",""coordinates"":[]}"
1_1_2_00000000000000002010,3094,28349,Armutlu,Turkey,0.09145747989886799,0.7294146657456521,1724.4127476431295,2012,"{""type"":""MultiPoint"",""coordinates"":[]}"
1_1_2_00000000000000002011,3094,28350,Ciftlikkoy,Turkey,1.2124010788061372,6.556899113377329,41113.119497879,2012,"{""type"":""MultiPoint"",""coordinates"":[]}"
1_1_2_00000000000000002012,3094,28351,Cinarcik,Turkey,1.0613572693934803,3.042207039285586,21213.735119523313,2012,"{""type"":""MultiPoint"",""coordinates"":[]}"
1_1_2_00000000000000002013,3094,28352,Merkez,Turkey,3.75991367588997,11.152276529922911,100023.09686618375,2012,"{""type"":""MultiPoint"",""coordinates"":[]}"
1_1_2_00000000000000002014,3094,28353,Termal,Turkey,3.1556191932981523,2.3053729008381705,9138.820505833159,2012,"{""type"":""MultiPoint"",""coordinates"":[]}"
1_1_2_00000000000000002015,3095,28356,Bogazliyan,Turkey,0.18117555861196216,1.4756935768402175,20298.244871231644,2012,"{""type"":""MultiPoint"",""coordinates"":[]}"
1_1_2_00000000000000002016,3095,28364,Sefaatli,Turkey,0.17444746050024101,1.6266087053379563,10726.438173936842,2012,"{""type"":""MultiPoint"",""coordinates"":[]}"
1_1_2_00000000000000002017,3095,28366,Yenifakili,Turkey,0.040564353794544074,0.5121295262889795,3236.6819074787804,2012,"{""type"":""MultiPoint"",""coordinates"":[]}"
1_1_2_00000000000000002018,3095,28367,Yerkoy,Turkey,0.17941119254917165,1.3594419806275448,25428.884938472354,2012,"{""type"":""MultiPoint"",""coordinates"":[]}"
1_1_2_00000000000000000d62,2993,39236,Ariana Ville,Tunisia,39.733248368941524,22.67632102578412,87363.24458660051,2012,"{""type"":""MultiPoint"",""coordinates"":[]}"
1_1_2_00000000000000000d63,2993,39237,El Mnihla,Tunisia,23.018649140053576,41.567852610666066,124287.19688297021,2012,"{""type"":""MultiPoint"",""coordinates"":[]}"
1_1_2_00000000000000000d64,2993,39238,Ettadhamen,Tunisia,93.6038225803093,90.33536026824811,49162.02507099078,2012,"{""type"":""MultiPoint"",""coordinates"":[]}"
1_1_2_00000000000000000d65,2993,39239,Kalaat El Andalous,Tunisia,0.3657802221395631,3.4176642240384916,28838.9444275232,2012,"{""type"":""MultiPoint"",""coordinates"":[]}"
1_1_2_00000000000000000d66,2993,39240,Raoued,Tunisia,8.780203129217877,13.66022797771117,106667.52729290555,2012,"{""type"":""MultiPoint"",""coordinates"":[]}"
1_1_2_00000000000000000d67,2993,39241,Sidi Thabet,Tunisia,1.6122089254040881,4.329407108295824,34692.22605452749,2012,"{""type"":""MultiPoint"",""coordinates"":[]}"
1_1_2_00000000000000000d68,2993,39242,Sourka,Tunisia,22.760414299213082,18.278129022256767,104957.49052658086,2012,"{""type"":""MultiPoint"",""coordinates"":[]}"
1_1_2_00000000000000000d69,2994,39252,Ben Arous,Tunisia,37.63290754470536,11.262059903759537,23759.256136935364,2012,"{""type"":""MultiPoint"",""coordinates"":[]}"
1_1_2_00000000000000000d6a,2994,39253,Boumhal Elbassatine,Tunisia,8.119791510128708,6.744060345724672,27384.925917226203,2012,"{""type"":""MultiPoint"",""coordinates"":[]}"
1_1_2_00000000000000000d6b,2994,39254,El Mourouj,Tunisia,32.26929968393098,17.55345659347109,72874.04140619948,2012,"{""type"":""MultiPoint"",""coordinates"":[]}"
1_1_2_00000000000000000d6c,2994,39255,Ezzahra,Tunisia,26.230325590651486,18.700691443615284,30853.699156744333,2012,"{""type"":""MultiPoint"",""coordinates"":[]}"
1_1_2_00000000000000000d6d,2994,39256,Fouchana,Tunisia,6.62114653143723,8.009111718258323,50249.96262902582,2012,"{""type"":""MultiPoint"",""coordinates"":[]}"
1_1_2_00000000000000000d6e,2994,39257,Hammam Chott,Tunisia,13.362855831782023,12.58798232570465,24988.5179236398,2012,"{""type"":""MultiPoint"",""coordinates"":[]}"
1_1_2_00000000000000000d6f,2994,39258,Hammam Lif,Tunisia,38.22553405761719,19.156561783345627,34388.33358998858,2012,"{""type"":""MultiPoint"",""coordinates"":[]}"
1_1_2_00000000000000000d70,2994,39259,M'hamdia,Tunisia,1.6326869419629775,7.032780121486859,45536.25605208832,2012,"{""type"":""MultiPoint"",""coordinates"":[]}"
1_1_2_00000000000000000d71,2994,39260,Megrine,Tunisia,25.129962419208727,12.73840404674453,31384.041229835213,2012,"{""type"":""MultiPoint"",""coordinates"":[]}"
1_1_2_00000000000000000d72,2994,39261,Mornague,Tunisia,0.5315732325604464,1.5435600817834951,42451.399912652196,2012,"{""type"":""MultiPoint"",""coordinates"":[]}"
1_1_2_00000000000000000d73,2994,39262,Nouvelle Medina,Tunisia,42.24333439028359,16.491845549892272,39837.74811612672,2012,"{""type"":""MultiPoint"",""coordinates"":[]}"
1_1_2_00000000000000000d74,2994,39263,Rades,Tunisia,18.624103418558906,7.975886825283527,48810.798994840305,2012,"{""type"":""MultiPoint"",""coordinates"":[]}"
1_1_2_00000000000000000d75,2995,39264,Bizerte Nord,Tunisia,6.237919707154711,14.483575234671664,66452.5896111909,2012,"{""type"":""MultiPoint"",""coordinates"":[]}"
1_1_2_00000000000000000d76,2995,39265,Bizerte Sud,Tunisia,0.3594393978814509,3.137375006861074,47939.22476197879,2012,"{""type"":""MultiPoint"",""coordinates"":[]}"
1_1_2_00000000000000000d77,2995,39266,El Alia,Tunisia,1.3644092068650453,4.499881125159007,25094.126663915013,2012,"{""type"":""MultiPoint"",""coordinates"":[]}"
1_1_2_00000000000000000d78,2995,39267,Ghar El Melh,Tunisia,0.6530981394349497,1.597079487824025,10753.548027791629,2012,"{""type"":""MultiPoint"",""coordinates"":[]}"
1_1_2_00000000000000000d79,2995,39268,Ghazala,Tunisia,0.4044287507025186,0.6645255339939383,20004.845512521573,2012,"{""type"":""MultiPoint"",""coordinates"":[]}"
1_1_2_00000000000000000d7a,2995,39269,Jarzouna,Tunisia,23.627943356831867,9.572106900788516,23782.497107864838,2012,"{""type"":""MultiPoint"",""coordinates"":[]}"
1_1_2_00000000000000000d7b,2995,39270,Joumine,Tunisia,0.3403670936735658,0.39715692626117227,21334.172419118495,2012,"{""type"":""MultiPoint"",""coordinates"":[]}"
1_1_2_00000000000000000d7c,2995,39271,Mateur,Tunisia,0.4317552244403334,2.3243359427492596,32975.89079236389,2012,"{""type"":""MultiPoint"",""coordinates"":[]}"
1_1_2_00000000000000000d7d,2995,39272,Menzel Bourguiba,Tunisia,0.624011439919005,6.5892095829300485,31921.769673341216,2012,"{""type"":""MultiPoint"",""coordinates"":[]}"
1_1_2_00000000000000000d7e,2995,39273,Menzel Jemil,Tunisia,1.8671870066734289,4.904897934106237,36181.12642019572,2012,"{""type"":""MultiPoint"",""coordinates"":[]}"
1_1_2_00000000000000000d7f,2995,39274,Ras Jebel,Tunisia,2.766371737366955,5.639392183681528,48651.145045810816,2012,"{""type"":""MultiPoint"",""coordinates"":[]}"
1_1_2_00000000000000000d80,2995,39275,Sejnane,Tunisia,0.30905078638009975,0.8907617179330993,25877.724532046177,2012,"{""type"":""MultiPoint"",""coordinates"":[]}"
1_1_2_00000000000000000d81,2995,39276,Tinja,Tunisia,1.4089409512325821,9.34136740921937,31178.767338948284,2012,"{""type"":""MultiPoint"",""coordinates"":[]}"
1_1_2_00000000000000000d82,2995,39277,Utique,Tunisia,0.29764866659429007,0.49615589140805283,16259.107624952552,2012,"{""type"":""MultiPoint"",""coordinates"":[]}"
1_1_2_00000000000000000d83,2996,39243,Amdoun,Tunisia,0.44720790628368234,1.363428736620964,17097.28196885089,2012,"{""type"":""MultiPoint"",""coordinates"":[]}"
1_1_2_00000000000000000d84,2996,39244,Beja Nord,Tunisia,0.6700497555323243,4.741728660179346,61684.8097793371,2012,"{""type"":""MultiPoint"",""coordinates"":[]}"
1_1_2_00000000000000000d85,2996,39245,Beja Sud,Tunisia,0.2989897418241446,1.5297997287976957,18067.4096447499,2012,"{""type"":""MultiPoint"",""coordinates"":[]}"
1_1_2_00000000000000000d86,2996,39246,Goubellat,Tunisia,0.15313659760002385,0.49537148309792384,9612.214628641792,2012,"{""type"":""MultiPoint"",""coordinates"":[]}"
1_1_2_00000000000000000d87,2996,39247,Mejez El Bab,Tunisia,0.3061685470194626,1.997217083079021,33314.64131646246,2012,"{""type"":""MultiPoint"",""coordinates"":[]}"
1_1_2_00000000000000000d88,2996,39248,Nefza,Tunisia,0.42943213996093776,1.3640154018179191,35364.26778377488,2012,"{""type"":""MultiPoint"",""coordinates"":[]}"
1_1_2_00000000000000000d89,2996,39249,Teboursouk,Tunisia,0.1785395387171541,1.3606638834885394,16740.50810119758,2012,"{""type"":""MultiPoint"",""coordinates"":[]}"
1_1_2_00000000000000000d8a,2996,39250,Testour,Tunisia,0.1846105405374256,1.1669189719627007,24810.464651606326,2012,"{""type"":""MultiPoint"",""coordinates"":[]}"
1_1_2_00000000000000000d8b,2996,39251,Thibar,Tunisia,0.4060668576120403,1.0662276227560845,7244.465561326433,2012,"{""type"":""MultiPoint"",""coordinates"":[]}"
1_1_2_00000000000000000d8c,2997,39278,El Hamma,Tunisia,0.06618386603357994,1.343277237024116,41018.22506367599,2012,"{""type"":""MultiPoint"",""coordinates"":[]}"
1_1_2_00000000000000000d8d,2997,39279,Gabes Ouest,Tunisia,0.35016412161796384,2.5660887019903535,26420.914537284963,2012,"{""type"":""MultiPoint"",""coordinates"":[]}"
1_1_2_00000000000000000d8e,2997,39280,Gabes Sud,Tunisia,0.35921306117094975,4.856164799587557,56668.18289652288,2012,"{""type"":""MultiPoint"",""coordinates"":[]}"
1_1_2_00000000000000000d8f,2997,39281,Gabes Ville,Tunisia,16.38996024404712,9.86597426688637,42071.578894982646,2012,"{""type"":""MultiPoint"",""coordinates"":[]}"
1_1_2_00000000000000000d90,2997,39282,Gannouch,Tunisia,5.640219717543588,9.338234952392108,23405.937093463603,2012,"{""type"":""MultiPoint"",""coordinates"":[]}"
1_1_2_00000000000000000d91,2997,39283,Mareth,Tunisia,0.1820142819740579,1.2100278427724565,49465.21947275509,2012,"{""type"":""MultiPoint"",""coordinates"":[]}"
1_1_2_00000000000000000d92,2997,39284,Matmata,Tunisia,0.02227925693339826,0.17832743934510814,2030.2383204506386,2012,"{""type"":""MultiPoint"",""coordinates"":[]}"
1_1_2_00000000000000000d93,2997,39285,Matmata Nouvelle,Tunisia,0.09315294012730296,0.485256101162928,9930.26943270172,2012,"{""type"":""MultiPoint"",""coordinates"":[]}"
1_1_2_00000000000000000d94,2997,39286,Menzel El Habib,Tunisia,0.06981769172417412,0.12695985988821598,6409.957956963819,2012,"{""type"":""MultiPoint"",""coordinates"":[]}"
1_1_2_00000000000000000d95,2997,39287,Metouia,Tunisia,0.2169203315862533,1.2502225636240374,22244.987448464624,2012,"{""type"":""MultiPoint"",""coordinates"":[]}"
1_1_2_00000000000000000d96,2998,39288,Belkhir,Tunisia,0.09251211220821189,0.3763223028739233,8624.775748045144,2012,"{""type"":""MultiPoint"",""coordinates"":[]}"
1_1_2_00000000000000000d97,2998,39289,Gafsa Nord,Tunisia,0.08933424834565729,0.3759269812632874,8263.970253524874,2012,"{""type"":""MultiPoint"",""coordinates"":[]}"
1_1_2_00000000000000000d98,2998,39290,Gafsa Sud,Tunisia,0.14803047625843235,4.3592532097702,69263.70694429851,2012,"{""type"":""MultiPoint"",""coordinates"":[]}"
1_1_2_00000000000000000d99,2998,39291,Guetar,Tunisia,0.06917348162756215,0.8077796766354908,13058.986762592347,2012,"{""type"":""MultiPoint"",""coordinates"":[]}"
1_1_2_00000000000000000d9a,2998,39292,Ksar,Tunisia,0.3416254295878698,3.865476975903415,31978.718089665912,2012,"{""type"":""MultiPoint"",""coordinates"":[]}"
1_1_2_00000000000000000d9b,2998,39293,Mdhilla,Tunisia,0.09259607240338188,1.0274104299373141,8055.774332379879,2012,"{""type"":""MultiPoint"",""coordinates"":[]}"
1_1_2_00000000000000000d9c,2998,39294,Metlaoui,Tunisia,0.17477731095230553,2.1838151590762127,22164.819325815944,2012,"{""type"":""MultiPoint"",""coordinates"":[]}"
1_1_2_00000000000000000d9d,2998,39295,Oum Larais,Tunisia,0.08851750188964017,1.1933233805074546,16721.506325814124,2012,"{""type"":""MultiPoint"",""coordinates"":[]}"
1_1_2_00000000000000000d9e,2998,39296,Redeyef,Tunisia,0.18533643200721134,2.1123721728573694,17875.36515649717,2012,"{""type"":""MultiPoint"",""coordinates"":[]}"
1_1_2_00000000000000000d9f,2998,39297,Sened,Tunisia,0.17568660766837982,1.2109798516158545,26860.829107501086,2012,"{""type"":""MultiPoint"",""coordinates"":[]}"
1_1_2_00000000000000000da0,2998,39298,Sidi Aich,Tunisia,0.09227937838358236,0.5244328120562625,7068.234141681605,2012,"{""type"":""MultiPoint"",""coordinates"":[]}"
1_1_2_00000000000000000da1,2999,39299,Ain Draham,Tunisia,0.43251996724125835,1.1988550249471384,31087.39417313619,2012,"{""type"":""MultiPoint"",""coordinates"":[]}"
1_1_2_00000000000000000da2,2999,39300,Balta Bou Aouane,Tunisia,1.1089509477632742,0.7121411320802512,27666.67775931061,2012,"{""type"":""MultiPoint"",""coordinates"":[]}"
1_1_2_00000000000000000da3,2999,39301,Bou Salem,Tunisia,0.30482636430691307,2.016455406842851,28778.250569823373,2012,"{""type"":""MultiPoint"",""coordinates"":[]}"
1_1_2_00000000000000000da4,2999,39302,Fernana,Tunisia,0.6824925945500018,1.352558819161964,39204.90144607996,2012,"{""type"":""MultiPoint"",""coordinates"":[]}"
1_1_2_00000000000000000da5,2999,39303,Ghardimaou,Tunisia,0.37170069659975913,2.7773768414741795,57193.919689139584,2012,"{""type"":""MultiPoint"",""coordinates"":[]}"
1_1_2_00000000000000000da6,2999,39304,Jendouba,Tunisia,0.6204047962579595,2.7845089947318145,24025.223465488474,2012,"{""type"":""MultiPoint"",""coordinates"":[]}"
1_1_2_00000000000000000da7,2999,39305,Jendouba Nord,Tunisia,0.6890357429171092,5.875400649507888,65657.38112964855,2012,"{""type"":""MultiPoint"",""coordinates"":[]}"
1_1_2_00000000000000000da8,2999,39306,Oued Mliz,Tunisia,0.4323450637687793,1.300383910900911,12491.802183988286,2012,"{""type"":""MultiPoint"",""coordinates"":[]}"
1_1_2_00000000000000000da9,2999,39307,Tabarka,Tunisia,0.5562170612654282,2.054681959686582,34946.67633424855,2012,"{""type"":""MultiPoint"",""coordinates"":[]}"
1_1_2_00000000000000000daa,3000,39308,Alaa,Tunisia,0.3411351686394037,1.5258644272939519,22388.55102473506,2012,"{""type"":""MultiPoint"",""coordinates"":[]}"
1_1_2_00000000000000000dab,3000,39309,Chbika,Tunisia,0.2992259924988755,0.9162291512535699,28808.101645964573,2012,"{""type"":""MultiPoint"",""coordinates"":[]}"
1_1_2_00000000000000000dac,3000,39310,Chrarda,Tunisia,0.3206360666338148,0.8207476422459622,20825.637301765135,2012,"{""type"":""MultiPoint"",""coordinates"":[]}"
1_1_2_00000000000000000dad,3000,39311,Haffouz,Tunisia,0.29927727426664563,1.157920605058199,31185.142697161984,2012,"{""type"":""MultiPoint"",""coordinates"":[]}"
1_1_2_00000000000000000dae,3000,39312,Hajeb El Ayoun,Tunisia,0.29664202761360586,1.4144527447207618,26816.250453785004,2012,"{""type"":""MultiPoint"",""coordinates"":[]}"
1_1_2_00000000000000000daf,3000,39313,Kairouan Nord,Tunisia,1.6262488138189337,5.07536705987745,85131.03435479115,2012,"{""type"":""MultiPoint"",""coordinates"":[]}"
1_1_2_00000000000000000db0,3000,39314,Kairouan Sud,Tunisia,0.3064935850456639,2.125338006780074,47705.112022927846,2012,"{""type"":""MultiPoint"",""coordinates"":[]}"
1_1_2_00000000000000000db1,3000,39315,Nasrallah,Tunisia,0.21374251029664848,0.7113454340757333,23124.081781812183,2012,"{""type"":""MultiPoint"",""coordinates"":[]}"
1_1_2_00000000000000000db2,3000,39316,Oueslatia,Tunisia,0.17452362861908458,0.7443067262813631,24510.8751629018,2012,"{""type"":""MultiPoint"",""coordinates"":[]}"
1_1_2_00000000000000000db3,3000,39317,Sbikha,Tunisia,0.3358629657634351,1.5333612368940372,54956.192996765,2012,"{""type"":""MultiPoint"",""coordinates"":[]}"
1_1_2_00000000000000000db4,3000,39318,Sidi Amor Bou Hajla,Tunisia,0.6057971028855696,1.9005238137942007,58628.3991780516,2012,"{""type"":""MultiPoint"",""coordinates"":[]}"
1_1_2_00000000000000000db5,3001,39319,Ayoun,Tunisia,0.268593688243445,0.3604193535850877,11703.225283880503,2012,"{""type"":""MultiPoint"",""coordinates"":[]}"
1_1_2_00000000000000000db6,3001,39320,Djediane,Tunisia,0.21185527810520718,0.6407699640176329,9070.73796720803,2012,"{""type"":""MultiPoint"",""coordinates"":[]}"
1_1_2_00000000000000000db7,3001,39321,Ezzouhour,Tunisia,44.710062303449895,21.62669111512897,17225.208142315638,2012,"{""type"":""MultiPoint"",""coordinates"":[]}"
1_1_2_00000000000000000db8,3001,39322,Feriana,Tunisia,0.17194292113034434,1.4460404728548533,35910.15864694659,2012,"{""type"":""MultiPoint"",""coordinates"":[]}"
1_1_2_00000000000000000db9,3001,39323,Foussana,Tunisia,0.1824640967457591,1.1394189780708373,29057.309569821267,2012,"{""type"":""MultiPoint"",""coordinates"":[]}"
1_1_2_00000000000000000dba,3001,39324,Hassi El Ferid,Tunisia,0.10714577830620418,0.22432408629610678,11841.925065504493,2012,"{""type"":""MultiPoint"",""coordinates"":[]}"
1_1_2_00000000000000000dbb,3001,39325,Hidra,Tunisia,0.08971054515796274,0.673945655731564,7083.268041482203,2012,"{""type"":""MultiPoint"",""coordinates"":[]}"
1_1_2_00000000000000000dbc,3001,39326,Kasserine Nord,Tunisia,1.731198765048363,11.011350200754887,52364.92852297456,2012,"{""type"":""MultiPoint"",""coordinates"":[]}"
1_1_2_00000000000000000dbd,3001,39327,Kasserine Sud,Tunisia,0.1183719536388145,1.0263355691452782,17585.016153457404,2012,"{""type"":""MultiPoint"",""coordinates"":[]}"
1_1_2_00000000000000000dbe,3001,39328,Majel Belabbes,Tunisia,0.09267342916886286,0.6402604940274341,16770.76306120667,2012,"{""type"":""MultiPoint"",""coordinates"":[]}"
1_1_2_00000000000000000dbf,3001,39329,Sbeitla,Tunisia,0.3455485589801106,1.924273599993228,55455.8933420055,2012,"{""type"":""MultiPoint"",""coordinates"":[]}"
1_1_2_00000000000000000dc0,3001,39330,Sbiba,Tunisia,0.350557139438771,1.9711741957337465,32551.982401285633,2012,"{""type"":""MultiPoint"",""coordinates"":[]}"
1_1_2_00000000000000000dc1,3001,39331,Thala,Tunisia,0.18296310673805916,0.9530075441470245,25558.708159460144,2012,"{""type"":""MultiPoint"",""coordinates"":[]}"
1_1_2_00000000000000000dc2,3002,39332,Douz,Tunisia,0.1544402366957186,1.0562915480294788,23518.1542617879,2012,"{""type"":""MultiPoint"",""coordinates"":[]}"
1_1_2_00000000000000000dc3,3002,39333,El Faouar,Tunisia,0.020977253045055187,0.3661467543477238,4755.214707380443,2012,"{""type"":""MultiPoint"",""coordinates"":[]}"
1_1_2_00000000000000000dc4,3002,39334,Kebili Nord,Tunisia,0.40491336614162665,1.240941761379126,15962.54942872768,2012,"{""type"":""MultiPoint"",""coordinates"":[]}"
1_1_2_00000000000000000dc5,3002,39335,Kebili Sud,Tunisia,0.1552517631804167,1.201046625797731,22788.45702607577,2012,"{""type"":""MultiPoint"",""coordinates"":[]}"
1_1_2_00000000000000000dc6,3002,39336,Souk El Ahed,Tunisia,0.030021107594954896,0.7077859689199915,14354.470387286638,2012,"{""type"":""MultiPoint"",""coordinates"":[]}"
1_1_2_00000000000000000dc7,3003,39337,Dahmani,Tunisia,0.17537456170098178,1.453591504626989,22868.330834341312,2012,"{""type"":""MultiPoint"",""coordinates"":[]}"
1_1_2_00000000000000000dc8,3003,39338,Es Sers,Tunisia,0.184797850388105,1.2946346116296357,17861.45705100251,2012,"{""type"":""MultiPoint"",""coordinates"":[]}"
1_1_2_00000000000000000dc9,3003,39339,Jerissa,Tunisia,0.17135891179256055,0.853350151464637,6532.415080804867,2012,"{""type"":""MultiPoint"",""coordinates"":[]}"
1_1_2_00000000000000000dca,3003,39340,Kalaa Resba,Tunisia,0.14639416194471033,1.0112781804058215,5942.990038824794,2012,"{""type"":""MultiPoint"",""coordinates"":[]}"
1_1_2_00000000000000000dcb,3003,39341,Kalaa Senan,Tunisia,0.15014936627280942,0.43692050425848583,12810.170934240845,2012,"{""type"":""MultiPoint"",""coordinates"":[]}"
1_1_2_00000000000000000dcc,3003,39342,Kef Est,Tunisia,0.18137827086151048,0.7564733070831524,12639.955564045355,2012,"{""type"":""MultiPoint"",""coordinates"":[]}"
1_1_2_00000000000000000dcd,3003,39343,Kef Quest,Tunisia,0.6211250269044748,5.383821796351377,42162.14903320382,2012,"{""type"":""MultiPoint"",""coordinates"":[]}"
1_1_2_00000000000000000dce,3003,39344,Ksour,Tunisia,0.16312450803987663,0.17890766956113333,8670.307816313849,2012,"{""type"":""MultiPoint"",""coordinates"":[]}"
1_1_2_00000000000000000dcf,3003,39345,Nebeur,Tunisia,0.17033848797854195,0.44188713609038877,18493.545980210485,2012,"{""type"":""MultiPoint"",""coordinates"":[]}"
1_1_2_00000000000000000dd0,3003,39346,Sakiet Sidi Youssef,Tunisia,0.14798144854379486,0.6282139196026433,12599.346407144403,2012,"{""type"":""MultiPoint"",""coordinates"":[]}"
1_1_2_00000000000000000dd1,3003,39347,Tejerouine,Tunisia,0.1639256503477936,1.0176808231897876,19974.777137735156,2012,"{""type"":""MultiPoint"",""coordinates"":[]}"
1_1_2_00000000000000000dd2,3004,39348,Bou Merdes,Tunisia,0.6855639575678504,1.8860936732009175,25491.693986043563,2012,"{""type"":""MultiPoint"",""coordinates"":[]}"
1_1_2_00000000000000000dd3,3004,39349,Chebba,Tunisia,0.4047644575891997,2.5002960051838987,21388.795887613487,2012,"{""type"":""MultiPoint"",""coordinates"":[]}"
1_1_2_00000000000000000dd4,3004,39350,Chorbane,Tunisia,0.34121136260799634,0.5261487054327753,18371.717855850264,2012,"{""type"":""MultiPoint"",""coordinates"":[]}"
1_1_2_00000000000000000dd5,3004,39351,El Jem,Tunisia,0.6006552017581112,2.542393013497534,38882.140509563054,2012,"{""type"":""MultiPoint"",""coordinates"":[]}"
1_1_2_00000000000000000dd6,3004,39352,H'bira,Tunisia,0.2036157931087916,0.41145845183965646,8456.416266143875,2012,"{""type"":""MultiPoint"",""coordinates"":[]}"
1_1_2_00000000000000000dd7,3004,39353,Ksour Essaf,Tunisia,0.8620949150673446,2.896100723223809,47579.18758133801,2012,"{""type"":""MultiPoint"",""coordinates"":[]}"
1_1_2_00000000000000000dd8,3004,39354,Mahdia,Tunisia,1.8122140266442612,3.8482121869074812,65330.5991892796,2012,"{""type"":""MultiPoint"",""coordinates"":[]}"
1_1_2_00000000000000000dd9,3004,39355,Melloulech,Tunisia,0.5510621166503371,1.4597875002906047,18372.05756824261,2012,"{""type"":""MultiPoint"",""coordinates"":[]}"
1_1_2_00000000000000000dda,3004,39356,Oueled Chamekh,Tunisia,0.3064678718361676,0.8933552732620798,17747.458523141722,2012,"{""type"":""MultiPoint"",""coordinates"":[]}"
1_1_2_00000000000000000ddb,3004,39357,Sidi Alouane,Tunisia,0.5521438243506255,1.2497616981919186,29046.188888482837,2012,"{""type"":""MultiPoint"",""coordinates"":[]}"
1_1_2_00000000000000000ddc,3004,39358,Souassi,Tunisia,0.6056343975912418,2.087636929637495,36981.41015745981,2012,"{""type"":""MultiPoint"",""coordinates"":[]}"
1_1_2_00000000000000000ddd,3005,39359,Borj El Amri,Tunisia,0.5338518555979543,1.066481678433542,13634.211967217583,2012,"{""type"":""MultiPoint"",""coordinates"":[]}"
1_1_2_00000000000000000dde,3005,39360,Daouar Hicher,Tunisia,6.755993821928579,10.049000484462955,78701.5936644942,2012,"{""type"":""MultiPoint"",""coordinates"":[]}"
1_1_2_00000000000000000ddf,3005,39361,El Battan,Tunisia,0.2965235781064821,1.6376355200371635,14439.438795878019,2012,"{""type"":""MultiPoint"",""coordinates"":[]}"
1_1_2_00000000000000000de0,3005,39362,Jedaida,Tunisia,1.1295229894550063,3.3048308720825297,39478.15216857075,2012,"{""type"":""MultiPoint"",""coordinates"":[]}"
1_1_2_00000000000000000de1,3005,39363,Manouba,Tunisia,40.56977072795201,36.37111371787833,69643.11338194303,2012,"{""type"":""MultiPoint"",""coordinates"":[]}"
1_1_2_00000000000000000de2,3005,39364,Mornaguia,Tunisia,0.8122408429361502,2.256227996079457,31906.627890576725,2012,"{""type"":""MultiPoint"",""coordinates"":[]}"
1_1_2_00000000000000000de3,3005,39365,Oued Ellil,Tunisia,42.922204073782744,54.27589495011679,72078.13035312167,2012,"{""type"":""MultiPoint"",""coordinates"":[]}"
1_1_2_00000000000000000de4,3005,39366,Tebourba,Tunisia,0.613596683510461,3.097390471941625,41414.43658658136,2012,"{""type"":""MultiPoint"",""coordinates"":[]}"
1_1_2_00000000000000000de5,3006,39376,Administrative unit not available,Tunisia,0.0,4.651910311416502,2507.91199527979,2012,"{""type"":""MultiPoint"",""coordinates"":[]}"
1_1_2_00000000000000000de6,3006,39377,Bekalta,Tunisia,1.6160813151351585,5.419899130877933,19454.522113163806,2012,"{""type"":""MultiPoint"",""coordinates"":[]}"
1_1_2_00000000000000000de7,3006,39378,Bembla,Tunisia,2.5635338488245805,4.243159454537474,26747.43762650466,2012,"{""type"":""MultiPoint"",""coordinates"":[]}"
1_1_2_00000000000000000de8,3006,39379,Beni Hassen,Tunisia,0.5284447593278615,1.3951490166203944,11541.291002923252,2012,"{""type"":""MultiPoint"",""coordinates"":[]}"
1_1_2_00000000000000000de9,3006,39380,Jammel,Tunisia,1.1360554391449498,5.0448011300925275,53437.91669101554,2012,"{""type"":""MultiPoint"",""coordinates"":[]}"
1_1_2_00000000000000000dea,3006,39381,Kisibet El Medyouni,Tunisia,2.365915066940993,6.263256642445961,23985.189399488663,2012,"{""type"":""MultiPoint"",""coordinates"":[]}"
1_1_2_00000000000000000deb,3006,39382,Ksar Helal,Tunisia,8.131021206195538,11.97472378164203,39133.693188235346,2012,"{""type"":""MultiPoint"",""coordinates"":[]}"
1_1_2_00000000000000000dec,3006,39383,Moknine,Tunisia,1.3756960178268824,6.97870386609684,78963.35106759613,2012,"{""type"":""MultiPoint"",""coordinates"":[]}"
1_1_2_00000000000000000ded,3006,39384,Monastir,Tunisia,13.612976568664765,9.91017640422931,83328.93851714882,2012,"{""type"":""MultiPoint"",""coordinates"":[]}"
1_1_2_00000000000000000dee,3006,39385,Ouerdanine,Tunisia,1.3056219230330262,3.964821445361449,15260.91087114309,2012,"{""type"":""MultiPoint"",""coordinates"":[]}"
1_1_2_00000000000000000def,3006,39386,Sayada-lemta Bou Hajja,Tunisia,13.624310289110456,9.651996876835607,19758.816029830068,2012,"{""type"":""MultiPoint"",""coordinates"":[]}"
1_1_2_00000000000000000df0,3006,39387,Shaline,Tunisia,2.3057291705718455,4.439957542282559,23247.891176740555,2012,"{""type"":""MultiPoint"",""coordinates"":[]}"
1_1_2_00000000000000000df1,3006,39388,Teboulba,Tunisia,7.621188438817074,9.697072263557532,25085.31275257113,2012,"{""type"":""MultiPoint"",""coordinates"":[]}"
1_1_2_00000000000000000df2,3006,39389,Zarmedine,Tunisia,0.4318931829769341,2.0741438218137818,22744.061453482933,2012,"{""type"":""MultiPoint"",""coordinates"":[]}"
1_1_2_00000000000000000df3,3007,39367,Ben Guerdane,Tunisia,0.06611888336127186,1.1403763456249911,47021.98702972988,2012,"{""type"":""MultiPoint"",""coordinates"":[]}"
1_1_2_00000000000000000df4,3007,39368,Beni Khedeche,Tunisia,0.1423737189101619,0.3548229173643798,19609.380136860756,2012,"{""type"":""MultiPoint"",""coordinates"":[]}"
1_1_2_00000000000000000df5,3007,39369,Jerba Ajim,Tunisia,0.6910219151618854,1.7060102305341882,21232.99210070874,2012,"{""type"":""MultiPoint"",""coordinates"":[]}"
1_1_2_00000000000000000df6,3007,39370,Jerba Houmet Souk,Tunisia,1.688523054537262,3.976379307343137,59758.5408267061,2012,"{""type"":""MultiPoint"",""coordinates"":[]}"
1_1_2_00000000000000000df7,3007,39371,Jerba Midoun,Tunisia,1.1825380113766548,2.8421278132144185,51272.52158787384,2012,"{""type"":""MultiPoint"",""coordinates"":[]}"
1_1_2_00000000000000000df8,3007,39372,Medenine Nord,Tunisia,0.30936976313462494,1.6165858298771834,42184.663110891524,2012,"{""type"":""MultiPoint"",""coordinates"":[]}"
1_1_2_00000000000000000df9,3007,39373,Medenine Sud,Tunisia,0.33930527682087014,3.3928044660114325,46128.48619954987,2012,"{""type"":""MultiPoint"",""coordinates"":[]}"
1_1_2_00000000000000000dfa,3007,39375,Zarzis,Tunisia,0.17737068593270722,1.8760155190265468,58884.28741974786,2012,"{""type"":""MultiPoint"",""coordinates"":[]}"
1_1_2_00000000000000000dfb,3008,39390,Beni Kalled,Tunisia,1.1137413630950017,4.16503349994893,30937.98329835627,2012,"{""type"":""MultiPoint"",""coordinates"":[]}"
1_1_2_00000000000000000dfc,3008,39391,Beni Khiar,Tunisia,0.8702900554969311,5.270961258436809,44306.76920642362,2012,"{""type"":""MultiPoint"",""coordinates"":[]}"
1_1_2_00000000000000000dfd,3008,39392,Bou Argoub,Tunisia,1.3445337670083888,1.6014608967121218,25198.693750953804,2012,"{""type"":""MultiPoint"",""coordinates"":[]}"
1_1_2_00000000000000000dfe,3008,39393,Dar Chaabane El Fehri,Tunisia,0.8549575387904554,11.647387098781046,37973.0770344555,2012,"{""type"":""MultiPoint"",""coordinates"":[]}"
1_1_2_00000000000000000dff,3008,39394,El Mida,Tunisia,0.8068388736619726,1.3297506099671337,22248.56955489986,2012,"{""type"":""MultiPoint"",""coordinates"":[]}"
1_1_2_00000000000000000e00,3008,39395,Grambalia,Tunisia,0.9348456287293031,2.7720108052464134,51224.93873803408,2012,"{""type"":""MultiPoint"",""coordinates"":[]}"
1_1_2_00000000000000000e01,3008,39396,Hammam Ghezaz,Tunisia,0.8113264038394267,1.5447599404223806,17083.568972131397,2012,"{""type"":""MultiPoint"",""coordinates"":[]}"
1_1_2_00000000000000000e02,3008,39397,Hammamet,Tunisia,0.5673891733251489,4.332667348419392,78971.32407955345,2012,"{""type"":""MultiPoint"",""coordinates"":[]}"
1_1_2_00000000000000000e03,3008,39398,Haouaria,Tunisia,0.5961709169212526,1.150498608908414,26680.837637483222,2012,"{""type"":""MultiPoint"",""coordinates"":[]}"
1_1_2_00000000000000000e04,3008,39399,Kelibia,Tunisia,0.880902172468893,6.5401868233317755,51377.63787507771,2012,"{""type"":""MultiPoint"",""coordinates"":[]}"
1_1_2_00000000000000000e05,3008,39400,Korba,Tunisia,1.1156148434246749,3.5164077710122608,60364.49318144614,2012,"{""type"":""MultiPoint"",""coordinates"":[]}"
1_1_2_00000000000000000e06,3008,39401,Menzel Bouzelfa,Tunisia,0.8871435676971753,4.126312119882432,30413.278883235536,2012,"{""type"":""MultiPoint"",""coordinates"":[]}"
1_1_2_00000000000000000e07,3008,39402,Menzel Temime,Tunisia,0.7074774839090417,4.7163808428324785,50713.95187352485,2012,"{""type"":""MultiPoint"",""coordinates"":[]}"
1_1_2_00000000000000000e08,3008,39403,Nabeul,Tunisia,1.864339446057371,8.954974277270457,52461.4659254052,2012,"{""type"":""MultiPoint"",""coordinates"":[]}"
1_1_2_00000000000000000e09,3008,39404,Solimane,Tunisia,1.31210154134622,4.017766692853717,40629.0248238766,2012,"{""type"":""MultiPoint"",""coordinates"":[]}"
1_1_2_00000000000000000e0a,3008,39405,Takelsa,Tunisia,0.4038152037919026,0.8445624502390053,17441.672587887264,2012,"{""type"":""MultiPoint"",""coordinates"":[]}"
1_1_2_00000000000000000e0b,3009,39406,Agareb,Tunisia,0.15309974261395917,0.6477602083994423,22533.19215032243,2012,"{""type"":""MultiPoint"",""coordinates"":[]}"
1_1_2_00000000000000000e0c,3009,39407,Bir Ali Ben Khelifa,Tunisia,0.17630412061030154,0.9624011120814995,37912.72205637667,2012,"{""type"":""MultiPoint"",""coordinates"":[]}"
1_1_2_00000000000000000e0d,3009,39408,Djbeniana,Tunisia,0.6139848090558003,2.4975234280092846,39431.16967718554,2012,"{""type"":""MultiPoint"",""coordinates"":[]}"
1_1_2_00000000000000000e0e,3009,39409,El Amra,Tunisia,0.6807400670019392,1.5499402480902862,27256.650381589403,2012,"{""type"":""MultiPoint"",""coordinates"":[]}"
1_1_2_00000000000000000e0f,3009,39410,El Ghraiba,Tunisia,0.09186702451687002,0.5617356391507181,6936.240338566811,2012,"{""type"":""MultiPoint"",""coordinates"":[]}"
1_1_2_00000000000000000e10,3009,39411,El Hancha,Tunisia,0.427158111049476,1.3924594172384899,37413.68580038673,2012,"{""type"":""MultiPoint"",""coordinates"":[]}"
1_1_2_00000000000000000e11,3009,39412,Kerkennah,Tunisia,0.46618504627775403,1.065372147746998,11216.95494761079,2012,"{""type"":""MultiPoint"",""coordinates"":[]}"
1_1_2_00000000000000000e12,3009,39413,Menzel Chaker,Tunisia,0.10867359077389803,0.21787177424453283,20746.62839990039,2012,"{""type"":""MultiPoint"",""coordinates"":[]}"
1_1_2_00000000000000000e13,3009,39414,Mhares,Tunisia,0.13081358841005447,2.7921361760253744,37698.22498852851,2012,"{""type"":""MultiPoint"",""coordinates"":[]}"
1_1_2_00000000000000000e14,3009,39415,Sakiet Eddaier,Tunisia,2.367960267360223,9.40714685280888,103029.47038720582,2012,"{""type"":""MultiPoint"",""coordinates"":[]}"
1_1_2_00000000000000000e15,3009,39416,Sakiet Ezzit,Tunisia,1.611954161540157,7.268433085673156,61103.194352741586,2012,"{""type"":""MultiPoint"",""coordinates"":[]}"
1_1_2_00000000000000000e16,3009,39417,Sfax Ouest,Tunisia,44.26304656569933,16.56553161177116,85241.31096414676,2012,"{""type"":""MultiPoint"",""coordinates"":[]}"
1_1_2_00000000000000000e17,3009,39418,Sfax Sud,Tunisia,1.3662557787342617,5.634889212031294,137203.5185883835,2012,"{""type"":""MultiPoint"",""coordinates"":[]}"
1_1_2_00000000000000000e18,3009,39419,Sfax Ville,Tunisia,36.71843048095703,11.5944672177444,109446.05634412674,2012,"{""type"":""MultiPoint"",""coordinates"":[]}"
1_1_2_00000000000000000e19,3009,39420,Skhira,Tunisia,0.1536033784185845,0.6348971633732976,25151.520714995073,2012,"{""type"":""MultiPoint"",""coordinates"":[]}"
1_1_2_00000000000000000e1a,3010,39421,Bir El Hafey,Tunisia,0.30536857603452666,1.546586703010088,29598.615128362202,2012,"{""type"":""MultiPoint"",""coordinates"":[]}"
1_1_2_00000000000000000e1b,3010,39422,Jilma,Tunisia,0.3047020970304742,1.0962192616406066,30219.694570326505,2012,"{""type"":""MultiPoint"",""coordinates"":[]}"
1_1_2_00000000000000000e1c,3010,39423,Mazzouna,Tunisia,0.09142209803849262,0.5525999166749512,15152.734829590088,2012,"{""type"":""MultiPoint"",""coordinates"":[]}"
1_1_2_00000000000000000e1d,3010,39424,Meknassy,Tunisia,0.17431312818979644,0.9822473795156571,18260.795781116325,2012,"{""type"":""MultiPoint"",""coordinates"":[]}"
1_1_2_00000000000000000e1e,3010,39425,Menzel Bouzayane,Tunisia,0.21366559073373004,0.5624901764025692,18737.72628307986,2012,"{""type"":""MultiPoint"",""coordinates"":[]}"
1_1_2_00000000000000000e1f,3010,39426,Ouled Haffouz,Tunisia,0.2627020135453918,0.41345852393470806,15562.684572561251,2012,"{""type"":""MultiPoint"",""coordinates"":[]}"
1_1_2_00000000000000000e20,3010,39427,Regueb,Tunisia,0.3447321006763173,1.3292982687711559,50549.70316382519,2012,"{""type"":""MultiPoint"",""coordinates"":[]}"
1_1_2_00000000000000000e21,3010,39428,Sabalat Ouled Asker,Tunisia,0.3064873038802452,1.0869486171493634,16484.804437282848,2012,"{""type"":""MultiPoint"",""coordinates"":[]}"
1_1_2_00000000000000000e22,3010,39429,Sidi Ali Ben Aoun,Tunisia,0.18061582040328386,0.9151370584489462,22004.3943954582,2012,"{""type"":""MultiPoint"",""coordinates"":[]}"
1_1_2_00000000000000000e23,3010,39430,Sidi Bouzid Est,Tunisia,0.27704074164723896,0.6894489116880477,37531.616366940456,2012,"{""type"":""MultiPoint"",""coordinates"":[]}"
1_1_2_00000000000000000e24,3010,39431,Sidi Bouzid Ouest,Tunisia,0.35145625300359484,4.448903805849399,58507.72293307936,2012,"{""type"":""MultiPoint"",""coordinates"":[]}"
1_1_2_00000000000000000e25,3010,39432,Souk Jedid,Tunisia,0.34103369330126004,0.5673675054675679,15258.164274030609,2012,"{""type"":""MultiPoint"",""coordinates"":[]}"
1_1_2_00000000000000000e26,3011,39433,Bargou,Tunisia,0.1484793684220866,0.5516179773525159,8906.001560310087,2012,"{""type"":""MultiPoint"",""coordinates"":[]}"
1_1_2_00000000000000000e27,3011,39434,Bouarada,Tunisia,0.17179456518764027,1.1424303627643078,21933.112182571742,2012,"{""type"":""MultiPoint"",""coordinates"":[]}"
1_1_2_00000000000000000e28,3011,39435,Bourouis,Tunisia,0.21526260132255287,0.8390497238887092,9670.49844170376,2012,"{""type"":""MultiPoint"",""coordinates"":[]}"
1_1_2_00000000000000000e29,3011,39436,Elkrib,Tunisia,0.1739703385124343,1.2076333171212321,13648.961200464177,2012,"{""type"":""MultiPoint"",""coordinates"":[]}"
1_1_2_00000000000000000e2a,3011,39437,Gaafour,Tunisia,0.14961608256301911,0.7134438012857959,11916.752164739093,2012,"{""type"":""MultiPoint"",""coordinates"":[]}"
1_1_2_00000000000000000e2b,3011,39438,Kissra,Tunisia,0.20064930845744774,0.4506758115135876,11096.989370811605,2012,"{""type"":""MultiPoint"",""coordinates"":[]}"
1_1_2_00000000000000000e2c,3011,39439,Makhtar,Tunisia,0.30163297663677907,1.8413094259036191,23197.265047385303,2012,"{""type"":""MultiPoint"",""coordinates"":[]}"
1_1_2_00000000000000000e2d,3011,39440,Rouhia,Tunisia,0.18296980088117398,0.8559952926415269,19263.055288559426,2012,"{""type"":""MultiPoint"",""coordinates"":[]}"
1_1_2_00000000000000000e2e,3011,39441,Siliana Nord,Tunisia,0.29989587184683963,2.2973773384277143,26968.831699574184,2012,"{""type"":""MultiPoint"",""coordinates"":[]}"
1_1_2_00000000000000000e2f,3011,39442,Siliana Sud,Tunisia,0.18700791539712108,0.53195641128709,14979.414479599127,2012,"{""type"":""MultiPoint"",""coordinates"":[]}"
1_1_2_00000000000000000e30,3012,39443,Akouda,Tunisia,2.864574387451952,5.03176693694206,28691.500081996823,2012,"{""type"":""MultiPoint"",""coordinates"":[]}"
1_1_2_00000000000000000e31,3012,39444,Bouficha,Tunisia,0.40212677363150634,1.1589560210350986,18559.743655013943,2012,"{""type"":""MultiPoint"",""coordinates"":[]}"
1_1_2_00000000000000000e32,3012,39445,Enfidha,Tunisia,0.4286497474913499,1.7109644251767966,37306.21503387393,2012,"{""type"":""MultiPoint"",""coordinates"":[]}"
1_1_2_00000000000000000e33,3012,39446,Hammam Sousse,Tunisia,14.764009931048006,9.541435752217838,38546.303897575286,2012,"{""type"":""MultiPoint"",""coordinates"":[]}"
1_1_2_00000000000000000e34,3012,39447,Hergla,Tunisia,0.40765037765618367,1.3151976297860397,7250.486904228032,2012,"{""type"":""MultiPoint"",""coordinates"":[]}"
1_1_2_00000000000000000e35,3012,39448,Kalaa Kebira,Tunisia,0.6059090991060033,4.273148400499757,48125.57368001305,2012,"{""type"":""MultiPoint"",""coordinates"":[]}"
1_1_2_00000000000000000e36,3012,39449,Kalaa Sghira,Tunisia,0.606801690216978,4.948972067869922,28200.5293297855,2012,"{""type"":""MultiPoint"",""coordinates"":[]}"
1_1_2_00000000000000000e37,3012,39450,Kondar,Tunisia,0.42166193783606337,0.6125547961284538,7156.480892230164,2012,"{""type"":""MultiPoint"",""coordinates"":[]}"
1_1_2_00000000000000000e38,3012,39451,M'saken,Tunisia,0.5600564274846549,3.571229268308874,70901.91411134838,2012,"{""type"":""MultiPoint"",""coordinates"":[]}"
1_1_2_00000000000000000e39,3012,39452,Sidi Bou Ali,Tunisia,0.6958602625926529,1.8538918168067253,15862.352219228407,2012,"{""type"":""MultiPoint"",""coordinates"":[]}"
1_1_2_00000000000000000e3a,3012,39453,Sidi El Heni,Tunisia,0.1521673503130418,0.5151888984947762,11139.103964083863,2012,"{""type"":""MultiPoint"",""coordinates"":[]}"
1_1_2_00000000000000000e3b,3012,39454,Sousse Jaouhara,Tunisia,40.25817276723575,16.457344144696123,65654.64607197633,2012,"{""type"":""MultiPoint"",""coordinates"":[]}"
1_1_2_00000000000000000e3c,3012,39455,Sousse Medina,Tunisia,39.116710887235755,13.817433771775622,49533.19649198573,2012,"{""type"":""MultiPoint"",""coordinates"":[]}"
1_1_2_00000000000000000e3d,3012,39456,Sousse Riad,Tunisia,8.740307454576678,14.583267798063906,58321.23337350192,2012,"{""type"":""MultiPoint"",""coordinates"":[]}"
1_1_2_00000000000000000e3e,3012,39457,Sousse Sidi Abd Elhami,Tunisia,25.732196114280008,19.315376113458242,47315.680110218935,2012,"{""type"":""MultiPoint"",""coordinates"":[]}"
1_1_2_00000000000000000e3f,3013,39458,Bir Lahmar,Tunisia,0.1499152743768647,0.7422629823801162,7049.668353984213,2012,"{""type"":""MultiPoint"",""coordinates"":[]}"
1_1_2_00000000000000000e40,3013,39459,Dhiba,Tunisia,0.010353699908743878,0.2109416854269407,1562.9874812356163,2012,"{""type"":""MultiPoint"",""coordinates"":[]}"
1_1_2_00000000000000000e41,3013,39460,Ghomrassen,Tunisia,0.09363477703486092,0.7131856416831877,12819.825184134483,2012,"{""type"":""MultiPoint"",""coordinates"":[]}"
1_1_2_00000000000000000e42,3013,39461,Remada,Tunisia,0.003787944525840446,0.08456185513737319,2989.909363893435,2012,"{""type"":""MultiPoint"",""coordinates"":[]}"
1_1_2_00000000000000000e43,3013,39462,Samar,Tunisia,0.07492246540946565,0.24782183575256023,7535.306189625563,2012,"{""type"":""MultiPoint"",""coordinates"":[]}"
1_1_2_00000000000000000e44,3013,39463,Tataouine Nord,Tunisia,0.18310341153676882,1.7584927150371763,38697.48878678242,2012,"{""type"":""MultiPoint"",""coordinates"":[]}"
1_1_2_00000000000000000e45,3013,39464,Tataouine Sud,Tunisia,0.05539340237566594,1.0594928921899858,25198.804456458467,2012,"{""type"":""MultiPoint"",""coordinates"":[]}"
1_1_2_00000000000000000e46,3014,39465,Degueche,Tunisia,0.22027626092993982,1.0791290590046163,15714.614744832414,2012,"{""type"":""MultiPoint"",""coordinates"":[]}"
1_1_2_00000000000000000e47,3014,39466,Hazoua,Tunisia,0.05847191408431241,0.24350942403800588,1039.0382658086935,2012,"{""type"":""MultiPoint"",""coordinates"":[]}"
1_1_2_00000000000000000e48,3014,39467,Nafta,Tunisia,0.15313846413833218,1.4423638849859148,9942.316060956402,2012,"{""type"":""MultiPoint"",""coordinates"":[]}"
1_1_2_00000000000000000e49,3014,39468,Tamaghza,Tunisia,0.06881842362397964,0.2358596044190966,2542.9618207157764,2012,"{""type"":""MultiPoint"",""coordinates"":[]}"
1_1_2_00000000000000000e4a,3014,39469,Tozeur,Tunisia,0.3058643637459426,3.131956688688531,31380.73348501347,2012,"{""type"":""MultiPoint"",""coordinates"":[]}"
1_1_2_00000000000000000e4b,3015,39470,Bab Bhar,Tunisia,42.23623924255371,19.36385992470108,31895.156347177555,2012,"{""type"":""MultiPoint"",""coordinates"":[]}"
1_1_2_00000000000000000e4c,3015,39471,Bab Souika,Tunisia,101.56458715665138,47.979907468844395,32889.515086873376,2012,"{""type"":""MultiPoint"",""coordinates"":[]}"
1_1_2_00000000000000000e4d,3015,39472,Bardo,Tunisia,94.44531347050784,41.88525789549573,77205.68822631091,2012,"{""type"":""MultiPoint"",""coordinates"":[]}"
1_1_2_00000000000000000e4e,3015,39473,Carthage,Tunisia,19.69841098583034,11.398060797113322,32347.971449679953,2012,"{""type"":""MultiPoint"",""coordinates"":[]}"
1_1_2_00000000000000000e4f,3015,39474,El Harairria,Tunisia,17.542871966869033,24.96260437070129,68675.11716619684,2012,"{""type"":""MultiPoint"",""coordinates"":[]}"
1_1_2_00000000000000000e50,3015,39475,El Kabaria,Tunisia,38.40016295740044,35.667320387967365,70169.37002556745,2012,"{""type"":""MultiPoint"",""coordinates"":[]}"
1_1_2_00000000000000000e51,3015,39476,El Khadra,Tunisia,9.87496586143325,6.273570766935932,18604.679147117287,2012,"{""type"":""MultiPoint"",""coordinates"":[]}"
1_1_2_00000000000000000e52,3015,39477,El Kram,Tunisia,35.2724990239219,13.600004397392295,47012.93414507099,2012,"{""type"":""MultiPoint"",""coordinates"":[]}"
1_1_2_00000000000000000e53,3015,39478,El Marsa,Tunisia,19.890938458235368,10.457406841337518,81515.91183157248,2012,"{""type"":""MultiPoint"",""coordinates"":[]}"
1_1_2_00000000000000000e54,3015,39479,El Menzah,Tunisia,30.350645160146527,19.53949181746503,40455.38703493605,2012,"{""type"":""MultiPoint"",""coordinates"":[]}"
1_1_2_00000000000000000e55,3015,39480,El Querdia,Tunisia,53.69303588867187,26.503340448022136,24825.23615716672,2012,"{""type"":""MultiPoint"",""coordinates"":[]}"
1_1_2_00000000000000000e56,3015,39481,El Tahrir,Tunisia,88.1513622118079,23.02145509318441,14900.979804499008,2012,"{""type"":""MultiPoint"",""coordinates"":[]}"
1_1_2_00000000000000000e57,3015,39482,Ezouhour,Tunisia,0.0,38.320763409057996,2135.31334919649,2012,"{""type"":""MultiPoint"",""coordinates"":[]}"
1_1_2_00000000000000000e58,3015,39483,Jbel Jloud,Tunisia,33.22623786050904,21.18105885198062,24665.72015027064,2012,"{""type"":""MultiPoint"",""coordinates"":[]}"
1_1_2_00000000000000000e59,3015,39484,La Goulette,Tunisia,20.657474245343888,8.54701614368911,22524.676412173812,2012,"{""type"":""MultiPoint"",""coordinates"":[]}"
1_1_2_00000000000000000e5a,3015,39485,Medina,Tunisia,82.68398666381836,25.003406556463315,15161.625484990142,2012,"{""type"":""MultiPoint"",""coordinates"":[]}"
1_1_2_00000000000000000e5b,3015,39486,Omrane,Tunisia,60.24144439697265,25.002995496541114,38204.34238353057,2012,"{""type"":""MultiPoint"",""coordinates"":[]}"
1_1_2_00000000000000000e5c,3015,39487,Omrane Superieur,Tunisia,104.46060349907674,42.48236435694845,41211.82518117566,2012,"{""type"":""MultiPoint"",""coordinates"":[]}"
1_1_2_00000000000000000e5d,3015,39488,Sidi Bechir,Tunisia,61.31535063833341,18.61373188604337,23171.038759321316,2012,"{""type"":""MultiPoint"",""coordinates"":[]}"
1_1_2_00000000000000000e5e,3015,39489,Sidi Hassine,Tunisia,5.3655828755101656,7.279307572880606,64116.53228479717,2012,"{""type"":""MultiPoint"",""coordinates"":[]}"
1_1_2_00000000000000000e5f,3015,39490,Sijoumi,Tunisia,41.37723350524902,45.81865385111349,11475.3835141799,2012,"{""type"":""MultiPoint"",""coordinates"":[]}"
1_1_2_00000000000000000e60,3016,39491,Bir M'charga,Tunisia,0.18068075171403056,0.8599901693480316,22360.63737071948,2012,"{""type"":""MultiPoint"",""coordinates"":[]}"
1_1_2_00000000000000000e61,3016,39492,Fahs,Tunisia,0.1790356449074337,1.2790853204885437,32759.02926661457,2012,"{""type"":""MultiPoint"",""coordinates"":[]}"
1_1_2_00000000000000000e62,3016,39493,Nadhour,Tunisia,0.43803483628974027,1.8077768010023982,25187.98247807786,2012,"{""type"":""MultiPoint"",""coordinates"":[]}"
1_1_2_00000000000000000e63,3016,39494,Saouaf,Tunisia,0.2958626795060122,0.36578473002660306,9449.540380399487,2012,"{""type"":""MultiPoint"",""coordinates"":[]}"
1_1_2_00000000000000000e64,3016,39495,Zaghouan,Tunisia,0.3011887246563707,1.8590365731105898,30421.43465158761,2012,"{""type"":""MultiPoint"",""coordinates"":[]}"
1_1_2_00000000000000000e65,3016,39496,Zriba,Tunisia,0.21791195652294001,0.7680005208137178,14266.039335040228,2012,"{""type"":""MultiPoint"",""coordinates"":[]}"
1_1_2_00000000000000000e66,3007,39374,Sidi Makhlouf,Tunisia,0.23521938810275383,0.3570351593979322,18453.300965664268,2012,"{""type"":""MultiPoint"",""coordinates"":[]}"
1_1_2_00010000000000000b8f,3020,27488,Diyadin,Turkey,0.362291511697114,4.126785238165587,21592.855321062852,2012,"{""type"":""MultiPoint"",""coordinates"":[]}"
1_1_2_00010000000000000b90,3020,27489,Dogubeyazit,Turkey,0.6156570529253843,5.495959588289121,66823.94479752392,2012,"{""type"":""MultiPoint"",""coordinates"":[]}"
1_1_2_00010000000000000b91,3020,27490,Eleskirt,Turkey,0.3495588293305459,2.1264091085421923,16560.80919954245,2012,"{""type"":""MultiPoint"",""coordinates"":[]}"
1_1_2_00010000000000000b92,3020,27491,Hamur,Turkey,0.2826350484065577,1.2931061294569415,6664.046292461875,2012,"{""type"":""MultiPoint"",""coordinates"":[]}"
1_1_2_00010000000000000b93,3020,27492,Merkez,Turkey,0.6998031107680719,8.621824480391453,99900.34151565806,2012,"{""type"":""MultiPoint"",""coordinates"":[]}"
1_1_2_00010000000000000b94,3020,27493,Patnos,Turkey,0.7142506133022256,5.685777809708469,86568.39416693721,2012,"{""type"":""MultiPoint"",""coordinates"":[]}"
1_1_2_00010000000000000b95,3020,27494,Taslicay,Turkey,0.3082586341791945,2.4473454910996186,9597.960819123524,2012,"{""type"":""MultiPoint"",""coordinates"":[]}"
1_1_2_00010000000000000b96,3020,27495,Tutak,Turkey,0.18483300650723,1.894550028615004,13200.929201153784,2012,"{""type"":""MultiPoint"",""coordinates"":[]}"
1_1_2_00010000000000000b97,3022,27503,Goynucek,Turkey,0.07619636762461365,0.39468250371941843,5871.163321091392,2012,"{""type"":""MultiPoint"",""coordinates"":[]}"
1_1_2_00010000000000000b98,3022,27504,Gumushacikoy,Turkey,0.06053182688722647,1.8209763894494577,15896.840642982115,2012,"{""type"":""MultiPoint"",""coordinates"":[]}"
1_1_2_00010000000000000b99,3022,27505,Hamamozu,Turkey,0.1075728199613804,0.5166745880875374,2625.958899573271,2012,"{""type"":""MultiPoint"",""coordinates"":[]}"
1_1_2_00010000000000000b9a,3022,27506,Merkez,Turkey,0.11476525424500436,3.2415835200655856,108801.08154947509,2012,"{""type"":""MultiPoint"",""coordinates"":[]}"
1_1_2_00010000000000000b9b,3022,27507,Merzifon,Turkey,0.09836958304175364,3.1965818836919238,47333.42641770445,2012,"{""type"":""MultiPoint"",""coordinates"":[]}"
1_1_2_00010000000000000b9c,3022,27508,Suluova,Turkey,0.17821227857323602,3.0965003332451038,37475.81985845164,2012,"{""type"":""MultiPoint"",""coordinates"":[]}"
1_1_2_00010000000000000b9d,3022,27509,Tasova,Turkey,0.21662464628668734,0.9153407310961035,20104.167635251943,2012,"{""type"":""MultiPoint"",""coordinates"":[]}"
1_1_2_00010000000000000b9e,3023,27510,Akyurt,Turkey,1.2312023568276562,7.744941520848913,70566.89391899032,2012,"{""type"":""MultiPoint"",""coordinates"":[]}"
1_1_2_00010000000000000b9f,3023,27515,Camlidere,Turkey,0.21342835786169972,0.7592417067538078,4966.88151842214,2012,"{""type"":""MultiPoint"",""coordinates"":[]}"
1_1_2_00010000000000000ba0,3023,27517,Cubuk,Turkey,0.42917316329618566,2.4974819523712757,49557.63760095812,2012,"{""type"":""MultiPoint"",""coordinates"":[]}"
1_1_2_00010000000000000ba1,3023,27524,Kalecik,Turkey,0.07613786749019547,0.5646590247078492,8317.738858603081,2012,"{""type"":""MultiPoint"",""coordinates"":[]}"
1_1_2_00010000000000000ba2,3023,27527,Kizilcahamam,Turkey,0.21701958551413097,0.9429196673725574,11729.94198782412,2012,"{""type"":""MultiPoint"",""coordinates"":[]}"
1_1_2_00010000000000000ba3,3025,27549,Cildir,Turkey,0.20276452063007033,0.7158938921112654,6484.323645500891,2012,"{""type"":""MultiPoint"",""coordinates"":[]}"
1_1_2_00010000000000000ba4,3025,27550,Damal,Turkey,0.26704699287811917,0.9358913758758127,3293.2266787374574,2012,"{""type"":""MultiPoint"",""coordinates"":[]}"
1_1_2_00010000000000000ba5,3025,27551,Gole,Turkey,0.17774447388067136,1.7701358144881263,15384.429209437156,2012,"{""type"":""MultiPoint"",""coordinates"":[]}"
1_1_2_00010000000000000ba6,3025,27552,Hanak,Turkey,0.2167753900342733,1.2085413883577665,4694.747814095829,2012,"{""type"":""MultiPoint"",""coordinates"":[]}"
1_1_2_00010000000000000ba7,3025,27553,Merkez,Turkey,0.11899376259739633,2.5997472112148725,24742.844648566108,2012,"{""type"":""MultiPoint"",""coordinates"":[]}"
1_1_2_00010000000000000ba8,3025,27554,Posof,Turkey,0.10945728688054361,0.43686366809731886,3825.55815332729,2012,"{""type"":""MultiPoint"",""coordinates"":[]}"
1_1_2_00010000000000000ba9,3026,27555,Ardanuc,Turkey,0.08923383388706256,0.7465642604174756,6213.65926978775,2012,"{""type"":""MultiPoint"",""coordinates"":[]}"
1_1_2_00010000000000000baa,3026,27556,Arhavi,Turkey,0.5554872058586322,2.9296693562956295,8812.524181779743,2012,"{""type"":""MultiPoint"",""coordinates"":[]}"
1_1_2_00010000000000000bab,3026,27557,Borcka,Turkey,0.27750802350129977,1.327955660333373,9150.62290949333,2012,"{""type"":""MultiPoint"",""coordinates"":[]}"
1_1_2_00010000000000000bac,3026,27558,Hopa,Turkey,0.6831421655807621,2.9370159663487936,16471.7343115391,2012,"{""type"":""MultiPoint"",""coordinates"":[]}"
1_1_2_00010000000000000bad,3026,27559,Merkez,Turkey,0.3154671008877515,2.4810038528151055,17310.653297539764,2012,"{""type"":""MultiPoint"",""coordinates"":[]}"
1_1_2_00010000000000000bae,3026,27560,Murgul,Turkey,0.6400243563884729,0.8472220458580492,4555.968598712331,2012,"{""type"":""MultiPoint"",""coordinates"":[]}"
1_1_2_00010000000000000baf,3026,27561,Savsat,Turkey,0.08988836877784746,0.4741154301652012,9487.953975028486,2012,"{""type"":""MultiPoint"",""coordinates"":[]}"
1_1_2_00010000000000000bb0,3026,27562,Yusufeli,Turkey,0.04597690946096203,0.37371538236491947,7094.1473412971245,2012,"{""type"":""MultiPoint"",""coordinates"":[]}"
1_1_2_00010000000000000bb1,3029,27599,Amasra,Turkey,0.30993557527791643,1.135250481954196,9772.567942885807,2012,"{""type"":""MultiPoint"",""coordinates"":[]}"
1_1_2_00010000000000000bb2,3029,27600,Kurucasile,Turkey,0.212935323273127,0.9431503569061664,3720.501840849879,2012,"{""type"":""MultiPoint"",""coordinates"":[]}"
1_1_2_00010000000000000bb3,3029,27601,Merkez,Turkey,0.43592847473332264,2.1333506324419433,87470.53226305525,2012,"{""type"":""MultiPoint"",""coordinates"":[]}"
1_1_2_00010000000000000bb4,3029,27602,Ulus,Turkey,0.1515697554012068,0.7885685468320437,15510.592223967386,2012,"{""type"":""MultiPoint"",""coordinates"":[]}"
1_1_2_00010000000000000bb5,3030,27603,Besiri,Turkey,0.17740614213726055,1.6044475563493596,24071.48784105934,2012,"{""type"":""MultiPoint"",""coordinates"":[]}"
1_1_2_00010000000000000bb6,3030,27604,Gercus,Turkey,0.17992480925062185,1.2479305125785578,14164.488870858622,2012,"{""type"":""MultiPoint"",""coordinates"":[]}"
1_1_2_00010000000000000bb7,3030,27605,Hasankeyf,Turkey,0.10998979506429728,0.4628402762318551,2735.603681923625,2012,"{""type"":""MultiPoint"",""coordinates"":[]}"
1_1_2_00010000000000000bb8,3030,27606,Kozluk,Turkey,0.43655800420510527,1.3899689353643532,36097.02249060817,2012,"{""type"":""MultiPoint"",""coordinates"":[]}"
1_1_2_00010000000000000bb9,3030,27607,Merkez,Turkey,1.4391894758755843,17.99969211731557,306034.35575755127,2012,"{""type"":""MultiPoint"",""coordinates"":[]}"
1_1_2_00010000000000000bba,3030,27608,Sason,Turkey,0.17216116446723714,1.9939953040240777,16345.376499789661,2012,"{""type"":""MultiPoint"",""coordinates"":[]}"
1_1_2_00010000000000000bbb,3031,27609,Aydintepe,Turkey,0.10843121345598652,0.6191232449818107,3041.476700005161,2012,"{""type"":""MultiPoint"",""coordinates"":[]}"
1_1_2_00010000000000000bbc,3031,27610,Demirozu,Turkey,0.15651392348618692,0.9147606704574719,4487.999586550717,2012,"{""type"":""MultiPoint"",""coordinates"":[]}"
1_1_2_00010000000000000bbd,3031,27611,Merkez,Turkey,0.17995256664441805,2.106207896068743,34813.75318375504,2012,"{""type"":""MultiPoint"",""coordinates"":[]}"
1_1_2_00010000000000000bbe,3033,27620,Adakli,Turkey,0.09104645170221559,0.9540431104491801,4317.052233962408,2012,"{""type"":""MultiPoint"",""coordinates"":[]}"
1_1_2_00010000000000000bbf,3033,27621,Genc,Turkey,0.13886275348574603,2.120110959470812,19270.08900715455,2012,"{""type"":""MultiPoint"",""coordinates"":[]}"
1_1_2_00010000000000000bc0,3033,27622,Karliova,Turkey,0.3102453549067651,1.6734882075698039,12358.466706230185,2012,"{""type"":""MultiPoint"",""coordinates"":[]}"
1_1_2_00010000000000000bc1,3033,27623,Kigi,Turkey,0.10113072660958232,0.5530792470235448,2842.3325670448353,2012,"{""type"":""MultiPoint"",""coordinates"":[]}"
1_1_2_00010000000000000bc2,3033,27624,Merkez,Turkey,0.3583694428704047,5.0401008968558925,83495.8896552889,2012,"{""type"":""MultiPoint"",""coordinates"":[]}"
1_1_2_00010000000000000bc3,3033,27625,Solhan,Turkey,0.1747155745169732,2.8713815576177724,16178.204873741433,2012,"{""type"":""MultiPoint"",""coordinates"":[]}"
1_1_2_00010000000000000bc4,3033,27626,Yayladere,Turkey,0.026807168623748715,0.2042242609265695,728.1601552858164,2012,"{""type"":""MultiPoint"",""coordinates"":[]}"
1_1_2_00010000000000000bc5,3033,27627,Yedisu,Turkey,0.05402987432921661,0.3369553119966107,1184.6027052794711,2012,"{""type"":""MultiPoint"",""coordinates"":[]}"
1_1_2_00010000000000000bc6,3034,27628,Adilcevaz,Turkey,0.18060695403086188,1.9903760587056911,11745.12593440453,2012,"{""type"":""MultiPoint"",""coordinates"":[]}"
1_1_2_00010000000000000bc7,3034,27629,Ahlat,Turkey,0.3087879860143875,3.1157779813257607,17574.1287610208,2012,"{""type"":""MultiPoint"",""coordinates"":[]}"
1_1_2_00010000000000000bc8,3034,27630,Guroymak,Turkey,1.1379884558508957,4.9105415050132235,21664.71231156731,2012,"{""type"":""MultiPoint"",""coordinates"":[]}"
1_1_2_00010000000000000bc9,3034,27631,Hizan,Turkey,0.8760769517606853,5.525351441001952,11520.366666159121,2012,"{""type"":""MultiPoint"",""coordinates"":[]}"
1_1_2_00010000000000000bca,3034,27632,Administrative unit not available,Turkey,1.1829863919867423,3.9840244122551662,7371.888214831243,2012,"{""type"":""MultiPoint"",""coordinates"":[]}"
1_1_2_00010000000000000bcb,3034,27633,Merkez,Turkey,0.8127034600000144,3.8934133220910314,34022.3898422369,2012,"{""type"":""MultiPoint"",""coordinates"":[]}"
1_1_2_00010000000000000bcc,3034,27634,Mutki,Turkey,0.3053888454100467,1.749307131187983,9606.479979811054,2012,"{""type"":""MultiPoint"",""coordinates"":[]}"
1_1_2_00010000000000000bcd,3034,27635,Tatvan,Turkey,0.8836469800820269,5.987291352397482,46175.53408223854,2012,"{""type"":""MultiPoint"",""coordinates"":[]}"
1_1_2_00010000000000000bce,3035,27636,Akcakoca,Turkey,0.43349404616193815,2.3338810200376274,30434.625963016602,2012,"{""type"":""MultiPoint"",""coordinates"":[]}"
1_1_2_00010000000000000bcf,3035,27637,Cilimli,Turkey,0.7013877105742132,1.2462870191335318,9058.863247783369,2012,"{""type"":""MultiPoint"",""coordinates"":[]}"
1_1_2_00010000000000000bd0,3035,27638,Cumayeri,Turkey,0.35924795261976367,1.149805837477604,9864.89028894996,2012,"{""type"":""MultiPoint"",""coordinates"":[]}"
1_1_2_00010000000000000bd1,3035,27639,Dortdivan,Turkey,0.2653430948296407,0.8535030010750561,3605.2894732114955,2012,"{""type"":""MultiPoint"",""coordinates"":[]}"
1_1_2_00010000000000000bd2,3035,27640,Duzce,Turkey,1.7364045714833052,6.528176918939966,203691.94468861917,2012,"{""type"":""MultiPoint"",""coordinates"":[]}"
1_1_2_00010000000000000bd3,3035,27641,Gerede,Turkey,0.1510706526928197,1.0114101291273863,14173.799052944441,2012,"{""type"":""MultiPoint"",""coordinates"":[]}"
1_1_2_00010000000000000bd4,3035,27642,Golyaka,Turkey,0.5299854513658491,1.2894916771484188,7796.283293147889,2012,"{""type"":""MultiPoint"",""coordinates"":[]}"
1_1_2_00010000000000000bd5,3035,27644,Gumusova,Turkey,0.35927331595010376,0.7801657909613766,4426.686644051806,2012,"{""type"":""MultiPoint"",""coordinates"":[]}"
1_1_2_00010000000000000bd6,3035,27646,Mengen,Turkey,0.08961978369109665,0.7483361201691078,9258.23784860388,2012,"{""type"":""MultiPoint"",""coordinates"":[]}"
1_1_2_00010000000000000bd7,3035,27647,Merkez,Turkey,0.6100128473576876,5.087841697777041,126809.87261727234,2012,"{""type"":""MultiPoint"",""coordinates"":[]}"
1_1_2_00010000000000000bd8,3035,27650,Yenicaga,Turkey,0.34270673381342864,1.775043313518994,6735.478047017796,2012,"{""type"":""MultiPoint"",""coordinates"":[]}"
1_1_2_00010000000000000bd9,3035,27651,Yigilca,Turkey,0.34296460011266977,0.8928654854282675,10561.499400335419,2012,"{""type"":""MultiPoint"",""coordinates"":[]}"
1_1_2_00010000000000000bda,3039,27692,Atkaracalar,Turkey,0.053323977105987956,0.27272644423561393,1234.1135266504295,2012,"{""type"":""MultiPoint"",""coordinates"":[]}"
1_1_2_00010000000000000bdb,3039,27693,Bayramoren,Turkey,0.043067623258695134,0.0987172456601301,699.8114750065693,2012,"{""type"":""MultiPoint"",""coordinates"":[]}"
1_1_2_00010000000000000bdc,3039,27694,Cerkes,Turkey,0.08987616545683556,0.61154668876192,5988.819150315031,2012,"{""type"":""MultiPoint"",""coordinates"":[]}"
1_1_2_00010000000000000bdd,3039,27695,Eldivan,Turkey,0.04641705726279191,0.5159718914173926,1926.0648747699533,2012,"{""type"":""MultiPoint"",""coordinates"":[]}"
1_1_2_00010000000000000bde,3039,27696,Ilgaz,Turkey,0.0901838858612301,0.6267371067694393,8400.574264155974,2012,"{""type"":""MultiPoint"",""coordinates"":[]}"
1_1_2_00010000000000000bdf,3039,27697,Kizilirmak,Turkey,0.18141296943873195,1.0755742975549243,4326.84900556675,2012,"{""type"":""MultiPoint"",""coordinates"":[]}"
1_1_2_00010000000000000be0,3039,27698,Korgun,Turkey,0.044604288195181745,0.4165240816611618,1670.9788092275844,2012,"{""type"":""MultiPoint"",""coordinates"":[]}"
1_1_2_00010000000000000be1,3039,27699,Kursunlu,Turkey,0.15212493648388756,0.5566504218184345,5032.424520496688,2012,"{""type"":""MultiPoint"",""coordinates"":[]}"
1_1_2_00010000000000000be2,3039,27700,Merkez,Turkey,0.08081899380757607,3.7643495407201457,53086.20853693649,2012,"{""type"":""MultiPoint"",""coordinates"":[]}"
1_1_2_00010000000000000be3,3039,27701,Orta,Turkey,0.3433401774650761,1.1038460448651226,6824.455639793271,2012,"{""type"":""MultiPoint"",""coordinates"":[]}"
1_1_2_00010000000000000be4,3039,27702,Sabanozu,Turkey,0.13931459669246696,0.7589411199799304,4668.314860089313,2012,"{""type"":""MultiPoint"",""coordinates"":[]}"
1_1_2_00010000000000000be5,3039,27703,Yaprakli,Turkey,0.08992539531476093,0.622571428349852,6797.473822068845,2012,"{""type"":""MultiPoint"",""coordinates"":[]}"
1_1_2_00010000000000000be6,3040,27704,Alaca,Turkey,0.09840099244362488,2.001493522459199,25218.334691245338,2012,"{""type"":""MultiPoint"",""coordinates"":[]}"
1_1_2_00010000000000000be7,3040,27705,Bayat,Turkey,0.06734474479980349,1.153772813869581,10879.730886539648,2012,"{""type"":""MultiPoint"",""coordinates"":[]}"
1_1_2_00010000000000000be8,3040,27706,Bogazkale,Turkey,0.07551506934184847,0.4207797442386442,2756.969154544284,2012,"{""type"":""MultiPoint"",""coordinates"":[]}"
1_1_2_00010000000000000be9,3040,27707,Dodurga,Turkey,0.14051129153276257,0.7398512526973232,4703.186047367232,2012,"{""type"":""MultiPoint"",""coordinates"":[]}"
1_1_2_00010000000000000bea,3040,27708,Iskilip,Turkey,0.12364561812288895,1.9498983585493943,23055.977052897342,2012,"{""type"":""MultiPoint"",""coordinates"":[]}"
1_1_2_00010000000000000beb,3040,27709,Kargi,Turkey,0.08990567942729343,0.5282307476612352,9340.083826939881,2012,"{""type"":""MultiPoint"",""coordinates"":[]}"
1_1_2_00010000000000000bec,3040,27710,Lacin,Turkey,0.10180912982940861,0.3663374635606864,2579.7341646056702,2012,"{""type"":""MultiPoint"",""coordinates"":[]}"
1_1_2_00010000000000000bed,3040,27711,Mecitozu,Turkey,0.06569016764267656,0.7355525007719488,10650.028562021611,2012,"{""type"":""MultiPoint"",""coordinates"":[]}"
1_1_2_00010000000000000bee,3040,27712,Merkez,Turkey,0.17924518708448375,5.33648203716755,207510.245411083,2012,"{""type"":""MultiPoint"",""coordinates"":[]}"
1_1_2_00010000000000000bef,3040,27713,Oguzlar,Turkey,0.1554544078687451,1.2348477511793723,3680.6286929067064,2012,"{""type"":""MultiPoint"",""coordinates"":[]}"
1_1_2_00010000000000000bf0,3040,27714,Ortakoy,Turkey,0.0907141449347081,1.3671100246940122,5517.939853341361,2012,"{""type"":""MultiPoint"",""coordinates"":[]}"
1_1_2_00010000000000000bf1,3040,27715,Osmancik,Turkey,0.055695500037953455,1.4924852478057036,32219.043418547797,2012,"{""type"":""MultiPoint"",""coordinates"":[]}"
1_1_2_00010000000000000bf2,3040,27716,Sungurlu,Turkey,0.09622716508705086,1.9983394805765495,34174.3410378826,2012,"{""type"":""MultiPoint"",""coordinates"":[]}"
1_1_2_00010000000000000bf3,3040,27717,Ugurludag,Turkey,0.03625074485567823,0.4385068860516715,4153.952494560978,2012,"{""type"":""MultiPoint"",""coordinates"":[]}"
1_1_2_00010000000000000bf4,3042,27737,Bismil,Turkey,0.3582013936051337,2.431217826240129,63058.744574309545,2012,"{""type"":""MultiPoint"",""coordinates"":[]}"
1_1_2_00010000000000000bf5,3042,27738,Cermik,Turkey,0.1519491517335501,2.2448247824176497,34247.727634725474,2012,"{""type"":""MultiPoint"",""coordinates"":[]}"
1_1_2_00010000000000000bf6,3042,27739,Cinar,Turkey,0.35386724993993574,1.5663472746744789,38917.28355147408,2012,"{""type"":""MultiPoint"",""coordinates"":[]}"
1_1_2_00010000000000000bf7,3042,27740,Cungus,Turkey,0.07732860967534025,1.0805413044212715,8780.977720223833,2012,"{""type"":""MultiPoint"",""coordinates"":[]}"
1_1_2_00010000000000000bf8,3042,27741,Dicle,Turkey,0.3019028860857648,2.001333743860146,18588.08382073661,2012,"{""type"":""MultiPoint"",""coordinates"":[]}"
1_1_2_00010000000000000bf9,3042,27742,Egil,Turkey,0.30279066171760716,1.6632129845123866,18109.931037550756,2012,"{""type"":""MultiPoint"",""coordinates"":[]}"
1_1_2_00010000000000000bfa,3042,27743,Ergani,Turkey,0.24556001224617516,5.3569486259638905,73186.93936703147,2012,"{""type"":""MultiPoint"",""coordinates"":[]}"
1_1_2_00010000000000000bfb,3042,27744,Hani,Turkey,0.357660410091232,2.5579321000817075,19262.650101077616,2012,"{""type"":""MultiPoint"",""coordinates"":[]}"
1_1_2_00010000000000000bfc,3042,27745,Hazro,Turkey,0.3058325802997325,1.3364924183807332,10648.911081800361,2012,"{""type"":""MultiPoint"",""coordinates"":[]}"
1_1_2_00010000000000000bfd,3042,27746,Kocakoy,Turkey,0.5514449403987652,1.7935412592296731,15993.67356500648,2012,"{""type"":""MultiPoint"",""coordinates"":[]}"
1_1_2_00010000000000000bfe,3042,27747,Kulp,Turkey,0.13155093761806883,1.7514380721862353,18832.175903479285,2012,"{""type"":""MultiPoint"",""coordinates"":[]}"
1_1_2_00010000000000000bff,3042,27748,Lice,Turkey,0.17380376884060456,1.2923557229117073,15041.013800438792,2012,"{""type"":""MultiPoint"",""coordinates"":[]}"
1_1_2_00010000000000000c00,3042,27749,Merkez,Turkey,1.3883620282367939,12.341535728009784,702694.4952423135,2012,"{""type"":""MultiPoint"",""coordinates"":[]}"
1_1_2_00010000000000000c01,3042,27750,Silvan,Turkey,0.363493932052791,2.6947279859139908,53767.67404828862,2012,"{""type"":""MultiPoint"",""coordinates"":[]}"
1_1_2_00010000000000000c02,3043,27755,Lalapasa,Turkey,0.07751306168336754,0.3490185209746562,4432.946492875713,2012,"{""type"":""MultiPoint"",""coordinates"":[]}"
1_1_2_00010000000000000c03,3044,27760,Agin,Turkey,0.13233170736526542,0.5458780434964886,1351.3956823290268,2012,"{""type"":""MultiPoint"",""coordinates"":[]}"
1_1_2_00010000000000000c04,3044,27761,Alacakaya,Turkey,0.6594519924779371,1.9113433114070597,7067.12790593759,2012,"{""type"":""MultiPoint"",""coordinates"":[]}"
1_1_2_00010000000000000c05,3044,27762,Aricak,Turkey,0.4072867144237865,1.7635771701166325,4992.554631459245,2012,"{""type"":""MultiPoint"",""coordinates"":[]}"
1_1_2_00010000000000000c06,3044,27763,Baskil,Turkey,0.08801464771098473,0.4618080310994361,5789.726222757556,2012,"{""type"":""MultiPoint"",""coordinates"":[]}"
1_1_2_00010000000000000c07,3044,27764,Karakocan,Turkey,0.17719573989196596,1.3292259928073689,10856.129304511338,2012,"{""type"":""MultiPoint"",""coordinates"":[]}"
1_1_2_00010000000000000c08,3044,27765,Keban,Turkey,0.10685465854142663,1.1189050141195507,3418.370814239008,2012,"{""type"":""MultiPoint"",""coordinates"":[]}"
1_1_2_00010000000000000c09,3044,27766,Kovancilar,Turkey,0.30665717009824883,1.7078266126863857,15923.025275223004,2012,"{""type"":""MultiPoint"",""coordinates"":[]}"
1_1_2_00010000000000000c0a,3044,27767,Maden,Turkey,0.08749718480393104,0.9774509991542303,6030.328624506236,2012,"{""type"":""MultiPoint"",""coordinates"":[]}"
1_1_2_00010000000000000c0b,3044,27768,Merkez,Turkey,0.22859526588225107,7.617538520960615,319099.12543447746,2012,"{""type"":""MultiPoint"",""coordinates"":[]}"
1_1_2_00010000000000000c0c,3044,27769,Palu,Turkey,0.30636973055550504,1.6422333194167755,12424.000375299243,2012,"{""type"":""MultiPoint"",""coordinates"":[]}"
1_1_2_00010000000000000c0d,3044,27770,Sivrice,Turkey,0.042949897685118955,0.4563384784540201,5239.859709269861,2012,"{""type"":""MultiPoint"",""coordinates"":[]}"
1_1_2_00010000000000000c0e,3045,27771,Cayirli,Turkey,0.08965484595975268,0.8004238777647615,4464.9316458421845,2012,"{""type"":""MultiPoint"",""coordinates"":[]}"
1_1_2_00010000000000000c0f,3045,27772,Ilic,Turkey,0.07593971993776066,0.4198282517138229,2390.17118149328,2012,"{""type"":""MultiPoint"",""coordinates"":[]}"
1_1_2_00010000000000000c10,3045,27773,Kemah,Turkey,0.04509897677534364,0.4243077752843352,1932.4033453039642,2012,"{""type"":""MultiPoint"",""coordinates"":[]}"
1_1_2_00010000000000000c11,3045,27774,Kemaliye,Turkey,0.08525215007609263,0.27805796560027,1373.7542361036274,2012,"{""type"":""MultiPoint"",""coordinates"":[]}"
1_1_2_00010000000000000c12,3045,27775,Merkez,Turkey,0.6169949608153663,4.91482223234967,113133.88241659156,2012,"{""type"":""MultiPoint"",""coordinates"":[]}"
1_1_2_00010000000000000c13,3045,27776,Otlukbeli,Turkey,0.06991965176436654,0.4339473326871789,783.4262032859137,2012,"{""type"":""MultiPoint"",""coordinates"":[]}"
1_1_2_00010000000000000c14,3045,27777,Refahiye,Turkey,0.13946435628051856,0.6657397056117309,4488.549549584111,2012,"{""type"":""MultiPoint"",""coordinates"":[]}"
1_1_2_00010000000000000c15,3045,27778,Tercan,Turkey,0.08940682300516613,0.9592837042446902,9260.674038577352,2012,"{""type"":""MultiPoint"",""coordinates"":[]}"
1_1_2_00010000000000000c16,3045,27779,Uzumlu,Turkey,0.26640687422998266,0.7664057412882426,7122.148754203826,2012,"{""type"":""MultiPoint"",""coordinates"":[]}"
1_1_2_00010000000000000c17,3046,27780,Askale,Turkey,0.17605451131981192,1.5779048715108759,13180.938186242605,2012,"{""type"":""MultiPoint"",""coordinates"":[]}"
1_1_2_00010000000000000c18,3046,27781,Cat,Turkey,0.2182921201686451,1.1509408878711849,6913.220642635986,2012,"{""type"":""MultiPoint"",""coordinates"":[]}"
1_1_2_00010000000000000c19,3046,27782,Hinis,Turkey,0.1795778601561164,1.7502478307302156,13838.78576337422,2012,"{""type"":""MultiPoint"",""coordinates"":[]}"
1_1_2_00010000000000000c1a,3046,27783,Horasan,Turkey,0.12685810622463972,2.393693204832791,23418.0971404323,2012,"{""type"":""MultiPoint"",""coordinates"":[]}"
1_1_2_00010000000000000c1b,3046,27784,Ilica,Turkey,0.1800171014924272,2.1212124256915463,21119.092404134422,2012,"{""type"":""MultiPoint"",""coordinates"":[]}"
1_1_2_00010000000000000c1c,3046,27785,Ispir,Turkey,0.027396655731279373,0.5249473163197396,7004.513332953095,2012,"{""type"":""MultiPoint"",""coordinates"":[]}"
1_1_2_00010000000000000c1d,3046,27786,Karacoban,Turkey,0.6565450103563955,2.0153630604443546,14497.204867141532,2012,"{""type"":""MultiPoint"",""coordinates"":[]}"
1_1_2_00010000000000000c1e,3046,27787,Karayazi,Turkey,0.09145732105640218,0.8230718039757108,10510.236353320543,2012,"{""type"":""MultiPoint"",""coordinates"":[]}"
1_1_2_00010000000000000c1f,3046,27788,Koprukoy,Turkey,0.277592390288347,1.8051467034752702,9609.78948459631,2012,"{""type"":""MultiPoint"",""coordinates"":[]}"
1_1_2_00010000000000000c20,3046,27789,Merkez,Turkey,1.236519494426128,7.677671109499171,173924.4778802086,2012,"{""type"":""MultiPoint"",""coordinates"":[]}"
1_1_2_00010000000000000c21,3046,27790,Narman,Turkey,0.17712450819237985,1.179942111274776,7697.740114416511,2012,"{""type"":""MultiPoint"",""coordinates"":[]}"
1_1_2_00010000000000000c22,3046,27791,Oltu,Turkey,0.058719137223918694,1.8094591056361093,19664.38473163457,2012,"{""type"":""MultiPoint"",""coordinates"":[]}"
1_1_2_00010000000000000c23,3046,27792,Olur,Turkey,0.04368205205951626,0.32472495708335536,3992.3235806009316,2012,"{""type"":""MultiPoint"",""coordinates"":[]}"
1_1_2_00010000000000000c24,3046,27793,Pasinler,Turkey,0.1828899537316684,2.3126215728677386,16987.273954109223,2012,"{""type"":""MultiPoint"",""coordinates"":[]}"
1_1_2_00010000000000000c25,3046,27794,Pazaryolu,Turkey,0.1013001529472257,0.2930279408483401,1885.112435355929,2012,"{""type"":""MultiPoint"",""coordinates"":[]}"
1_1_2_00010000000000000c26,3046,27795,Senkaya,Turkey,0.08881317770553808,0.6169094155822781,9754.074299339694,2012,"{""type"":""MultiPoint"",""coordinates"":[]}"
1_1_2_00010000000000000c27,3046,27796,Tekman,Turkey,0.18047046426442373,1.1778150570799835,9589.585708355618,2012,"{""type"":""MultiPoint"",""coordinates"":[]}"
1_1_2_00010000000000000c28,3046,27797,Tortum,Turkey,0.1406935051972473,0.7362346708397389,10278.677410637978,2012,"{""type"":""MultiPoint"",""coordinates"":[]}"
1_1_2_00010000000000000c29,3046,27798,Uzundere,Turkey,0.10904461629951442,0.7371448682392645,6334.771451496317,2012,"{""type"":""MultiPoint"",""coordinates"":[]}"
1_1_2_00010000000000000c2a,3049,27821,Alucra,Turkey,0.07713599917098496,0.42876595757658675,3715.7218327931255,2012,"{""type"":""MultiPoint"",""coordinates"":[]}"
1_1_2_00010000000000000c2b,3049,27822,Bulancak,Turkey,0.37223774745975396,2.7849989224153915,26281.060173814658,2012,"{""type"":""MultiPoint"",""coordinates"":[]}"
1_1_2_00010000000000000c2c,3049,27823,Camoluk,Turkey,0.10120647777569963,0.380721451232411,3074.5382045469373,2012,"{""type"":""MultiPoint"",""coordinates"":[]}"
1_1_2_00010000000000000c2d,3049,27824,Canakci,Turkey,0.3408238785290783,1.1281783624813464,6448.165659865475,2012,"{""type"":""MultiPoint"",""coordinates"":[]}"
1_1_2_00010000000000000c2e,3049,27825,Dereli,Turkey,0.21890187116309753,1.3487687367863244,14103.885050759756,2012,"{""type"":""MultiPoint"",""coordinates"":[]}"
1_1_2_00010000000000000c2f,3049,27826,Dogankent,Turkey,0.590637871911204,1.3519864350731914,5836.299581087189,2012,"{""type"":""MultiPoint"",""coordinates"":[]}"
1_1_2_00010000000000000c30,3049,27827,Espiye,Turkey,0.6070105747575885,2.6902415356751934,24098.126873522277,2012,"{""type"":""MultiPoint"",""coordinates"":[]}"
1_1_2_00010000000000000c31,3049,27828,Eynesil,Turkey,1.4073533073730045,1.5549513849102137,9673.16076998652,2012,"{""type"":""MultiPoint"",""coordinates"":[]}"
1_1_2_00010000000000000c32,3049,27829,Gorele,Turkey,0.6177979372896337,3.308869665615585,16824.300449916955,2012,"{""type"":""MultiPoint"",""coordinates"":[]}"
1_1_2_00010000000000000c33,3049,27830,Guce,Turkey,0.2956156220949412,0.8100431671286868,5922.017382342985,2012,"{""type"":""MultiPoint"",""coordinates"":[]}"
1_1_2_00010000000000000c34,3049,27831,Kesap,Turkey,0.3439763983042294,1.008722407204342,10222.584284371618,2012,"{""type"":""MultiPoint"",""coordinates"":[]}"
1_1_2_00010000000000000c35,3049,27832,Merkez,Turkey,1.7390558815003905,9.475882616454333,99009.38331980874,2012,"{""type"":""MultiPoint"",""coordinates"":[]}"
1_1_2_00010000000000000c36,3049,27833,Piraziz,Turkey,0.4036022783468178,1.1725309913192532,6247.723485622235,2012,"{""type"":""MultiPoint"",""coordinates"":[]}"
1_1_2_00010000000000000c37,3049,27834,S.karahisar,Turkey,0.05365839589598222,0.6983416658448507,10528.975991878233,2012,"{""type"":""MultiPoint"",""coordinates"":[]}"
1_1_2_00010000000000000c38,3049,27835,Tirebolu,Turkey,0.46765963818551304,1.5582492193158575,17341.492191802525,2012,"{""type"":""MultiPoint"",""coordinates"":[]}"
1_1_2_00010000000000000c39,3049,27836,Yaglidere,Turkey,0.4049507601215128,1.1826107567857853,11951.965866317503,2012,"{""type"":""MultiPoint"",""coordinates"":[]}"
1_1_2_00010000000000000c3a,3050,27837,Kelkit,Turkey,0.11959947308639439,2.1145789592161854,20660.25189722807,2012,"{""type"":""MultiPoint"",""coordinates"":[]}"
1_1_2_00010000000000000c3b,3050,27838,Kose,Turkey,0.16478643367687862,0.5956578344804264,2304.3224350876044,2012,"{""type"":""MultiPoint"",""coordinates"":[]}"
1_1_2_00010000000000000c3c,3050,27839,Kurtun,Turkey,0.15445116191487943,1.0573223949929489,7493.8776806258165,2012,"{""type"":""MultiPoint"",""coordinates"":[]}"
1_1_2_00010000000000000c3d,3050,27840,Merkez,Turkey,0.05854962745813684,1.483268650726881,22237.664415640284,2012,"{""type"":""MultiPoint"",""coordinates"":[]}"
1_1_2_00010000000000000c3e,3050,27841,Siran,Turkey,0.17425759722104608,1.0456002344351005,9256.198161627206,2012,"{""type"":""MultiPoint"",""coordinates"":[]}"
1_1_2_00010000000000000c3f,3050,27842,Torul,Turkey,0.09083360658353692,0.877228838056924,6566.596825001477,2012,"{""type"":""MultiPoint"",""coordinates"":[]}"
1_1_2_00010000000000000c40,3051,27843,Cukurca,Turkey,0.2815778576840193,1.420560361766888,7502.986072160428,2012,"{""type"":""MultiPoint"",""coordinates"":[]}"
1_1_2_00010000000000000c41,3051,27844,Merkez,Turkey,0.3495114468093709,5.294473402801291,49788.11811544032,2012,"{""type"":""MultiPoint"",""coordinates"":[]}"
1_1_2_00010000000000000c42,3051,27845,Semdinli,Turkey,0.3420378440410224,1.9567233862227644,18710.157302393724,2012,"{""type"":""MultiPoint"",""coordinates"":[]}"
1_1_2_00010000000000000c43,3051,27846,Yuksekova,Turkey,0.7208374847339215,4.421145103845,60618.60775160261,2012,"{""type"":""MultiPoint"",""coordinates"":[]}"
1_1_2_00010000000000000c44,3054,27869,Aralik,Turkey,0.30658367183747925,1.3810925452651204,9815.143956469117,2012,"{""type"":""MultiPoint"",""coordinates"":[]}"
1_1_2_00010000000000000c45,3054,27870,Karakoyunlu,Turkey,1.437494866121734,3.385945377696077,9309.643596018577,2012,"{""type"":""MultiPoint"",""coordinates"":[]}"
1_1_2_00010000000000000c46,3054,27871,Merkez,Turkey,0.7274999849117687,5.753584388965133,89354.40590828701,2012,"{""type"":""MultiPoint"",""coordinates"":[]}"
1_1_2_00010000000000000c47,3054,27872,Tuzluca,Turkey,0.17805891279762903,1.6006346663904083,13044.141838010313,2012,"{""type"":""MultiPoint"",""coordinates"":[]}"
1_1_2_00010000000000000c48,3059,27959,Eflani,Turkey,0.10968780989623467,0.5170085701779867,6406.375469209853,2012,"{""type"":""MultiPoint"",""coordinates"":[]}"
1_1_2_00010000000000000c49,3059,27960,Eskipazar,Turkey,0.09069715744141015,0.6614020102525477,9494.74641987957,2012,"{""type"":""MultiPoint"",""coordinates"":[]}"
1_1_2_00010000000000000c4a,3059,27961,Merkez,Turkey,0.1755745107208181,7.861226199902082,111121.92039927383,2012,"{""type"":""MultiPoint"",""coordinates"":[]}"
1_1_2_00010000000000000c4b,3059,27962,Ovacik,Turkey,0.0351560654593557,0.11394605970711147,1722.5605493713497,2012,"{""type"":""MultiPoint"",""coordinates"":[]}"
1_1_2_00010000000000000c4c,3059,27963,Safranbolu,Turkey,0.17558948107042732,2.1311393284252733,30553.157244477483,2012,"{""type"":""MultiPoint"",""coordinates"":[]}"
1_1_2_00010000000000000c4d,3059,27964,Yenice,Turkey,0.3083733299970294,1.888501578932462,21369.15876654476,2012,"{""type"":""MultiPoint"",""coordinates"":[]}"
1_1_2_00010000000000000c4e,3061,27971,Akyaka,Turkey,0.5315695303435495,1.2544769204346318,9118.154598317675,2012,"{""type"":""MultiPoint"",""coordinates"":[]}"
1_1_2_00010000000000000c4f,3061,27972,Arpacay,Turkey,0.3085043032330231,1.2592710509774327,10149.781677878354,2012,"{""type"":""MultiPoint"",""coordinates"":[]}"
1_1_2_00010000000000000c50,3061,27973,Digor,Turkey,0.17585246642942648,1.6603242091086994,11113.711471958877,2012,"{""type"":""MultiPoint"",""coordinates"":[]}"
1_1_2_00010000000000000c51,3061,27974,Kagizman,Turkey,0.10341725239698533,1.9719290967636836,25848.311934643683,2012,"{""type"":""MultiPoint"",""coordinates"":[]}"
1_1_2_00010000000000000c52,3061,27975,Merkez,Turkey,0.36202107204865147,4.079329995449049,69697.47588211996,2012,"{""type"":""MultiPoint"",""coordinates"":[]}"
1_1_2_00010000000000000c53,3061,27976,Sarikamis,Turkey,0.10903300912692472,2.164962666510777,23813.17610696627,2012,"{""type"":""MultiPoint"",""coordinates"":[]}"
1_1_2_00010000000000000c54,3061,27977,Selim,Turkey,0.18051525911935332,2.0670505271399264,13623.363159781286,2012,"{""type"":""MultiPoint"",""coordinates"":[]}"
1_1_2_00010000000000000c55,3061,27978,Susuz,Turkey,0.20228427794770362,0.48475779589698265,5808.505341387512,2012,"{""type"":""MultiPoint"",""coordinates"":[]}"
1_1_2_00010000000000000c56,3062,27979,Abana,Turkey,0.17003625980489498,0.6368633021536814,1873.8733251952954,2012,"{""type"":""MultiPoint"",""coordinates"":[]}"
1_1_2_00010000000000000c57,3062,27980,Agli,Turkey,0.07603094134976526,0.34439877754764203,2508.994649821426,2012,"{""type"":""MultiPoint"",""coordinates"":[]}"
1_1_2_00010000000000000c58,3062,27981,Arac,Turkey,0.03355651745578975,0.4548110170605207,8832.319013821045,2012,"{""type"":""MultiPoint"",""coordinates"":[]}"
1_1_2_00010000000000000c59,3062,27982,Azdavay,Turkey,0.0414009821626049,0.38320703754279856,3545.0658162187337,2012,"{""type"":""MultiPoint"",""coordinates"":[]}"
1_1_2_00010000000000000c5a,3062,27983,Bozkurt,Turkey,0.17174410501008544,0.4809014642543251,4675.608088105952,2012,"{""type"":""MultiPoint"",""coordinates"":[]}"
1_1_2_00010000000000000c5b,3062,27984,Catalzeytin,Turkey,0.08979499992823106,0.6258497663649603,3357.462550423915,2012,"{""type"":""MultiPoint"",""coordinates"":[]}"
1_1_2_00010000000000000c5c,3062,27985,Cide,Turkey,0.15196046009174116,0.8497165498940714,12787.683207524859,2012,"{""type"":""MultiPoint"",""coordinates"":[]}"
1_1_2_00010000000000000c5d,3062,27986,Daday,Turkey,0.03120473073089543,0.47570684066754226,4502.8726419659115,2012,"{""type"":""MultiPoint"",""coordinates"":[]}"
1_1_2_00010000000000000c5e,3062,27987,Devrekani,Turkey,0.08989018351182067,0.6567821288126644,9105.753320711196,2012,"{""type"":""MultiPoint"",""coordinates"":[]}"
1_1_2_00010000000000000c5f,3062,27988,Doganyurt,Turkey,0.1380208764774781,0.34404412403056694,2800.7362251637683,2012,"{""type"":""MultiPoint"",""coordinates"":[]}"
1_1_2_00010000000000000c60,3062,27989,Hanonu,Turkey,0.04416669449365044,0.32395535484360005,3508.719108746223,2012,"{""type"":""MultiPoint"",""coordinates"":[]}"
1_1_2_00010000000000000c61,3062,27990,Ihsangazi,Turkey,0.09146647693637701,0.5411152108835454,3669.204988445058,2012,"{""type"":""MultiPoint"",""coordinates"":[]}"
1_1_2_00010000000000000c62,3062,27991,Inebolu,Turkey,0.13617844191535272,2.448033320115332,18019.91003902762,2012,"{""type"":""MultiPoint"",""coordinates"":[]}"
1_1_2_00010000000000000c63,3062,27992,Kure,Turkey,0.03594559798297792,0.8447887580057019,3352.1097945561673,2012,"{""type"":""MultiPoint"",""coordinates"":[]}"
1_1_2_00010000000000000c64,3062,27993,Merkez,Turkey,0.11050009624892004,3.319093257301892,97709.00174781572,2012,"{""type"":""MultiPoint"",""coordinates"":[]}"
1_1_2_00010000000000000c65,3062,27994,Pinarbasi,Turkey,0.04353773922213402,0.33570746618746605,2328.179755110798,2012,"{""type"":""MultiPoint"",""coordinates"":[]}"
1_1_2_00010000000000000c66,3062,27995,Senpazar,Turkey,0.10820353407530879,0.5381344334520552,3221.914542809107,2012,"{""type"":""MultiPoint"",""coordinates"":[]}"
1_1_2_00010000000000000c67,3062,27996,Seydiler,Turkey,0.07697817069298854,0.5240221487173704,2653.4565185411893,2012,"{""type"":""MultiPoint"",""coordinates"":[]}"
1_1_2_00010000000000000c68,3062,27997,Taskopru,Turkey,0.060140761451789156,1.4035251297367513,23994.320002439523,2012,"{""type"":""MultiPoint"",""coordinates"":[]}"
1_1_2_00010000000000000c69,3062,27998,Tosya,Turkey,0.11216607772090048,2.1747894317129015,29321.407548036554,2012,"{""type"":""MultiPoint"",""coordinates"":[]}"
1_1_2_00010000000000000c6a,3065,28020,Baliseyh,Turkey,0.04333320451436171,0.27595639125827465,1847.726466969315,2012,"{""type"":""MultiPoint"",""coordinates"":[]}"
1_1_2_00010000000000000c6b,3065,28022,Delice,Turkey,0.07642348965460603,0.5251909807465979,4050.795227141021,2012,"{""type"":""MultiPoint"",""coordinates"":[]}"
1_1_2_00010000000000000c6c,3065,28026,Sulakyurt,Turkey,0.02769072343567892,0.5279566288669731,4025.0006428505094,2012,"{""type"":""MultiPoint"",""coordinates"":[]}"
1_1_2_00010000000000000c6d,3066,28029,Demirkoy,Turkey,0.03349751056750689,0.4966181916509247,4017.9285754019647,2012,"{""type"":""MultiPoint"",""coordinates"":[]}"
1_1_2_00010000000000000c6e,3066,28030,Kofcaz,Turkey,0.01878975569112299,0.2800907513690667,2191.575152845524,2012,"{""type"":""MultiPoint"",""coordinates"":[]}"
1_1_2_00010000000000000c6f,3068,28045,Kandira,Turkey,0.30810694796227955,1.5052970824827134,41878.68142749302,2012,"{""type"":""MultiPoint"",""coordinates"":[]}"
1_1_2_00010000000000000c70,3071,28094,Arapkir,Turkey,0.09001518002250569,0.9141511887811721,5011.202733806009,2012,"{""type"":""MultiPoint"",""coordinates"":[]}"
1_1_2_00010000000000000c71,3071,28095,Arguvan,Turkey,0.10734731278928207,0.5633201796512335,2653.889005819894,2012,"{""type"":""MultiPoint"",""coordinates"":[]}"
1_1_2_00010000000000000c72,3071,28096,Battalgazi,Turkey,0.5584469721912614,2.2040378599808976,20069.240138642504,2012,"{""type"":""MultiPoint"",""coordinates"":[]}"
1_1_2_00010000000000000c73,3071,28099,Doganyol,Turkey,0.1088977473745134,0.41608573176325414,2772.0286625521385,2012,"{""type"":""MultiPoint"",""coordinates"":[]}"
1_1_2_00010000000000000c74,3071,28100,Hekimhan,Turkey,0.06856233942553494,1.0776382210599824,9147.729446638386,2012,"{""type"":""MultiPoint"",""coordinates"":[]}"
1_1_2_00010000000000000c75,3071,28101,Kale,Turkey,0.14006736014246265,0.9572936037417552,7056.422532999762,2012,"{""type"":""MultiPoint"",""coordinates"":[]}"
1_1_2_00010000000000000c76,3071,28102,Kuluncak,Turkey,0.109455727403174,0.6119283661457504,3714.005073999811,2012,"{""type"":""MultiPoint"",""coordinates"":[]}"
1_1_2_00010000000000000c77,3071,28103,Merkez,Turkey,1.3509664607294782,14.18479525983819,346658.9764246183,2012,"{""type"":""MultiPoint"",""coordinates"":[]}"
1_1_2_00010000000000000c78,3071,28104,Poturge,Turkey,0.09672225620595488,0.8116552419739139,9739.725270826984,2012,"{""type"":""MultiPoint"",""coordinates"":[]}"
1_1_2_00010000000000000c79,3071,28105,Yazihan,Turkey,0.21702946917157206,0.7456753168229932,8231.961020036444,2012,"{""type"":""MultiPoint"",""coordinates"":[]}"
1_1_2_00010000000000000c7a,3073,28123,Dargecit,Turkey,0.27973891004908297,1.5179079590691096,17298.23411688378,2012,"{""type"":""MultiPoint"",""coordinates"":[]}"
1_1_2_00010000000000000c7b,3073,28126,Mazidagi,Turkey,0.30355114432125935,1.424776352493035,16576.887059798355,2012,"{""type"":""MultiPoint"",""coordinates"":[]}"
1_1_2_00010000000000000c7c,3073,28128,Midyat,Turkey,0.6151008987580115,5.6186078708436975,68552.81163414882,2012,"{""type"":""MultiPoint"",""coordinates"":[]}"
1_1_2_00010000000000000c7d,3073,28129,Nusaybin,Turkey,1.1164086879327315,5.522443573364011,83267.76354285658,2012,"{""type"":""MultiPoint"",""coordinates"":[]}"
1_1_2_00010000000000000c7e,3073,28130,Omerli,Turkey,0.3653165228303285,4.38125623034669,15859.514173597248,2012,"{""type"":""MultiPoint"",""coordinates"":[]}"
1_1_2_00010000000000000c7f,3073,28131,Savur,Turkey,0.21681164447027507,1.0086166274710529,11497.805167683231,2012,"{""type"":""MultiPoint"",""coordinates"":[]}"
1_1_2_00010000000000000c80,3073,28132,Yesilli,Turkey,0.6783756014371463,4.191464174254674,19883.103693220895,2012,"{""type"":""MultiPoint"",""coordinates"":[]}"
1_1_2_00010000000000000c81,3075,28145,Bulanik,Turkey,0.3560937153154258,3.393171983030985,41921.03844634203,2012,"{""type"":""MultiPoint"",""coordinates"":[]}"
1_1_2_00010000000000000c82,3075,28146,Haskoy,Turkey,1.120134426702426,2.877651324314587,17494.437440251433,2012,"{""type"":""MultiPoint"",""coordinates"":[]}"
1_1_2_00010000000000000c83,3075,28147,Korkut,Turkey,0.5620726506300033,2.074084469706106,14547.493888668949,2012,"{""type"":""MultiPoint"",""coordinates"":[]}"
1_1_2_00010000000000000c84,3075,28148,Malazgirt,Turkey,0.35283568002026544,2.237944865084714,28103.49178595435,2012,"{""type"":""MultiPoint"",""coordinates"":[]}"
1_1_2_00010000000000000c85,3075,28149,Merkez,Turkey,0.35508483336152696,4.704118461460516,97506.52832244283,2012,"{""type"":""MultiPoint"",""coordinates"":[]}"
1_1_2_00010000000000000c86,3075,28150,Varto,Turkey,0.18334485585847493,1.3328199183982445,15284.014383528454,2012,"{""type"":""MultiPoint"",""coordinates"":[]}"
1_1_2_00010000000000000c87,3078,28165,Akkus,Turkey,0.13676021407789224,1.8501119432852855,11641.168938820963,2012,"{""type"":""MultiPoint"",""coordinates"":[]}"
1_1_2_00010000000000000c88,3078,28166,Aybasti,Turkey,0.31125780670945435,1.3721243344143859,14424.482577442588,2012,"{""type"":""MultiPoint"",""coordinates"":[]}"
1_1_2_00010000000000000c89,3078,28167,Camas,Turkey,0.8421002057793472,1.7534944011806146,10739.634838035996,2012,"{""type"":""MultiPoint"",""coordinates"":[]}"
1_1_2_00010000000000000c8a,3078,28168,Catalpinar,Turkey,1.1877638937811899,4.115442639072464,14272.584773386521,2012,"{""type"":""MultiPoint"",""coordinates"":[]}"
1_1_2_00010000000000000c8b,3078,28169,Caybasi,Turkey,0.4680653671668205,1.574215624001889,5833.400781645026,2012,"{""type"":""MultiPoint"",""coordinates"":[]}"
1_1_2_00010000000000000c8c,3078,28170,Fatsa,Turkey,0.7296507504253326,5.494702064281434,72398.64225276103,2012,"{""type"":""MultiPoint"",""coordinates"":[]}"
1_1_2_00010000000000000c8d,3078,28171,Golkoy,Turkey,0.5609015465050802,2.4748978281645266,20161.116784875652,2012,"{""type"":""MultiPoint"",""coordinates"":[]}"
1_1_2_00010000000000000c8e,3078,28172,Gulyali,Turkey,0.5313076641947795,1.871149558130805,4838.693084951417,2012,"{""type"":""MultiPoint"",""coordinates"":[]}"
1_1_2_00010000000000000c8f,3078,28173,Gurgentepe,Turkey,0.4373911863707016,1.9140759219760963,9548.685664730205,2012,"{""type"":""MultiPoint"",""coordinates"":[]}"
1_1_2_00010000000000000c90,3078,28174,Ikizce,Turkey,0.6905702803543996,2.3662414693681226,8386.300038606634,2012,"{""type"":""MultiPoint"",""coordinates"":[]}"
1_1_2_00010000000000000c91,3078,28175,Kabaduz,Turkey,0.39036856777816636,1.1066940234956528,7319.523959928768,2012,"{""type"":""MultiPoint"",""coordinates"":[]}"
1_1_2_00010000000000000c92,3078,28176,Kabatas,Turkey,1.030366208192886,2.029719701837455,10246.138808279236,2012,"{""type"":""MultiPoint"",""coordinates"":[]}"
1_1_2_00010000000000000c93,3078,28177,Korgan,Turkey,0.6269948623229765,2.38927980872567,19136.87580203838,2012,"{""type"":""MultiPoint"",""coordinates"":[]}"
1_1_2_00010000000000000c94,3078,28178,Kumru,Turkey,0.34330254810789496,1.2445062475410227,15204.897283540406,2012,"{""type"":""MultiPoint"",""coordinates"":[]}"
1_1_2_00010000000000000c95,3078,28179,Merkez,Turkey,1.2392735113435454,11.465809167683487,152896.12672978747,2012,"{""type"":""MultiPoint"",""coordinates"":[]}"
1_1_2_00010000000000000c96,3078,28180,Mesudiye,Turkey,0.09016281546839247,0.4731410875210731,5588.800162325795,2012,"{""type"":""MultiPoint"",""coordinates"":[]}"
1_1_2_00010000000000000c97,3078,28181,Persembe,Turkey,0.5937492151819507,1.5072599149926524,15079.872425921258,2012,"{""type"":""MultiPoint"",""coordinates"":[]}"
1_1_2_00010000000000000c98,3078,28182,Ulubey,Turkey,0.45352547511832075,0.6715605274330424,9722.290814702716,2012,"{""type"":""MultiPoint"",""coordinates"":[]}"
1_1_2_00010000000000000c99,3078,28183,Unye,Turkey,0.6146735376681006,4.481208957013055,71428.32085520793,2012,"{""type"":""MultiPoint"",""coordinates"":[]}"
1_1_2_00010000000000000c9a,3080,28191,Ardesen,Turkey,0.35069981937781153,3.9197223189153916,18650.676463789,2012,"{""type"":""MultiPoint"",""coordinates"":[]}"
1_1_2_00010000000000000c9b,3080,28192,Camlihemsin,Turkey,0.07578145207848387,0.678134704016676,3218.1044661374,2012,"{""type"":""MultiPoint"",""coordinates"":[]}"
1_1_2_00010000000000000c9c,3080,28193,Cayeli,Turkey,0.863709929488032,3.6217842053994582,23181.5382711139,2012,"{""type"":""MultiPoint"",""coordinates"":[]}"
1_1_2_00010000000000000c9d,3080,28194,Derepazari,Turkey,1.8923312007238309,1.6628688136084908,2651.800226303117,2012,"{""type"":""MultiPoint"",""coordinates"":[]}"
1_1_2_00010000000000000c9e,3080,28195,Findikli,Turkey,0.5909957023274823,1.8328389093590145,10441.373258312773,2012,"{""type"":""MultiPoint"",""coordinates"":[]}"
1_1_2_00010000000000000c9f,3080,28196,Guneysu,Turkey,0.6940818753062383,2.449240133547315,9221.336109177828,2012,"{""type"":""MultiPoint"",""coordinates"":[]}"
1_1_2_00010000000000000ca0,3080,28197,Hemsin,Turkey,0.6938395798206329,0.7357097542884234,407.3437733221799,2012,"{""type"":""MultiPoint"",""coordinates"":[]}"
1_1_2_00010000000000000ca1,3080,28198,Ikizdere,Turkey,0.039113677227971065,0.35971004701450665,1780.935001223768,2012,"{""type"":""MultiPoint"",""coordinates"":[]}"
1_1_2_00010000000000000ca2,3080,28199,Iyidere,Turkey,1.530286852184582,1.6384177763969672,5436.873435962432,2012,"{""type"":""MultiPoint"",""coordinates"":[]}"
1_1_2_00010000000000000ca3,3080,28200,Kalkandere,Turkey,0.8407429848019095,1.6991647799206984,5222.310109487324,2012,"{""type"":""MultiPoint"",""coordinates"":[]}"
1_1_2_00010000000000000ca4,3080,28201,Merkez,Turkey,3.2423690615131187,9.744169169576352,104157.63125678248,2012,"{""type"":""MultiPoint"",""coordinates"":[]}"
1_1_2_00010000000000000ca5,3080,28202,Pazar,Turkey,1.8444614950904907,5.405274227945596,18156.942264174126,2012,"{""type"":""MultiPoint"",""coordinates"":[]}"
1_1_2_00010000000000000ca6,3081,28204,Ferizli,Turkey,0.555056686529461,2.418686297848025,18697.849008345143,2012,"{""type"":""MultiPoint"",""coordinates"":[]}"
1_1_2_00010000000000000ca7,3081,28206,Hendek,Turkey,0.876941252349865,3.752384372473666,66021.05710231309,2012,"{""type"":""MultiPoint"",""coordinates"":[]}"
1_1_2_00010000000000000ca8,3081,28208,Karasu,Turkey,0.5611970822002221,2.164451471973012,42639.39525505725,2012,"{""type"":""MultiPoint"",""coordinates"":[]}"
1_1_2_00010000000000000ca9,3081,28209,Kaynarca,Turkey,0.30641258527066195,0.9251874684030424,16429.332309980113,2012,"{""type"":""MultiPoint"",""coordinates"":[]}"
1_1_2_00010000000000000caa,3081,28210,Kocaali,Turkey,0.3399849207264969,1.1449970063352868,17986.737167973497,2012,"{""type"":""MultiPoint"",""coordinates"":[]}"
1_1_2_00010000000000000cab,3081,28214,Sogutlu,Turkey,0.9378929412538577,2.4069965101013744,25281.575522801333,2012,"{""type"":""MultiPoint"",""coordinates"":[]}"
1_1_2_00010000000000000cac,3082,28216,19-mayis,Turkey,0.21561393264247455,1.0322609025450393,13909.616447167175,2012,"{""type"":""MultiPoint"",""coordinates"":[]}"
1_1_2_00010000000000000cad,3082,28217,Alacam,Turkey,0.17639732164171928,1.613354735165005,24407.46343508413,2012,"{""type"":""MultiPoint"",""coordinates"":[]}"
1_1_2_00010000000000000cae,3082,28218,Asarcik,Turkey,0.3674794774749167,2.3463101640685537,12753.685359563959,2012,"{""type"":""MultiPoint"",""coordinates"":[]}"
1_1_2_00010000000000000caf,3082,28219,Ayvacik,Turkey,0.306446857551529,1.5710371666383303,15655.8380229791,2012,"{""type"":""MultiPoint"",""coordinates"":[]}"
1_1_2_00010000000000000cb0,3082,28220,Bafra,Turkey,0.21058987580921254,3.5954795980840615,108732.3100825389,2012,"{""type"":""MultiPoint"",""coordinates"":[]}"
1_1_2_00010000000000000cb1,3082,28221,Carsamba,Turkey,0.6182016955905169,3.4525161081739073,107477.07088099461,2012,"{""type"":""MultiPoint"",""coordinates"":[]}"
1_1_2_00010000000000000cb2,3082,28222,Havza,Turkey,0.12150172898557636,2.1804227455583836,32862.49931946906,2012,"{""type"":""MultiPoint"",""coordinates"":[]}"
1_1_2_00010000000000000cb3,3082,28223,Kavak,Turkey,0.17946710648322511,1.0469104864217287,14476.60172641782,2012,"{""type"":""MultiPoint"",""coordinates"":[]}"
1_1_2_00010000000000000cb4,3082,28224,Ladik,Turkey,0.176503533694324,1.609439783829547,14091.689891990756,2012,"{""type"":""MultiPoint"",""coordinates"":[]}"
1_1_2_00010000000000000cb5,3082,28225,Merkez,Turkey,0.4021730731258403,16.60060076103449,451748.2900062578,2012,"{""type"":""MultiPoint"",""coordinates"":[]}"
1_1_2_00010000000000000cb6,3082,28226,Salipazari,Turkey,0.30061954561651066,1.5048612246663782,9993.843361832694,2012,"{""type"":""MultiPoint"",""coordinates"":[]}"
1_1_2_00010000000000000cb7,3082,28227,Tekkekoy,Turkey,0.3501514740050917,4.59483163409848,58696.932082021856,2012,"{""type"":""MultiPoint"",""coordinates"":[]}"
1_1_2_00010000000000000cb8,3082,28228,Terme,Turkey,0.6169165240809618,2.698709971242689,55817.64098118723,2012,"{""type"":""MultiPoint"",""coordinates"":[]}"
1_1_2_00010000000000000cb9,3082,28229,Vezirkopru,Turkey,0.30665712809533396,1.7465858219130086,63873.86240349818,2012,"{""type"":""MultiPoint"",""coordinates"":[]}"
1_1_2_00010000000000000cba,3082,28230,Yakakent,Turkey,0.03130607435914633,1.7874994233707173,4580.876919308066,2012,"{""type"":""MultiPoint"",""coordinates"":[]}"
1_1_2_00010000000000000cbb,3084,28242,Aydinlar,Turkey,0.949037054726369,4.540068571723551,10056.110613917803,2012,"{""type"":""MultiPoint"",""coordinates"":[]}"
1_1_2_00010000000000000cbc,3084,28243,Baykan,Turkey,0.3110077051594941,1.8122709295418373,16376.800554553434,2012,"{""type"":""MultiPoint"",""coordinates"":[]}"
1_1_2_00010000000000000cbd,3084,28244,Eruh,Turkey,0.1513143638810088,0.9652922392996918,7628.485180313534,2012,"{""type"":""MultiPoint"",""coordinates"":[]}"
1_1_2_00010000000000000cbe,3084,28245,Kurtalan,Turkey,0.3548921428677317,2.6250469700457426,35180.71041652423,2012,"{""type"":""MultiPoint"",""coordinates"":[]}"
1_1_2_00010000000000000cbf,3084,28246,Merkez,Turkey,1.2286627987581853,11.501032298703684,105145.05333982864,2012,"{""type"":""MultiPoint"",""coordinates"":[]}"
1_1_2_00010000000000000cc0,3084,28247,Pervari,Turkey,0.13317510396934215,2.4460073260532598,10350.97742440458,2012,"{""type"":""MultiPoint"",""coordinates"":[]}"
1_1_2_00010000000000000cc1,3084,28248,Sirvan,Turkey,0.3071391114810038,1.4665575759684608,10917.914320706883,2012,"{""type"":""MultiPoint"",""coordinates"":[]}"
1_1_2_00010000000000000cc2,3085,28249,Ayancik,Turkey,0.17666344863660458,1.0818974713685725,13936.95412265599,2012,"{""type"":""MultiPoint"",""coordinates"":[]}"
1_1_2_00010000000000000cc3,3085,28250,Boyabat,Turkey,0.060377074074121004,1.45781811069555,27672.899698846577,2012,"{""type"":""MultiPoint"",""coordinates"":[]}"
1_1_2_00010000000000000cc4,3085,28251,Dikmen,Turkey,0.06943883486615582,0.37551571980350296,4144.262272585698,2012,"{""type"":""MultiPoint"",""coordinates"":[]}"
1_1_2_00010000000000000cc5,3085,28252,Duragan,Turkey,0.04952804781279893,0.9278659020430408,12281.752573253227,2012,"{""type"":""MultiPoint"",""coordinates"":[]}"
1_1_2_00010000000000000cc6,3085,28253,Erfelek,Turkey,0.15148958563133086,0.7602421899081548,8463.27430781294,2012,"{""type"":""MultiPoint"",""coordinates"":[]}"
1_1_2_00010000000000000cc7,3085,28254,Gerze,Turkey,0.18084922846013657,1.450513657202243,13151.79327263244,2012,"{""type"":""MultiPoint"",""coordinates"":[]}"
1_1_2_00010000000000000cc8,3085,28255,Merkez,Turkey,0.35940380109409337,2.5178224595210628,43707.95107381259,2012,"{""type"":""MultiPoint"",""coordinates"":[]}"
1_1_2_00010000000000000cc9,3085,28256,Sarayduzu,Turkey,0.10786960326028988,0.37716608014212344,3406.835000376856,2012,"{""type"":""MultiPoint"",""coordinates"":[]}"
1_1_2_00010000000000000cca,3085,28257,Turkeli,Turkey,0.17373373682948848,1.4763957975187707,10296.313747641663,2012,"{""type"":""MultiPoint"",""coordinates"":[]}"
1_1_2_00010000000000000ccb,3086,28258,Beytussebap,Turkey,0.34060362297178104,1.7907802462464106,4929.076349125985,2012,"{""type"":""MultiPoint"",""coordinates"":[]}"
1_1_2_00010000000000000ccc,3086,28259,Cizre,Turkey,1.2509231566680503,8.598134513685451,57943.81847388361,2012,"{""type"":""MultiPoint"",""coordinates"":[]}"
1_1_2_00010000000000000ccd,3086,28260,Guclukonak,Turkey,0.39095452871218833,1.1477644470308759,7505.020467904359,2012,"{""type"":""MultiPoint"",""coordinates"":[]}"
1_1_2_00010000000000000cce,3086,28261,Idil,Turkey,0.6756794240130138,2.2802586227190815,39147.9224330733,2012,"{""type"":""MultiPoint"",""coordinates"":[]}"
1_1_2_00010000000000000ccf,3086,28262,Merkez,Turkey,0.5600630431607492,4.129864620651871,30727.128285039813,2012,"{""type"":""MultiPoint"",""coordinates"":[]}"
1_1_2_00010000000000000cd0,3086,28263,Silopi,Turkey,2.216761621924734,8.793803652356631,113498.49133676312,2012,"{""type"":""MultiPoint"",""coordinates"":[]}"
1_1_2_00010000000000000cd1,3086,28264,Uludere,Turkey,1.0954658682894414,1.6330862348652109,16866.497748134694,2012,"{""type"":""MultiPoint"",""coordinates"":[]}"
1_1_2_00010000000000000cd2,3087,28265,Akincilar,Turkey,0.14080945672043418,0.5479780533371308,3378.973539332834,2012,"{""type"":""MultiPoint"",""coordinates"":[]}"
1_1_2_00010000000000000cd3,3087,28266,Altinyayla,Turkey,0.34252259449762346,0.9611698363255399,5076.521962645182,2012,"{""type"":""MultiPoint"",""coordinates"":[]}"
1_1_2_00010000000000000cd4,3087,28267,Divrigi,Turkey,0.07684354216847376,0.610580598268475,5957.789355357645,2012,"{""type"":""MultiPoint"",""coordinates"":[]}"
1_1_2_00010000000000000cd5,3087,28268,Dogansar,Turkey,0.07609827581815541,0.44380714464369164,1442.0751302917256,2012,"{""type"":""MultiPoint"",""coordinates"":[]}"
1_1_2_00010000000000000cd6,3087,28269,Gemerek,Turkey,0.1819067289076397,1.5351336160923106,16183.74960238739,2012,"{""type"":""MultiPoint"",""coordinates"":[]}"
1_1_2_00010000000000000cd7,3087,28270,Golova,Turkey,0.08991464622936621,0.2748575753143983,1506.8625928180218,2012,"{""type"":""MultiPoint"",""coordinates"":[]}"
1_1_2_00010000000000000cd8,3087,28272,Hafik,Turkey,0.04421720795004786,0.3496452616835499,2774.9230666176377,2012,"{""type"":""MultiPoint"",""coordinates"":[]}"
1_1_2_00010000000000000cd9,3087,28273,Imranli,Turkey,0.03183189846202523,0.665121113834984,3334.7957259939926,2012,"{""type"":""MultiPoint"",""coordinates"":[]}"
1_1_2_00010000000000000cda,3087,28274,Kangal,Turkey,0.08677301666875196,0.6939453113641171,9438.162305857386,2012,"{""type"":""MultiPoint"",""coordinates"":[]}"
1_1_2_00010000000000000cdb,3087,28275,Koyulhisar,Turkey,0.07666226632744848,0.4033366346185483,6303.451719015986,2012,"{""type"":""MultiPoint"",""coordinates"":[]}"
1_1_2_00010000000000000cdc,3087,28276,Merkez,Turkey,0.7194477945781341,12.354543451562389,264024.5878433176,2012,"{""type"":""MultiPoint"",""coordinates"":[]}"
1_1_2_00010000000000000cdd,3087,28277,Sarkisla,Turkey,0.17969174786913372,1.9530838836784443,21448.835365838586,2012,"{""type"":""MultiPoint"",""coordinates"":[]}"
1_1_2_00010000000000000cde,3087,28278,Susehri,Turkey,0.17612054079749834,1.3078628793723484,15687.94053339452,2012,"{""type"":""MultiPoint"",""coordinates"":[]}"
1_1_2_00010000000000000cdf,3087,28279,Ulas,Turkey,0.15383329448876845,1.0897061792799991,7709.058258573848,2012,"{""type"":""MultiPoint"",""coordinates"":[]}"
1_1_2_00010000000000000ce0,3087,28280,Yildizeli,Turkey,0.18038043720086547,0.9178427074571079,17449.31806929762,2012,"{""type"":""MultiPoint"",""coordinates"":[]}"
1_1_2_00010000000000000ce1,3087,28281,Zara,Turkey,0.05008875499000102,0.939210338304375,8763.694541657555,2012,"{""type"":""MultiPoint"",""coordinates"":[]}"
1_1_2_00010000000000000ce2,3089,28291,Almus,Turkey,0.10971329090270786,1.71096345054058,15729.450949188948,2012,"{""type"":""MultiPoint"",""coordinates"":[]}"
1_1_2_00010000000000000ce3,3089,28292,Artova,Turkey,0.2034300690498672,0.8176762043177732,5581.433595357763,2012,"{""type"":""MultiPoint"",""coordinates"":[]}"
1_1_2_00010000000000000ce4,3089,28293,Basciftlik,Turkey,0.0769095457250169,0.8814466083833778,2307.9745326237858,2012,"{""type"":""MultiPoint"",""coordinates"":[]}"
1_1_2_00010000000000000ce5,3089,28294,Erbaa,Turkey,0.37792369417292876,4.278866177162449,64118.4684178415,2012,"{""type"":""MultiPoint"",""coordinates"":[]}"
1_1_2_00010000000000000ce6,3089,28295,Merkez,Turkey,0.61715789637317,6.009704240517888,146336.482863907,2012,"{""type"":""MultiPoint"",""coordinates"":[]}"
1_1_2_00010000000000000ce7,3089,28296,Niksar,Turkey,0.3765366379712672,2.3351991793002993,44648.284544059396,2012,"{""type"":""MultiPoint"",""coordinates"":[]}"
1_1_2_00010000000000000ce8,3089,28297,Pazar,Turkey,0.6823164073398009,2.2623529915654603,14286.91978142519,2012,"{""type"":""MultiPoint"",""coordinates"":[]}"
1_1_2_00010000000000000ce9,3089,28298,Resadiye,Turkey,0.17701262529645717,0.9714196254837125,20162.4369884525,2012,"{""type"":""MultiPoint"",""coordinates"":[]}"
1_1_2_00010000000000000cea,3089,28299,Sulusaray,Turkey,0.21534640153384083,0.879887593589441,4800.553479105993,2012,"{""type"":""MultiPoint"",""coordinates"":[]}"
1_1_2_00010000000000000ceb,3089,28300,Turhal,Turkey,0.1814576824537257,2.84542440806693,50532.96661436216,2012,"{""type"":""MultiPoint"",""coordinates"":[]}"
1_1_2_00010000000000000cec,3089,28301,Yesilyurt,Turkey,0.4302088893160098,2.236799263522902,6811.336532834726,2012,"{""type"":""MultiPoint"",""coordinates"":[]}"
1_1_2_00010000000000000ced,3089,28302,Zile,Turkey,0.11012393296551906,2.4504830790326375,36289.45745771138,2012,"{""type"":""MultiPoint"",""coordinates"":[]}"
1_1_2_00010000000000000cee,3090,28303,Akcaabat,Turkey,1.6176431965899045,4.99806071617922,98284.13504977808,2012,"{""type"":""MultiPoint"",""coordinates"":[]}"
1_1_2_00010000000000000cef,3090,28304,Arakli,Turkey,0.4363450672980631,2.261815228056712,32393.05645976417,2012,"{""type"":""MultiPoint"",""coordinates"":[]}"
1_1_2_00010000000000000cf0,3090,28305,Arsin,Turkey,0.8088022035313679,2.7265022346260546,19711.41155247106,2012,"{""type"":""MultiPoint"",""coordinates"":[]}"
1_1_2_00010000000000000cf1,3090,28306,Besikduzu,Turkey,0.9371970386164796,3.0367898901345924,13150.387047498542,2012,"{""type"":""MultiPoint"",""coordinates"":[]}"
1_1_2_00010000000000000cf2,3090,28307,Carsibasi,Turkey,1.308263515685273,2.682217348459566,8762.352826517352,2012,"{""type"":""MultiPoint"",""coordinates"":[]}"
1_1_2_00010000000000000cf3,3090,28308,Caykara,Turkey,0.07527248569253281,0.5386839057869623,8779.384216650025,2012,"{""type"":""MultiPoint"",""coordinates"":[]}"
1_1_2_00010000000000000cf4,3090,28309,Dernek-pazari,Turkey,0.19591831351704192,0.4116992142910554,2869.485809251405,2012,"{""type"":""MultiPoint"",""coordinates"":[]}"
1_1_2_00010000000000000cf5,3090,28310,Duzkoy,Turkey,1.1546438485048487,1.7632084113497684,12008.336465463128,2012,"{""type"":""MultiPoint"",""coordinates"":[]}"
1_1_2_00010000000000000cf6,3090,28311,Hayrat,Turkey,0.16960130339839447,0.6911656585932529,4784.401419612967,2012,"{""type"":""MultiPoint"",""coordinates"":[]}"
1_1_2_00010000000000000cf7,3090,28312,Koprubasi,Turkey,0.044520373479442835,0.49257511124923387,2802.4353821308587,2012,"{""type"":""MultiPoint"",""coordinates"":[]}"
1_1_2_00010000000000000cf8,3090,28313,Macka,Turkey,0.21844841335869383,0.9254947471659066,19180.687459505007,2012,"{""type"":""MultiPoint"",""coordinates"":[]}"
1_1_2_00010000000000000cf9,3090,28314,Merkez,Turkey,3.748250567619829,14.852311426291312,223466.96440956858,2012,"{""type"":""MultiPoint"",""coordinates"":[]}"
1_1_2_00010000000000000cfa,3090,28315,Of,Turkey,0.8725060177413994,2.1452027879835858,31278.395474120065,2012,"{""type"":""MultiPoint"",""coordinates"":[]}"
1_1_2_00010000000000000cfb,3090,28316,Salpazari,Turkey,0.5468167793143046,0.9854277046558646,4943.996159163409,2012,"{""type"":""MultiPoint"",""coordinates"":[]}"
1_1_2_00010000000000000cfc,3090,28317,Surmene,Turkey,0.7802834151429453,1.514234291198546,11527.68701049447,2012,"{""type"":""MultiPoint"",""coordinates"":[]}"
1_1_2_00010000000000000cfd,3090,28318,Tonya,Turkey,0.4685682719561715,1.1071779694780668,7804.812057988328,2012,"{""type"":""MultiPoint"",""coordinates"":[]}"
1_1_2_00010000000000000cfe,3090,28319,Vakfikebir,Turkey,0.9334713006734849,2.9263517336754954,14738.21505903239,2012,"{""type"":""MultiPoint"",""coordinates"":[]}"
1_1_2_00010000000000000cff,3090,28320,Yomra,Turkey,0.3537500655367159,2.785196687532295,11422.80963736016,2012,"{""type"":""MultiPoint"",""coordinates"":[]}"
1_1_2_00010000000000000d00,3091,28321,Cemisgezek,Turkey,0.08820890013943142,0.9078041004088961,3270.2299825439336,2012,"{""type"":""MultiPoint"",""coordinates"":[]}"
1_1_2_00010000000000000d01,3091,28322,Hozat,Turkey,0.09015099568116984,0.713201309364278,2447.8347448217482,2012,"{""type"":""MultiPoint"",""coordinates"":[]}"
1_1_2_00010000000000000d02,3091,28323,Mazgirt,Turkey,0.16934001403538795,0.47151375439311377,3762.353681810324,2012,"{""type"":""MultiPoint"",""coordinates"":[]}"
1_1_2_00010000000000000d03,3091,28324,Merkez,Turkey,0.060897334297105345,2.180575031488102,20307.105053544434,2012,"{""type"":""MultiPoint"",""coordinates"":[]}"
1_1_2_00010000000000000d04,3091,28325,Nazimiye,Turkey,0.042682988430690114,0.5281247867278602,1570.789478216218,2012,"{""type"":""MultiPoint"",""coordinates"":[]}"
1_1_2_00010000000000000d05,3091,28326,Ovacik,Turkey,0.016252383045289767,0.351231943050017,1954.9093235391942,2012,"{""type"":""MultiPoint"",""coordinates"":[]}"
1_1_2_00010000000000000d06,3091,28327,Pertek,Turkey,0.08896400582237314,0.6373250497570134,4936.387413980363,2012,"{""type"":""MultiPoint"",""coordinates"":[]}"
1_1_2_00010000000000000d07,3091,28328,Pulumur,Turkey,0.04316337616917326,0.21461065718975578,998.260082489888,2012,"{""type"":""MultiPoint"",""coordinates"":[]}"
1_1_2_00010000000000000d08,3093,28335,Bahcesaray,Turkey,0.3113885843876711,2.583108110743913,5088.118924452496,2012,"{""type"":""MultiPoint"",""coordinates"":[]}"
1_1_2_00010000000000000d09,3093,28336,Baskale,Turkey,0.3574718945659717,2.3032787458533766,25012.112187344006,2012,"{""type"":""MultiPoint"",""coordinates"":[]}"
1_1_2_00010000000000000d0a,3093,28337,Caldiran,Turkey,0.6159465830301614,3.2319767308263945,31813.638538119507,2012,"{""type"":""MultiPoint"",""coordinates"":[]}"
1_1_2_00010000000000000d0b,3093,28338,Catak,Turkey,0.15585071648596693,1.6988256316658048,6827.794161499569,2012,"{""type"":""MultiPoint"",""coordinates"":[]}"
1_1_2_00010000000000000d0c,3093,28339,Edremit,Turkey,0.42292042709474276,0.751529690306564,6999.6287248075605,2012,"{""type"":""MultiPoint"",""coordinates"":[]}"
1_1_2_00010000000000000d0d,3093,28340,Ercis,Turkey,0.6177821177914956,4.7734181881698925,119695.65443047337,2012,"{""type"":""MultiPoint"",""coordinates"":[]}"
1_1_2_00010000000000000d0e,3093,28341,Gevas,Turkey,0.3073265382962795,1.2690065273191364,11249.006062911772,2012,"{""type"":""MultiPoint"",""coordinates"":[]}"
1_1_2_00010000000000000d0f,3093,28342,Gurpinar,Turkey,0.15538468972557143,0.84406962432594,15302.760758781835,2012,"{""type"":""MultiPoint"",""coordinates"":[]}"
1_1_2_00010000000000000d10,3093,28343,Administrative unit not available,Turkey,0.6063670951083742,5.073264629103262,5003.092427847872,2012,"{""type"":""MultiPoint"",""coordinates"":[]}"
1_1_2_00010000000000000d11,3093,28344,Merkez,Turkey,1.40965409386052,15.600298376911049,383377.8267204112,2012,"{""type"":""MultiPoint"",""coordinates"":[]}"
1_1_2_00010000000000000d12,3093,28345,Muradiye,Turkey,0.6188445276756119,3.0936198554947185,30810.008194625072,2012,"{""type"":""MultiPoint"",""coordinates"":[]}"
1_1_2_00010000000000000d13,3093,28346,Ozalp,Turkey,0.35871398277030975,2.5020629911151655,34952.952456249805,2012,"{""type"":""MultiPoint"",""coordinates"":[]}"
1_1_2_00010000000000000d14,3093,28347,Saray,Turkey,0.4295359265649337,2.09633841514858,13162.603539171027,2012,"{""type"":""MultiPoint"",""coordinates"":[]}"
1_1_2_00010000000000000d15,3095,28354,Akdagmadeni,Turkey,0.18198072335126872,1.7942450570345658,36194.88768711135,2012,"{""type"":""MultiPoint"",""coordinates"":[]}"
1_1_2_00010000000000000d16,3095,28355,Aydincik,Turkey,0.07606511688967511,0.8115362983791131,6090.24798956062,2012,"{""type"":""MultiPoint"",""coordinates"":[]}"
1_1_2_00010000000000000d17,3095,28357,Candir,Turkey,0.27695198065560794,1.3013646995923973,3501.818007283483,2012,"{""type"":""MultiPoint"",""coordinates"":[]}"
1_1_2_00010000000000000d18,3095,28358,Cayiralan,Turkey,0.17774622658560724,1.1350167052033613,7868.503869523612,2012,"{""type"":""MultiPoint"",""coordinates"":[]}"
1_1_2_00010000000000000d19,3095,28359,Cekerek,Turkey,0.1757103950829673,1.8766187453835308,15920.254610445767,2012,"{""type"":""MultiPoint"",""coordinates"":[]}"
1_1_2_00010000000000000d1a,3095,28360,Kadisehri,Turkey,0.172296202455119,0.6717089031322362,7250.499899250485,2012,"{""type"":""MultiPoint"",""coordinates"":[]}"
1_1_2_00010000000000000d1b,3095,28361,Merkez,Turkey,0.12197721182722294,3.2225713067926294,58225.30985852253,2012,"{""type"":""MultiPoint"",""coordinates"":[]}"
1_1_2_00010000000000000d1c,3095,28362,Saraykent,Turkey,0.2755272771075609,1.1838496769114704,4465.115236964224,2012,"{""type"":""MultiPoint"",""coordinates"":[]}"
1_1_2_00010000000000000d1d,3095,28363,Sarikaya,Turkey,0.31066916371957826,1.7234722807152452,22771.03816640425,2012,"{""type"":""MultiPoint"",""coordinates"":[]}"
1_1_2_00010000000000000d1e,3095,28365,Sorgun,Turkey,0.3518859401948442,2.959625689903486,54473.5394949731,2012,"{""type"":""MultiPoint"",""coordinates"":[]}"
1_1_2_00010000000000000d1f,3096,28368,Alapli,Turkey,1.1179898896933191,4.091081816862768,41601.400725845764,2012,"{""type"":""MultiPoint"",""coordinates"":[]}"
1_1_2_00010000000000000d20,3096,28369,Caycuma,Turkey,0.8644839271307342,3.2939477791772473,99873.36550005479,2012,"{""type"":""MultiPoint"",""coordinates"":[]}"
1_1_2_00010000000000000d21,3096,28370,Devrek,Turkey,0.6186937065222632,2.620073565247598,51204.14241156182,2012,"{""type"":""MultiPoint"",""coordinates"":[]}"
1_1_2_00010000000000000d22,3096,28371,Eregli,Turkey,0.8682222421206931,5.58925521428466,125852.57841974874,2012,"{""type"":""MultiPoint"",""coordinates"":[]}"
1_1_2_00010000000000000d23,3096,28372,Gokcebey,Turkey,0.5642296761758764,1.7425620268327155,16453.612457699288,2012,"{""type"":""MultiPoint"",""coordinates"":[]}"
1_1_2_00010000000000000d24,3096,28373,Merkez,Turkey,0.7336168890268153,6.898891354176163,178393.41176632076,2012,"{""type"":""MultiPoint"",""coordinates"":[]}"
1_1_2_00010000000000001b01,1749,18612,At-Bashy,Kyrgyzstan,0.08003319575351187,0.07399735373344345,9116.082473775357,2012,"{""type"":""MultiPoint"",""coordinates"":[]}"
1_1_2_00010000000000001b02,1752,18628,Jeti-Oguz,Kyrgyzstan,0.28518418784152466,0.25496527076304654,30657.264869784616,2012,"{""type"":""MultiPoint"",""coordinates"":[]}"
1_1_2_00010000000000001b03,1752,18627,Ak-Suu,Kyrgyzstan,0.25361706374315146,0.22844747101671853,20618.97670254099,2012,"{""type"":""MultiPoint"",""coordinates"":[]}"
1_1_2_00010000000000001b04,1748,18610,Toktogul,Kyrgyzstan,0.08889656455427992,0.6234223815206441,40268.95461687959,2012,"{""type"":""MultiPoint"",""coordinates"":[]}"
1_1_2_00010000000000001b05,1752,18629,Tong,Kyrgyzstan,0.10852538950819308,0.2580879323996791,19804.039361698364,2012,"{""type"":""MultiPoint"",""coordinates"":[]}"
1_1_2_00010000000000001b06,1749,18615,Naryn,Kyrgyzstan,0.07613269786790819,0.5138642175030614,21124.810656208534,2012,"{""type"":""MultiPoint"",""coordinates"":[]}"
1_1_2_00010000000000001b07,1748,18606,Chatkal,Kyrgyzstan,0.06457019591557808,0.10907563285988053,5430.679174008735,2012,"{""type"":""MultiPoint"",""coordinates"":[]}"
1_1_2_00010000000000001b08,1749,18614,Kochkor,Kyrgyzstan,0.12885940279761415,0.18675071762582893,18961.08362426064,2012,"{""type"":""MultiPoint"",""coordinates"":[]}"
1_1_2_00010000000000001b09,1750,18616,Alay,Kyrgyzstan,0.11718449910558604,0.23694925612617496,14915.700799548506,2012,"{""type"":""MultiPoint"",""coordinates"":[]}"
1_1_2_00010000000000001b0a,1746,18592,Batken,Kyrgyzstan,0.2227048413572798,0.5041431211258578,29072.010481855916,2012,"{""type"":""MultiPoint"",""coordinates"":[]}"
1_1_2_00010000000000001b0b,147294,18600,Panfilov,Kyrgyzstan,0.17958510677005596,0.22495912978910532,13620.936668194749,2012,"{""type"":""MultiPoint"",""coordinates"":[]}"
1_1_2_00010000000000001b0c,147294,18598,Kemin,Kyrgyzstan,0.16344160621103487,0.2819827597842686,18027.112674615997,2012,"{""type"":""MultiPoint"",""coordinates"":[]}"
1_1_2_00010000000000001b0d,1752,18631,Ysyk-Kol,Kyrgyzstan,0.23836216175844274,0.24476876375412834,33869.43303861712,2012,"{""type"":""MultiPoint"",""coordinates"":[]}"
1_1_2_00010000000000001b0e,1751,18626,Talas,Kyrgyzstan,0.15368273999339857,0.9167544574912215,46249.786281661676,2012,"{""type"":""MultiPoint"",""coordinates"":[]}"
1_1_2_00010000000000001b0f,1750,18619,Kara-Kulja,Kyrgyzstan,0.17100521671159036,0.4888745178695567,31722.165568333745,2012,"{""type"":""MultiPoint"",""coordinates"":[]}"
1_1_2_00010000000000001b10,1749,18611,Ak-Talaa,Kyrgyzstan,0.05568563520902713,0.05849845375668588,5908.843344944822,2012,"{""type"":""MultiPoint"",""coordinates"":[]}"
1_1_2_00010000000000001b11,1749,18613,Jumgal,Kyrgyzstan,0.09860191219920514,0.06876885619875867,7247.236677482699,2012,"{""type"":""MultiPoint"",""coordinates"":[]}"
1_1_2_00010000000000001b12,1750,18618,Chong-Alay,Kyrgyzstan,0.05273059508502871,0.0979085931161303,3398.4918623023395,2012,"{""type"":""MultiPoint"",""coordinates"":[]}"
1_1_2_00010000000000001b13,1748,18609,Toguz-Toro,Kyrgyzstan,0.056677584354131005,0.09649593416634845,4592.851996536274,2012,"{""type"":""MultiPoint"",""coordinates"":[]}"
1_1_2_00010000000000001b14,1748,18603,Aksy,Kyrgyzstan,0.18034011324306953,1.0118413221582376,60399.38095734373,2012,"{""type"":""MultiPoint"",""coordinates"":[]}"
1_1_2_00010000000000001b15,1752,18630,Tup,Kyrgyzstan,0.4078735234027646,1.683497543995332,56192.05228065329,2012,"{""type"":""MultiPoint"",""coordinates"":[]}"
1_1_2_00010000000000001b16,1750,18621,Nookat,Kyrgyzstan,0.7196034627172376,0.9054094731794285,124773.27229562883,2012,"{""type"":""MultiPoint"",""coordinates"":[]}"
1_1_2_00010000000000001b17,1750,18622,Ozgon,Kyrgyzstan,0.5931527371136525,1.179064629598325,126330.6201052028,2012,"{""type"":""MultiPoint"",""coordinates"":[]}"
1_1_2_00010000000000001b18,1748,18608,Suzak,Kyrgyzstan,0.6882515240546382,2.591819483125456,225471.86748699096,2012,"{""type"":""MultiPoint"",""coordinates"":[]}"
1_1_2_00010000000000001b19,1746,18594,Leylek,Kyrgyzstan,0.21814817652863486,0.5286656458230734,53535.812883548606,2012,"{""type"":""MultiPoint"",""coordinates"":[]}"
1_1_2_00010000000000001b1a,1750,18620,Kara-Suu,Kyrgyzstan,1.2453436968909977,10.13132094188455,469509.0950044138,2012,"{""type"":""MultiPoint"",""coordinates"":[]}"
1_1_2_00010000000000001b1b,1748,18605,Bazar-Korgon,Kyrgyzstan,0.4221710667718734,0.9383742342697091,76989.57578495034,2012,"{""type"":""MultiPoint"",""coordinates"":[]}"
1_1_2_00010000000000001b1c,1748,18604,Ala-Buka,Kyrgyzstan,0.2792149011253917,0.4414027012049043,39707.18358364028,2012,"{""type"":""MultiPoint"",""coordinates"":[]}"
1_1_2_00010000000000001b1d,1751,18624,Kara-Buura,Kyrgyzstan,0.17989265450859482,0.17103468680343942,18568.365679308255,2012,"{""type"":""MultiPoint"",""coordinates"":[]}"
1_1_2_00010000000000001b1e,1751,18623,Bakay-Ata,Kyrgyzstan,0.2771846839921619,0.22496407866676035,15828.134714936637,2012,"{""type"":""MultiPoint"",""coordinates"":[]}"
1_1_2_00010000000000001b1f,1748,18607,Nooken,Kyrgyzstan,0.5607948251995517,1.2380450724685703,106444.69409075186,2012,"{""type"":""MultiPoint"",""coordinates"":[]}"
1_1_2_00010000000000001b20,147294,18597,Jayyl,Kyrgyzstan,0.26503768553615864,0.490281425421394,36958.702313435446,2012,"{""type"":""MultiPoint"",""coordinates"":[]}"
1_1_2_00010000000000001b21,147294,18601,Sokuluk,Kyrgyzstan,0.7334707756550553,0.6161483524834489,87063.43949747147,2012,"{""type"":""MultiPoint"",""coordinates"":[]}"
1_1_2_00010000000000001b22,147294,18599,Moskva,Kyrgyzstan,0.54598763657075,0.606655800889936,48959.65052965677,2012,"{""type"":""MultiPoint"",""coordinates"":[]}"
1_1_2_00010000000000001b23,147294,18595,Alamudun,Kyrgyzstan,0.5717342321119336,26.875125732250485,849720.2122451105,2012,"{""type"":""MultiPoint"",""coordinates"":[]}"
1_1_2_00010000000000001b24,147294,18596,Chuy,Kyrgyzstan,0.5311095909405735,1.9420013428944451,64846.74655119136,2012,"{""type"":""MultiPoint"",""coordinates"":[]}"
1_1_2_00010000000000001b25,1751,18625,Manas,Kyrgyzstan,0.45364811522651244,0.46543465369461373,20577.95550507303,2012,"{""type"":""MultiPoint"",""coordinates"":[]}"
1_1_2_00010000000000001b26,147294,18602,Ysyk-Ata,Kyrgyzstan,0.7975049815885382,0.8236448529798859,90534.3771114356,2012,"{""type"":""MultiPoint"",""coordinates"":[]}"
1_1_2_00010000000000001b27,1750,18617,Aravan,Kyrgyzstan,1.3436969203606868,1.5580554126199493,90054.83187226977,2012,"{""type"":""MultiPoint"",""coordinates"":[]}"
1_1_2_00010000000000001b28,1746,18593,Kadamjay,Kyrgyzstan,0.313307967857527,0.8891442145102494,79739.88092719932,2012,"{""type"":""MultiPoint"",""coordinates"":[]}"
1_1_2_00010000000000001ac9,2847,37575,Ishkashimskiy,Tajikistan,0.33675389539035794,0.41182125656391777,8464.313637389741,2012,"{""type"":""MultiPoint"",""coordinates"":[]}"
1_1_2_00010000000000001aca,2847,37576,Kalay-Humbskiy,Tajikistan,0.100972857269757,0.21830562090357936,3075.8639613892306,2012,"{""type"":""MultiPoint"",""coordinates"":[]}"
1_1_2_00010000000000001acb,2847,37577,Murgabskiy,Tajikistan,0.0047760806705817935,0.018609789061227896,454.0469580540126,2012,"{""type"":""MultiPoint"",""coordinates"":[]}"
1_1_2_00010000000000001acc,2847,37578,Roshtkala,Tajikistan,0.07686163887948445,0.442003565490309,3506.8178810853256,2012,"{""type"":""MultiPoint"",""coordinates"":[]}"
1_1_2_00010000000000001acd,2847,37579,Rushanskiy,Tajikistan,0.10806455988433121,0.37947551541987057,7473.172889788087,2012,"{""type"":""MultiPoint"",""coordinates"":[]}"
1_1_2_00010000000000001ace,2847,37580,Shugnanskiy,Tajikistan,0.3631162460243941,3.2117661982024392,33872.97779911768,2012,"{""type"":""MultiPoint"",""coordinates"":[]}"
1_1_2_00010000000000001acf,2847,37581,Vanchskiy,Tajikistan,0.24603306489375865,0.23001582037597718,8164.4379032939605,2012,"{""type"":""MultiPoint"",""coordinates"":[]}"
1_1_2_00010000000000001ad0,2848,37582,Baljuan,Tajikistan,0.32873837222680163,0.47256303296640173,20792.552017056652,2012,"{""type"":""MultiPoint"",""coordinates"":[]}"
1_1_2_00010000000000001ad1,2848,37583,Bokhtar,Tajikistan,2.3706268427396124,3.661627284959245,291575.93031347235,2012,"{""type"":""MultiPoint"",""coordinates"":[]}"
1_1_2_00010000000000001ad2,2848,37584,Dangara,Tajikistan,0.40478037256931876,1.0894460624485334,76391.793030497,2012,"{""type"":""MultiPoint"",""coordinates"":[]}"
1_1_2_00010000000000001ad3,2848,37585,Ghozimalik,Tajikistan,0.3830061511530573,0.39197196208223256,18766.346350598425,2012,"{""type"":""MultiPoint"",""coordinates"":[]}"
1_1_2_00010000000000001ad4,2848,37586,Hovaling,Tajikistan,0.21446440105059408,0.5365367932424782,41912.50869011626,2012,"{""type"":""MultiPoint"",""coordinates"":[]}"
1_1_2_00010000000000001ad5,2848,37587,Jilikul,Tajikistan,0.4074498849808864,0.5976514633509291,21885.397885493934,2012,"{""type"":""MultiPoint"",""coordinates"":[]}"
1_1_2_00010000000000001ad6,2848,37588,Kabodien,Tajikistan,0.8099148568958175,1.6208826497047129,121207.36143789734,2012,"{""type"":""MultiPoint"",""coordinates"":[]}"
1_1_2_00010000000000001ad7,2848,37589,Kolhosobadskiy,Tajikistan,1.1550232949087984,1.1962396583799941,87642.94478319758,2012,"{""type"":""MultiPoint"",""coordinates"":[]}"
1_1_2_00010000000000001ad8,2848,37590,Kulyab,Tajikistan,2.8747418363038504,5.117171815182596,155200.5820467933,2012,"{""type"":""MultiPoint"",""coordinates"":[]}"
1_1_2_00010000000000001ad9,2848,37591,Kumsangirskiy,Tajikistan,0.8076882878119584,1.929281876485325,51060.11448898955,2012,"{""type"":""MultiPoint"",""coordinates"":[]}"
1_1_2_00010000000000001ada,2848,37592,Kurgan-Tjube,Tajikistan,2.5633551026839805,2.734303180052355,96275.60866078624,2012,"{""type"":""MultiPoint"",""coordinates"":[]}"
1_1_2_00010000000000001adb,2848,37593,Moskovskiy,Tajikistan,0.9348330491314312,1.4920804552875684,58157.25851808447,2012,"{""type"":""MultiPoint"",""coordinates"":[]}"
1_1_2_00010000000000001adc,2848,37594,Muminobod,Tajikistan,0.4352333011851519,1.7836541615990171,59129.157346727996,2012,"{""type"":""MultiPoint"",""coordinates"":[]}"
1_1_2_00010000000000001add,2848,37595,Parharskiy,Tajikistan,0.529026278119883,1.320331909559103,59753.478114705635,2012,"{""type"":""MultiPoint"",""coordinates"":[]}"
1_1_2_00010000000000001ade,2848,37596,Piynjskiy,Tajikistan,1.6864666781609572,1.7496954729079857,46439.251326397636,2012,"{""type"":""MultiPoint"",""coordinates"":[]}"
1_1_2_00010000000000001adf,2848,37597,Shaartuskiy,Tajikistan,0.320709063659898,0.3003006993225885,17651.858125323102,2012,"{""type"":""MultiPoint"",""coordinates"":[]}"
1_1_2_00010000000000001ae0,2848,37598,Shurabad,Tajikistan,0.3088594350689315,0.9217742792013787,23129.05489349237,2012,"{""type"":""MultiPoint"",""coordinates"":[]}"
1_1_2_00010000000000001ae1,2848,37599,Sovetskiy,Tajikistan,0.6584438418246036,1.3523244085435284,36022.58573484905,2012,"{""type"":""MultiPoint"",""coordinates"":[]}"
1_1_2_00010000000000001ae2,2848,37600,Vahshskiy,Tajikistan,2.133258379621204,2.9201939618921324,212760.05871994505,2012,"{""type"":""MultiPoint"",""coordinates"":[]}"
1_1_2_00010000000000001ae3,2848,37601,Voseysky,Tajikistan,1.5622733202985017,2.303592168102227,127451.76909231865,2012,"{""type"":""MultiPoint"",""coordinates"":[]}"
1_1_2_00010000000000001ae4,2848,37602,Yvanskiy,Tajikistan,1.4336561838691195,1.9876229294168861,151444.487611556,2012,"{""type"":""MultiPoint"",""coordinates"":[]}"
1_1_2_00010000000000001ae5,2849,37603,Aini,Tajikistan,0.2893166755752424,0.3445635130343748,22058.49366612794,2012,"{""type"":""MultiPoint"",""coordinates"":[]}"
1_1_2_00010000000000001ae6,2849,37604,Ashtskiy,Tajikistan,0.39107768032155027,0.520462083212885,69382.37540623115,2012,"{""type"":""MultiPoint"",""coordinates"":[]}"
1_1_2_00010000000000001ae7,2849,37605,Ganchinskiy,Tajikistan,0.8085974550351912,1.366724702205593,81208.9544084566,2012,"{""type"":""MultiPoint"",""coordinates"":[]}"
1_1_2_00010000000000001ae8,2849,37606,Hojenskiy,Tajikistan,1.453564855314984,6.257435977074598,457282.0115674978,2012,"{""type"":""MultiPoint"",""coordinates"":[]}"
1_1_2_00010000000000001ae9,2849,37607,Isfarinskiy,Tajikistan,1.6291809397111303,3.9340951502486785,168447.9020704848,2012,"{""type"":""MultiPoint"",""coordinates"":[]}"
1_1_2_00010000000000001aea,2849,37608,Kanibadamskiy,Tajikistan,1.7195398662588546,2.532998099197353,145445.01776500276,2012,"{""type"":""MultiPoint"",""coordinates"":[]}"
1_1_2_00010000000000001aeb,2849,37609,Kuhistoni Mastchohskiy,Tajikistan,0.14441215088705958,0.17456126410509962,4321.447309624619,2012,"{""type"":""MultiPoint"",""coordinates"":[]}"
1_1_2_00010000000000001aec,2849,37610,Matchinskiy,Tajikistan,0.6538619233732538,1.1251294021432507,72376.33738118487,2012,"{""type"":""MultiPoint"",""coordinates"":[]}"
1_1_2_00010000000000001aed,2849,37611,Nauskiy,Tajikistan,1.282854541647366,2.071611624273483,84829.06765150161,2012,"{""type"":""MultiPoint"",""coordinates"":[]}"
1_1_2_00010000000000001aee,2849,37612,Penjikenskiy,Tajikistan,0.6853783811179629,1.7233151796181263,145488.6736894704,2012,"{""type"":""MultiPoint"",""coordinates"":[]}"
1_1_2_00010000000000001aef,2849,37613,Rasulov,Tajikistan,1.8107965747513837,2.788754164831078,101403.73937308311,2012,"{""type"":""MultiPoint"",""coordinates"":[]}"
1_1_2_00010000000000001af0,2849,37614,Shahriston,Tajikistan,0.3824995962114143,0.3862070025205329,11201.03303005196,2012,"{""type"":""MultiPoint"",""coordinates"":[]}"
1_1_2_00010000000000001af1,2849,37615,Ura-Tubinskiy,Tajikistan,1.3786940132436192,2.305735848975135,106630.83987438903,2012,"{""type"":""MultiPoint"",""coordinates"":[]}"
1_1_2_00010000000000001af2,2849,37616,Zafarobskiy,Tajikistan,0.8432265232791939,1.0171181434867496,59000.585997560665,2012,"{""type"":""MultiPoint"",""coordinates"":[]}"
1_1_2_00010000000000001af3,2850,37617,Darbanskiy,Tajikistan,0.5775168241437829,0.7415512108376853,16587.199694345272,2012,"{""type"":""MultiPoint"",""coordinates"":[]}"
1_1_2_00010000000000001af4,2850,37618,Faysabadskiy,Tajikistan,0.7815306201903218,1.014932263721657,42415.12272588014,2012,"{""type"":""MultiPoint"",""coordinates"":[]}"
1_1_2_00010000000000001af5,2850,37619,Garmskiy,Tajikistan,0.44541208333361065,0.2975134403779945,26187.54467537874,2012,"{""type"":""MultiPoint"",""coordinates"":[]}"
1_1_2_00010000000000001af6,2850,37620,Gissarskiy,Tajikistan,1.619034351491117,4.128787297715258,122915.9684113254,2012,"{""type"":""MultiPoint"",""coordinates"":[]}"
1_1_2_00010000000000001af7,2850,37621,Jirgatalskiy,Tajikistan,0.35936471365616013,0.5725863854973311,18369.230410609955,2012,"{""type"":""MultiPoint"",""coordinates"":[]}"
1_1_2_00010000000000001af8,2850,37622,Kofarnohon,Tajikistan,0.932587132817327,2.970373418825614,208872.0863635814,2012,"{""type"":""MultiPoint"",""coordinates"":[]}"
1_1_2_00010000000000001af9,2850,37623,Leninskiy,Tajikistan,1.4698728808565407,23.059103021397025,1035406.3024851271,2012,"{""type"":""MultiPoint"",""coordinates"":[]}"
1_1_2_00010000000000001afa,2850,37624,Nurek,Tajikistan,0.4670096027153301,2.3135666569312447,30209.85788907193,2012,"{""type"":""MultiPoint"",""coordinates"":[]}"
1_1_2_00010000000000001afb,2850,37625,Rogunsky,Tajikistan,0.46191436066650426,0.45319647556995696,10899.068189176103,2012,"{""type"":""MultiPoint"",""coordinates"":[]}"
1_1_2_00010000000000001afc,2850,37626,Shahrinav,Tajikistan,0.8786005820507887,2.523768251600143,40661.659117231706,2012,"{""type"":""MultiPoint"",""coordinates"":[]}"
1_1_2_00010000000000001afd,2850,37627,Tavildara,Tajikistan,0.08981100168003182,0.12967396715917387,4436.519477999049,2012,"{""type"":""MultiPoint"",""coordinates"":[]}"
1_1_2_00010000000000001afe,2850,37628,Tojikobod,Tajikistan,0.578465846332282,0.7097112339506954,22655.675907411693,2012,"{""type"":""MultiPoint"",""coordinates"":[]}"
1_1_2_00010000000000001aff,2850,37629,Tursunzade,Tajikistan,2.389804246303958,3.0071924849368448,158086.98551853257,2012,"{""type"":""MultiPoint"",""coordinates"":[]}"
1_1_2_00010000000000001b00,2850,37630,Varzob,Tajikistan,0.5297872378851874,1.0431117302226474,41119.82362707582,2012,"{""type"":""MultiPoint"",""coordinates"":[]}"
1_1_2_00010000000000001879,652,6241,Gornjedrinski,Bosnia and Herzegovina,0.15458957988068797,1.104291959236162,18984.214092059472,2012,"{""type"":""MultiPoint"",""coordinates"":[]}"
1_1_2_0001000000000000187a,652,6243,Posavski,Bosnia and Herzegovina,0.5776872466273476,0.7478629499014187,26230.120899881327,2012,"{""type"":""MultiPoint"",""coordinates"":[]}"
1_1_2_0001000000000000187b,652,6245,Srednjebosanski,Bosnia and Herzegovina,0.45245067181358856,1.1136047150934214,193272.0488974359,2012,"{""type"":""MultiPoint"",""coordinates"":[]}"
1_1_2_0001000000000000187c,652,6246,Tuzlansko-podrinjski,Bosnia and Herzegovina,0.9060545321397929,1.3120835742640153,370484.15202874603,2012,"{""type"":""MultiPoint"",""coordinates"":[]}"
1_1_2_0001000000000000187d,652,6247,Unsko-sanski,Bosnia and Herzegovina,0.4068048753617699,0.9689837031935605,204019.08021467092,2012,"{""type"":""MultiPoint"",""coordinates"":[]}"
1_1_2_0001000000000000187e,652,6250,Zenicko-dobojski,Bosnia and Herzegovina,0.5931404321993706,1.4479797783281383,260883.77812031552,2012,"{""type"":""MultiPoint"",""coordinates"":[]}"
1_1_2_0001000000000000187f,653,6251,Banja Luka,Bosnia and Herzegovina,0.4676350961897795,2.088057344481135,145078.80952274974,2012,"{""type"":""MultiPoint"",""coordinates"":[]}"
1_1_2_00010000000000001880,653,6252,Bijeljina,Bosnia and Herzegovina,0.6719336546180659,1.0082633327651904,82932.98338601619,2012,"{""type"":""MultiPoint"",""coordinates"":[]}"
1_1_2_00010000000000001881,653,6254,Bosanska Dubica,Bosnia and Herzegovina,0.17959682420900927,0.49238196689855623,16180.996420104922,2012,"{""type"":""MultiPoint"",""coordinates"":[]}"
1_1_2_00010000000000001882,653,6255,Bosanska Gradiska,Bosnia and Herzegovina,0.3586052377097168,0.591424240135546,41044.368400013314,2012,"{""type"":""MultiPoint"",""coordinates"":[]}"
1_1_2_00010000000000001883,653,6256,Bosanska Krupa,Bosnia and Herzegovina,0.07395579345214513,0.15415352866486254,1197.032762158297,2012,"{""type"":""MultiPoint"",""coordinates"":[]}"
1_1_2_00010000000000001884,653,6257,Bosanski Brod,Bosnia and Herzegovina,0.23460641339988475,0.5868478356319068,8585.801603536102,2012,"{""type"":""MultiPoint"",""coordinates"":[]}"
1_1_2_00010000000000001885,653,6258,Bosanski Novi,Bosnia and Herzegovina,0.21538509647179427,0.6123681949235698,23021.930142706588,2012,"{""type"":""MultiPoint"",""coordinates"":[]}"
1_1_2_00010000000000001886,653,6259,Bosanski Petrovac,Bosnia and Herzegovina,0.022914974920953658,0.03564154988242121,51.22195300799338,2012,"{""type"":""MultiPoint"",""coordinates"":[]}"
1_1_2_00010000000000001887,653,6260,Bosanski Samac,Bosnia and Herzegovina,0.4844573073864231,0.6640267530347909,14899.99752761166,2012,"{""type"":""MultiPoint"",""coordinates"":[]}"
1_1_2_00010000000000001888,653,6261,Bratunac,Bosnia and Herzegovina,0.3438876109582927,1.1062802266752578,13812.323831853504,2012,"{""type"":""MultiPoint"",""coordinates"":[]}"
1_1_2_00010000000000001889,653,6262,Brcko,Bosnia and Herzegovina,0.6719886057211064,1.1051220216798117,30275.22252448538,2012,"{""type"":""MultiPoint"",""coordinates"":[]}"
1_1_2_0001000000000000188a,653,6263,Cajnice,Bosnia and Herzegovina,0.05312545394523291,0.36252930766316727,2987.5438811130507,2012,"{""type"":""MultiPoint"",""coordinates"":[]}"
1_1_2_0001000000000000188b,653,6264,Celinac,Bosnia and Herzegovina,0.22671530098122628,0.40098210028075887,11944.845718319903,2012,"{""type"":""MultiPoint"",""coordinates"":[]}"
1_1_2_0001000000000000188c,653,6265,Derventa,Bosnia and Herzegovina,0.20256156584667337,0.5144195388647559,21634.047036242428,2012,"{""type"":""MultiPoint"",""coordinates"":[]}"
1_1_2_0001000000000000188d,653,6266,Doboj,Bosnia and Herzegovina,0.40383367899016265,0.9761770068533825,56882.21746543693,2012,"{""type"":""MultiPoint"",""coordinates"":[]}"
1_1_2_0001000000000000188e,653,6267,Donji Vakuf,Bosnia and Herzegovina,0.03959700859644834,0.044120158021583644,30.17695633960413,2012,"{""type"":""MultiPoint"",""coordinates"":[]}"
1_1_2_0001000000000000188f,653,6270,Glamoc,Bosnia and Herzegovina,0.008648284710943699,5.761041709550246E-4,0.20920318524334944,2012,"{""type"":""MultiPoint"",""coordinates"":[]}"
1_1_2_00010000000000001890,653,6271,Gorazde,Bosnia and Herzegovina,0.08539695102364574,0.298441717824703,2252.350615551772,2012,"{""type"":""MultiPoint"",""coordinates"":[]}"
1_1_2_00010000000000001891,653,6272,Gracanica,Bosnia and Herzegovina,0.26511398923176316,0.7295098990992935,6500.958222134615,2012,"{""type"":""MultiPoint"",""coordinates"":[]}"
1_1_2_00010000000000001892,653,6273,Gradacac,Bosnia and Herzegovina,0.2105052934285808,0.2654948568479595,6673.580577209624,2012,"{""type"":""MultiPoint"",""coordinates"":[]}"
1_1_2_00010000000000001893,653,6274,Han Pijesak,Bosnia and Herzegovina,0.027237633396923876,0.18552026099115046,1847.7121292618122,2012,"{""type"":""MultiPoint"",""coordinates"":[]}"
1_1_2_00010000000000001894,653,6275,Ilidza,Bosnia and Herzegovina,2.0502496150232132,1.9881326154552186,8139.945793730386,2012,"{""type"":""MultiPoint"",""coordinates"":[]}"
1_1_2_00010000000000001895,653,6276,Ilija[,Bosnia and Herzegovina,0.02452495363437691,0.010385689835087204,25.539285941474944,2012,"{""type"":""MultiPoint"",""coordinates"":[]}"
1_1_2_00010000000000001896,653,6277,Jajce,Bosnia and Herzegovina,0.17022127981995774,0.5781102211613448,1310.2401801676222,2012,"{""type"":""MultiPoint"",""coordinates"":[]}"
1_1_2_00010000000000001897,653,6278,Kalesija,Bosnia and Herzegovina,0.42606486708448665,0.2745643812761901,3727.0166262409844,2012,"{""type"":""MultiPoint"",""coordinates"":[]}"
1_1_2_00010000000000001898,653,6280,Kladanj,Bosnia and Herzegovina,0.09617210252172731,0.03889023511993852,160.5209204469972,2012,"{""type"":""MultiPoint"",""coordinates"":[]}"
1_1_2_00010000000000001899,653,6281,Kljuc,Bosnia and Herzegovina,0.11672470956256388,0.2292644494979249,3856.8037188974477,2012,"{""type"":""MultiPoint"",""coordinates"":[]}"
1_1_2_0001000000000000189a,653,6283,Kotor Varos,Bosnia and Herzegovina,0.2026252697789033,0.5709886209234054,12426.705284360292,2012,"{""type"":""MultiPoint"",""coordinates"":[]}"
1_1_2_0001000000000000189b,653,6284,Kupres,Bosnia and Herzegovina,0.061454002225254406,0.0788312049699217,102.3651936718062,2012,"{""type"":""MultiPoint"",""coordinates"":[]}"
1_1_2_0001000000000000189c,653,6285,Laktasi,Bosnia and Herzegovina,0.34448038495701383,0.821111934842135,29878.114840206832,2012,"{""type"":""MultiPoint"",""coordinates"":[]}"
1_1_2_0001000000000000189d,653,6287,Lopare,Bosnia and Herzegovina,0.2654719204789422,0.47831847525942167,14040.444651214835,2012,"{""type"":""MultiPoint"",""coordinates"":[]}"
1_1_2_0001000000000000189e,653,6288,Lukavac,Bosnia and Herzegovina,0.13135595619678497,0.05489332104346806,89.6414832483174,2012,"{""type"":""MultiPoint"",""coordinates"":[]}"
1_1_2_0001000000000000189f,653,6289,Maglaj,Bosnia and Herzegovina,0.07117627986839839,0.055124422689160554,526.5761596039448,2012,"{""type"":""MultiPoint"",""coordinates"":[]}"
1_1_2_000100000000000018a0,653,6290,Modrica,Bosnia and Herzegovina,0.39023427981540454,0.8852584966246833,19833.265596291567,2012,"{""type"":""MultiPoint"",""coordinates"":[]}"
1_1_2_000100000000000018a1,653,6292,Mrkonji] Grad,Bosnia and Herzegovina,0.1713381015402792,0.47821426893589036,10049.747682233034,2012,"{""type"":""MultiPoint"",""coordinates"":[]}"
1_1_2_000100000000000018a2,653,6294,Novo Sarajevo,Bosnia and Herzegovina,0.32640891308438563,1.7470123185295927,4809.574532700492,2012,"{""type"":""MultiPoint"",""coordinates"":[]}"
1_1_2_000100000000000018a3,653,6295,Odzak,Bosnia and Herzegovina,0.445129615565141,0.5011730104113238,2803.2806597298836,2012,"{""type"":""MultiPoint"",""coordinates"":[]}"
1_1_2_000100000000000018a4,653,6296,Olovo,Bosnia and Herzegovina,0.03480705244737303,0.013716613966826644,78.05381404505863,2012,"{""type"":""MultiPoint"",""coordinates"":[]}"
1_1_2_000100000000000018a5,653,6297,Orasje,Bosnia and Herzegovina,0.576872297826982,0.5315669071851744,4552.5794827816535,2012,"{""type"":""MultiPoint"",""coordinates"":[]}"
1_1_2_000100000000000018a6,653,6298,Pale,Bosnia and Herzegovina,0.1087990527549671,0.8690259889805777,14808.260976691136,2012,"{""type"":""MultiPoint"",""coordinates"":[]}"
1_1_2_000100000000000018a7,653,6299,Prijedor,Bosnia and Herzegovina,0.5471189090044097,0.9503759210978595,72961.31396192963,2012,"{""type"":""MultiPoint"",""coordinates"":[]}"
1_1_2_000100000000000018a8,653,6300,Prnjavor,Bosnia and Herzegovina,0.2968937335838623,0.4786017955353468,29603.07513152629,2012,"{""type"":""MultiPoint"",""coordinates"":[]}"
1_1_2_000100000000000018a9,653,6301,Rogatica,Bosnia and Herzegovina,0.04331625640251935,0.40978755793333793,7316.257977476762,2012,"{""type"":""MultiPoint"",""coordinates"":[]}"
1_1_2_000100000000000018aa,653,6302,Rudo,Bosnia and Herzegovina,0.1883054164077658,0.9033782662611716,5783.66214044844,2012,"{""type"":""MultiPoint"",""coordinates"":[]}"
1_1_2_000100000000000018ab,653,6303,Sanski Most,Bosnia and Herzegovina,0.060466114371456804,0.10243895107402953,1475.9705989556496,2012,"{""type"":""MultiPoint"",""coordinates"":[]}"
1_1_2_000100000000000018ac,653,6304,Sekovici,Bosnia and Herzegovina,0.16397023390769205,0.2645660428251134,4727.40512742106,2012,"{""type"":""MultiPoint"",""coordinates"":[]}"
1_1_2_000100000000000018ad,653,6305,Sipovo,Bosnia and Herzegovina,0.10851140235713248,0.5062171382347977,6597.796339935855,2012,"{""type"":""MultiPoint"",""coordinates"":[]}"
1_1_2_000100000000000018ae,653,6306,Sokolac,Bosnia and Herzegovina,0.04294758633556488,0.46854950231401227,8071.699173760314,2012,"{""type"":""MultiPoint"",""coordinates"":[]}"
1_1_2_000100000000000018af,653,6307,Srbac,Bosnia and Herzegovina,0.21071779259536425,0.3553197030159413,12764.17642382373,2012,"{""type"":""MultiPoint"",""coordinates"":[]}"
1_1_2_000100000000000018b0,653,6308,Srebrenica,Bosnia and Herzegovina,0.10977513835330073,0.245299706536289,6103.27437540994,2012,"{""type"":""MultiPoint"",""coordinates"":[]}"
1_1_2_000100000000000018b1,653,6309,Stari Grad,Bosnia and Herzegovina,0.058699912223582146,0.12833944280065684,768.3026361202365,2012,"{""type"":""MultiPoint"",""coordinates"":[]}"
1_1_2_000100000000000018b2,653,6311,Tesanj,Bosnia and Herzegovina,0.5740152472687636,0.3322906994607141,2276.067853228135,2012,"{""type"":""MultiPoint"",""coordinates"":[]}"
1_1_2_000100000000000018b3,653,6312,Teslic,Bosnia and Herzegovina,0.2654484810703072,0.6711227070065539,27098.30693653356,2012,"{""type"":""MultiPoint"",""coordinates"":[]}"
1_1_2_000100000000000018b4,653,6313,Titov Drvar,Bosnia and Herzegovina,0.019282501889392734,0.013768227248919242,23.48507635918099,2012,"{""type"":""MultiPoint"",""coordinates"":[]}"
1_1_2_000100000000000018b5,653,6314,Travnik,Bosnia and Herzegovina,0.05102571767924686,0.013786314105231005,46.00162998114293,2012,"{""type"":""MultiPoint"",""coordinates"":[]}"
1_1_2_000100000000000018b6,653,6316,Trnovo,Bosnia and Herzegovina,0.1021572815153573,0.5527611488905029,1751.8551856998574,2012,"{""type"":""MultiPoint"",""coordinates"":[]}"
1_1_2_000100000000000018b7,653,6317,Tuzla,Bosnia and Herzegovina,0.1520518735051155,0.08204567370363727,69.4309962817851,2012,"{""type"":""MultiPoint"",""coordinates"":[]}"
1_1_2_000100000000000018b8,653,6318,Ugljevik,Bosnia and Herzegovina,0.4842222577992283,0.6490862609587703,15066.943933110735,2012,"{""type"":""MultiPoint"",""coordinates"":[]}"
1_1_2_000100000000000018b9,653,6319,Visegrad,Bosnia and Herzegovina,0.10914309691806821,0.4947480239814391,7429.170474254327,2012,"{""type"":""MultiPoint"",""coordinates"":[]}"
1_1_2_000100000000000018ba,653,6320,Vlasenica,Bosnia and Herzegovina,0.17040054618832826,0.7297587030045393,17131.19420332955,2012,"{""type"":""MultiPoint"",""coordinates"":[]}"
1_1_2_000100000000000018bb,653,6321,Zvornik,Bosnia and Herzegovina,0.781550861760482,1.0099344067726626,47063.95445099303,2012,"{""type"":""MultiPoint"",""coordinates"":[]}"
1_2_00000000000000000cd6,2107,147350,El Hajeb,Morocco,0.7291008167393901,6.427906433216937,202047.61730401358,2013,"{""type"":""MultiPoint"",""coordinates"":[]}"
1_2_00000000000000000cd7,2107,147351,Meknès,Morocco,1.4106725473138864,25.493271109709365,597053.9879356591,2013,"{""type"":""MultiPoint"",""coordinates"":[]}"
1_2_00000000000000000cda,2109,147352,Berkane Taourirt,Morocco,0.3880909880589574,10.657274226474346,352526.1690039511,2013,"{""type"":""MultiPoint"",""coordinates"":[]}"
1_2_00000000000000000cdb,2109,147353,Jerada,Morocco,0.3675530395407259,5.017578808067094,55496.35880403057,2013,"{""type"":""MultiPoint"",""coordinates"":[]}"
1_2_00000000000000000cdc,2109,147354,Oujda Angad,Morocco,0.20058242418194822,20.100536133789273,450945.30337543605,2013,"{""type"":""MultiPoint"",""coordinates"":[]}"
1_2_00000000000000000cdf,147326,147339,Ben Slimane,Morocco,0.2416723505327921,4.246941026382548,245092.7403006093,2013,"{""type"":""MultiPoint"",""coordinates"":[]}"
1_2_00000000000000000ce3,147328,147340,Fès,Morocco,0.6330410598454198,55.98466066032632,552461.6384224634,2013,"{""type"":""MultiPoint"",""coordinates"":[]}"
1_2_00000000000000000ce4,147328,147341,Sefrou,Morocco,0.413937641369743,10.931291076487675,181381.75961012277,2013,"{""type"":""MultiPoint"",""coordinates"":[]}"
1_2_00000000000000000ce5,147328,147342,Zouagha-Moulay Yacoub,Morocco,1.428336669724192,23.281760255256604,492109.3661442731,2013,"{""type"":""MultiPoint"",""coordinates"":[]}"
1_2_00000000000000000ce8,147330,147343,Casablanca,Morocco,9.87036198575693,67.06166605510838,3292465.627449642,2013,"{""type"":""MultiPoint"",""coordinates"":[]}"
1_2_00000000000000000ce9,147330,147344,Mohammedia,Morocco,37.22359941590507,18.58368283289325,186416.91228390494,2013,"{""type"":""MultiPoint"",""coordinates"":[]}"
1_2_00000000000000000cec,147331,147345,Assa-Zag,Morocco,0.03795652054542038,0.4622048090473548,1643.8803140324273,2013,"{""type"":""MultiPoint"",""coordinates"":[]}"
1_2_00000000000000000ced,147331,147346,Guelmim,Morocco,0.12900624632782962,10.619316063589089,114726.69143042677,2013,"{""type"":""MultiPoint"",""coordinates"":[]}"
1_2_00000000000000000cf1,147333,147347,Al Haouz,Morocco,1.1169302244432262,3.263427203230597,237786.53705177174,2013,"{""type"":""MultiPoint"",""coordinates"":[]}"
1_2_00000000000000000cf2,147333,147348,Chichaoua,Morocco,0.3588158923408283,2.932335756857137,138413.55154729294,2013,"{""type"":""MultiPoint"",""coordinates"":[]}"
1_2_00000000000000000cf3,147333,147349,Marrakech,Morocco,1.2288407170482327,35.97282878622601,1073515.1573314609,2013,"{""type"":""MultiPoint"",""coordinates"":[]}"
1_2_00000000000000000cf7,147334,147355,Skhirate-Témara,Morocco,0.2883185933866855,18.81993300676002,515017.9286148174,2013,"{""type"":""MultiPoint"",""coordinates"":[]}"
1_2_00000000000000000cfa,147335,147356,Agadir-Ida ou Tanane,Morocco,1.3724050532850016,19.752873423631783,567954.8843319896,2013,"{""type"":""MultiPoint"",""coordinates"":[]}"
1_2_00000000000000000cfb,147335,147357,Chtouka-Aït Baha,Morocco,0.7133556873410932,4.58214261575817,251782.90948217906,2013,"{""type"":""MultiPoint"",""coordinates"":[]}"
1_2_00000000000000000cfc,147335,147358,Inezgane-Aït Melloul,Morocco,3.4727711821166865,24.82359509960731,323465.8170942733,2013,"{""type"":""MultiPoint"",""coordinates"":[]}"
1_2_00000000000000000cfd,147335,147359,Ouarzazate,Morocco,0.1393794423173396,3.7522531734060194,315425.9710693049,2013,"{""type"":""MultiPoint"",""coordinates"":[]}"
1_2_00000000000000000cfe,147335,147360,Zagora,Morocco,0.8728777138894216,5.876255176647072,51342.45892189498,2013,"{""type"":""MultiPoint"",""coordinates"":[]}"
1_2_00000000000000000d04,147337,147361,Fahs Anjra,Morocco,0.7044668335691748,41.55928955013664,402592.1820417485,2013,"{""type"":""MultiPoint"",""coordinates"":[]}"
1_2_00000000000000000d05,147337,147362,Tanger-Assilah,Morocco,0.6883660005626209,24.05112902700863,476934.4353824932,2013,"{""type"":""MultiPoint"",""coordinates"":[]}"
1_2_00000000000000002068,1701,65716,Ajloon,Jordan,2.061984796462385,2.3865932315613305,87967.05383521755,2013,"{""type"":""MultiPoint"",""coordinates"":[]}"
1_2_00000000000000002069,1703,65718,Wadi Araba,Jordan,0.027323984366807337,0.03341861618991138,356.4217014075823,2013,"{""type"":""MultiPoint"",""coordinates"":[]}"
1_2_0000000000000000206a,1702,65722,Al-Salt,Jordan,3.3091716264116307,4.0864177593295565,78060.12822206285,2013,"{""type"":""MultiPoint"",""coordinates"":[]}"
1_2_0000000000000000206b,1707,65740,Irbid,Jordan,9.126861103584865,12.47658566029457,385684.20177884743,2013,"{""type"":""MultiPoint"",""coordinates"":[]}"
1_2_0000000000000000206c,1704,65724,Al-Qaser,Jordan,1.0310874831355423,1.7496225253052398,13760.371033325182,2013,"{""type"":""MultiPoint"",""coordinates"":[]}"
1_2_0000000000000000206d,1704,65725,Al-Qatraneh,Jordan,0.06646149550535817,0.1481999341580786,2002.6260013501617,2013,"{""type"":""MultiPoint"",""coordinates"":[]}"
1_2_0000000000000000206e,1709,65744,Ma'an,Jordan,0.08741810386922506,1.143740735785198,20370.38783453736,2013,"{""type"":""MultiPoint"",""coordinates"":[]}"
1_2_0000000000000000206f,1710,65745,Madaba,Jordan,0.8643268495425623,6.679189315230652,95411.4133362664,2013,"{""type"":""MultiPoint"",""coordinates"":[]}"
1_2_00000000000000002070,1710,65746,Theeban,Jordan,0.7816802501686406,1.10799454762636,18017.11040593342,2013,"{""type"":""MultiPoint"",""coordinates"":[]}"
1_2_00000000000000002071,1711,65728,Al-ruwaished,Jordan,0.0751083663501957,0.33339184290148005,9421.171487061438,2013,"{""type"":""MultiPoint"",""coordinates"":[]}"
1_2_00000000000000002072,1711,65729,Bal'ama,Jordan,0.6552500857849322,0.8985672942960802,40726.93861871467,2013,"{""type"":""MultiPoint"",""coordinates"":[]}"
1_2_00000000000000002073,1706,65735,Tafiela,Jordan,0.4050259990511387,2.066851809292205,30327.76416484717,2013,"{""type"":""MultiPoint"",""coordinates"":[]}"
1_2_00000000000000002074,1712,65736,Al-Hashimiya,Jordan,0.03818125802177356,0.35220320286032186,4270.903023497751,2013,"{""type"":""MultiPoint"",""coordinates"":[]}"
1_2_00000000000000002075,1711,65731,Sabha,Jordan,0.34202597018259473,1.0083594023324973,19951.70800869204,2013,"{""type"":""MultiPoint"",""coordinates"":[]}"
1_2_00000000000000002076,1712,65738,Zarqa,Jordan,2.2382865165704917,12.48366505881449,470633.15951217595,2013,"{""type"":""MultiPoint"",""coordinates"":[]}"
1_2_00000000000000002077,1711,65730,Mafraq,Jordan,0.8089014974233154,2.9975782246902116,131263.79310952066,2013,"{""type"":""MultiPoint"",""coordinates"":[]}"
1_2_00000000000000002078,1711,65732,Sama Al-Serhan,Jordan,0.844397964896851,1.5617561410537653,31149.914864942195,2013,"{""type"":""MultiPoint"",""coordinates"":[]}"
1_2_00000000000000002079,1707,65739,Al-Wasatiya,Jordan,4.185801832906662,3.3042298479044225,24141.808479691947,2013,"{""type"":""MultiPoint"",""coordinates"":[]}"
1_2_0000000000000000207a,1701,65715,Kufranjeh,Jordan,2.5646659386021473,2.992278105601725,25120.41389372337,2013,"{""type"":""MultiPoint"",""coordinates"":[]}"
1_2_0000000000000000207b,1702,65720,Al-Ardha,Jordan,1.1555607898057563,1.2838687359629162,6848.091876624732,2013,"{""type"":""MultiPoint"",""coordinates"":[]}"
1_2_0000000000000000207c,1702,65721,Zay,Jordan,6.94501535097758,3.2876204240462026,24074.555720423235,2013,"{""type"":""MultiPoint"",""coordinates"":[]}"
1_2_0000000000000000207d,1702,65719,Mahes & Fhais,Jordan,0.8904535696844696,0.9398665106344736,9156.674674162392,2013,"{""type"":""MultiPoint"",""coordinates"":[]}"
1_2_0000000000000000207e,1702,65723,Ira & Yarqa,Jordan,1.905760768906827,1.6392657358306113,14428.448916262747,2013,"{""type"":""MultiPoint"",""coordinates"":[]}"
1_2_0000000000000000207f,1712,65737,Al-Dhilail,Jordan,0.5560740878139324,0.9519486155914118,11682.635591730068,2013,"{""type"":""MultiPoint"",""coordinates"":[]}"
1_2_00000000000000002080,1704,65726,Faqooa',Jordan,1.160674620460521,1.4034654022553497,8238.724748448065,2013,"{""type"":""MultiPoint"",""coordinates"":[]}"
1_2_00000000000000002081,1704,36739,Ayy,Jordan,1.7866703219756312,2.0331963971610696,6839.689854223003,2013,"{""type"":""MultiPoint"",""coordinates"":[]}"
1_2_00000000000000002082,1704,65727,Karak,Jordan,1.4343032208874773,2.891265709061316,56134.04607058162,2013,"{""type"":""MultiPoint"",""coordinates"":[]}"
1_2_00000000000000002083,1706,65733,Al-Hasa,Jordan,0.11294715272222107,0.29946068149301786,2556.337973522183,2013,"{""type"":""MultiPoint"",""coordinates"":[]}"
1_2_00000000000000002084,1706,65734,Bsaira,Jordan,1.2218375629848903,2.209550149615943,12580.422226490226,2013,"{""type"":""MultiPoint"",""coordinates"":[]}"
1_2_00000000000000002085,1703,65717,Aqaba,Jordan,1.3442801942825318,3.159829484910909,62606.580289756224,2013,"{""type"":""MultiPoint"",""coordinates"":[]}"
1_2_00000000000000002086,1709,65743,Ail,Jordan,0.21521494829136392,0.24153767000171958,2454.025362586015,2013,"{""type"":""MultiPoint"",""coordinates"":[]}"
1_2_00000000000000002087,1709,65741,Al-Mraigha,Jordan,0.3829607255551038,0.35902694256256046,3208.584292919846,2013,"{""type"":""MultiPoint"",""coordinates"":[]}"
1_2_00000000000000002088,1709,65742,Al-Jafer,Jordan,0.24150258593380783,0.45973255697377097,2941.4141324030707,2013,"{""type"":""MultiPoint"",""coordinates"":[]}"
1_2_00000000000000000cd3,2107,21792,Errachidia,Morocco,0.7334591759615662,5.7885255519732,286103.25364069745,2013,"{""type"":""MultiPoint"",""coordinates"":[]}"
1_2_00000000000000000cd4,2107,21793,Ifrane,Morocco,0.7408784410219195,9.200371472618478,83072.55395242083,2013,"{""type"":""MultiPoint"",""coordinates"":[]}"
1_2_00000000000000000cd5,2107,21794,Khénifra,Morocco,0.15458096707086202,12.556069620444521,276721.6889546617,2013,"{""type"":""MultiPoint"",""coordinates"":[]}"
1_2_00000000000000000cd8,2109,21818,Figuig,Morocco,0.19139281266361396,7.9263671828295985,50504.19883259727,2013,"{""type"":""MultiPoint"",""coordinates"":[]}"
1_2_00000000000000000cd9,2109,21819,Nador,Morocco,0.42847992706100707,7.470922640987264,532874.4887751705,2013,"{""type"":""MultiPoint"",""coordinates"":[]}"
1_2_00000000000000000cdd,147326,21805,Khouribga,Morocco,0.24934622734704223,9.298136522515968,415777.3425904552,2013,"{""type"":""MultiPoint"",""coordinates"":[]}"
1_2_00000000000000000cde,147326,21806,Settat,Morocco,0.3968945159288673,5.041608009723396,791211.6229854126,2013,"{""type"":""MultiPoint"",""coordinates"":[]}"
1_2_00000000000000000ce0,147327,21804,El Jadida,Morocco,0.7168429496929387,5.753207124844058,855821.9284495837,2013,"{""type"":""MultiPoint"",""coordinates"":[]}"
1_2_00000000000000000ce1,147327,21832,Safi,Morocco,0.4365986447882589,7.235811862754255,636552.2146640347,2013,"{""type"":""MultiPoint"",""coordinates"":[]}"
1_2_00000000000000000ce2,147328,21788,Boulemane,Morocco,0.627891604225854,4.359700150486646,74165.26928049758,2013,"{""type"":""MultiPoint"",""coordinates"":[]}"
1_2_00000000000000000ce6,147329,21809,Kénitra,Morocco,1.4288362050021413,12.605316398784261,904613.1868452781,2013,"{""type"":""MultiPoint"",""coordinates"":[]}"
1_2_00000000000000000ce7,147329,21814,Sidi Kacem,Morocco,1.3948375114490423,8.248000750252697,366938.67855886,2013,"{""type"":""MultiPoint"",""coordinates"":[]}"
1_2_00000000000000000cea,147331,21825,Tan-Tan,Morocco,0.13843270270284197,8.487649304301044,12108.25731289959,2013,"{""type"":""MultiPoint"",""coordinates"":[]}"
1_2_00000000000000000ceb,147331,21827,Tata,Morocco,0.027901970898507263,1.9037024328155936,35110.31419769168,2013,"{""type"":""MultiPoint"",""coordinates"":[]}"
1_2_00000000000000000cee,147332,21823,Laâyoune,Morocco,0.014750132506583379,2.4753373388335063,4893.168547020971,2013,"{""type"":""MultiPoint"",""coordinates"":[]}"
1_2_00000000000000000cef,147333,21829,El Kelaâ des Sraghna,Morocco,0.3576687217766034,4.661162567106549,512229.68628751644,2013,"{""type"":""MultiPoint"",""coordinates"":[]}"
1_2_00000000000000000cf0,147333,21830,Essaouira,Morocco,0.7074737432927828,2.9986040659804662,171062.12861977203,2013,"{""type"":""MultiPoint"",""coordinates"":[]}"
1_2_00000000000000000cf4,147334,21810,Khémisset,Morocco,0.26277533433667133,11.853621947774796,324549.02411674534,2013,"{""type"":""MultiPoint"",""coordinates"":[]}"
1_2_00000000000000000cf5,147334,21812,Rabat,Morocco,22.94596891757999,49.40684221127635,578856.2118276482,2013,"{""type"":""MultiPoint"",""coordinates"":[]}"
1_2_00000000000000000cf6,147334,21813,Salé,Morocco,0.5358090586457273,40.18219706251404,640334.7984157713,2013,"{""type"":""MultiPoint"",""coordinates"":[]}"
1_2_00000000000000000cf8,147335,21826,Taroudannt,Morocco,0.7332771749163709,3.970121903399334,434915.4952028532,2013,"{""type"":""MultiPoint"",""coordinates"":[]}"
1_2_00000000000000000cf9,147335,21828,Tiznit,Morocco,0.19628674030276033,3.1036215864521037,187976.089090091,2013,"{""type"":""MultiPoint"",""coordinates"":[]}"
1_2_00000000000000000cff,147336,21799,Azilal,Morocco,0.7420320949198375,4.935216749326376,228371.75813685782,2013,"{""type"":""MultiPoint"",""coordinates"":[]}"
1_2_00000000000000000d00,147336,21802,Béni Mellal,Morocco,0.4390270466722659,8.019018214383202,739446.1249561312,2013,"{""type"":""MultiPoint"",""coordinates"":[]}"
1_2_00000000000000000d01,147337,21808,Chefchaouen,Morocco,1.2366002486082925,4.871431864028106,178127.09822959013,2013,"{""type"":""MultiPoint"",""coordinates"":[]}"
1_2_00000000000000000d02,147337,21811,Larache,Morocco,0.8049609951834026,13.167051371169634,306460.9306071948,2013,"{""type"":""MultiPoint"",""coordinates"":[]}"
1_2_00000000000000000d03,147337,21817,Tétouan,Morocco,0.43730586732506804,15.960232219964077,516423.32363493816,2013,"{""type"":""MultiPoint"",""coordinates"":[]}"
1_2_00000000000000000d06,147338,21787,Al Hoceïma,Morocco,1.2179667153142286,8.938960022387365,221064.23909015092,2013,"{""type"":""MultiPoint"",""coordinates"":[]}"
1_2_00000000000000000d07,147338,21790,Taounate,Morocco,1.1201288676529557,3.160811836522715,232584.31728833378,2013,"{""type"":""MultiPoint"",""coordinates"":[]}"
1_2_00000000000000000d08,147338,21791,Taza,Morocco,0.37916364234582345,9.483139924515484,344999.3774973168,2013,"{""type"":""MultiPoint"",""coordinates"":[]}"
1_2_0000000000000000204f,1705,36719,Al-Muwaqar,Jordan,0.4330477815530236,1.5440093356137303,28337.318737556132,2013,"{""type"":""MultiPoint"",""coordinates"":[]}"
1_2_00000000000000002050,1705,36715,Al-Jeeza,Jordan,0.1838224422627402,0.723208711807485,34865.978334066225,2013,"{""type"":""MultiPoint"",""coordinates"":[]}"
1_2_00000000000000002051,1705,36717,Amman,Jordan,90.26105939167218,17.172836119403634,572994.885936849,2013,"{""type"":""MultiPoint"",""coordinates"":[]}"
1_2_00000000000000002052,1705,36714,Jami'ah,Jordan,19.26300961825594,10.4460949043489,289002.8198292677,2013,"{""type"":""MultiPoint"",""coordinates"":[]}"
1_2_00000000000000002053,1705,36718,Marka,Jordan,26.724990838592905,28.328356871422898,496423.80671170214,2013,"{""type"":""MultiPoint"",""coordinates"":[]}"
1_2_00000000000000002054,1705,36720,Na'oor,Jordan,2.4332152815758987,3.4507606616564983,63943.34178364265,2013,"{""type"":""MultiPoint"",""coordinates"":[]}"
1_2_00000000000000002055,1705,36716,Qwaismeh,Jordan,16.253628250105482,9.416918458738005,266264.03560935153,2013,"{""type"":""MultiPoint"",""coordinates"":[]}"
1_2_00000000000000002056,1705,36721,Sahab,Jordan,0.6832018828311973,6.146578280355615,52268.16080451125,2013,"{""type"":""MultiPoint"",""coordinates"":[]}"
1_2_00000000000000002057,1705,36722,Wadisseer,Jordan,6.721393740122764,12.192251135891702,179687.57748010813,2013,"{""type"":""MultiPoint"",""coordinates"":[]}"
1_2_00000000000000002058,1703,36724,Al-Qwaira,Jordan,0.17941526902435123,0.2888086235171481,4484.870952590146,2013,"{""type"":""MultiPoint"",""coordinates"":[]}"
1_2_00000000000000002059,1702,36728,Al-Ruseifa,Jordan,1.4309415520265678,29.225946956171637,304095.7244183007,2013,"{""type"":""MultiPoint"",""coordinates"":[]}"
1_2_0000000000000000205a,1702,36726,Al-Shoona Al-Janoobiya,Jordan,1.5922972646848925,1.8187274112908174,47410.97305141181,2013,"{""type"":""MultiPoint"",""coordinates"":[]}"
1_2_0000000000000000205b,1702,36725,Dair Ala,Jordan,8.374812047089797,8.767055090001085,134434.8934400283,2013,"{""type"":""MultiPoint"",""coordinates"":[]}"
1_2_0000000000000000205c,1707,36730,Al-Aghwar Al-Shimaliya,Jordan,2.062492192737272,4.011901285136119,107414.83136902287,2013,"{""type"":""MultiPoint"",""coordinates"":[]}"
1_2_0000000000000000205d,1707,36735,Al-Koora,Jordan,3.9397524061716247,3.002084511660943,45249.63852782227,2013,"{""type"":""MultiPoint"",""coordinates"":[]}"
1_2_0000000000000000205e,1707,36736,Al-Mazar Al-Shimali,Jordan,3.5550789094916677,3.2940717494726304,28740.386436494664,2013,"{""type"":""MultiPoint"",""coordinates"":[]}"
1_2_0000000000000000205f,1707,36731,Al-Ramtha,Jordan,2.906732097915981,2.2802659876582605,71262.03549656428,2013,"{""type"":""MultiPoint"",""coordinates"":[]}"
1_2_00000000000000002060,1707,36729,Al-Teeba,Jordan,2.8135462128920152,2.7893477605933814,86267.58721749575,2013,"{""type"":""MultiPoint"",""coordinates"":[]}"
1_2_00000000000000002061,1707,36734,Beni Kinana,Jordan,3.6878686506483436,3.3992076112399543,88782.65840715035,2013,"{""type"":""MultiPoint"",""coordinates"":[]}"
1_2_00000000000000002062,1707,36732,Beni Obaid,Jordan,2.8664862545917216,4.312038135475314,96783.71985400893,2013,"{""type"":""MultiPoint"",""coordinates"":[]}"
1_2_00000000000000002063,1708,36737,Jarash,Jordan,2.311719463699913,3.819642432524929,155668.9098637428,2013,"{""type"":""MultiPoint"",""coordinates"":[]}"
1_2_00000000000000002064,1704,36738,Al-Aghwar Al-Janoobiya,Jordan,0.4060235706776502,1.135919445978822,16843.80665238149,2013,"{""type"":""MultiPoint"",""coordinates"":[]}"
1_2_00000000000000002065,1704,36741,Al-Mazar Al-Janoobi,Jordan,1.059428564691244,3.5693140472448817,47282.657568402166,2013,"{""type"":""MultiPoint"",""coordinates"":[]}"
1_2_00000000000000002066,1709,36745,Al-Shobak,Jordan,0.3358988652237693,0.35304393551665225,5675.136778953415,2013,"{""type"":""MultiPoint"",""coordinates"":[]}"
1_2_00000000000000002067,1709,36746,Wadi Moosa,Jordan,0.7988277716151738,2.7857349153225233,18565.52089374259,2013,"{""type"":""MultiPoint"",""coordinates"":[]}"
1_2_000000000000000021ad,25350,47603,Administrative unit not available,Montenegro,0.08463402647891126,0.2699580759966278,2907.196725904076,2013,"{""type"":""MultiPoint"",""coordinates"":[]}"
1_2_000000000000000021ae,25351,47604,Administrative unit not available,Montenegro,0.734311195511657,1.3496305835908435,23610.600018413505,2013,"{""type"":""MultiPoint"",""coordinates"":[]}"
1_2_000000000000000021af,25352,47605,Administrative unit not available,Montenegro,0.2334480552703103,1.160829083853305,19920.218598912117,2013,"{""type"":""MultiPoint"",""coordinates"":[]}"
1_2_000000000000000021b0,25353,47606,Administrative unit not available,Montenegro,0.8465722832763404,1.8011787355716036,17410.620091833902,2013,"{""type"":""MultiPoint"",""coordinates"":[]}"
1_2_000000000000000021b1,25354,47607,Administrative unit not available,Montenegro,1.7098435578138933,1.006868535468904,11621.39975432029,2013,"{""type"":""MultiPoint"",""coordinates"":[]}"
1_2_000000000000000021b2,25355,47608,Administrative unit not available,Montenegro,0.3577103795151852,0.802651417751512,11062.149427347704,2013,"{""type"":""MultiPoint"",""coordinates"":[]}"
1_2_000000000000000021b3,25356,47609,Administrative unit not available,Montenegro,0.4527399841635601,0.8871144412092704,9585.80477524445,2013,"{""type"":""MultiPoint"",""coordinates"":[]}"
1_2_000000000000000021b4,25357,47610,Administrative unit not available,Montenegro,1.0445617586277836,1.5409107269362932,14304.696160536856,2013,"{""type"":""MultiPoint"",""coordinates"":[]}"
1_2_000000000000000021b5,25358,47611,Administrative unit not available,Montenegro,0.08145394270207809,0.33888579525031437,2672.217159267691,2013,"{""type"":""MultiPoint"",""coordinates"":[]}"
1_2_000000000000000021b6,25359,47612,Administrative unit not available,Montenegro,0.9541960969276893,0.9406847793837997,6998.30411779719,2013,"{""type"":""MultiPoint"",""coordinates"":[]}"
1_2_000000000000000021b7,25360,47613,Administrative unit not available,Montenegro,0.6017250281113845,0.7573704093520417,2544.492770916132,2013,"{""type"":""MultiPoint"",""coordinates"":[]}"
1_2_000000000000000021b8,25361,47614,Administrative unit not available,Montenegro,0.20151402534123308,1.4062300712039606,34179.61442726541,2013,"{""type"":""MultiPoint"",""coordinates"":[]}"
1_2_000000000000000021b9,25362,47615,Administrative unit not available,Montenegro,0.2421276390798821,0.5503113638931441,6862.515454504686,2013,"{""type"":""MultiPoint"",""coordinates"":[]}"
1_2_000000000000000021ba,25363,47616,Administrative unit not available,Montenegro,0.17030959341476762,1.2911542389484487,13268.171250692616,2013,"{""type"":""MultiPoint"",""coordinates"":[]}"
1_2_000000000000000021bb,25364,47617,Administrative unit not available,Montenegro,0.014629262939868288,0.06363432890733053,338.2919840370159,2013,"{""type"":""MultiPoint"",""coordinates"":[]}"
1_2_000000000000000021bc,25365,47618,Administrative unit not available,Montenegro,1.1560370956466421,2.284353557129946,120700.44471413433,2013,"{""type"":""MultiPoint"",""coordinates"":[]}"
1_2_000000000000000021bd,25366,47619,Administrative unit not available,Montenegro,0.7310325751454225,1.8935454701938688,8351.704093966311,2013,"{""type"":""MultiPoint"",""coordinates"":[]}"
1_2_000000000000000021be,25367,47620,Administrative unit not available,Montenegro,0.02522247577424594,0.09910580215628352,283.14279822725075,2013,"{""type"":""MultiPoint"",""coordinates"":[]}"
1_2_000000000000000021bf,25368,47621,Administrative unit not available,Montenegro,0.9840357339269923,1.1892633557845371,11766.988634440308,2013,"{""type"":""MultiPoint"",""coordinates"":[]}"
1_2_000000000000000021c0,25369,47622,Administrative unit not available,Montenegro,0.5233140792085739,0.7014180713516309,9606.027082197368,2013,"{""type"":""MultiPoint"",""coordinates"":[]}"
1_2_000000000000000021c1,25370,47623,Administrative unit not available,Montenegro,0.026900962199119787,0.2562205387226034,2169.832262899779,2013,"{""type"":""MultiPoint"",""coordinates"":[]}"
1_2_00000000000000002373,652,6242,Neretvljanski,Bosnia and Herzegovina,0.23419222120722838,0.8958796307403488,146612.2318089968,2013,"{""type"":""MultiPoint"",""coordinates"":[]}"
1_2_00000000000000002374,652,6244,Sarajevo,Bosnia and Herzegovina,0.7500964101817912,7.72085398503514,349451.6211473046,2013,"{""type"":""MultiPoint"",""coordinates"":[]}"
1_2_00000000000000002375,652,6248,Zapadnobosanski,Bosnia and Herzegovina,0.13979952171865745,0.5558702918813022,46127.89980864106,2013,"{""type"":""MultiPoint"",""coordinates"":[]}"
1_2_00000000000000002376,652,6249,Zapadnohercegovacki,Bosnia and Herzegovina,0.3899238484195308,0.7205139586187839,75675.7320553332,2013,"{""type"":""MultiPoint"",""coordinates"":[]}"
1_2_00000000000000002377,653,6253,Bileca,Bosnia and Herzegovina,0.03661391374938855,0.4122086406024713,6618.2052521393,2013,"{""type"":""MultiPoint"",""coordinates"":[]}"
1_2_00000000000000002378,653,6268,Foca,Bosnia and Herzegovina,0.041542232103314876,0.4497734683691566,11641.73311054527,2013,"{""type"":""MultiPoint"",""coordinates"":[]}"
1_2_00000000000000002379,653,6269,Gacko,Bosnia and Herzegovina,0.038712894885735996,0.31570641067970023,5068.794095709769,2013,"{""type"":""MultiPoint"",""coordinates"":[]}"
1_2_0000000000000000237a,653,6279,Kalinovik,Bosnia and Herzegovina,0.01316368038010909,0.09696589259822438,865.2148019733384,2013,"{""type"":""MultiPoint"",""coordinates"":[]}"
1_2_0000000000000000237b,653,6282,Konjic,Bosnia and Herzegovina,0.025757423866292938,0.01844682826519111,2.2446955784936162,2013,"{""type"":""MultiPoint"",""coordinates"":[]}"
1_2_0000000000000000237c,653,6286,Ljubinje,Bosnia and Herzegovina,0.02241879657593316,0.24898914084908155,1678.6363901558777,2013,"{""type"":""MultiPoint"",""coordinates"":[]}"
1_2_0000000000000000237d,653,6291,Mostar,Bosnia and Herzegovina,0.04950879337266088,0.027526185377349858,119.91459408912296,2013,"{""type"":""MultiPoint"",""coordinates"":[]}"
1_2_0000000000000000237e,653,6293,Nevesinje,Bosnia and Herzegovina,0.04425111081355538,0.36278905080862994,6358.945486068972,2013,"{""type"":""MultiPoint"",""coordinates"":[]}"
1_2_0000000000000000237f,653,6310,Stolac,Bosnia and Herzegovina,0.028980656217616,0.08183695747047033,1090.3913102148467,2013,"{""type"":""MultiPoint"",""coordinates"":[]}"
1_2_00000000000000002380,653,6315,Trebinje,Bosnia and Herzegovina,0.10808500791207201,0.7133937678262928,17552.656325129945,2013,"{""type"":""MultiPoint"",""coordinates"":[]}"
1_2_00000000000000000e82,61510,61537,A L Labban,Egypt,285.50870886281876,68.49631697259622,35990.78502939262,2013,"{""type"":""MultiPoint"",""coordinates"":[]}"
1_2_00000000000000000e83,61510,61538,Al Amreia,Egypt,0.6746420875467665,10.994552987633682,479396.9004998326,2013,"{""type"":""MultiPoint"",""coordinates"":[]}"
1_2_00000000000000000e84,61510,61539,Al Attarin,Egypt,184.82339274354146,60.46819514673054,41970.62619905657,2013,"{""type"":""MultiPoint"",""coordinates"":[]}"
1_2_00000000000000000e85,61510,61540,Al Dikhila,Egypt,76.47524668876545,38.25289950296755,323012.74432994385,2013,"{""type"":""MultiPoint"",""coordinates"":[]}"
1_2_00000000000000000e86,61510,61541,Al Gumruk,Egypt,229.88153584798178,227.1862100421283,66806.25058339434,2013,"{""type"":""MultiPoint"",""coordinates"":[]}"
1_2_00000000000000000e87,61510,61542,Al Manshiyya,Egypt,326.22779846191406,124.00982619160028,22834.442278274833,2013,"{""type"":""MultiPoint"",""coordinates"":[]}"
1_2_00000000000000000e88,61510,61544,Bab Sharqi,Egypt,229.19409121423806,67.10700491209369,168621.626229589,2013,"{""type"":""MultiPoint"",""coordinates"":[]}"
1_2_00000000000000000e89,61510,61545,Burg al-Arab,Egypt,0.42897918609243,1.8658777845601513,51803.372378425,2013,"{""type"":""MultiPoint"",""coordinates"":[]}"
1_2_00000000000000000e8a,61510,61546,Burg Al-Arab City,Egypt,0.8760006485099014,4.413054986758603,40180.18503113686,2013,"{""type"":""MultiPoint"",""coordinates"":[]}"
1_2_00000000000000000e8b,61510,61547,Karmuz,Egypt,331.175368830748,79.14394988830001,112781.84873720056,2013,"{""type"":""MultiPoint"",""coordinates"":[]}"
1_2_00000000000000000e8c,61510,61548,Kesm than Al Raml,Egypt,93.73151942882461,136.59740902233884,377905.69595459563,2013,"{""type"":""MultiPoint"",""coordinates"":[]}"
1_2_00000000000000000e8d,61510,61549,Mina Al-Basal,Egypt,245.02198791503906,103.55753021632648,240340.9494562261,2013,"{""type"":""MultiPoint"",""coordinates"":[]}"
1_2_00000000000000000e8e,61510,61550,Muharam Bik,Egypt,233.02740649605775,137.30211640955326,283410.90630146087,2013,"{""type"":""MultiPoint"",""coordinates"":[]}"
1_2_00000000000000000e8f,61510,61551,Muntazah,Egypt,70.38393223117103,136.8634562832669,1116926.8356088928,2013,"{""type"":""MultiPoint"",""coordinates"":[]}"
1_2_00000000000000000e90,61510,61553,Port Alexandria Police Department,Egypt,0.0,143.87714694067458,11609.60151204128,2013,"{""type"":""MultiPoint"",""coordinates"":[]}"
1_2_00000000000000000e91,61510,61554,Sidi Gabir,Egypt,182.03964775296905,66.85583809041209,218210.33482535122,2013,"{""type"":""MultiPoint"",""coordinates"":[]}"
1_2_00000000000000000e92,61510,61555,Zemam Out,Egypt,0.0,0.028803603961027477,22.097032341090777,2013,"{""type"":""MultiPoint"",""coordinates"":[]}"
1_2_00000000000000000e93,61511,61556,Abnub,Egypt,16.515237111686325,17.048487935737526,299479.7410619126,2013,"{""type"":""MultiPoint"",""coordinates"":[]}"
1_2_00000000000000000e94,61511,61557,Abu Tig,Egypt,13.518142512645781,16.967814424126868,261661.0482906118,2013,"{""type"":""MultiPoint"",""coordinates"":[]}"
1_2_00000000000000000e95,61511,61558,Al- Badari,Egypt,25.517993997199376,14.832696047517807,209983.47593337036,2013,"{""type"":""MultiPoint"",""coordinates"":[]}"
1_2_00000000000000000e96,61511,61559,Al-Ghanayem,Egypt,16.738825186364494,11.973631033882517,102240.46225872744,2013,"{""type"":""MultiPoint"",""coordinates"":[]}"
1_2_00000000000000000e97,61511,61560,Al-Qusia,Egypt,12.506384424313298,15.166305889350351,355079.91579164163,2013,"{""type"":""MultiPoint"",""coordinates"":[]}"
1_2_00000000000000000e98,61511,61561,Alfath,Egypt,20.480671681788625,19.359589429124593,239190.81815981018,2013,"{""type"":""MultiPoint"",""coordinates"":[]}"
1_2_00000000000000000e99,61511,61562,Assuit,Egypt,12.984476734472912,17.4368959802369,398227.4767298708,2013,"{""type"":""MultiPoint"",""coordinates"":[]}"
1_2_00000000000000000e9a,61511,61563,Assuit City,Egypt,1.328969019651413,0.9212784909876057,1717.0508775892795,2013,"{""type"":""MultiPoint"",""coordinates"":[]}"
1_2_00000000000000000e9b,61511,61564,Dayrut,Egypt,12.494474143848372,18.56119303328032,456318.3112549721,2013,"{""type"":""MultiPoint"",""coordinates"":[]}"
1_2_00000000000000000e9c,61511,61565,Kesm Awal Assuit,Egypt,107.18010360404543,107.22291431020257,217517.99198612128,2013,"{""type"":""MultiPoint"",""coordinates"":[]}"
1_2_00000000000000000e9d,61511,61566,Kesm Than Assuit,Egypt,121.02310265435113,73.83865706031047,163831.98546843813,2013,"{""type"":""MultiPoint"",""coordinates"":[]}"
1_2_00000000000000000e9e,61511,61567,Manfalut,Egypt,14.540925705602016,18.061277989127642,409901.7345782176,2013,"{""type"":""MultiPoint"",""coordinates"":[]}"
1_2_00000000000000000e9f,61511,61568,Sahil Silim,Egypt,19.260063613964885,16.119107836792466,131384.32810384347,2013,"{""type"":""MultiPoint"",""coordinates"":[]}"
1_2_00000000000000000ea0,61511,61569,Sidfa,Egypt,13.229648469604268,13.872577272184758,150173.53506502532,2013,"{""type"":""MultiPoint"",""coordinates"":[]}"
1_2_00000000000000000ea1,61511,61570,Zemam Out,Egypt,2.0692502643283645E-5,1.9186106737355726,15021.56881949569,2013,"{""type"":""MultiPoint"",""coordinates"":[]}"
1_2_00000000000000000ea2,61512,61571,Abu Simbel,Egypt,,,0.0,2013,"{""type"":""MultiPoint"",""coordinates"":[]}"
1_2_00000000000000000ea3,61512,61572,Adfu,Egypt,5.75059806500866,9.822831693536166,248943.289780124,2013,"{""type"":""MultiPoint"",""coordinates"":[]}"
1_2_00000000000000000ea4,61512,61573,Aswan,Egypt,2.840193601620454,28.2604090749529,217069.69018806444,2013,"{""type"":""MultiPoint"",""coordinates"":[]}"
1_2_00000000000000000ea5,61512,61574,Aswan City,Egypt,0.0,0.0,0.0,2013,"{""type"":""MultiPoint"",""coordinates"":[]}"
1_2_00000000000000000ea6,61512,61575,Daraw,Egypt,4.394629458804032,8.162025004452497,63144.06015458535,2013,"{""type"":""MultiPoint"",""coordinates"":[]}"
1_2_00000000000000000ea7,61512,61576,Kum Umbu,Egypt,5.757748995710758,10.771451757995795,218046.2495691049,2013,"{""type"":""MultiPoint"",""coordinates"":[]}"
1_2_00000000000000000ea8,61512,61577,Nasr,Egypt,2.374134736564417,4.229426195606496,71025.18823598936,2013,"{""type"":""MultiPoint"",""coordinates"":[]}"
1_2_00000000000000000ea9,61512,61578,Tushaka,Egypt,0.0,0.0,0.0,2013,"{""type"":""MultiPoint"",""coordinates"":[]}"
1_2_00000000000000000eaa,61513,61580,Abu-l-Matamir,Egypt,1.2462775080305706,3.11179810049481,388138.56220875593,2013,"{""type"":""MultiPoint"",""coordinates"":[]}"
1_2_00000000000000000eab,61513,61581,Abu Hummus,Egypt,5.250048673628185,6.638172151027929,403482.2799234255,2013,"{""type"":""MultiPoint"",""coordinates"":[]}"
1_2_00000000000000000eac,61513,61582,Al-Dilingat,Egypt,4.23991442303014,4.517814724641921,299570.8670251792,2013,"{""type"":""MultiPoint"",""coordinates"":[]}"
1_2_00000000000000000ead,61513,61583,Al-Mahmudiyya,Egypt,7.469177550332454,14.126891478703874,215159.85892493892,2013,"{""type"":""MultiPoint"",""coordinates"":[]}"
1_2_00000000000000000eae,61513,61584,Al-Rahmaniyya,Egypt,6.236321497161782,10.845851666906976,127248.30274375895,2013,"{""type"":""MultiPoint"",""coordinates"":[]}"
1_2_00000000000000000eaf,61513,61585,Badr,Egypt,0.8786907404669947,2.7360917443390598,155106.69063717802,2013,"{""type"":""MultiPoint"",""coordinates"":[]}"
1_2_00000000000000000eb0,61513,61586,Damanhur,Egypt,6.89838873614598,30.558437981568296,674989.2386384464,2013,"{""type"":""MultiPoint"",""coordinates"":[]}"
1_2_00000000000000000eb1,61513,61587,Hush Isa,Egypt,4.746109082663299,6.851258868545526,196059.77347930084,2013,"{""type"":""MultiPoint"",""coordinates"":[]}"
1_2_00000000000000000eb2,61513,61588,Idku,Egypt,3.4377695983320486,15.062227288950229,144116.64009903983,2013,"{""type"":""MultiPoint"",""coordinates"":[]}"
1_2_00000000000000000eb3,61513,61589,Itay Al-Barud,Egypt,7.737028178363398,9.80044771033581,372612.39535305096,2013,"{""type"":""MultiPoint"",""coordinates"":[]}"
1_2_00000000000000000eb4,61513,61590,Kafr Al-Dawwar,Egypt,4.931671829775357,25.006182574804473,773328.2205189151,2013,"{""type"":""MultiPoint"",""coordinates"":[]}"
1_2_00000000000000000eb5,61513,61591,Kum Hamada,Egypt,7.243950532697806,9.224083342443462,389321.13193596323,2013,"{""type"":""MultiPoint"",""coordinates"":[]}"
1_2_00000000000000000eb6,61513,61592,Nubariyya West,Egypt,0.15712596813213242,0.5877752272722164,34460.239924507456,2013,"{""type"":""MultiPoint"",""coordinates"":[]}"
1_2_00000000000000000eb7,61513,61593,Rashid,Egypt,5.460087639029859,13.436522302438917,192237.03738001175,2013,"{""type"":""MultiPoint"",""coordinates"":[]}"
1_2_00000000000000000eb8,61513,61594,Shubra Khît,Egypt,7.484273383126681,10.899807666227609,221863.23270883085,2013,"{""type"":""MultiPoint"",""coordinates"":[]}"
1_2_00000000000000000eb9,61513,61595,Wadi Al-NatrUn,Egypt,14.927278395818863,56.377082384376315,65785.09839076437,2013,"{""type"":""MultiPoint"",""coordinates"":[]}"
1_2_00000000000000000eba,61513,61596,Zemam Out,Egypt,5.823556998075027E-4,2.078280100218589,6591.817142709566,2013,"{""type"":""MultiPoint"",""coordinates"":[]}"
1_2_00000000000000000ebb,61514,61597,Ahnasya,Egypt,8.750181282973964,11.841485153800424,281386.2727428338,2013,"{""type"":""MultiPoint"",""coordinates"":[]}"
1_2_00000000000000000ebc,61514,61598,Al Fashn,Egypt,7.472387169375875,12.02564828362218,334414.6298618469,2013,"{""type"":""MultiPoint"",""coordinates"":[]}"
1_2_00000000000000000ebd,61514,61599,Al Wasta,Egypt,9.49652580706933,16.72499479433697,354320.249032677,2013,"{""type"":""MultiPoint"",""coordinates"":[]}"
1_2_00000000000000000ebe,61514,61600,Bani Swayf,Egypt,10.947454516172405,30.275503214340166,489538.84872753173,2013,"{""type"":""MultiPoint"",""coordinates"":[]}"
1_2_00000000000000000ebf,61514,61601,Bani Swayf City,Egypt,0.29569579932486967,1.8819430630392784,13958.67981362863,2013,"{""type"":""MultiPoint"",""coordinates"":[]}"
1_2_00000000000000000ec0,61514,61602,Biba,Egypt,11.76665636354856,13.998656628864413,325714.2444766209,2013,"{""type"":""MultiPoint"",""coordinates"":[]}"
1_2_00000000000000000ec1,61514,61603,Nasir,Egypt,8.241219690226016,11.3288078170273,271165.81089971965,2013,"{""type"":""MultiPoint"",""coordinates"":[]}"
1_2_00000000000000000ec2,61514,61604,Sumusta,Egypt,9.745849963454546,13.84919531786692,198876.18524174634,2013,"{""type"":""MultiPoint"",""coordinates"":[]}"
1_2_00000000000000000ec3,61514,61605,Zemam Out,Egypt,5.7691035855757085E-5,0.9575784682719002,4298.2870607023815,2013,"{""type"":""MultiPoint"",""coordinates"":[]}"
1_2_00000000000000000ec4,61515,61606,15 Mayu,Egypt,5.734974710340056,13.554116455259397,78588.58576192385,2013,"{""type"":""MultiPoint"",""coordinates"":[]}"
1_2_00000000000000000ec5,61515,61607,Abdin,Egypt,193.25497416551204,41.03559032572158,36276.737229889506,2013,"{""type"":""MultiPoint"",""coordinates"":[]}"
1_2_00000000000000000ec6,61515,61608,Ain Shams,Egypt,490.0947007399339,131.17873098527738,456147.2394896413,2013,"{""type"":""MultiPoint"",""coordinates"":[]}"
1_2_00000000000000000ec7,61515,61609,Al Azbakiyya,Egypt,149.23704783121744,59.91903365698076,26757.626906480968,2013,"{""type"":""MultiPoint"",""coordinates"":[]}"
1_2_00000000000000000ec8,61515,61610,Al Darb al-Ahmar,Egypt,255.43077850341797,63.83260037166426,53867.60511193369,2013,"{""type"":""MultiPoint"",""coordinates"":[]}"
1_2_00000000000000000ec9,61515,61611,Al Khalifa,Egypt,30.94259530275265,48.35908343821134,224440.9716002315,2013,"{""type"":""MultiPoint"",""coordinates"":[]}"
1_2_00000000000000000eca,61515,61612,Al Matariyya,Egypt,658.0325775146484,171.6134412843451,457466.2488950842,2013,"{""type"":""MultiPoint"",""coordinates"":[]}"
1_2_00000000000000000ecb,61515,61613,Al Sahil,Egypt,469.92139053344727,156.1035080283602,260845.25885673973,2013,"{""type"":""MultiPoint"",""coordinates"":[]}"
1_2_00000000000000000ecc,61515,61614,Al Salam,Egypt,121.85223922506094,98.49041703179479,496138.8457406361,2013,"{""type"":""MultiPoint"",""coordinates"":[]}"
1_2_00000000000000000ecd,61515,61615,Al Sharabiyya,Egypt,457.6840598569512,71.88219831595445,202255.56963860002,2013,"{""type"":""MultiPoint"",""coordinates"":[]}"
1_2_00000000000000000ece,61515,61616,Al Tibbin,Egypt,18.74820838743836,18.496607124162708,61368.941561746105,2013,"{""type"":""MultiPoint"",""coordinates"":[]}"
1_2_00000000000000000ecf,61515,61617,Al Wayli,Egypt,113.87789286737856,83.92031402799823,71433.89274399704,2013,"{""type"":""MultiPoint"",""coordinates"":[]}"
1_2_00000000000000000ed0,61515,61618,Al Zahir,Egypt,245.75796508789062,84.50984505063593,60856.52466834572,2013,"{""type"":""MultiPoint"",""coordinates"":[]}"
1_2_00000000000000000ed1,61515,61619,Al Zaytun,Egypt,306.5312974717882,129.31784114829557,285917.8995988436,2013,"{""type"":""MultiPoint"",""coordinates"":[]}"
1_2_00000000000000000ed2,61515,61620,Bab Al-Shariyya,Egypt,417.81268310546875,89.35373324607207,48002.41853631712,2013,"{""type"":""MultiPoint"",""coordinates"":[]}"
1_2_00000000000000000ed3,61515,61621,Badr,Egypt,1.1549539380971858,1.3502924230444244,15160.198549063882,2013,"{""type"":""MultiPoint"",""coordinates"":[]}"
1_2_00000000000000000ed4,61515,61622,Basatin,Egypt,114.08126758756698,165.25663349786322,725182.3075445701,2013,"{""type"":""MultiPoint"",""coordinates"":[]}"
1_2_00000000000000000ed5,61515,61623,Bulaq,Egypt,209.42012532552084,118.54070718698131,55900.21282079361,2013,"{""type"":""MultiPoint"",""coordinates"":[]}"
1_2_00000000000000000ed6,61515,61624,Gamaliyya,Egypt,188.84005881755397,65.46212127518616,46250.05067108752,2013,"{""type"":""MultiPoint"",""coordinates"":[]}"
1_2_00000000000000000ed7,61515,61625,Hadaiq Al-Qubba,Egypt,585.5445922851562,179.71638363114064,259716.45664247993,2013,"{""type"":""MultiPoint"",""coordinates"":[]}"
1_2_00000000000000000ed8,61515,61626,Hilwan,Egypt,67.57026470067069,55.30958237822002,578282.8566883112,2013,"{""type"":""MultiPoint"",""coordinates"":[]}"
1_2_00000000000000000ed9,61515,61627,Maadi,Egypt,5.723971151774212,60.475840886600146,81077.33775659827,2013,"{""type"":""MultiPoint"",""coordinates"":[]}"
1_2_00000000000000000eda,61515,61628,Madinat Nasr-2,Egypt,33.02795965644501,31.472086627560866,72543.32703865271,2013,"{""type"":""MultiPoint"",""coordinates"":[]}"
1_2_00000000000000000edb,61515,61629,Marg,Egypt,217.87210284492056,117.0505446740723,443691.0243221508,2013,"{""type"":""MultiPoint"",""coordinates"":[]}"
1_2_00000000000000000edc,61515,61630,Minshat Nasir,Egypt,378.34117344447543,185.49184067587342,227421.56760124888,2013,"{""type"":""MultiPoint"",""coordinates"":[]}"
1_2_00000000000000000edd,61515,61631,Misr al-Gadida,Egypt,97.02720105966455,31.408626805869748,102824.91219871369,2013,"{""type"":""MultiPoint"",""coordinates"":[]}"
1_2_00000000000000000ede,61515,61632,Misr Al-Qadima,Egypt,164.80738830566406,77.36084394706975,193314.51643875721,2013,"{""type"":""MultiPoint"",""coordinates"":[]}"
1_2_00000000000000000edf,61515,61633,Muski,Egypt,205.1039120537359,66.37562919596398,21803.154617848115,2013,"{""type"":""MultiPoint"",""coordinates"":[]}"
1_2_00000000000000000ee0,61515,61634,Nasr City,Egypt,34.5425529769777,44.48479563673154,442588.9024369902,2013,"{""type"":""MultiPoint"",""coordinates"":[]}"
1_2_00000000000000000ee1,61515,61635,New Cairo-1,Egypt,0.17672575683023578,2.055359076556216,25670.80618266275,2013,"{""type"":""MultiPoint"",""coordinates"":[]}"
1_2_00000000000000000ee2,61515,61636,New Cairo-2,Egypt,0.6094696887995065,2.7789911348933787,35900.785280362004,2013,"{""type"":""MultiPoint"",""coordinates"":[]}"
1_2_00000000000000000ee3,61515,61637,New Cairo-3,Egypt,0.735554074587869,6.367604903662347,46556.23899208828,2013,"{""type"":""MultiPoint"",""coordinates"":[]}"
1_2_00000000000000000ee4,61515,61638,Nuzha,Egypt,16.97785901279749,28.58818965608172,152372.1712108536,2013,"{""type"":""MultiPoint"",""coordinates"":[]}"
1_2_00000000000000000ee5,61515,61639,Qasr Al-Nile,Egypt,66.50356597900391,53.54768505718657,10923.720472941674,2013,"{""type"":""MultiPoint"",""coordinates"":[]}"
1_2_00000000000000000ee6,61515,61640,Rud Al-Farag,Egypt,454.53540580744186,156.29824344992693,124897.73250181909,2013,"{""type"":""MultiPoint"",""coordinates"":[]}"
1_2_00000000000000000ee7,61515,61641,Sayyida Zainab,Egypt,274.9163820233535,55.983996792565215,116674.49772663492,2013,"{""type"":""MultiPoint"",""coordinates"":[]}"
1_2_00000000000000000ee8,61515,61642,Shroq,Egypt,0.6946396863250084,2.3360348299371543,20655.272400559395,2013,"{""type"":""MultiPoint"",""coordinates"":[]}"
1_2_00000000000000000ee9,61515,61643,Shubra,Egypt,437.3677673339844,70.88440498636584,71606.42868598491,2013,"{""type"":""MultiPoint"",""coordinates"":[]}"
1_2_00000000000000000eea,61515,61644,Tura,Egypt,2.435668333593498,20.204207435690126,79987.6735526468,2013,"{""type"":""MultiPoint"",""coordinates"":[]}"
1_2_00000000000000000eeb,61515,61645,Zamalik,Egypt,47.03725929260254,56.91069571862971,16877.785976507148,2013,"{""type"":""MultiPoint"",""coordinates"":[]}"
1_2_00000000000000000eec,61515,61646,Zawiyya Al-Hamra,Egypt,497.06712123325894,63.81688204598898,280966.9428003648,2013,"{""type"":""MultiPoint"",""coordinates"":[]}"
1_2_00000000000000000eed,61515,61647,Zemam Out,Egypt,0.0015345019018535178,2.4861860884745504,3627.7496708291824,2013,"{""type"":""MultiPoint"",""coordinates"":[]}"
1_2_00000000000000000eee,61516,61648,Aga,Egypt,10.248702522135256,14.09065855782959,388819.11300198425,2013,"{""type"":""MultiPoint"",""coordinates"":[]}"
1_2_00000000000000000eef,61516,61649,Bany Abeed,Egypt,4.733358619857899,11.297732902516046,97626.19994803346,2013,"{""type"":""MultiPoint"",""coordinates"":[]}"
1_2_00000000000000000ef0,61516,61650,Bilqas,Egypt,2.7325421715967235,7.692037401847377,412845.5726283559,2013,"{""type"":""MultiPoint"",""coordinates"":[]}"
1_2_00000000000000000ef1,61516,61651,Dikirnis,Egypt,6.486177615608808,15.87301874145058,270149.04668397806,2013,"{""type"":""MultiPoint"",""coordinates"":[]}"
1_2_00000000000000000ef2,61516,61652,E Mansora 2,Egypt,61.14795318945171,71.37954577138814,184444.5703354012,2013,"{""type"":""MultiPoint"",""coordinates"":[]}"
1_2_00000000000000000ef3,61516,61653,El Mansora,Egypt,8.954827979147703,16.04284914902803,438042.829122743,2013,"{""type"":""MultiPoint"",""coordinates"":[]}"
1_2_00000000000000000ef4,61516,61654,El Mansora 1,Egypt,189.04236681082534,86.86732933641669,240327.55181423263,2013,"{""type"":""MultiPoint"",""coordinates"":[]}"
1_2_00000000000000000ef5,61516,61655,Gamaliyya,Egypt,5.240476281313007,10.566617541445881,80306.70422774447,2013,"{""type"":""MultiPoint"",""coordinates"":[]}"
1_2_00000000000000000ef6,61516,61656,Gamsa,Egypt,3.7019245925370696,9.442259768510276,2545.241450533446,2013,"{""type"":""MultiPoint"",""coordinates"":[]}"
1_2_00000000000000000ef7,61516,61657,Mahalet Demna,Egypt,6.2481169329631285,15.866510081119,44466.37575573874,2013,"{""type"":""MultiPoint"",""coordinates"":[]}"
1_2_00000000000000000ef8,61516,61658,Manzala,Egypt,5.45262609742285,11.76236202783657,252912.51960513956,2013,"{""type"":""MultiPoint"",""coordinates"":[]}"
1_2_00000000000000000ef9,61516,61659,Matariyya,Egypt,15.485903286888838,23.650684485681573,119042.2515189218,2013,"{""type"":""MultiPoint"",""coordinates"":[]}"
1_2_00000000000000000efa,61516,61660,Minya Al-Nasr,Egypt,4.754976514783246,14.843895194503588,224490.2947316093,2013,"{""type"":""MultiPoint"",""coordinates"":[]}"
1_2_00000000000000000efb,61516,61661,Mit Ghamr,Egypt,13.487000429041865,23.46414423211976,618549.0978898801,2013,"{""type"":""MultiPoint"",""coordinates"":[]}"
1_2_00000000000000000efc,61516,61662,MIt Salsil,Egypt,3.2391566807886463,6.270624663929057,53502.50492037063,2013,"{""type"":""MultiPoint"",""coordinates"":[]}"
1_2_00000000000000000efd,61516,61663,Nebro,Egypt,6.744735241602788,13.31533520244022,211353.76267608104,2013,"{""type"":""MultiPoint"",""coordinates"":[]}"
1_2_00000000000000000efe,61516,61664,Shirbin,Egypt,6.494477473558372,13.693928537647695,329392.88069167786,2013,"{""type"":""MultiPoint"",""coordinates"":[]}"
1_2_00000000000000000eff,61516,61665,Sinbillawin,Egypt,8.487804857183715,13.162320866605478,435788.6930527156,2013,"{""type"":""MultiPoint"",""coordinates"":[]}"
1_2_00000000000000000f00,61516,61666,Talkha,Egypt,11.502955862325203,17.29283602435828,299390.247954838,2013,"{""type"":""MultiPoint"",""coordinates"":[]}"
1_2_00000000000000000f01,61516,61667,Tamy Al-Amdid,Egypt,6.748919687042273,9.12632921765886,135562.91985797256,2013,"{""type"":""MultiPoint"",""coordinates"":[]}"
1_2_00000000000000000f02,61517,61668,Dumyat,Egypt,6.9722961765099525,24.296565287097557,238372.21421735873,2013,"{""type"":""MultiPoint"",""coordinates"":[]}"
1_2_00000000000000000f03,61517,61669,Dumyat 1,Egypt,75.04777033188763,50.01291853214373,76585.10449628641,2013,"{""type"":""MultiPoint"",""coordinates"":[]}"
1_2_00000000000000000f04,61517,61670,Dumyat 2,Egypt,203.24507532940993,122.79343652833988,125175.61185883165,2013,"{""type"":""MultiPoint"",""coordinates"":[]}"
1_2_00000000000000000f05,61517,61671,Dumyat Al-Gadida,Egypt,1.6197707636574763,4.142476287121848,28895.936498868585,2013,"{""type"":""MultiPoint"",""coordinates"":[]}"
1_2_00000000000000000f06,61517,61672,Fariskur,Egypt,9.522304987993381,13.74763816012324,197896.21312363917,2013,"{""type"":""MultiPoint"",""coordinates"":[]}"
1_2_00000000000000000f07,61517,61673,Kafr Sad,Egypt,6.49170176047962,10.423940202417636,286089.8743667025,2013,"{""type"":""MultiPoint"",""coordinates"":[]}"
1_2_00000000000000000f08,61517,61674,Police Department Port of Damietta,Egypt,0.0,2.317093954802884,114.32465382884531,2013,"{""type"":""MultiPoint"",""coordinates"":[]}"
1_2_00000000000000000f09,61517,61675,Ras al-Bar,Egypt,28.72544073701758,15.166731444288304,9760.286208997994,2013,"{""type"":""MultiPoint"",""coordinates"":[]}"
1_2_00000000000000000f0a,61517,61676,Zarqa,Egypt,9.510044068150828,17.684596600623028,119855.68593461468,2013,"{""type"":""MultiPoint"",""coordinates"":[]}"
1_2_00000000000000000f0b,61518,61677,Abshaway,Egypt,13.242503929075918,12.745378365166545,296996.46437133045,2013,"{""type"":""MultiPoint"",""coordinates"":[]}"
1_2_00000000000000000f0c,61518,61678,Atsa,Egypt,7.755289147044254,9.7579134284486,498532.8613610155,2013,"{""type"":""MultiPoint"",""coordinates"":[]}"
1_2_00000000000000000f0d,61518,61679,Fayyum,Egypt,6.982723544677086,35.2239933915876,703657.6828039291,2013,"{""type"":""MultiPoint"",""coordinates"":[]}"
1_2_00000000000000000f0e,61518,61680,Fayyum City,Egypt,0.0,0.0,0.0,2013,"{""type"":""MultiPoint"",""coordinates"":[]}"
1_2_00000000000000000f0f,61518,61681,Sinuras,Egypt,12.507425908449987,15.971980383796609,436314.910382208,2013,"{""type"":""MultiPoint"",""coordinates"":[]}"
1_2_00000000000000000f10,61518,61682,Tamya,Egypt,7.250966901783429,8.484605049997072,315626.2123729514,2013,"{""type"":""MultiPoint"",""coordinates"":[]}"
1_2_00000000000000000f11,61518,61683,Yousef El sadeq,Egypt,7.74881135781651,10.462777550279329,279338.7953354402,2013,"{""type"":""MultiPoint"",""coordinates"":[]}"
1_2_00000000000000000f12,61518,61684,Zemam Out,Egypt,1.4315691066163847E-5,0.8617490769319971,3910.41330911003,2013,"{""type"":""MultiPoint"",""coordinates"":[]}"
1_2_00000000000000000f13,61519,61685,Basyun,Egypt,8.741607553071802,11.048013097293248,236227.3549297818,2013,"{""type"":""MultiPoint"",""coordinates"":[]}"
1_2_00000000000000000f14,61519,61686,El Mahalla El Kobra,Egypt,6.948845652936117,13.936682931784198,568064.5616855349,2013,"{""type"":""MultiPoint"",""coordinates"":[]}"
1_2_00000000000000000f15,61519,61687,El Mahalla El Kobra 1,Egypt,196.46166838869524,105.51389159311317,198882.9009646398,2013,"{""type"":""MultiPoint"",""coordinates"":[]}"
1_2_00000000000000000f16,61519,61688,El Mahalla El Kobra 2,Egypt,113.23949127197265,109.63189650256227,229038.92749444005,2013,"{""type"":""MultiPoint"",""coordinates"":[]}"
1_2_00000000000000000f17,61519,61689,Kafr Al-Zayyat,Egypt,10.491038334473815,17.420707854589924,367693.1630545893,2013,"{""type"":""MultiPoint"",""coordinates"":[]}"
1_2_00000000000000000f18,61519,61690,Qutur,Egypt,7.249578170014608,8.50009950307097,269996.4377441418,2013,"{""type"":""MultiPoint"",""coordinates"":[]}"
1_2_00000000000000000f19,61519,61691,Samannud,Egypt,9.47968732046824,19.322733639790307,287145.38300755166,2013,"{""type"":""MultiPoint"",""coordinates"":[]}"
1_2_00000000000000000f1a,61519,61692,Santa,Egypt,10.243255476737044,12.959503650221142,359088.4329144916,2013,"{""type"":""MultiPoint"",""coordinates"":[]}"
1_2_00000000000000000f1b,61519,61693,Tanta,Egypt,9.502364852627707,15.222961949151086,524988.0942565807,2013,"{""type"":""MultiPoint"",""coordinates"":[]}"
1_2_00000000000000000f1c,61519,61694,Tanta 1,Egypt,124.85024854871962,79.91812154024795,195159.8588560367,2013,"{""type"":""MultiPoint"",""coordinates"":[]}"
1_2_00000000000000000f1d,61519,61695,Tanta 2,Egypt,164.76038707125292,79.68337371681685,211673.28717730654,2013,"{""type"":""MultiPoint"",""coordinates"":[]}"
1_2_00000000000000000f1e,61519,61696,Zifta,Egypt,12.47790742422158,19.70412953660658,431087.70116988313,2013,"{""type"":""MultiPoint"",""coordinates"":[]}"
1_2_00000000000000000f1f,61520,61697,6 October-1,Egypt,9.438353628745077,5.86832314146183,41720.32192821362,2013,"{""type"":""MultiPoint"",""coordinates"":[]}"
1_2_00000000000000000f20,61520,61698,6 October-2,Egypt,18.384967788004268,11.198518255743569,123826.42245860938,2013,"{""type"":""MultiPoint"",""coordinates"":[]}"
1_2_00000000000000000f21,61520,61699,Al-Aguza,Egypt,290.20495066003446,103.84816293084852,171158.79414455933,2013,"{""type"":""MultiPoint"",""coordinates"":[]}"
1_2_00000000000000000f22,61520,61700,Al-Ahram,Egypt,137.73592334175058,75.52020511035408,324369.5489372853,2013,"{""type"":""MultiPoint"",""coordinates"":[]}"
1_2_00000000000000000f23,61520,61701,Atfeh,Egypt,12.240942296209864,14.593309345702936,237442.1157586686,2013,"{""type"":""MultiPoint"",""coordinates"":[]}"
1_2_00000000000000000f24,61520,61702,Ayat,Egypt,17.25920360392283,15.434083746964331,380911.60851481854,2013,"{""type"":""MultiPoint"",""coordinates"":[]}"
1_2_00000000000000000f25,61520,61703,Badrashain,Egypt,22.4873632364729,22.321460092897787,415375.87900680536,2013,"{""type"":""MultiPoint"",""coordinates"":[]}"
1_2_00000000000000000f26,61520,64448,Bahariya Oasis,Egypt,0.11244751416906074,0.9391817932189085,1539.612602188715,2013,"{""type"":""MultiPoint"",""coordinates"":[]}"
1_2_00000000000000000f27,61520,64449,Bulaq Al-DakrUr,Egypt,586.2087202940935,199.3140282240594,595337.5145213408,2013,"{""type"":""MultiPoint"",""coordinates"":[]}"
1_2_00000000000000000f28,61520,64451,DuqqI,Egypt,174.0637264251709,104.41893701471498,107209.65898961082,2013,"{""type"":""MultiPoint"",""coordinates"":[]}"
1_2_00000000000000000f29,61520,64453,Giza,Egypt,37.99400437722672,86.96851245941966,539896.5904033734,2013,"{""type"":""MultiPoint"",""coordinates"":[]}"
1_2_00000000000000000f2a,61520,65305,Hwamdeia,Egypt,42.58669923481188,52.6676710307303,150185.35906613292,2013,"{""type"":""MultiPoint"",""coordinates"":[]}"
1_2_00000000000000000f2b,61520,65315,Imbaba,Egypt,13.95560747041927,131.36693322126337,1059044.5214495058,2013,"{""type"":""MultiPoint"",""coordinates"":[]}"
1_2_00000000000000000f2c,61520,65317,Kardasa,Egypt,41.96704663529421,75.97642507917219,564552.6607602059,2013,"{""type"":""MultiPoint"",""coordinates"":[]}"
1_2_00000000000000000f2d,61520,65321,Saf,Egypt,13.737233775595886,12.870280397679197,269695.053774966,2013,"{""type"":""MultiPoint"",""coordinates"":[]}"
1_2_00000000000000000f2e,61520,65336,Shaykh Zayed,Egypt,5.929096882159893,4.155755564636988,31507.04453815947,2013,"{""type"":""MultiPoint"",""coordinates"":[]}"
1_2_00000000000000000f2f,61520,65337,Umraniyya,Egypt,425.9936374973606,129.24155538325286,791145.9182563933,2013,"{""type"":""MultiPoint"",""coordinates"":[]}"
1_2_00000000000000000f30,61520,65345,Waraq,Egypt,66.08052321013201,106.51695695977666,862234.8330984411,2013,"{""type"":""MultiPoint"",""coordinates"":[]}"
1_2_00000000000000000f31,61520,65350,Zemam out,Egypt,0.022461182054106587,1.140861932025612,39549.45809421019,2013,"{""type"":""MultiPoint"",""coordinates"":[]}"
1_2_00000000000000000f32,61521,65711,Fayid,Egypt,6.624927720783633,6.00939526445663,107925.37093216027,2013,"{""type"":""MultiPoint"",""coordinates"":[]}"
1_2_00000000000000000f33,61521,65747,Ismailiyya,Egypt,0.6892019489689666,5.956407400206183,244769.11994140586,2013,"{""type"":""MultiPoint"",""coordinates"":[]}"
1_2_00000000000000000f34,61521,65748,Ismailiyya 1,Egypt,13.05175220875202,23.22331259723703,34319.90107230883,2013,"{""type"":""MultiPoint"",""coordinates"":[]}"
1_2_00000000000000000f35,61521,65749,Ismailiyya 2,Egypt,20.956448910059656,89.32474171389994,163116.54865162,2013,"{""type"":""MultiPoint"",""coordinates"":[]}"
1_2_00000000000000000f36,61521,65751,Ismailiyya 3,Egypt,77.42443370819092,38.12287861058424,94236.28448264177,2013,"{""type"":""MultiPoint"",""coordinates"":[]}"
1_2_00000000000000000f37,61521,65752,"Qantara Gharb, al-",Egypt,0.4191686945577184,3.9846136367457126,105630.12086901769,2013,"{""type"":""MultiPoint"",""coordinates"":[]}"
1_2_00000000000000000f38,61521,65753,"Qantara Sharq, al-",Egypt,0.06805317530617165,0.7888103256536122,32952.443913444244,2013,"{""type"":""MultiPoint"",""coordinates"":[]}"
1_2_00000000000000000f39,61521,65754,"Tal al-Kabir, al-",Egypt,0.6111579451219539,3.2034898763390784,147280.73808384658,2013,"{""type"":""MultiPoint"",""coordinates"":[]}"
1_2_00000000000000000f3a,61522,65755,Al Hamul,Egypt,2.4490485116866956,4.90771321170711,247912.38173777034,2013,"{""type"":""MultiPoint"",""coordinates"":[]}"
1_2_00000000000000000f3b,61522,65758,Biyalu,Egypt,3.7427623084439303,5.964110367980657,228968.4712042163,2013,"{""type"":""MultiPoint"",""coordinates"":[]}"
1_2_00000000000000000f3c,61522,65759,Burullus,Egypt,3.493731267601644,10.985811404365316,165813.92222617142,2013,"{""type"":""MultiPoint"",""coordinates"":[]}"
1_2_00000000000000000f3d,61522,65760,Disuq,Egypt,4.911783831234706,25.87944876675398,431237.727936688,2013,"{""type"":""MultiPoint"",""coordinates"":[]}"
1_2_00000000000000000f3e,61522,65761,Fuwwa,Egypt,6.465380137172746,15.407388884955251,134157.12270008642,2013,"{""type"":""MultiPoint"",""coordinates"":[]}"
1_2_00000000000000000f3f,61522,65762,Kafr Al-Shaykh,Egypt,4.939730361865758,19.187033121246728,485705.10155376326,2013,"{""type"":""MultiPoint"",""coordinates"":[]}"
1_2_00000000000000000f40,61522,65763,Mitubas,Egypt,4.506288860869386,8.208228468334882,214458.99715172895,2013,"{""type"":""MultiPoint"",""coordinates"":[]}"
1_2_00000000000000000f41,61522,65766,Qillin,Egypt,7.751950679642348,11.029819830198004,198718.02368859504,2013,"{""type"":""MultiPoint"",""coordinates"":[]}"
1_2_00000000000000000f42,61522,65793,Riyad,Egypt,2.742813226340435,4.904313813826585,133596.13815069242,2013,"{""type"":""MultiPoint"",""coordinates"":[]}"
1_2_00000000000000000f43,61522,65801,Sidi Salim,Egypt,3.7399166309024987,6.37319082001699,303284.89985206065,2013,"{""type"":""MultiPoint"",""coordinates"":[]}"
1_2_00000000000000000f44,61523,65802,Abour,Egypt,17.763883024300792,11.563510798957799,40888.23464433444,2013,"{""type"":""MultiPoint"",""coordinates"":[]}"
1_2_00000000000000000f45,61523,65804,Al Khanka,Egypt,22.929660905177077,23.495866419565356,432443.1824256526,2013,"{""type"":""MultiPoint"",""coordinates"":[]}"
1_2_00000000000000000f46,61523,65806,Banha,Egypt,16.96248880357298,29.978970781746753,522716.82974080025,2013,"{""type"":""MultiPoint"",""coordinates"":[]}"
1_2_00000000000000000f47,61523,65807,Kafr Shukr,Egypt,16.736900401889965,13.620234667001544,144923.1172964685,2013,"{""type"":""MultiPoint"",""coordinates"":[]}"
1_2_00000000000000000f48,61523,65811,Khsos,Egypt,405.55224609375,181.35998948033682,278617.336899821,2013,"{""type"":""MultiPoint"",""coordinates"":[]}"
1_2_00000000000000000f49,61523,65815,Qaha,Egypt,13.240099995416697,12.036872696992143,34971.03044380954,2013,"{""type"":""MultiPoint"",""coordinates"":[]}"
1_2_00000000000000000f4a,61523,65816,Qalyub,Egypt,21.747027203829834,37.312450978622905,471580.169560254,2013,"{""type"":""MultiPoint"",""coordinates"":[]}"
1_2_00000000000000000f4b,61523,65817,Qanatir Al-Khayriyya,Egypt,20.997230426124506,25.405685449888434,373232.86070116545,2013,"{""type"":""MultiPoint"",""coordinates"":[]}"
1_2_00000000000000000f4c,61523,65819,Shibin al-Qanatir,Egypt,20.48399454146041,18.85031916645821,413804.61400825105,2013,"{""type"":""MultiPoint"",""coordinates"":[]}"
1_2_00000000000000000f4d,61523,65821,Shubra Al-Khayma 1,Egypt,401.53991306849883,169.8355218387226,443364.99646420986,2013,"{""type"":""MultiPoint"",""coordinates"":[]}"
1_2_00000000000000000f4e,61523,65824,Shubra Al-Khayma 2,Egypt,274.3223377574574,116.78140161255767,564970.706524688,2013,"{""type"":""MultiPoint"",""coordinates"":[]}"
1_2_00000000000000000f4f,61523,65825,Tukh,Egypt,14.467388775641215,13.019698524310376,448146.5920851307,2013,"{""type"":""MultiPoint"",""coordinates"":[]}"
1_2_00000000000000000f50,61523,65828,Zemam Out,Egypt,0.0,2.783868465660007,1877.8623572368244,2013,"{""type"":""MultiPoint"",""coordinates"":[]}"
1_2_00000000000000000f51,61524,65830,Luxor,Egypt,30.94788670869375,44.363684685774004,919333.3425856907,2013,"{""type"":""MultiPoint"",""coordinates"":[]}"
1_2_00000000000000000f52,61524,65832,Tiba police station,Egypt,18.531122830688492,22.391167964819427,129507.68854049232,2013,"{""type"":""MultiPoint"",""coordinates"":[]}"
1_2_00000000000000000f53,61524,65833,Zemam Out,Egypt,0.0,6.178729796029319,3857.1896279302296,2013,"{""type"":""MultiPoint"",""coordinates"":[]}"
1_2_00000000000000000f54,61525,65834,Al-Hammam,Egypt,0.020207517096880633,1.6643738004413278,60305.482089832854,2013,"{""type"":""MultiPoint"",""coordinates"":[]}"
1_2_00000000000000000f55,61525,65835,Alamn,Egypt,5.078582943228923E-4,0.3776551887015494,4747.711551484074,2013,"{""type"":""MultiPoint"",""coordinates"":[]}"
1_2_00000000000000000f56,61525,65837,Daba,Egypt,0.044565213579493,0.8309746840776386,24740.18331433918,2013,"{""type"":""MultiPoint"",""coordinates"":[]}"
1_2_00000000000000000f57,61525,65838,Marsa Matruh,Egypt,0.07237190479260334,2.6013781298349974,165676.59837936718,2013,"{""type"":""MultiPoint"",""coordinates"":[]}"
1_2_00000000000000000f58,61525,65840,Salloum,Egypt,0.02092859406691462,0.821094661610543,8538.693223771177,2013,"{""type"":""MultiPoint"",""coordinates"":[]}"
1_2_00000000000000000f59,61525,65841,Sidi Barani,Egypt,0.05428544087085352,0.7245398964564109,24029.848334972095,2013,"{""type"":""MultiPoint"",""coordinates"":[]}"
1_2_00000000000000000f5a,61525,65842,Siwa,Egypt,0.0,0.251080886341942,11238.361906655455,2013,"{""type"":""MultiPoint"",""coordinates"":[]}"
1_2_00000000000000000f5b,61526,65843,Kesm Al-minya,Egypt,78.46699993426984,62.88414799632948,233099.41800592834,2013,"{""type"":""MultiPoint"",""coordinates"":[]}"
1_2_00000000000000000f5c,61526,65845,Kesm Mallawi,Egypt,41.029432736506074,69.36882726199079,138069.6386151646,2013,"{""type"":""MultiPoint"",""coordinates"":[]}"
1_2_00000000000000000f5d,61526,65846,Markz Abu Qurqas,Egypt,10.245966752958282,13.966889956167332,460521.11522477615,2013,"{""type"":""MultiPoint"",""coordinates"":[]}"
1_2_00000000000000000f5e,61526,65848,Markz Al Idwa,Egypt,7.125708610721595,9.035595013907244,204452.7637862551,2013,"{""type"":""MultiPoint"",""coordinates"":[]}"
1_2_00000000000000000f5f,61526,65849,Markz Al Minya,Egypt,8.496732371610484,14.544336442712952,518590.0524195387,2013,"{""type"":""MultiPoint"",""coordinates"":[]}"
1_2_00000000000000000f60,61526,65850,Markz Bani Mazar,Egypt,9.49173584255065,15.478935761156263,456939.44308168895,2013,"{""type"":""MultiPoint"",""coordinates"":[]}"
1_2_00000000000000000f61,61526,65852,Markz Dir Mawas,Egypt,9.246715193726434,13.19329005460257,297070.75146319735,2013,"{""type"":""MultiPoint"",""coordinates"":[]}"
1_2_00000000000000000f62,61526,65854,Markz Maghagha,Egypt,11.48984740729219,15.575198143272297,427680.08924597607,2013,"{""type"":""MultiPoint"",""coordinates"":[]}"
1_2_00000000000000000f63,61526,65855,Markz Mallawi,Egypt,9.506388145594334,19.229869012189948,552194.6359549153,2013,"{""type"":""MultiPoint"",""coordinates"":[]}"
1_2_00000000000000000f64,61526,65857,Markz Matay,Egypt,8.742571311986616,12.059524933356988,233475.40996340412,2013,"{""type"":""MultiPoint"",""coordinates"":[]}"
1_2_00000000000000000f65,61526,65862,Markz Samalut,Egypt,6.496248324375899,14.025032713661716,579503.3189748137,2013,"{""type"":""MultiPoint"",""coordinates"":[]}"
1_2_00000000000000000f66,61526,65865,New Minya,Egypt,1.5641281345616216,2.939922592671805,4248.539282451659,2013,"{""type"":""MultiPoint"",""coordinates"":[]}"
1_2_00000000000000000f67,61526,65866,Zemam Out,Egypt,7.103125282059662E-5,0.7246056116037178,6930.01190753953,2013,"{""type"":""MultiPoint"",""coordinates"":[]}"
1_2_00000000000000000f68,61527,65872,Al-Bagur,Egypt,13.254462981087876,10.602838307985667,300335.7567289363,2013,"{""type"":""MultiPoint"",""coordinates"":[]}"
1_2_00000000000000000f69,61527,65873,Al-Shuhada,Egypt,10.242184066425468,11.31893305959405,249025.37053008645,2013,"{""type"":""MultiPoint"",""coordinates"":[]}"
1_2_00000000000000000f6a,61527,65874,Ashmun,Egypt,14.754895107337148,11.181490098776948,626718.0624456854,2013,"{""type"":""MultiPoint"",""coordinates"":[]}"
1_2_00000000000000000f6b,61527,65875,Birkat Al-Sab,Egypt,12.474048185732448,14.280759644155987,235195.2927629667,2013,"{""type"":""MultiPoint"",""coordinates"":[]}"
1_2_00000000000000000f6c,61527,65876,Minuf,Egypt,12.742106777691564,9.257485573375005,329730.2709456801,2013,"{""type"":""MultiPoint"",""coordinates"":[]}"
1_2_00000000000000000f6d,61527,65877,Minuf City,Egypt,29.510554730059805,33.11063618002535,86847.20004506015,2013,"{""type"":""MultiPoint"",""coordinates"":[]}"
1_2_00000000000000000f6e,61527,65879,Quwisna,Egypt,11.241248276209225,14.094167663446541,373868.00429049385,2013,"{""type"":""MultiPoint"",""coordinates"":[]}"
1_2_00000000000000000f6f,61527,65888,Sadat City,Egypt,0.6178969156996299,3.5611433888669977,138443.82332021627,2013,"{""type"":""MultiPoint"",""coordinates"":[]}"
1_2_00000000000000000f70,61527,65889,Shibin al-Kum,Egypt,15.484769576426388,28.454817483454114,519451.25050389254,2013,"{""type"":""MultiPoint"",""coordinates"":[]}"
1_2_00000000000000000f71,61527,65891,Sirs Al-Layyana City,Egypt,18.265833916318588,19.848584268728715,51665.403827495225,2013,"{""type"":""MultiPoint"",""coordinates"":[]}"
1_2_00000000000000000f72,61527,65894,Tala,Egypt,9.74000415464412,12.021336277641261,293056.991540611,2013,"{""type"":""MultiPoint"",""coordinates"":[]}"
1_2_00000000000000000f73,61528,65896,A-Dakhla Oasis,Egypt,0.019752967447723847,1.1076671745032034,60896.22554863659,2013,"{""type"":""MultiPoint"",""coordinates"":[]}"
1_2_00000000000000000f74,61528,65897,Al-Kharga Oasis,Egypt,0.02136438843410338,1.4689853447481627,65501.64373594419,2013,"{""type"":""MultiPoint"",""coordinates"":[]}"
1_2_00000000000000000f75,61528,65898,Al Farafra Oasis,Egypt,0.0,0.2699290657929881,19021.626451164484,2013,"{""type"":""MultiPoint"",""coordinates"":[]}"
1_2_00000000000000000f76,61528,65903,Paris Paris,Egypt,0.0,0.0,0.0,2013,"{""type"":""MultiPoint"",""coordinates"":[]}"
1_2_00000000000000000f77,61529,65905,Al-Hasna,Egypt,0.019354347169180833,0.08755573333095008,687.4993300354784,2013,"{""type"":""MultiPoint"",""coordinates"":[]}"
1_2_00000000000000000f78,61529,65907,Bir Al-Abd,Egypt,0.21409567102064675,0.9135180508158913,20960.978552936816,2013,"{""type"":""MultiPoint"",""coordinates"":[]}"
1_2_00000000000000000f79,61529,65913,El Arish 1,Egypt,6.7525766539255585,12.347871219500385,63359.17825024394,2013,"{""type"":""MultiPoint"",""coordinates"":[]}"
1_2_00000000000000000f7a,61529,65914,El Arish 2,Egypt,1.094685862963504,7.37594839200536,19529.901796588623,2013,"{""type"":""MultiPoint"",""coordinates"":[]}"
1_2_00000000000000000f7b,61529,65922,El Arish 3,Egypt,0.8415904194116592,1.4717048893443698,7332.2422132563215,2013,"{""type"":""MultiPoint"",""coordinates"":[]}"
1_2_00000000000000000f7c,61529,65925,El Arish 4,Egypt,0.4233483664628286,2.2303756984708536,11992.815544452584,2013,"{""type"":""MultiPoint"",""coordinates"":[]}"
1_2_00000000000000000f7d,61529,65927,Nakhl,Egypt,0.005423362127801233,0.05065571590055854,1562.5143637763829,2013,"{""type"":""MultiPoint"",""coordinates"":[]}"
1_2_00000000000000000f7e,61529,65928,Qasima,Egypt,0.0165847831747532,0.022898809067547633,1021.3063728663043,2013,"{""type"":""MultiPoint"",""coordinates"":[]}"
1_2_00000000000000000f7f,61529,65929,Rafah,Egypt,0.5654284679637738,2.1390561833054136,76571.7525967626,2013,"{""type"":""MultiPoint"",""coordinates"":[]}"
1_2_00000000000000000f80,61529,65931,Rummana,Egypt,0.5591775011421413,1.6931044783274263,24053.818913376184,2013,"{""type"":""MultiPoint"",""coordinates"":[]}"
1_2_00000000000000000f81,61529,65932,Shaykh Zuwayd,Egypt,0.26441571789338447,0.646319737104691,21744.75846230693,2013,"{""type"":""MultiPoint"",""coordinates"":[]}"
1_2_00000000000000000f82,61530,65933,Al-Arab,Egypt,231.4067153930664,79.79255718584571,44571.40424119538,2013,"{""type"":""MultiPoint"",""coordinates"":[]}"
1_2_00000000000000000f83,61530,65935,Al-Dawahy,Egypt,162.88514139268148,91.98102978357794,98665.48877104968,2013,"{""type"":""MultiPoint"",""coordinates"":[]}"
1_2_00000000000000000f84,61530,65939,Al-Ganoub,Egypt,0.11948675908864365,3.2744916801127686,26400.86661768388,2013,"{""type"":""MultiPoint"",""coordinates"":[]}"
1_2_00000000000000000f85,61530,65940,Al-Ganoub 2,Egypt,0.5928540028943747,1.28413770459231,21537.28269955238,2013,"{""type"":""MultiPoint"",""coordinates"":[]}"
1_2_00000000000000000f86,61530,65944,Al-Munakh,Egypt,155.04154516521254,73.82450962641168,58922.445448886654,2013,"{""type"":""MultiPoint"",""coordinates"":[]}"
1_2_00000000000000000f87,61530,65946,Al-Sharq,Egypt,57.11136274832554,50.423535063280525,28459.948562921254,2013,"{""type"":""MultiPoint"",""coordinates"":[]}"
1_2_00000000000000000f88,61530,65949,Al-Zohour,Egypt,342.45989990234375,165.8402429317137,198353.49329255888,2013,"{""type"":""MultiPoint"",""coordinates"":[]}"
1_2_00000000000000000f89,61530,65951,Mubark-Sharq Tafrea,Egypt,0.04199833593664653,1.016419957864853,5482.818281457868,2013,"{""type"":""MultiPoint"",""coordinates"":[]}"
1_2_00000000000000000f8a,61530,65952,Police Department Port Said Port,Egypt,0.0,75.81662921107451,16597.380889339078,2013,"{""type"":""MultiPoint"",""coordinates"":[]}"
1_2_00000000000000000f8b,61530,65953,Port Fuad,Egypt,79.29777928174614,85.34582049032319,44169.790011162826,2013,"{""type"":""MultiPoint"",""coordinates"":[]}"
1_2_00000000000000000f8c,61530,65958,Port Fuad 2,Egypt,4.773064014523528,16.527649897412708,6952.2689911621455,2013,"{""type"":""MultiPoint"",""coordinates"":[]}"
1_2_00000000000000000f8d,61531,65959,Abu Tisht,Egypt,11.241999442514649,11.479498567617956,284766.973767181,2013,"{""type"":""MultiPoint"",""coordinates"":[]}"
1_2_00000000000000000f8e,61531,65963,Al Waqf,Egypt,10.142560700469973,8.779785885658676,53152.20870299153,2013,"{""type"":""MultiPoint"",""coordinates"":[]}"
1_2_00000000000000000f8f,61531,65966,Armant,Egypt,7.257364785173368,8.478059118559656,125614.49822612511,2013,"{""type"":""MultiPoint"",""coordinates"":[]}"
1_2_00000000000000000f90,61531,65973,Dishna,Egypt,7.745115948258556,13.499351945895553,246803.62615273206,2013,"{""type"":""MultiPoint"",""coordinates"":[]}"
1_2_00000000000000000f91,61531,65974,Farshut,Egypt,13.246284607352216,13.90192435083122,112722.1372313019,2013,"{""type"":""MultiPoint"",""coordinates"":[]}"
1_2_00000000000000000f92,61531,65976,Isna,Egypt,6.748671841445875,10.990272071394797,266152.0929571052,2013,"{""type"":""MultiPoint"",""coordinates"":[]}"
1_2_00000000000000000f93,61531,65977,Nag Hammadi,Egypt,12.747946371762124,14.455382624195066,356139.61084470456,2013,"{""type"":""MultiPoint"",""coordinates"":[]}"
1_2_00000000000000000f94,61531,65978,Naqada,Egypt,8.246315253128028,7.77769158405213,107640.66525152574,2013,"{""type"":""MultiPoint"",""coordinates"":[]}"
1_2_00000000000000000f95,61531,65979,Qift,Egypt,11.26066182612865,12.045171626228248,97324.13470025672,2013,"{""type"":""MultiPoint"",""coordinates"":[]}"
1_2_00000000000000000f96,61531,65980,Qina,Egypt,11.476727810507724,19.31178232472164,428361.58046869194,2013,"{""type"":""MultiPoint"",""coordinates"":[]}"
1_2_00000000000000000f97,61531,65981,Qina City,Egypt,0.0,0.0,0.0,2013,"{""type"":""MultiPoint"",""coordinates"":[]}"
1_2_00000000000000000f98,61531,65983,Qus,Egypt,13.503108587335602,17.24009855853887,283548.2507671566,2013,"{""type"":""MultiPoint"",""coordinates"":[]}"
1_2_00000000000000000f99,61531,65984,Zemam Out,Egypt,6.9562838672099E-5,2.2640542664417675,11584.677073604724,2013,"{""type"":""MultiPoint"",""coordinates"":[]}"
1_2_00000000000000000f9a,61532,65985,Hurghada 1,Egypt,0.006035239096892586,8.205325234110079,107387.49437777084,2013,"{""type"":""MultiPoint"",""coordinates"":[]}"
1_2_00000000000000000f9b,61532,65987,Hurghada 2,Egypt,0.016387983064739035,1.503164869030408,16054.943912795101,2013,"{""type"":""MultiPoint"",""coordinates"":[]}"
1_2_00000000000000000f9c,61532,65989,Marsa Alam,Egypt,0.00970785916656284,0.033603399054620085,899.3187053825153,2013,"{""type"":""MultiPoint"",""coordinates"":[]}"
1_2_00000000000000000f9d,61532,65990,Qusir,Egypt,0.03276087115257477,2.2408882357529363,17989.704092445816,2013,"{""type"":""MultiPoint"",""coordinates"":[]}"
1_2_00000000000000000f9e,61532,65994,Ras Gharib,Egypt,0.023843000223611608,0.8250934391984427,9081.539244167525,2013,"{""type"":""MultiPoint"",""coordinates"":[]}"
1_2_00000000000000000f9f,61532,65995,Safaga,Egypt,0.041150443487787104,2.645542743981061,47600.11850122072,2013,"{""type"":""MultiPoint"",""coordinates"":[]}"
1_2_00000000000000000fa0,61532,65998,Shallatin,Egypt,0.002659108248767188,0.05768143289094779,400.3097460399726,2013,"{""type"":""MultiPoint"",""coordinates"":[]}"
1_2_00000000000000000fa1,61533,65999,10 Ramadan 1,Egypt,24.530579753592633,22.14588513562757,57387.03303190868,2013,"{""type"":""MultiPoint"",""coordinates"":[]}"
1_2_00000000000000000fa2,61533,66001,10 Ramadan 2,Egypt,28.267691392164963,19.695227047475537,58640.880446793046,2013,"{""type"":""MultiPoint"",""coordinates"":[]}"
1_2_00000000000000000fa3,61533,66002,Abu Hammad,Egypt,9.240609874384756,9.618359191886745,342094.3334593115,2013,"{""type"":""MultiPoint"",""coordinates"":[]}"
1_2_00000000000000000fa4,61533,66004,Abu Kabir,Egypt,10.50296725364318,12.968313559035838,313032.7596068926,2013,"{""type"":""MultiPoint"",""coordinates"":[]}"
1_2_00000000000000000fa5,61533,66006,Al-Husayniya,Egypt,2.2330143145667134,5.410138938032246,489065.14711468405,2013,"{""type"":""MultiPoint"",""coordinates"":[]}"
1_2_00000000000000000fa6,61533,66007,Al-Qanayat,Egypt,13.482734559532911,19.150969957754413,42290.368153820775,2013,"{""type"":""MultiPoint"",""coordinates"":[]}"
1_2_00000000000000000fa7,61533,66009,Al-Salhiyya,Egypt,0.10507337086848423,1.2042238479923038,20500.456172089795,2013,"{""type"":""MultiPoint"",""coordinates"":[]}"
1_2_00000000000000000fa8,61533,66010,Awlad Saqr,Egypt,3.24090038810692,4.989654041776971,171916.32994458446,2013,"{""type"":""MultiPoint"",""coordinates"":[]}"
1_2_00000000000000000fa9,61533,66012,Bilbis,Egypt,12.497022843541634,13.74966954438263,584129.5928559721,2013,"{""type"":""MultiPoint"",""coordinates"":[]}"
1_2_00000000000000000faa,61533,66013,Dyarb Nigm,Egypt,10.241560079179026,11.207088355621627,346793.72084925685,2013,"{""type"":""MultiPoint"",""coordinates"":[]}"
1_2_00000000000000000fab,61533,66014,El-Ibrahimiya,Egypt,10.7578480876753,10.973149775153523,125295.96218011338,2013,"{""type"":""MultiPoint"",""coordinates"":[]}"
1_2_00000000000000000fac,61533,66015,Faqus,Egypt,8.943719264340645,17.887838029724797,565814.726472757,2013,"{""type"":""MultiPoint"",""coordinates"":[]}"
1_2_00000000000000000fad,61533,66016,Hihya,Egypt,11.248604235201437,9.714438077764726,201893.54440746672,2013,"{""type"":""MultiPoint"",""coordinates"":[]}"
1_2_00000000000000000fae,61533,66017,Kafr Saqr,Egypt,7.244868910318928,9.681234067449413,214172.55655673862,2013,"{""type"":""MultiPoint"",""coordinates"":[]}"
1_2_00000000000000000faf,61533,66018,Mashtul Al-Suq,Egypt,15.251060425402972,14.22457181050927,157300.8112551745,2013,"{""type"":""MultiPoint"",""coordinates"":[]}"
1_2_00000000000000000fb0,61533,66019,Minya al-Qamh,Egypt,12.487887947715734,14.742242076365736,565512.5738538144,2013,"{""type"":""MultiPoint"",""coordinates"":[]}"
1_2_00000000000000000fb1,61533,66020,Qurin,Egypt,19.256793150221682,18.474908954576662,63523.91577282958,2013,"{""type"":""MultiPoint"",""coordinates"":[]}"
1_2_00000000000000000fb2,61533,66022,Zaqaziq,Egypt,13.895417372714425,23.544996665296264,655836.0562918361,2013,"{""type"":""MultiPoint"",""coordinates"":[]}"
1_2_00000000000000000fb3,61533,66025,Zaqaziq 1,Egypt,413.85213349244304,125.63118835785001,124439.18814869299,2013,"{""type"":""MultiPoint"",""coordinates"":[]}"
1_2_00000000000000000fb4,61533,66026,Zaqaziq 2,Egypt,382.0812072753906,195.0614580003859,159612.5799172083,2013,"{""type"":""MultiPoint"",""coordinates"":[]}"
1_2_00000000000000000fb5,61533,66027,Zemam Out,Egypt,6.396767703401829E-4,2.180699516507018,3842.734406656493,2013,"{""type"":""MultiPoint"",""coordinates"":[]}"
1_2_00000000000000000fb6,61534,66028,Abu Radis,Egypt,0.02543324997309733,0.0871758290618195,3030.8264364362767,2013,"{""type"":""MultiPoint"",""coordinates"":[]}"
1_2_00000000000000000fb7,61534,66029,Al-Tur,Egypt,0.03408234558119221,1.1539686190699856,16002.189304617912,2013,"{""type"":""MultiPoint"",""coordinates"":[]}"
1_2_00000000000000000fb8,61534,66030,Dahab,Egypt,0.01904715894535295,0.01836393356793087,183.07221120260655,2013,"{""type"":""MultiPoint"",""coordinates"":[]}"
1_2_00000000000000000fb9,61534,66032,Nuweiba,Egypt,0.010907355140244008,0.1274139402337785,2921.0814225781423,2013,"{""type"":""MultiPoint"",""coordinates"":[]}"
1_2_00000000000000000fba,61534,66035,Ras Sidr,Egypt,0.006021482969589296,0.25788304458366174,7968.225608833894,2013,"{""type"":""MultiPoint"",""coordinates"":[]}"
1_2_00000000000000000fbb,61534,66039,Sant Katrin,Egypt,0.01455241142493354,0.8261248290809747,4583.9961785512405,2013,"{""type"":""MultiPoint"",""coordinates"":[]}"
1_2_00000000000000000fbc,61534,66041,Sharm el-Sheikh,Egypt,0.04653520328099829,2.285579286637767,55062.10170056034,2013,"{""type"":""MultiPoint"",""coordinates"":[]}"
1_2_00000000000000000fbd,61534,66042,Taba,Egypt,0.06072134969785042,1.301628545945487,1918.8911949180595,2013,"{""type"":""MultiPoint"",""coordinates"":[]}"
1_2_00000000000000000fbe,61535,66043,Al-Arbiin,Egypt,38.486563893238866,38.406857517168184,214571.18671274718,2013,"{""type"":""MultiPoint"",""coordinates"":[]}"
1_2_00000000000000000fbf,61535,66044,Al-Ganayin,Egypt,0.3643271336970991,2.5286780393703303,72973.85407136397,2013,"{""type"":""MultiPoint"",""coordinates"":[]}"
1_2_00000000000000000fc0,61535,66047,Ataqa,Egypt,0.03344637798333973,0.5256948987756295,22124.7001056414,2013,"{""type"":""MultiPoint"",""coordinates"":[]}"
1_2_00000000000000000fc1,61535,66048,Faysal,Egypt,0.26142839249819283,8.110280611179313,118841.27014518018,2013,"{""type"":""MultiPoint"",""coordinates"":[]}"
1_2_00000000000000000fc2,61535,66049,Port Suez Police Department,Egypt,0.0,0.42106989459766714,13.752737534922712,2013,"{""type"":""MultiPoint"",""coordinates"":[]}"
1_2_00000000000000000fc3,61535,66052,Suez,Egypt,19.623583221435545,39.49310569050043,43716.198401476126,2013,"{""type"":""MultiPoint"",""coordinates"":[]}"
1_2_00000000000000000fc4,61536,66054,Akhmim,Egypt,24.476018039811958,25.622540391285646,294961.79900291323,2013,"{""type"":""MultiPoint"",""coordinates"":[]}"
1_2_00000000000000000fc5,61536,66055,Akhmim City,Egypt,0.0,0.0,0.0,2013,"{""type"":""MultiPoint"",""coordinates"":[]}"
1_2_00000000000000000fc6,61536,66056,Al-Balyana,Egypt,18.50068613646319,16.882053766843583,375367.3950098355,2013,"{""type"":""MultiPoint"",""coordinates"":[]}"
1_2_00000000000000000fc7,61536,66059,Al-Maragha,Egypt,15.762749667933914,11.949814044729983,299649.60968421894,2013,"{""type"":""MultiPoint"",""coordinates"":[]}"
1_2_00000000000000000fc8,61536,66061,Al-Minshat,Egypt,18.47061051570651,15.183802088445395,307939.02979655546,2013,"{""type"":""MultiPoint"",""coordinates"":[]}"
1_2_00000000000000000fc9,61536,66062,Al Usayrat,Egypt,16.241160622542736,14.295932323443019,137357.89649713924,2013,"{""type"":""MultiPoint"",""coordinates"":[]}"
1_2_00000000000000000fca,61536,66065,Dar al-Salam,Egypt,13.238969762275127,9.113066498398485,301610.0804488009,2013,"{""type"":""MultiPoint"",""coordinates"":[]}"
1_2_00000000000000000fcb,61536,66066,Girga,Egypt,15.063759968627004,35.47702201924672,365077.9869795116,2013,"{""type"":""MultiPoint"",""coordinates"":[]}"
1_2_00000000000000000fcc,61536,66067,Guhayna Al-Gharbiyya,Egypt,12.267495520023482,9.790845747939626,197247.90203234224,2013,"{""type"":""MultiPoint"",""coordinates"":[]}"
1_2_00000000000000000fcd,61536,66069,Kawther,Egypt,15.406397029468247,27.27101473191527,3439.3193954205985,2013,"{""type"":""MultiPoint"",""coordinates"":[]}"
1_2_00000000000000000fce,61536,66070,Kesm Tahta,Egypt,43.13445377621944,62.01106498028198,109111.61037567172,2013,"{""type"":""MultiPoint"",""coordinates"":[]}"
1_2_00000000000000000fcf,61536,66072,Saqulta,Egypt,19.742760941432167,13.050122430372323,156429.3741421737,2013,"{""type"":""MultiPoint"",""coordinates"":[]}"
1_2_00000000000000000fd0,61536,66073,Suhag,Egypt,18.978330709908445,35.92383758086904,501547.66020829673,2013,"{""type"":""MultiPoint"",""coordinates"":[]}"
1_2_00000000000000000fd1,61536,66079,Suhag-2,Egypt,203.05950927734375,126.46628568581247,75108.54479014827,2013,"{""type"":""MultiPoint"",""coordinates"":[]}"
1_2_00000000000000000fd2,61536,66085,Suhag City,Egypt,0.014566811265392278,0.061516416167267766,21.937519685288564,2013,"{""type"":""MultiPoint"",""coordinates"":[]}"
1_2_00000000000000000fd3,61536,66090,Tahta,Egypt,12.42309236508605,10.732579744182523,242539.49100563777,2013,"{""type"":""MultiPoint"",""coordinates"":[]}"
1_2_00000000000000000fd4,61536,66091,Tama,Egypt,15.508083426202566,14.29814913273051,315496.3329453567,2013,"{""type"":""MultiPoint"",""coordinates"":[]}"
1_2_00000000000000000fd5,61536,66093,Zemam Out,Egypt,3.6168400431293334E-6,1.7107463605891422,8508.855827073536,2013,"{""type"":""MultiPoint"",""coordinates"":[]}"
1_2_00000000000000000fd6,61512,61579,Zemam Out,Egypt,0.0893232548984488,4.717814957578768,214356.17419726326,2013,"{""type"":""MultiPoint"",""coordinates"":[]}"
1_2_00000000000000000fd7,61510,61543,Al Raml,Egypt,465.6287724698023,143.9215542402635,344763.5936682608,2013,"{""type"":""MultiPoint"",""coordinates"":[]}"
1_2_00000000000000000fd8,61530,65942,Al-Manasra,Egypt,0.1378769157194745,3.8173258049645455,3801.2917051169284,2013,"{""type"":""MultiPoint"",""coordinates"":[]}"
1_2_00000000000000001e11,3017,27448,Aladag,Turkey,0.09049461457665674,0.6540080777172949,6085.639390363033,2013,"{""type"":""MultiPoint"",""coordinates"":[]}"
1_2_00000000000000001e12,3017,27449,Ceyhan,Turkey,0.7210278980798962,5.5534834500926875,110121.90906915606,2013,"{""type"":""MultiPoint"",""coordinates"":[]}"
1_2_00000000000000001e13,3017,27450,Feke,Turkey,0.1104865076537031,0.937964921447992,4718.300600870201,2013,"{""type"":""MultiPoint"",""coordinates"":[]}"
1_2_00000000000000001e14,3017,27451,Imamoglu,Turkey,0.37889031558730185,5.579482350351345,19041.75456720282,2013,"{""type"":""MultiPoint"",""coordinates"":[]}"
1_2_00000000000000001e15,3017,27452,Karaisali,Turkey,0.141618219723119,7.799130095736629,99303.1127091912,2013,"{""type"":""MultiPoint"",""coordinates"":[]}"
1_2_00000000000000001e16,3017,27453,Karatas,Turkey,0.11263613790208281,4.143195138685058,48026.42145678363,2013,"{""type"":""MultiPoint"",""coordinates"":[]}"
1_2_00000000000000001e17,3017,27454,Kozan,Turkey,0.19803171597452318,4.504978942823884,85396.74026289972,2013,"{""type"":""MultiPoint"",""coordinates"":[]}"
1_2_00000000000000001e18,3017,27455,Pozanti,Turkey,0.046593163638663594,2.197003509639763,12310.822194042583,2013,"{""type"":""MultiPoint"",""coordinates"":[]}"
1_2_00000000000000001e19,3017,27456,Saimbeyli,Turkey,0.04046571027804992,0.7869437635850746,8134.760389586121,2013,"{""type"":""MultiPoint"",""coordinates"":[]}"
1_2_00000000000000001e1a,3017,27457,Seyhan,Turkey,2.7374625652917604,30.796896571531867,668721.1583847718,2013,"{""type"":""MultiPoint"",""coordinates"":[]}"
1_2_00000000000000001e1b,3017,27458,Tufanbeyli,Turkey,0.05548103178115599,1.5727175044042507,9269.278989929042,2013,"{""type"":""MultiPoint"",""coordinates"":[]}"
1_2_00000000000000001e1c,3017,27459,Yumurtalik,Turkey,2.6770887577870814,22.336703480737256,202271.70563093713,2013,"{""type"":""MultiPoint"",""coordinates"":[]}"
1_2_00000000000000001e1d,3017,27460,Yuregir,Turkey,0.10019025089956507,2.0589261852727003,92733.86351982028,2013,"{""type"":""MultiPoint"",""coordinates"":[]}"
1_2_00000000000000001e1e,3018,27461,Besni,Turkey,0.7085103041714761,4.610696030543422,53243.115640053344,2013,"{""type"":""MultiPoint"",""coordinates"":[]}"
1_2_00000000000000001e1f,3018,27462,Celikhan,Turkey,0.30923999375913813,2.8438193129839866,5754.046552941218,2013,"{""type"":""MultiPoint"",""coordinates"":[]}"
1_2_00000000000000001e20,3018,27463,Gerger,Turkey,0.1688882807561543,1.5235899583892978,9680.362291331734,2013,"{""type"":""MultiPoint"",""coordinates"":[]}"
1_2_00000000000000001e21,3018,27464,Golbasi,Turkey,0.12377852262071488,5.3623003945942616,31882.837139570456,2013,"{""type"":""MultiPoint"",""coordinates"":[]}"
1_2_00000000000000001e22,3018,27465,Kahta,Turkey,0.2671650853591769,5.87031014372917,77742.55478230363,2013,"{""type"":""MultiPoint"",""coordinates"":[]}"
1_2_00000000000000001e23,3018,27466,Merkez,Turkey,0.7225763958680774,9.340158833461018,196646.12495379645,2013,"{""type"":""MultiPoint"",""coordinates"":[]}"
1_2_00000000000000001e24,3018,27467,Samsat,Turkey,0.17231914121386901,1.2456876454687276,8363.699233841326,2013,"{""type"":""MultiPoint"",""coordinates"":[]}"
1_2_00000000000000001e25,3018,27468,Sincik,Turkey,0.2821943230351766,1.3963498629721496,5507.41352609377,2013,"{""type"":""MultiPoint"",""coordinates"":[]}"
1_2_00000000000000001e26,3018,27469,Tut,Turkey,0.17297621796875542,0.6788322008499601,2210.6007391048415,2013,"{""type"":""MultiPoint"",""coordinates"":[]}"
1_2_00000000000000001e27,3019,27470,Basmakci,Turkey,0.059221373369074654,1.1125809144694565,5749.034934500201,2013,"{""type"":""MultiPoint"",""coordinates"":[]}"
1_2_00000000000000001e28,3019,27471,Bayat,Turkey,0.03078817134246886,1.0018689830279441,3645.404513188243,2013,"{""type"":""MultiPoint"",""coordinates"":[]}"
1_2_00000000000000001e29,3019,27472,Bolvadin,Turkey,0.08896063275536717,3.041076637376407,29941.581586619017,2013,"{""type"":""MultiPoint"",""coordinates"":[]}"
1_2_00000000000000001e2a,3019,27473,Cay,Turkey,0.1026379168260754,2.5631065396387234,18398.89943830324,2013,"{""type"":""MultiPoint"",""coordinates"":[]}"
1_2_00000000000000001e2b,3019,27474,Cobanlar,Turkey,0.3142827000863625,1.9539727733516359,17545.59736590917,2013,"{""type"":""MultiPoint"",""coordinates"":[]}"
1_2_00000000000000001e2c,3019,27475,Dazkiri,Turkey,0.18245643920728685,1.37739211999702,7863.174430146031,2013,"{""type"":""MultiPoint"",""coordinates"":[]}"
1_2_00000000000000001e2d,3019,27476,Dinar,Turkey,0.09750178886421222,2.2067063859893934,29008.00743534671,2013,"{""type"":""MultiPoint"",""coordinates"":[]}"
1_2_00000000000000001e2e,3019,27477,Emirdag,Turkey,0.18032383016668582,1.6134031470092747,26926.99424157409,2013,"{""type"":""MultiPoint"",""coordinates"":[]}"
1_2_00000000000000001e2f,3019,27478,Evciler,Turkey,0.15734514067875743,1.6646689787487685,6113.01893118763,2013,"{""type"":""MultiPoint"",""coordinates"":[]}"
1_2_00000000000000001e30,3019,27479,Hocalar,Turkey,0.3385291071494635,1.2891595526040798,5764.980761510176,2013,"{""type"":""MultiPoint"",""coordinates"":[]}"
1_2_00000000000000001e31,3019,27480,Ihsaniye,Turkey,0.1839953095835269,1.3535082522270576,16777.758751096546,2013,"{""type"":""MultiPoint"",""coordinates"":[]}"
1_2_00000000000000001e32,3019,27481,Iscehisar,Turkey,0.18298493777707078,2.3511320417125927,21236.09136504991,2013,"{""type"":""MultiPoint"",""coordinates"":[]}"
1_2_00000000000000001e33,3019,27482,Kiziloren,Turkey,0.1400005175311218,0.7045822228586812,2807.4675306135637,2013,"{""type"":""MultiPoint"",""coordinates"":[]}"
1_2_00000000000000001e34,3019,27483,Merkez,Turkey,1.2692282961859422,7.082848577145236,207661.33619077769,2013,"{""type"":""MultiPoint"",""coordinates"":[]}"
1_2_00000000000000001e35,3019,27484,Sandikli,Turkey,0.3597474745586091,4.124696864107706,37977.61122433527,2013,"{""type"":""MultiPoint"",""coordinates"":[]}"
1_2_00000000000000001e36,3019,27485,Sincanli,Turkey,0.30745605396735937,1.8636658178142513,27873.981361958075,2013,"{""type"":""MultiPoint"",""coordinates"":[]}"
1_2_00000000000000001e37,3019,27486,Suhut,Turkey,0.09568535724641204,2.243725828250994,23739.850914354793,2013,"{""type"":""MultiPoint"",""coordinates"":[]}"
1_2_00000000000000001e38,3019,27487,Sultandagi,Turkey,0.05843867751755986,2.11155590232952,15115.852637628992,2013,"{""type"":""MultiPoint"",""coordinates"":[]}"
1_2_00000000000000001e39,3021,27496,Agacoren,Turkey,0.1398636618865939,0.3989262961772547,2588.518936224099,2013,"{""type"":""MultiPoint"",""coordinates"":[]}"
1_2_00000000000000001e3a,3021,27497,Eskil,Turkey,0.08698920601339512,0.7890731995625921,18832.67622888618,2013,"{""type"":""MultiPoint"",""coordinates"":[]}"
1_2_00000000000000001e3b,3021,27498,Gulagac,Turkey,0.4630537066907972,1.9689222710543985,14746.271148015716,2013,"{""type"":""MultiPoint"",""coordinates"":[]}"
1_2_00000000000000001e3c,3021,27499,Guzelyurt,Turkey,0.9702863556017979,2.1507110198061414,14156.243644819246,2013,"{""type"":""MultiPoint"",""coordinates"":[]}"
1_2_00000000000000001e3d,3021,27500,Merkez,Turkey,0.1646818940918682,5.718107052535859,196905.6074876823,2013,"{""type"":""MultiPoint"",""coordinates"":[]}"
1_2_00000000000000001e3e,3021,27501,Ortakoy,Turkey,0.3348500911412903,3.9991408991382986,22798.23638588381,2013,"{""type"":""MultiPoint"",""coordinates"":[]}"
1_2_00000000000000001e3f,3021,27502,Sariyahsi,Turkey,0.07811355567292164,0.41324234167893015,1119.7263095685373,2013,"{""type"":""MultiPoint"",""coordinates"":[]}"
1_2_00000000000000001e40,3023,27511,Altindag,Turkey,12.46634296606105,43.391926284286605,472162.90503754234,2013,"{""type"":""MultiPoint"",""coordinates"":[]}"
1_2_00000000000000001e41,3023,27512,Ayas,Turkey,0.09229243538100823,0.7319031294186389,6218.1548493498885,2013,"{""type"":""MultiPoint"",""coordinates"":[]}"
1_2_00000000000000001e42,3023,27513,Bala,Turkey,0.09034393852221931,0.7075111091929467,11981.514056780814,2013,"{""type"":""MultiPoint"",""coordinates"":[]}"
1_2_00000000000000001e43,3023,27514,Beypazari,Turkey,0.18467219155271206,2.9731806876180187,28542.88022122117,2013,"{""type"":""MultiPoint"",""coordinates"":[]}"
1_2_00000000000000001e44,3023,27516,Cankaya,Turkey,18.736567480616547,17.309003547503515,471857.8000907138,2013,"{""type"":""MultiPoint"",""coordinates"":[]}"
1_2_00000000000000001e45,3023,27518,Elmadag,Turkey,0.06470441708852492,3.5446682337874518,35482.677117661595,2013,"{""type"":""MultiPoint"",""coordinates"":[]}"
1_2_00000000000000001e46,3023,27519,Etimesgut,Turkey,13.09058059116748,37.393817144794895,252169.24481234018,2013,"{""type"":""MultiPoint"",""coordinates"":[]}"
1_2_00000000000000001e47,3023,27520,Evren,Turkey,0.17465466069869506,0.2914891049280082,833.5352507941608,2013,"{""type"":""MultiPoint"",""coordinates"":[]}"
1_2_00000000000000001e48,3023,27521,Golbasi,Turkey,0.6435071240359785,4.349432402077143,117051.33220404292,2013,"{""type"":""MultiPoint"",""coordinates"":[]}"
1_2_00000000000000001e49,3023,27522,Gudul,Turkey,0.21606268879027551,0.9450339788413241,5288.27570585702,2013,"{""type"":""MultiPoint"",""coordinates"":[]}"
1_2_00000000000000001e4a,3023,27523,Haymana,Turkey,0.050447027544462605,1.1000514386393339,14059.38296832309,2013,"{""type"":""MultiPoint"",""coordinates"":[]}"
1_2_00000000000000001e4b,3023,27525,Kazan,Turkey,0.5544538722481626,2.1409304062082004,32579.011253122717,2013,"{""type"":""MultiPoint"",""coordinates"":[]}"
1_2_00000000000000001e4c,3023,27526,Kecioren,Turkey,34.92901552899807,62.82954203686799,785346.6239392317,2013,"{""type"":""MultiPoint"",""coordinates"":[]}"
1_2_00000000000000001e4d,3023,27528,Mamak,Turkey,9.493987569418644,33.71372794480319,445574.0309889249,2013,"{""type"":""MultiPoint"",""coordinates"":[]}"
1_2_00000000000000001e4e,3023,27529,Nallihan,Turkey,0.06014888760898205,1.521949086860501,15016.143532983155,2013,"{""type"":""MultiPoint"",""coordinates"":[]}"
1_2_00000000000000001e4f,3023,27530,Polatli,Turkey,0.07962836567691138,3.1688624652712023,82524.34219451695,2013,"{""type"":""MultiPoint"",""coordinates"":[]}"
1_2_00000000000000001e50,3023,27531,S.kochisar,Turkey,0.18317012053073486,1.822365154149728,18039.140080019017,2013,"{""type"":""MultiPoint"",""coordinates"":[]}"
1_2_00000000000000001e51,3023,27532,Sincan,Turkey,7.182114012220848,48.85238983563857,525067.4745282617,2013,"{""type"":""MultiPoint"",""coordinates"":[]}"
1_2_00000000000000001e52,3023,27533,Yenimahalle,Turkey,11.002694433360828,19.254746815119056,613188.371936323,2013,"{""type"":""MultiPoint"",""coordinates"":[]}"
1_2_00000000000000001e53,3024,27534,Akseki,Turkey,0.04311563923171419,0.8922682270170129,5688.387033928034,2013,"{""type"":""MultiPoint"",""coordinates"":[]}"
1_2_00000000000000001e54,3024,27535,Alanya,Turkey,0.6103245385291621,6.6065375081150455,170604.1817582695,2013,"{""type"":""MultiPoint"",""coordinates"":[]}"
1_2_00000000000000001e55,3024,27536,Elmali,Turkey,0.18025809844176569,1.7231424947852005,24375.49452624272,2013,"{""type"":""MultiPoint"",""coordinates"":[]}"
1_2_00000000000000001e56,3024,27537,Finike,Turkey,0.3702249066434442,4.392462974480889,40218.03342367129,2013,"{""type"":""MultiPoint"",""coordinates"":[]}"
1_2_00000000000000001e57,3024,27538,Gazipasa,Turkey,0.09059186102801568,2.821642505943073,29453.387969129806,2013,"{""type"":""MultiPoint"",""coordinates"":[]}"
1_2_00000000000000001e58,3024,27539,Gundogmus,Turkey,0.0802640298072984,0.35796596539643866,3183.7204450844183,2013,"{""type"":""MultiPoint"",""coordinates"":[]}"
1_2_00000000000000001e59,3024,27540,Ibradi,Turkey,0.009975512211412822,0.2027135147971645,1147.4084239062488,2013,"{""type"":""MultiPoint"",""coordinates"":[]}"
1_2_00000000000000001e5a,3024,27541,Kale,Turkey,0.05169290268922899,2.330511006413723,20882.11274829567,2013,"{""type"":""MultiPoint"",""coordinates"":[]}"
1_2_00000000000000001e5b,3024,27542,Kas,Turkey,0.05907610655440783,1.4229237693458077,40819.72137198147,2013,"{""type"":""MultiPoint"",""coordinates"":[]}"
1_2_00000000000000001e5c,3024,27543,Kemer,Turkey,0.30541599981064627,2.422552743706432,25821.446565596212,2013,"{""type"":""MultiPoint"",""coordinates"":[]}"
1_2_00000000000000001e5d,3024,27544,Korkuteli,Turkey,0.08025991786045791,1.553619893115973,32873.37050045379,2013,"{""type"":""MultiPoint"",""coordinates"":[]}"
1_2_00000000000000001e5e,3024,27545,Kumluca,Turkey,0.08817626264190323,2.4182378127028232,49587.78248230464,2013,"{""type"":""MultiPoint"",""coordinates"":[]}"
1_2_00000000000000001e5f,3024,27546,Manavgat,Turkey,0.6144704118167842,3.8904847138115084,121119.0595129801,2013,"{""type"":""MultiPoint"",""coordinates"":[]}"
1_2_00000000000000001e60,3024,27547,Merkez,Turkey,1.364453077493798,13.56312337229849,888278.6883379588,2013,"{""type"":""MultiPoint"",""coordinates"":[]}"
1_2_00000000000000001e61,3024,27548,Serik,Turkey,0.36077537365811035,2.3085827223437394,82828.19673002088,2013,"{""type"":""MultiPoint"",""coordinates"":[]}"
1_2_00000000000000001e62,3027,27563,Bozdogan,Turkey,0.6168444811032632,2.8643966237403458,19216.918626985218,2013,"{""type"":""MultiPoint"",""coordinates"":[]}"
1_2_00000000000000001e63,3027,27564,Buharkent,Turkey,0.7969228662830635,2.887207437191493,7369.158788909208,2013,"{""type"":""MultiPoint"",""coordinates"":[]}"
1_2_00000000000000001e64,3027,27565,Cine,Turkey,0.36986588304064993,3.1723229568397806,37570.72632939265,2013,"{""type"":""MultiPoint"",""coordinates"":[]}"
1_2_00000000000000001e65,3027,27566,Germencik,Turkey,0.6189966574331971,3.594143514764605,32379.56065724871,2013,"{""type"":""MultiPoint"",""coordinates"":[]}"
1_2_00000000000000001e66,3027,27567,Incirliova,Turkey,1.0940276299929435,4.866965657731024,31440.721878445074,2013,"{""type"":""MultiPoint"",""coordinates"":[]}"
1_2_00000000000000001e67,3027,27568,Karacasu,Turkey,0.4455883527519514,1.9611643495840805,11367.741435774387,2013,"{""type"":""MultiPoint"",""coordinates"":[]}"
1_2_00000000000000001e68,3027,27569,Karpuzlu,Turkey,0.28173251693429346,1.0139979469139833,8531.008275078953,2013,"{""type"":""MultiPoint"",""coordinates"":[]}"
1_2_00000000000000001e69,3027,27570,Kocarli,Turkey,0.3532639035385499,2.121583745375524,15677.88950062143,2013,"{""type"":""MultiPoint"",""coordinates"":[]}"
1_2_00000000000000001e6a,3027,27571,Kosk,Turkey,1.220666995346742,6.048787385127214,24325.4754834684,2013,"{""type"":""MultiPoint"",""coordinates"":[]}"
1_2_00000000000000001e6b,3027,27572,Kusadasi,Turkey,1.152104469081852,7.015074311880065,73389.35405332185,2013,"{""type"":""MultiPoint"",""coordinates"":[]}"
1_2_00000000000000001e6c,3027,27573,Kuyucak,Turkey,1.2327787273799478,8.688029342039439,36470.381525568286,2013,"{""type"":""MultiPoint"",""coordinates"":[]}"
1_2_00000000000000001e6d,3027,27574,Merkez,Turkey,1.7312728979008125,15.291065090941183,214992.60182887368,2013,"{""type"":""MultiPoint"",""coordinates"":[]}"
1_2_00000000000000001e6e,3027,27575,Nazilli,Turkey,1.4042924072109413,14.889817423524649,100547.4611975931,2013,"{""type"":""MultiPoint"",""coordinates"":[]}"
1_2_00000000000000001e6f,3027,27576,Soke,Turkey,0.1829059436846761,5.849742190249589,80242.95611237397,2013,"{""type"":""MultiPoint"",""coordinates"":[]}"
1_2_00000000000000001e70,3027,27577,Sultanhisar,Turkey,0.34547376605747687,1.301657124539207,6288.910612268842,2013,"{""type"":""MultiPoint"",""coordinates"":[]}"
1_2_00000000000000001e71,3027,27578,Yenihisar,Turkey,0.3574441523828925,4.824346972230656,51419.395406462674,2013,"{""type"":""MultiPoint"",""coordinates"":[]}"
1_2_00000000000000001e72,3027,27579,Yenipazar,Turkey,0.6141061851884388,3.7282181793863467,10141.354902300789,2013,"{""type"":""MultiPoint"",""coordinates"":[]}"
1_2_00000000000000001e73,3028,27580,Ayvalik,Turkey,0.6341907387315272,3.724756229799884,44489.90525246792,2013,"{""type"":""MultiPoint"",""coordinates"":[]}"
1_2_00000000000000001e74,3028,27581,Balya,Turkey,0.10963716751660696,0.5377021602076583,5551.115936097802,2013,"{""type"":""MultiPoint"",""coordinates"":[]}"
1_2_00000000000000001e75,3028,27582,Bandirma,Turkey,0.735289068725365,7.023391477517841,112196.06029699702,2013,"{""type"":""MultiPoint"",""coordinates"":[]}"
1_2_00000000000000001e76,3028,27583,Bigadic,Turkey,0.372323887289337,2.0221779402871363,34303.82492163609,2013,"{""type"":""MultiPoint"",""coordinates"":[]}"
1_2_00000000000000001e77,3028,27584,Burhaniye,Turkey,0.6163269904433416,4.977400805177015,38644.95548321594,2013,"{""type"":""MultiPoint"",""coordinates"":[]}"
1_2_00000000000000001e78,3028,27585,Dursunbey,Turkey,0.11747215715599879,2.169699341494472,24111.00134064965,2013,"{""type"":""MultiPoint"",""coordinates"":[]}"
1_2_00000000000000001e79,3028,27586,Edremit,Turkey,1.637349123607979,7.433974484095682,104776.96379759203,2013,"{""type"":""MultiPoint"",""coordinates"":[]}"
1_2_00000000000000001e7a,3028,27587,Erdek,Turkey,0.654205125795547,5.144040699248256,12249.665367279928,2013,"{""type"":""MultiPoint"",""coordinates"":[]}"
1_2_00000000000000001e7b,3028,27588,Gomec,Turkey,0.3495027297022634,1.284913648662398,7961.903618160431,2013,"{""type"":""MultiPoint"",""coordinates"":[]}"
1_2_00000000000000001e7c,3028,27589,Gonen,Turkey,0.3675191809650174,4.267200360595767,52912.72039880805,2013,"{""type"":""MultiPoint"",""coordinates"":[]}"
1_2_00000000000000001e7d,3028,27590,Havran,Turkey,0.6207647469498317,3.3001745433917495,21504.79203367799,2013,"{""type"":""MultiPoint"",""coordinates"":[]}"
1_2_00000000000000001e7e,3028,27591,Ivrindi,Turkey,0.36550165400212775,2.1656389241914344,26504.87088968098,2013,"{""type"":""MultiPoint"",""coordinates"":[]}"
1_2_00000000000000001e7f,3028,27592,Kepsut,Turkey,0.3092823872448113,1.4161405935361298,15523.076533682452,2013,"{""type"":""MultiPoint"",""coordinates"":[]}"
1_2_00000000000000001e80,3028,27593,Manyas,Turkey,0.3104460266277372,1.230230756490441,14228.372491320222,2013,"{""type"":""MultiPoint"",""coordinates"":[]}"
1_2_00000000000000001e81,3028,27594,Marmara,Turkey,0.21962491874571882,1.1432279603961044,5049.4238741188,2013,"{""type"":""MultiPoint"",""coordinates"":[]}"
1_2_00000000000000001e82,3028,27595,Merkez,Turkey,0.7223272470457426,9.058059684055094,285942.8720256621,2013,"{""type"":""MultiPoint"",""coordinates"":[]}"
1_2_00000000000000001e83,3028,27596,Savastepe,Turkey,0.11815448706260845,2.0013065425693735,15168.531015092864,2013,"{""type"":""MultiPoint"",""coordinates"":[]}"
1_2_00000000000000001e84,3028,27597,Sindirgi,Turkey,0.37342615037826044,2.4124136110572825,20956.502059092418,2013,"{""type"":""MultiPoint"",""coordinates"":[]}"
1_2_00000000000000001e85,3028,27598,Susurluk,Turkey,0.3572074154688108,2.5428609879819217,31038.429837218722,2013,"{""type"":""MultiPoint"",""coordinates"":[]}"
1_2_00000000000000001e86,3032,27612,Bozuyuk,Turkey,0.4368949051328969,4.611536366319798,49185.102403291414,2013,"{""type"":""MultiPoint"",""coordinates"":[]}"
1_2_00000000000000001e87,3032,27613,Golpazari,Turkey,0.36040563337750126,2.387143758245319,8004.820794305731,2013,"{""type"":""MultiPoint"",""coordinates"":[]}"
1_2_00000000000000001e88,3032,27614,Inhisar,Turkey,0.14942331077379473,0.3897147073650714,1214.8107083773243,2013,"{""type"":""MultiPoint"",""coordinates"":[]}"
1_2_00000000000000001e89,3032,27615,Merkez,Turkey,0.35753135036407513,3.7246521220500597,64868.39453317545,2013,"{""type"":""MultiPoint"",""coordinates"":[]}"
1_2_00000000000000001e8a,3032,27616,Osmaneli,Turkey,0.05245753829435722,2.2633765837332325,19427.67697568246,2013,"{""type"":""MultiPoint"",""coordinates"":[]}"
1_2_00000000000000001e8b,3032,27617,Pazaryeri,Turkey,0.18232227233431278,1.466033518152832,8859.594477626415,2013,"{""type"":""MultiPoint"",""coordinates"":[]}"
1_2_00000000000000001e8c,3032,27618,Sogut,Turkey,0.3581444265910317,3.5380268297703874,17277.718305096005,2013,"{""type"":""MultiPoint"",""coordinates"":[]}"
1_2_00000000000000001e8d,3032,27619,Yenipazar,Turkey,0.1004829809401825,0.3720712344388268,1424.1411159547044,2013,"{""type"":""MultiPoint"",""coordinates"":[]}"
1_2_00000000000000001e8e,3035,27643,Goynuk,Turkey,0.17531659451987716,0.8914239261514203,8743.414861181363,2013,"{""type"":""MultiPoint"",""coordinates"":[]}"
1_2_00000000000000001e8f,3035,27645,Kibriscik,Turkey,0.046693181553086965,0.484554936757699,1087.1729268296347,2013,"{""type"":""MultiPoint"",""coordinates"":[]}"
1_2_00000000000000001e90,3035,27648,Mudurnu,Turkey,0.1709187147339588,0.8624605459679447,10525.372270499149,2013,"{""type"":""MultiPoint"",""coordinates"":[]}"
1_2_00000000000000001e91,3035,27649,Seben,Turkey,0.07515048448927616,0.5907955929960274,2326.139889740743,2013,"{""type"":""MultiPoint"",""coordinates"":[]}"
1_2_00000000000000001e92,3036,27652,Aglasun,Turkey,0.05383766822627272,1.8470455407864992,5891.774527570745,2013,"{""type"":""MultiPoint"",""coordinates"":[]}"
1_2_00000000000000001e93,3036,27653,Altinyayla,Turkey,0.5595540886339934,2.741272812570231,5352.653867323567,2013,"{""type"":""MultiPoint"",""coordinates"":[]}"
1_2_00000000000000001e94,3036,27654,Bucak,Turkey,0.09346227349356159,3.1648496224415497,43421.4356965467,2013,"{""type"":""MultiPoint"",""coordinates"":[]}"
1_2_00000000000000001e95,3036,27655,Cavdir,Turkey,0.17898612370357608,1.8008730529976162,10226.205791616014,2013,"{""type"":""MultiPoint"",""coordinates"":[]}"
1_2_00000000000000001e96,3036,27656,Celtikci,Turkey,0.17129252805420253,0.8523342773174276,4849.635053038172,2013,"{""type"":""MultiPoint"",""coordinates"":[]}"
1_2_00000000000000001e97,3036,27657,Golhisar,Turkey,0.11150494912229184,3.9944606122838233,15751.489392647905,2013,"{""type"":""MultiPoint"",""coordinates"":[]}"
1_2_00000000000000001e98,3036,27658,Karamanli,Turkey,0.04741017540288998,1.6720824070097227,5476.223972232263,2013,"{""type"":""MultiPoint"",""coordinates"":[]}"
1_2_00000000000000001e99,3036,27659,Kemer,Turkey,0.04455172192817393,0.45084929059248097,1501.6763587263615,2013,"{""type"":""MultiPoint"",""coordinates"":[]}"
1_2_00000000000000001e9a,3036,27660,Merkez,Turkey,0.09137625501158655,5.082111322036123,84015.73291336383,2013,"{""type"":""MultiPoint"",""coordinates"":[]}"
1_2_00000000000000001e9b,3036,27661,Tefenni,Turkey,0.17959133142950626,1.5592532735620594,4933.657874688228,2013,"{""type"":""MultiPoint"",""coordinates"":[]}"
1_2_00000000000000001e9c,3036,27662,Yesilova,Turkey,0.05680489691792223,1.3295925136665832,8972.77054399996,2013,"{""type"":""MultiPoint"",""coordinates"":[]}"
1_2_00000000000000001e9d,3037,27663,Buyukorhan,Turkey,0.2812216242026787,1.112210734370851,7092.0477564544935,2013,"{""type"":""MultiPoint"",""coordinates"":[]}"
1_2_00000000000000001e9e,3037,27664,Gemlik,Turkey,0.2040394008301167,7.310898124428048,72867.07710196733,2013,"{""type"":""MultiPoint"",""coordinates"":[]}"
1_2_00000000000000001e9f,3037,27665,Gursu,Turkey,1.7758723877919995,7.353212809247677,38920.621132451386,2013,"{""type"":""MultiPoint"",""coordinates"":[]}"
1_2_00000000000000001ea0,3037,27666,Harmancik,Turkey,0.2158878295825348,0.6741300613268577,4006.0912035466554,2013,"{""type"":""MultiPoint"",""coordinates"":[]}"
1_2_00000000000000001ea1,3037,27667,Inegol,Turkey,0.7297342280936546,8.824123423502439,186031.5801549944,2013,"{""type"":""MultiPoint"",""coordinates"":[]}"
1_2_00000000000000001ea2,3037,27668,Iznik,Turkey,0.09352566423208433,3.1578688414299028,34283.931263198974,2013,"{""type"":""MultiPoint"",""coordinates"":[]}"
1_2_00000000000000001ea3,3037,27669,Karacabey,Turkey,0.3692616198939559,3.122120266257494,53475.415773859386,2013,"{""type"":""MultiPoint"",""coordinates"":[]}"
1_2_00000000000000001ea4,3037,27670,Keles,Turkey,0.15508022581522965,0.8136982500003936,7565.929604585745,2013,"{""type"":""MultiPoint"",""coordinates"":[]}"
1_2_00000000000000001ea5,3037,27671,Kestel,Turkey,0.1396067787780436,3.7215805797169,32801.3597084124,2013,"{""type"":""MultiPoint"",""coordinates"":[]}"
1_2_00000000000000001ea6,3037,27672,M.kemalpasa,Turkey,0.616295679780288,3.3402292473410267,71525.5279556749,2013,"{""type"":""MultiPoint"",""coordinates"":[]}"
1_2_00000000000000001ea7,3037,27673,Mudanya,Turkey,0.6078957780091631,6.034786906118015,69274.21300921006,2013,"{""type"":""MultiPoint"",""coordinates"":[]}"
1_2_00000000000000001ea8,3037,27674,Nilufer,Turkey,1.1774996857397875,57.266963814163475,720993.5932064733,2013,"{""type"":""MultiPoint"",""coordinates"":[]}"
1_2_00000000000000001ea9,3037,27675,Orhaneli,Turkey,0.3061916043438579,1.1847520876868878,15278.933622868506,2013,"{""type"":""MultiPoint"",""coordinates"":[]}"
1_2_00000000000000001eaa,3037,27676,Orhangazi,Turkey,0.6141887554266393,4.972781516205333,60766.14179009688,2013,"{""type"":""MultiPoint"",""coordinates"":[]}"
1_2_00000000000000001eab,3037,27677,Osmangazi,Turkey,2.4123913622349535,30.714858875620845,625413.7913861071,2013,"{""type"":""MultiPoint"",""coordinates"":[]}"
1_2_00000000000000001eac,3037,27678,Yenisehir,Turkey,0.10432888191443469,2.3124667787702133,38245.412150565564,2013,"{""type"":""MultiPoint"",""coordinates"":[]}"
1_2_00000000000000001ead,3037,27679,Yildirim,Turkey,218.13574981689453,198.0441980150447,193389.90200449628,2013,"{""type"":""MultiPoint"",""coordinates"":[]}"
1_2_00000000000000001eae,3038,27680,Ayvacik,Turkey,0.18047737554621746,1.4054261975959177,19317.123703172198,2013,"{""type"":""MultiPoint"",""coordinates"":[]}"
1_2_00000000000000001eaf,3038,27681,Bayramic,Turkey,0.10633851337032106,2.0266939838110916,18483.854217483222,2013,"{""type"":""MultiPoint"",""coordinates"":[]}"
1_2_00000000000000001eb0,3038,27682,Biga,Turkey,0.09104186780521566,1.8619860813992655,63423.11128916383,2013,"{""type"":""MultiPoint"",""coordinates"":[]}"
1_2_00000000000000001eb1,3038,27683,Bozcaada,Turkey,0.22252520345700783,1.0180596178425512,1719.3171448945131,2013,"{""type"":""MultiPoint"",""coordinates"":[]}"
1_2_00000000000000001eb2,3038,27684,Can,Turkey,0.09106294261878865,3.1373308777343287,37700.39416078378,2013,"{""type"":""MultiPoint"",""coordinates"":[]}"
1_2_00000000000000001eb3,3038,27685,Eceabat,Turkey,0.05217038651496588,1.2063605272637596,5223.877624260947,2013,"{""type"":""MultiPoint"",""coordinates"":[]}"
1_2_00000000000000001eb4,3038,27686,Ezine,Turkey,0.10636554792672918,2.128640047786484,28400.569741088297,2013,"{""type"":""MultiPoint"",""coordinates"":[]}"
1_2_00000000000000001eb5,3038,27687,Gelibolu,Turkey,0.08738066885832056,1.9304710085143175,26216.121021694198,2013,"{""type"":""MultiPoint"",""coordinates"":[]}"
1_2_00000000000000001eb6,3038,27688,Gokceada,Turkey,0.08710352706183978,0.9525040401372727,4174.867152333464,2013,"{""type"":""MultiPoint"",""coordinates"":[]}"
1_2_00000000000000001eb7,3038,27689,Lapseki,Turkey,0.07608873373017229,1.3377555576360594,18999.121942375885,2013,"{""type"":""MultiPoint"",""coordinates"":[]}"
1_2_00000000000000001eb8,3038,27690,Merkez,Turkey,0.1356771061194065,6.191177489711477,114930.22348486248,2013,"{""type"":""MultiPoint"",""coordinates"":[]}"
1_2_00000000000000001eb9,3038,27691,Yenice,Turkey,0.10465218111061743,1.4199713743370208,22613.619885716515,2013,"{""type"":""MultiPoint"",""coordinates"":[]}"
1_2_00000000000000001eba,3041,27718,Acipayam,Turkey,0.35688338602897646,2.3226225778166847,36719.83244055053,2013,"{""type"":""MultiPoint"",""coordinates"":[]}"
1_2_00000000000000001ebb,3041,27719,Akkoy,Turkey,0.10985822179471133,0.7489409274290154,4742.9481238698745,2013,"{""type"":""MultiPoint"",""coordinates"":[]}"
1_2_00000000000000001ebc,3041,27720,Babadag,Turkey,1.0329580540242402,1.5064037216561479,2885.601436375024,2013,"{""type"":""MultiPoint"",""coordinates"":[]}"
1_2_00000000000000001ebd,3041,27721,Baklan,Turkey,0.04826719921649692,0.5009773933152707,3462.623249419823,2013,"{""type"":""MultiPoint"",""coordinates"":[]}"
1_2_00000000000000001ebe,3041,27722,Bekilli,Turkey,0.3060188176165158,1.3658893660294271,4236.344896428969,2013,"{""type"":""MultiPoint"",""coordinates"":[]}"
1_2_00000000000000001ebf,3041,27723,Beyagac,Turkey,0.46089003323961836,1.4658364012116272,5203.006261700575,2013,"{""type"":""MultiPoint"",""coordinates"":[]}"
1_2_00000000000000001ec0,3041,27724,Bozkurt,Turkey,0.0495707162603976,1.7234256001684236,7176.796911276409,2013,"{""type"":""MultiPoint"",""coordinates"":[]}"
1_2_00000000000000001ec1,3041,27725,Buldan,Turkey,0.8730232162912495,3.565564519092131,19662.258851838826,2013,"{""type"":""MultiPoint"",""coordinates"":[]}"
1_2_00000000000000001ec2,3041,27726,Cal,Turkey,0.04532279971705923,1.1411151941357733,11936.00910254725,2013,"{""type"":""MultiPoint"",""coordinates"":[]}"
1_2_00000000000000001ec3,3041,27727,Cameli,Turkey,0.3556161232953385,1.9495297507607965,13505.141375948424,2013,"{""type"":""MultiPoint"",""coordinates"":[]}"
1_2_00000000000000001ec4,3041,27728,Cardak,Turkey,0.051484366859312715,1.4920630947569344,8014.054608207101,2013,"{""type"":""MultiPoint"",""coordinates"":[]}"
1_2_00000000000000001ec5,3041,27729,Civril,Turkey,0.08721517429052035,2.3567536674878404,46070.822568874966,2013,"{""type"":""MultiPoint"",""coordinates"":[]}"
1_2_00000000000000001ec6,3041,27730,Guney,Turkey,0.049382475455898474,0.9336685327942351,6127.333597608503,2013,"{""type"":""MultiPoint"",""coordinates"":[]}"
1_2_00000000000000001ec7,3041,27731,Honaz,Turkey,0.42715675246938417,2.7003257158342184,32304.0652432284,2013,"{""type"":""MultiPoint"",""coordinates"":[]}"
1_2_00000000000000001ec8,3041,27732,Kale,Turkey,0.1376502084992055,3.5726338146444516,12090.816505470113,2013,"{""type"":""MultiPoint"",""coordinates"":[]}"
1_2_00000000000000001ec9,3041,27733,Merkez,Turkey,4.525668754068847,18.245555536619374,477549.3274887881,2013,"{""type"":""MultiPoint"",""coordinates"":[]}"
1_2_00000000000000001eca,3041,27734,Saraykoy,Turkey,0.8076088402631656,3.0002899750113503,21352.70154304104,2013,"{""type"":""MultiPoint"",""coordinates"":[]}"
1_2_00000000000000001ecb,3041,27735,Serinhisar,Turkey,0.42739610796765976,3.8674357684899734,11691.182599380449,2013,"{""type"":""MultiPoint"",""coordinates"":[]}"
1_2_00000000000000001ecc,3041,27736,Tavas,Turkey,0.35521358095321626,2.5873940799809168,32402.844244206008,2013,"{""type"":""MultiPoint"",""coordinates"":[]}"
1_2_00000000000000001ecd,3043,27751,Enez,Turkey,0.04996929090362709,1.0900479952303996,6525.111919461004,2013,"{""type"":""MultiPoint"",""coordinates"":[]}"
1_2_00000000000000001ece,3043,27752,Havsa,Turkey,0.1739264367426684,1.4017704098104973,13769.054076974853,2013,"{""type"":""MultiPoint"",""coordinates"":[]}"
1_2_00000000000000001ecf,3043,27753,Ipsala,Turkey,0.06232771985028567,1.3389631153006287,22180.64817153733,2013,"{""type"":""MultiPoint"",""coordinates"":[]}"
1_2_00000000000000001ed0,3043,27754,Kesan,Turkey,0.09244116063941292,3.3087879721568147,53675.91270857701,2013,"{""type"":""MultiPoint"",""coordinates"":[]}"
1_2_00000000000000001ed1,3043,27756,Meric,Turkey,0.0523806725169887,1.0504213732905243,11420.872126496939,2013,"{""type"":""MultiPoint"",""coordinates"":[]}"
1_2_00000000000000001ed2,3043,27757,Merkez,Turkey,0.7505364612438681,7.821692780181852,125506.0125287293,2013,"{""type"":""MultiPoint"",""coordinates"":[]}"
1_2_00000000000000001ed3,3043,27758,Suleoglu,Turkey,0.08702065611338339,0.8881724263503011,5117.126614455579,2013,"{""type"":""MultiPoint"",""coordinates"":[]}"
1_2_00000000000000001ed4,3043,27759,Uzunkopru,Turkey,0.09236182285339788,2.6085262045687827,48514.23531086774,2013,"{""type"":""MultiPoint"",""coordinates"":[]}"
1_2_00000000000000001ed5,3047,27799,Alpu,Turkey,0.1818368704340952,1.4494464942678815,9097.089471272022,2013,"{""type"":""MultiPoint"",""coordinates"":[]}"
1_2_00000000000000001ed6,3047,27800,Beylikova,Turkey,0.1575563494730213,0.9398617864315227,3387.401435918219,2013,"{""type"":""MultiPoint"",""coordinates"":[]}"
1_2_00000000000000001ed7,3047,27801,Cifteler,Turkey,0.17937503627222706,2.479007372800014,10764.256533462829,2013,"{""type"":""MultiPoint"",""coordinates"":[]}"
1_2_00000000000000001ed8,3047,27802,Gunyuzu,Turkey,0.021271471988497794,0.4298235987336213,4360.14394088084,2013,"{""type"":""MultiPoint"",""coordinates"":[]}"
1_2_00000000000000001ed9,3047,27803,Han,Turkey,0.08943265936596906,0.8926082230813023,2050.367252097812,2013,"{""type"":""MultiPoint"",""coordinates"":[]}"
1_2_00000000000000001eda,3047,27804,Inonu,Turkey,0.2146828840930471,0.9728744510814648,4709.163399059268,2013,"{""type"":""MultiPoint"",""coordinates"":[]}"
1_2_00000000000000001edb,3047,27805,Mahmudiye,Turkey,0.09251476323570226,0.8240018631699993,5018.339861655524,2013,"{""type"":""MultiPoint"",""coordinates"":[]}"
1_2_00000000000000001edc,3047,27806,Merkez,Turkey,0.2888801726601136,12.808620923718077,533938.5783437286,2013,"{""type"":""MultiPoint"",""coordinates"":[]}"
1_2_00000000000000001edd,3047,27807,Mihalgazi,Turkey,0.2116174637121503,0.6067144327799794,912.5384785016738,2013,"{""type"":""MultiPoint"",""coordinates"":[]}"
1_2_00000000000000001ede,3047,27808,Mihaliccik,Turkey,0.09214828761752152,0.6038005744243593,4818.229730973816,2013,"{""type"":""MultiPoint"",""coordinates"":[]}"
1_2_00000000000000001edf,3047,27809,Saricakaya,Turkey,0.2650491664751856,0.8515326066958536,3003.741273594224,2013,"{""type"":""MultiPoint"",""coordinates"":[]}"
1_2_00000000000000001ee0,3047,27810,Seyitgazi,Turkey,0.02640293203029352,0.6939661555343801,8550.212935375828,2013,"{""type"":""MultiPoint"",""coordinates"":[]}"
1_2_00000000000000001ee1,3047,27811,Sivrihisar,Turkey,0.0466108424776697,0.8705931541170523,11806.286162861843,2013,"{""type"":""MultiPoint"",""coordinates"":[]}"
1_2_00000000000000001ee2,3048,27812,Araban,Turkey,0.6958558959364729,4.693530940005055,18583.900671082025,2013,"{""type"":""MultiPoint"",""coordinates"":[]}"
1_2_00000000000000001ee3,3048,27813,Islahiye,Turkey,0.37021134996519967,3.719189989131694,39783.13996379488,2013,"{""type"":""MultiPoint"",""coordinates"":[]}"
1_2_00000000000000001ee4,3048,27814,Kargamis,Turkey,0.3558215351259786,2.2969020910256117,15041.49890283296,2013,"{""type"":""MultiPoint"",""coordinates"":[]}"
1_2_00000000000000001ee5,3048,27815,Nizip,Turkey,0.22258587763427898,7.268645057131578,118284.4481597761,2013,"{""type"":""MultiPoint"",""coordinates"":[]}"
1_2_00000000000000001ee6,3048,27816,Nurdagi,Turkey,0.18716372574171625,2.272491975548828,22327.289877399737,2013,"{""type"":""MultiPoint"",""coordinates"":[]}"
1_2_00000000000000001ee7,3048,27817,Oguzeli,Turkey,0.17843850824697796,3.1088113859497457,41604.640367519,2013,"{""type"":""MultiPoint"",""coordinates"":[]}"
1_2_00000000000000001ee8,3048,27818,Sahinbey,Turkey,0.9866015323570962,33.96071690161744,797250.4047122761,2013,"{""type"":""MultiPoint"",""coordinates"":[]}"
1_2_00000000000000001ee9,3048,27819,Sehitkamil,Turkey,0.4577352337730575,16.000736764464882,466846.94953857,2013,"{""type"":""MultiPoint"",""coordinates"":[]}"
1_2_00000000000000001eea,3048,27820,Yavuzeli,Turkey,0.361632595299941,2.384922497244308,12011.890257574822,2013,"{""type"":""MultiPoint"",""coordinates"":[]}"
1_2_00000000000000001eeb,3052,27847,Altinozu,Turkey,0.6159655851234594,2.2100154694032166,42199.1675219146,2013,"{""type"":""MultiPoint"",""coordinates"":[]}"
1_2_00000000000000001eec,3052,27848,Belen,Turkey,0.6182671974932266,6.124106994415378,43777.94941283474,2013,"{""type"":""MultiPoint"",""coordinates"":[]}"
1_2_00000000000000001eed,3052,27849,Dortyol,Turkey,2.1136710503189464,7.424079294732024,98217.18123068275,2013,"{""type"":""MultiPoint"",""coordinates"":[]}"
1_2_00000000000000001eee,3052,27850,Erzin,Turkey,0.4272129033777514,1.972683018330893,21581.613619430864,2013,"{""type"":""MultiPoint"",""coordinates"":[]}"
1_2_00000000000000001eef,3052,27851,Hassa,Turkey,0.6165013779262107,4.355601458886353,38302.64691153445,2013,"{""type"":""MultiPoint"",""coordinates"":[]}"
1_2_00000000000000001ef0,3052,27852,Iskenderun,Turkey,1.7150547471868858,13.122393544958769,266108.81216115766,2013,"{""type"":""MultiPoint"",""coordinates"":[]}"
1_2_00000000000000001ef1,3052,27853,Kirikhan,Turkey,0.22957222984923356,5.722752474720084,68898.88626358964,2013,"{""type"":""MultiPoint"",""coordinates"":[]}"
1_2_00000000000000001ef2,3052,27854,Kumlu,Turkey,0.2031134882078126,0.8219104467466803,6453.749739940347,2013,"{""type"":""MultiPoint"",""coordinates"":[]}"
1_2_00000000000000001ef3,3052,27855,Merkez,Turkey,1.4692350048003266,12.964909093257589,414630.8705932658,2013,"{""type"":""MultiPoint"",""coordinates"":[]}"
1_2_00000000000000001ef4,3052,27856,Reyhanli,Turkey,0.7190395294141112,7.0926689405408485,71268.88217444147,2013,"{""type"":""MultiPoint"",""coordinates"":[]}"
1_2_00000000000000001ef5,3052,27857,Samandagi,Turkey,2.773796273592828,9.020224815280491,108585.35922910825,2013,"{""type"":""MultiPoint"",""coordinates"":[]}"
1_2_00000000000000001ef6,3052,27858,Yayladagi,Turkey,0.30919096365518595,1.7642178847675618,21263.915723744078,2013,"{""type"":""MultiPoint"",""coordinates"":[]}"
1_2_00000000000000001ef7,3053,27859,Anamur,Turkey,0.07697930051169256,3.7815717249498597,43283.80878246272,2013,"{""type"":""MultiPoint"",""coordinates"":[]}"
1_2_00000000000000001ef8,3053,27860,Aydincik,Turkey,0.03941314258568426,1.2700782193621423,8850.299215080115,2013,"{""type"":""MultiPoint"",""coordinates"":[]}"
1_2_00000000000000001ef9,3053,27861,Bozyazi,Turkey,0.06272796878959698,1.7945335738955248,17226.87057658934,2013,"{""type"":""MultiPoint"",""coordinates"":[]}"
1_2_00000000000000001efa,3053,27862,Camliyayla,Turkey,0.10131975342369454,0.38901334049663255,4645.262004390099,2013,"{""type"":""MultiPoint"",""coordinates"":[]}"
1_2_00000000000000001efb,3053,27863,Erdemli,Turkey,0.09990984260907992,3.3614753381452385,95725.37254402571,2013,"{""type"":""MultiPoint"",""coordinates"":[]}"
1_2_00000000000000001efc,3053,27864,Gulnar,Turkey,0.04394603747230626,0.9585983063897144,20752.83941930016,2013,"{""type"":""MultiPoint"",""coordinates"":[]}"
1_2_00000000000000001efd,3053,27865,Merkez,Turkey,0.6887323078373724,19.36135209319283,728297.8422139746,2013,"{""type"":""MultiPoint"",""coordinates"":[]}"
1_2_00000000000000001efe,3053,27866,Mut,Turkey,0.07928153042735986,1.981342237200041,43120.744723184675,2013,"{""type"":""MultiPoint"",""coordinates"":[]}"
1_2_00000000000000001eff,3053,27867,Silifke,Turkey,0.06345893712080553,2.3660968938675113,78940.91932838208,2013,"{""type"":""MultiPoint"",""coordinates"":[]}"
1_2_00000000000000001f00,3053,27868,Tarsus,Turkey,0.5011669480626164,10.810833712397235,348859.31647124566,2013,"{""type"":""MultiPoint"",""coordinates"":[]}"
1_2_00000000000000001f01,3055,27873,Aksu,Turkey,0.29505099674575347,1.0466646957455195,3070.006495791819,2013,"{""type"":""MultiPoint"",""coordinates"":[]}"
1_2_00000000000000001f02,3055,27874,Atabey,Turkey,0.15655080094895868,1.1177380010219633,3940.654436130683,2013,"{""type"":""MultiPoint"",""coordinates"":[]}"
1_2_00000000000000001f03,3055,27875,Egirdir,Turkey,0.31172066487292566,1.862718388645884,21127.640175133416,2013,"{""type"":""MultiPoint"",""coordinates"":[]}"
1_2_00000000000000001f04,3055,27876,Gelendost,Turkey,0.31355522021688453,2.191725819751653,9487.16876690073,2013,"{""type"":""MultiPoint"",""coordinates"":[]}"
1_2_00000000000000001f05,3055,27877,Gonen,Turkey,0.2789607141468463,1.1892246587957962,6943.24643344529,2013,"{""type"":""MultiPoint"",""coordinates"":[]}"
1_2_00000000000000001f06,3055,27878,Keciborlu,Turkey,0.1791073229538373,1.9048857747017067,10591.038408600121,2013,"{""type"":""MultiPoint"",""coordinates"":[]}"
1_2_00000000000000001f07,3055,27879,Merkez,Turkey,1.38008339534485,16.6343535725581,223015.64815967254,2013,"{""type"":""MultiPoint"",""coordinates"":[]}"
1_2_00000000000000001f08,3055,27880,Sarkikaraagac,Turkey,0.44426078231410543,2.110518073029696,16530.27179371676,2013,"{""type"":""MultiPoint"",""coordinates"":[]}"
1_2_00000000000000001f09,3055,27881,Senirkent,Turkey,0.04139627871154942,1.9337536985215458,7859.803956359819,2013,"{""type"":""MultiPoint"",""coordinates"":[]}"
1_2_00000000000000001f0a,3055,27882,Sutculer,Turkey,0.07776435941387758,0.6500630087299314,4286.911898229052,2013,"{""type"":""MultiPoint"",""coordinates"":[]}"
1_2_00000000000000001f0b,3055,27883,Uluborlu,Turkey,0.040059932621510044,2.288777720536674,4668.007412804732,2013,"{""type"":""MultiPoint"",""coordinates"":[]}"
1_2_00000000000000001f0c,3055,27884,Yalvac,Turkey,0.08580360692111687,2.643483699573145,31318.142296656893,2013,"{""type"":""MultiPoint"",""coordinates"":[]}"
1_2_00000000000000001f0d,3055,27885,Yenisarbademli,Turkey,0.13388640652684605,0.5844298543170052,1051.280810119139,2013,"{""type"":""MultiPoint"",""coordinates"":[]}"
1_2_00000000000000001f0e,3056,27886,Adalar,Turkey,5.951872061685165,6.728879232594292,6980.335006762256,2013,"{""type"":""MultiPoint"",""coordinates"":[]}"
1_2_00000000000000001f0f,3056,27887,Avcilar,Turkey,44.97420617044339,67.96437178000349,297185.85196518875,2013,"{""type"":""MultiPoint"",""coordinates"":[]}"
1_2_00000000000000001f10,3056,27888,B.cekmece,Turkey,11.064943092062846,38.39848564470384,680791.4014445293,2013,"{""type"":""MultiPoint"",""coordinates"":[]}"
1_2_00000000000000001f11,3056,27889,Bagcilar,Turkey,324.78130868765027,95.21852627232005,821068.0882600152,2013,"{""type"":""MultiPoint"",""coordinates"":[]}"
1_2_00000000000000001f12,3056,27890,Bahcelievler,Turkey,230.9764126555856,119.85574265108241,452718.28320972214,2013,"{""type"":""MultiPoint"",""coordinates"":[]}"
1_2_00000000000000001f13,3056,27891,Bakirkoy,Turkey,29.502677396747014,45.37049580556664,125718.8569187763,2013,"{""type"":""MultiPoint"",""coordinates"":[]}"
1_2_00000000000000001f14,3056,27892,Bayrampasa,Turkey,218.9666019015842,75.3570093550749,214571.93402847595,2013,"{""type"":""MultiPoint"",""coordinates"":[]}"
1_2_00000000000000001f15,3056,27893,Besiktas,Turkey,38.238867264977095,16.38371264368826,99059.14629877132,2013,"{""type"":""MultiPoint"",""coordinates"":[]}"
1_2_00000000000000001f16,3056,27894,Beykoz,Turkey,3.443967827175182,21.57185849278896,248474.23604066274,2013,"{""type"":""MultiPoint"",""coordinates"":[]}"
1_2_00000000000000001f17,3056,27895,Beyoglu,Turkey,152.8271230061849,52.074252802038465,184074.52181041945,2013,"{""type"":""MultiPoint"",""coordinates"":[]}"
1_2_00000000000000001f18,3056,27896,Catalca,Turkey,0.705289597192874,5.57168347377755,195091.47482340666,2013,"{""type"":""MultiPoint"",""coordinates"":[]}"
1_2_00000000000000001f19,3056,27897,Eminonu,Turkey,112.26682891845704,40.54117417983408,40446.40645669674,2013,"{""type"":""MultiPoint"",""coordinates"":[]}"
1_2_00000000000000001f1a,3056,27898,Esenler,Turkey,106.15711569090175,136.74995621286993,543456.3698947683,2013,"{""type"":""MultiPoint"",""coordinates"":[]}"
1_2_00000000000000001f1b,3056,27899,Eyup,Turkey,0.7904699029542389,44.53804004283782,386258.0521572858,2013,"{""type"":""MultiPoint"",""coordinates"":[]}"
1_2_00000000000000001f1c,3056,27900,Fatih,Turkey,148.52859873090472,43.08039507540266,191915.41106076702,2013,"{""type"":""MultiPoint"",""coordinates"":[]}"
1_2_00000000000000001f1d,3056,27901,G.osmanpasa,Turkey,7.058817301132508,89.90899865988521,1047738.5250744823,2013,"{""type"":""MultiPoint"",""coordinates"":[]}"
1_2_00000000000000001f1e,3056,27902,Gungoren,Turkey,296.58202362060547,132.17592025967394,281005.21628423966,2013,"{""type"":""MultiPoint"",""coordinates"":[]}"
1_2_00000000000000001f1f,3056,27903,K.cekmece,Turkey,29.029224918476352,81.41755791336284,848403.7609876501,2013,"{""type"":""MultiPoint"",""coordinates"":[]}"
1_2_00000000000000001f20,3056,27904,Kadikoy,Turkey,102.44163684194912,35.72460594809269,373651.68663066806,2013,"{""type"":""MultiPoint"",""coordinates"":[]}"
1_2_00000000000000001f21,3056,27905,Kagithane,Turkey,191.0735520882559,75.54178929683924,383402.6532799815,2013,"{""type"":""MultiPoint"",""coordinates"":[]}"
1_2_00000000000000001f22,3056,27906,Kartal,Turkey,78.32638473510742,49.39271300007743,270275.3131663258,2013,"{""type"":""MultiPoint"",""coordinates"":[]}"
1_2_00000000000000001f23,3056,27907,Maltepe,Turkey,30.47247419062818,37.26877958403926,542858.6513092287,2013,"{""type"":""MultiPoint"",""coordinates"":[]}"
1_2_00000000000000001f24,3056,27908,Pendik,Turkey,10.479550085089802,24.910370331420605,346927.54680894,2013,"{""type"":""MultiPoint"",""coordinates"":[]}"
1_2_00000000000000001f25,3056,27909,Sariyer,Turkey,7.240124208826415,21.31212268489523,243775.47276473854,2013,"{""type"":""MultiPoint"",""coordinates"":[]}"
1_2_00000000000000001f26,3056,27910,Sile,Turkey,0.31008101488853945,2.6938733439106706,71086.25453661488,2013,"{""type"":""MultiPoint"",""coordinates"":[]}"
1_2_00000000000000001f27,3056,27911,Silivri,Turkey,0.6185863108127972,2.6325506518661586,97262.72719645099,2013,"{""type"":""MultiPoint"",""coordinates"":[]}"
1_2_00000000000000001f28,3056,27912,Sisli,Turkey,59.07287608389516,60.551271965949,276613.2787053961,2013,"{""type"":""MultiPoint"",""coordinates"":[]}"
1_2_00000000000000001f29,3056,27913,Sultanbeyli,Turkey,57.04036917337557,55.24089415039039,189280.17827005108,2013,"{""type"":""MultiPoint"",""coordinates"":[]}"
1_2_00000000000000001f2a,3056,27914,Tuzla,Turkey,19.75287139933288,23.899937498715175,150148.2833275075,2013,"{""type"":""MultiPoint"",""coordinates"":[]}"
1_2_00000000000000001f2b,3056,27915,Umraniye,Turkey,39.03112910046229,49.97274574840843,911768.5703084802,2013,"{""type"":""MultiPoint"",""coordinates"":[]}"
1_2_00000000000000001f2c,3056,27916,Uskudar,Turkey,125.05514532857318,50.94415115895342,581902.4636654048,2013,"{""type"":""MultiPoint"",""coordinates"":[]}"
1_2_00000000000000001f2d,3056,27917,Zeytinburnu,Turkey,139.57497871086994,40.10198756311049,180147.07106839362,2013,"{""type"":""MultiPoint"",""coordinates"":[]}"
1_2_00000000000000001f2e,3057,27918,Aliaga,Turkey,0.5613494822538395,3.342408071558762,61096.71454877134,2013,"{""type"":""MultiPoint"",""coordinates"":[]}"
1_2_00000000000000001f2f,3057,27919,Balcova,Turkey,16.884963975810283,13.405848666748883,52396.60477242985,2013,"{""type"":""MultiPoint"",""coordinates"":[]}"
1_2_00000000000000001f30,3057,27920,Bayindir,Turkey,0.6018509542730042,2.7357401764246645,26728.430248856595,2013,"{""type"":""MultiPoint"",""coordinates"":[]}"
1_2_00000000000000001f31,3057,27921,Bergama,Turkey,0.3574992831244776,3.1240157903597257,71240.74518745707,2013,"{""type"":""MultiPoint"",""coordinates"":[]}"
1_2_00000000000000001f32,3057,27922,Beydag,Turkey,0.6751911172601912,2.8405502687592015,7029.222536474277,2013,"{""type"":""MultiPoint"",""coordinates"":[]}"
1_2_00000000000000001f33,3057,27923,Bornova,Turkey,2.939393242538281,26.359621484222686,398753.9299890419,2013,"{""type"":""MultiPoint"",""coordinates"":[]}"
1_2_00000000000000001f34,3057,27924,Buca,Turkey,4.8107331521221095,64.38182725788002,407015.53741170553,2013,"{""type"":""MultiPoint"",""coordinates"":[]}"
1_2_00000000000000001f35,3057,27925,Cesme,Turkey,0.17275614670196077,2.171339498377999,27083.393733056997,2013,"{""type"":""MultiPoint"",""coordinates"":[]}"
1_2_00000000000000001f36,3057,27926,Cigli,Turkey,3.7779148729519174,17.162288844632673,81918.67530659867,2013,"{""type"":""MultiPoint"",""coordinates"":[]}"
1_2_00000000000000001f37,3057,27927,Dikili,Turkey,0.30101954446983537,2.249772619164463,23762.82867792005,2013,"{""type"":""MultiPoint"",""coordinates"":[]}"
1_2_00000000000000001f38,3057,27928,Foca,Turkey,0.6134537236115072,3.6132729073246845,33281.56556532086,2013,"{""type"":""MultiPoint"",""coordinates"":[]}"
1_2_00000000000000001f39,3057,27929,Gaziemir,Turkey,11.488237454627557,25.903399010451658,117019.27782128456,2013,"{""type"":""MultiPoint"",""coordinates"":[]}"
1_2_00000000000000001f3a,3057,27930,Guzelbahce,Turkey,1.312775879514336,3.3178608870016206,22482.70308611765,2013,"{""type"":""MultiPoint"",""coordinates"":[]}"
1_2_00000000000000001f3b,3057,27931,Hekimadasi,Turkey,,,0.0,2013,"{""type"":""MultiPoint"",""coordinates"":[]}"
1_2_00000000000000001f3c,3057,27932,Karaada,Turkey,0.019109588116407394,8.363392766859347E-4,0.6300134232742529,2013,"{""type"":""MultiPoint"",""coordinates"":[]}"
1_2_00000000000000001f3d,3057,27933,Karaburun,Turkey,0.0268563606766449,0.6248151958060114,5832.932965004354,2013,"{""type"":""MultiPoint"",""coordinates"":[]}"
1_2_00000000000000001f3e,3057,27934,Kemalpasa,Turkey,0.6110811425366541,5.082367242645057,84319.57787343385,2013,"{""type"":""MultiPoint"",""coordinates"":[]}"
1_2_00000000000000001f3f,3057,27935,Kinik,Turkey,0.18067244215960462,2.5525298168306403,19381.897654222426,2013,"{""type"":""MultiPoint"",""coordinates"":[]}"
1_2_00000000000000001f40,3057,27936,Kiraz,Turkey,0.8904906273347469,3.8665763885710804,18625.00511227849,2013,"{""type"":""MultiPoint"",""coordinates"":[]}"
1_2_00000000000000001f41,3057,27937,Konak,Turkey,46.95973018119837,65.11250817878238,1203703.0575392367,2013,"{""type"":""MultiPoint"",""coordinates"":[]}"
1_2_00000000000000001f42,3057,27938,Menderes,Turkey,0.4291045185830793,2.271186384869999,54118.34535031095,2013,"{""type"":""MultiPoint"",""coordinates"":[]}"
1_2_00000000000000001f43,3057,27939,Menemen,Turkey,0.8524945435402367,7.167731426086393,130210.59503945523,2013,"{""type"":""MultiPoint"",""coordinates"":[]}"
1_2_00000000000000001f44,3057,27940,Narlidere,Turkey,3.228065653275055,19.875769489227608,63054.28216991695,2013,"{""type"":""MultiPoint"",""coordinates"":[]}"
1_2_00000000000000001f45,3057,27941,Odemis,Turkey,0.7249973392008546,5.364482594156214,97860.94610242968,2013,"{""type"":""MultiPoint"",""coordinates"":[]}"
1_2_00000000000000001f46,3057,27942,Seferihisar,Turkey,0.1810024217772185,2.4177460914377384,23609.38566763631,2013,"{""type"":""MultiPoint"",""coordinates"":[]}"
1_2_00000000000000001f47,3057,27943,Selcuk,Turkey,0.6383550426382308,5.424923489891515,33258.236603961675,2013,"{""type"":""MultiPoint"",""coordinates"":[]}"
1_2_00000000000000001f48,3057,27944,Tire,Turkey,0.3676540161623358,3.8916206994321194,57902.26326822275,2013,"{""type"":""MultiPoint"",""coordinates"":[]}"
1_2_00000000000000001f49,3057,27945,Toprakada,Turkey,0.017065156251192093,3.8127243983668806E-4,0.5991956839301422,2013,"{""type"":""MultiPoint"",""coordinates"":[]}"
1_2_00000000000000001f4a,3057,27946,Torbali,Turkey,0.852944113689387,4.44385783083695,110132.87309103497,2013,"{""type"":""MultiPoint"",""coordinates"":[]}"
1_2_00000000000000001f4b,3057,27947,Urla,Turkey,0.1862071102123691,2.1589136270663416,40263.73036902027,2013,"{""type"":""MultiPoint"",""coordinates"":[]}"
1_2_00000000000000001f4c,3057,27948,Uzunada,Turkey,0.044860249328482114,0.09849893270063306,115.99287487365595,2013,"{""type"":""MultiPoint"",""coordinates"":[]}"
1_2_00000000000000001f4d,3058,27949,Afsin,Turkey,0.10045872710231489,3.6335699853160204,60949.3144272886,2013,"{""type"":""MultiPoint"",""coordinates"":[]}"
1_2_00000000000000001f4e,3058,27950,Andirin,Turkey,0.11673551348800615,1.5591136065082407,23721.61084276775,2013,"{""type"":""MultiPoint"",""coordinates"":[]}"
1_2_00000000000000001f4f,3058,27951,Caglayancerit,Turkey,0.42807744770625705,2.3210884163767806,9856.69073595612,2013,"{""type"":""MultiPoint"",""coordinates"":[]}"
1_2_00000000000000001f50,3058,27952,Ekinozu,Turkey,0.17724814641291076,2.0028948915712523,6439.30405309481,2013,"{""type"":""MultiPoint"",""coordinates"":[]}"
1_2_00000000000000001f51,3058,27953,Elbistan,Turkey,0.22415749391193854,7.021519555863169,93457.36772171725,2013,"{""type"":""MultiPoint"",""coordinates"":[]}"
1_2_00000000000000001f52,3058,27954,Goksun,Turkey,0.09269687927511788,2.597356438337097,31065.687405066237,2013,"{""type"":""MultiPoint"",""coordinates"":[]}"
1_2_00000000000000001f53,3058,27955,Merkez,Turkey,0.2793575183654611,12.286400218562873,437585.9861147433,2013,"{""type"":""MultiPoint"",""coordinates"":[]}"
1_2_00000000000000001f54,3058,27956,Nurhak,Turkey,0.13991360167919917,0.9555346382136388,4302.005206322999,2013,"{""type"":""MultiPoint"",""coordinates"":[]}"
1_2_00000000000000001f55,3058,27957,Pazarcik,Turkey,0.3549036121145528,3.2402223003871784,53504.168074856796,2013,"{""type"":""MultiPoint"",""coordinates"":[]}"
1_2_00000000000000001f56,3058,27958,Turkoglu,Turkey,0.34955570788218565,4.920482669380234,59882.35712541774,2013,"{""type"":""MultiPoint"",""coordinates"":[]}"
1_2_00000000000000001f57,3060,27965,Ayranci,Turkey,0.021333335462845073,0.28915894518577345,3095.2729896609503,2013,"{""type"":""MultiPoint"",""coordinates"":[]}"
1_2_00000000000000001f58,3060,27966,Basyayla,Turkey,0.1516244996482647,1.820147691110594,4047.08928209007,2013,"{""type"":""MultiPoint"",""coordinates"":[]}"
1_2_00000000000000001f59,3060,27967,Ermenek,Turkey,0.09504773296888978,2.3506204326544595,15440.562548966707,2013,"{""type"":""MultiPoint"",""coordinates"":[]}"
1_2_00000000000000001f5a,3060,27968,Kazimkarabekir,Turkey,0.1815904881500731,1.8953003873034513,7282.552025056703,2013,"{""type"":""MultiPoint"",""coordinates"":[]}"
1_2_00000000000000001f5b,3060,27969,Merkez,Turkey,0.12353772928368657,5.506552401483839,132070.56989826457,2013,"{""type"":""MultiPoint"",""coordinates"":[]}"
1_2_00000000000000001f5c,3060,27970,Sariveliler,Turkey,0.46849420430761063,1.2975376123960742,4344.369376297231,2013,"{""type"":""MultiPoint"",""coordinates"":[]}"
1_2_00000000000000001f5d,3063,27999,Akkisla,Turkey,0.17164358722673284,0.8509081488409342,3181.139084884144,2013,"{""type"":""MultiPoint"",""coordinates"":[]}"
1_2_00000000000000001f5e,3063,28000,Bunyan,Turkey,0.11248009023718118,2.0112668645862537,18627.804574630805,2013,"{""type"":""MultiPoint"",""coordinates"":[]}"
1_2_00000000000000001f5f,3063,28001,Develi,Turkey,0.1681102111934544,3.667012136647519,40211.74525793442,2013,"{""type"":""MultiPoint"",""coordinates"":[]}"
1_2_00000000000000001f60,3063,28002,Felahiye,Turkey,0.10161968479456379,0.7493014214036074,2696.94293261453,2013,"{""type"":""MultiPoint"",""coordinates"":[]}"
1_2_00000000000000001f61,3063,28003,Hacilar,Turkey,0.13433444839001157,8.328563429339193,49780.020566339335,2013,"{""type"":""MultiPoint"",""coordinates"":[]}"
1_2_00000000000000001f62,3063,28004,Incesu,Turkey,0.2793533776971949,1.2897990382952238,12705.748994390353,2013,"{""type"":""MultiPoint"",""coordinates"":[]}"
1_2_00000000000000001f63,3063,28005,Kocasinan,Turkey,1.5100125906478687,13.7832280137847,337627.4698194061,2013,"{""type"":""MultiPoint"",""coordinates"":[]}"
1_2_00000000000000001f64,3063,28006,Melikgazi,Turkey,5.230137984538499,17.93431304439723,377127.4499987562,2013,"{""type"":""MultiPoint"",""coordinates"":[]}"
1_2_00000000000000001f65,3063,28007,Ozvatan,Turkey,0.10770888750630282,0.7398068348727339,3549.3704940718753,2013,"{""type"":""MultiPoint"",""coordinates"":[]}"
1_2_00000000000000001f66,3063,28008,Pinarbasi,Turkey,0.05994889581458753,1.0700485044752015,14019.443090757724,2013,"{""type"":""MultiPoint"",""coordinates"":[]}"
1_2_00000000000000001f67,3063,28009,Sarioglan,Turkey,0.09020337536838555,0.9392076556696448,7802.266046291429,2013,"{""type"":""MultiPoint"",""coordinates"":[]}"
1_2_00000000000000001f68,3063,28010,Sariz,Turkey,0.09183333129089122,0.6825908439120391,6479.808746000272,2013,"{""type"":""MultiPoint"",""coordinates"":[]}"
1_2_00000000000000001f69,3063,28011,Talas,Turkey,1.1678198026069484,8.884440768644216,83182.72847528182,2013,"{""type"":""MultiPoint"",""coordinates"":[]}"
1_2_00000000000000001f6a,3063,28012,Tomarza,Turkey,0.1755289879983148,1.6840166630376268,12908.584332219418,2013,"{""type"":""MultiPoint"",""coordinates"":[]}"
1_2_00000000000000001f6b,3063,28013,Yahyali,Turkey,0.08642142037334667,3.4038091340361305,17907.72715121062,2013,"{""type"":""MultiPoint"",""coordinates"":[]}"
1_2_00000000000000001f6c,3063,28014,Yesilhisar,Turkey,0.06200439300064269,1.0768412178185036,6582.642111424041,2013,"{""type"":""MultiPoint"",""coordinates"":[]}"
1_2_00000000000000001f6d,3064,28015,Elbeyli,Turkey,0.15384172981617136,1.266023769948645,5389.388736618401,2013,"{""type"":""MultiPoint"",""coordinates"":[]}"
1_2_00000000000000001f6e,3064,28016,Merkez,Turkey,0.20021250819185465,6.462497621340023,80600.35394468802,2013,"{""type"":""MultiPoint"",""coordinates"":[]}"
1_2_00000000000000001f6f,3064,28017,Musabeyli,Turkey,0.23607078098981957,0.6102269833264672,6789.014274533765,2013,"{""type"":""MultiPoint"",""coordinates"":[]}"
1_2_00000000000000001f70,3064,28018,Polateli,Turkey,0.14825940027734205,0.26951600240016316,2824.193488458807,2013,"{""type"":""MultiPoint"",""coordinates"":[]}"
1_2_00000000000000001f71,3065,28019,Bahsili,Turkey,0.07043809015400175,0.3788829719225621,1072.989295114066,2013,"{""type"":""MultiPoint"",""coordinates"":[]}"
1_2_00000000000000001f72,3065,28021,Celebi,Turkey,0.20457347031658532,0.6490702265735856,3808.6725663198013,2013,"{""type"":""MultiPoint"",""coordinates"":[]}"
1_2_00000000000000001f73,3065,28023,Karakecili,Turkey,0.2058571137224178,1.1974354058357723,3378.112065342116,2013,"{""type"":""MultiPoint"",""coordinates"":[]}"
1_2_00000000000000001f74,3065,28024,Keskin,Turkey,0.37005685179615727,19.86809258428965,85859.90381583657,2013,"{""type"":""MultiPoint"",""coordinates"":[]}"
1_2_00000000000000001f75,3065,28025,Merkez,Turkey,0.2642967012819934,13.630298166424065,94137.26514222531,2013,"{""type"":""MultiPoint"",""coordinates"":[]}"
1_2_00000000000000001f76,3065,28027,Yahsihan,Turkey,0.10660480638137748,0.8155378955182148,6726.735532672743,2013,"{""type"":""MultiPoint"",""coordinates"":[]}"
1_2_00000000000000001f77,3066,28028,Babaeski,Turkey,0.3571088317759512,3.0802479232122124,37986.07295031193,2013,"{""type"":""MultiPoint"",""coordinates"":[]}"
1_2_00000000000000001f78,3066,28031,Luleburgaz,Turkey,0.16416834630841365,4.94709834393058,99966.6891537063,2013,"{""type"":""MultiPoint"",""coordinates"":[]}"
1_2_00000000000000001f79,3066,28032,Merkez,Turkey,0.09416407918122084,3.211823470566508,64841.493173565614,2013,"{""type"":""MultiPoint"",""coordinates"":[]}"
1_2_00000000000000001f7a,3066,28033,Pehlivankoy,Turkey,0.15657788507175718,0.8248667627012845,2398.3056923534805,2013,"{""type"":""MultiPoint"",""coordinates"":[]}"
1_2_00000000000000001f7b,3066,28034,Pinarhisar,Turkey,0.04205153943239458,1.5917610396407673,14318.542259309292,2013,"{""type"":""MultiPoint"",""coordinates"":[]}"
1_2_00000000000000001f7c,3066,28035,Vize,Turkey,0.051055551332602,1.76970284746576,23279.155663074143,2013,"{""type"":""MultiPoint"",""coordinates"":[]}"
1_2_00000000000000001f7d,3067,28036,Akcakent,Turkey,0.09002581504838807,0.23991915074139478,1736.291791240754,2013,"{""type"":""MultiPoint"",""coordinates"":[]}"
1_2_00000000000000001f7e,3067,28037,Akpinar,Turkey,0.09266797381038058,0.7727386152050982,3177.847971559167,2013,"{""type"":""MultiPoint"",""coordinates"":[]}"
1_2_00000000000000001f7f,3067,28038,Boztepe,Turkey,0.09332209895353646,0.6875200351225852,3284.0738144511174,2013,"{""type"":""MultiPoint"",""coordinates"":[]}"
1_2_00000000000000001f80,3067,28039,Cicekdagi,Turkey,0.09158767473902818,0.7712736606560754,6296.491374578201,2013,"{""type"":""MultiPoint"",""coordinates"":[]}"
1_2_00000000000000001f81,3067,28040,Kaman,Turkey,0.09819443573658428,2.4580656854167966,25829.766692995036,2013,"{""type"":""MultiPoint"",""coordinates"":[]}"
1_2_00000000000000001f82,3067,28041,Merkez,Turkey,0.3564031757830218,4.942921689875569,91222.60937997009,2013,"{""type"":""MultiPoint"",""coordinates"":[]}"
1_2_00000000000000001f83,3067,28042,Mucur,Turkey,0.18834852158393223,1.4866415696976054,10548.503454433658,2013,"{""type"":""MultiPoint"",""coordinates"":[]}"
1_2_00000000000000001f84,3068,28043,Gebze,Turkey,1.2311392777550383,9.264962207411806,306047.1485275444,2013,"{""type"":""MultiPoint"",""coordinates"":[]}"
1_2_00000000000000001f85,3068,28044,Golcuk,Turkey,1.181512000128897,15.915049016566769,138202.4881563067,2013,"{""type"":""MultiPoint"",""coordinates"":[]}"
1_2_00000000000000001f86,3068,28046,Karamursel,Turkey,0.3492599220366455,3.4585606108798346,21699.477256233615,2013,"{""type"":""MultiPoint"",""coordinates"":[]}"
1_2_00000000000000001f87,3068,28047,Korfez,Turkey,0.26525867115022805,6.429037022431498,38421.61556901401,2013,"{""type"":""MultiPoint"",""coordinates"":[]}"
1_2_00000000000000001f88,3068,28048,Merkez,Turkey,0.7008444256821972,9.879817791821095,458816.6536898578,2013,"{""type"":""MultiPoint"",""coordinates"":[]}"
1_2_00000000000000001f89,3069,28049,Ahirli,Turkey,0.20358955244640436,0.8592037688554777,2019.6249341000857,2013,"{""type"":""MultiPoint"",""coordinates"":[]}"
1_2_00000000000000001f8a,3069,28050,Akoren,Turkey,0.0916619515290781,1.0425852185158748,3815.776258139509,2013,"{""type"":""MultiPoint"",""coordinates"":[]}"
1_2_00000000000000001f8b,3069,28051,Aksehir,Turkey,0.740521438334727,6.782897091967744,71300.96386234282,2013,"{""type"":""MultiPoint"",""coordinates"":[]}"
1_2_00000000000000001f8c,3069,28052,Altinekin,Turkey,0.09046426835695705,0.5425786213848405,6608.238288018907,2013,"{""type"":""MultiPoint"",""coordinates"":[]}"
1_2_00000000000000001f8d,3069,28053,Beysehir,Turkey,0.35884355546264946,4.446665277973253,37719.47000045323,2013,"{""type"":""MultiPoint"",""coordinates"":[]}"
1_2_00000000000000001f8e,3069,28054,Bozkir,Turkey,0.09449575036083445,2.182876038672286,17078.88908868357,2013,"{""type"":""MultiPoint"",""coordinates"":[]}"
1_2_00000000000000001f8f,3069,28055,Celtik,Turkey,0.0749047925761345,0.8682365985137311,5748.189701595456,2013,"{""type"":""MultiPoint"",""coordinates"":[]}"
1_2_00000000000000001f90,3069,28056,Cihanbeyli,Turkey,0.05353220033877039,1.343000125038596,29000.527189371685,2013,"{""type"":""MultiPoint"",""coordinates"":[]}"
1_2_00000000000000001f91,3069,28057,Cumra,Turkey,0.13082089776695954,3.2937648508634534,54056.84829573733,2013,"{""type"":""MultiPoint"",""coordinates"":[]}"
1_2_00000000000000001f92,3069,28058,Derbent,Turkey,0.07697655905438781,0.9518763335770213,3990.4903896870856,2013,"{""type"":""MultiPoint"",""coordinates"":[]}"
1_2_00000000000000001f93,3069,28059,Derebucak,Turkey,0.40966090560190327,1.632328788211232,4128.91913025312,2013,"{""type"":""MultiPoint"",""coordinates"":[]}"
1_2_00000000000000001f94,3069,28060,Doganhisar,Turkey,0.3519797118420524,2.935304430487945,11815.039055308664,2013,"{""type"":""MultiPoint"",""coordinates"":[]}"
1_2_00000000000000001f95,3069,28061,Emirgazi,Turkey,0.07620100110869639,0.5510525520904397,6353.339363406065,2013,"{""type"":""MultiPoint"",""coordinates"":[]}"
1_2_00000000000000001f96,3069,28062,Eregli,Turkey,0.08526900317377331,3.653672384906103,98310.73326023544,2013,"{""type"":""MultiPoint"",""coordinates"":[]}"
1_2_00000000000000001f97,3069,28063,Guneysinir,Turkey,0.15847026624857058,1.585634032369695,5380.820599248083,2013,"{""type"":""MultiPoint"",""coordinates"":[]}"
1_2_00000000000000001f98,3069,28064,Hadim,Turkey,0.07736290957018609,1.2361037310594767,8592.611869206918,2013,"{""type"":""MultiPoint"",""coordinates"":[]}"
1_2_00000000000000001f99,3069,28065,Halkapinar,Turkey,0.10229882514889699,0.6358262889871203,1836.2355813517102,2013,"{""type"":""MultiPoint"",""coordinates"":[]}"
1_2_00000000000000001f9a,3069,28066,Huyuk,Turkey,0.44482210601513095,1.4079391133707433,8566.596083265074,2013,"{""type"":""MultiPoint"",""coordinates"":[]}"
1_2_00000000000000001f9b,3069,28067,Ilgin,Turkey,0.09027308655767811,2.952796773638561,36187.195707475796,2013,"{""type"":""MultiPoint"",""coordinates"":[]}"
1_2_00000000000000001f9c,3069,28068,Kadinhani,Turkey,0.09578182547175784,2.6020133143179818,22134.86695600259,2013,"{""type"":""MultiPoint"",""coordinates"":[]}"
1_2_00000000000000001f9d,3069,28069,Karapinar,Turkey,0.06900294980662693,2.334491576612213,31692.323114589715,2013,"{""type"":""MultiPoint"",""coordinates"":[]}"
1_2_00000000000000001f9e,3069,28070,Karatay,Turkey,0.1855929300922327,4.844758731902012,171369.70829549208,2013,"{""type"":""MultiPoint"",""coordinates"":[]}"
1_2_00000000000000001f9f,3069,28071,Kulu,Turkey,0.35140305280727213,2.7216611392735977,34061.639542719204,2013,"{""type"":""MultiPoint"",""coordinates"":[]}"
1_2_00000000000000001fa0,3069,28072,Meram,Turkey,1.231213359393132,7.733475077211381,265715.49588059966,2013,"{""type"":""MultiPoint"",""coordinates"":[]}"
1_2_00000000000000001fa1,3069,28073,Sarayonu,Turkey,0.07705912437536572,1.9049444596105962,18784.08765609852,2013,"{""type"":""MultiPoint"",""coordinates"":[]}"
1_2_00000000000000001fa2,3069,28074,Selcuklu,Turkey,0.12288411153554606,12.523561852456105,473872.7873166723,2013,"{""type"":""MultiPoint"",""coordinates"":[]}"
1_2_00000000000000001fa3,3069,28075,Seydisehir,Turkey,0.35312428841347315,3.6252684785024925,44792.16725109458,2013,"{""type"":""MultiPoint"",""coordinates"":[]}"
1_2_00000000000000001fa4,3069,28076,Taskent,Turkey,0.0705516566939336,0.3278035039622681,197.77350407805218,2013,"{""type"":""MultiPoint"",""coordinates"":[]}"
1_2_00000000000000001fa5,3069,28077,Tuzlukcu,Turkey,0.030698679871125182,0.7562545051573972,3299.8785852151577,2013,"{""type"":""MultiPoint"",""coordinates"":[]}"
1_2_00000000000000001fa6,3069,28078,Yalihuyuk,Turkey,0.1321689763637647,0.5080526882484715,724.3674077643045,2013,"{""type"":""MultiPoint"",""coordinates"":[]}"
1_2_00000000000000001fa7,3069,28079,Yunak,Turkey,0.04406980697046864,0.827512010973805,8700.944431025187,2013,"{""type"":""MultiPoint"",""coordinates"":[]}"
1_2_00000000000000001fa8,3070,28080,Altintas,Turkey,0.3158284207152348,1.2798789401105004,9281.42558617226,2013,"{""type"":""MultiPoint"",""coordinates"":[]}"
1_2_00000000000000001fa9,3070,28081,Aslanapa,Turkey,0.29535667256477777,0.7131898504361225,4347.290110588724,2013,"{""type"":""MultiPoint"",""coordinates"":[]}"
1_2_00000000000000001faa,3070,28082,Cavdarhisar,Turkey,0.3031120612119145,1.2113855769624857,5468.386711579809,2013,"{""type"":""MultiPoint"",""coordinates"":[]}"
1_2_00000000000000001fab,3070,28083,Domanic,Turkey,0.17838093067241012,2.1317795508139357,12229.417592367872,2013,"{""type"":""MultiPoint"",""coordinates"":[]}"
1_2_00000000000000001fac,3070,28084,Dumlupinar,Turkey,0.17174455984289774,0.7082327846164592,2150.3154924076275,2013,"{""type"":""MultiPoint"",""coordinates"":[]}"
1_2_00000000000000001fad,3070,28085,Emet,Turkey,0.30833283459050714,1.5356184382962457,10700.548086423778,2013,"{""type"":""MultiPoint"",""coordinates"":[]}"
1_2_00000000000000001fae,3070,28086,Gediz,Turkey,0.43400256234158574,2.518317931376923,29791.39986972591,2013,"{""type"":""MultiPoint"",""coordinates"":[]}"
1_2_00000000000000001faf,3070,28087,Hisarcik,Turkey,0.4395752331046397,1.6011481945629906,8262.190090596792,2013,"{""type"":""MultiPoint"",""coordinates"":[]}"
1_2_00000000000000001fb0,3070,28088,Merkez,Turkey,0.19803970606522245,7.043097729258691,206776.53324539313,2013,"{""type"":""MultiPoint"",""coordinates"":[]}"
1_2_00000000000000001fb1,3070,28089,Pazarlar,Turkey,0.3162539591531751,1.9472658724479321,6365.174702704321,2013,"{""type"":""MultiPoint"",""coordinates"":[]}"
1_2_00000000000000001fb2,3070,28090,Saphane,Turkey,0.40850953441113236,0.9398502415571494,2681.345393580009,2013,"{""type"":""MultiPoint"",""coordinates"":[]}"
1_2_00000000000000001fb3,3070,28091,Simav,Turkey,0.6158501231795048,3.530635632985109,41214.09595878443,2013,"{""type"":""MultiPoint"",""coordinates"":[]}"
1_2_00000000000000001fb4,3070,28092,Tavsanli,Turkey,0.3613640342353707,3.8930958427058546,75959.60015073561,2013,"{""type"":""MultiPoint"",""coordinates"":[]}"
1_2_00000000000000001fb5,3071,28093,Akcadag,Turkey,0.1759144124538513,0.9043098966058961,14465.74995992114,2013,"{""type"":""MultiPoint"",""coordinates"":[]}"
1_2_00000000000000001fb6,3071,28097,Darende,Turkey,0.05421328558626834,1.489852274937202,17069.771977647528,2013,"{""type"":""MultiPoint"",""coordinates"":[]}"
1_2_00000000000000001fb7,3071,28098,Dogansehir,Turkey,0.11899916864848194,2.913256737666418,20547.60082163294,2013,"{""type"":""MultiPoint"",""coordinates"":[]}"
1_2_00000000000000001fb8,3071,28106,Yesilyurt,Turkey,0.8806540831272301,7.990497614251461,68948.75469847482,2013,"{""type"":""MultiPoint"",""coordinates"":[]}"
1_2_00000000000000001fb9,3072,28107,Ahmetli,Turkey,0.30482465114640733,2.4518287864740107,10052.826833048219,2013,"{""type"":""MultiPoint"",""coordinates"":[]}"
1_2_00000000000000001fba,3072,28108,Akhisar,Turkey,0.23860623629865182,5.930665145296598,119507.69129648173,2013,"{""type"":""MultiPoint"",""coordinates"":[]}"
1_2_00000000000000001fbb,3072,28109,Alasehir,Turkey,0.7084983608855047,6.967285237300966,69333.20765187262,2013,"{""type"":""MultiPoint"",""coordinates"":[]}"
1_2_00000000000000001fbc,3072,28110,Demirci,Turkey,0.35699622424250255,3.5701142676021345,24511.626527810633,2013,"{""type"":""MultiPoint"",""coordinates"":[]}"
1_2_00000000000000001fbd,3072,28111,Golmarmara,Turkey,0.37750635370193397,3.804287045167785,10791.061944276951,2013,"{""type"":""MultiPoint"",""coordinates"":[]}"
1_2_00000000000000001fbe,3072,28112,Gordes,Turkey,0.37687204042701444,3.447790422514199,14813.90535640591,2013,"{""type"":""MultiPoint"",""coordinates"":[]}"
1_2_00000000000000001fbf,3072,28113,Kirkagac,Turkey,0.2242218010760151,6.563958137469297,53628.699558234686,2013,"{""type"":""MultiPoint"",""coordinates"":[]}"
1_2_00000000000000001fc0,3072,28114,Koprubasi,Turkey,0.3068677647302977,1.9062852712095746,5664.9210793744105,2013,"{""type"":""MultiPoint"",""coordinates"":[]}"
1_2_00000000000000001fc1,3072,28115,Kula,Turkey,0.36645127700100966,4.2723105333124325,30115.35293933577,2013,"{""type"":""MultiPoint"",""coordinates"":[]}"
1_2_00000000000000001fc2,3072,28116,Merkez,Turkey,0.7049293774878538,12.822065776604358,316521.64991323143,2013,"{""type"":""MultiPoint"",""coordinates"":[]}"
1_2_00000000000000001fc3,3072,28117,Salihli,Turkey,0.7119585643706335,8.591936259922065,119050.99580553402,2013,"{""type"":""MultiPoint"",""coordinates"":[]}"
1_2_00000000000000001fc4,3072,28118,Sarigol,Turkey,1.2334707494765782,5.545978878124216,30367.085049664503,2013,"{""type"":""MultiPoint"",""coordinates"":[]}"
1_2_00000000000000001fc5,3072,28119,Saruhanli,Turkey,0.37082039113302734,2.053649296581162,35537.50634873929,2013,"{""type"":""MultiPoint"",""coordinates"":[]}"
1_2_00000000000000001fc6,3072,28120,Selendi,Turkey,0.12558377223833456,2.0550922857258143,14248.479404283697,2013,"{""type"":""MultiPoint"",""coordinates"":[]}"
1_2_00000000000000001fc7,3072,28121,Soma,Turkey,0.19503636979575364,7.110504683974788,83137.25718765383,2013,"{""type"":""MultiPoint"",""coordinates"":[]}"
1_2_00000000000000001fc8,3072,28122,Turgutlu,Turkey,0.7022177593431068,11.590914983417578,131141.28857963835,2013,"{""type"":""MultiPoint"",""coordinates"":[]}"
1_2_00000000000000001fc9,3073,28124,Derik,Turkey,0.3505440941031005,1.6151559921999339,29683.778135461518,2013,"{""type"":""MultiPoint"",""coordinates"":[]}"
1_2_00000000000000001fca,3073,28125,Kiziltepe,Turkey,0.6197202813145058,4.2536938661365005,113108.32119175351,2013,"{""type"":""MultiPoint"",""coordinates"":[]}"
1_2_00000000000000001fcb,3073,28127,Merkez,Turkey,0.6045810513109992,4.788165197360172,74347.07511797706,2013,"{""type"":""MultiPoint"",""coordinates"":[]}"
1_2_00000000000000001fcc,3074,28133,Bodrum,Turkey,0.8794838919978758,4.47174230982372,107578.60274453482,2013,"{""type"":""MultiPoint"",""coordinates"":[]}"
1_2_00000000000000001fcd,3074,28134,Dalaman,Turkey,0.6244359807427178,3.815902873063655,32945.915446004285,2013,"{""type"":""MultiPoint"",""coordinates"":[]}"
1_2_00000000000000001fce,3074,28135,Datca,Turkey,0.36661121571618155,3.0591116270240586,12396.457641348783,2013,"{""type"":""MultiPoint"",""coordinates"":[]}"
1_2_00000000000000001fcf,3074,28136,Fethiye,Turkey,0.36778347078057233,3.9161466578590374,136007.316885378,2013,"{""type"":""MultiPoint"",""coordinates"":[]}"
1_2_00000000000000001fd0,3074,28137,Kavaklidere,Turkey,0.5281805897146175,1.6011835473347598,5635.421281101007,2013,"{""type"":""MultiPoint"",""coordinates"":[]}"
1_2_00000000000000001fd1,3074,28138,Koycegiz,Turkey,0.43473925317682344,1.7644906347244347,16952.13026223202,2013,"{""type"":""MultiPoint"",""coordinates"":[]}"
1_2_00000000000000001fd2,3074,28139,Marmaris,Turkey,0.618327827633891,6.9514902663231695,53650.133633708974,2013,"{""type"":""MultiPoint"",""coordinates"":[]}"
1_2_00000000000000001fd3,3074,28140,Merkez,Turkey,0.6190543761748555,6.0954515354252115,71254.12999739725,2013,"{""type"":""MultiPoint"",""coordinates"":[]}"
1_2_00000000000000001fd4,3074,28141,Milas,Turkey,0.36752061510419004,2.789047282281239,96970.6058800439,2013,"{""type"":""MultiPoint"",""coordinates"":[]}"
1_2_00000000000000001fd5,3074,28142,Ortaca,Turkey,1.365414489058187,4.919006199444875,36279.114171940135,2013,"{""type"":""MultiPoint"",""coordinates"":[]}"
1_2_00000000000000001fd6,3074,28143,Ula,Turkey,0.6545177361124499,1.5521877099723367,16415.615360013646,2013,"{""type"":""MultiPoint"",""coordinates"":[]}"
1_2_00000000000000001fd7,3074,28144,Yatagan,Turkey,0.3468111572780334,2.5407531636721754,27555.389852425677,2013,"{""type"":""MultiPoint"",""coordinates"":[]}"
1_2_00000000000000001fd8,3076,28151,Acigol,Turkey,0.6572117770419401,1.4669975525475671,10596.595045880254,2013,"{""type"":""MultiPoint"",""coordinates"":[]}"
1_2_00000000000000001fd9,3076,28152,Avanos,Turkey,0.3685742240226521,3.7084361634916134,41572.56485736561,2013,"{""type"":""MultiPoint"",""coordinates"":[]}"
1_2_00000000000000001fda,3076,28153,Derinkuyu,Turkey,0.6204653200049741,3.282187882465831,25384.418729080287,2013,"{""type"":""MultiPoint"",""coordinates"":[]}"
1_2_00000000000000001fdb,3076,28154,Gulsehir,Turkey,0.18691283939665237,1.418975940543483,13844.798122056603,2013,"{""type"":""MultiPoint"",""coordinates"":[]}"
1_2_00000000000000001fdc,3076,28155,Hacibektas,Turkey,0.28367642916173236,0.9204992625543847,8040.519394280944,2013,"{""type"":""MultiPoint"",""coordinates"":[]}"
1_2_00000000000000001fdd,3076,28156,Kozakli,Turkey,0.08771066445695068,1.0658799537644899,8847.712730303545,2013,"{""type"":""MultiPoint"",""coordinates"":[]}"
1_2_00000000000000001fde,3076,28157,Merkez,Turkey,0.8937953256270207,7.205000618323501,92076.68080927363,2013,"{""type"":""MultiPoint"",""coordinates"":[]}"
1_2_00000000000000001fdf,3076,28158,Urgup,Turkey,0.4388058449932491,3.121719968298118,24264.452629745298,2013,"{""type"":""MultiPoint"",""coordinates"":[]}"
1_2_00000000000000001fe0,3077,28159,Altunhisar,Turkey,0.3091125690712836,1.5571681468719012,8498.193411465123,2013,"{""type"":""MultiPoint"",""coordinates"":[]}"
1_2_00000000000000001fe1,3077,28160,Bor,Turkey,0.17735559583535962,2.051783061252348,31210.34120009494,2013,"{""type"":""MultiPoint"",""coordinates"":[]}"
1_2_00000000000000001fe2,3077,28161,Camardi,Turkey,0.15762088678295397,1.2494196515177192,5105.258432658594,2013,"{""type"":""MultiPoint"",""coordinates"":[]}"
1_2_00000000000000001fe3,3077,28162,Ciftlik,Turkey,1.1187557196213027,3.007920131617492,19214.787587481547,2013,"{""type"":""MultiPoint"",""coordinates"":[]}"
1_2_00000000000000001fe4,3077,28163,Merkez,Turkey,0.8530379152970989,5.868146147381357,147636.7803831087,2013,"{""type"":""MultiPoint"",""coordinates"":[]}"
1_2_00000000000000001fe5,3077,28164,Ulukisla,Turkey,0.17798850132038996,1.4150913393394902,14655.676209604226,2013,"{""type"":""MultiPoint"",""coordinates"":[]}"
1_2_00000000000000001fe6,3079,28184,Bahce,Turkey,0.37191653890647475,3.320879068606759,17788.769119979654,2013,"{""type"":""MultiPoint"",""coordinates"":[]}"
1_2_00000000000000001fe7,3079,28185,Duzici,Turkey,0.7151747487544314,6.08363232306415,57709.177250219196,2013,"{""type"":""MultiPoint"",""coordinates"":[]}"
1_2_00000000000000001fe8,3079,28186,Hasanbeyli,Turkey,0.1397603051672462,0.7652355428045079,1940.7308058703795,2013,"{""type"":""MultiPoint"",""coordinates"":[]}"
1_2_00000000000000001fe9,3079,28187,Kadirli,Turkey,0.1969307955359312,6.942267635423122,96011.93133182729,2013,"{""type"":""MultiPoint"",""coordinates"":[]}"
1_2_00000000000000001fea,3079,28188,Merkez,Turkey,0.24562278274296068,14.719009809948005,200825.133559953,2013,"{""type"":""MultiPoint"",""coordinates"":[]}"
1_2_00000000000000001feb,3079,28189,Sumbas,Turkey,0.06850173720867267,0.3836521488522916,5649.782601779384,2013,"{""type"":""MultiPoint"",""coordinates"":[]}"
1_2_00000000000000001fec,3079,28190,Toprakkale,Turkey,0.9443471456369423,2.776715235354337,16718.105196188288,2013,"{""type"":""MultiPoint"",""coordinates"":[]}"
1_2_00000000000000001fed,3081,28203,Akyazi,Turkey,1.3648025748487043,4.1309135205671454,71309.15937546086,2013,"{""type"":""MultiPoint"",""coordinates"":[]}"
1_2_00000000000000001fee,3081,28205,Geyve,Turkey,0.56546406045026,2.0193028622733724,25193.104041336654,2013,"{""type"":""MultiPoint"",""coordinates"":[]}"
1_2_00000000000000001fef,3081,28207,Karapurcek,Turkey,0.5166363570730839,0.9246873680234537,7537.860844746099,2013,"{""type"":""MultiPoint"",""coordinates"":[]}"
1_2_00000000000000001ff0,3081,28211,Merkez,Turkey,2.4259758706743066,9.69470253636152,378841.5670806911,2013,"{""type"":""MultiPoint"",""coordinates"":[]}"
1_2_00000000000000001ff1,3081,28212,Pamukova,Turkey,0.8456505774484216,3.298589362834963,24080.628328986066,2013,"{""type"":""MultiPoint"",""coordinates"":[]}"
1_2_00000000000000001ff2,3081,28213,Sapanca,Turkey,1.8090884470735746,3.5901777255214355,22730.265650790352,2013,"{""type"":""MultiPoint"",""coordinates"":[]}"
1_2_00000000000000001ff3,3081,28215,Tarakli,Turkey,0.2198695658536953,1.0690789580684406,3881.6018320470757,2013,"{""type"":""MultiPoint"",""coordinates"":[]}"
1_2_00000000000000001ff4,3083,28231,Akcakale,Turkey,0.2723539517652187,4.240933506464446,89788.69411971066,2013,"{""type"":""MultiPoint"",""coordinates"":[]}"
1_2_00000000000000001ff5,3083,28232,Birecik,Turkey,0.24753846332118254,4.360977456502385,57839.63023602212,2013,"{""type"":""MultiPoint"",""coordinates"":[]}"
1_2_00000000000000001ff6,3083,28233,Bozova,Turkey,0.13175272230588195,1.7837384328030255,32554.195640985243,2013,"{""type"":""MultiPoint"",""coordinates"":[]}"
1_2_00000000000000001ff7,3083,28234,Ceylanpinar,Turkey,0.6110766566997072,4.436335211940635,33163.086773503426,2013,"{""type"":""MultiPoint"",""coordinates"":[]}"
1_2_00000000000000001ff8,3083,28235,Halfeti,Turkey,0.35299308233902565,2.213120464195386,20357.429098630288,2013,"{""type"":""MultiPoint"",""coordinates"":[]}"
1_2_00000000000000001ff9,3083,28236,Harran,Turkey,0.35258598819961584,1.2416929989000285,43095.80003016074,2013,"{""type"":""MultiPoint"",""coordinates"":[]}"
1_2_00000000000000001ffa,3083,28237,Hilvan,Turkey,0.125645888043711,2.3635898370284285,22448.511493405083,2013,"{""type"":""MultiPoint"",""coordinates"":[]}"
1_2_00000000000000001ffb,3083,28238,Merkez,Turkey,0.34222617321145227,9.726150880120656,644079.306264522,2013,"{""type"":""MultiPoint"",""coordinates"":[]}"
1_2_00000000000000001ffc,3083,28239,Siverek,Turkey,0.21252167864902255,5.301404119275484,111734.81377766866,2013,"{""type"":""MultiPoint"",""coordinates"":[]}"
1_2_00000000000000001ffd,3083,28240,Suruc,Turkey,0.46891504097757036,7.14168941575092,86549.67564433876,2013,"{""type"":""MultiPoint"",""coordinates"":[]}"
1_2_00000000000000001ffe,3083,28241,Viransehir,Turkey,0.22785877701151053,3.7395078692796195,116813.44394331894,2013,"{""type"":""MultiPoint"",""coordinates"":[]}"
1_2_00000000000000001fff,3087,28271,Gurun,Turkey,0.04587200698796555,1.1110781495301452,9646.749227741686,2013,"{""type"":""MultiPoint"",""coordinates"":[]}"
1_2_00000000000000002000,3088,28282,Cerkezkoy,Turkey,1.4564102753362473,18.335352046814847,203154.1908168125,2013,"{""type"":""MultiPoint"",""coordinates"":[]}"
1_2_00000000000000002001,3088,28283,Corlu,Turkey,0.7267200654887097,5.453487777425958,172313.33724416868,2013,"{""type"":""MultiPoint"",""coordinates"":[]}"
1_2_00000000000000002002,3088,28284,Hayrabolu,Turkey,0.08994671086091795,1.8783990167875784,21543.503819642814,2013,"{""type"":""MultiPoint"",""coordinates"":[]}"
1_2_00000000000000002003,3088,28285,Malkara,Turkey,0.10136529864807058,1.9823493251634874,38362.869861807616,2013,"{""type"":""MultiPoint"",""coordinates"":[]}"
1_2_00000000000000002004,3088,28286,Marmara-ereglisi,Turkey,0.30851475039860665,1.4462006064082733,14155.710851436394,2013,"{""type"":""MultiPoint"",""coordinates"":[]}"
1_2_00000000000000002005,3088,28287,Merkez,Turkey,0.1887917703889028,6.85800979587646,112006.9816106984,2013,"{""type"":""MultiPoint"",""coordinates"":[]}"
1_2_00000000000000002006,3088,28288,Muratli,Turkey,0.17933597738924725,2.070541635249969,17296.91286814241,2013,"{""type"":""MultiPoint"",""coordinates"":[]}"
1_2_00000000000000002007,3088,28289,Saray,Turkey,0.19225503439207556,4.803579096388993,55541.2808386698,2013,"{""type"":""MultiPoint"",""coordinates"":[]}"
1_2_00000000000000002008,3088,28290,Sarkoy,Turkey,0.06385079056385626,0.9727262122783199,9870.379784580728,2013,"{""type"":""MultiPoint"",""coordinates"":[]}"
1_2_00000000000000002009,3092,28329,Banaz,Turkey,0.3625474570640022,3.456261800576088,23409.3684688835,2013,"{""type"":""MultiPoint"",""coordinates"":[]}"
1_2_0000000000000000200a,3092,28330,Esme,Turkey,0.07303974374347631,1.667315391235773,19358.66103086609,2013,"{""type"":""MultiPoint"",""coordinates"":[]}"
1_2_0000000000000000200b,3092,28331,Karahalli,Turkey,0.18060006237009993,2.034398379528338,7371.697734670728,2013,"{""type"":""MultiPoint"",""coordinates"":[]}"
1_2_0000000000000000200c,3092,28332,Merkez,Turkey,0.21371357702417662,8.77265118905034,184049.00026741426,2013,"{""type"":""MultiPoint"",""coordinates"":[]}"
1_2_0000000000000000200d,3092,28333,Sivasli,Turkey,0.30874921504836195,2.2308293627032136,14760.905988107257,2013,"{""type"":""MultiPoint"",""coordinates"":[]}"
1_2_0000000000000000200e,3092,28334,Ulubey,Turkey,0.08734230908879287,1.1607850036130962,12278.95865032152,2013,"{""type"":""MultiPoint"",""coordinates"":[]}"
1_2_0000000000000000200f,3094,28348,Altinova,Turkey,0.9329612701893327,2.4696025750591417,23569.54047929321,2013,"{""type"":""MultiPoint"",""coordinates"":[]}"
1_2_00000000000000002010,3094,28349,Armutlu,Turkey,0.08612947085969357,0.8714002851488967,1759.2533181239937,2013,"{""type"":""MultiPoint"",""coordinates"":[]}"
1_2_00000000000000002011,3094,28350,Ciftlikkoy,Turkey,0.7370187835922279,7.4942829776836515,41507.31392878929,2013,"{""type"":""MultiPoint"",""coordinates"":[]}"
1_2_00000000000000002012,3094,28351,Cinarcik,Turkey,0.9223385141924066,3.603596973638177,21913.01617522973,2013,"{""type"":""MultiPoint"",""coordinates"":[]}"
1_2_00000000000000002013,3094,28352,Merkez,Turkey,2.7846960541029016,13.22104429855147,104962.2816052431,2013,"{""type"":""MultiPoint"",""coordinates"":[]}"
1_2_00000000000000002014,3094,28353,Termal,Turkey,2.652941069087169,2.154816450206698,7911.834951304749,2013,"{""type"":""MultiPoint"",""coordinates"":[]}"
1_2_00000000000000002015,3095,28356,Bogazliyan,Turkey,0.09211676504822193,1.6591280618948354,20398.200277396714,2013,"{""type"":""MultiPoint"",""coordinates"":[]}"
1_2_00000000000000002016,3095,28364,Sefaatli,Turkey,0.09364641134583292,1.969262216765719,11239.9619441631,2013,"{""type"":""MultiPoint"",""coordinates"":[]}"
1_2_00000000000000002017,3095,28366,Yenifakili,Turkey,0.04095839234168634,0.5531301862022104,3119.7956732920215,2013,"{""type"":""MultiPoint"",""coordinates"":[]}"
1_2_00000000000000002018,3095,28367,Yerkoy,Turkey,0.17790177642067648,1.3769768216257634,25477.928382829225,2013,"{""type"":""MultiPoint"",""coordinates"":[]}"
1_2_00000000000000000d62,2993,39236,Ariana Ville,Tunisia,40.762028321867625,22.543379958946613,88911.81273809691,2013,"{""type"":""MultiPoint"",""coordinates"":[]}"
1_2_00000000000000000d63,2993,39237,El Mnihla,Tunisia,23.0259269494024,41.819882367607356,128553.61843910892,2013,"{""type"":""MultiPoint"",""coordinates"":[]}"
1_2_00000000000000000d64,2993,39238,Ettadhamen,Tunisia,88.64074935482046,90.54288869584073,48814.487640463136,2013,"{""type"":""MultiPoint"",""coordinates"":[]}"
1_2_00000000000000000d65,2993,39239,Kalaat El Andalous,Tunisia,0.3650062374838454,3.557494668780239,29549.081819741627,2013,"{""type"":""MultiPoint"",""coordinates"":[]}"
1_2_00000000000000000d66,2993,39240,Raoued,Tunisia,9.246798243736997,13.959813907854489,111835.26201126727,2013,"{""type"":""MultiPoint"",""coordinates"":[]}"
1_2_00000000000000000d67,2993,39241,Sidi Thabet,Tunisia,1.615305201622887,4.716771650541743,35920.98095766343,2013,"{""type"":""MultiPoint"",""coordinates"":[]}"
1_2_00000000000000000d68,2993,39242,Sourka,Tunisia,24.236640916457187,17.976702803572326,108831.36563096508,2013,"{""type"":""MultiPoint"",""coordinates"":[]}"
1_2_00000000000000000d69,2994,39252,Ben Arous,Tunisia,37.85708061942841,10.922679510687436,23927.838305290064,2013,"{""type"":""MultiPoint"",""coordinates"":[]}"
1_2_00000000000000000d6a,2994,39253,Boumhal Elbassatine,Tunisia,8.87881344647224,6.607004832338515,28613.884581550912,2013,"{""type"":""MultiPoint"",""coordinates"":[]}"
1_2_00000000000000000d6b,2994,39254,El Mourouj,Tunisia,33.754190937630774,17.350304091585503,74559.32433475419,2013,"{""type"":""MultiPoint"",""coordinates"":[]}"
1_2_00000000000000000d6c,2994,39255,Ezzahra,Tunisia,26.230793419358577,18.156851254069327,31157.437863507002,2013,"{""type"":""MultiPoint"",""coordinates"":[]}"
1_2_00000000000000000d6d,2994,39256,Fouchana,Tunisia,7.8574442507533835,7.702130386864904,52519.17474878346,2013,"{""type"":""MultiPoint"",""coordinates"":[]}"
1_2_00000000000000000d6e,2994,39257,Hammam Chott,Tunisia,13.90473471295126,12.794806634092572,25697.864654065244,2013,"{""type"":""MultiPoint"",""coordinates"":[]}"
1_2_00000000000000000d6f,2994,39258,Hammam Lif,Tunisia,36.22204666137695,18.513989815522773,34552.20459575757,2013,"{""type"":""MultiPoint"",""coordinates"":[]}"
1_2_00000000000000000d70,2994,39259,M'hamdia,Tunisia,1.612824461922591,7.022782234241961,46807.376167688526,2013,"{""type"":""MultiPoint"",""coordinates"":[]}"
1_2_00000000000000000d71,2994,39260,Megrine,Tunisia,25.610903930664062,12.67978611415,31744.231570215783,2013,"{""type"":""MultiPoint"",""coordinates"":[]}"
1_2_00000000000000000d72,2994,39261,Mornague,Tunisia,0.5323473574416027,1.5705508404316426,43015.96805156687,2013,"{""type"":""MultiPoint"",""coordinates"":[]}"
1_2_00000000000000000d73,2994,39262,Nouvelle Medina,Tunisia,43.33998076121012,16.509752693050324,41073.609473454686,2013,"{""type"":""MultiPoint"",""coordinates"":[]}"
1_2_00000000000000000d74,2994,39263,Rades,Tunisia,19.374686979673882,8.195354586739343,50424.908116063874,2013,"{""type"":""MultiPoint"",""coordinates"":[]}"
1_2_00000000000000000d75,2995,39264,Bizerte Nord,Tunisia,6.238468015329293,14.503952949002244,67451.95313578141,2013,"{""type"":""MultiPoint"",""coordinates"":[]}"
1_2_00000000000000000d76,2995,39265,Bizerte Sud,Tunisia,0.348929482357218,3.1863883078474067,48778.391429042,2013,"{""type"":""MultiPoint"",""coordinates"":[]}"
1_2_00000000000000000d77,2995,39266,El Alia,Tunisia,1.3884084654668918,4.364177367306912,25124.0385889279,2013,"{""type"":""MultiPoint"",""coordinates"":[]}"
1_2_00000000000000000d78,2995,39267,Ghar El Melh,Tunisia,0.658532887341114,1.5969173312738019,10852.565725627243,2013,"{""type"":""MultiPoint"",""coordinates"":[]}"
1_2_00000000000000000d79,2995,39268,Ghazala,Tunisia,0.34020318038415376,0.6795119935266646,19889.296212404697,2013,"{""type"":""MultiPoint"",""coordinates"":[]}"
1_2_00000000000000000d7a,2995,39269,Jarzouna,Tunisia,23.875646114349365,9.544153974293238,23711.91907593222,2013,"{""type"":""MultiPoint"",""coordinates"":[]}"
1_2_00000000000000000d7b,2995,39270,Joumine,Tunisia,0.29582761606833513,0.42620269687531803,21118.359214530916,2013,"{""type"":""MultiPoint"",""coordinates"":[]}"
1_2_00000000000000000d7c,2995,39271,Mateur,Tunisia,0.43242431624511013,2.343541999250979,32971.83735470842,2013,"{""type"":""MultiPoint"",""coordinates"":[]}"
1_2_00000000000000000d7d,2995,39272,Menzel Bourguiba,Tunisia,0.8444969390605881,6.338869550025828,32498.199799251655,2013,"{""type"":""MultiPoint"",""coordinates"":[]}"
1_2_00000000000000000d7e,2995,39273,Menzel Jemil,Tunisia,1.882277248279807,4.937077673567674,37130.44396406788,2013,"{""type"":""MultiPoint"",""coordinates"":[]}"
1_2_00000000000000000d7f,2995,39274,Ras Jebel,Tunisia,2.6315798039618215,5.841923544544065,49324.27380186724,2013,"{""type"":""MultiPoint"",""coordinates"":[]}"
1_2_00000000000000000d80,2995,39275,Sejnane,Tunisia,0.307969460544396,1.0029975736482584,25957.70653364453,2013,"{""type"":""MultiPoint"",""coordinates"":[]}"
1_2_00000000000000000d81,2995,39276,Tinja,Tunisia,1.3496711798636767,8.910371947795861,31348.708607203906,2013,"{""type"":""MultiPoint"",""coordinates"":[]}"
1_2_00000000000000000d82,2995,39277,Utique,Tunisia,0.2654494711938798,0.5407483838129402,16400.634953943423,2013,"{""type"":""MultiPoint"",""coordinates"":[]}"
1_2_00000000000000000d83,2996,39243,Amdoun,Tunisia,0.4389668297146587,1.4535905282377826,17167.747639034194,2013,"{""type"":""MultiPoint"",""coordinates"":[]}"
1_2_00000000000000000d84,2996,39244,Beja Nord,Tunisia,0.6780971427989559,4.731752416508773,62012.58705416819,2013,"{""type"":""MultiPoint"",""coordinates"":[]}"
1_2_00000000000000000d85,2996,39245,Beja Sud,Tunisia,0.18767490122056574,1.5472300317662564,18107.687101961932,2013,"{""type"":""MultiPoint"",""coordinates"":[]}"
1_2_00000000000000000d86,2996,39246,Goubellat,Tunisia,0.15258827243679435,0.6256884680261154,9872.460663793632,2013,"{""type"":""MultiPoint"",""coordinates"":[]}"
1_2_00000000000000000d87,2996,39247,Mejez El Bab,Tunisia,0.3039657722343504,1.9869149622638749,33509.62122365402,2013,"{""type"":""MultiPoint"",""coordinates"":[]}"
1_2_00000000000000000d88,2996,39248,Nefza,Tunisia,0.4282385107817728,1.3924391724609504,35084.12938275121,2013,"{""type"":""MultiPoint"",""coordinates"":[]}"
1_2_00000000000000000d89,2996,39249,Teboursouk,Tunisia,0.2124391185208066,1.294340645685262,16440.88726666237,2013,"{""type"":""MultiPoint"",""coordinates"":[]}"
1_2_00000000000000000d8a,2996,39250,Testour,Tunisia,0.18703332297614417,1.1487809697043052,24742.561708424968,2013,"{""type"":""MultiPoint"",""coordinates"":[]}"
1_2_00000000000000000d8b,2996,39251,Thibar,Tunisia,0.4081407861148441,1.2680753545446444,7489.678275061179,2013,"{""type"":""MultiPoint"",""coordinates"":[]}"
1_2_00000000000000000d8c,2997,39278,El Hamma,Tunisia,0.06719516208684911,1.358496652482514,41642.58757689601,2013,"{""type"":""MultiPoint"",""coordinates"":[]}"
1_2_00000000000000000d8d,2997,39279,Gabes Ouest,Tunisia,0.34945937769576957,2.527757713000601,26699.23949409568,2013,"{""type"":""MultiPoint"",""coordinates"":[]}"
1_2_00000000000000000d8e,2997,39280,Gabes Sud,Tunisia,0.35601961497570284,4.984336043003805,57948.202799478415,2013,"{""type"":""MultiPoint"",""coordinates"":[]}"
1_2_00000000000000000d8f,2997,39281,Gabes Ville,Tunisia,16.626486715463336,9.773568857409499,42051.62019697917,2013,"{""type"":""MultiPoint"",""coordinates"":[]}"
1_2_00000000000000000d90,2997,39282,Gannouch,Tunisia,6.377215284992296,9.081725447976314,23887.07984568068,2013,"{""type"":""MultiPoint"",""coordinates"":[]}"
1_2_00000000000000000d91,2997,39283,Mareth,Tunisia,0.17912257362769274,1.2761084664194509,49692.46776807321,2013,"{""type"":""MultiPoint"",""coordinates"":[]}"
1_2_00000000000000000d92,2997,39284,Matmata,Tunisia,0.02222209331411243,0.1703647524312305,1979.722923806123,2013,"{""type"":""MultiPoint"",""coordinates"":[]}"
1_2_00000000000000000d93,2997,39285,Matmata Nouvelle,Tunisia,0.09423669958606432,0.45893306842432546,9753.821927228764,2013,"{""type"":""MultiPoint"",""coordinates"":[]}"
1_2_00000000000000000d94,2997,39286,Menzel El Habib,Tunisia,0.07031784757722226,0.14161001411037788,6362.81749387633,2013,"{""type"":""MultiPoint"",""coordinates"":[]}"
1_2_00000000000000000d95,2997,39287,Metouia,Tunisia,0.1489637483234992,1.2690768052947234,22476.548472556293,2013,"{""type"":""MultiPoint"",""coordinates"":[]}"
1_2_00000000000000000d96,2998,39288,Belkhir,Tunisia,0.10944296286200025,0.31025500234832537,8312.85953114566,2013,"{""type"":""MultiPoint"",""coordinates"":[]}"
1_2_00000000000000000d97,2998,39289,Gafsa Nord,Tunisia,0.08910915886239246,0.3613063980074407,8294.164936995096,2013,"{""type"":""MultiPoint"",""coordinates"":[]}"
1_2_00000000000000000d98,2998,39290,Gafsa Sud,Tunisia,0.1501014981071707,4.344415201481554,70066.99000606796,2013,"{""type"":""MultiPoint"",""coordinates"":[]}"
1_2_00000000000000000d99,2998,39291,Guetar,Tunisia,0.07142066730879174,0.8173966207383709,12917.382330833452,2013,"{""type"":""MultiPoint"",""coordinates"":[]}"
1_2_00000000000000000d9a,2998,39292,Ksar,Tunisia,0.347496910529114,4.030988522193832,32740.165001788217,2013,"{""type"":""MultiPoint"",""coordinates"":[]}"
1_2_00000000000000000d9b,2998,39293,Mdhilla,Tunisia,0.0934166772068966,1.0313111383700004,8126.668451657359,2013,"{""type"":""MultiPoint"",""coordinates"":[]}"
1_2_00000000000000000d9c,2998,39294,Metlaoui,Tunisia,0.1725479816698274,2.2062815964019835,22383.47549066709,2013,"{""type"":""MultiPoint"",""coordinates"":[]}"
1_2_00000000000000000d9d,2998,39295,Oum Larais,Tunisia,0.08212917402018577,1.296497824469335,17167.13749643861,2013,"{""type"":""MultiPoint"",""coordinates"":[]}"
1_2_00000000000000000d9e,2998,39296,Redeyef,Tunisia,0.18251575493072716,2.1146760679134453,17888.279656044288,2013,"{""type"":""MultiPoint"",""coordinates"":[]}"
1_2_00000000000000000d9f,2998,39297,Sened,Tunisia,0.174725424577744,1.296543675319797,27115.14343120149,2013,"{""type"":""MultiPoint"",""coordinates"":[]}"
1_2_00000000000000000da0,2998,39298,Sidi Aich,Tunisia,0.092729484860003,0.5472172189496177,7158.880039742269,2013,"{""type"":""MultiPoint"",""coordinates"":[]}"
1_2_00000000000000000da1,2999,39299,Ain Draham,Tunisia,0.42959467779176064,1.2234438207951261,30520.768661925034,2013,"{""type"":""MultiPoint"",""coordinates"":[]}"
1_2_00000000000000000da2,2999,39300,Balta Bou Aouane,Tunisia,1.1083338756717152,0.7312425814521126,27438.682475939808,2013,"{""type"":""MultiPoint"",""coordinates"":[]}"
1_2_00000000000000000da3,2999,39301,Bou Salem,Tunisia,0.30615984319570444,2.0473280093873703,28917.955389078383,2013,"{""type"":""MultiPoint"",""coordinates"":[]}"
1_2_00000000000000000da4,2999,39302,Fernana,Tunisia,0.6785335745922932,1.3979272920267052,38794.376158883555,2013,"{""type"":""MultiPoint"",""coordinates"":[]}"
1_2_00000000000000000da5,2999,39303,Ghardimaou,Tunisia,0.3618327905669026,2.755925104157347,56996.07015430485,2013,"{""type"":""MultiPoint"",""coordinates"":[]}"
1_2_00000000000000000da6,2999,39304,Jendouba,Tunisia,0.6262243803969021,2.828215076616498,24829.701556825563,2013,"{""type"":""MultiPoint"",""coordinates"":[]}"
1_2_00000000000000000da7,2999,39305,Jendouba Nord,Tunisia,0.6862907636447317,5.626774355090972,65137.67229861625,2013,"{""type"":""MultiPoint"",""coordinates"":[]}"
1_2_00000000000000000da8,2999,39306,Oued Mliz,Tunisia,0.43182144032975966,1.3419397596055478,12404.901308359584,2013,"{""type"":""MultiPoint"",""coordinates"":[]}"
1_2_00000000000000000da9,2999,39307,Tabarka,Tunisia,0.4300772125984131,2.1295976150941756,35587.954608118955,2013,"{""type"":""MultiPoint"",""coordinates"":[]}"
1_2_00000000000000000daa,3000,39308,Alaa,Tunisia,0.3065418965231029,1.4906505394803136,22189.504859951936,2013,"{""type"":""MultiPoint"",""coordinates"":[]}"
1_2_00000000000000000dab,3000,39309,Chbika,Tunisia,0.3013951012192283,0.944084509013416,29006.855770413866,2013,"{""type"":""MultiPoint"",""coordinates"":[]}"
1_2_00000000000000000dac,3000,39310,Chrarda,Tunisia,0.3183305327283445,0.8253981110118338,20898.574309074356,2013,"{""type"":""MultiPoint"",""coordinates"":[]}"
1_2_00000000000000000dad,3000,39311,Haffouz,Tunisia,0.29987376433727086,1.1528314766901269,30829.53563777748,2013,"{""type"":""MultiPoint"",""coordinates"":[]}"
1_2_00000000000000000dae,3000,39312,Hajeb El Ayoun,Tunisia,0.203250873855267,1.4492971104189962,26934.012382875357,2013,"{""type"":""MultiPoint"",""coordinates"":[]}"
1_2_00000000000000000daf,3000,39313,Kairouan Nord,Tunisia,1.6208962342187017,5.104978257075518,86577.21065335652,2013,"{""type"":""MultiPoint"",""coordinates"":[]}"
1_2_00000000000000000db0,3000,39314,Kairouan Sud,Tunisia,0.30856945260043883,2.1494075170819573,48984.42427888406,2013,"{""type"":""MultiPoint"",""coordinates"":[]}"
1_2_00000000000000000db1,3000,39315,Nasrallah,Tunisia,0.21194514192194464,0.7568079056196703,23125.983210740866,2013,"{""type"":""MultiPoint"",""coordinates"":[]}"
1_2_00000000000000000db2,3000,39316,Oueslatia,Tunisia,0.17384853257734895,0.7496305737783715,24435.414288411255,2013,"{""type"":""MultiPoint"",""coordinates"":[]}"
1_2_00000000000000000db3,3000,39317,Sbikha,Tunisia,0.33349144544547377,1.5103011588594502,55051.60011909157,2013,"{""type"":""MultiPoint"",""coordinates"":[]}"
1_2_00000000000000000db4,3000,39318,Sidi Amor Bou Hajla,Tunisia,0.613278365156366,1.9481637037754433,59081.89865649995,2013,"{""type"":""MultiPoint"",""coordinates"":[]}"
1_2_00000000000000000db5,3001,39319,Ayoun,Tunisia,0.29635657378387636,0.3047854174501185,11598.310637728493,2013,"{""type"":""MultiPoint"",""coordinates"":[]}"
1_2_00000000000000000db6,3001,39320,Djediane,Tunisia,0.209794974876674,0.655868011926372,9022.431159296248,2013,"{""type"":""MultiPoint"",""coordinates"":[]}"
1_2_00000000000000000db7,3001,39321,Ezzouhour,Tunisia,46.33432478288485,19.59292720809541,17211.36533071013,2013,"{""type"":""MultiPoint"",""coordinates"":[]}"
1_2_00000000000000000db8,3001,39322,Feriana,Tunisia,0.17294359894798433,1.4677830520065756,36325.45543512552,2013,"{""type"":""MultiPoint"",""coordinates"":[]}"
1_2_00000000000000000db9,3001,39323,Foussana,Tunisia,0.18211919998978,1.148291362011239,29120.376557956348,2013,"{""type"":""MultiPoint"",""coordinates"":[]}"
1_2_00000000000000000dba,3001,39324,Hassi El Ferid,Tunisia,0.09874081591052059,0.259970895291482,12038.75470262643,2013,"{""type"":""MultiPoint"",""coordinates"":[]}"
1_2_00000000000000000dbb,3001,39325,Hidra,Tunisia,0.09140694147453732,0.6715870926287862,7173.278237418985,2013,"{""type"":""MultiPoint"",""coordinates"":[]}"
1_2_00000000000000000dbc,3001,39326,Kasserine Nord,Tunisia,1.268274694398392,10.51713654399292,52894.50428585723,2013,"{""type"":""MultiPoint"",""coordinates"":[]}"
1_2_00000000000000000dbd,3001,39327,Kasserine Sud,Tunisia,0.11652963250366154,1.0438072211402147,17600.781077831325,2013,"{""type"":""MultiPoint"",""coordinates"":[]}"
1_2_00000000000000000dbe,3001,39328,Majel Belabbes,Tunisia,0.09188933371202458,0.6540468000479596,16864.527519161533,2013,"{""type"":""MultiPoint"",""coordinates"":[]}"
1_2_00000000000000000dbf,3001,39329,Sbeitla,Tunisia,0.3468761837017134,1.965117695345666,56195.91907176901,2013,"{""type"":""MultiPoint"",""coordinates"":[]}"
1_2_00000000000000000dc0,3001,39330,Sbiba,Tunisia,0.35487209883851667,1.9878190350976017,32546.839516329812,2013,"{""type"":""MultiPoint"",""coordinates"":[]}"
1_2_00000000000000000dc1,3001,39331,Thala,Tunisia,0.18654578309129158,0.9507774365780566,25520.84427849568,2013,"{""type"":""MultiPoint"",""coordinates"":[]}"
1_2_00000000000000000dc2,3002,39332,Douz,Tunisia,0.15563050830614544,1.0844842676573705,23951.634623893664,2013,"{""type"":""MultiPoint"",""coordinates"":[]}"
1_2_00000000000000000dc3,3002,39333,El Faouar,Tunisia,0.020961253970047132,0.38577479837671236,4870.0949324683115,2013,"{""type"":""MultiPoint"",""coordinates"":[]}"
1_2_00000000000000000dc4,3002,39334,Kebili Nord,Tunisia,0.40981747005504326,1.335926242753844,16281.70757505016,2013,"{""type"":""MultiPoint"",""coordinates"":[]}"
1_2_00000000000000000dc5,3002,39335,Kebili Sud,Tunisia,0.15245665976099146,1.198749257228416,22694.127717889223,2013,"{""type"":""MultiPoint"",""coordinates"":[]}"
1_2_00000000000000000dc6,3002,39336,Souk El Ahed,Tunisia,0.02969467448251748,0.7226264013767683,14534.081291873865,2013,"{""type"":""MultiPoint"",""coordinates"":[]}"
1_2_00000000000000000dc7,3003,39337,Dahmani,Tunisia,0.17205526415831662,1.4201570933511778,22635.81748197582,2013,"{""type"":""MultiPoint"",""coordinates"":[]}"
1_2_00000000000000000dc8,3003,39338,Es Sers,Tunisia,0.18225074473248423,1.2774404332801506,17720.76071219677,2013,"{""type"":""MultiPoint"",""coordinates"":[]}"
1_2_00000000000000000dc9,3003,39339,Jerissa,Tunisia,0.15200863857749766,0.8938020144930658,6554.965908435869,2013,"{""type"":""MultiPoint"",""coordinates"":[]}"
1_2_00000000000000000dca,3003,39340,Kalaa Resba,Tunisia,0.14653093036133577,1.1199419827314991,6143.050331549947,2013,"{""type"":""MultiPoint"",""coordinates"":[]}"
1_2_00000000000000000dcb,3003,39341,Kalaa Senan,Tunisia,0.14057387425845255,0.4181275686430347,12645.154755898986,2013,"{""type"":""MultiPoint"",""coordinates"":[]}"
1_2_00000000000000000dcc,3003,39342,Kef Est,Tunisia,0.17924079060112888,0.8013568351390947,12733.212958881786,2013,"{""type"":""MultiPoint"",""coordinates"":[]}"
1_2_00000000000000000dcd,3003,39343,Kef Quest,Tunisia,0.6165372942129935,5.335631180061104,42797.28327296204,2013,"{""type"":""MultiPoint"",""coordinates"":[]}"
1_2_00000000000000000dce,3003,39344,Ksour,Tunisia,0.152257621193389,0.17398293385385397,8531.140929468731,2013,"{""type"":""MultiPoint"",""coordinates"":[]}"
1_2_00000000000000000dcf,3003,39345,Nebeur,Tunisia,0.17049242768790326,0.4455753815610594,18148.85541536989,2013,"{""type"":""MultiPoint"",""coordinates"":[]}"
1_2_00000000000000000dd0,3003,39346,Sakiet Sidi Youssef,Tunisia,0.09829765271496199,0.6291867574840647,12444.876905890575,2013,"{""type"":""MultiPoint"",""coordinates"":[]}"
1_2_00000000000000000dd1,3003,39347,Tejerouine,Tunisia,0.16202040162793277,1.039419326493732,19896.46344001103,2013,"{""type"":""MultiPoint"",""coordinates"":[]}"
1_2_00000000000000000dd2,3004,39348,Bou Merdes,Tunisia,0.6840470116066819,1.9498848595804525,25892.265526019197,2013,"{""type"":""MultiPoint"",""coordinates"":[]}"
1_2_00000000000000000dd3,3004,39349,Chebba,Tunisia,0.4666614070457232,2.458897137581571,21829.835036148696,2013,"{""type"":""MultiPoint"",""coordinates"":[]}"
1_2_00000000000000000dd4,3004,39350,Chorbane,Tunisia,0.2763258672488549,0.5384510115467962,18141.437482592675,2013,"{""type"":""MultiPoint"",""coordinates"":[]}"
1_2_00000000000000000dd5,3004,39351,El Jem,Tunisia,0.6032411217151513,2.5787273469974106,39523.76121698119,2013,"{""type"":""MultiPoint"",""coordinates"":[]}"
1_2_00000000000000000dd6,3004,39352,H'bira,Tunisia,0.20267676396979603,0.39083292368085587,8367.203550169661,2013,"{""type"":""MultiPoint"",""coordinates"":[]}"
1_2_00000000000000000dd7,3004,39353,Ksour Essaf,Tunisia,0.8681874553340967,2.832151652235124,47812.62096045817,2013,"{""type"":""MultiPoint"",""coordinates"":[]}"
1_2_00000000000000000dd8,3004,39354,Mahdia,Tunisia,1.8098034496609208,3.8927528448775934,66054.64080409339,2013,"{""type"":""MultiPoint"",""coordinates"":[]}"
1_2_00000000000000000dd9,3004,39355,Melloulech,Tunisia,0.5535682110638324,1.4100966710477567,18601.914269496116,2013,"{""type"":""MultiPoint"",""coordinates"":[]}"
1_2_00000000000000000dda,3004,39356,Oueled Chamekh,Tunisia,0.30833203835075024,0.8328470107397457,17599.300139159466,2013,"{""type"":""MultiPoint"",""coordinates"":[]}"
1_2_00000000000000000ddb,3004,39357,Sidi Alouane,Tunisia,0.555304799262752,1.297972017935302,29251.230129018433,2013,"{""type"":""MultiPoint"",""coordinates"":[]}"
1_2_00000000000000000ddc,3004,39358,Souassi,Tunisia,0.6133926542258034,2.160180913136151,37578.29554973573,2013,"{""type"":""MultiPoint"",""coordinates"":[]}"
1_2_00000000000000000ddd,3005,39359,Borj El Amri,Tunisia,0.5346404983276207,1.1288856988126443,13894.616371467155,2013,"{""type"":""MultiPoint"",""coordinates"":[]}"
1_2_00000000000000000dde,3005,39360,Daouar Hicher,Tunisia,6.75182057611408,10.127082189600337,78153.66658765453,2013,"{""type"":""MultiPoint"",""coordinates"":[]}"
1_2_00000000000000000ddf,3005,39361,El Battan,Tunisia,0.2983525020238403,1.6728176972724718,14212.86173196306,2013,"{""type"":""MultiPoint"",""coordinates"":[]}"
1_2_00000000000000000de0,3005,39362,Jedaida,Tunisia,1.1272436636958478,3.6000179552394576,40705.95261849733,2013,"{""type"":""MultiPoint"",""coordinates"":[]}"
1_2_00000000000000000de1,3005,39363,Manouba,Tunisia,41.466532073333354,35.48987115145,70880.15843925478,2013,"{""type"":""MultiPoint"",""coordinates"":[]}"
1_2_00000000000000000de2,3005,39364,Mornaguia,Tunisia,0.6885850306590399,2.262506438945371,32673.99290725785,2013,"{""type"":""MultiPoint"",""coordinates"":[]}"
1_2_00000000000000000de3,3005,39365,Oued Ellil,Tunisia,44.81777319600218,53.2383890890318,72520.4854494029,2013,"{""type"":""MultiPoint"",""coordinates"":[]}"
1_2_00000000000000000de4,3005,39366,Tebourba,Tunisia,0.6125710560858728,3.215039734918599,41888.97006287142,2013,"{""type"":""MultiPoint"",""coordinates"":[]}"
1_2_00000000000000000de5,3006,39376,Administrative unit not available,Tunisia,0.0,4.650458811063655,2640.067638287122,2013,"{""type"":""MultiPoint"",""coordinates"":[]}"
1_2_00000000000000000de6,3006,39377,Bekalta,Tunisia,1.619307643406004,5.330962454291611,19755.42205587263,2013,"{""type"":""MultiPoint"",""coordinates"":[]}"
1_2_00000000000000000de7,3006,39378,Bembla,Tunisia,2.6955255664508226,4.261713511873936,27110.553740290572,2013,"{""type"":""MultiPoint"",""coordinates"":[]}"
1_2_00000000000000000de8,3006,39379,Beni Hassen,Tunisia,0.5952919734172056,1.3531795556609296,11611.213288293166,2013,"{""type"":""MultiPoint"",""coordinates"":[]}"
1_2_00000000000000000de9,3006,39380,Jammel,Tunisia,1.1475607026528534,5.108615351626728,54481.99597713465,2013,"{""type"":""MultiPoint"",""coordinates"":[]}"
1_2_00000000000000000dea,3006,39381,Kisibet El Medyouni,Tunisia,2.3768350347200795,6.245111088106694,24776.262083002384,2013,"{""type"":""MultiPoint"",""coordinates"":[]}"
1_2_00000000000000000deb,3006,39382,Ksar Helal,Tunisia,8.632997813579964,12.151452781318445,40256.28884096354,2013,"{""type"":""MultiPoint"",""coordinates"":[]}"
1_2_00000000000000000dec,3006,39383,Moknine,Tunisia,1.3693692628717125,6.833250677616768,80251.98837239895,2013,"{""type"":""MultiPoint"",""coordinates"":[]}"
1_2_00000000000000000ded,3006,39384,Monastir,Tunisia,14.137928080046695,9.83315500919978,85382.1266668107,2013,"{""type"":""MultiPoint"",""coordinates"":[]}"
1_2_00000000000000000dee,3006,39385,Ouerdanine,Tunisia,1.303730201949749,3.988978124662423,15308.018520200501,2013,"{""type"":""MultiPoint"",""coordinates"":[]}"
1_2_00000000000000000def,3006,39386,Sayada-lemta Bou Hajja,Tunisia,14.161358707696536,9.095307207494939,19798.870017070392,2013,"{""type"":""MultiPoint"",""coordinates"":[]}"
1_2_00000000000000000df0,3006,39387,Shaline,Tunisia,2.4383488713967583,4.4558347855892,23979.16859390409,2013,"{""type"":""MultiPoint"",""coordinates"":[]}"
1_2_00000000000000000df1,3006,39388,Teboulba,Tunisia,8.406399528242705,9.606322909828712,25602.6266834517,2013,"{""type"":""MultiPoint"",""coordinates"":[]}"
1_2_00000000000000000df2,3006,39389,Zarmedine,Tunisia,0.4347913890188882,2.1357263269129048,23032.489938728835,2013,"{""type"":""MultiPoint"",""coordinates"":[]}"
1_2_00000000000000000df3,3007,39367,Ben Guerdane,Tunisia,0.06741270007351526,1.1860736793864304,47890.93509363575,2013,"{""type"":""MultiPoint"",""coordinates"":[]}"
1_2_00000000000000000df4,3007,39368,Beni Khedeche,Tunisia,0.143243151464682,0.32975227380621075,19270.782711697466,2013,"{""type"":""MultiPoint"",""coordinates"":[]}"
1_2_00000000000000000df5,3007,39369,Jerba Ajim,Tunisia,0.6867476547753467,1.6846360496464157,21274.017895615274,2013,"{""type"":""MultiPoint"",""coordinates"":[]}"
1_2_00000000000000000df6,3007,39370,Jerba Houmet Souk,Tunisia,1.68455368464293,4.009755149266007,61033.27808134929,2013,"{""type"":""MultiPoint"",""coordinates"":[]}"
1_2_00000000000000000df7,3007,39371,Jerba Midoun,Tunisia,1.1848601643404646,2.8818153312353356,52500.69604777234,2013,"{""type"":""MultiPoint"",""coordinates"":[]}"
1_2_00000000000000000df8,3007,39372,Medenine Nord,Tunisia,0.3554825460437978,1.7523797848585205,42758.03255733327,2013,"{""type"":""MultiPoint"",""coordinates"":[]}"
1_2_00000000000000000df9,3007,39373,Medenine Sud,Tunisia,0.3368581237766596,3.5667410488163362,46724.00262370178,2013,"{""type"":""MultiPoint"",""coordinates"":[]}"
1_2_00000000000000000dfa,3007,39375,Zarzis,Tunisia,0.17680119327550647,1.885487645623298,59172.435468084084,2013,"{""type"":""MultiPoint"",""coordinates"":[]}"
1_2_00000000000000000dfb,3008,39390,Beni Kalled,Tunisia,1.0567250000090793,4.170523599153208,31402.00819726762,2013,"{""type"":""MultiPoint"",""coordinates"":[]}"
1_2_00000000000000000dfc,3008,39391,Beni Khiar,Tunisia,0.8510110401833526,5.402086373247252,45397.67602218522,2013,"{""type"":""MultiPoint"",""coordinates"":[]}"
1_2_00000000000000000dfd,3008,39392,Bou Argoub,Tunisia,1.3437499181775476,1.6399192280923933,25372.812461213907,2013,"{""type"":""MultiPoint"",""coordinates"":[]}"
1_2_00000000000000000dfe,3008,39393,Dar Chaabane El Fehri,Tunisia,0.8683791834460555,11.461884042704297,38507.28583344579,2013,"{""type"":""MultiPoint"",""coordinates"":[]}"
1_2_00000000000000000dff,3008,39394,El Mida,Tunisia,0.810718397838801,1.3176132854777916,22468.26701034126,2013,"{""type"":""MultiPoint"",""coordinates"":[]}"
1_2_00000000000000000e00,3008,39395,Grambalia,Tunisia,0.9355668130402721,2.899181212028409,52553.49012862557,2013,"{""type"":""MultiPoint"",""coordinates"":[]}"
1_2_00000000000000000e01,3008,39396,Hammam Ghezaz,Tunisia,0.8111305465648827,1.6145132219979321,17144.08548837834,2013,"{""type"":""MultiPoint"",""coordinates"":[]}"
1_2_00000000000000000e02,3008,39397,Hammamet,Tunisia,0.565021278381066,4.200039859832578,79308.33947721515,2013,"{""type"":""MultiPoint"",""coordinates"":[]}"
1_2_00000000000000000e03,3008,39398,Haouaria,Tunisia,0.5905690386967208,1.1651715097701236,26806.957406054666,2013,"{""type"":""MultiPoint"",""coordinates"":[]}"
1_2_00000000000000000e04,3008,39399,Kelibia,Tunisia,0.8800543757011755,6.376674507724814,52121.89605873198,2013,"{""type"":""MultiPoint"",""coordinates"":[]}"
1_2_00000000000000000e05,3008,39400,Korba,Tunisia,0.8659798492358797,3.579000466103343,61101.85904659699,2013,"{""type"":""MultiPoint"",""coordinates"":[]}"
1_2_00000000000000000e06,3008,39401,Menzel Bouzelfa,Tunisia,0.8877596586214928,4.150065425398792,30746.929017067356,2013,"{""type"":""MultiPoint"",""coordinates"":[]}"
1_2_00000000000000000e07,3008,39402,Menzel Temime,Tunisia,0.7111627280615878,4.7103469643384415,50953.42408452781,2013,"{""type"":""MultiPoint"",""coordinates"":[]}"
1_2_00000000000000000e08,3008,39403,Nabeul,Tunisia,1.8587809534590263,8.686343385671861,53633.51310791057,2013,"{""type"":""MultiPoint"",""coordinates"":[]}"
1_2_00000000000000000e09,3008,39404,Solimane,Tunisia,1.3099368435488208,4.062005007351389,41426.04198659253,2013,"{""type"":""MultiPoint"",""coordinates"":[]}"
1_2_00000000000000000e0a,3008,39405,Takelsa,Tunisia,0.4029170098194776,0.923756723312086,17882.506958307065,2013,"{""type"":""MultiPoint"",""coordinates"":[]}"
1_2_00000000000000000e0b,3009,39406,Agareb,Tunisia,0.152019649332502,0.6829927465804949,22707.737367326103,2013,"{""type"":""MultiPoint"",""coordinates"":[]}"
1_2_00000000000000000e0c,3009,39407,Bir Ali Ben Khelifa,Tunisia,0.17852738528718173,0.9332403645363049,37914.2042836302,2013,"{""type"":""MultiPoint"",""coordinates"":[]}"
1_2_00000000000000000e0d,3009,39408,Djbeniana,Tunisia,0.6114625112662806,2.5398210841141537,39808.496140087285,2013,"{""type"":""MultiPoint"",""coordinates"":[]}"
1_2_00000000000000000e0e,3009,39409,El Amra,Tunisia,0.681829216678345,1.625429739322771,27500.03493410725,2013,"{""type"":""MultiPoint"",""coordinates"":[]}"
1_2_00000000000000000e0f,3009,39410,El Ghraiba,Tunisia,0.09100325264150255,0.5733849377407046,6984.07890372073,2013,"{""type"":""MultiPoint"",""coordinates"":[]}"
1_2_00000000000000000e10,3009,39411,El Hancha,Tunisia,0.3117578922722394,1.5315482472090007,37907.19795027719,2013,"{""type"":""MultiPoint"",""coordinates"":[]}"
1_2_00000000000000000e11,3009,39412,Kerkennah,Tunisia,0.46406866924678786,1.0883060214382128,11245.388832612247,2013,"{""type"":""MultiPoint"",""coordinates"":[]}"
1_2_00000000000000000e12,3009,39413,Menzel Chaker,Tunisia,0.10665360496073278,0.21896021059081597,20899.164291818044,2013,"{""type"":""MultiPoint"",""coordinates"":[]}"
1_2_00000000000000000e13,3009,39414,Mhares,Tunisia,0.1280423129416466,2.8108373245650484,38160.8199127075,2013,"{""type"":""MultiPoint"",""coordinates"":[]}"
1_2_00000000000000000e14,3009,39415,Sakiet Eddaier,Tunisia,2.370555801066325,9.393860736669925,104437.69656085897,2013,"{""type"":""MultiPoint"",""coordinates"":[]}"
1_2_00000000000000000e15,3009,39416,Sakiet Ezzit,Tunisia,1.609238376872661,7.469458856998752,62329.14807520059,2013,"{""type"":""MultiPoint"",""coordinates"":[]}"
1_2_00000000000000000e16,3009,39417,Sfax Ouest,Tunisia,45.22264260311108,16.46725062806774,86167.65822933987,2013,"{""type"":""MultiPoint"",""coordinates"":[]}"
1_2_00000000000000000e17,3009,39418,Sfax Sud,Tunisia,1.3613179931208028,5.644693242653618,140072.70276607713,2013,"{""type"":""MultiPoint"",""coordinates"":[]}"
1_2_00000000000000000e18,3009,39419,Sfax Ville,Tunisia,35.2614725112915,11.558978905641323,108807.78659048688,2013,"{""type"":""MultiPoint"",""coordinates"":[]}"
1_2_00000000000000000e19,3009,39420,Skhira,Tunisia,0.1524256528599922,0.6717371472868199,25505.538933224685,2013,"{""type"":""MultiPoint"",""coordinates"":[]}"
1_2_00000000000000000e1a,3010,39421,Bir El Hafey,Tunisia,0.3440223520123907,1.7881174479300301,30093.123061469843,2013,"{""type"":""MultiPoint"",""coordinates"":[]}"
1_2_00000000000000000e1b,3010,39422,Jilma,Tunisia,0.30271614471921093,1.1613223345363615,30647.30779714071,2013,"{""type"":""MultiPoint"",""coordinates"":[]}"
1_2_00000000000000000e1c,3010,39423,Mazzouna,Tunisia,0.08941391901545072,0.5688644187403137,15226.45631522826,2013,"{""type"":""MultiPoint"",""coordinates"":[]}"
1_2_00000000000000000e1d,3010,39424,Meknassy,Tunisia,0.17176164769089564,0.9960522007612677,18269.72595430766,2013,"{""type"":""MultiPoint"",""coordinates"":[]}"
1_2_00000000000000000e1e,3010,39425,Menzel Bouzayane,Tunisia,0.2149927182310781,0.5108523470069838,18833.734619943483,2013,"{""type"":""MultiPoint"",""coordinates"":[]}"
1_2_00000000000000000e1f,3010,39426,Ouled Haffouz,Tunisia,0.2640535425221057,0.46613954131091756,15604.498824709175,2013,"{""type"":""MultiPoint"",""coordinates"":[]}"
1_2_00000000000000000e20,3010,39427,Regueb,Tunisia,0.3469218698883432,1.2891053560038401,50962.28383977427,2013,"{""type"":""MultiPoint"",""coordinates"":[]}"
1_2_00000000000000000e21,3010,39428,Sabalat Ouled Asker,Tunisia,0.30746231942821484,1.245671389118637,16651.306656634595,2013,"{""type"":""MultiPoint"",""coordinates"":[]}"
1_2_00000000000000000e22,3010,39429,Sidi Ali Ben Aoun,Tunisia,0.18086048541220637,0.9503919633741585,22286.083794166683,2013,"{""type"":""MultiPoint"",""coordinates"":[]}"
1_2_00000000000000000e23,3010,39430,Sidi Bouzid Est,Tunisia,0.27756705276466603,0.7353685379675143,37702.325603057,2013,"{""type"":""MultiPoint"",""coordinates"":[]}"
1_2_00000000000000000e24,3010,39431,Sidi Bouzid Ouest,Tunisia,0.34498078716322317,4.549678740886403,59353.59336038532,2013,"{""type"":""MultiPoint"",""coordinates"":[]}"
1_2_00000000000000000e25,3010,39432,Souk Jedid,Tunisia,0.34324517036905,0.6212626551146417,15384.095470612237,2013,"{""type"":""MultiPoint"",""coordinates"":[]}"
1_2_00000000000000000e26,3011,39433,Bargou,Tunisia,0.14792521062452552,0.566200005425472,8831.14900066207,2013,"{""type"":""MultiPoint"",""coordinates"":[]}"
1_2_00000000000000000e27,3011,39434,Bouarada,Tunisia,0.1727888395845316,1.1492582600392958,22043.16958595054,2013,"{""type"":""MultiPoint"",""coordinates"":[]}"
1_2_00000000000000000e28,3011,39435,Bourouis,Tunisia,0.21720045220096895,0.796073341075812,9486.618608172112,2013,"{""type"":""MultiPoint"",""coordinates"":[]}"
1_2_00000000000000000e29,3011,39436,Elkrib,Tunisia,0.1723137718026823,1.2173514292023426,13558.204906011593,2013,"{""type"":""MultiPoint"",""coordinates"":[]}"
1_2_00000000000000000e2a,3011,39437,Gaafour,Tunisia,0.1465845733432369,0.7233460299861878,11879.547925962142,2013,"{""type"":""MultiPoint"",""coordinates"":[]}"
1_2_00000000000000000e2b,3011,39438,Kissra,Tunisia,0.21645153577813495,0.6310831545112103,11244.075107477918,2013,"{""type"":""MultiPoint"",""coordinates"":[]}"
1_2_00000000000000000e2c,3011,39439,Makhtar,Tunisia,0.3018820513462459,1.7906092364371828,23046.473501565208,2013,"{""type"":""MultiPoint"",""coordinates"":[]}"
1_2_00000000000000000e2d,3011,39440,Rouhia,Tunisia,0.17987107145315143,0.8357991432795234,19021.89287420394,2013,"{""type"":""MultiPoint"",""coordinates"":[]}"
1_2_00000000000000000e2e,3011,39441,Siliana Nord,Tunisia,0.2986760556599017,2.291990145854078,27282.84298859746,2013,"{""type"":""MultiPoint"",""coordinates"":[]}"
1_2_00000000000000000e2f,3011,39442,Siliana Sud,Tunisia,0.18435437215153275,0.629238194705817,15054.929361243227,2013,"{""type"":""MultiPoint"",""coordinates"":[]}"
1_2_00000000000000000e30,3012,39443,Akouda,Tunisia,3.371931183721948,5.0974264451172075,30141.782947186162,2013,"{""type"":""MultiPoint"",""coordinates"":[]}"
1_2_00000000000000000e31,3012,39444,Bouficha,Tunisia,0.40118663908858404,1.1797390152339844,18838.555705304017,2013,"{""type"":""MultiPoint"",""coordinates"":[]}"
1_2_00000000000000000e32,3012,39445,Enfidha,Tunisia,0.529396868352359,1.700234065889613,37979.13131356283,2013,"{""type"":""MultiPoint"",""coordinates"":[]}"
1_2_00000000000000000e33,3012,39446,Hammam Sousse,Tunisia,15.217381687150281,9.474796597880058,39630.496204037714,2013,"{""type"":""MultiPoint"",""coordinates"":[]}"
1_2_00000000000000000e34,3012,39447,Hergla,Tunisia,0.40864769311446913,1.314062152157723,7357.922782669907,2013,"{""type"":""MultiPoint"",""coordinates"":[]}"
1_2_00000000000000000e35,3012,39448,Kalaa Kebira,Tunisia,0.6117621283936175,4.127807097187507,47908.271067801295,2013,"{""type"":""MultiPoint"",""coordinates"":[]}"
1_2_00000000000000000e36,3012,39449,Kalaa Sghira,Tunisia,0.36834501028658734,5.123081597678605,29113.710522291218,2013,"{""type"":""MultiPoint"",""coordinates"":[]}"
1_2_00000000000000000e37,3012,39450,Kondar,Tunisia,0.3901580308127001,0.6601146732330694,7392.357944464624,2013,"{""type"":""MultiPoint"",""coordinates"":[]}"
1_2_00000000000000000e38,3012,39451,M'saken,Tunisia,0.5519868524388093,3.605954008348083,71874.6849386144,2013,"{""type"":""MultiPoint"",""coordinates"":[]}"
1_2_00000000000000000e39,3012,39452,Sidi Bou Ali,Tunisia,0.8157191098483247,1.8826965449967956,16211.217553215292,2013,"{""type"":""MultiPoint"",""coordinates"":[]}"
1_2_00000000000000000e3a,3012,39453,Sidi El Heni,Tunisia,0.15240421532103066,0.5099168879600493,11235.852917629558,2013,"{""type"":""MultiPoint"",""coordinates"":[]}"
1_2_00000000000000000e3b,3012,39454,Sousse Jaouhara,Tunisia,42.23064051761194,16.780891322822775,68357.71045510533,2013,"{""type"":""MultiPoint"",""coordinates"":[]}"
1_2_00000000000000000e3c,3012,39455,Sousse Medina,Tunisia,40.87096913655599,13.736362341585481,50740.947628567286,2013,"{""type"":""MultiPoint"",""coordinates"":[]}"
1_2_00000000000000000e3d,3012,39456,Sousse Riad,Tunisia,8.750545551662238,14.632285217850182,59848.939305903616,2013,"{""type"":""MultiPoint"",""coordinates"":[]}"
1_2_00000000000000000e3e,3012,39457,Sousse Sidi Abd Elhami,Tunisia,26.73534448624931,19.771136896412052,48385.12943540507,2013,"{""type"":""MultiPoint"",""coordinates"":[]}"
1_2_00000000000000000e3f,3013,39458,Bir Lahmar,Tunisia,0.1488501787326292,0.7576649855530388,6974.8842077337595,2013,"{""type"":""MultiPoint"",""coordinates"":[]}"
1_2_00000000000000000e40,3013,39459,Dhiba,Tunisia,0.006274972856588871,0.2224797781039939,1648.737147061291,2013,"{""type"":""MultiPoint"",""coordinates"":[]}"
1_2_00000000000000000e41,3013,39460,Ghomrassen,Tunisia,0.09519917227405386,0.6969028903752569,12573.856750367207,2013,"{""type"":""MultiPoint"",""coordinates"":[]}"
1_2_00000000000000000e42,3013,39461,Remada,Tunisia,0.002432919830427336,0.08207835854132213,2930.2451969852823,2013,"{""type"":""MultiPoint"",""coordinates"":[]}"
1_2_00000000000000000e43,3013,39462,Samar,Tunisia,0.0765276853211223,0.25644254983919007,7523.463590645013,2013,"{""type"":""MultiPoint"",""coordinates"":[]}"
1_2_00000000000000000e44,3013,39463,Tataouine Nord,Tunisia,0.12988518164957,1.767774831224198,38643.9788208062,2013,"{""type"":""MultiPoint"",""coordinates"":[]}"
1_2_00000000000000000e45,3013,39464,Tataouine Sud,Tunisia,0.05691304817477535,1.073416995863009,25182.501466587983,2013,"{""type"":""MultiPoint"",""coordinates"":[]}"
1_2_00000000000000000e46,3014,39465,Degueche,Tunisia,0.15510850555402,1.1227245290529628,15949.27047164216,2013,"{""type"":""MultiPoint"",""coordinates"":[]}"
1_2_00000000000000000e47,3014,39466,Hazoua,Tunisia,0.05888401746165519,0.27923548128623193,1140.647130339998,2013,"{""type"":""MultiPoint"",""coordinates"":[]}"
1_2_00000000000000000e48,3014,39467,Nafta,Tunisia,0.15927043451806777,1.427403019185095,10017.183633592067,2013,"{""type"":""MultiPoint"",""coordinates"":[]}"
1_2_00000000000000000e49,3014,39468,Tamaghza,Tunisia,0.0691795203818319,0.2539080947614447,2537.2535319939275,2013,"{""type"":""MultiPoint"",""coordinates"":[]}"
1_2_00000000000000000e4a,3014,39469,Tozeur,Tunisia,0.3049711819822381,3.1492699361877508,31731.297780752942,2013,"{""type"":""MultiPoint"",""coordinates"":[]}"
1_2_00000000000000000e4b,3015,39470,Bab Bhar,Tunisia,42.254930161954896,18.44744823483091,31583.434619641783,2013,"{""type"":""MultiPoint"",""coordinates"":[]}"
1_2_00000000000000000e4c,3015,39471,Bab Souika,Tunisia,99.57790369812408,47.803698651436115,32251.99613912246,2013,"{""type"":""MultiPoint"",""coordinates"":[]}"
1_2_00000000000000000e4d,3015,39472,Bardo,Tunisia,95.49212235670824,41.66340487029698,77481.53674219167,2013,"{""type"":""MultiPoint"",""coordinates"":[]}"
1_2_00000000000000000e4e,3015,39473,Carthage,Tunisia,20.11921806248281,11.27440198870171,32867.9005458196,2013,"{""type"":""MultiPoint"",""coordinates"":[]}"
1_2_00000000000000000e4f,3015,39474,El Harairria,Tunisia,17.49171383357014,25.9149689919181,70639.57263845834,2013,"{""type"":""MultiPoint"",""coordinates"":[]}"
1_2_00000000000000000e50,3015,39475,El Kabaria,Tunisia,39.545879589911955,34.93444067627715,70574.38173226277,2013,"{""type"":""MultiPoint"",""coordinates"":[]}"
1_2_00000000000000000e51,3015,39476,El Khadra,Tunisia,9.643046601609981,6.310783382063883,18436.731069144083,2013,"{""type"":""MultiPoint"",""coordinates"":[]}"
1_2_00000000000000000e52,3015,39477,El Kram,Tunisia,36.212413670466496,13.503234943645873,48342.50408247031,2013,"{""type"":""MultiPoint"",""coordinates"":[]}"
1_2_00000000000000000e53,3015,39478,El Marsa,Tunisia,19.711944851762173,10.685284064894988,83407.09094444537,2013,"{""type"":""MultiPoint"",""coordinates"":[]}"
1_2_00000000000000000e54,3015,39479,El Menzah,Tunisia,30.35936739807757,18.78962143362498,40172.01465752919,2013,"{""type"":""MultiPoint"",""coordinates"":[]}"
1_2_00000000000000000e55,3015,39480,El Querdia,Tunisia,54.260068955446584,25.756728345837583,24856.33432312759,2013,"{""type"":""MultiPoint"",""coordinates"":[]}"
1_2_00000000000000000e56,3015,39481,El Tahrir,Tunisia,84.31428820466343,21.05510805560394,14745.89837178249,2013,"{""type"":""MultiPoint"",""coordinates"":[]}"
1_2_00000000000000000e57,3015,39482,Ezouhour,Tunisia,0.0,37.849104805303305,2114.603100795372,2013,"{""type"":""MultiPoint"",""coordinates"":[]}"
1_2_00000000000000000e58,3015,39483,Jbel Jloud,Tunisia,32.22881252594839,20.651449352364885,24366.773689404643,2013,"{""type"":""MultiPoint"",""coordinates"":[]}"
1_2_00000000000000000e59,3015,39484,La Goulette,Tunisia,21.610555840438085,8.810997773897421,23364.98243381369,2013,"{""type"":""MultiPoint"",""coordinates"":[]}"
1_2_00000000000000000e5a,3015,39485,Medina,Tunisia,81.22282409667969,23.23051767120925,14839.192130055144,2013,"{""type"":""MultiPoint"",""coordinates"":[]}"
1_2_00000000000000000e5b,3015,39486,Omrane,Tunisia,62.24696731567383,23.171441934785577,38033.6687554191,2013,"{""type"":""MultiPoint"",""coordinates"":[]}"
1_2_00000000000000000e5c,3015,39487,Omrane Superieur,Tunisia,104.42501746093568,40.19025414340154,40369.8171905742,2013,"{""type"":""MultiPoint"",""coordinates"":[]}"
1_2_00000000000000000e5d,3015,39488,Sidi Bechir,Tunisia,62.70950794219971,17.42583171864815,23096.774323930924,2013,"{""type"":""MultiPoint"",""coordinates"":[]}"
1_2_00000000000000000e5e,3015,39489,Sidi Hassine,Tunisia,5.872537777658213,7.408031592579695,67352.8194630649,2013,"{""type"":""MultiPoint"",""coordinates"":[]}"
1_2_00000000000000000e5f,3015,39490,Sijoumi,Tunisia,37.78658847419583,45.19794513934345,11325.088843962727,2013,"{""type"":""MultiPoint"",""coordinates"":[]}"
1_2_00000000000000000e60,3016,39491,Bir M'charga,Tunisia,0.18074731038593178,0.8856855488693951,22759.452391911145,2013,"{""type"":""MultiPoint"",""coordinates"":[]}"
1_2_00000000000000000e61,3016,39492,Fahs,Tunisia,0.17571625739747537,1.2810202504741923,33040.77418382135,2013,"{""type"":""MultiPoint"",""coordinates"":[]}"
1_2_00000000000000000e62,3016,39493,Nadhour,Tunisia,0.4336706384605464,1.7835693780526942,25502.97195369273,2013,"{""type"":""MultiPoint"",""coordinates"":[]}"
1_2_00000000000000000e63,3016,39494,Saouaf,Tunisia,0.2967529662740754,0.3565391140748516,9604.422409323548,2013,"{""type"":""MultiPoint"",""coordinates"":[]}"
1_2_00000000000000000e64,3016,39495,Zaghouan,Tunisia,0.29905090178924465,1.8219224895215582,30876.37448832134,2013,"{""type"":""MultiPoint"",""coordinates"":[]}"
1_2_00000000000000000e65,3016,39496,Zriba,Tunisia,0.2173783567894925,0.7737487476586504,14281.373903911519,2013,"{""type"":""MultiPoint"",""coordinates"":[]}"
1_2_00000000000000000e66,3007,39374,Sidi Makhlouf,Tunisia,0.23582228788022366,0.3496563165639648,18495.04664707303,2013,"{""type"":""MultiPoint"",""coordinates"":[]}"
1_2_00010000000000000b8f,3020,27488,Diyadin,Turkey,0.2311992049442898,5.288219385608557,22894.375772763073,2013,"{""type"":""MultiPoint"",""coordinates"":[]}"
1_2_00010000000000000b90,3020,27489,Dogubeyazit,Turkey,0.7443771771979252,6.3497469666123,67665.4363210537,2013,"{""type"":""MultiPoint"",""coordinates"":[]}"
1_2_00010000000000000b91,3020,27490,Eleskirt,Turkey,0.360313162814861,2.685846114391071,17476.9261485349,2013,"{""type"":""MultiPoint"",""coordinates"":[]}"
1_2_00010000000000000b92,3020,27491,Hamur,Turkey,0.15252102994833153,1.876927291007347,7216.992512374432,2013,"{""type"":""MultiPoint"",""coordinates"":[]}"
1_2_00010000000000000b93,3020,27492,Merkez,Turkey,0.22045166799276167,9.822295730884512,108503.92335773964,2013,"{""type"":""MultiPoint"",""coordinates"":[]}"
1_2_00010000000000000b94,3020,27493,Patnos,Turkey,0.691241809752835,6.921150737990672,86155.11325171209,2013,"{""type"":""MultiPoint"",""coordinates"":[]}"
1_2_00010000000000000b95,3020,27494,Taslicay,Turkey,0.3278053924225637,3.1548486380012917,10505.367263023612,2013,"{""type"":""MultiPoint"",""coordinates"":[]}"
1_2_00010000000000000b96,3020,27495,Tutak,Turkey,0.13168235600640785,2.8897725508522907,15183.785504099316,2013,"{""type"":""MultiPoint"",""coordinates"":[]}"
1_2_00010000000000000b97,3022,27503,Goynucek,Turkey,0.042382100903233313,0.4246446986558499,5745.512075974944,2013,"{""type"":""MultiPoint"",""coordinates"":[]}"
1_2_00010000000000000b98,3022,27504,Gumushacikoy,Turkey,0.08348993806947262,2.217391302606725,16484.299044731906,2013,"{""type"":""MultiPoint"",""coordinates"":[]}"
1_2_00010000000000000b99,3022,27505,Hamamozu,Turkey,0.11707060041831695,0.5057111368098701,2516.389093897148,2013,"{""type"":""MultiPoint"",""coordinates"":[]}"
1_2_00010000000000000b9a,3022,27506,Merkez,Turkey,0.10800728157858173,4.234813767868666,114890.4523604492,2013,"{""type"":""MultiPoint"",""coordinates"":[]}"
1_2_00010000000000000b9b,3022,27507,Merzifon,Turkey,0.09051375143897045,3.9045469821142835,48463.22728650893,2013,"{""type"":""MultiPoint"",""coordinates"":[]}"
1_2_00010000000000000b9c,3022,27508,Suluova,Turkey,0.10750890243416412,3.4316099254879857,36376.95056921146,2013,"{""type"":""MultiPoint"",""coordinates"":[]}"
1_2_00010000000000000b9d,3022,27509,Tasova,Turkey,0.18152573631856037,1.2531254228246231,19347.895022165,2013,"{""type"":""MultiPoint"",""coordinates"":[]}"
1_2_00010000000000000b9e,3023,27510,Akyurt,Turkey,1.2174867862934302,9.048813161670028,75133.89453590914,2013,"{""type"":""MultiPoint"",""coordinates"":[]}"
1_2_00010000000000000b9f,3023,27515,Camlidere,Turkey,0.15321615684687945,0.8875979085820452,4538.730599711675,2013,"{""type"":""MultiPoint"",""coordinates"":[]}"
1_2_00010000000000000ba0,3023,27517,Cubuk,Turkey,0.3203091212715903,2.9287972244730405,50904.2618525192,2013,"{""type"":""MultiPoint"",""coordinates"":[]}"
1_2_00010000000000000ba1,3023,27524,Kalecik,Turkey,0.027749347608614933,0.6804937395247669,8332.505752663807,2013,"{""type"":""MultiPoint"",""coordinates"":[]}"
1_2_00010000000000000ba2,3023,27527,Kizilcahamam,Turkey,0.1778667675272664,1.4014367694758358,12604.39920635066,2013,"{""type"":""MultiPoint"",""coordinates"":[]}"
1_2_00010000000000000ba3,3025,27549,Cildir,Turkey,0.15142024778708288,0.7737991542653587,6537.977979903208,2013,"{""type"":""MultiPoint"",""coordinates"":[]}"
1_2_00010000000000000ba4,3025,27550,Damal,Turkey,0.28037240100669025,1.1608832301608814,3731.6913046313707,2013,"{""type"":""MultiPoint"",""coordinates"":[]}"
1_2_00010000000000000ba5,3025,27551,Gole,Turkey,0.1796407133793069,2.0641091413956874,16409.14564015617,2013,"{""type"":""MultiPoint"",""coordinates"":[]}"
1_2_00010000000000000ba6,3025,27552,Hanak,Turkey,0.18584819665955352,1.5271511311788275,5033.400784582008,2013,"{""type"":""MultiPoint"",""coordinates"":[]}"
1_2_00010000000000000ba7,3025,27553,Merkez,Turkey,0.11127988084388224,3.1846463188554814,25942.317851039497,2013,"{""type"":""MultiPoint"",""coordinates"":[]}"
1_2_00010000000000000ba8,3025,27554,Posof,Turkey,0.10932078654397678,0.5778813606707237,3934.587111308516,2013,"{""type"":""MultiPoint"",""coordinates"":[]}"
1_2_00010000000000000ba9,3026,27555,Ardanuc,Turkey,0.059186339438644105,0.9352333888771787,6522.759405507247,2013,"{""type"":""MultiPoint"",""coordinates"":[]}"
1_2_00010000000000000baa,3026,27556,Arhavi,Turkey,0.6757988170981718,3.220318234606532,9035.678881972277,2013,"{""type"":""MultiPoint"",""coordinates"":[]}"
1_2_00010000000000000bab,3026,27557,Borcka,Turkey,0.3090299991767349,1.7419115696258922,10701.987669476444,2013,"{""type"":""MultiPoint"",""coordinates"":[]}"
1_2_00010000000000000bac,3026,27558,Hopa,Turkey,0.6106156535175165,3.5810088878396242,16815.583522943813,2013,"{""type"":""MultiPoint"",""coordinates"":[]}"
1_2_00010000000000000bad,3026,27559,Merkez,Turkey,0.3618150710826661,3.1025589540203318,17965.51249911046,2013,"{""type"":""MultiPoint"",""coordinates"":[]}"
1_2_00010000000000000bae,3026,27560,Murgul,Turkey,0.5359700537645505,1.0112780085260926,4513.810862110891,2013,"{""type"":""MultiPoint"",""coordinates"":[]}"
1_2_00010000000000000baf,3026,27561,Savsat,Turkey,0.09043969013481959,0.6407605989223583,9903.439741230455,2013,"{""type"":""MultiPoint"",""coordinates"":[]}"
1_2_00010000000000000bb0,3026,27562,Yusufeli,Turkey,0.04446975575267765,0.37367896444568843,6025.70960581714,2013,"{""type"":""MultiPoint"",""coordinates"":[]}"
1_2_00010000000000000bb1,3029,27599,Amasra,Turkey,0.3161810342116422,1.5282450754178203,10786.211561148848,2013,"{""type"":""MultiPoint"",""coordinates"":[]}"
1_2_00010000000000000bb2,3029,27600,Kurucasile,Turkey,0.28287551697040086,1.06297781026347,3996.9902649637816,2013,"{""type"":""MultiPoint"",""coordinates"":[]}"
1_2_00010000000000000bb3,3029,27601,Merkez,Turkey,0.3692519000432067,2.8107475266432447,91092.2683489926,2013,"{""type"":""MultiPoint"",""coordinates"":[]}"
1_2_00010000000000000bb4,3029,27602,Ulus,Turkey,0.08927696402933179,0.9705250200425154,15775.794324221952,2013,"{""type"":""MultiPoint"",""coordinates"":[]}"
1_2_00010000000000000bb5,3030,27603,Besiri,Turkey,0.17654361460419787,1.7986277094518224,23272.296781318633,2013,"{""type"":""MultiPoint"",""coordinates"":[]}"
1_2_00010000000000000bb6,3030,27604,Gercus,Turkey,0.12689911128765777,1.7647645312891342,13098.810221718546,2013,"{""type"":""MultiPoint"",""coordinates"":[]}"
1_2_00010000000000000bb7,3030,27605,Hasankeyf,Turkey,0.08547476769810007,0.5840043538334837,2969.5085018102145,2013,"{""type"":""MultiPoint"",""coordinates"":[]}"
1_2_00010000000000000bb8,3030,27606,Kozluk,Turkey,0.30529593309834635,1.5398949867770126,35761.408581125004,2013,"{""type"":""MultiPoint"",""coordinates"":[]}"
1_2_00010000000000000bb9,3030,27607,Merkez,Turkey,1.4129858367730075,20.64126233396651,318063.194463297,2013,"{""type"":""MultiPoint"",""coordinates"":[]}"
1_2_00010000000000000bba,3030,27608,Sason,Turkey,0.15175268610302994,2.413858808553573,15581.155778717704,2013,"{""type"":""MultiPoint"",""coordinates"":[]}"
1_2_00010000000000000bbb,3031,27609,Aydintepe,Turkey,0.11099724594426762,0.7714876717516733,3197.7586875088514,2013,"{""type"":""MultiPoint"",""coordinates"":[]}"
1_2_00010000000000000bbc,3031,27610,Demirozu,Turkey,0.15033598631257003,1.0467924903961017,4946.529123611989,2013,"{""type"":""MultiPoint"",""coordinates"":[]}"
1_2_00010000000000000bbd,3031,27611,Merkez,Turkey,0.18345075888256707,2.4344763394915634,37941.607266770625,2013,"{""type"":""MultiPoint"",""coordinates"":[]}"
1_2_00010000000000000bbe,3033,27620,Adakli,Turkey,0.08848914898561908,0.9987537790704486,4302.370157706189,2013,"{""type"":""MultiPoint"",""coordinates"":[]}"
1_2_00010000000000000bbf,3033,27621,Genc,Turkey,0.13447323664888852,2.4810356393653294,19112.603319670365,2013,"{""type"":""MultiPoint"",""coordinates"":[]}"
1_2_00010000000000000bc0,3033,27622,Karliova,Turkey,0.1317908108001642,2.5439049008391597,12911.360382277884,2013,"{""type"":""MultiPoint"",""coordinates"":[]}"
1_2_00010000000000000bc1,3033,27623,Kigi,Turkey,0.07729754918761098,0.589257290566992,2903.9644467001785,2013,"{""type"":""MultiPoint"",""coordinates"":[]}"
1_2_00010000000000000bc2,3033,27624,Merkez,Turkey,0.21593439832860034,6.264333274285818,91652.20701885445,2013,"{""type"":""MultiPoint"",""coordinates"":[]}"
1_2_00010000000000000bc3,3033,27625,Solhan,Turkey,0.1134859052199803,3.5266085018115043,17632.402591649396,2013,"{""type"":""MultiPoint"",""coordinates"":[]}"
1_2_00010000000000000bc4,3033,27626,Yayladere,Turkey,0.021702499025114452,0.2229837858434293,714.8690822397941,2013,"{""type"":""MultiPoint"",""coordinates"":[]}"
1_2_00010000000000000bc5,3033,27627,Yedisu,Turkey,0.043245619798201004,0.3512101694078402,1200.8998627834424,2013,"{""type"":""MultiPoint"",""coordinates"":[]}"
1_2_00010000000000000bc6,3034,27628,Adilcevaz,Turkey,0.1725073993266333,2.2807113419257785,11240.116778969239,2013,"{""type"":""MultiPoint"",""coordinates"":[]}"
1_2_00010000000000000bc7,3034,27629,Ahlat,Turkey,0.1303173826915772,3.6883665476610674,17263.901242344695,2013,"{""type"":""MultiPoint"",""coordinates"":[]}"
1_2_00010000000000000bc8,3034,27630,Guroymak,Turkey,0.8648058867827736,5.6351791235116595,23487.55599020243,2013,"{""type"":""MultiPoint"",""coordinates"":[]}"
1_2_00010000000000000bc9,3034,27631,Hizan,Turkey,0.9036272179405644,8.112269881534129,14638.43730915595,2013,"{""type"":""MultiPoint"",""coordinates"":[]}"
1_2_00010000000000000bca,3034,27632,Administrative unit not available,Turkey,1.3049480319132358,4.45515979433906,7262.288002682039,2013,"{""type"":""MultiPoint"",""coordinates"":[]}"
1_2_00010000000000000bcb,3034,27633,Merkez,Turkey,0.6045650765357615,4.860997234994286,36773.36633571297,2013,"{""type"":""MultiPoint"",""coordinates"":[]}"
1_2_00010000000000000bcc,3034,27634,Mutki,Turkey,0.3168439699256911,2.437208880614402,10674.633160914744,2013,"{""type"":""MultiPoint"",""coordinates"":[]}"
1_2_00010000000000000bcd,3034,27635,Tatvan,Turkey,0.7458591354423326,7.289723485662967,48036.69232809303,2013,"{""type"":""MultiPoint"",""coordinates"":[]}"
1_2_00010000000000000bce,3035,27636,Akcakoca,Turkey,0.374918164169693,3.075173133242266,30651.91379078554,2013,"{""type"":""MultiPoint"",""coordinates"":[]}"
1_2_00010000000000000bcf,3035,27637,Cilimli,Turkey,0.6540419676400155,1.2959415558197773,8496.40483427107,2013,"{""type"":""MultiPoint"",""coordinates"":[]}"
1_2_00010000000000000bd0,3035,27638,Cumayeri,Turkey,0.3291478376497467,1.2365067648355188,9746.655875202583,2013,"{""type"":""MultiPoint"",""coordinates"":[]}"
1_2_00010000000000000bd1,3035,27639,Dortdivan,Turkey,0.17217082018233265,0.9676504999638973,3438.478604194401,2013,"{""type"":""MultiPoint"",""coordinates"":[]}"
1_2_00010000000000000bd2,3035,27640,Duzce,Turkey,1.7394370994676511,7.306855476298099,210807.80395110993,2013,"{""type"":""MultiPoint"",""coordinates"":[]}"
1_2_00010000000000000bd3,3035,27641,Gerede,Turkey,0.06356575376014777,1.4043002336286916,14828.548074858345,2013,"{""type"":""MultiPoint"",""coordinates"":[]}"
1_2_00010000000000000bd4,3035,27642,Golyaka,Turkey,0.46459149936058874,1.4519629428066474,7717.1621023171965,2013,"{""type"":""MultiPoint"",""coordinates"":[]}"
1_2_00010000000000000bd5,3035,27644,Gumusova,Turkey,0.3416239342647696,0.9176081166144218,4627.8983596258295,2013,"{""type"":""MultiPoint"",""coordinates"":[]}"
1_2_00010000000000000bd6,3035,27646,Mengen,Turkey,0.0629886300624167,0.9607652075139391,9465.578274518508,2013,"{""type"":""MultiPoint"",""coordinates"":[]}"
1_2_00010000000000000bd7,3035,27647,Merkez,Turkey,0.7043130096722775,6.200584119422563,132355.95642967912,2013,"{""type"":""MultiPoint"",""coordinates"":[]}"
1_2_00010000000000000bd8,3035,27650,Yenicaga,Turkey,0.16984890782533124,2.229012214931373,6952.228617912693,2013,"{""type"":""MultiPoint"",""coordinates"":[]}"
1_2_00010000000000000bd9,3035,27651,Yigilca,Turkey,0.21905575163163263,1.2224303244956332,10834.03741353217,2013,"{""type"":""MultiPoint"",""coordinates"":[]}"
1_2_00010000000000000bda,3039,27692,Atkaracalar,Turkey,0.050298007722057524,0.25850461611980674,1139.4908025582927,2013,"{""type"":""MultiPoint"",""coordinates"":[]}"
1_2_00010000000000000bdb,3039,27693,Bayramoren,Turkey,0.03712327324680885,0.08495507630871375,711.316491060819,2013,"{""type"":""MultiPoint"",""coordinates"":[]}"
1_2_00010000000000000bdc,3039,27694,Cerkes,Turkey,0.08820924140717097,0.6853615490992171,5626.616687350127,2013,"{""type"":""MultiPoint"",""coordinates"":[]}"
1_2_00010000000000000bdd,3039,27695,Eldivan,Turkey,0.02595785923639197,0.6765626079507223,2003.8237129567085,2013,"{""type"":""MultiPoint"",""coordinates"":[]}"
1_2_00010000000000000bde,3039,27696,Ilgaz,Turkey,0.05190157390772564,0.7351519004415812,8137.518424348266,2013,"{""type"":""MultiPoint"",""coordinates"":[]}"
1_2_00010000000000000bdf,3039,27697,Kizilirmak,Turkey,0.1795714774338454,1.032509878875881,4386.535788780788,2013,"{""type"":""MultiPoint"",""coordinates"":[]}"
1_2_00010000000000000be0,3039,27698,Korgun,Turkey,0.01457647084551601,0.5405498625677577,1730.494666564713,2013,"{""type"":""MultiPoint"",""coordinates"":[]}"
1_2_00010000000000000be1,3039,27699,Kursunlu,Turkey,0.08655521730688308,0.6785058670409456,4769.7527897157515,2013,"{""type"":""MultiPoint"",""coordinates"":[]}"
1_2_00010000000000000be2,3039,27700,Merkez,Turkey,0.07237127744837182,4.590352038531837,55861.957185199026,2013,"{""type"":""MultiPoint"",""coordinates"":[]}"
1_2_00010000000000000be3,3039,27701,Orta,Turkey,0.3047299316515938,1.6971522808885646,7483.779402979016,2013,"{""type"":""MultiPoint"",""coordinates"":[]}"
1_2_00010000000000000be4,3039,27702,Sabanozu,Turkey,0.1544759647460295,1.0118855679195393,5166.8329203870735,2013,"{""type"":""MultiPoint"",""coordinates"":[]}"
1_2_00010000000000000be5,3039,27703,Yaprakli,Turkey,0.07736617079510046,0.5794522780146266,6260.57974762515,2013,"{""type"":""MultiPoint"",""coordinates"":[]}"
1_2_00010000000000000be6,3040,27704,Alaca,Turkey,0.0833287750502435,2.3171767355756123,25058.6853671869,2013,"{""type"":""MultiPoint"",""coordinates"":[]}"
1_2_00010000000000000be7,3040,27705,Bayat,Turkey,0.06322262970763243,1.459217712235055,11146.170770543375,2013,"{""type"":""MultiPoint"",""coordinates"":[]}"
1_2_00010000000000000be8,3040,27706,Bogazkale,Turkey,0.054023120800670024,0.4300857042334994,2626.845648865095,2013,"{""type"":""MultiPoint"",""coordinates"":[]}"
1_2_00010000000000000be9,3040,27707,Dodurga,Turkey,0.08809660782983784,0.9552875671167338,4904.997242416599,2013,"{""type"":""MultiPoint"",""coordinates"":[]}"
1_2_00010000000000000bea,3040,27708,Iskilip,Turkey,0.13181123147794804,2.956229437791801,24222.52467624517,2013,"{""type"":""MultiPoint"",""coordinates"":[]}"
1_2_00010000000000000beb,3040,27709,Kargi,Turkey,0.04638416948147189,0.8135630755836682,9790.689118654162,2013,"{""type"":""MultiPoint"",""coordinates"":[]}"
1_2_00010000000000000bec,3040,27710,Lacin,Turkey,0.05371627306193545,0.4089143743883164,2471.0003941966997,2013,"{""type"":""MultiPoint"",""coordinates"":[]}"
1_2_00010000000000000bed,3040,27711,Mecitozu,Turkey,0.0597760130538781,0.8841527027927256,10594.957664432877,2013,"{""type"":""MultiPoint"",""coordinates"":[]}"
1_2_00010000000000000bee,3040,27712,Merkez,Turkey,0.15265349302988035,6.307694259591312,216851.64906630522,2013,"{""type"":""MultiPoint"",""coordinates"":[]}"
1_2_00010000000000000bef,3040,27713,Oguzlar,Turkey,0.17720152735908803,1.2870062634384312,3553.7379379483064,2013,"{""type"":""MultiPoint"",""coordinates"":[]}"
1_2_00010000000000000bf0,3040,27714,Ortakoy,Turkey,0.08672819690732371,1.488283987101933,5687.240718006643,2013,"{""type"":""MultiPoint"",""coordinates"":[]}"
1_2_00010000000000000bf1,3040,27715,Osmancik,Turkey,0.07229175724588358,2.020096342731477,32849.07247015409,2013,"{""type"":""MultiPoint"",""coordinates"":[]}"
1_2_00010000000000000bf2,3040,27716,Sungurlu,Turkey,0.0805770543451752,2.5613086791354718,35506.977882399675,2013,"{""type"":""MultiPoint"",""coordinates"":[]}"
1_2_00010000000000000bf3,3040,27717,Ugurludag,Turkey,0.04590629828374419,0.5621901741425582,3985.967815083309,2013,"{""type"":""MultiPoint"",""coordinates"":[]}"
1_2_00010000000000000bf4,3042,27737,Bismil,Turkey,0.34834910219576914,3.0807562556354218,64857.024314921466,2013,"{""type"":""MultiPoint"",""coordinates"":[]}"
1_2_00010000000000000bf5,3042,27738,Cermik,Turkey,0.20287883168261117,2.7186736845410233,33890.165533545405,2013,"{""type"":""MultiPoint"",""coordinates"":[]}"
1_2_00010000000000000bf6,3042,27739,Cinar,Turkey,0.3523911691277709,1.837312366661726,39588.555179962255,2013,"{""type"":""MultiPoint"",""coordinates"":[]}"
1_2_00010000000000000bf7,3042,27740,Cungus,Turkey,0.08328269482934629,1.204164892205926,8508.399261179462,2013,"{""type"":""MultiPoint"",""coordinates"":[]}"
1_2_00010000000000000bf8,3042,27741,Dicle,Turkey,0.35282281921134184,2.27543163949218,18452.135559324073,2013,"{""type"":""MultiPoint"",""coordinates"":[]}"
1_2_00010000000000000bf9,3042,27742,Egil,Turkey,0.3626239216186289,2.805041317927541,21503.973895299292,2013,"{""type"":""MultiPoint"",""coordinates"":[]}"
1_2_00010000000000000bfa,3042,27743,Ergani,Turkey,0.24937376809500778,6.374636446098304,75396.8607487564,2013,"{""type"":""MultiPoint"",""coordinates"":[]}"
1_2_00010000000000000bfb,3042,27744,Hani,Turkey,0.34633100034719455,3.133791952351448,18874.42122823608,2013,"{""type"":""MultiPoint"",""coordinates"":[]}"
1_2_00010000000000000bfc,3042,27745,Hazro,Turkey,0.17829161836996235,1.6483701379538442,10646.402075044256,2013,"{""type"":""MultiPoint"",""coordinates"":[]}"
1_2_00010000000000000bfd,3042,27746,Kocakoy,Turkey,0.4374842459919681,2.186496235016563,15771.981243742564,2013,"{""type"":""MultiPoint"",""coordinates"":[]}"
1_2_00010000000000000bfe,3042,27747,Kulp,Turkey,0.1396145740609616,1.9220124819874238,17126.704008707256,2013,"{""type"":""MultiPoint"",""coordinates"":[]}"
1_2_00010000000000000bff,3042,27748,Lice,Turkey,0.11981204828241684,1.4677180006975228,15576.189193684399,2013,"{""type"":""MultiPoint"",""coordinates"":[]}"
1_2_00010000000000000c00,3042,27749,Merkez,Turkey,0.6695871420517251,14.133705433493587,716809.801838313,2013,"{""type"":""MultiPoint"",""coordinates"":[]}"
1_2_00010000000000000c01,3042,27750,Silvan,Turkey,0.36652601319684325,3.4368653220083183,52196.3104261472,2013,"{""type"":""MultiPoint"",""coordinates"":[]}"
1_2_00010000000000000c02,3043,27755,Lalapasa,Turkey,0.04522626607240682,0.4226668952751355,4654.499291118006,2013,"{""type"":""MultiPoint"",""coordinates"":[]}"
1_2_00010000000000000c03,3044,27760,Agin,Turkey,0.08665757975139603,0.49600356716580374,1144.0956181683669,2013,"{""type"":""MultiPoint"",""coordinates"":[]}"
1_2_00010000000000000c04,3044,27761,Alacakaya,Turkey,0.5546303514725686,2.2622498226543972,7207.440375723222,2013,"{""type"":""MultiPoint"",""coordinates"":[]}"
1_2_00010000000000000c05,3044,27762,Aricak,Turkey,0.3445376529802684,1.8274908384488353,5000.704458295861,2013,"{""type"":""MultiPoint"",""coordinates"":[]}"
1_2_00010000000000000c06,3044,27763,Baskil,Turkey,0.04033283481893401,0.49819327233678445,5178.835165244379,2013,"{""type"":""MultiPoint"",""coordinates"":[]}"
1_2_00010000000000000c07,3044,27764,Karakocan,Turkey,0.1760521381023017,1.6205251226803628,11070.06494046365,2013,"{""type"":""MultiPoint"",""coordinates"":[]}"
1_2_00010000000000000c08,3044,27765,Keban,Turkey,0.11051705729026833,0.9345755882831328,3056.692375615948,2013,"{""type"":""MultiPoint"",""coordinates"":[]}"
1_2_00010000000000000c09,3044,27766,Kovancilar,Turkey,0.17994508760737205,2.033549928656627,15808.124975975972,2013,"{""type"":""MultiPoint"",""coordinates"":[]}"
1_2_00010000000000000c0a,3044,27767,Maden,Turkey,0.08444396636644139,1.1810165426683628,6209.732522168624,2013,"{""type"":""MultiPoint"",""coordinates"":[]}"
1_2_00010000000000000c0b,3044,27768,Merkez,Turkey,0.21511978537298568,8.49484230703755,327637.7291899072,2013,"{""type"":""MultiPoint"",""coordinates"":[]}"
1_2_00010000000000000c0c,3044,27769,Palu,Turkey,0.1751383688603951,1.895730453234013,13106.25646935865,2013,"{""type"":""MultiPoint"",""coordinates"":[]}"
1_2_00010000000000000c0d,3044,27770,Sivrice,Turkey,0.04636855841998187,0.4769595179214249,4851.264533427819,2013,"{""type"":""MultiPoint"",""coordinates"":[]}"
1_2_00010000000000000c0e,3045,27771,Cayirli,Turkey,0.0903867459376064,0.9673665219063357,4873.103742810255,2013,"{""type"":""MultiPoint"",""coordinates"":[]}"
1_2_00010000000000000c0f,3045,27772,Ilic,Turkey,0.04611756883663891,0.48881770720131446,2595.3505737573623,2013,"{""type"":""MultiPoint"",""coordinates"":[]}"
1_2_00010000000000000c10,3045,27773,Kemah,Turkey,0.026227145851692148,0.604006464965887,2168.22056511329,2013,"{""type"":""MultiPoint"",""coordinates"":[]}"
1_2_00010000000000000c11,3045,27774,Kemaliye,Turkey,0.06906628766294019,0.29781164261513543,1265.9090789220825,2013,"{""type"":""MultiPoint"",""coordinates"":[]}"
1_2_00010000000000000c12,3045,27775,Merkez,Turkey,0.6023784456763152,5.250509363324349,111551.26338692315,2013,"{""type"":""MultiPoint"",""coordinates"":[]}"
1_2_00010000000000000c13,3045,27776,Otlukbeli,Turkey,0.06908891348311239,0.44837456097619505,845.0126208983143,2013,"{""type"":""MultiPoint"",""coordinates"":[]}"
1_2_00010000000000000c14,3045,27777,Refahiye,Turkey,0.09144837194102785,0.9952307043562236,4947.921186802824,2013,"{""type"":""MultiPoint"",""coordinates"":[]}"
1_2_00010000000000000c15,3045,27778,Tercan,Turkey,0.05084195237000333,1.1341022141738555,8945.792348655628,2013,"{""type"":""MultiPoint"",""coordinates"":[]}"
1_2_00010000000000000c16,3045,27779,Uzumlu,Turkey,0.20219949136777798,0.6149386339222129,6246.043579290769,2013,"{""type"":""MultiPoint"",""coordinates"":[]}"
1_2_00010000000000000c17,3046,27780,Askale,Turkey,0.17799089074581304,1.9812001088534779,14320.683192286564,2013,"{""type"":""MultiPoint"",""coordinates"":[]}"
1_2_00010000000000000c18,3046,27781,Cat,Turkey,0.21406652195887133,1.2343895862778755,7845.330549012176,2013,"{""type"":""MultiPoint"",""coordinates"":[]}"
1_2_00010000000000000c19,3046,27782,Hinis,Turkey,0.10188005747474765,2.228891980392774,15270.129343792074,2013,"{""type"":""MultiPoint"",""coordinates"":[]}"
1_2_00010000000000000c1a,3046,27783,Horasan,Turkey,0.10902910529478395,3.3102421713460815,27560.590452476437,2013,"{""type"":""MultiPoint"",""coordinates"":[]}"
1_2_00010000000000000c1b,3046,27784,Ilica,Turkey,0.09211288584054976,1.966997813117287,20392.454883595732,2013,"{""type"":""MultiPoint"",""coordinates"":[]}"
1_2_00010000000000000c1c,3046,27785,Ispir,Turkey,0.027194227152689987,0.48515903052059245,6532.917091491329,2013,"{""type"":""MultiPoint"",""coordinates"":[]}"
1_2_00010000000000000c1d,3046,27786,Karacoban,Turkey,0.5598930566306802,2.287888658602391,15034.124406908846,2013,"{""type"":""MultiPoint"",""coordinates"":[]}"
1_2_00010000000000000c1e,3046,27787,Karayazi,Turkey,0.06665456799459825,1.474515818073558,12250.381703901796,2013,"{""type"":""MultiPoint"",""coordinates"":[]}"
1_2_00010000000000000c1f,3046,27788,Koprukoy,Turkey,0.17169808258287395,2.8183130965437067,11137.657958049129,2013,"{""type"":""MultiPoint"",""coordinates"":[]}"
1_2_00010000000000000c20,3046,27789,Merkez,Turkey,1.4988146207271413,8.653469260002074,178806.06465384178,2013,"{""type"":""MultiPoint"",""coordinates"":[]}"
1_2_00010000000000000c21,3046,27790,Narman,Turkey,0.05861922290641882,1.7175505670970557,9044.832046537773,2013,"{""type"":""MultiPoint"",""coordinates"":[]}"
1_2_00010000000000000c22,3046,27791,Oltu,Turkey,0.07403417747050553,2.2853834057419364,20634.886682650973,2013,"{""type"":""MultiPoint"",""coordinates"":[]}"
1_2_00010000000000000c23,3046,27792,Olur,Turkey,0.04395744492792953,0.41630152060360454,4139.318860329856,2013,"{""type"":""MultiPoint"",""coordinates"":[]}"
1_2_00010000000000000c24,3046,27793,Pasinler,Turkey,0.17915524882244088,2.658879074617935,18407.60368469338,2013,"{""type"":""MultiPoint"",""coordinates"":[]}"
1_2_00010000000000000c25,3046,27794,Pazaryolu,Turkey,0.10081262401792779,0.3484298597133038,2093.3981470668,2013,"{""type"":""MultiPoint"",""coordinates"":[]}"
1_2_00010000000000000c26,3046,27795,Senkaya,Turkey,0.05492084984825769,0.7550997094095567,10747.967972316448,2013,"{""type"":""MultiPoint"",""coordinates"":[]}"
1_2_00010000000000000c27,3046,27796,Tekman,Turkey,0.17425896405145516,2.1554950711516803,12604.195745586974,2013,"{""type"":""MultiPoint"",""coordinates"":[]}"
1_2_00010000000000000c28,3046,27797,Tortum,Turkey,0.15486622955869936,0.9313476057908744,10764.385228438714,2013,"{""type"":""MultiPoint"",""coordinates"":[]}"
1_2_00010000000000000c29,3046,27798,Uzundere,Turkey,0.07789802643403995,0.7561965081752701,6164.6257076235215,2013,"{""type"":""MultiPoint"",""coordinates"":[]}"
1_2_00010000000000000c2a,3049,27821,Alucra,Turkey,0.04519312789281471,0.48479025233649164,3628.445963511028,2013,"{""type"":""MultiPoint"",""coordinates"":[]}"
1_2_00010000000000000c2b,3049,27822,Bulancak,Turkey,0.36865245761685705,3.212904607534464,25744.007844855878,2013,"{""type"":""MultiPoint"",""coordinates"":[]}"
1_2_00010000000000000c2c,3049,27823,Camoluk,Turkey,0.10057165953567472,0.4175399703704894,3114.941310981953,2013,"{""type"":""MultiPoint"",""coordinates"":[]}"
1_2_00010000000000000c2d,3049,27824,Canakci,Turkey,0.35926476411743186,1.2040919455546915,6869.189139902375,2013,"{""type"":""MultiPoint"",""coordinates"":[]}"
1_2_00010000000000000c2e,3049,27825,Dereli,Turkey,0.18087646471381347,1.3759875089733735,13629.581917032843,2013,"{""type"":""MultiPoint"",""coordinates"":[]}"
1_2_00010000000000000c2f,3049,27826,Dogankent,Turkey,0.5960220260224037,1.5024049627107838,5656.407126443553,2013,"{""type"":""MultiPoint"",""coordinates"":[]}"
1_2_00010000000000000c30,3049,27827,Espiye,Turkey,0.3595137470247943,3.663585708738663,23921.37649899227,2013,"{""type"":""MultiPoint"",""coordinates"":[]}"
1_2_00010000000000000c31,3049,27828,Eynesil,Turkey,1.4371852274109016,1.5619818324896002,9387.7257695558,2013,"{""type"":""MultiPoint"",""coordinates"":[]}"
1_2_00010000000000000c32,3049,27829,Gorele,Turkey,0.6041651612275194,3.772880272925815,16150.146364345916,2013,"{""type"":""MultiPoint"",""coordinates"":[]}"
1_2_00010000000000000c33,3049,27830,Guce,Turkey,0.2973451994683355,0.9148463237596398,6220.671244402229,2013,"{""type"":""MultiPoint"",""coordinates"":[]}"
1_2_00010000000000000c34,3049,27831,Kesap,Turkey,0.3104452209931772,1.1619340627532115,10102.863393195528,2013,"{""type"":""MultiPoint"",""coordinates"":[]}"
1_2_00010000000000000c35,3049,27832,Merkez,Turkey,1.4329174226693218,11.617066037350007,103102.73300501445,2013,"{""type"":""MultiPoint"",""coordinates"":[]}"
1_2_00010000000000000c36,3049,27833,Piraziz,Turkey,0.43378183948534255,1.1077667887782734,6394.977846517494,2013,"{""type"":""MultiPoint"",""coordinates"":[]}"
1_2_00010000000000000c37,3049,27834,S.karahisar,Turkey,0.05244976379680363,0.7994491446741462,10102.84150326837,2013,"{""type"":""MultiPoint"",""coordinates"":[]}"
1_2_00010000000000000c38,3049,27835,Tirebolu,Turkey,0.43612455881660933,1.525589714525048,16408.86525551084,2013,"{""type"":""MultiPoint"",""coordinates"":[]}"
1_2_00010000000000000c39,3049,27836,Yaglidere,Turkey,0.3060030353227253,1.6020764558454261,12451.275119161432,2013,"{""type"":""MultiPoint"",""coordinates"":[]}"
1_2_00010000000000000c3a,3050,27837,Kelkit,Turkey,0.10619250938022037,2.490474718028112,21745.583395000493,2013,"{""type"":""MultiPoint"",""coordinates"":[]}"
1_2_00010000000000000c3b,3050,27838,Kose,Turkey,0.13624277782106475,0.7624094052236399,2436.3795656769043,2013,"{""type"":""MultiPoint"",""coordinates"":[]}"
1_2_00010000000000000c3c,3050,27839,Kurtun,Turkey,0.13915929760189957,0.9745765613418202,7275.897465166768,2013,"{""type"":""MultiPoint"",""coordinates"":[]}"
1_2_00010000000000000c3d,3050,27840,Merkez,Turkey,0.05218918071252886,1.7862288121954566,23494.12318275267,2013,"{""type"":""MultiPoint"",""coordinates"":[]}"
1_2_00010000000000000c3e,3050,27841,Siran,Turkey,0.17442991937264912,1.2215159427199973,9407.666183795498,2013,"{""type"":""MultiPoint"",""coordinates"":[]}"
1_2_00010000000000000c3f,3050,27842,Torul,Turkey,0.05270402960446419,0.8693874303877872,6208.530846567683,2013,"{""type"":""MultiPoint"",""coordinates"":[]}"
1_2_00010000000000000c40,3051,27843,Cukurca,Turkey,0.2106315883658445,1.7976323158563432,7379.96374743442,2013,"{""type"":""MultiPoint"",""coordinates"":[]}"
1_2_00010000000000000c41,3051,27844,Merkez,Turkey,0.35643154087055356,6.485308927303683,53232.11299548636,2013,"{""type"":""MultiPoint"",""coordinates"":[]}"
1_2_00010000000000000c42,3051,27845,Semdinli,Turkey,0.16756923765939571,2.105064668955019,16616.791191350887,2013,"{""type"":""MultiPoint"",""coordinates"":[]}"
1_2_00010000000000000c43,3051,27846,Yuksekova,Turkey,0.27860349067734524,3.9726386589228273,54604.62363962476,2013,"{""type"":""MultiPoint"",""coordinates"":[]}"
1_2_00010000000000000c44,3054,27869,Aralik,Turkey,0.31220902449216115,1.7322152496260057,10565.830570628194,2013,"{""type"":""MultiPoint"",""coordinates"":[]}"
1_2_00010000000000000c45,3054,27870,Karakoyunlu,Turkey,1.3552664081873123,3.198303726426535,8044.788912004293,2013,"{""type"":""MultiPoint"",""coordinates"":[]}"
1_2_00010000000000000c46,3054,27871,Merkez,Turkey,0.7155713588873096,7.017695401050892,92444.80404631865,2013,"{""type"":""MultiPoint"",""coordinates"":[]}"
1_2_00010000000000000c47,3054,27872,Tuzluca,Turkey,0.10678622399848701,1.8551175823359398,12817.027962549033,2013,"{""type"":""MultiPoint"",""coordinates"":[]}"
1_2_00010000000000000c48,3059,27959,Eflani,Turkey,0.08972941485187123,0.5528818337102748,6394.549580962579,2013,"{""type"":""MultiPoint"",""coordinates"":[]}"
1_2_00010000000000000c49,3059,27960,Eskipazar,Turkey,0.06197542903954189,0.872883508874173,9365.184805825393,2013,"{""type"":""MultiPoint"",""coordinates"":[]}"
1_2_00010000000000000c4a,3059,27961,Merkez,Turkey,0.18201680016080263,8.988537901775807,116660.54841714859,2013,"{""type"":""MultiPoint"",""coordinates"":[]}"
1_2_00010000000000000c4b,3059,27962,Ovacik,Turkey,0.034836690300232086,0.14393903163961913,1792.2398419529495,2013,"{""type"":""MultiPoint"",""coordinates"":[]}"
1_2_00010000000000000c4c,3059,27963,Safranbolu,Turkey,0.18033329289926214,2.4150273409518,29168.333281399457,2013,"{""type"":""MultiPoint"",""coordinates"":[]}"
1_2_00010000000000000c4d,3059,27964,Yenice,Turkey,0.35399044141020763,2.338153610169923,22029.316415304802,2013,"{""type"":""MultiPoint"",""coordinates"":[]}"
1_2_00010000000000000c4e,3061,27971,Akyaka,Turkey,0.42285955546081744,0.9604898492452542,7728.568023318008,2013,"{""type"":""MultiPoint"",""coordinates"":[]}"
1_2_00010000000000000c4f,3061,27972,Arpacay,Turkey,0.12676162603538652,1.8914127821733457,11141.481493464828,2013,"{""type"":""MultiPoint"",""coordinates"":[]}"
1_2_00010000000000000c50,3061,27973,Digor,Turkey,0.17770592340056057,1.603078981081334,11850.68916800644,2013,"{""type"":""MultiPoint"",""coordinates"":[]}"
1_2_00010000000000000c51,3061,27974,Kagizman,Turkey,0.10180230008016256,2.404616287807671,26018.11538787303,2013,"{""type"":""MultiPoint"",""coordinates"":[]}"
1_2_00010000000000000c52,3061,27975,Merkez,Turkey,0.3442268054486014,4.505081066901808,74288.51286155153,2013,"{""type"":""MultiPoint"",""coordinates"":[]}"
1_2_00010000000000000c53,3061,27976,Sarikamis,Turkey,0.08952532250390886,2.83450617110752,26451.22181970132,2013,"{""type"":""MultiPoint"",""coordinates"":[]}"
1_2_00010000000000000c54,3061,27977,Selim,Turkey,0.1712247645703947,2.542123461529587,14052.663381697012,2013,"{""type"":""MultiPoint"",""coordinates"":[]}"
1_2_00010000000000000c55,3061,27978,Susuz,Turkey,0.17261546441485898,0.5778111655230762,5604.144793246321,2013,"{""type"":""MultiPoint"",""coordinates"":[]}"
1_2_00010000000000000c56,3062,27979,Abana,Turkey,0.1702167808300579,0.6219495453698607,1871.9445166407259,2013,"{""type"":""MultiPoint"",""coordinates"":[]}"
1_2_00010000000000000c57,3062,27980,Agli,Turkey,0.04359294387613333,0.40785389146816425,2590.3452100372297,2013,"{""type"":""MultiPoint"",""coordinates"":[]}"
1_2_00010000000000000c58,3062,27981,Arac,Turkey,0.04746449302470279,0.6640440931444139,9142.951724023129,2013,"{""type"":""MultiPoint"",""coordinates"":[]}"
1_2_00010000000000000c59,3062,27982,Azdavay,Turkey,0.042455349836506645,0.4958832722301445,4005.393497836221,2013,"{""type"":""MultiPoint"",""coordinates"":[]}"
1_2_00010000000000000c5a,3062,27983,Bozkurt,Turkey,0.1705763579982813,0.5487659556908956,5311.118568901404,2013,"{""type"":""MultiPoint"",""coordinates"":[]}"
1_2_00010000000000000c5b,3062,27984,Catalzeytin,Turkey,0.0869996184587835,0.7484693403406875,3479.658103018261,2013,"{""type"":""MultiPoint"",""coordinates"":[]}"
1_2_00010000000000000c5c,3062,27985,Cide,Turkey,0.08863379910983858,1.0047640712379586,12606.496504993356,2013,"{""type"":""MultiPoint"",""coordinates"":[]}"
1_2_00010000000000000c5d,3062,27986,Daday,Turkey,0.028835124828908824,0.6034901306020318,5007.391255879913,2013,"{""type"":""MultiPoint"",""coordinates"":[]}"
1_2_00010000000000000c5e,3062,27987,Devrekani,Turkey,0.06003384875151265,0.8437158297979863,9292.243863019952,2013,"{""type"":""MultiPoint"",""coordinates"":[]}"
1_2_00010000000000000c5f,3062,27988,Doganyurt,Turkey,0.13206166883734094,0.37574063520075013,3251.4717914588755,2013,"{""type"":""MultiPoint"",""coordinates"":[]}"
1_2_00010000000000000c60,3062,27989,Hanonu,Turkey,0.03225456018241063,0.45363304114212605,3473.228064800813,2013,"{""type"":""MultiPoint"",""coordinates"":[]}"
1_2_00010000000000000c61,3062,27990,Ihsangazi,Turkey,0.05360261074069651,0.7745068902567398,3863.175233682061,2013,"{""type"":""MultiPoint"",""coordinates"":[]}"
1_2_00010000000000000c62,3062,27991,Inebolu,Turkey,0.13161082244216513,2.652193179996021,18140.767251112477,2013,"{""type"":""MultiPoint"",""coordinates"":[]}"
1_2_00010000000000000c63,3062,27992,Kure,Turkey,0.03672468116965075,0.9742416744093346,3325.3573257142984,2013,"{""type"":""MultiPoint"",""coordinates"":[]}"
1_2_00010000000000000c64,3062,27993,Merkez,Turkey,0.10126225321479873,4.057441998651085,103729.3373902281,2013,"{""type"":""MultiPoint"",""coordinates"":[]}"
1_2_00010000000000000c65,3062,27994,Pinarbasi,Turkey,0.04417268803700929,0.40193659442010166,2601.103666068124,2013,"{""type"":""MultiPoint"",""coordinates"":[]}"
1_2_00010000000000000c66,3062,27995,Senpazar,Turkey,0.10654100386173841,0.6404150170155207,3394.842281273233,2013,"{""type"":""MultiPoint"",""coordinates"":[]}"
1_2_00010000000000000c67,3062,27996,Seydiler,Turkey,0.07592001590774755,0.625436274743802,2737.2128375034154,2013,"{""type"":""MultiPoint"",""coordinates"":[]}"
1_2_00010000000000000c68,3062,27997,Taskopru,Turkey,0.08516584146581137,1.6845851874925368,24842.515959738408,2013,"{""type"":""MultiPoint"",""coordinates"":[]}"
1_2_00010000000000000c69,3062,27998,Tosya,Turkey,0.09712336592809011,2.9579667466420845,30993.3698351088,2013,"{""type"":""MultiPoint"",""coordinates"":[]}"
1_2_00010000000000000c6a,3065,28020,Baliseyh,Turkey,0.022757867867475634,0.22787662674409903,1493.0027635498238,2013,"{""type"":""MultiPoint"",""coordinates"":[]}"
1_2_00010000000000000c6b,3065,28022,Delice,Turkey,0.07716405675981274,0.5666459839726236,3828.497438598495,2013,"{""type"":""MultiPoint"",""coordinates"":[]}"
1_2_00010000000000000c6c,3065,28026,Sulakyurt,Turkey,0.024817826842590145,0.5939691302538951,4066.0235557449396,2013,"{""type"":""MultiPoint"",""coordinates"":[]}"
1_2_00010000000000000c6d,3066,28029,Demirkoy,Turkey,0.0297917967917781,0.6282741005763153,4131.807452643348,2013,"{""type"":""MultiPoint"",""coordinates"":[]}"
1_2_00010000000000000c6e,3066,28030,Kofcaz,Turkey,0.019662463980396738,0.29718386395616564,2097.8974933955633,2013,"{""type"":""MultiPoint"",""coordinates"":[]}"
1_2_00010000000000000c6f,3068,28045,Kandira,Turkey,0.35601844212127076,1.7710623290295198,41608.549332710994,2013,"{""type"":""MultiPoint"",""coordinates"":[]}"
1_2_00010000000000000c70,3071,28094,Arapkir,Turkey,0.08734690484854649,1.078691779613167,5162.561171056149,2013,"{""type"":""MultiPoint"",""coordinates"":[]}"
1_2_00010000000000000c71,3071,28095,Arguvan,Turkey,0.0900327274936148,0.5860506988555642,2530.3958664569786,2013,"{""type"":""MultiPoint"",""coordinates"":[]}"
1_2_00010000000000000c72,3071,28096,Battalgazi,Turkey,0.6276609803578923,2.724263257221408,20248.99452082246,2013,"{""type"":""MultiPoint"",""coordinates"":[]}"
1_2_00010000000000000c73,3071,28099,Doganyol,Turkey,0.0755865375726398,0.4766393370738302,2541.1376780891537,2013,"{""type"":""MultiPoint"",""coordinates"":[]}"
1_2_00010000000000000c74,3071,28100,Hekimhan,Turkey,0.064354510359052,1.2402098895713893,8859.157961823978,2013,"{""type"":""MultiPoint"",""coordinates"":[]}"
1_2_00010000000000000c75,3071,28101,Kale,Turkey,0.1715630589556085,0.8885056564333998,6709.222776395864,2013,"{""type"":""MultiPoint"",""coordinates"":[]}"
1_2_00010000000000000c76,3071,28102,Kuluncak,Turkey,0.09104818438970154,0.6490516041095581,3541.258056226812,2013,"{""type"":""MultiPoint"",""coordinates"":[]}"
1_2_00010000000000000c77,3071,28103,Merkez,Turkey,1.3315983872333923,15.908634361799832,346224.144260539,2013,"{""type"":""MultiPoint"",""coordinates"":[]}"
1_2_00010000000000000c78,3071,28104,Poturge,Turkey,0.08814029767847406,0.8723018928247789,9645.688280083463,2013,"{""type"":""MultiPoint"",""coordinates"":[]}"
1_2_00010000000000000c79,3071,28105,Yazihan,Turkey,0.15422298687648475,0.7484930025975949,7884.41942111267,2013,"{""type"":""MultiPoint"",""coordinates"":[]}"
1_2_00010000000000000c7a,3073,28123,Dargecit,Turkey,0.1732644290029202,1.7750210939979645,16403.74466472521,2013,"{""type"":""MultiPoint"",""coordinates"":[]}"
1_2_00010000000000000c7b,3073,28126,Mazidagi,Turkey,0.3620182420045032,1.7359770550395843,16179.549415464615,2013,"{""type"":""MultiPoint"",""coordinates"":[]}"
1_2_00010000000000000c7c,3073,28128,Midyat,Turkey,0.23159882498456238,6.635135456781789,73566.61387615393,2013,"{""type"":""MultiPoint"",""coordinates"":[]}"
1_2_00010000000000000c7d,3073,28129,Nusaybin,Turkey,0.6956903267128112,7.2493310762336876,83775.13045959568,2013,"{""type"":""MultiPoint"",""coordinates"":[]}"
1_2_00010000000000000c7e,3073,28130,Omerli,Turkey,0.28689868638971544,5.616652348521848,16645.841026449987,2013,"{""type"":""MultiPoint"",""coordinates"":[]}"
1_2_00010000000000000c7f,3073,28131,Savur,Turkey,0.18193035331775767,1.09886756814619,10771.208055769153,2013,"{""type"":""MultiPoint"",""coordinates"":[]}"
1_2_00010000000000000c80,3073,28132,Yesilli,Turkey,0.5876500925170526,5.322566929562297,20967.402387246984,2013,"{""type"":""MultiPoint"",""coordinates"":[]}"
1_2_00010000000000000c81,3075,28145,Bulanik,Turkey,0.2550260311105479,3.891906743085384,38581.74222622236,2013,"{""type"":""MultiPoint"",""coordinates"":[]}"
1_2_00010000000000000c82,3075,28146,Haskoy,Turkey,0.8762858794882565,3.579789606244112,18240.692785391624,2013,"{""type"":""MultiPoint"",""coordinates"":[]}"
1_2_00010000000000000c83,3075,28147,Korkut,Turkey,0.42227627307628074,2.5922079822683144,15110.534461712303,2013,"{""type"":""MultiPoint"",""coordinates"":[]}"
1_2_00010000000000000c84,3075,28148,Malazgirt,Turkey,0.3369968573644294,2.8128420270098045,28506.054221028255,2013,"{""type"":""MultiPoint"",""coordinates"":[]}"
1_2_00010000000000000c85,3075,28149,Merkez,Turkey,0.2005599000606513,5.433739039310376,102000.10246279022,2013,"{""type"":""MultiPoint"",""coordinates"":[]}"
1_2_00010000000000000c86,3075,28150,Varto,Turkey,0.1378121192724066,1.7052700360431674,15097.365593673347,2013,"{""type"":""MultiPoint"",""coordinates"":[]}"
1_2_00010000000000000c87,3078,28165,Akkus,Turkey,0.12269239187805328,2.428723579772596,12905.89109865011,2013,"{""type"":""MultiPoint"",""coordinates"":[]}"
1_2_00010000000000000c88,3078,28166,Aybasti,Turkey,0.3114185440837354,1.4659258807707898,14542.364095340952,2013,"{""type"":""MultiPoint"",""coordinates"":[]}"
1_2_00010000000000000c89,3078,28167,Camas,Turkey,0.8454555327113676,1.464189798804356,8863.9609891786,2013,"{""type"":""MultiPoint"",""coordinates"":[]}"
1_2_00010000000000000c8a,3078,28168,Catalpinar,Turkey,1.3139627507401508,4.096745398961349,14098.42439890936,2013,"{""type"":""MultiPoint"",""coordinates"":[]}"
1_2_00010000000000000c8b,3078,28169,Caybasi,Turkey,0.4261703965469149,1.878719173308498,6174.621194743789,2013,"{""type"":""MultiPoint"",""coordinates"":[]}"
1_2_00010000000000000c8c,3078,28170,Fatsa,Turkey,0.7402649966160209,6.7588821095720935,72493.7018592343,2013,"{""type"":""MultiPoint"",""coordinates"":[]}"
1_2_00010000000000000c8d,3078,28171,Golkoy,Turkey,0.6242820534350838,2.7801545247910964,21693.74334064806,2013,"{""type"":""MultiPoint"",""coordinates"":[]}"
1_2_00010000000000000c8e,3078,28172,Gulyali,Turkey,0.42976134527200127,1.702329524300048,4583.163937766616,2013,"{""type"":""MultiPoint"",""coordinates"":[]}"
1_2_00010000000000000c8f,3078,28173,Gurgentepe,Turkey,0.43432957672687783,2.512339298199342,9923.007991254999,2013,"{""type"":""MultiPoint"",""coordinates"":[]}"
1_2_00010000000000000c90,3078,28174,Ikizce,Turkey,0.7178345743765161,2.1196479047136205,7879.990317974584,2013,"{""type"":""MultiPoint"",""coordinates"":[]}"
1_2_00010000000000000c91,3078,28175,Kabaduz,Turkey,0.3604733719360444,1.1916827170575848,7110.804723021234,2013,"{""type"":""MultiPoint"",""coordinates"":[]}"
1_2_00010000000000000c92,3078,28176,Kabatas,Turkey,0.9664844148253338,1.8995028597123031,9818.856079660272,2013,"{""type"":""MultiPoint"",""coordinates"":[]}"
1_2_00010000000000000c93,3078,28177,Korgan,Turkey,0.616413796269959,2.3584193109224887,18859.998341075323,2013,"{""type"":""MultiPoint"",""coordinates"":[]}"
1_2_00010000000000000c94,3078,28178,Kumru,Turkey,0.4339106970536448,1.417548467991801,15313.412595436821,2013,"{""type"":""MultiPoint"",""coordinates"":[]}"
1_2_00010000000000000c95,3078,28179,Merkez,Turkey,0.7253203808869015,13.162287296213206,156773.12449873614,2013,"{""type"":""MultiPoint"",""coordinates"":[]}"
1_2_00010000000000000c96,3078,28180,Mesudiye,Turkey,0.0889118896863767,0.5028071843406225,5583.428510453358,2013,"{""type"":""MultiPoint"",""coordinates"":[]}"
1_2_00010000000000000c97,3078,28181,Persembe,Turkey,0.5552702310447729,1.502952873485539,14184.097777491601,2013,"{""type"":""MultiPoint"",""coordinates"":[]}"
1_2_00010000000000000c98,3078,28182,Ulubey,Turkey,0.42204659399248035,0.8019549157197673,9604.829460148632,2013,"{""type"":""MultiPoint"",""coordinates"":[]}"
1_2_00010000000000000c99,3078,28183,Unye,Turkey,0.6961478738519374,5.336403947464819,70860.50306474997,2013,"{""type"":""MultiPoint"",""coordinates"":[]}"
1_2_00010000000000000c9a,3080,28191,Ardesen,Turkey,0.3573350847148091,4.784864468137858,19116.96080999865,2013,"{""type"":""MultiPoint"",""coordinates"":[]}"
1_2_00010000000000000c9b,3080,28192,Camlihemsin,Turkey,0.10980287464102602,0.7125142124293617,3238.5973519588447,2013,"{""type"":""MultiPoint"",""coordinates"":[]}"
1_2_00010000000000000c9c,3080,28193,Cayeli,Turkey,0.8617135047010493,3.757308835484338,22168.108926983048,2013,"{""type"":""MultiPoint"",""coordinates"":[]}"
1_2_00010000000000000c9d,3080,28194,Derepazari,Turkey,1.4211587860034063,1.3887927792269699,2373.532801639449,2013,"{""type"":""MultiPoint"",""coordinates"":[]}"
1_2_00010000000000000c9e,3080,28195,Findikli,Turkey,0.6869224813353108,1.932647815966252,10819.387026019614,2013,"{""type"":""MultiPoint"",""coordinates"":[]}"
1_2_00010000000000000c9f,3080,28196,Guneysu,Turkey,0.807279258814629,2.298215480479687,9379.658018994696,2013,"{""type"":""MultiPoint"",""coordinates"":[]}"
1_2_00010000000000000ca0,3080,28197,Hemsin,Turkey,0.917174220085144,0.7052396009942355,425.77337474375963,2013,"{""type"":""MultiPoint"",""coordinates"":[]}"
1_2_00010000000000000ca1,3080,28198,Ikizdere,Turkey,0.03817556017870123,0.42245202750194294,2088.6269389280196,2013,"{""type"":""MultiPoint"",""coordinates"":[]}"
1_2_00010000000000000ca2,3080,28199,Iyidere,Turkey,1.4045736825822062,1.792403302355573,5482.820179564699,2013,"{""type"":""MultiPoint"",""coordinates"":[]}"
1_2_00010000000000000ca3,3080,28200,Kalkandere,Turkey,0.8589212373057035,1.2964820937719597,4839.672769447224,2013,"{""type"":""MultiPoint"",""coordinates"":[]}"
1_2_00010000000000000ca4,3080,28201,Merkez,Turkey,3.252903150504856,11.521545116338608,104865.33598256506,2013,"{""type"":""MultiPoint"",""coordinates"":[]}"
1_2_00010000000000000ca5,3080,28202,Pazar,Turkey,1.7046884008492107,6.3029711530112325,17588.785385560524,2013,"{""type"":""MultiPoint"",""coordinates"":[]}"
1_2_00010000000000000ca6,3081,28204,Ferizli,Turkey,0.4443181333622529,2.737894488408086,19265.979859339488,2013,"{""type"":""MultiPoint"",""coordinates"":[]}"
1_2_00010000000000000ca7,3081,28206,Hendek,Turkey,0.8635955181139832,4.56495836312305,70294.33079042294,2013,"{""type"":""MultiPoint"",""coordinates"":[]}"
1_2_00010000000000000ca8,3081,28208,Karasu,Turkey,0.3646905849874292,3.0533557444060246,44700.939489470315,2013,"{""type"":""MultiPoint"",""coordinates"":[]}"
1_2_00010000000000000ca9,3081,28209,Kaynarca,Turkey,0.3076651469185523,1.0428011541228321,16159.067326275866,2013,"{""type"":""MultiPoint"",""coordinates"":[]}"
1_2_00010000000000000caa,3081,28210,Kocaali,Turkey,0.3127797231447215,1.2837051024462927,17482.987358999966,2013,"{""type"":""MultiPoint"",""coordinates"":[]}"
1_2_00010000000000000cab,3081,28214,Sogutlu,Turkey,0.6879181982926842,2.263576773818212,22167.612856486987,2013,"{""type"":""MultiPoint"",""coordinates"":[]}"
1_2_00010000000000000cac,3082,28216,19-mayis,Turkey,0.21434746901284743,1.075509224212409,13210.560657693568,2013,"{""type"":""MultiPoint"",""coordinates"":[]}"
1_2_00010000000000000cad,3082,28217,Alacam,Turkey,0.11363879728439047,1.9904076830291435,24864.182059283892,2013,"{""type"":""MultiPoint"",""coordinates"":[]}"
1_2_00010000000000000cae,3082,28218,Asarcik,Turkey,0.6127558846353479,2.5934625694223716,13050.52659367332,2013,"{""type"":""MultiPoint"",""coordinates"":[]}"
1_2_00010000000000000caf,3082,28219,Ayvacik,Turkey,0.2999157323992787,1.6361564108884363,15685.282593958178,2013,"{""type"":""MultiPoint"",""coordinates"":[]}"
1_2_00010000000000000cb0,3082,28220,Bafra,Turkey,0.20864199878959072,4.761049260864221,111236.07392064501,2013,"{""type"":""MultiPoint"",""coordinates"":[]}"
1_2_00010000000000000cb1,3082,28221,Carsamba,Turkey,0.6163204689236327,4.4063646589705225,109885.23292944503,2013,"{""type"":""MultiPoint"",""coordinates"":[]}"
1_2_00010000000000000cb2,3082,28222,Havza,Turkey,0.11012971798746775,2.7032974002648475,34149.4735116443,2013,"{""type"":""MultiPoint"",""coordinates"":[]}"
1_2_00010000000000000cb3,3082,28223,Kavak,Turkey,0.18160692931289638,1.2575765841135529,14725.348336210795,2013,"{""type"":""MultiPoint"",""coordinates"":[]}"
1_2_00010000000000000cb4,3082,28224,Ladik,Turkey,0.173708984603799,1.9621315545703422,13616.981456538328,2013,"{""type"":""MultiPoint"",""coordinates"":[]}"
1_2_00010000000000000cb5,3082,28225,Merkez,Turkey,0.4031893041091886,18.11722733232761,462840.3130852164,2013,"{""type"":""MultiPoint"",""coordinates"":[]}"
1_2_00010000000000000cb6,3082,28226,Salipazari,Turkey,0.3023158294086176,1.6592754042361835,10036.09743067935,2013,"{""type"":""MultiPoint"",""coordinates"":[]}"
1_2_00010000000000000cb7,3082,28227,Tekkekoy,Turkey,0.3561389322282368,5.31450220372133,59337.042762226905,2013,"{""type"":""MultiPoint"",""coordinates"":[]}"
1_2_00010000000000000cb8,3082,28228,Terme,Turkey,0.6033233346777274,3.291421623225845,57331.44196205697,2013,"{""type"":""MultiPoint"",""coordinates"":[]}"
1_2_00010000000000000cb9,3082,28229,Vezirkopru,Turkey,0.14136736322735785,2.798361561654464,68542.80468592477,2013,"{""type"":""MultiPoint"",""coordinates"":[]}"
1_2_00010000000000000cba,3082,28230,Yakakent,Turkey,0.03309562821807146,1.7267765555200711,4648.549311218799,2013,"{""type"":""MultiPoint"",""coordinates"":[]}"
1_2_00010000000000000cbb,3084,28242,Aydinlar,Turkey,0.8543544474993539,5.402467217436358,10023.668381773992,2013,"{""type"":""MultiPoint"",""coordinates"":[]}"
1_2_00010000000000000cbc,3084,28243,Baykan,Turkey,0.30204706057680736,2.023620706139391,15882.092598107882,2013,"{""type"":""MultiPoint"",""coordinates"":[]}"
1_2_00010000000000000cbd,3084,28244,Eruh,Turkey,0.08960706549005965,1.301460208591473,7857.288415590499,2013,"{""type"":""MultiPoint"",""coordinates"":[]}"
1_2_00010000000000000cbe,3084,28245,Kurtalan,Turkey,0.3606654907853023,3.1551150716875824,35440.96320401952,2013,"{""type"":""MultiPoint"",""coordinates"":[]}"
1_2_00010000000000000cbf,3084,28246,Merkez,Turkey,0.7189586826836877,14.069072514677275,111273.25507979986,2013,"{""type"":""MultiPoint"",""coordinates"":[]}"
1_2_00010000000000000cc0,3084,28247,Pervari,Turkey,0.1175163053228764,2.7170218619114364,10484.03138342257,2013,"{""type"":""MultiPoint"",""coordinates"":[]}"
1_2_00010000000000000cc1,3084,28248,Sirvan,Turkey,0.29983065024197264,1.8297645863707643,11475.273829591464,2013,"{""type"":""MultiPoint"",""coordinates"":[]}"
1_2_00010000000000000cc2,3085,28249,Ayancik,Turkey,0.1754441029181317,1.3232717682575756,14621.873232830343,2013,"{""type"":""MultiPoint"",""coordinates"":[]}"
1_2_00010000000000000cc3,3085,28250,Boyabat,Turkey,0.0823580055691347,2.1532083405237783,29936.877614009216,2013,"{""type"":""MultiPoint"",""coordinates"":[]}"
1_2_00010000000000000cc4,3085,28251,Dikmen,Turkey,0.04495076083187214,0.4427929077343369,4054.920862595412,2013,"{""type"":""MultiPoint"",""coordinates"":[]}"
1_2_00010000000000000cc5,3085,28252,Duragan,Turkey,0.04742606120773452,1.3646871287597486,12980.560161368436,2013,"{""type"":""MultiPoint"",""coordinates"":[]}"
1_2_00010000000000000cc6,3085,28253,Erfelek,Turkey,0.07820258338624128,0.9965047334989191,8564.748108923413,2013,"{""type"":""MultiPoint"",""coordinates"":[]}"
1_2_00010000000000000cc7,3085,28254,Gerze,Turkey,0.09502288577384638,2.049515099768317,14021.324374648873,2013,"{""type"":""MultiPoint"",""coordinates"":[]}"
1_2_00010000000000000cc8,3085,28255,Merkez,Turkey,0.3788908243299519,3.3726587494604092,45281.67801929694,2013,"{""type"":""MultiPoint"",""coordinates"":[]}"
1_2_00010000000000000cc9,3085,28256,Sarayduzu,Turkey,0.07811803087355741,0.5207942889154442,3326.867984635334,2013,"{""type"":""MultiPoint"",""coordinates"":[]}"
1_2_00010000000000000cca,3085,28257,Turkeli,Turkey,0.17565662610357655,1.71272195920716,9967.236399381794,2013,"{""type"":""MultiPoint"",""coordinates"":[]}"
1_2_00010000000000000ccb,3086,28258,Beytussebap,Turkey,0.17726378115377633,2.34618260614401,5279.854569991612,2013,"{""type"":""MultiPoint"",""coordinates"":[]}"
1_2_00010000000000000ccc,3086,28259,Cizre,Turkey,1.2527382635385058,11.062640166397326,62383.16604757881,2013,"{""type"":""MultiPoint"",""coordinates"":[]}"
1_2_00010000000000000ccd,3086,28260,Guclukonak,Turkey,0.40300343079757217,1.4589835064181884,8086.449171872704,2013,"{""type"":""MultiPoint"",""coordinates"":[]}"
1_2_00010000000000000cce,3086,28261,Idil,Turkey,0.6161769859924617,3.373635823090244,45265.83555251866,2013,"{""type"":""MultiPoint"",""coordinates"":[]}"
1_2_00010000000000000ccf,3086,28262,Merkez,Turkey,0.3612386512289703,5.774835958943087,35958.926633026604,2013,"{""type"":""MultiPoint"",""coordinates"":[]}"
1_2_00010000000000000cd0,3086,28263,Silopi,Turkey,1.7345710521603714,10.732523502931059,117345.25208057929,2013,"{""type"":""MultiPoint"",""coordinates"":[]}"
1_2_00010000000000000cd1,3086,28264,Uludere,Turkey,1.1568995297964688,1.9986958934626715,18368.087372021655,2013,"{""type"":""MultiPoint"",""coordinates"":[]}"
1_2_00010000000000000cd2,3087,28265,Akincilar,Turkey,0.13285498630382425,0.5221934931430017,3233.0144614877513,2013,"{""type"":""MultiPoint"",""coordinates"":[]}"
1_2_00010000000000000cd3,3087,28266,Altinyayla,Turkey,0.27627095391830325,1.1118609971028215,5254.2807040278085,2013,"{""type"":""MultiPoint"",""coordinates"":[]}"
1_2_00010000000000000cd4,3087,28267,Divrigi,Turkey,0.028492875662331028,0.9543722604041065,7008.209911019885,2013,"{""type"":""MultiPoint"",""coordinates"":[]}"
1_2_00010000000000000cd5,3087,28268,Dogansar,Turkey,0.07029336926991916,0.445260556859432,1475.4623935627492,2013,"{""type"":""MultiPoint"",""coordinates"":[]}"
1_2_00010000000000000cd6,3087,28269,Gemerek,Turkey,0.18136193981707543,1.7329503812870681,15618.881198055205,2013,"{""type"":""MultiPoint"",""coordinates"":[]}"
1_2_00010000000000000cd7,3087,28270,Golova,Turkey,0.07563040991588238,0.4077236167091399,1688.138189229439,2013,"{""type"":""MultiPoint"",""coordinates"":[]}"
1_2_00010000000000000cd8,3087,28272,Hafik,Turkey,0.026494991229290547,0.41951135115699173,2708.8399687733354,2013,"{""type"":""MultiPoint"",""coordinates"":[]}"
1_2_00010000000000000cd9,3087,28273,Imranli,Turkey,0.028746487635118532,0.8012615796208622,3354.5465399924474,2013,"{""type"":""MultiPoint"",""coordinates"":[]}"
1_2_00010000000000000cda,3087,28274,Kangal,Turkey,0.0838773847054735,0.8342393985807108,9715.656188481202,2013,"{""type"":""MultiPoint"",""coordinates"":[]}"
1_2_00010000000000000cdb,3087,28275,Koyulhisar,Turkey,0.0920975219592876,0.4891254061347581,6308.523207378318,2013,"{""type"":""MultiPoint"",""coordinates"":[]}"
1_2_00010000000000000cdc,3087,28276,Merkez,Turkey,0.7258073449383401,13.45319752959576,277457.35515123024,2013,"{""type"":""MultiPoint"",""coordinates"":[]}"
1_2_00010000000000000cdd,3087,28277,Sarkisla,Turkey,0.18148931545246133,2.3557914434930116,23448.46319441443,2013,"{""type"":""MultiPoint"",""coordinates"":[]}"
1_2_00010000000000000cde,3087,28278,Susehri,Turkey,0.18064165690397538,1.7676187365495644,15959.042878128153,2013,"{""type"":""MultiPoint"",""coordinates"":[]}"
1_2_00010000000000000cdf,3087,28279,Ulas,Turkey,0.13818109949078256,0.8980046528232606,6717.238329323937,2013,"{""type"":""MultiPoint"",""coordinates"":[]}"
1_2_00010000000000000ce0,3087,28280,Yildizeli,Turkey,0.1785824663671709,1.2715229415691351,18395.89146344161,2013,"{""type"":""MultiPoint"",""coordinates"":[]}"
1_2_00010000000000000ce1,3087,28281,Zara,Turkey,0.04584167266993979,1.172791433666214,9317.133500293567,2013,"{""type"":""MultiPoint"",""coordinates"":[]}"
1_2_00010000000000000ce2,3089,28291,Almus,Turkey,0.10101085130205892,2.0359829209548352,16026.410067447485,2013,"{""type"":""MultiPoint"",""coordinates"":[]}"
1_2_00010000000000000ce3,3089,28292,Artova,Turkey,0.15159696526894617,0.9250378195101173,5646.30281331637,2013,"{""type"":""MultiPoint"",""coordinates"":[]}"
1_2_00010000000000000ce4,3089,28293,Basciftlik,Turkey,0.11076864116204961,0.7923963289052741,2395.1582301741873,2013,"{""type"":""MultiPoint"",""coordinates"":[]}"
1_2_00010000000000000ce5,3089,28294,Erbaa,Turkey,0.20621859205743898,5.61453832604273,68232.64116841686,2013,"{""type"":""MultiPoint"",""coordinates"":[]}"
1_2_00010000000000000ce6,3089,28295,Merkez,Turkey,0.3648982840838667,6.9717784432378425,153901.91655065864,2013,"{""type"":""MultiPoint"",""coordinates"":[]}"
1_2_00010000000000000ce7,3089,28296,Niksar,Turkey,0.35677734819063744,2.894773816447306,44000.56796570974,2013,"{""type"":""MultiPoint"",""coordinates"":[]}"
1_2_00010000000000000ce8,3089,28297,Pazar,Turkey,0.5629464177856046,2.1910377887806485,12904.44701276946,2013,"{""type"":""MultiPoint"",""coordinates"":[]}"
1_2_00010000000000000ce9,3089,28298,Resadiye,Turkey,0.0678916502072813,1.060821472420727,19144.899550088958,2013,"{""type"":""MultiPoint"",""coordinates"":[]}"
1_2_00010000000000000cea,3089,28299,Sulusaray,Turkey,0.20394174149397512,0.9470779930045949,5092.042644438644,2013,"{""type"":""MultiPoint"",""coordinates"":[]}"
1_2_00010000000000000ceb,3089,28300,Turhal,Turkey,0.10482457746824793,3.453879662179442,51533.19767941028,2013,"{""type"":""MultiPoint"",""coordinates"":[]}"
1_2_00010000000000000cec,3089,28301,Yesilyurt,Turkey,0.4371639023881531,2.5028788118355867,7109.096796601544,2013,"{""type"":""MultiPoint"",""coordinates"":[]}"
1_2_00010000000000000ced,3089,28302,Zile,Turkey,0.09757829725451227,3.042659082381733,37653.50198014632,2013,"{""type"":""MultiPoint"",""coordinates"":[]}"
1_2_00010000000000000cee,3090,28303,Akcaabat,Turkey,1.758676745272216,5.970563263059591,93961.10807619803,2013,"{""type"":""MultiPoint"",""coordinates"":[]}"
1_2_00010000000000000cef,3090,28304,Arakli,Turkey,0.5636176067307558,2.1556556970561394,30433.29029979576,2013,"{""type"":""MultiPoint"",""coordinates"":[]}"
1_2_00010000000000000cf0,3090,28305,Arsin,Turkey,0.8762526871253895,2.9296598994243728,19298.92540981138,2013,"{""type"":""MultiPoint"",""coordinates"":[]}"
1_2_00010000000000000cf1,3090,28306,Besikduzu,Turkey,0.8650473261712779,2.7100692710320122,11333.72884655069,2013,"{""type"":""MultiPoint"",""coordinates"":[]}"
1_2_00010000000000000cf2,3090,28307,Carsibasi,Turkey,1.1343998267643027,3.3003972021661485,8884.40988566431,2013,"{""type"":""MultiPoint"",""coordinates"":[]}"
1_2_00010000000000000cf3,3090,28308,Caykara,Turkey,0.04596946546114845,0.5452892244240987,8594.066777747836,2013,"{""type"":""MultiPoint"",""coordinates"":[]}"
1_2_00010000000000000cf4,3090,28309,Dernek-pazari,Turkey,0.22678543786257416,0.36394786583804967,2848.1083060662736,2013,"{""type"":""MultiPoint"",""coordinates"":[]}"
1_2_00010000000000000cf5,3090,28310,Duzkoy,Turkey,1.2212200628210508,1.8145640061814061,12108.825613763096,2013,"{""type"":""MultiPoint"",""coordinates"":[]}"
1_2_00010000000000000cf6,3090,28311,Hayrat,Turkey,0.16229900553726406,0.6457753656225482,4692.280052984233,2013,"{""type"":""MultiPoint"",""coordinates"":[]}"
1_2_00010000000000000cf7,3090,28312,Koprubasi,Turkey,0.03873553231118576,0.4666651284286822,2749.304166035712,2013,"{""type"":""MultiPoint"",""coordinates"":[]}"
1_2_00010000000000000cf8,3090,28313,Macka,Turkey,0.2811663908935725,0.8813618070586369,18370.8790794641,2013,"{""type"":""MultiPoint"",""coordinates"":[]}"
1_2_00010000000000000cf9,3090,28314,Merkez,Turkey,2.784618444939386,17.985966714950035,225431.29691198253,2013,"{""type"":""MultiPoint"",""coordinates"":[]}"
1_2_00010000000000000cfa,3090,28315,Of,Turkey,0.8774258515919683,2.108521525647313,27948.460901021925,2013,"{""type"":""MultiPoint"",""coordinates"":[]}"
1_2_00010000000000000cfb,3090,28316,Salpazari,Turkey,0.5453546038265444,1.0525548585677837,5162.4407074624105,2013,"{""type"":""MultiPoint"",""coordinates"":[]}"
1_2_00010000000000000cfc,3090,28317,Surmene,Turkey,0.8120473347379663,1.5354199650462015,11002.775554528664,2013,"{""type"":""MultiPoint"",""coordinates"":[]}"
1_2_00010000000000000cfd,3090,28318,Tonya,Turkey,0.5165797972904306,1.0172400425767871,7919.999709910115,2013,"{""type"":""MultiPoint"",""coordinates"":[]}"
1_2_00010000000000000cfe,3090,28319,Vakfikebir,Turkey,0.8436374825155092,3.4393437147969603,14054.797861452944,2013,"{""type"":""MultiPoint"",""coordinates"":[]}"
1_2_00010000000000000cff,3090,28320,Yomra,Turkey,0.34703118690397944,3.124601317680975,11001.794912230267,2013,"{""type"":""MultiPoint"",""coordinates"":[]}"
1_2_00010000000000000d00,3091,28321,Cemisgezek,Turkey,0.08943744402350669,1.0979495825601315,3288.9663791965986,2013,"{""type"":""MultiPoint"",""coordinates"":[]}"
1_2_00010000000000000d01,3091,28322,Hozat,Turkey,0.03365229636574258,0.9243332427418557,2642.648714935071,2013,"{""type"":""MultiPoint"",""coordinates"":[]}"
1_2_00010000000000000d02,3091,28323,Mazgirt,Turkey,0.1385819822535255,0.5896504772133975,4189.434176385435,2013,"{""type"":""MultiPoint"",""coordinates"":[]}"
1_2_00010000000000000d03,3091,28324,Merkez,Turkey,0.05175768855269093,2.4627001326255047,21793.535556547504,2013,"{""type"":""MultiPoint"",""coordinates"":[]}"
1_2_00010000000000000d04,3091,28325,Nazimiye,Turkey,0.04370973599330879,0.4970004215475088,1417.032805152986,2013,"{""type"":""MultiPoint"",""coordinates"":[]}"
1_2_00010000000000000d05,3091,28326,Ovacik,Turkey,0.015164831022859863,0.4189483509304017,1982.3634654212158,2013,"{""type"":""MultiPoint"",""coordinates"":[]}"
1_2_00010000000000000d06,3091,28327,Pertek,Turkey,0.03572016355017801,0.6048262531263768,4676.825375339674,2013,"{""type"":""MultiPoint"",""coordinates"":[]}"
1_2_00010000000000000d07,3091,28328,Pulumur,Turkey,0.03935571776909004,0.28280738138113637,1135.1016925789188,2013,"{""type"":""MultiPoint"",""coordinates"":[]}"
1_2_00010000000000000d08,3093,28335,Bahcesaray,Turkey,0.2775260536443619,1.956251899819547,3867.060075929498,2013,"{""type"":""MultiPoint"",""coordinates"":[]}"
1_2_00010000000000000d09,3093,28336,Baskale,Turkey,0.2022086100747196,3.07961059460777,26737.786745331498,2013,"{""type"":""MultiPoint"",""coordinates"":[]}"
1_2_00010000000000000d0a,3093,28337,Caldiran,Turkey,0.32208119634757065,3.4026000294723553,28650.61960931321,2013,"{""type"":""MultiPoint"",""coordinates"":[]}"
1_2_00010000000000000d0b,3093,28338,Catak,Turkey,0.17389469809443192,2.3029843643175703,7622.499510878968,2013,"{""type"":""MultiPoint"",""coordinates"":[]}"
1_2_00010000000000000d0c,3093,28339,Edremit,Turkey,0.45338375364670874,0.8755374967609488,7813.464182519328,2013,"{""type"":""MultiPoint"",""coordinates"":[]}"
1_2_00010000000000000d0d,3093,28340,Ercis,Turkey,0.359229683155531,6.013792408486035,122991.03364770785,2013,"{""type"":""MultiPoint"",""coordinates"":[]}"
1_2_00010000000000000d0e,3093,28341,Gevas,Turkey,0.1692037676193729,1.4496297033414725,10787.041569441459,2013,"{""type"":""MultiPoint"",""coordinates"":[]}"
1_2_00010000000000000d0f,3093,28342,Gurpinar,Turkey,0.17508181720210877,1.0068516316544176,14907.232233797495,2013,"{""type"":""MultiPoint"",""coordinates"":[]}"
1_2_00010000000000000d10,3093,28343,Administrative unit not available,Turkey,0.3689107151201341,5.98689345723378,5608.357971033048,2013,"{""type"":""MultiPoint"",""coordinates"":[]}"
1_2_00010000000000000d11,3093,28344,Merkez,Turkey,0.39370849739616925,18.249037986260127,400909.62502674176,2013,"{""type"":""MultiPoint"",""coordinates"":[]}"
1_2_00010000000000000d12,3093,28345,Muradiye,Turkey,0.358439376027171,4.022488393094034,30044.75602579872,2013,"{""type"":""MultiPoint"",""coordinates"":[]}"
1_2_00010000000000000d13,3093,28346,Ozalp,Turkey,0.2967657461119016,2.2896071816341563,30757.472508692153,2013,"{""type"":""MultiPoint"",""coordinates"":[]}"
1_2_00010000000000000d14,3093,28347,Saray,Turkey,0.35757914418885994,2.896080740866434,13214.279842866696,2013,"{""type"":""MultiPoint"",""coordinates"":[]}"
1_2_00010000000000000d15,3095,28354,Akdagmadeni,Turkey,0.11347679192565667,2.474324204685397,39366.33107637603,2013,"{""type"":""MultiPoint"",""coordinates"":[]}"
1_2_00010000000000000d16,3095,28355,Aydincik,Turkey,0.07687936625969351,0.7458487463886089,5639.01020791189,2013,"{""type"":""MultiPoint"",""coordinates"":[]}"
1_2_00010000000000000d17,3095,28357,Candir,Turkey,0.17308462636780694,1.603997508239331,3344.567154215494,2013,"{""type"":""MultiPoint"",""coordinates"":[]}"
1_2_00010000000000000d18,3095,28358,Cayiralan,Turkey,0.18392078700931674,1.484906729246312,8174.258874165938,2013,"{""type"":""MultiPoint"",""coordinates"":[]}"
1_2_00010000000000000d19,3095,28359,Cekerek,Turkey,0.09166098266305452,2.6555742254046315,17204.271948373396,2013,"{""type"":""MultiPoint"",""coordinates"":[]}"
1_2_00010000000000000d1a,3095,28360,Kadisehri,Turkey,0.15016451684520368,0.8810583868436762,7916.705114041771,2013,"{""type"":""MultiPoint"",""coordinates"":[]}"
1_2_00010000000000000d1b,3095,28361,Merkez,Turkey,0.09564844872084917,4.0416206364980045,64016.94381165906,2013,"{""type"":""MultiPoint"",""coordinates"":[]}"
1_2_00010000000000000d1c,3095,28362,Saraykent,Turkey,0.18829229884422555,1.6118405510126304,4909.192169141577,2013,"{""type"":""MultiPoint"",""coordinates"":[]}"
1_2_00010000000000000d1d,3095,28363,Sarikaya,Turkey,0.35776452579401896,2.080125863612022,23638.178655518015,2013,"{""type"":""MultiPoint"",""coordinates"":[]}"
1_2_00010000000000000d1e,3095,28365,Sorgun,Turkey,0.12570872295905766,3.79887836934324,56973.23559434662,2013,"{""type"":""MultiPoint"",""coordinates"":[]}"
1_2_00010000000000000d1f,3096,28368,Alapli,Turkey,1.2502820361188103,5.353772827850745,42430.83919337779,2013,"{""type"":""MultiPoint"",""coordinates"":[]}"
1_2_00010000000000000d20,3096,28369,Caycuma,Turkey,0.8647789675617361,3.9201647341166197,98645.96886779518,2013,"{""type"":""MultiPoint"",""coordinates"":[]}"
1_2_00010000000000000d21,3096,28370,Devrek,Turkey,0.610658895787519,3.254655444739914,53383.93172847897,2013,"{""type"":""MultiPoint"",""coordinates"":[]}"
1_2_00010000000000000d22,3096,28371,Eregli,Turkey,0.7206466364843422,7.058996513940185,127933.72471577326,2013,"{""type"":""MultiPoint"",""coordinates"":[]}"
1_2_00010000000000000d23,3096,28372,Gokcebey,Turkey,0.5607981806037499,1.9667317491276726,17281.307931288367,2013,"{""type"":""MultiPoint"",""coordinates"":[]}"
1_2_00010000000000000d24,3096,28373,Merkez,Turkey,0.7177127554841574,7.814793003711308,180550.3717031109,2013,"{""type"":""MultiPoint"",""coordinates"":[]}"
1_2_00010000000000001b01,1749,18612,At-Bashy,Kyrgyzstan,0.08787558695372971,0.07994590581153359,9993.27644218801,2013,"{""type"":""MultiPoint"",""coordinates"":[]}"
1_2_00010000000000001b02,1752,18628,Jeti-Oguz,Kyrgyzstan,0.3044843281503332,0.26318035318581867,31255.665610411965,2013,"{""type"":""MultiPoint"",""coordinates"":[]}"
1_2_00010000000000001b03,1752,18627,Ak-Suu,Kyrgyzstan,0.2618771385122258,0.23200829858693314,20780.54646777196,2013,"{""type"":""MultiPoint"",""coordinates"":[]}"
1_2_00010000000000001b04,1748,18610,Toktogul,Kyrgyzstan,0.08964535429399313,0.6285590300643331,41706.1235359175,2013,"{""type"":""MultiPoint"",""coordinates"":[]}"
1_2_00010000000000001b05,1752,18629,Tong,Kyrgyzstan,0.10900675553609737,0.2174807196815883,19943.128761127737,2013,"{""type"":""MultiPoint"",""coordinates"":[]}"
1_2_00010000000000001b06,1749,18615,Naryn,Kyrgyzstan,0.07532327488814851,0.5003030289488907,21154.026213627672,2013,"{""type"":""MultiPoint"",""coordinates"":[]}"
1_2_00010000000000001b07,1748,18606,Chatkal,Kyrgyzstan,0.06435810315553134,0.12012878963689343,5779.4802188417225,2013,"{""type"":""MultiPoint"",""coordinates"":[]}"
1_2_00010000000000001b08,1749,18614,Kochkor,Kyrgyzstan,0.12902017342277597,0.1803736676818552,19121.832227745344,2013,"{""type"":""MultiPoint"",""coordinates"":[]}"
1_2_00010000000000001b09,1750,18616,Alay,Kyrgyzstan,0.11631520389524116,0.24561988084159833,15177.917885996929,2013,"{""type"":""MultiPoint"",""coordinates"":[]}"
1_2_00010000000000001b0a,1746,18592,Batken,Kyrgyzstan,0.2184043536086218,0.4984848438576606,29809.245683924586,2013,"{""type"":""MultiPoint"",""coordinates"":[]}"
1_2_00010000000000001b0b,147294,18600,Panfilov,Kyrgyzstan,0.17910114178140338,0.2326108260016745,13701.77585115039,2013,"{""type"":""MultiPoint"",""coordinates"":[]}"
1_2_00010000000000001b0c,147294,18598,Kemin,Kyrgyzstan,0.1792605768865312,0.28685425754305943,18133.153598736615,2013,"{""type"":""MultiPoint"",""coordinates"":[]}"
1_2_00010000000000001b0d,1752,18631,Ysyk-Kol,Kyrgyzstan,0.23821071369424043,0.2567884594498417,34460.123324922926,2013,"{""type"":""MultiPoint"",""coordinates"":[]}"
1_2_00010000000000001b0e,1751,18626,Talas,Kyrgyzstan,0.15282236526356624,0.9108995155675386,47286.70359308658,2013,"{""type"":""MultiPoint"",""coordinates"":[]}"
1_2_00010000000000001b0f,1750,18619,Kara-Kulja,Kyrgyzstan,0.17073659052289972,0.5279778405624755,33443.74220258305,2013,"{""type"":""MultiPoint"",""coordinates"":[]}"
1_2_00010000000000001b10,1749,18611,Ak-Talaa,Kyrgyzstan,0.05368790153876251,0.05912567839113853,5940.492434599084,2013,"{""type"":""MultiPoint"",""coordinates"":[]}"
1_2_00010000000000001b11,1749,18613,Jumgal,Kyrgyzstan,0.09568931349805601,0.08530008047021115,7990.774040889539,2013,"{""type"":""MultiPoint"",""coordinates"":[]}"
1_2_00010000000000001b12,1750,18618,Chong-Alay,Kyrgyzstan,0.05289964497933678,0.10405432966335311,3620.8453716509703,2013,"{""type"":""MultiPoint"",""coordinates"":[]}"
1_2_00010000000000001b13,1748,18609,Toguz-Toro,Kyrgyzstan,0.06637402351931473,0.12131570745862343,5228.868665904182,2013,"{""type"":""MultiPoint"",""coordinates"":[]}"
1_2_00010000000000001b14,1748,18603,Aksy,Kyrgyzstan,0.17966569716355188,1.0208763844357762,62361.902645871596,2013,"{""type"":""MultiPoint"",""coordinates"":[]}"
1_2_00010000000000001b15,1752,18630,Tup,Kyrgyzstan,0.40607405716950923,1.6523953929331054,56010.5370597006,2013,"{""type"":""MultiPoint"",""coordinates"":[]}"
1_2_00010000000000001b16,1750,18621,Nookat,Kyrgyzstan,0.7208301776812825,0.9635814633700959,129014.25585551237,2013,"{""type"":""MultiPoint"",""coordinates"":[]}"
1_2_00010000000000001b17,1750,18622,Ozgon,Kyrgyzstan,0.5921820292100269,1.210215208770049,128225.28874038067,2013,"{""type"":""MultiPoint"",""coordinates"":[]}"
1_2_00010000000000001b18,1748,18608,Suzak,Kyrgyzstan,0.6860533568140273,2.628413698743805,227958.56035064172,2013,"{""type"":""MultiPoint"",""coordinates"":[]}"
1_2_00010000000000001b19,1746,18594,Leylek,Kyrgyzstan,0.2798729321481097,0.5567584947709618,55591.11831543033,2013,"{""type"":""MultiPoint"",""coordinates"":[]}"
1_2_00010000000000001b1a,1750,18620,Kara-Suu,Kyrgyzstan,1.2420797847740346,10.119020849031017,476068.70293627324,2013,"{""type"":""MultiPoint"",""coordinates"":[]}"
1_2_00010000000000001b1b,1748,18605,Bazar-Korgon,Kyrgyzstan,0.4525869716110301,0.9624791052929152,78331.56229318837,2013,"{""type"":""MultiPoint"",""coordinates"":[]}"
1_2_00010000000000001b1c,1748,18604,Ala-Buka,Kyrgyzstan,0.27759435515311903,0.45700876520488637,41141.36678951681,2013,"{""type"":""MultiPoint"",""coordinates"":[]}"
1_2_00010000000000001b1d,1751,18624,Kara-Buura,Kyrgyzstan,0.1729223559244392,0.19799881890355328,19544.05638467466,2013,"{""type"":""MultiPoint"",""coordinates"":[]}"
1_2_00010000000000001b1e,1751,18623,Bakay-Ata,Kyrgyzstan,0.3048860416104213,0.24411334833383924,16766.525921882345,2013,"{""type"":""MultiPoint"",""coordinates"":[]}"
1_2_00010000000000001b1f,1748,18607,Nooken,Kyrgyzstan,0.5613017405293327,1.2671270539549022,108611.59011082938,2013,"{""type"":""MultiPoint"",""coordinates"":[]}"
1_2_00010000000000001b20,147294,18597,Jayyl,Kyrgyzstan,0.2731224597322236,0.4998992209032994,37353.379003658345,2013,"{""type"":""MultiPoint"",""coordinates"":[]}"
1_2_00010000000000001b21,147294,18601,Sokuluk,Kyrgyzstan,0.7344097722750397,0.6659680613553601,88886.39464371094,2013,"{""type"":""MultiPoint"",""coordinates"":[]}"
1_2_00010000000000001b22,147294,18599,Moskva,Kyrgyzstan,0.5460918249880454,0.6558271264289544,49914.00448930814,2013,"{""type"":""MultiPoint"",""coordinates"":[]}"
1_2_00010000000000001b23,147294,18595,Alamudun,Kyrgyzstan,0.5609124411796602,27.095060374990357,855517.6146328,2013,"{""type"":""MultiPoint"",""coordinates"":[]}"
1_2_00010000000000001b24,147294,18596,Chuy,Kyrgyzstan,0.5323721149675859,1.9260354188359325,64748.146678381105,2013,"{""type"":""MultiPoint"",""coordinates"":[]}"
1_2_00010000000000001b25,1751,18625,Manas,Kyrgyzstan,0.46754242043532107,0.5155356242036344,21368.306401537902,2013,"{""type"":""MultiPoint"",""coordinates"":[]}"
1_2_00010000000000001b26,147294,18602,Ysyk-Ata,Kyrgyzstan,0.8277152224983655,0.8540303251875464,92568.35637488106,2013,"{""type"":""MultiPoint"",""coordinates"":[]}"
1_2_00010000000000001b27,1750,18617,Aravan,Kyrgyzstan,1.281464710251546,1.605837358961331,90313.61331878825,2013,"{""type"":""MultiPoint"",""coordinates"":[]}"
1_2_00010000000000001b28,1746,18593,Kadamjay,Kyrgyzstan,0.31627569929884913,0.8897806901198915,81204.44813872992,2013,"{""type"":""MultiPoint"",""coordinates"":[]}"
1_2_00010000000000001ac9,2847,37575,Ishkashimskiy,Tajikistan,0.32408050847291286,0.2799929187343111,7322.8390017130005,2013,"{""type"":""MultiPoint"",""coordinates"":[]}"
1_2_00010000000000001aca,2847,37576,Kalay-Humbskiy,Tajikistan,0.10995641230073329,0.2336034691416952,3148.930957074296,2013,"{""type"":""MultiPoint"",""coordinates"":[]}"
1_2_00010000000000001acb,2847,37577,Murgabskiy,Tajikistan,0.004369542112208307,0.013275160162871861,380.8336620592111,2013,"{""type"":""MultiPoint"",""coordinates"":[]}"
1_2_00010000000000001acc,2847,37578,Roshtkala,Tajikistan,0.07607802588051665,0.3896128391945737,3291.7181259177414,2013,"{""type"":""MultiPoint"",""coordinates"":[]}"
1_2_00010000000000001acd,2847,37579,Rushanskiy,Tajikistan,0.10815754367938302,0.32601235163252773,6649.782269305098,2013,"{""type"":""MultiPoint"",""coordinates"":[]}"
1_2_00010000000000001ace,2847,37580,Shugnanskiy,Tajikistan,0.3666646616645965,3.150490454103999,33040.47407618918,2013,"{""type"":""MultiPoint"",""coordinates"":[]}"
1_2_00010000000000001acf,2847,37581,Vanchskiy,Tajikistan,0.21447499369268458,0.209046827403555,7263.976804660351,2013,"{""type"":""MultiPoint"",""coordinates"":[]}"
1_2_00010000000000001ad0,2848,37582,Baljuan,Tajikistan,0.3275331553705954,0.4999597444724297,21288.169284393858,2013,"{""type"":""MultiPoint"",""coordinates"":[]}"
1_2_00010000000000001ad1,2848,37583,Bokhtar,Tajikistan,2.6212683084434505,3.6133270674259372,300280.6178005269,2013,"{""type"":""MultiPoint"",""coordinates"":[]}"
1_2_00010000000000001ad2,2848,37584,Dangara,Tajikistan,0.4677254373276246,0.9746433772691142,79819.92309675945,2013,"{""type"":""MultiPoint"",""coordinates"":[]}"
1_2_00010000000000001ad3,2848,37585,Ghozimalik,Tajikistan,0.3825182135416124,0.42847962588864164,19280.061158298533,2013,"{""type"":""MultiPoint"",""coordinates"":[]}"
1_2_00010000000000001ad4,2848,37586,Hovaling,Tajikistan,0.2166198064531214,0.5273178386970856,42644.52864534558,2013,"{""type"":""MultiPoint"",""coordinates"":[]}"
1_2_00010000000000001ad5,2848,37587,Jilikul,Tajikistan,0.40707085192137554,0.595703702330765,21603.681278120275,2013,"{""type"":""MultiPoint"",""coordinates"":[]}"
1_2_00010000000000001ad6,2848,37588,Kabodien,Tajikistan,0.8132753966153337,1.717426167127912,125696.35771525551,2013,"{""type"":""MultiPoint"",""coordinates"":[]}"
1_2_00010000000000001ad7,2848,37589,Kolhosobadskiy,Tajikistan,1.1558090605055753,1.2370455376334204,88787.32187806656,2013,"{""type"":""MultiPoint"",""coordinates"":[]}"
1_2_00010000000000001ad8,2848,37590,Kulyab,Tajikistan,3.120117641976415,5.0764585083731575,159979.24286535953,2013,"{""type"":""MultiPoint"",""coordinates"":[]}"
1_2_00010000000000001ad9,2848,37591,Kumsangirskiy,Tajikistan,0.8092277323316249,1.9355834269218521,52366.18466972586,2013,"{""type"":""MultiPoint"",""coordinates"":[]}"
1_2_00010000000000001ada,2848,37592,Kurgan-Tjube,Tajikistan,2.4357905247929312,2.8203294785970656,99624.03843746273,2013,"{""type"":""MultiPoint"",""coordinates"":[]}"
1_2_00010000000000001adb,2848,37593,Moskovskiy,Tajikistan,0.9338930473459309,1.5327224265742663,58579.0997908831,2013,"{""type"":""MultiPoint"",""coordinates"":[]}"
1_2_00010000000000001adc,2848,37594,Muminobod,Tajikistan,0.3482794593349782,1.847457992469758,59164.662328933584,2013,"{""type"":""MultiPoint"",""coordinates"":[]}"
1_2_00010000000000001add,2848,37595,Parharskiy,Tajikistan,0.5318715867243975,1.3131398877072833,61855.070292363605,2013,"{""type"":""MultiPoint"",""coordinates"":[]}"
1_2_00010000000000001ade,2848,37596,Piynjskiy,Tajikistan,1.654285359994316,1.7326825465315976,46618.34985356582,2013,"{""type"":""MultiPoint"",""coordinates"":[]}"
1_2_00010000000000001adf,2848,37597,Shaartuskiy,Tajikistan,0.3041555071276902,0.31268995293816154,17077.608228026285,2013,"{""type"":""MultiPoint"",""coordinates"":[]}"
1_2_00010000000000001ae0,2848,37598,Shurabad,Tajikistan,0.4319136717082347,0.9291669078768646,23156.908545535996,2013,"{""type"":""MultiPoint"",""coordinates"":[]}"
1_2_00010000000000001ae1,2848,37599,Sovetskiy,Tajikistan,0.5920087220722017,1.4029528536269338,36608.587303518725,2013,"{""type"":""MultiPoint"",""coordinates"":[]}"
1_2_00010000000000001ae2,2848,37600,Vahshskiy,Tajikistan,1.882685638609471,3.030718891858417,218163.94285324213,2013,"{""type"":""MultiPoint"",""coordinates"":[]}"
1_2_00010000000000001ae3,2848,37601,Voseysky,Tajikistan,1.4365633369243824,2.3699782235074203,127531.5325918534,2013,"{""type"":""MultiPoint"",""coordinates"":[]}"
1_2_00010000000000001ae4,2848,37602,Yvanskiy,Tajikistan,1.4381343706968956,2.0548368272721813,153392.38263657005,2013,"{""type"":""MultiPoint"",""coordinates"":[]}"
1_2_00010000000000001ae5,2849,37603,Aini,Tajikistan,0.27348404002797694,0.33893361757347273,21217.834844463807,2013,"{""type"":""MultiPoint"",""coordinates"":[]}"
1_2_00010000000000001ae6,2849,37604,Ashtskiy,Tajikistan,0.4216583947274011,0.5124397490843554,70529.89791564638,2013,"{""type"":""MultiPoint"",""coordinates"":[]}"
1_2_00010000000000001ae7,2849,37605,Ganchinskiy,Tajikistan,0.8098847726541899,1.3374776636583074,80488.12658675262,2013,"{""type"":""MultiPoint"",""coordinates"":[]}"
1_2_00010000000000001ae8,2849,37606,Hojenskiy,Tajikistan,1.4491357002345238,6.305771857650856,466546.3139303138,2013,"{""type"":""MultiPoint"",""coordinates"":[]}"
1_2_00010000000000001ae9,2849,37607,Isfarinskiy,Tajikistan,1.626592667866844,3.9465615341795655,171893.6058475481,2013,"{""type"":""MultiPoint"",""coordinates"":[]}"
1_2_00010000000000001aea,2849,37608,Kanibadamskiy,Tajikistan,1.6876950669179411,2.646929579625549,147573.12344138505,2013,"{""type"":""MultiPoint"",""coordinates"":[]}"
1_2_00010000000000001aeb,2849,37609,Kuhistoni Mastchohskiy,Tajikistan,0.13686285234667772,0.1673045769275926,4271.095936960489,2013,"{""type"":""MultiPoint"",""coordinates"":[]}"
1_2_00010000000000001aec,2849,37610,Matchinskiy,Tajikistan,0.7179524633082267,1.0928305338602984,72803.14939328628,2013,"{""type"":""MultiPoint"",""coordinates"":[]}"
1_2_00010000000000001aed,2849,37611,Nauskiy,Tajikistan,1.4071287983991025,2.0983239479476286,86983.93056481265,2013,"{""type"":""MultiPoint"",""coordinates"":[]}"
1_2_00010000000000001aee,2849,37612,Penjikenskiy,Tajikistan,0.6850694764970159,1.7579048050768598,147493.70485791046,2013,"{""type"":""MultiPoint"",""coordinates"":[]}"
1_2_00010000000000001aef,2849,37613,Rasulov,Tajikistan,1.8082722243920355,2.9145438786694315,102175.20651206978,2013,"{""type"":""MultiPoint"",""coordinates"":[]}"
1_2_00010000000000001af0,2849,37614,Shahriston,Tajikistan,0.383073084100659,0.37079817388568437,11168.407432814165,2013,"{""type"":""MultiPoint"",""coordinates"":[]}"
1_2_00010000000000001af1,2849,37615,Ura-Tubinskiy,Tajikistan,1.6238869755760206,2.185699320413559,107663.42845344672,2013,"{""type"":""MultiPoint"",""coordinates"":[]}"
1_2_00010000000000001af2,2849,37616,Zafarobskiy,Tajikistan,0.844166660921958,1.0163252321956175,60362.83594703093,2013,"{""type"":""MultiPoint"",""coordinates"":[]}"
1_2_00010000000000001af3,2850,37617,Darbanskiy,Tajikistan,0.6405545344440067,0.6741633032526856,16684.78932921705,2013,"{""type"":""MultiPoint"",""coordinates"":[]}"
1_2_00010000000000001af4,2850,37618,Faysabadskiy,Tajikistan,0.7813085902747452,1.0521116077529358,43030.03051707196,2013,"{""type"":""MultiPoint"",""coordinates"":[]}"
1_2_00010000000000001af5,2850,37619,Garmskiy,Tajikistan,0.4295605845063406,0.31180445835993603,26624.90163381293,2013,"{""type"":""MultiPoint"",""coordinates"":[]}"
1_2_00010000000000001af6,2850,37620,Gissarskiy,Tajikistan,1.8791124455473158,4.0763521457523595,129574.4642099907,2013,"{""type"":""MultiPoint"",""coordinates"":[]}"
1_2_00010000000000001af7,2850,37621,Jirgatalskiy,Tajikistan,0.3281720919105088,0.5339151745381652,16716.71629051709,2013,"{""type"":""MultiPoint"",""coordinates"":[]}"
1_2_00010000000000001af8,2850,37622,Kofarnohon,Tajikistan,0.9351629075537161,3.2087328419868073,217854.25051794105,2013,"{""type"":""MultiPoint"",""coordinates"":[]}"
1_2_00010000000000001af9,2850,37623,Leninskiy,Tajikistan,1.4747634725419234,23.756727343762307,1063981.593269687,2013,"{""type"":""MultiPoint"",""coordinates"":[]}"
1_2_00010000000000001afa,2850,37624,Nurek,Tajikistan,0.5300866008246355,2.3174206804497435,30788.323605814396,2013,"{""type"":""MultiPoint"",""coordinates"":[]}"
1_2_00010000000000001afb,2850,37625,Rogunsky,Tajikistan,0.4921988725962035,0.46211877048091665,11262.940622582968,2013,"{""type"":""MultiPoint"",""coordinates"":[]}"
1_2_00010000000000001afc,2850,37626,Shahrinav,Tajikistan,0.8737829586868102,2.4813273967760123,40332.50286181182,2013,"{""type"":""MultiPoint"",""coordinates"":[]}"
1_2_00010000000000001afd,2850,37627,Tavildara,Tajikistan,0.09756417181347891,0.14562319123221704,4697.88396194783,2013,"{""type"":""MultiPoint"",""coordinates"":[]}"
1_2_00010000000000001afe,2850,37628,Tojikobod,Tajikistan,0.6086245143937277,0.746540027389107,23763.575326800106,2013,"{""type"":""MultiPoint"",""coordinates"":[]}"
1_2_00010000000000001aff,2850,37629,Tursunzade,Tajikistan,2.375520055861867,3.07154589478048,164284.91604243004,2013,"{""type"":""MultiPoint"",""coordinates"":[]}"
1_2_00010000000000001b00,2850,37630,Varzob,Tajikistan,0.5302160138512949,1.0452015643961836,41727.4660832413,2013,"{""type"":""MultiPoint"",""coordinates"":[]}"
1_2_00010000000000001879,652,6241,Gornjedrinski,Bosnia and Herzegovina,0.15596680466495383,1.092483318092808,18772.331587410372,2013,"{""type"":""MultiPoint"",""coordinates"":[]}"
1_2_0001000000000000187a,652,6243,Posavski,Bosnia and Herzegovina,0.5769782362443512,0.7017390476330693,25540.68181741943,2013,"{""type"":""MultiPoint"",""coordinates"":[]}"
1_2_0001000000000000187b,652,6245,Srednjebosanski,Bosnia and Herzegovina,0.48400336159856927,1.068106984537589,192720.2423587222,2013,"{""type"":""MultiPoint"",""coordinates"":[]}"
1_2_0001000000000000187c,652,6246,Tuzlansko-podrinjski,Bosnia and Herzegovina,0.9689052056246167,1.2511598686887948,368227.3656668952,2013,"{""type"":""MultiPoint"",""coordinates"":[]}"
1_2_0001000000000000187d,652,6247,Unsko-sanski,Bosnia and Herzegovina,0.4069064712680892,0.9313351084020622,202331.74604766644,2013,"{""type"":""MultiPoint"",""coordinates"":[]}"
1_2_0001000000000000187e,652,6250,Zenicko-dobojski,Bosnia and Herzegovina,0.6561712860469706,1.3882648434549045,258654.8191286982,2013,"{""type"":""MultiPoint"",""coordinates"":[]}"
1_2_0001000000000000187f,653,6251,Banja Luka,Bosnia and Herzegovina,0.46671402472494417,2.0414812333140087,142905.46634562535,2013,"{""type"":""MultiPoint"",""coordinates"":[]}"
1_2_00010000000000001880,653,6252,Bijeljina,Bosnia and Herzegovina,0.6722496170623153,1.0069106747661425,81410.6482006429,2013,"{""type"":""MultiPoint"",""coordinates"":[]}"
1_2_00010000000000001881,653,6254,Bosanska Dubica,Bosnia and Herzegovina,0.17964921200406567,0.46878032013201787,15721.439794970685,2013,"{""type"":""MultiPoint"",""coordinates"":[]}"
1_2_00010000000000001882,653,6255,Bosanska Gradiska,Bosnia and Herzegovina,0.3592171632617786,0.56437687455576,39915.6236852099,2013,"{""type"":""MultiPoint"",""coordinates"":[]}"
1_2_00010000000000001883,653,6256,Bosanska Krupa,Bosnia and Herzegovina,0.07453484734023277,0.13062493851613083,1154.5647502545492,2013,"{""type"":""MultiPoint"",""coordinates"":[]}"
1_2_00010000000000001884,653,6257,Bosanski Brod,Bosnia and Herzegovina,0.21031180934898094,0.5839543648139524,8279.090623457407,2013,"{""type"":""MultiPoint"",""coordinates"":[]}"
1_2_00010000000000001885,653,6258,Bosanski Novi,Bosnia and Herzegovina,0.21599458579756287,0.5902998870319763,22631.369835937123,2013,"{""type"":""MultiPoint"",""coordinates"":[]}"
1_2_00010000000000001886,653,6259,Bosanski Petrovac,Bosnia and Herzegovina,0.023068256214784158,0.03699527146262207,52.89288603742151,2013,"{""type"":""MultiPoint"",""coordinates"":[]}"
1_2_00010000000000001887,653,6260,Bosanski Samac,Bosnia and Herzegovina,0.48528314991619265,0.6555512156547748,14586.882053531906,2013,"{""type"":""MultiPoint"",""coordinates"":[]}"
1_2_00010000000000001888,653,6261,Bratunac,Bosnia and Herzegovina,0.34172461798098147,1.1223033779747436,13717.251748514262,2013,"{""type"":""MultiPoint"",""coordinates"":[]}"
1_2_00010000000000001889,653,6262,Brcko,Bosnia and Herzegovina,0.7023317218180809,1.1955739670081211,32019.127722086792,2013,"{""type"":""MultiPoint"",""coordinates"":[]}"
1_2_0001000000000000188a,653,6263,Cajnice,Bosnia and Herzegovina,0.038384846125543555,0.37526908620781807,2960.5967376395524,2013,"{""type"":""MultiPoint"",""coordinates"":[]}"
1_2_0001000000000000188b,653,6264,Celinac,Bosnia and Herzegovina,0.22688231104585352,0.36069237832638507,11613.833380007894,2013,"{""type"":""MultiPoint"",""coordinates"":[]}"
1_2_0001000000000000188c,653,6265,Derventa,Bosnia and Herzegovina,0.23308633518729555,0.47235327710547576,20994.421759219666,2013,"{""type"":""MultiPoint"",""coordinates"":[]}"
1_2_0001000000000000188d,653,6266,Doboj,Bosnia and Herzegovina,0.4208660228557236,0.9321873329114064,55744.56220696317,2013,"{""type"":""MultiPoint"",""coordinates"":[]}"
1_2_0001000000000000188e,653,6267,Donji Vakuf,Bosnia and Herzegovina,0.03662496887147427,0.04060950631207524,28.46523122925529,2013,"{""type"":""MultiPoint"",""coordinates"":[]}"
1_2_0001000000000000188f,653,6270,Glamoc,Bosnia and Herzegovina,0.009590428322553635,1.877222611458614E-4,0.22516046985618626,2013,"{""type"":""MultiPoint"",""coordinates"":[]}"
1_2_00010000000000001890,653,6271,Gorazde,Bosnia and Herzegovina,0.0860215195792683,0.27823210028887735,2143.24623905679,2013,"{""type"":""MultiPoint"",""coordinates"":[]}"
1_2_00010000000000001891,653,6272,Gracanica,Bosnia and Herzegovina,0.26697150908839984,0.7302971453105062,6530.006467487645,2013,"{""type"":""MultiPoint"",""coordinates"":[]}"
1_2_00010000000000001892,653,6273,Gradacac,Bosnia and Herzegovina,0.21093568105766738,0.26728370216802855,6703.281422371683,2013,"{""type"":""MultiPoint"",""coordinates"":[]}"
1_2_00010000000000001893,653,6274,Han Pijesak,Bosnia and Herzegovina,0.027121992734175343,0.19616910843493585,1869.9348254877707,2013,"{""type"":""MultiPoint"",""coordinates"":[]}"
1_2_00010000000000001894,653,6275,Ilidza,Bosnia and Herzegovina,2.2952356719970703,1.750737925827249,8116.022397116758,2013,"{""type"":""MultiPoint"",""coordinates"":[]}"
1_2_00010000000000001895,653,6276,Ilija[,Bosnia and Herzegovina,0.020663490430180467,0.008994452254379125,21.936973338512086,2013,"{""type"":""MultiPoint"",""coordinates"":[]}"
1_2_00010000000000001896,653,6277,Jajce,Bosnia and Herzegovina,0.19427114088629757,0.49678653895082187,1251.879518577858,2013,"{""type"":""MultiPoint"",""coordinates"":[]}"
1_2_00010000000000001897,653,6278,Kalesija,Bosnia and Herzegovina,0.43373151203867605,0.26011874483574304,3761.281087339275,2013,"{""type"":""MultiPoint"",""coordinates"":[]}"
1_2_00010000000000001898,653,6280,Kladanj,Bosnia and Herzegovina,0.0875971715221767,0.032946193433255125,143.4097593862344,2013,"{""type"":""MultiPoint"",""coordinates"":[]}"
1_2_00010000000000001899,653,6281,Kljuc,Bosnia and Herzegovina,0.11674067646272011,0.2099595785209555,3731.366587097738,2013,"{""type"":""MultiPoint"",""coordinates"":[]}"
1_2_0001000000000000189a,653,6283,Kotor Varos,Bosnia and Herzegovina,0.20275880921152703,0.5530157629438627,12299.837636381262,2013,"{""type"":""MultiPoint"",""coordinates"":[]}"
1_2_0001000000000000189b,653,6284,Kupres,Bosnia and Herzegovina,0.05755762716657237,0.07289694454827936,100.44914208119913,2013,"{""type"":""MultiPoint"",""coordinates"":[]}"
1_2_0001000000000000189c,653,6285,Laktasi,Bosnia and Herzegovina,0.40510925655648644,0.7920534334192022,29297.88415513136,2013,"{""type"":""MultiPoint"",""coordinates"":[]}"
1_2_0001000000000000189d,653,6287,Lopare,Bosnia and Herzegovina,0.26495732507858366,0.47171880287086976,13756.003452360046,2013,"{""type"":""MultiPoint"",""coordinates"":[]}"
1_2_0001000000000000189e,653,6288,Lukavac,Bosnia and Herzegovina,0.13639260815503604,0.04796587669929546,82.7384091459507,2013,"{""type"":""MultiPoint"",""coordinates"":[]}"
1_2_0001000000000000189f,653,6289,Maglaj,Bosnia and Herzegovina,0.07509503824015458,0.05647742548729415,518.2642657240087,2013,"{""type"":""MultiPoint"",""coordinates"":[]}"
1_2_000100000000000018a0,653,6290,Modrica,Bosnia and Herzegovina,0.3899613014002809,0.8245401093328367,19303.88843217165,2013,"{""type"":""MultiPoint"",""coordinates"":[]}"
1_2_000100000000000018a1,653,6292,Mrkonji] Grad,Bosnia and Herzegovina,0.14064851330058564,0.4975793874979238,10081.444118280955,2013,"{""type"":""MultiPoint"",""coordinates"":[]}"
1_2_000100000000000018a2,653,6294,Novo Sarajevo,Bosnia and Herzegovina,0.35915740459059353,1.6062176941806967,4897.49398964098,2013,"{""type"":""MultiPoint"",""coordinates"":[]}"
1_2_000100000000000018a3,653,6295,Odzak,Bosnia and Herzegovina,0.46045858953653157,0.43587655437464345,2751.491589611215,2013,"{""type"":""MultiPoint"",""coordinates"":[]}"
1_2_000100000000000018a4,653,6296,Olovo,Bosnia and Herzegovina,0.03084099180996418,0.011222695010414735,68.53619754127796,2013,"{""type"":""MultiPoint"",""coordinates"":[]}"
1_2_000100000000000018a5,653,6297,Orasje,Bosnia and Herzegovina,0.5552827339265232,0.5128367027220894,4475.849814665313,2013,"{""type"":""MultiPoint"",""coordinates"":[]}"
1_2_000100000000000018a6,653,6298,Pale,Bosnia and Herzegovina,0.13922905783754919,0.7770471166650684,14034.987916556829,2013,"{""type"":""MultiPoint"",""coordinates"":[]}"
1_2_000100000000000018a7,653,6299,Prijedor,Bosnia and Herzegovina,0.5460999748001452,0.9186378600423383,71441.89371771921,2013,"{""type"":""MultiPoint"",""coordinates"":[]}"
1_2_000100000000000018a8,653,6300,Prnjavor,Bosnia and Herzegovina,0.29667933126477514,0.4682548333918983,29137.924731804076,2013,"{""type"":""MultiPoint"",""coordinates"":[]}"
1_2_000100000000000018a9,653,6301,Rogatica,Bosnia and Herzegovina,0.04283686656273475,0.3787935644085914,7152.11890209151,2013,"{""type"":""MultiPoint"",""coordinates"":[]}"
1_2_000100000000000018aa,653,6302,Rudo,Bosnia and Herzegovina,0.18884648627513734,0.8586956105009427,5654.744095096101,2013,"{""type"":""MultiPoint"",""coordinates"":[]}"
1_2_000100000000000018ab,653,6303,Sanski Most,Bosnia and Herzegovina,0.06443703434629142,0.10244658248117043,1451.4729572254294,2013,"{""type"":""MultiPoint"",""coordinates"":[]}"
1_2_000100000000000018ac,653,6304,Sekovici,Bosnia and Herzegovina,0.16407334833769277,0.2694370856687313,4670.333737716587,2013,"{""type"":""MultiPoint"",""coordinates"":[]}"
1_2_000100000000000018ad,653,6305,Sipovo,Bosnia and Herzegovina,0.13972100701045106,0.47163139936112247,6441.418253511293,2013,"{""type"":""MultiPoint"",""coordinates"":[]}"
1_2_000100000000000018ae,653,6306,Sokolac,Bosnia and Herzegovina,0.04213464175121728,0.45148189569694636,8042.177609576535,2013,"{""type"":""MultiPoint"",""coordinates"":[]}"
1_2_000100000000000018af,653,6307,Srbac,Bosnia and Herzegovina,0.2041411175880725,0.32433376165385647,12166.72860507854,2013,"{""type"":""MultiPoint"",""coordinates"":[]}"
1_2_000100000000000018b0,653,6308,Srebrenica,Bosnia and Herzegovina,0.10910284633923635,0.2506831557541677,6082.74073423073,2013,"{""type"":""MultiPoint"",""coordinates"":[]}"
1_2_000100000000000018b1,653,6309,Stari Grad,Bosnia and Herzegovina,0.06848562417264072,0.12042717099585941,783.7691215599867,2013,"{""type"":""MultiPoint"",""coordinates"":[]}"
1_2_000100000000000018b2,653,6311,Tesanj,Bosnia and Herzegovina,0.535441383287571,0.342704694535571,2207.8926282428065,2013,"{""type"":""MultiPoint"",""coordinates"":[]}"
1_2_000100000000000018b3,653,6312,Teslic,Bosnia and Herzegovina,0.26491698979297007,0.6718402460212968,26808.73014481671,2013,"{""type"":""MultiPoint"",""coordinates"":[]}"
1_2_000100000000000018b4,653,6313,Titov Drvar,Bosnia and Herzegovina,0.0197185432272298,0.014358547149090071,23.10128955381886,2013,"{""type"":""MultiPoint"",""coordinates"":[]}"
1_2_000100000000000018b5,653,6314,Travnik,Bosnia and Herzegovina,0.045711145959398534,0.019023865120305506,47.17959067185279,2013,"{""type"":""MultiPoint"",""coordinates"":[]}"
1_2_000100000000000018b6,653,6316,Trnovo,Bosnia and Herzegovina,0.08568414124835408,0.6426134358378054,1925.6100178954784,2013,"{""type"":""MultiPoint"",""coordinates"":[]}"
1_2_000100000000000018b7,653,6317,Tuzla,Bosnia and Herzegovina,0.13533678899208704,0.07252826696173632,68.14208510079803,2013,"{""type"":""MultiPoint"",""coordinates"":[]}"
1_2_000100000000000018b8,653,6318,Ugljevik,Bosnia and Herzegovina,0.45371466807471694,0.646196789764311,14693.91341299614,2013,"{""type"":""MultiPoint"",""coordinates"":[]}"
1_2_000100000000000018b9,653,6319,Visegrad,Bosnia and Herzegovina,0.10784927092584375,0.46928744175851367,7247.005172869485,2013,"{""type"":""MultiPoint"",""coordinates"":[]}"
1_2_000100000000000018ba,653,6320,Vlasenica,Bosnia and Herzegovina,0.15113854843669244,0.7569639023937125,17101.9401924869,2013,"{""type"":""MultiPoint"",""coordinates"":[]}"
1_2_000100000000000018bb,653,6321,Zvornik,Bosnia and Herzegovina,0.7805837932487061,1.0115518251251048,46153.45056982507,2013,"{""type"":""MultiPoint"",""coordinates"":[]}"
2_00000000000000000cd6,2107,147350,El Hajeb,Morocco,0.7302857150960308,6.636105318691065,204378.52616129656,2014,"{""type"":""MultiPoint"",""coordinates"":[]}"
2_00000000000000000cd7,2107,147351,Meknès,Morocco,1.41463073038028,25.647582436700176,604493.7117943587,2014,"{""type"":""MultiPoint"",""coordinates"":[]}"
2_00000000000000000cda,2109,147352,Berkane Taourirt,Morocco,0.3852772095843864,10.957300507306664,355456.29102252185,2014,"{""type"":""MultiPoint"",""coordinates"":[]}"
2_00000000000000000cdb,2109,147353,Jerada,Morocco,0.08302319806375429,5.080504676617091,55591.65919154906,2014,"{""type"":""MultiPoint"",""coordinates"":[]}"
2_00000000000000000cdc,2109,147354,Oujda Angad,Morocco,0.27929392139028486,21.232248950902296,457698.3238875661,2014,"{""type"":""MultiPoint"",""coordinates"":[]}"
2_00000000000000000cdf,147326,147339,Ben Slimane,Morocco,0.24316174706639027,4.4895054466414015,250407.4496341062,2014,"{""type"":""MultiPoint"",""coordinates"":[]}"
2_00000000000000000ce3,147328,147340,Fès,Morocco,0.8275561462162052,56.453509227334834,548470.794217643,2014,"{""type"":""MultiPoint"",""coordinates"":[]}"
2_00000000000000000ce4,147328,147341,Sefrou,Morocco,0.4163504156335918,11.14464256968777,182793.69891429003,2014,"{""type"":""MultiPoint"",""coordinates"":[]}"
2_00000000000000000ce5,147328,147342,Zouagha-Moulay Yacoub,Morocco,1.4385748009260344,24.599983713369713,511351.973145232,2014,"{""type"":""MultiPoint"",""coordinates"":[]}"
2_00000000000000000ce8,147330,147343,Casablanca,Morocco,9.814995905784022,68.39188532313673,3342853.7311994317,2014,"{""type"":""MultiPoint"",""coordinates"":[]}"
2_00000000000000000ce9,147330,147344,Mohammedia,Morocco,37.76023784483705,19.183213225059248,190609.45339034597,2014,"{""type"":""MultiPoint"",""coordinates"":[]}"
2_00000000000000000cec,147331,147345,Assa-Zag,Morocco,0.038504513884395485,0.4835352027237611,1589.459743656258,2014,"{""type"":""MultiPoint"",""coordinates"":[]}"
2_00000000000000000ced,147331,147346,Guelmim,Morocco,0.21514017534169863,10.402351138243018,115814.17056769218,2014,"{""type"":""MultiPoint"",""coordinates"":[]}"
2_00000000000000000cf1,147333,147347,Al Haouz,Morocco,1.1165215318193464,3.3660058876048127,238423.20898119756,2014,"{""type"":""MultiPoint"",""coordinates"":[]}"
2_00000000000000000cf2,147333,147348,Chichaoua,Morocco,0.3578981999771273,2.9499169819508078,137065.9244370102,2014,"{""type"":""MultiPoint"",""coordinates"":[]}"
2_00000000000000000cf3,147333,147349,Marrakech,Morocco,1.2203900789081545,36.624970818039984,1098470.5338519542,2014,"{""type"":""MultiPoint"",""coordinates"":[]}"
2_00000000000000000cf7,147334,147355,Skhirate-Témara,Morocco,0.425332936232662,20.073137819683676,533804.3120808594,2014,"{""type"":""MultiPoint"",""coordinates"":[]}"
2_00000000000000000cfa,147335,147356,Agadir-Ida ou Tanane,Morocco,1.3630497321292063,20.248679453654187,580203.4909312987,2014,"{""type"":""MultiPoint"",""coordinates"":[]}"
2_00000000000000000cfb,147335,147357,Chtouka-Aït Baha,Morocco,0.7044848682829222,4.679103074510924,256330.66096321555,2014,"{""type"":""MultiPoint"",""coordinates"":[]}"
2_00000000000000000cfc,147335,147358,Inezgane-Aït Melloul,Morocco,3.4565589711127336,25.481336288799703,329769.27919089847,2014,"{""type"":""MultiPoint"",""coordinates"":[]}"
2_00000000000000000cfd,147335,147359,Ouarzazate,Morocco,0.13796068574457968,3.7844202139918477,320095.26138267823,2014,"{""type"":""MultiPoint"",""coordinates"":[]}"
2_00000000000000000cfe,147335,147360,Zagora,Morocco,1.1140723394103917,5.872737869606166,52158.02482081335,2014,"{""type"":""MultiPoint"",""coordinates"":[]}"
2_00000000000000000d04,147337,147361,Fahs Anjra,Morocco,0.6945154332336734,44.31194781438905,413559.12082924356,2014,"{""type"":""MultiPoint"",""coordinates"":[]}"
2_00000000000000000d05,147337,147362,Tanger-Assilah,Morocco,0.6835029059566877,25.292704413097606,491214.6366816292,2014,"{""type"":""MultiPoint"",""coordinates"":[]}"
2_00000000000000002068,1701,65716,Ajloon,Jordan,2.0634487904316936,2.3132301708079788,89702.7464127111,2014,"{""type"":""MultiPoint"",""coordinates"":[]}"
2_00000000000000002069,1703,65718,Wadi Araba,Jordan,0.02560682493092967,0.031518284496292084,366.14869967189935,2014,"{""type"":""MultiPoint"",""coordinates"":[]}"
2_0000000000000000206a,1702,65722,Al-Salt,Jordan,3.43521883467522,4.111368643414839,79901.89978462164,2014,"{""type"":""MultiPoint"",""coordinates"":[]}"
2_0000000000000000206b,1707,65740,Irbid,Jordan,8.628806681813671,13.247263639412067,394336.87499925296,2014,"{""type"":""MultiPoint"",""coordinates"":[]}"
2_0000000000000000206c,1704,65724,Al-Qaser,Jordan,1.091992275372065,1.8900096009375589,14567.750922145737,2014,"{""type"":""MultiPoint"",""coordinates"":[]}"
2_0000000000000000206d,1704,65725,Al-Qatraneh,Jordan,0.0665923602714262,0.13015531205864128,1868.7128024844308,2014,"{""type"":""MultiPoint"",""coordinates"":[]}"
2_0000000000000000206e,1709,65744,Ma'an,Jordan,0.08745388510747265,1.1621552202705419,21075.64986546835,2014,"{""type"":""MultiPoint"",""coordinates"":[]}"
2_0000000000000000206f,1710,65745,Madaba,Jordan,0.8659251993504731,6.882801418636885,97639.46808137483,2014,"{""type"":""MultiPoint"",""coordinates"":[]}"
2_00000000000000002070,1710,65746,Theeban,Jordan,0.7830854791745466,1.128927693291116,18478.751578307143,2014,"{""type"":""MultiPoint"",""coordinates"":[]}"
2_00000000000000002071,1711,65728,Al-ruwaished,Jordan,0.07571277372328993,0.3777357778221095,9752.340280893573,2014,"{""type"":""MultiPoint"",""coordinates"":[]}"
2_00000000000000002072,1711,65729,Bal'ama,Jordan,0.7175843371148954,0.8862996162596614,42055.01233645734,2014,"{""type"":""MultiPoint"",""coordinates"":[]}"
2_00000000000000002073,1706,65735,Tafiela,Jordan,0.43201498735503246,2.137385303850332,31600.762547576174,2014,"{""type"":""MultiPoint"",""coordinates"":[]}"
2_00000000000000002074,1712,65736,Al-Hashimiya,Jordan,0.04438701717637185,0.38586057401186524,4566.391787354089,2014,"{""type"":""MultiPoint"",""coordinates"":[]}"
2_00000000000000002075,1711,65731,Sabha,Jordan,0.40596299938892183,1.0858267663153747,20849.53702513431,2014,"{""type"":""MultiPoint"",""coordinates"":[]}"
2_00000000000000002076,1712,65738,Zarqa,Jordan,2.234104484997044,12.80535937567149,479597.85408197244,2014,"{""type"":""MultiPoint"",""coordinates"":[]}"
2_00000000000000002077,1711,65730,Mafraq,Jordan,0.9361544232834894,3.074220493779666,135849.96131886126,2014,"{""type"":""MultiPoint"",""coordinates"":[]}"
2_00000000000000002078,1711,65732,Sama Al-Serhan,Jordan,0.8422189919939004,1.6263319795143678,32329.68268437597,2014,"{""type"":""MultiPoint"",""coordinates"":[]}"
2_00000000000000002079,1707,65739,Al-Wasatiya,Jordan,3.941498197552609,3.3701168586681614,24646.838927715893,2014,"{""type"":""MultiPoint"",""coordinates"":[]}"
2_0000000000000000207a,1701,65715,Kufranjeh,Jordan,2.6890706383209215,2.8515802182190035,25563.22779314448,2014,"{""type"":""MultiPoint"",""coordinates"":[]}"
2_0000000000000000207b,1702,65720,Al-Ardha,Jordan,1.1574643233726765,1.4825687120214162,7191.843902051684,2014,"{""type"":""MultiPoint"",""coordinates"":[]}"
2_0000000000000000207c,1702,65721,Zay,Jordan,6.932680404783984,3.2741743519666735,24536.06641339251,2014,"{""type"":""MultiPoint"",""coordinates"":[]}"
2_0000000000000000207d,1702,65719,Mahes & Fhais,Jordan,0.9535452890129543,0.7682196897768624,9260.750691899484,2014,"{""type"":""MultiPoint"",""coordinates"":[]}"
2_0000000000000000207e,1702,65723,Ira & Yarqa,Jordan,1.9677929906150045,1.7248531362402681,14720.865359614882,2014,"{""type"":""MultiPoint"",""coordinates"":[]}"
2_0000000000000000207f,1712,65737,Al-Dhilail,Jordan,0.5577700004436972,0.9807505529174275,11920.325847318076,2014,"{""type"":""MultiPoint"",""coordinates"":[]}"
2_00000000000000002080,1704,65726,Faqooa',Jordan,1.1590078078734674,1.636401465368503,8617.737681227276,2014,"{""type"":""MultiPoint"",""coordinates"":[]}"
2_00000000000000002081,1704,36739,Ayy,Jordan,1.7799077147274263,2.070786434543129,6909.723453173158,2014,"{""type"":""MultiPoint"",""coordinates"":[]}"
2_00000000000000002082,1704,65727,Karak,Jordan,1.4386954562052332,2.8320287335175838,57162.23220226242,2014,"{""type"":""MultiPoint"",""coordinates"":[]}"
2_00000000000000002083,1706,65733,Al-Hasa,Jordan,0.11322749458675885,0.264149286131052,2458.612295276471,2014,"{""type"":""MultiPoint"",""coordinates"":[]}"
2_00000000000000002084,1706,65734,Bsaira,Jordan,1.2814586196626936,2.2583803140271197,13248.473586367507,2014,"{""type"":""MultiPoint"",""coordinates"":[]}"
2_00000000000000002085,1703,65717,Aqaba,Jordan,1.3127873314287355,3.3725770487317943,66600.31568390044,2014,"{""type"":""MultiPoint"",""coordinates"":[]}"
2_00000000000000002086,1709,65743,Ail,Jordan,0.2148704967647791,0.22563300486997556,2406.5709907071187,2014,"{""type"":""MultiPoint"",""coordinates"":[]}"
2_00000000000000002087,1709,65741,Al-Mraigha,Jordan,0.3992451830836367,0.4420242118787719,3476.9066910984184,2014,"{""type"":""MultiPoint"",""coordinates"":[]}"
2_00000000000000002088,1709,65742,Al-Jafer,Jordan,0.25774202169030686,0.4357692877123309,2996.3360027109798,2014,"{""type"":""MultiPoint"",""coordinates"":[]}"
2_00000000000000000cd3,2107,21792,Errachidia,Morocco,0.7316094327427108,5.815646579382758,289226.8341601018,2014,"{""type"":""MultiPoint"",""coordinates"":[]}"
2_00000000000000000cd4,2107,21793,Ifrane,Morocco,0.7367734081551511,9.203040894964792,83342.5681919008,2014,"{""type"":""MultiPoint"",""coordinates"":[]}"
2_00000000000000000cd5,2107,21794,Khénifra,Morocco,0.2605053137969648,12.705865015533247,279391.7115298225,2014,"{""type"":""MultiPoint"",""coordinates"":[]}"
2_00000000000000000cd8,2109,21818,Figuig,Morocco,0.19554444602150733,7.8007509484264625,51462.96640120815,2014,"{""type"":""MultiPoint"",""coordinates"":[]}"
2_00000000000000000cd9,2109,21819,Nador,Morocco,0.42506253242709957,7.726906541925621,536747.821463968,2014,"{""type"":""MultiPoint"",""coordinates"":[]}"
2_00000000000000000cdd,147326,21805,Khouribga,Morocco,0.24883311592740814,9.521882004068612,419464.30453042267,2014,"{""type"":""MultiPoint"",""coordinates"":[]}"
2_00000000000000000cde,147326,21806,Settat,Morocco,0.405604646490034,5.262201438710501,802506.1172908319,2014,"{""type"":""MultiPoint"",""coordinates"":[]}"
2_00000000000000000ce0,147327,21804,El Jadida,Morocco,0.7172309224042851,5.775144678552149,862890.0394822811,2014,"{""type"":""MultiPoint"",""coordinates"":[]}"
2_00000000000000000ce1,147327,21832,Safi,Morocco,0.4411020292662249,7.138637556727997,638472.6917015332,2014,"{""type"":""MultiPoint"",""coordinates"":[]}"
2_00000000000000000ce2,147328,21788,Boulemane,Morocco,0.6218675174147601,4.435631773974521,75036.30939188394,2014,"{""type"":""MultiPoint"",""coordinates"":[]}"
2_00000000000000000ce6,147329,21809,Kénitra,Morocco,0.9701184516801222,12.799758117060218,911248.6093882159,2014,"{""type"":""MultiPoint"",""coordinates"":[]}"
2_00000000000000000ce7,147329,21814,Sidi Kacem,Morocco,1.38455637246609,8.303235167880057,364184.2082472249,2014,"{""type"":""MultiPoint"",""coordinates"":[]}"
2_00000000000000000cea,147331,21825,Tan-Tan,Morocco,0.1362051758834575,8.580313876280423,12554.25628355823,2014,"{""type"":""MultiPoint"",""coordinates"":[]}"
2_00000000000000000ceb,147331,21827,Tata,Morocco,0.014211651135160104,1.8392185709086601,35636.08174875101,2014,"{""type"":""MultiPoint"",""coordinates"":[]}"
2_00000000000000000cee,147332,21823,Laâyoune,Morocco,0.014555609516132646,2.4408674933722923,4976.920090153781,2014,"{""type"":""MultiPoint"",""coordinates"":[]}"
2_00000000000000000cef,147333,21829,El Kelaâ des Sraghna,Morocco,0.359238641440434,4.8702314643866425,516533.77958340244,2014,"{""type"":""MultiPoint"",""coordinates"":[]}"
2_00000000000000000cf0,147333,21830,Essaouira,Morocco,0.7072976647642231,3.1039551788130244,169546.21918379192,2014,"{""type"":""MultiPoint"",""coordinates"":[]}"
2_00000000000000000cf4,147334,21810,Khémisset,Morocco,0.3312565202883263,12.096509658944306,325736.9159058865,2014,"{""type"":""MultiPoint"",""coordinates"":[]}"
2_00000000000000000cf5,147334,21812,Rabat,Morocco,21.027355791326457,51.25362848818974,579876.3412863795,2014,"{""type"":""MultiPoint"",""coordinates"":[]}"
2_00000000000000000cf6,147334,21813,Salé,Morocco,0.5257683163731066,41.07417344930039,648736.7478686763,2014,"{""type"":""MultiPoint"",""coordinates"":[]}"
2_00000000000000000cf8,147335,21826,Taroudannt,Morocco,0.37942933574780136,4.012546580704955,436263.66609547724,2014,"{""type"":""MultiPoint"",""coordinates"":[]}"
2_00000000000000000cf9,147335,21828,Tiznit,Morocco,0.1898148425334487,3.036633192244973,185314.85982783476,2014,"{""type"":""MultiPoint"",""coordinates"":[]}"
2_00000000000000000cff,147336,21799,Azilal,Morocco,0.8737836472524528,5.1031890583102095,231016.85148004408,2014,"{""type"":""MultiPoint"",""coordinates"":[]}"
2_00000000000000000d00,147336,21802,Béni Mellal,Morocco,0.44238983338643084,8.271039413427367,742274.494172918,2014,"{""type"":""MultiPoint"",""coordinates"":[]}"
2_00000000000000000d01,147337,21808,Chefchaouen,Morocco,1.2425370119895878,4.9606736818790225,180790.02065457235,2014,"{""type"":""MultiPoint"",""coordinates"":[]}"
2_00000000000000000d02,147337,21811,Larache,Morocco,0.8136017659063302,13.041157875090105,306409.0645386829,2014,"{""type"":""MultiPoint"",""coordinates"":[]}"
2_00000000000000000d03,147337,21817,Tétouan,Morocco,0.43724726171241696,16.28585467464725,525452.0477338666,2014,"{""type"":""MultiPoint"",""coordinates"":[]}"
2_00000000000000000d06,147338,21787,Al Hoceïma,Morocco,1.226456824633359,9.200271544938268,223450.25972706487,2014,"{""type"":""MultiPoint"",""coordinates"":[]}"
2_00000000000000000d07,147338,21790,Taounate,Morocco,0.7415823492966878,3.1864019104902166,229142.49994830907,2014,"{""type"":""MultiPoint"",""coordinates"":[]}"
2_00000000000000000d08,147338,21791,Taza,Morocco,0.3815899243318703,9.472036876267694,344122.9805881757,2014,"{""type"":""MultiPoint"",""coordinates"":[]}"
2_0000000000000000204f,1705,36719,Al-Muwaqar,Jordan,0.4340676391742665,1.5664477438110895,28909.689173058974,2014,"{""type"":""MultiPoint"",""coordinates"":[]}"
2_00000000000000002050,1705,36715,Al-Jeeza,Jordan,0.18420216037298143,0.7236893902695758,35567.77485032233,2014,"{""type"":""MultiPoint"",""coordinates"":[]}"
2_00000000000000002051,1705,36717,Amman,Jordan,93.78188127108231,18.853714176117865,585601.2162165103,2014,"{""type"":""MultiPoint"",""coordinates"":[]}"
2_00000000000000002052,1705,36714,Jami'ah,Jordan,18.246727864006512,11.604751047706149,295040.9974633741,2014,"{""type"":""MultiPoint"",""coordinates"":[]}"
2_00000000000000002053,1705,36718,Marka,Jordan,25.209847059511084,30.175690462622487,507602.95697465976,2014,"{""type"":""MultiPoint"",""coordinates"":[]}"
2_00000000000000002054,1705,36720,Na'oor,Jordan,2.5663348809413713,3.3488189477705643,64967.8151608396,2014,"{""type"":""MultiPoint"",""coordinates"":[]}"
2_00000000000000002055,1705,36716,Qwaismeh,Jordan,16.227830327618094,10.122490466685388,271933.2490960672,2014,"{""type"":""MultiPoint"",""coordinates"":[]}"
2_00000000000000002056,1705,36721,Sahab,Jordan,0.6847146843037545,6.227518882998055,53415.796044152055,2014,"{""type"":""MultiPoint"",""coordinates"":[]}"
2_00000000000000002057,1705,36722,Wadisseer,Jordan,6.746747486703169,12.648162910694003,183203.71856145846,2014,"{""type"":""MultiPoint"",""coordinates"":[]}"
2_00000000000000002058,1703,36724,Al-Qwaira,Jordan,0.19537113616606935,0.30935814441965,4863.189409608825,2014,"{""type"":""MultiPoint"",""coordinates"":[]}"
2_00000000000000002059,1702,36728,Al-Ruseifa,Jordan,1.4301561743654847,30.054407179560943,310026.303326456,2014,"{""type"":""MultiPoint"",""coordinates"":[]}"
2_0000000000000000205a,1702,36726,Al-Shoona Al-Janoobiya,Jordan,1.6557097049315894,1.9185769376106534,48155.917283251096,2014,"{""type"":""MultiPoint"",""coordinates"":[]}"
2_0000000000000000205b,1702,36725,Dair Ala,Jordan,8.374690380964905,9.1948260082933,137397.56787546418,2014,"{""type"":""MultiPoint"",""coordinates"":[]}"
2_0000000000000000205c,1707,36730,Al-Aghwar Al-Shimaliya,Jordan,2.0609104589181997,4.186072797383744,109769.32799844928,2014,"{""type"":""MultiPoint"",""coordinates"":[]}"
2_0000000000000000205d,1707,36735,Al-Koora,Jordan,4.065434621423989,3.138151971016268,46163.16296464112,2014,"{""type"":""MultiPoint"",""coordinates"":[]}"
2_0000000000000000205e,1707,36736,Al-Mazar Al-Shimali,Jordan,3.679066050223018,3.3083592116968945,29226.522359834937,2014,"{""type"":""MultiPoint"",""coordinates"":[]}"
2_0000000000000000205f,1707,36731,Al-Ramtha,Jordan,2.8110928597090665,2.4444461919096905,72715.22311265273,2014,"{""type"":""MultiPoint"",""coordinates"":[]}"
2_00000000000000002060,1707,36729,Al-Teeba,Jordan,2.8100375232244303,2.9650391100438203,87935.22390622513,2014,"{""type"":""MultiPoint"",""coordinates"":[]}"
2_00000000000000002061,1707,36734,Beni Kinana,Jordan,3.9374336822985287,3.568511664120664,90469.8192869364,2014,"{""type"":""MultiPoint"",""coordinates"":[]}"
2_00000000000000002062,1707,36732,Beni Obaid,Jordan,2.8728241955726905,4.445547955749331,98854.40019135969,2014,"{""type"":""MultiPoint"",""coordinates"":[]}"
2_00000000000000002063,1708,36737,Jarash,Jordan,2.312796832041022,3.8197387605534887,159346.0799041627,2014,"{""type"":""MultiPoint"",""coordinates"":[]}"
2_00000000000000002064,1704,36738,Al-Aghwar Al-Janoobiya,Jordan,0.46769419880484125,1.2606751552979543,17975.358157887462,2014,"{""type"":""MultiPoint"",""coordinates"":[]}"
2_00000000000000002065,1704,36741,Al-Mazar Al-Janoobi,Jordan,1.062533765825337,3.8313728995695877,48459.654618785346,2014,"{""type"":""MultiPoint"",""coordinates"":[]}"
2_00000000000000002066,1709,36745,Al-Shobak,Jordan,0.35187871313119734,0.393863635908093,5930.744614086545,2014,"{""type"":""MultiPoint"",""coordinates"":[]}"
2_00000000000000002067,1709,36746,Wadi Moosa,Jordan,0.811284859884249,2.760105392578317,19021.692313591662,2014,"{""type"":""MultiPoint"",""coordinates"":[]}"
2_000000000000000021ad,25350,47603,Administrative unit not available,Montenegro,0.08592495394445394,0.2661957865692358,2889.8019096408607,2014,"{""type"":""MultiPoint"",""coordinates"":[]}"
2_000000000000000021ae,25351,47604,Administrative unit not available,Montenegro,0.7024663088609858,1.4766807669333777,24877.081191144178,2014,"{""type"":""MultiPoint"",""coordinates"":[]}"
2_000000000000000021af,25352,47605,Administrative unit not available,Montenegro,0.20234003123420788,1.2818060991089912,20192.015676811112,2014,"{""type"":""MultiPoint"",""coordinates"":[]}"
2_000000000000000021b0,25353,47606,Administrative unit not available,Montenegro,0.7808501590996875,2.002096013787035,18335.236070569783,2014,"{""type"":""MultiPoint"",""coordinates"":[]}"
2_000000000000000021b1,25354,47607,Administrative unit not available,Montenegro,1.7353142683962393,1.165324697651016,12379.463709637,2014,"{""type"":""MultiPoint"",""coordinates"":[]}"
2_000000000000000021b2,25355,47608,Administrative unit not available,Montenegro,0.3572514819454794,0.8755725786061702,11453.015457613825,2014,"{""type"":""MultiPoint"",""coordinates"":[]}"
2_000000000000000021b3,25356,47609,Administrative unit not available,Montenegro,0.4537997655493146,0.9897425141139369,10136.229086474817,2014,"{""type"":""MultiPoint"",""coordinates"":[]}"
2_000000000000000021b4,25357,47610,Administrative unit not available,Montenegro,0.9859062767211065,1.6795119958733398,15037.568061180875,2014,"{""type"":""MultiPoint"",""coordinates"":[]}"
2_000000000000000021b5,25358,47611,Administrative unit not available,Montenegro,0.07435326503605402,0.35995139651030594,2726.3897196861053,2014,"{""type"":""MultiPoint"",""coordinates"":[]}"
2_000000000000000021b6,25359,47612,Administrative unit not available,Montenegro,0.8588267961024226,1.0197919526180483,7057.538722285419,2014,"{""type"":""MultiPoint"",""coordinates"":[]}"
2_000000000000000021b7,25360,47613,Administrative unit not available,Montenegro,0.6176916808046914,0.8208491923265061,2691.609184599872,2014,"{""type"":""MultiPoint"",""coordinates"":[]}"
2_000000000000000021b8,25361,47614,Administrative unit not available,Montenegro,0.20357313995948778,1.7054887114674295,37196.15927562396,2014,"{""type"":""MultiPoint"",""coordinates"":[]}"
2_000000000000000021b9,25362,47615,Administrative unit not available,Montenegro,0.24232307008282697,0.5691777989702903,6865.26605041301,2014,"{""type"":""MultiPoint"",""coordinates"":[]}"
2_000000000000000021ba,25363,47616,Administrative unit not available,Montenegro,0.17130255218948623,1.2731795655466207,12748.070127181853,2014,"{""type"":""MultiPoint"",""coordinates"":[]}"
2_000000000000000021bb,25364,47617,Administrative unit not available,Montenegro,0.017632319534255026,0.06782854588977669,343.18003858647256,2014,"{""type"":""MultiPoint"",""coordinates"":[]}"
2_000000000000000021bc,25365,47618,Administrative unit not available,Montenegro,1.1569713930232235,2.489631826893027,126381.74825029226,2014,"{""type"":""MultiPoint"",""coordinates"":[]}"
2_000000000000000021bd,25366,47619,Administrative unit not available,Montenegro,0.7161820973226681,1.913485060313738,8204.21605799207,2014,"{""type"":""MultiPoint"",""coordinates"":[]}"
2_000000000000000021be,25367,47620,Administrative unit not available,Montenegro,0.02530147260658927,0.10036419056562078,267.1217913365521,2014,"{""type"":""MultiPoint"",""coordinates"":[]}"
2_000000000000000021bf,25368,47621,Administrative unit not available,Montenegro,0.9531640032736155,1.3222761744508533,12148.322188542408,2014,"{""type"":""MultiPoint"",""coordinates"":[]}"
2_000000000000000021c0,25369,47622,Administrative unit not available,Montenegro,0.5230768454173281,0.7445234840442336,9886.799176033252,2014,"{""type"":""MultiPoint"",""coordinates"":[]}"
2_000000000000000021c1,25370,47623,Administrative unit not available,Montenegro,0.034945134665049275,0.22323922415121605,1973.225014749638,2014,"{""type"":""MultiPoint"",""coordinates"":[]}"
2_00000000000000002373,652,6242,Neretvljanski,Bosnia and Herzegovina,0.2338968463149414,0.9726319122913502,149051.7565833254,2014,"{""type"":""MultiPoint"",""coordinates"":[]}"
2_00000000000000002374,652,6244,Sarajevo,Bosnia and Herzegovina,0.10237081757079527,7.92270612795172,350429.44229832874,2014,"{""type"":""MultiPoint"",""coordinates"":[]}"
2_00000000000000002375,652,6248,Zapadnobosanski,Bosnia and Herzegovina,0.13990215140209528,0.5838747213121863,46794.069667296586,2014,"{""type"":""MultiPoint"",""coordinates"":[]}"
2_00000000000000002376,652,6249,Zapadnohercegovacki,Bosnia and Herzegovina,0.3906968663153964,0.7748108622849035,75985.76233968978,2014,"{""type"":""MultiPoint"",""coordinates"":[]}"
2_00000000000000002377,653,6253,Bileca,Bosnia and Herzegovina,0.04242633613506048,0.46110305126120943,6703.835649489312,2014,"{""type"":""MultiPoint"",""coordinates"":[]}"
2_00000000000000002378,653,6268,Foca,Bosnia and Herzegovina,0.04209317445047305,0.4479130766521549,11182.810000014962,2014,"{""type"":""MultiPoint"",""coordinates"":[]}"
2_00000000000000002379,653,6269,Gacko,Bosnia and Herzegovina,0.03874421736153179,0.3327314027442287,5087.293113545215,2014,"{""type"":""MultiPoint"",""coordinates"":[]}"
2_0000000000000000237a,653,6279,Kalinovik,Bosnia and Herzegovina,0.013501738003116881,0.09195433343987582,825.3322391323877,2014,"{""type"":""MultiPoint"",""coordinates"":[]}"
2_0000000000000000237b,653,6282,Konjic,Bosnia and Herzegovina,0.027478228448646027,0.01416426676058691,2.264214968630204,2014,"{""type"":""MultiPoint"",""coordinates"":[]}"
2_0000000000000000237c,653,6286,Ljubinje,Bosnia and Herzegovina,0.022554840548221353,0.28498704565239213,1730.1209956205503,2014,"{""type"":""MultiPoint"",""coordinates"":[]}"
2_0000000000000000237d,653,6291,Mostar,Bosnia and Herzegovina,0.044630451926163266,0.025418433616485693,113.0286875870444,2014,"{""type"":""MultiPoint"",""coordinates"":[]}"
2_0000000000000000237e,653,6293,Nevesinje,Bosnia and Herzegovina,0.04633931747225232,0.373592144430962,6343.498253708119,2014,"{""type"":""MultiPoint"",""coordinates"":[]}"
2_0000000000000000237f,653,6310,Stolac,Bosnia and Herzegovina,0.02615488252872263,0.10265655473915068,1118.0071625844776,2014,"{""type"":""MultiPoint"",""coordinates"":[]}"
2_00000000000000002380,653,6315,Trebinje,Bosnia and Herzegovina,0.10860199874191047,0.8437060564911765,18134.3117712931,2014,"{""type"":""MultiPoint"",""coordinates"":[]}"
2_00000000000000000e82,61510,61537,A L Labban,Egypt,294.0858726501465,72.72374674432953,36619.481393671966,2014,"{""type"":""MultiPoint"",""coordinates"":[]}"
2_00000000000000000e83,61510,61538,Al Amreia,Egypt,0.6223634380492837,11.17570581544249,487082.8678029461,2014,"{""type"":""MultiPoint"",""coordinates"":[]}"
2_00000000000000000e84,61510,61539,Al Attarin,Egypt,186.6026123046875,59.84318528090411,42638.88696272607,2014,"{""type"":""MultiPoint"",""coordinates"":[]}"
2_00000000000000000e85,61510,61540,Al Dikhila,Egypt,77.55893115560625,39.609220716511004,329460.92359192885,2014,"{""type"":""MultiPoint"",""coordinates"":[]}"
2_00000000000000000e86,61510,61541,Al Gumruk,Egypt,222.13595581054688,234.45267077977005,68054.04253884111,2014,"{""type"":""MultiPoint"",""coordinates"":[]}"
2_00000000000000000e87,61510,61542,Al Manshiyya,Egypt,344.68293401357295,123.42949332855997,23095.432152841604,2014,"{""type"":""MultiPoint"",""coordinates"":[]}"
2_00000000000000000e88,61510,61544,Bab Sharqi,Egypt,230.67116411994485,73.51074996620129,171679.40152370237,2014,"{""type"":""MultiPoint"",""coordinates"":[]}"
2_00000000000000000e89,61510,61545,Burg al-Arab,Egypt,0.4317159298651263,1.9348102113916839,52643.269150842214,2014,"{""type"":""MultiPoint"",""coordinates"":[]}"
2_00000000000000000e8a,61510,61546,Burg Al-Arab City,Egypt,0.8662254817298691,4.649580938991944,40922.25446619207,2014,"{""type"":""MultiPoint"",""coordinates"":[]}"
2_00000000000000000e8b,61510,61547,Karmuz,Egypt,336.9397680130473,86.36040946245508,114785.11894641949,2014,"{""type"":""MultiPoint"",""coordinates"":[]}"
2_00000000000000000e8c,61510,61548,Kesm than Al Raml,Egypt,98.02141166670913,136.0345903496809,383440.3329676311,2014,"{""type"":""MultiPoint"",""coordinates"":[]}"
2_00000000000000000e8d,61510,61549,Mina Al-Basal,Egypt,243.2004191080729,109.58249226931801,243980.10972175596,2014,"{""type"":""MultiPoint"",""coordinates"":[]}"
2_00000000000000000e8e,61510,61550,Muharam Bik,Egypt,227.07439478815314,138.72511422883113,288453.89383217297,2014,"{""type"":""MultiPoint"",""coordinates"":[]}"
2_00000000000000000e8f,61510,61551,Muntazah,Egypt,70.34528079851518,140.12898015618396,1135805.5742619066,2014,"{""type"":""MultiPoint"",""coordinates"":[]}"
2_00000000000000000e90,61510,61553,Port Alexandria Police Department,Egypt,0.0,148.84290138401306,11816.384832988071,2014,"{""type"":""MultiPoint"",""coordinates"":[]}"
2_00000000000000000e91,61510,61554,Sidi Gabir,Egypt,181.8736340981076,69.24587237762975,221239.70734694233,2014,"{""type"":""MultiPoint"",""coordinates"":[]}"
2_00000000000000000e92,61510,61555,Zemam Out,Egypt,0.0,0.026481807100323954,21.127230980356824,2014,"{""type"":""MultiPoint"",""coordinates"":[]}"
2_00000000000000000e93,61511,61556,Abnub,Egypt,16.490535335452236,17.242123690522835,305510.16365776537,2014,"{""type"":""MultiPoint"",""coordinates"":[]}"
2_00000000000000000e94,61511,61557,Abu Tig,Egypt,13.519522738847828,17.327518702158446,266785.5638180683,2014,"{""type"":""MultiPoint"",""coordinates"":[]}"
2_00000000000000000e95,61511,61558,Al- Badari,Egypt,24.499893189363867,15.495622029408441,214273.85540588232,2014,"{""type"":""MultiPoint"",""coordinates"":[]}"
2_00000000000000000e96,61511,61559,Al-Ghanayem,Egypt,16.25024835695169,12.600936255221407,104339.87462704135,2014,"{""type"":""MultiPoint"",""coordinates"":[]}"
2_00000000000000000e97,61511,61560,Al-Qusia,Egypt,12.497228683094797,15.415669559836553,362135.55283807067,2014,"{""type"":""MultiPoint"",""coordinates"":[]}"
2_00000000000000000e98,61511,61561,Alfath,Egypt,20.523757290540967,20.32168943338015,244331.93813215243,2014,"{""type"":""MultiPoint"",""coordinates"":[]}"
2_00000000000000000e99,61511,61562,Assuit,Egypt,12.98046723982539,17.42452208155253,406335.8332056217,2014,"{""type"":""MultiPoint"",""coordinates"":[]}"
2_00000000000000000e9a,61511,61563,Assuit City,Egypt,1.492890183093413,0.8529671333509186,1749.1823216101118,2014,"{""type"":""MultiPoint"",""coordinates"":[]}"
2_00000000000000000e9b,61511,61564,Dayrut,Egypt,12.51035855992067,18.994210489741214,465886.72444712586,2014,"{""type"":""MultiPoint"",""coordinates"":[]}"
2_00000000000000000e9c,61511,61565,Kesm Awal Assuit,Egypt,121.92115714996353,108.21850138006927,221935.19082282193,2014,"{""type"":""MultiPoint"",""coordinates"":[]}"
2_00000000000000000e9d,61511,61566,Kesm Than Assuit,Egypt,123.02600206647601,73.61719219295783,167126.86648025512,2014,"{""type"":""MultiPoint"",""coordinates"":[]}"
2_00000000000000000e9e,61511,61567,Manfalut,Egypt,14.508342360820299,18.543317519640958,417662.90886380034,2014,"{""type"":""MultiPoint"",""coordinates"":[]}"
2_00000000000000000e9f,61511,61568,Sahil Silim,Egypt,19.501154091537778,16.715089492183168,133881.5914180606,2014,"{""type"":""MultiPoint"",""coordinates"":[]}"
2_00000000000000000ea0,61511,61569,Sidfa,Egypt,13.250561868908747,14.513137454370442,153401.680877549,2014,"{""type"":""MultiPoint"",""coordinates"":[]}"
2_00000000000000000ea1,61511,61570,Zemam Out,Egypt,1.706500956377289E-5,2.035867850563749,15659.324296225868,2014,"{""type"":""MultiPoint"",""coordinates"":[]}"
2_00000000000000000ea2,61512,61571,Abu Simbel,Egypt,,,0.0,2014,"{""type"":""MultiPoint"",""coordinates"":[]}"
2_00000000000000000ea3,61512,61572,Adfu,Egypt,5.7520506125772,9.302798920409398,245631.46697048255,2014,"{""type"":""MultiPoint"",""coordinates"":[]}"
2_00000000000000000ea4,61512,61573,Aswan,Egypt,2.8300994013259277,27.938953773261876,219036.19015010362,2014,"{""type"":""MultiPoint"",""coordinates"":[]}"
2_00000000000000000ea5,61512,61574,Aswan City,Egypt,0.0,0.0,0.0,2014,"{""type"":""MultiPoint"",""coordinates"":[]}"
2_00000000000000000ea6,61512,61575,Daraw,Egypt,4.620349744048164,8.398307786865859,65154.52743958424,2014,"{""type"":""MultiPoint"",""coordinates"":[]}"
2_00000000000000000ea7,61512,61576,Kum Umbu,Egypt,5.748359262636511,10.528031261460415,221160.57427225856,2014,"{""type"":""MultiPoint"",""coordinates"":[]}"
2_00000000000000000ea8,61512,61577,Nasr,Egypt,2.6196859938025923,4.286816045051963,73024.27470142528,2014,"{""type"":""MultiPoint"",""coordinates"":[]}"
2_00000000000000000ea9,61512,61578,Tushaka,Egypt,0.0,0.0,0.0,2014,"{""type"":""MultiPoint"",""coordinates"":[]}"
2_00000000000000000eaa,61513,61580,Abu-l-Matamir,Egypt,1.2388967188321791,3.389529286649327,395507.7637502137,2014,"{""type"":""MultiPoint"",""coordinates"":[]}"
2_00000000000000000eab,61513,61581,Abu Hummus,Egypt,5.250127898235142,7.019832427923479,411125.29927028186,2014,"{""type"":""MultiPoint"",""coordinates"":[]}"
2_00000000000000000eac,61513,61582,Al-Dilingat,Egypt,3.7482804108851298,5.103327654099757,305421.29528753547,2014,"{""type"":""MultiPoint"",""coordinates"":[]}"
2_00000000000000000ead,61513,61583,Al-Mahmudiyya,Egypt,7.45489496811721,14.434925748580723,219329.19365029215,2014,"{""type"":""MultiPoint"",""coordinates"":[]}"
2_00000000000000000eae,61513,61584,Al-Rahmaniyya,Egypt,6.255613208586862,11.20693112279906,130002.39785052955,2014,"{""type"":""MultiPoint"",""coordinates"":[]}"
2_00000000000000000eaf,61513,61585,Badr,Egypt,0.8718550537553145,2.9450583827535324,158097.94890727766,2014,"{""type"":""MultiPoint"",""coordinates"":[]}"
2_00000000000000000eb0,61513,61586,Damanhur,Egypt,6.919071960710966,31.420932459360785,688380.0602430194,2014,"{""type"":""MultiPoint"",""coordinates"":[]}"
2_00000000000000000eb1,61513,61587,Hush Isa,Egypt,4.743154391026199,7.36636052637356,199850.0109731209,2014,"{""type"":""MultiPoint"",""coordinates"":[]}"
2_00000000000000000eb2,61513,61588,Idku,Egypt,3.488285581225226,15.413646354281882,147022.08490909182,2014,"{""type"":""MultiPoint"",""coordinates"":[]}"
2_00000000000000000eb3,61513,61589,Itay Al-Barud,Egypt,7.746578969221024,10.044328329289407,379849.3169804048,2014,"{""type"":""MultiPoint"",""coordinates"":[]}"
2_00000000000000000eb4,61513,61590,Kafr Al-Dawwar,Egypt,4.921311842314202,25.554322057992554,788714.9307138907,2014,"{""type"":""MultiPoint"",""coordinates"":[]}"
2_00000000000000000eb5,61513,61591,Kum Hamada,Egypt,7.73447441195379,9.560278622558133,396666.74777993164,2014,"{""type"":""MultiPoint"",""coordinates"":[]}"
2_00000000000000000eb6,61513,61592,Nubariyya West,Egypt,0.15517582383448647,0.5648021296885717,34738.358725194405,2014,"{""type"":""MultiPoint"",""coordinates"":[]}"
2_00000000000000000eb7,61513,61593,Rashid,Egypt,5.4962219627881925,13.676915968560355,195196.83426367963,2014,"{""type"":""MultiPoint"",""coordinates"":[]}"
2_00000000000000000eb8,61513,61594,Shubra Khît,Egypt,6.4840759140959445,10.860068154268383,226174.30667981532,2014,"{""type"":""MultiPoint"",""coordinates"":[]}"
2_00000000000000000eb9,61513,61595,Wadi Al-NatrUn,Egypt,13.188152817344516,58.21978299073353,67404.13214141529,2014,"{""type"":""MultiPoint"",""coordinates"":[]}"
2_00000000000000000eba,61513,61596,Zemam Out,Egypt,5.809989661078656E-4,2.110815494098014,6568.499808916748,2014,"{""type"":""MultiPoint"",""coordinates"":[]}"
2_00000000000000000ebb,61514,61597,Ahnasya,Egypt,8.240285667680602,12.598853030643129,287233.64954190346,2014,"{""type"":""MultiPoint"",""coordinates"":[]}"
2_00000000000000000ebc,61514,61598,Al Fashn,Egypt,7.466831374762548,13.046273903406748,341523.5060303592,2014,"{""type"":""MultiPoint"",""coordinates"":[]}"
2_00000000000000000ebd,61514,61599,Al Wasta,Egypt,9.476057188377467,17.09080263881753,361706.420565504,2014,"{""type"":""MultiPoint"",""coordinates"":[]}"
2_00000000000000000ebe,61514,61600,Bani Swayf,Egypt,10.940600874358978,31.058101303390256,499772.74170668557,2014,"{""type"":""MultiPoint"",""coordinates"":[]}"
2_00000000000000000ebf,61514,61601,Bani Swayf City,Egypt,0.29013130890307837,2.0695730439285485,14480.476629998286,2014,"{""type"":""MultiPoint"",""coordinates"":[]}"
2_00000000000000000ec0,61514,61602,Biba,Egypt,11.254990924630338,14.622005368396076,332776.87708928256,2014,"{""type"":""MultiPoint"",""coordinates"":[]}"
2_00000000000000000ec1,61514,61603,Nasir,Egypt,8.251036285249524,11.725622167629025,276991.2425850741,2014,"{""type"":""MultiPoint"",""coordinates"":[]}"
2_00000000000000000ec2,61514,61604,Sumusta,Egypt,9.485069012951012,14.515119624598867,202751.39422694233,2014,"{""type"":""MultiPoint"",""coordinates"":[]}"
2_00000000000000000ec3,61514,61605,Zemam Out,Egypt,6.059141143939096E-5,0.9706709028345991,4340.99255092705,2014,"{""type"":""MultiPoint"",""coordinates"":[]}"
2_00000000000000000ec4,61515,61606,15 Mayu,Egypt,5.268278279978782,13.563799077721614,78918.55356818464,2014,"{""type"":""MultiPoint"",""coordinates"":[]}"
2_00000000000000000ec5,61515,61607,Abdin,Egypt,194.5375870414402,39.54520666372026,36483.66538564645,2014,"{""type"":""MultiPoint"",""coordinates"":[]}"
2_00000000000000000ec6,61515,61608,Ain Shams,Egypt,489.95997450086804,134.47026772939554,458107.45480400516,2014,"{""type"":""MultiPoint"",""coordinates"":[]}"
2_00000000000000000ec7,61515,61609,Al Azbakiyya,Egypt,148.99980545043945,59.71916250398675,26902.915236289835,2014,"{""type"":""MultiPoint"",""coordinates"":[]}"
2_00000000000000000ec8,61515,61610,Al Darb al-Ahmar,Egypt,266.8102722167969,68.8088157101905,54432.08509327008,2014,"{""type"":""MultiPoint"",""coordinates"":[]}"
2_00000000000000000ec9,61515,61611,Al Khalifa,Egypt,28.982643746827605,49.670091153927814,225414.3814180335,2014,"{""type"":""MultiPoint"",""coordinates"":[]}"
2_00000000000000000eca,61515,61612,Al Matariyya,Egypt,665.9454345703125,173.11160721011186,460885.7452418908,2014,"{""type"":""MultiPoint"",""coordinates"":[]}"
2_00000000000000000ecb,61515,61613,Al Sahil,Egypt,474.67435284136405,156.72885070581935,262398.21464825794,2014,"{""type"":""MultiPoint"",""coordinates"":[]}"
2_00000000000000000ecc,61515,61614,Al Salam,Egypt,126.02146091014201,99.43767777914505,499070.86824798596,2014,"{""type"":""MultiPoint"",""coordinates"":[]}"
2_00000000000000000ecd,61515,61615,Al Sharabiyya,Egypt,454.13850194913067,73.00107318794137,203317.61110744104,2014,"{""type"":""MultiPoint"",""coordinates"":[]}"
2_00000000000000000ece,61515,61616,Al Tibbin,Egypt,17.77500120798747,18.70017732101278,61829.8304610685,2014,"{""type"":""MultiPoint"",""coordinates"":[]}"
2_00000000000000000ecf,61515,61617,Al Wayli,Egypt,110.00170628565702,83.85550523524115,71836.9183232177,2014,"{""type"":""MultiPoint"",""coordinates"":[]}"
2_00000000000000000ed0,61515,61618,Al Zahir,Egypt,250.32228501934873,86.04328130270402,61176.282175430555,2014,"{""type"":""MultiPoint"",""coordinates"":[]}"
2_00000000000000000ed1,61515,61619,Al Zaytun,Egypt,317.7918701171875,133.888914787629,287285.3775054034,2014,"{""type"":""MultiPoint"",""coordinates"":[]}"
2_00000000000000000ed2,61515,61620,Bab Al-Shariyya,Egypt,410.67132568359375,89.21004994874613,48375.704852294926,2014,"{""type"":""MultiPoint"",""coordinates"":[]}"
2_00000000000000000ed3,61515,61621,Badr,Egypt,1.2177741131977724,1.3147821990549378,15266.496552539102,2014,"{""type"":""MultiPoint"",""coordinates"":[]}"
2_00000000000000000ed4,61515,61622,Basatin,Egypt,110.32831033070882,167.89129210717405,730255.2416260998,2014,"{""type"":""MultiPoint"",""coordinates"":[]}"
2_00000000000000000ed5,61515,61623,Bulaq,Egypt,210.7798843383789,117.66872420579611,56070.51182092404,2014,"{""type"":""MultiPoint"",""coordinates"":[]}"
2_00000000000000000ed6,61515,61624,Gamaliyya,Egypt,190.99496327484002,62.357207060258695,46376.45455100862,2014,"{""type"":""MultiPoint"",""coordinates"":[]}"
2_00000000000000000ed7,61515,61625,Hadaiq Al-Qubba,Egypt,593.7392952211442,184.83412223455306,260841.07739485192,2014,"{""type"":""MultiPoint"",""coordinates"":[]}"
2_00000000000000000ed8,61515,61626,Hilwan,Egypt,65.50815800546917,56.29199453310388,582488.9819718399,2014,"{""type"":""MultiPoint"",""coordinates"":[]}"
2_00000000000000000ed9,61515,61627,Maadi,Egypt,9.720243346873213,59.93672914199458,81308.15706228741,2014,"{""type"":""MultiPoint"",""coordinates"":[]}"
2_00000000000000000eda,61515,61628,Madinat Nasr-2,Egypt,33.015419430386864,30.681327598766813,72844.48420746748,2014,"{""type"":""MultiPoint"",""coordinates"":[]}"
2_00000000000000000edb,61515,61629,Marg,Egypt,221.97184206615222,117.70996773775883,445855.9645969467,2014,"{""type"":""MultiPoint"",""coordinates"":[]}"
2_00000000000000000edc,61515,61630,Minshat Nasir,Egypt,362.2281494140625,185.0987256135856,228717.83516309774,2014,"{""type"":""MultiPoint"",""coordinates"":[]}"
2_00000000000000000edd,61515,61631,Misr al-Gadida,Egypt,99.07033771820453,30.33040451956177,103646.45930231884,2014,"{""type"":""MultiPoint"",""coordinates"":[]}"
2_00000000000000000ede,61515,61632,Misr Al-Qadima,Egypt,165.13285742865668,79.50964476812045,194045.2035229701,2014,"{""type"":""MultiPoint"",""coordinates"":[]}"
2_00000000000000000edf,61515,61633,Muski,Egypt,204.84723365681052,67.67539050443432,21904.27883941052,2014,"{""type"":""MultiPoint"",""coordinates"":[]}"
2_00000000000000000ee0,61515,61634,Nasr City,Egypt,32.93969350897617,45.99257434237193,445310.760789049,2014,"{""type"":""MultiPoint"",""coordinates"":[]}"
2_00000000000000000ee1,61515,61635,New Cairo-1,Egypt,0.17399391830425417,2.1084436670402433,25833.7796847075,2014,"{""type"":""MultiPoint"",""coordinates"":[]}"
2_00000000000000000ee2,61515,61636,New Cairo-2,Egypt,0.6139195750476479,2.867913344661029,36133.840818295794,2014,"{""type"":""MultiPoint"",""coordinates"":[]}"
2_00000000000000000ee3,61515,61637,New Cairo-3,Egypt,1.1051200201028057,6.554266007164564,46920.41379189854,2014,"{""type"":""MultiPoint"",""coordinates"":[]}"
2_00000000000000000ee4,61515,61638,Nuzha,Egypt,17.076452482996558,28.6152551157397,153146.84956024832,2014,"{""type"":""MultiPoint"",""coordinates"":[]}"
2_00000000000000000ee5,61515,61639,Qasr Al-Nile,Egypt,65.71919631958008,52.63388950837222,10927.734048372155,2014,"{""type"":""MultiPoint"",""coordinates"":[]}"
2_00000000000000000ee6,61515,61640,Rud Al-Farag,Egypt,458.36438032438514,161.34463815131448,125627.0453968123,2014,"{""type"":""MultiPoint"",""coordinates"":[]}"
2_00000000000000000ee7,61515,61641,Sayyida Zainab,Egypt,276.8388427734375,56.20127480966932,117371.19041013528,2014,"{""type"":""MultiPoint"",""coordinates"":[]}"
2_00000000000000000ee8,61515,61642,Shroq,Egypt,0.6902805749637786,2.2949335139287816,20736.685576621105,2014,"{""type"":""MultiPoint"",""coordinates"":[]}"
2_00000000000000000ee9,61515,61643,Shubra,Egypt,438.7457580566406,70.2384332984225,72042.33538016524,2014,"{""type"":""MultiPoint"",""coordinates"":[]}"
2_00000000000000000eea,61515,61644,Tura,Egypt,2.444842104269649,20.00707761741863,80629.21670820247,2014,"{""type"":""MultiPoint"",""coordinates"":[]}"
2_00000000000000000eeb,61515,61645,Zamalik,Egypt,47.025808811187744,59.499037814055754,17054.131695190124,2014,"{""type"":""MultiPoint"",""coordinates"":[]}"
2_00000000000000000eec,61515,61646,Zawiyya Al-Hamra,Egypt,500.8954597979895,58.44221149680291,282534.6371453976,2014,"{""type"":""MultiPoint"",""coordinates"":[]}"
2_00000000000000000eed,61515,61647,Zemam Out,Egypt,0.001408386739151864,2.403425737859391,3521.807390879347,2014,"{""type"":""MultiPoint"",""coordinates"":[]}"
2_00000000000000000eee,61516,61648,Aga,Egypt,10.497855583222758,14.281303334859247,396636.6583899518,2014,"{""type"":""MultiPoint"",""coordinates"":[]}"
2_00000000000000000eef,61516,61649,Bany Abeed,Egypt,4.72721121823824,11.096777261509226,99185.97402417919,2014,"{""type"":""MultiPoint"",""coordinates"":[]}"
2_00000000000000000ef0,61516,61650,Bilqas,Egypt,3.4685560723261584,7.725084518610551,420495.6606787276,2014,"{""type"":""MultiPoint"",""coordinates"":[]}"
2_00000000000000000ef1,61516,61651,Dikirnis,Egypt,6.502029388064242,15.805859301023744,275220.3480423129,2014,"{""type"":""MultiPoint"",""coordinates"":[]}"
2_00000000000000000ef2,61516,61652,E Mansora 2,Egypt,63.1666510445731,72.36758694775708,187550.73143623577,2014,"{""type"":""MultiPoint"",""coordinates"":[]}"
2_00000000000000000ef3,61516,61653,El Mansora,Egypt,8.890299042834016,16.1357847354006,446140.26563609426,2014,"{""type"":""MultiPoint"",""coordinates"":[]}"
2_00000000000000000ef4,61516,61654,El Mansora 1,Egypt,189.06134573313705,91.67257591949964,244938.33329766992,2014,"{""type"":""MultiPoint"",""coordinates"":[]}"
2_00000000000000000ef5,61516,61655,Gamaliyya,Egypt,5.24361056056427,11.163538566028086,82038.28669523934,2014,"{""type"":""MultiPoint"",""coordinates"":[]}"
2_00000000000000000ef6,61516,61656,Gamsa,Egypt,3.758018870102732,9.534135760376603,2594.1017451009325,2014,"{""type"":""MultiPoint"",""coordinates"":[]}"
2_00000000000000000ef7,61516,61657,Mahalet Demna,Egypt,6.2729329177667115,15.749289244722043,45417.47446394855,2014,"{""type"":""MultiPoint"",""coordinates"":[]}"
2_00000000000000000ef8,61516,61658,Manzala,Egypt,5.483221231749579,13.44336937227857,257970.56917371004,2014,"{""type"":""MultiPoint"",""coordinates"":[]}"
2_00000000000000000ef9,61516,61659,Matariyya,Egypt,14.530434497206794,26.909929164530855,121841.28295110536,2014,"{""type"":""MultiPoint"",""coordinates"":[]}"
2_00000000000000000efa,61516,61660,Minya Al-Nasr,Egypt,4.4558597458535365,15.392116031452751,228710.41303052596,2014,"{""type"":""MultiPoint"",""coordinates"":[]}"
2_00000000000000000efb,61516,61661,Mit Ghamr,Egypt,14.48745332920504,23.78293713795022,630034.0679434927,2014,"{""type"":""MultiPoint"",""coordinates"":[]}"
2_00000000000000000efc,61516,61662,MIt Salsil,Egypt,3.2549130907599038,6.86306170141001,54369.53528540255,2014,"{""type"":""MultiPoint"",""coordinates"":[]}"
2_00000000000000000efd,61516,61663,Nebro,Egypt,6.7552211487696905,13.764719085977898,215722.54625771684,2014,"{""type"":""MultiPoint"",""coordinates"":[]}"
2_00000000000000000efe,61516,61664,Shirbin,Egypt,6.499516542126005,13.934828339718795,336198.24393519957,2014,"{""type"":""MultiPoint"",""coordinates"":[]}"
2_00000000000000000eff,61516,61665,Sinbillawin,Egypt,8.475345544043867,13.316365009223702,443680.52509272227,2014,"{""type"":""MultiPoint"",""coordinates"":[]}"
2_00000000000000000f00,61516,61666,Talkha,Egypt,11.508905608196939,17.63109085975769,304818.3119877689,2014,"{""type"":""MultiPoint"",""coordinates"":[]}"
2_00000000000000000f01,61516,61667,Tamy Al-Amdid,Egypt,6.727084853332907,9.105805111793744,137875.60206536407,2014,"{""type"":""MultiPoint"",""coordinates"":[]}"
2_00000000000000000f02,61517,61668,Dumyat,Egypt,6.928748699920434,23.815913690128955,243277.8469813994,2014,"{""type"":""MultiPoint"",""coordinates"":[]}"
2_00000000000000000f03,61517,61669,Dumyat 1,Egypt,74.83690296519886,51.46692500398596,77933.17640716702,2014,"{""type"":""MultiPoint"",""coordinates"":[]}"
2_00000000000000000f04,61517,61670,Dumyat 2,Egypt,213.75896453857422,126.05417398460904,127711.64706542822,2014,"{""type"":""MultiPoint"",""coordinates"":[]}"
2_00000000000000000f05,61517,61671,Dumyat Al-Gadida,Egypt,1.6193387172429192,4.314042077495968,29420.926819065273,2014,"{""type"":""MultiPoint"",""coordinates"":[]}"
2_00000000000000000f06,61517,61672,Fariskur,Egypt,9.522388029122313,14.477116011057424,201778.73097508674,2014,"{""type"":""MultiPoint"",""coordinates"":[]}"
2_00000000000000000f07,61517,61673,Kafr Sad,Egypt,6.49122766058323,10.565737128781459,292151.1267686833,2014,"{""type"":""MultiPoint"",""coordinates"":[]}"
2_00000000000000000f08,61517,61674,Police Department Port of Damietta,Egypt,0.0,2.928949552382197,144.21919018661274,2014,"{""type"":""MultiPoint"",""coordinates"":[]}"
2_00000000000000000f09,61517,61675,Ras al-Bar,Egypt,29.236378479003907,14.838981700743528,9818.129907959585,2014,"{""type"":""MultiPoint"",""coordinates"":[]}"
2_00000000000000000f0a,61517,61676,Zarqa,Egypt,9.47824558541188,18.014459052521566,122014.63528040254,2014,"{""type"":""MultiPoint"",""coordinates"":[]}"
2_00000000000000000f0b,61518,61677,Abshaway,Egypt,13.242367144169712,13.452872017815942,303872.75701111427,2014,"{""type"":""MultiPoint"",""coordinates"":[]}"
2_00000000000000000f0c,61518,61678,Atsa,Egypt,7.752280393497425,10.440138036488415,510090.8029586843,2014,"{""type"":""MultiPoint"",""coordinates"":[]}"
2_00000000000000000f0d,61518,61679,Fayyum,Egypt,6.99877859497636,35.978095837199525,719738.7711639707,2014,"{""type"":""MultiPoint"",""coordinates"":[]}"
2_00000000000000000f0e,61518,61680,Fayyum City,Egypt,0.0,0.0,0.0,2014,"{""type"":""MultiPoint"",""coordinates"":[]}"
2_00000000000000000f0f,61518,61681,Sinuras,Egypt,11.508620244433379,16.979029705972113,446633.78941227467,2014,"{""type"":""MultiPoint"",""coordinates"":[]}"
2_00000000000000000f10,61518,61682,Tamya,Egypt,6.734358512150778,9.346893433544563,322997.9201064915,2014,"{""type"":""MultiPoint"",""coordinates"":[]}"
2_00000000000000000f11,61518,61683,Yousef El sadeq,Egypt,8.243829557154843,11.073105291015276,285631.7692059479,2014,"{""type"":""MultiPoint"",""coordinates"":[]}"
2_00000000000000000f12,61518,61684,Zemam Out,Egypt,2.5937909585126568E-5,0.864349688116903,3959.796285568324,2014,"{""type"":""MultiPoint"",""coordinates"":[]}"
2_00000000000000000f13,61519,61685,Basyun,Egypt,7.757264563432651,11.487035325488563,240154.81813781412,2014,"{""type"":""MultiPoint"",""coordinates"":[]}"
2_00000000000000000f14,61519,61686,El Mahalla El Kobra,Egypt,6.924151644588982,14.054488053614811,577946.2569098284,2014,"{""type"":""MultiPoint"",""coordinates"":[]}"
2_00000000000000000f15,61519,61687,El Mahalla El Kobra 1,Egypt,195.09091630890742,104.43485344548252,201612.47672245547,2014,"{""type"":""MultiPoint"",""coordinates"":[]}"
2_00000000000000000f16,61519,61688,El Mahalla El Kobra 2,Egypt,109.10729153951009,115.42460763650111,232806.18780189208,2014,"{""type"":""MultiPoint"",""coordinates"":[]}"
2_00000000000000000f17,61519,61689,Kafr Al-Zayyat,Egypt,10.4734860268102,17.41179496451399,373690.0884043607,2014,"{""type"":""MultiPoint"",""coordinates"":[]}"
2_00000000000000000f18,61519,61690,Qutur,Egypt,6.740305498440116,9.003590713887242,274651.17494007683,2014,"{""type"":""MultiPoint"",""coordinates"":[]}"
2_00000000000000000f19,61519,61691,Samannud,Egypt,9.50171841618424,19.360217157151187,292464.49140235165,2014,"{""type"":""MultiPoint"",""coordinates"":[]}"
2_00000000000000000f1a,61519,61692,Santa,Egypt,10.24810437447648,13.109540745006326,365588.0961246315,2014,"{""type"":""MultiPoint"",""coordinates"":[]}"
2_00000000000000000f1b,61519,61693,Tanta,Egypt,9.490169127574015,15.195715091423185,533570.4348916217,2014,"{""type"":""MultiPoint"",""coordinates"":[]}"
2_00000000000000000f1c,61519,61694,Tanta 1,Egypt,118.87329864501953,85.29782652720674,197739.62130673733,2014,"{""type"":""MultiPoint"",""coordinates"":[]}"
2_00000000000000000f1d,61519,61695,Tanta 2,Egypt,168.75402153862848,83.39187555384733,215858.10483213695,2014,"{""type"":""MultiPoint"",""coordinates"":[]}"
2_00000000000000000f1e,61519,61696,Zifta,Egypt,12.492838857821756,19.410605679597577,438460.2759472671,2014,"{""type"":""MultiPoint"",""coordinates"":[]}"
2_00000000000000000f1f,61520,61697,6 October-1,Egypt,9.356979016702464,6.050296905870311,43109.1565457961,2014,"{""type"":""MultiPoint"",""coordinates"":[]}"
2_00000000000000000f20,61520,61698,6 October-2,Egypt,17.75752864472539,12.157440032335126,128110.91668986616,2014,"{""type"":""MultiPoint"",""coordinates"":[]}"
2_00000000000000000f21,61520,61699,Al-Aguza,Egypt,297.74367586690244,106.90241886158599,176427.87073826505,2014,"{""type"":""MultiPoint"",""coordinates"":[]}"
2_00000000000000000f22,61520,61700,Al-Ahram,Egypt,145.8776949462789,78.73689273186973,335116.94668061857,2014,"{""type"":""MultiPoint"",""coordinates"":[]}"
2_00000000000000000f23,61520,61701,Atfeh,Egypt,12.236686078567066,14.9331649204447,238911.19648331526,2014,"{""type"":""MultiPoint"",""coordinates"":[]}"
2_00000000000000000f24,61520,61702,Ayat,Egypt,17.247896243897536,16.096494201637263,393501.8127671018,2014,"{""type"":""MultiPoint"",""coordinates"":[]}"
2_00000000000000000f25,61520,61703,Badrashain,Egypt,23.486639455435373,24.41717051129333,429387.53961886006,2014,"{""type"":""MultiPoint"",""coordinates"":[]}"
2_00000000000000000f26,61520,64448,Bahariya Oasis,Egypt,0.11293888819899398,0.9522062766908258,1603.9685286307385,2014,"{""type"":""MultiPoint"",""coordinates"":[]}"
2_00000000000000000f27,61520,64449,Bulaq Al-DakrUr,Egypt,585.7126397026909,219.19628540123193,614464.1695165891,2014,"{""type"":""MultiPoint"",""coordinates"":[]}"
2_00000000000000000f28,61520,64451,DuqqI,Egypt,174.34075458233173,108.3021666898156,110597.19552178477,2014,"{""type"":""MultiPoint"",""coordinates"":[]}"
2_00000000000000000f29,61520,64453,Giza,Egypt,41.950759307490394,89.15809451085833,556949.5949864824,2014,"{""type"":""MultiPoint"",""coordinates"":[]}"
2_00000000000000000f2a,61520,65305,Hwamdeia,Egypt,43.48409398462832,56.52982126913171,155412.15740821688,2014,"{""type"":""MultiPoint"",""coordinates"":[]}"
2_00000000000000000f2b,61520,65315,Imbaba,Egypt,13.973676300439035,136.2049746385701,1094643.7019229748,2014,"{""type"":""MultiPoint"",""coordinates"":[]}"
2_00000000000000000f2c,61520,65317,Kardasa,Egypt,42.06075808290501,79.31046032023546,585088.9690882214,2014,"{""type"":""MultiPoint"",""coordinates"":[]}"
2_00000000000000000f2d,61520,65321,Saf,Egypt,13.733834166557262,12.74663798276189,271005.26021583023,2014,"{""type"":""MultiPoint"",""coordinates"":[]}"
2_00000000000000000f2e,61520,65336,Shaykh Zayed,Egypt,6.054477860850673,4.386562636531032,32577.12555888026,2014,"{""type"":""MultiPoint"",""coordinates"":[]}"
2_00000000000000000f2f,61520,65337,Umraniyya,Egypt,441.8817934055312,135.80987455360412,817853.3278523467,2014,"{""type"":""MultiPoint"",""coordinates"":[]}"
2_00000000000000000f30,61520,65345,Waraq,Egypt,66.13262638298765,112.56228336199881,890165.4160941017,2014,"{""type"":""MultiPoint"",""coordinates"":[]}"
2_00000000000000000f31,61520,65350,Zemam out,Egypt,0.024707682965521286,1.156926937863881,41298.04693553956,2014,"{""type"":""MultiPoint"",""coordinates"":[]}"
2_00000000000000000f32,61521,65711,Fayid,Egypt,6.626530022177066,6.435685026528706,110081.97389224483,2014,"{""type"":""MultiPoint"",""coordinates"":[]}"
2_00000000000000000f33,61521,65747,Ismailiyya,Egypt,0.715606566889932,6.185869418140078,249694.12278064986,2014,"{""type"":""MultiPoint"",""coordinates"":[]}"
2_00000000000000000f34,61521,65748,Ismailiyya 1,Egypt,12.985246525985565,23.641400967884476,34849.00028191337,2014,"{""type"":""MultiPoint"",""coordinates"":[]}"
2_00000000000000000f35,61521,65749,Ismailiyya 2,Egypt,18.884401401440652,93.10112765194329,166842.00186515317,2014,"{""type"":""MultiPoint"",""coordinates"":[]}"
2_00000000000000000f36,61521,65751,Ismailiyya 3,Egypt,78.5377591451009,39.18373453330972,96235.75929721758,2014,"{""type"":""MultiPoint"",""coordinates"":[]}"
2_00000000000000000f37,61521,65752,"Qantara Gharb, al-",Egypt,0.42494516714467234,4.044613184115892,107613.31477261944,2014,"{""type"":""MultiPoint"",""coordinates"":[]}"
2_00000000000000000f38,61521,65753,"Qantara Sharq, al-",Egypt,0.07175506258223308,0.8058849742361135,33073.85346245148,2014,"{""type"":""MultiPoint"",""coordinates"":[]}"
2_00000000000000000f39,61521,65754,"Tal al-Kabir, al-",Egypt,0.6113453253068377,3.2649932856149912,150064.89608666347,2014,"{""type"":""MultiPoint"",""coordinates"":[]}"
2_00000000000000000f3a,61522,65755,Al Hamul,Egypt,2.2366737815477076,4.795445791780749,251851.30554552964,2014,"{""type"":""MultiPoint"",""coordinates"":[]}"
2_00000000000000000f3b,61522,65758,Biyalu,Egypt,3.737629820036441,6.325631782196795,233441.91531786465,2014,"{""type"":""MultiPoint"",""coordinates"":[]}"
2_00000000000000000f3c,61522,65759,Burullus,Egypt,3.5256359797741292,10.266111690953267,169904.36520198092,2014,"{""type"":""MultiPoint"",""coordinates"":[]}"
2_00000000000000000f3d,61522,65760,Disuq,Egypt,4.933209593577939,26.736728444495654,439650.1471938106,2014,"{""type"":""MultiPoint"",""coordinates"":[]}"
2_00000000000000000f3e,61522,65761,Fuwwa,Egypt,6.5036962897120185,16.568945541002517,136806.48831997317,2014,"{""type"":""MultiPoint"",""coordinates"":[]}"
2_00000000000000000f3f,61522,65762,Kafr Al-Shaykh,Egypt,4.898782038626519,19.93018986164466,494943.71557634487,2014,"{""type"":""MultiPoint"",""coordinates"":[]}"
2_00000000000000000f40,61522,65763,Mitubas,Egypt,5.48094525125711,8.165070010677116,217977.60046962425,2014,"{""type"":""MultiPoint"",""coordinates"":[]}"
2_00000000000000000f41,61522,65766,Qillin,Egypt,7.246966076583124,11.544269735338393,202741.98044041664,2014,"{""type"":""MultiPoint"",""coordinates"":[]}"
2_00000000000000000f42,61522,65793,Riyad,Egypt,3.248343768940974,4.979548383498511,136251.83662734894,2014,"{""type"":""MultiPoint"",""coordinates"":[]}"
2_00000000000000000f43,61522,65801,Sidi Salim,Egypt,3.741183096972253,6.563008556968651,307975.106741921,2014,"{""type"":""MultiPoint"",""coordinates"":[]}"
2_00000000000000000f44,61523,65802,Abour,Egypt,19.251148189197888,11.195185320863217,41624.624697376705,2014,"{""type"":""MultiPoint"",""coordinates"":[]}"
2_00000000000000000f45,61523,65804,Al Khanka,Egypt,22.97967740181964,23.803712929137262,441028.03835038096,2014,"{""type"":""MultiPoint"",""coordinates"":[]}"
2_00000000000000000f46,61523,65806,Banha,Egypt,16.98258293636489,30.52975702242204,532594.9064824184,2014,"{""type"":""MultiPoint"",""coordinates"":[]}"
2_00000000000000000f47,61523,65807,Kafr Shukr,Egypt,17.248806903608653,13.952615659208792,147512.50778862354,2014,"{""type"":""MultiPoint"",""coordinates"":[]}"
2_00000000000000000f48,61523,65811,Khsos,Egypt,441.8267578125,181.58826021387424,284162.8004755955,2014,"{""type"":""MultiPoint"",""coordinates"":[]}"
2_00000000000000000f49,61523,65815,Qaha,Egypt,12.723019223756701,11.533817030126949,35576.11148665091,2014,"{""type"":""MultiPoint"",""coordinates"":[]}"
2_00000000000000000f4a,61523,65816,Qalyub,Egypt,21.878735204936365,38.074705313030805,480330.38594633056,2014,"{""type"":""MultiPoint"",""coordinates"":[]}"
2_00000000000000000f4b,61523,65817,Qanatir Al-Khayriyya,Egypt,23.002420991196754,24.779856763892383,380170.44322043716,2014,"{""type"":""MultiPoint"",""coordinates"":[]}"
2_00000000000000000f4c,61523,65819,Shibin al-Qanatir,Egypt,20.49891075499099,18.828940106655022,421412.9127080014,2014,"{""type"":""MultiPoint"",""coordinates"":[]}"
2_00000000000000000f4d,61523,65821,Shubra Al-Khayma 1,Egypt,414.06141357421876,178.0918618664304,451497.0300948797,2014,"{""type"":""MultiPoint"",""coordinates"":[]}"
2_00000000000000000f4e,61523,65824,Shubra Al-Khayma 2,Egypt,289.682674407959,123.26677085717098,575033.0828871184,2014,"{""type"":""MultiPoint"",""coordinates"":[]}"
2_00000000000000000f4f,61523,65825,Tukh,Egypt,14.477506097363973,12.968280891222152,456590.2838078778,2014,"{""type"":""MultiPoint"",""coordinates"":[]}"
2_00000000000000000f50,61523,65828,Zemam Out,Egypt,0.0,3.0074874913807292,2048.873379297817,2014,"{""type"":""MultiPoint"",""coordinates"":[]}"
2_00000000000000000f51,61524,65830,Luxor,Egypt,36.99816676630087,50.733518215294524,1057851.7614798758,2014,"{""type"":""MultiPoint"",""coordinates"":[]}"
2_00000000000000000f52,61524,65832,Tiba police station,Egypt,20.480335510990027,25.84176770204073,148643.24530067065,2014,"{""type"":""MultiPoint"",""coordinates"":[]}"
2_00000000000000000f53,61524,65833,Zemam Out,Egypt,0.0,7.054329180899874,4543.168446014442,2014,"{""type"":""MultiPoint"",""coordinates"":[]}"
2_00000000000000000f54,61525,65834,Al-Hammam,Egypt,0.01779548047931847,1.7518571638434395,62163.12565012695,2014,"{""type"":""MultiPoint"",""coordinates"":[]}"
2_00000000000000000f55,61525,65835,Alamn,Egypt,0.0049832484652959155,0.44950119718549575,5487.680116930692,2014,"{""type"":""MultiPoint"",""coordinates"":[]}"
2_00000000000000000f56,61525,65837,Daba,Egypt,0.053568448493321034,0.9884465570759395,26382.893527634773,2014,"{""type"":""MultiPoint"",""coordinates"":[]}"
2_00000000000000000f57,61525,65838,Marsa Matruh,Egypt,0.06640042447465477,2.9024766076658204,171601.0777778881,2014,"{""type"":""MultiPoint"",""coordinates"":[]}"
2_00000000000000000f58,61525,65840,Salloum,Egypt,0.019127515979779255,0.8478782453028866,9239.380067461703,2014,"{""type"":""MultiPoint"",""coordinates"":[]}"
2_00000000000000000f59,61525,65841,Sidi Barani,Egypt,0.052635306522293784,0.8607854798326643,24961.32222594754,2014,"{""type"":""MultiPoint"",""coordinates"":[]}"
2_00000000000000000f5a,61525,65842,Siwa,Egypt,0.0,0.21621295725047762,11031.057218031643,2014,"{""type"":""MultiPoint"",""coordinates"":[]}"
2_00000000000000000f5b,61526,65843,Kesm Al-minya,Egypt,85.14437643817284,63.54761866645321,238152.21838269514,2014,"{""type"":""MultiPoint"",""coordinates"":[]}"
2_00000000000000000f5c,61526,65845,Kesm Mallawi,Egypt,42.929121155663175,70.19243833507416,140813.941411181,2014,"{""type"":""MultiPoint"",""coordinates"":[]}"
2_00000000000000000f5d,61526,65846,Markz Abu Qurqas,Egypt,10.49197328962938,14.456926661294904,469717.4516161581,2014,"{""type"":""MultiPoint"",""coordinates"":[]}"
2_00000000000000000f5e,61526,65848,Markz Al Idwa,Egypt,6.748781826979395,9.822444287513205,208687.62601700873,2014,"{""type"":""MultiPoint"",""coordinates"":[]}"
2_00000000000000000f5f,61526,65849,Markz Al Minya,Egypt,8.50633654504313,15.14001472787832,529250.0136254574,2014,"{""type"":""MultiPoint"",""coordinates"":[]}"
2_00000000000000000f60,61526,65850,Markz Bani Mazar,Egypt,9.488125847731952,15.945452108903028,466764.62139413005,2014,"{""type"":""MultiPoint"",""coordinates"":[]}"
2_00000000000000000f61,61526,65852,Markz Dir Mawas,Egypt,9.750909127787828,13.433007770347926,303139.3573111594,2014,"{""type"":""MultiPoint"",""coordinates"":[]}"
2_00000000000000000f62,61526,65854,Markz Maghagha,Egypt,11.469486985999362,16.643861696819187,436820.3383473927,2014,"{""type"":""MultiPoint"",""coordinates"":[]}"
2_00000000000000000f63,61526,65855,Markz Mallawi,Egypt,9.492744516976828,19.512469790327405,563222.4060944667,2014,"{""type"":""MultiPoint"",""coordinates"":[]}"
2_00000000000000000f64,61526,65857,Markz Matay,Egypt,8.741440745856009,12.53925226538687,238301.29700996348,2014,"{""type"":""MultiPoint"",""coordinates"":[]}"
2_00000000000000000f65,61526,65862,Markz Samalut,Egypt,6.482370178938291,14.539034326403991,591313.5170063828,2014,"{""type"":""MultiPoint"",""coordinates"":[]}"
2_00000000000000000f66,61526,65865,New Minya,Egypt,1.442311344724713,2.993951575691543,4320.36614449106,2014,"{""type"":""MultiPoint"",""coordinates"":[]}"
2_00000000000000000f67,61526,65866,Zemam Out,Egypt,6.668437380722302E-5,0.6929876788531261,6669.267815164257,2014,"{""type"":""MultiPoint"",""coordinates"":[]}"
2_00000000000000000f68,61527,65872,Al-Bagur,Egypt,13.234269939668975,10.501807387253653,305906.69334240997,2014,"{""type"":""MultiPoint"",""coordinates"":[]}"
2_00000000000000000f69,61527,65873,Al-Shuhada,Egypt,9.752688013979528,11.996052018793353,253846.45963577618,2014,"{""type"":""MultiPoint"",""coordinates"":[]}"
2_00000000000000000f6a,61527,65874,Ashmun,Egypt,14.746875142898569,11.51826153548078,638395.9155108884,2014,"{""type"":""MultiPoint"",""coordinates"":[]}"
2_00000000000000000f6b,61527,65875,Birkat Al-Sab,Egypt,12.511807647205293,14.564192562344834,239628.5156669783,2014,"{""type"":""MultiPoint"",""coordinates"":[]}"
2_00000000000000000f6c,61527,65876,Minuf,Egypt,12.745764515332649,9.758577090117983,335705.6390838324,2014,"{""type"":""MultiPoint"",""coordinates"":[]}"
2_00000000000000000f6d,61527,65877,Minuf City,Egypt,31.459320513407388,35.51971231852134,88677.63992112664,2014,"{""type"":""MultiPoint"",""coordinates"":[]}"
2_00000000000000000f6e,61527,65879,Quwisna,Egypt,11.755497422649789,14.165799183448508,380998.16812403715,2014,"{""type"":""MultiPoint"",""coordinates"":[]}"
2_00000000000000000f6f,61527,65888,Sadat City,Egypt,0.6139662177211612,3.814415092938671,141285.22925598136,2014,"{""type"":""MultiPoint"",""coordinates"":[]}"
2_00000000000000000f70,61527,65889,Shibin al-Kum,Egypt,14.972892040339246,29.580004291829198,529266.8919734244,2014,"{""type"":""MultiPoint"",""coordinates"":[]}"
2_00000000000000000f71,61527,65891,Sirs Al-Layyana City,Egypt,17.467399719351754,21.645910652031596,52714.59857706554,2014,"{""type"":""MultiPoint"",""coordinates"":[]}"
2_00000000000000000f72,61527,65894,Tala,Egypt,9.756537031642095,12.275763737963413,298467.3925014322,2014,"{""type"":""MultiPoint"",""coordinates"":[]}"
2_00000000000000000f73,61528,65896,A-Dakhla Oasis,Egypt,0.02784916833115221,1.1521661371508465,62850.92954388348,2014,"{""type"":""MultiPoint"",""coordinates"":[]}"
2_00000000000000000f74,61528,65897,Al-Kharga Oasis,Egypt,0.030628659042996588,1.5975865580966448,66340.4300790822,2014,"{""type"":""MultiPoint"",""coordinates"":[]}"
2_00000000000000000f75,61528,65898,Al Farafra Oasis,Egypt,0.0,0.2599922888663803,19346.947032675147,2014,"{""type"":""MultiPoint"",""coordinates"":[]}"
2_00000000000000000f76,61528,65903,Paris Paris,Egypt,0.0,0.0,0.0,2014,"{""type"":""MultiPoint"",""coordinates"":[]}"
2_00000000000000000f77,61529,65905,Al-Hasna,Egypt,0.01986053939081884,0.0804153835965208,695.2209232673915,2014,"{""type"":""MultiPoint"",""coordinates"":[]}"
2_00000000000000000f78,61529,65907,Bir Al-Abd,Egypt,0.21442722393841754,0.7803827726824966,20555.06901125823,2014,"{""type"":""MultiPoint"",""coordinates"":[]}"
2_00000000000000000f79,61529,65913,El Arish 1,Egypt,6.740880659068247,14.28805881605555,67013.27279645421,2014,"{""type"":""MultiPoint"",""coordinates"":[]}"
2_00000000000000000f7a,61529,65914,El Arish 2,Egypt,1.1955417606191165,7.5055270545926955,18978.863646454647,2014,"{""type"":""MultiPoint"",""coordinates"":[]}"
2_00000000000000000f7b,61529,65922,El Arish 3,Egypt,0.7225840295103962,1.4009585605742387,6564.4760970054085,2014,"{""type"":""MultiPoint"",""coordinates"":[]}"
2_00000000000000000f7c,61529,65925,El Arish 4,Egypt,0.4322570553836997,2.289338162714426,12277.565420533394,2014,"{""type"":""MultiPoint"",""coordinates"":[]}"
2_00000000000000000f7d,61529,65927,Nakhl,Egypt,0.00525433081647493,0.046247507090318545,1563.4749725661236,2014,"{""type"":""MultiPoint"",""coordinates"":[]}"
2_00000000000000000f7e,61529,65928,Qasima,Egypt,0.016501902297354806,0.02780976304446239,1073.7743497590973,2014,"{""type"":""MultiPoint"",""coordinates"":[]}"
2_00000000000000000f7f,61529,65929,Rafah,Egypt,0.6261973912584393,2.2671096786135876,77124.37288949524,2014,"{""type"":""MultiPoint"",""coordinates"":[]}"
2_00000000000000000f80,61529,65931,Rummana,Egypt,0.4400017517727746,1.9626597014359952,25061.384426387296,2014,"{""type"":""MultiPoint"",""coordinates"":[]}"
2_00000000000000000f81,61529,65932,Shaykh Zuwayd,Egypt,0.29671665784019624,0.583431231698921,21774.46574861754,2014,"{""type"":""MultiPoint"",""coordinates"":[]}"
2_00000000000000000f82,61530,65933,Al-Arab,Egypt,227.41826682867006,82.44146691013223,45363.14174412747,2014,"{""type"":""MultiPoint"",""coordinates"":[]}"
2_00000000000000000f83,61530,65935,Al-Dawahy,Egypt,160.83221244812012,95.08104603893302,100037.45438496464,2014,"{""type"":""MultiPoint"",""coordinates"":[]}"
2_00000000000000000f84,61530,65939,Al-Ganoub,Egypt,0.12222608217723305,3.3931909360371244,26299.617906364503,2014,"{""type"":""MultiPoint"",""coordinates"":[]}"
2_00000000000000000f85,61530,65940,Al-Ganoub 2,Egypt,0.5584774019277648,1.4293581130426447,21856.610422371552,2014,"{""type"":""MultiPoint"",""coordinates"":[]}"
2_00000000000000000f86,61530,65944,Al-Munakh,Egypt,154.37701416015625,75.0040309646673,59510.18887423348,2014,"{""type"":""MultiPoint"",""coordinates"":[]}"
2_00000000000000000f87,61530,65946,Al-Sharq,Egypt,56.94049281788948,52.470300163115034,28884.760189460307,2014,"{""type"":""MultiPoint"",""coordinates"":[]}"
2_00000000000000000f88,61530,65949,Al-Zohour,Egypt,337.86463165283203,168.0797435893802,201771.42342493864,2014,"{""type"":""MultiPoint"",""coordinates"":[]}"
2_00000000000000000f89,61530,65951,Mubark-Sharq Tafrea,Egypt,0.03684906770037341,1.0181805613362291,5525.3833324256775,2014,"{""type"":""MultiPoint"",""coordinates"":[]}"
2_00000000000000000f8a,61530,65952,Police Department Port Said Port,Egypt,0.0,76.38776965482651,16758.64236962935,2014,"{""type"":""MultiPoint"",""coordinates"":[]}"
2_00000000000000000f8b,61530,65953,Port Fuad,Egypt,76.92831929524739,86.10933187669552,44649.88638620562,2014,"{""type"":""MultiPoint"",""coordinates"":[]}"
2_00000000000000000f8c,61530,65958,Port Fuad 2,Egypt,5.498464407545797,18.002792156604244,7403.793251733217,2014,"{""type"":""MultiPoint"",""coordinates"":[]}"
2_00000000000000000f8d,61531,65959,Abu Tisht,Egypt,10.240052236736286,11.638237421954972,281735.63213377,2014,"{""type"":""MultiPoint"",""coordinates"":[]}"
2_00000000000000000f8e,61531,65963,Al Waqf,Egypt,9.745193638880131,9.125708973422606,52638.49563694468,2014,"{""type"":""MultiPoint"",""coordinates"":[]}"
2_00000000000000000f8f,61531,65966,Armant,Egypt,6.4827686376756395,8.847882253683947,124337.27403937525,2014,"{""type"":""MultiPoint"",""coordinates"":[]}"
2_00000000000000000f90,61531,65973,Dishna,Egypt,7.757111812284939,11.930980665559906,243990.39419346987,2014,"{""type"":""MultiPoint"",""coordinates"":[]}"
2_00000000000000000f91,61531,65974,Farshut,Egypt,11.75780390558914,14.235156447658088,111522.76709975442,2014,"{""type"":""MultiPoint"",""coordinates"":[]}"
2_00000000000000000f92,61531,65976,Isna,Egypt,6.74040570151497,10.636311197679868,262835.5083614176,2014,"{""type"":""MultiPoint"",""coordinates"":[]}"
2_00000000000000000f93,61531,65977,Nag Hammadi,Egypt,12.249063409841444,14.592356922665441,352119.7879176828,2014,"{""type"":""MultiPoint"",""coordinates"":[]}"
2_00000000000000000f94,61531,65978,Naqada,Egypt,7.755141166782755,8.33923181945835,106463.36329450461,2014,"{""type"":""MultiPoint"",""coordinates"":[]}"
2_00000000000000000f95,61531,65979,Qift,Egypt,10.271905995258251,12.264419672001202,96346.34508390381,2014,"{""type"":""MultiPoint"",""coordinates"":[]}"
2_00000000000000000f96,61531,65980,Qina,Egypt,11.495876769342852,19.503261887895427,423354.0263561597,2014,"{""type"":""MultiPoint"",""coordinates"":[]}"
2_00000000000000000f97,61531,65981,Qina City,Egypt,0.0,0.0,0.0,2014,"{""type"":""MultiPoint"",""coordinates"":[]}"
2_00000000000000000f98,61531,65983,Qus,Egypt,12.443476901363978,17.57254858664102,279957.68946286937,2014,"{""type"":""MultiPoint"",""coordinates"":[]}"
2_00000000000000000f99,61531,65984,Zemam Out,Egypt,6.2703831476883E-5,2.3359122785201447,11718.39788876384,2014,"{""type"":""MultiPoint"",""coordinates"":[]}"
2_00000000000000000f9a,61532,65985,Hurghada 1,Egypt,0.002991793455230081,8.282724432200627,109424.14695913068,2014,"{""type"":""MultiPoint"",""coordinates"":[]}"
2_00000000000000000f9b,61532,65987,Hurghada 2,Egypt,0.01601485066570681,1.6055240873215157,17668.55004761059,2014,"{""type"":""MultiPoint"",""coordinates"":[]}"
2_00000000000000000f9c,61532,65989,Marsa Alam,Egypt,0.009379161855868538,0.039466482691851275,963.8646554336792,2014,"{""type"":""MultiPoint"",""coordinates"":[]}"
2_00000000000000000f9d,61532,65990,Qusir,Egypt,0.04269395906467971,2.4206004910800614,19666.874381305486,2014,"{""type"":""MultiPoint"",""coordinates"":[]}"
2_00000000000000000f9e,61532,65994,Ras Gharib,Egypt,0.02153276293781254,1.1544267157070975,10911.001822625449,2014,"{""type"":""MultiPoint"",""coordinates"":[]}"
2_00000000000000000f9f,61532,65995,Safaga,Egypt,0.0390184730009208,2.6006328765085676,48974.68210251164,2014,"{""type"":""MultiPoint"",""coordinates"":[]}"
2_00000000000000000fa0,61532,65998,Shallatin,Egypt,0.0033704120985974797,0.042783624737296015,325.11006233690796,2014,"{""type"":""MultiPoint"",""coordinates"":[]}"
2_00000000000000000fa1,61533,65999,10 Ramadan 1,Egypt,28.48343008988907,17.459810709352197,58165.703866939926,2014,"{""type"":""MultiPoint"",""coordinates"":[]}"
2_00000000000000000fa2,61533,66001,10 Ramadan 2,Egypt,30.27022593361991,17.545162163859537,60312.61771903135,2014,"{""type"":""MultiPoint"",""coordinates"":[]}"
2_00000000000000000fa3,61533,66002,Abu Hammad,Egypt,9.740431871950321,9.834982022758178,348664.53396845807,2014,"{""type"":""MultiPoint"",""coordinates"":[]}"
2_00000000000000000fa4,61533,66004,Abu Kabir,Egypt,10.493634670846152,13.345219005902935,318870.0989730153,2014,"{""type"":""MultiPoint"",""coordinates"":[]}"
2_00000000000000000fa5,61533,66006,Al-Husayniya,Egypt,1.7389368084773782,5.8055668927844,499195.746277339,2014,"{""type"":""MultiPoint"",""coordinates"":[]}"
2_00000000000000000fa6,61533,66007,Al-Qanayat,Egypt,13.435761295568105,19.134135719177362,43149.01344860115,2014,"{""type"":""MultiPoint"",""coordinates"":[]}"
2_00000000000000000fa7,61533,66009,Al-Salhiyya,Egypt,0.10214984263984934,1.220778611840706,20898.39429250751,2014,"{""type"":""MultiPoint"",""coordinates"":[]}"
2_00000000000000000fa8,61533,66010,Awlad Saqr,Egypt,3.239566491256581,5.124793388308776,175201.89594210408,2014,"{""type"":""MultiPoint"",""coordinates"":[]}"
2_00000000000000000fa9,61533,66012,Bilbis,Egypt,12.512001500604535,13.810655482127025,595084.1302757785,2014,"{""type"":""MultiPoint"",""coordinates"":[]}"
2_00000000000000000faa,61533,66013,Dyarb Nigm,Egypt,10.259053765339518,11.719525289757142,353960.7998095824,2014,"{""type"":""MultiPoint"",""coordinates"":[]}"
2_00000000000000000fab,61533,66014,El-Ibrahimiya,Egypt,10.260288774812803,11.96181830589768,127757.90561294842,2014,"{""type"":""MultiPoint"",""coordinates"":[]}"
2_00000000000000000fac,61533,66015,Faqus,Egypt,7.007166490725618,18.545916003403967,576304.7826797304,2014,"{""type"":""MultiPoint"",""coordinates"":[]}"
2_00000000000000000fad,61533,66016,Hihya,Egypt,10.739780989444238,10.24919145091642,205777.4516829593,2014,"{""type"":""MultiPoint"",""coordinates"":[]}"
2_00000000000000000fae,61533,66017,Kafr Saqr,Egypt,7.253829023607276,9.683572654908751,218318.12567441605,2014,"{""type"":""MultiPoint"",""coordinates"":[]}"
2_00000000000000000faf,61533,66018,Mashtul Al-Suq,Egypt,15.263165921028152,14.545063057259553,160367.75196267857,2014,"{""type"":""MultiPoint"",""coordinates"":[]}"
2_00000000000000000fb0,61533,66019,Minya al-Qamh,Egypt,12.485159525673328,14.961650793367575,576718.0860468515,2014,"{""type"":""MultiPoint"",""coordinates"":[]}"
2_00000000000000000fb1,61533,66020,Qurin,Egypt,19.24946795172649,19.62245384713593,64628.90008980165,2014,"{""type"":""MultiPoint"",""coordinates"":[]}"
2_00000000000000000fb2,61533,66022,Zaqaziq,Egypt,13.832840169687099,23.717359407027867,668450.2212797188,2014,"{""type"":""MultiPoint"",""coordinates"":[]}"
2_00000000000000000fb3,61533,66025,Zaqaziq 1,Egypt,433.7292785644531,138.63629784253396,127016.64454401055,2014,"{""type"":""MultiPoint"",""coordinates"":[]}"
2_00000000000000000fb4,61533,66026,Zaqaziq 2,Egypt,392.7224426269531,203.1430702428896,163356.94061342502,2014,"{""type"":""MultiPoint"",""coordinates"":[]}"
2_00000000000000000fb5,61533,66027,Zemam Out,Egypt,2.245368860508616E-4,2.003941032583831,3828.7705814647343,2014,"{""type"":""MultiPoint"",""coordinates"":[]}"
2_00000000000000000fb6,61534,66028,Abu Radis,Egypt,0.02312194249465637,0.24623009622149766,5141.9499138999145,2014,"{""type"":""MultiPoint"",""coordinates"":[]}"
2_00000000000000000fb7,61534,66029,Al-Tur,Egypt,0.031384253664740784,1.2042178450638559,16472.703315118062,2014,"{""type"":""MultiPoint"",""coordinates"":[]}"
2_00000000000000000fb8,61534,66030,Dahab,Egypt,0.018080560973821123,0.026044617770029414,184.84205728263834,2014,"{""type"":""MultiPoint"",""coordinates"":[]}"
2_00000000000000000fb9,61534,66032,Nuweiba,Egypt,0.011003834082879048,0.13352784202400114,3063.459661312846,2014,"{""type"":""MultiPoint"",""coordinates"":[]}"
2_00000000000000000fba,61534,66035,Ras Sidr,Egypt,0.006041198003173705,0.26790608517745657,8399.98675263021,2014,"{""type"":""MultiPoint"",""coordinates"":[]}"
2_00000000000000000fbb,61534,66039,Sant Katrin,Egypt,0.014398685989346351,0.875045767465397,4777.998166461837,2014,"{""type"":""MultiPoint"",""coordinates"":[]}"
2_00000000000000000fbc,61534,66041,Sharm el-Sheikh,Egypt,0.042895969299029606,2.315746922108345,56005.78944451692,2014,"{""type"":""MultiPoint"",""coordinates"":[]}"
2_00000000000000000fbd,61534,66042,Taba,Egypt,0.058323745166811145,1.2783610766692368,1943.9191007535517,2014,"{""type"":""MultiPoint"",""coordinates"":[]}"
2_00000000000000000fbe,61535,66043,Al-Arbiin,Egypt,38.50354978273408,40.374956787380725,219466.00618183732,2014,"{""type"":""MultiPoint"",""coordinates"":[]}"
2_00000000000000000fbf,61535,66044,Al-Ganayin,Egypt,0.3627309916557625,2.682693062579408,74470.66373387216,2014,"{""type"":""MultiPoint"",""coordinates"":[]}"
2_00000000000000000fc0,61535,66047,Ataqa,Egypt,0.032547538354889174,0.5523060693249083,22899.423244434438,2014,"{""type"":""MultiPoint"",""coordinates"":[]}"
2_00000000000000000fc1,61535,66048,Faysal,Egypt,0.25780101711357584,8.328337745276228,122102.14190769449,2014,"{""type"":""MultiPoint"",""coordinates"":[]}"
2_00000000000000000fc2,61535,66049,Port Suez Police Department,Egypt,0.0,0.4579960193758615,14.551140576776335,2014,"{""type"":""MultiPoint"",""coordinates"":[]}"
2_00000000000000000fc3,61535,66052,Suez,Egypt,20.499561309814453,40.1634106721927,44408.81750542371,2014,"{""type"":""MultiPoint"",""coordinates"":[]}"
2_00000000000000000fc4,61536,66054,Akhmim,Egypt,24.518704469348975,26.325264578079192,301064.12209379586,2014,"{""type"":""MultiPoint"",""coordinates"":[]}"
2_00000000000000000fc5,61536,66055,Akhmim City,Egypt,0.0,0.0,0.0,2014,"{""type"":""MultiPoint"",""coordinates"":[]}"
2_00000000000000000fc6,61536,66056,Al-Balyana,Egypt,18.47676050621553,16.84244332282145,382665.5820383091,2014,"{""type"":""MultiPoint"",""coordinates"":[]}"
2_00000000000000000fc7,61536,66059,Al-Maragha,Egypt,15.761298243929218,12.568533969992009,305468.19246383803,2014,"{""type"":""MultiPoint"",""coordinates"":[]}"
2_00000000000000000fc8,61536,66061,Al-Minshat,Egypt,18.49056287519067,15.426252619999282,314257.97720541287,2014,"{""type"":""MultiPoint"",""coordinates"":[]}"
2_00000000000000000fc9,61536,66062,Al Usayrat,Egypt,16.251150331100597,14.336350761542072,139501.7293452638,2014,"{""type"":""MultiPoint"",""coordinates"":[]}"
2_00000000000000000fca,61536,66065,Dar al-Salam,Egypt,13.23169928493165,9.97995824070824,307150.73056666425,2014,"{""type"":""MultiPoint"",""coordinates"":[]}"
2_00000000000000000fcb,61536,66066,Girga,Egypt,14.902629235128817,35.73125972300982,372501.04877566907,2014,"{""type"":""MultiPoint"",""coordinates"":[]}"
2_00000000000000000fcc,61536,66067,Guhayna Al-Gharbiyya,Egypt,14.26151217990595,9.428157983360784,201286.56979038715,2014,"{""type"":""MultiPoint"",""coordinates"":[]}"
2_00000000000000000fcd,61536,66069,Kawther,Egypt,15.538672966199885,28.198149513646726,3511.7140570977144,2014,"{""type"":""MultiPoint"",""coordinates"":[]}"
2_00000000000000000fce,61536,66070,Kesm Tahta,Egypt,44.62192959255643,63.286065904223946,111232.81503170237,2014,"{""type"":""MultiPoint"",""coordinates"":[]}"
2_00000000000000000fcf,61536,66072,Saqulta,Egypt,19.757349609148655,13.929513270565192,159581.56176733688,2014,"{""type"":""MultiPoint"",""coordinates"":[]}"
2_00000000000000000fd0,61536,66073,Suhag,Egypt,19.01467478085693,36.56672086329759,511308.56839740206,2014,"{""type"":""MultiPoint"",""coordinates"":[]}"
2_00000000000000000fd1,61536,66079,Suhag-2,Egypt,233.3852938709643,129.26024534745736,76906.23660079358,2014,"{""type"":""MultiPoint"",""coordinates"":[]}"
2_00000000000000000fd2,61536,66085,Suhag City,Egypt,0.016322706518440738,0.061895349809207245,22.372628158272484,2014,"{""type"":""MultiPoint"",""coordinates"":[]}"
2_00000000000000000fd3,61536,66090,Tahta,Egypt,12.441841732631012,11.132549083863818,246786.85953136566,2014,"{""type"":""MultiPoint"",""coordinates"":[]}"
2_00000000000000000fd4,61536,66091,Tama,Egypt,15.479413733506972,15.195460768274645,321840.22232699953,2014,"{""type"":""MultiPoint"",""coordinates"":[]}"
2_00000000000000000fd5,61536,66093,Zemam Out,Egypt,3.7900662621380365E-6,1.7488028590968754,8724.681177505565,2014,"{""type"":""MultiPoint"",""coordinates"":[]}"
2_00000000000000000fd6,61512,61579,Zemam Out,Egypt,0.1402744902782383,4.888307035420615,232825.00008417023,2014,"{""type"":""MultiPoint"",""coordinates"":[]}"
2_00000000000000000fd7,61510,61543,Al Raml,Egypt,474.01780332684245,152.20635312560555,350692.1305881874,2014,"{""type"":""MultiPoint"",""coordinates"":[]}"
2_00000000000000000fd8,61530,65942,Al-Manasra,Egypt,0.14134686988288686,4.273822682180643,3759.5782943410395,2014,"{""type"":""MultiPoint"",""coordinates"":[]}"
2_00000000000000001e11,3017,27448,Aladag,Turkey,0.0728949930595903,0.47857119376736046,5193.176441678755,2014,"{""type"":""MultiPoint"",""coordinates"":[]}"
2_00000000000000001e12,3017,27449,Ceyhan,Turkey,0.6175529030612578,4.357801773052632,103240.82456261899,2014,"{""type"":""MultiPoint"",""coordinates"":[]}"
2_00000000000000001e13,3017,27450,Feke,Turkey,0.13902823459227595,0.8244092128562892,4267.424429752736,2014,"{""type"":""MultiPoint"",""coordinates"":[]}"
2_00000000000000001e14,3017,27451,Imamoglu,Turkey,0.35761835176189205,4.671212852447947,17446.927879281095,2014,"{""type"":""MultiPoint"",""coordinates"":[]}"
2_00000000000000001e15,3017,27452,Karaisali,Turkey,0.14486706092470314,7.879797751532294,106010.56069896846,2014,"{""type"":""MultiPoint"",""coordinates"":[]}"
2_00000000000000001e16,3017,27453,Karatas,Turkey,0.35113029302952903,3.829170989229282,48372.696944432275,2014,"{""type"":""MultiPoint"",""coordinates"":[]}"
2_00000000000000001e17,3017,27454,Kozan,Turkey,0.2132441227639223,4.120705350344703,80752.3210345306,2014,"{""type"":""MultiPoint"",""coordinates"":[]}"
2_00000000000000001e18,3017,27455,Pozanti,Turkey,0.050286253001934636,1.9535747514484747,11737.809483903357,2014,"{""type"":""MultiPoint"",""coordinates"":[]}"
2_00000000000000001e19,3017,27456,Saimbeyli,Turkey,0.08980801717392077,0.7984100352613416,7146.273458821744,2014,"{""type"":""MultiPoint"",""coordinates"":[]}"
2_00000000000000001e1a,3017,27457,Seyhan,Turkey,4.89539689886209,27.062149115165177,638643.1120367618,2014,"{""type"":""MultiPoint"",""coordinates"":[]}"
2_00000000000000001e1b,3017,27458,Tufanbeyli,Turkey,0.06044143002300207,1.3847607891419302,8196.967443161107,2014,"{""type"":""MultiPoint"",""coordinates"":[]}"
2_00000000000000001e1c,3017,27459,Yumurtalik,Turkey,2.886523814755035,16.100785576893813,170962.310613557,2014,"{""type"":""MultiPoint"",""coordinates"":[]}"
2_00000000000000001e1d,3017,27460,Yuregir,Turkey,0.11166172274067301,1.9022781541891498,93714.66058095236,2014,"{""type"":""MultiPoint"",""coordinates"":[]}"
2_00000000000000001e1e,3018,27461,Besni,Turkey,0.6073020516551635,3.4331649614466224,50623.622111502846,2014,"{""type"":""MultiPoint"",""coordinates"":[]}"
2_00000000000000001e1f,3018,27462,Celikhan,Turkey,0.2974505593122152,1.82768359383306,4482.361990121488,2014,"{""type"":""MultiPoint"",""coordinates"":[]}"
2_00000000000000001e20,3018,27463,Gerger,Turkey,0.1790517133769088,1.0386721672753756,9060.62529164141,2014,"{""type"":""MultiPoint"",""coordinates"":[]}"
2_00000000000000001e21,3018,27464,Golbasi,Turkey,0.35750074798610965,4.0385096231006585,29934.376502023635,2014,"{""type"":""MultiPoint"",""coordinates"":[]}"
2_00000000000000001e22,3018,27465,Kahta,Turkey,0.27908929188109655,4.0843151270127755,71850.20592982447,2014,"{""type"":""MultiPoint"",""coordinates"":[]}"
2_00000000000000001e23,3018,27466,Merkez,Turkey,0.7278457950469243,7.833167960466653,191118.8354556947,2014,"{""type"":""MultiPoint"",""coordinates"":[]}"
2_00000000000000001e24,3018,27467,Samsat,Turkey,0.2826695865832646,0.9641344880275229,8046.783090011039,2014,"{""type"":""MultiPoint"",""coordinates"":[]}"
2_00000000000000001e25,3018,27468,Sincik,Turkey,0.4846117707319005,0.9742217635745467,5838.055398179766,2014,"{""type"":""MultiPoint"",""coordinates"":[]}"
2_00000000000000001e26,3018,27469,Tut,Turkey,0.21715936163291805,0.5325959447363477,2108.9387909585275,2014,"{""type"":""MultiPoint"",""coordinates"":[]}"
2_00000000000000001e27,3019,27470,Basmakci,Turkey,0.06076437748785997,0.8277637729581248,5008.247613208071,2014,"{""type"":""MultiPoint"",""coordinates"":[]}"
2_00000000000000001e28,3019,27471,Bayat,Turkey,0.08962433279375519,0.8488859216088088,3667.7483356654643,2014,"{""type"":""MultiPoint"",""coordinates"":[]}"
2_00000000000000001e29,3019,27472,Bolvadin,Turkey,0.0925042195166479,2.5786315592542772,27988.278412746393,2014,"{""type"":""MultiPoint"",""coordinates"":[]}"
2_00000000000000001e2a,3019,27473,Cay,Turkey,0.3086194847981785,2.102305690028027,17165.47674405762,2014,"{""type"":""MultiPoint"",""coordinates"":[]}"
2_00000000000000001e2b,3019,27474,Cobanlar,Turkey,0.4337260903945583,1.9407331880776526,17763.525605571085,2014,"{""type"":""MultiPoint"",""coordinates"":[]}"
2_00000000000000001e2c,3019,27475,Dazkiri,Turkey,0.2160385206048006,1.085762211555998,7289.455207813415,2014,"{""type"":""MultiPoint"",""coordinates"":[]}"
2_00000000000000001e2d,3019,27476,Dinar,Turkey,0.1781881060099968,1.7100176834877314,26581.34222017182,2014,"{""type"":""MultiPoint"",""coordinates"":[]}"
2_00000000000000001e2e,3019,27477,Emirdag,Turkey,0.18165525663009943,1.3343070760787583,25902.026470786725,2014,"{""type"":""MultiPoint"",""coordinates"":[]}"
2_00000000000000001e2f,3019,27478,Evciler,Turkey,0.2158618720569632,1.314015725316652,5666.461509876861,2014,"{""type"":""MultiPoint"",""coordinates"":[]}"
2_00000000000000001e30,3019,27479,Hocalar,Turkey,0.39065450148313663,0.9962233968968986,5079.693571791264,2014,"{""type"":""MultiPoint"",""coordinates"":[]}"
2_00000000000000001e31,3019,27480,Ihsaniye,Turkey,0.21678908097988697,0.9815926137624393,15593.175994435229,2014,"{""type"":""MultiPoint"",""coordinates"":[]}"
2_00000000000000001e32,3019,27481,Iscehisar,Turkey,0.1776838170652946,2.062712251954928,21077.683850558817,2014,"{""type"":""MultiPoint"",""coordinates"":[]}"
2_00000000000000001e33,3019,27482,Kiziloren,Turkey,0.1638555566638072,0.48729220703903303,2329.325243960754,2014,"{""type"":""MultiPoint"",""coordinates"":[]}"
2_00000000000000001e34,3019,27483,Merkez,Turkey,1.3750083106888804,6.638330160808208,207567.94770870122,2014,"{""type"":""MultiPoint"",""coordinates"":[]}"
2_00000000000000001e35,3019,27484,Sandikli,Turkey,0.6233153277823154,3.3671838853142586,35307.91903673874,2014,"{""type"":""MultiPoint"",""coordinates"":[]}"
2_00000000000000001e36,3019,27485,Sincanli,Turkey,0.3096486055519938,1.4215374145679076,25714.29716977449,2014,"{""type"":""MultiPoint"",""coordinates"":[]}"
2_00000000000000001e37,3019,27486,Suhut,Turkey,0.31124499142190915,1.8714861366708118,21677.356030442294,2014,"{""type"":""MultiPoint"",""coordinates"":[]}"
2_00000000000000001e38,3019,27487,Sultandagi,Turkey,0.1868612332501224,1.8079708235077754,14117.86072954125,2014,"{""type"":""MultiPoint"",""coordinates"":[]}"
2_00000000000000001e39,3021,27496,Agacoren,Turkey,0.1399135266331804,0.3025322080254757,2473.4146898609456,2014,"{""type"":""MultiPoint"",""coordinates"":[]}"
2_00000000000000001e3a,3021,27497,Eskil,Turkey,0.15254062864811313,0.6651763427956611,18025.24712401756,2014,"{""type"":""MultiPoint"",""coordinates"":[]}"
2_00000000000000001e3b,3021,27498,Gulagac,Turkey,0.5317192187095006,1.7146694459775513,14033.552081657117,2014,"{""type"":""MultiPoint"",""coordinates"":[]}"
2_00000000000000001e3c,3021,27499,Guzelyurt,Turkey,1.0299203764732185,1.906814493048359,14007.178621133107,2014,"{""type"":""MultiPoint"",""coordinates"":[]}"
2_00000000000000001e3d,3021,27500,Merkez,Turkey,0.17485383528633208,5.198158188089267,192902.97880785147,2014,"{""type"":""MultiPoint"",""coordinates"":[]}"
2_00000000000000001e3e,3021,27501,Ortakoy,Turkey,0.3562859238772658,3.469786893802442,20051.19962961964,2014,"{""type"":""MultiPoint"",""coordinates"":[]}"
2_00000000000000001e3f,3021,27502,Sariyahsi,Turkey,0.13271541498119807,0.34543293643452405,1100.6009373257325,2014,"{""type"":""MultiPoint"",""coordinates"":[]}"
2_00000000000000001e40,3023,27511,Altindag,Turkey,14.489256070805334,40.79841140988728,462451.36936998507,2014,"{""type"":""MultiPoint"",""coordinates"":[]}"
2_00000000000000001e41,3023,27512,Ayas,Turkey,0.08981093182888696,0.5398688127983663,5580.692363835706,2014,"{""type"":""MultiPoint"",""coordinates"":[]}"
2_00000000000000001e42,3023,27513,Bala,Turkey,0.08817457581597997,0.5927823661309553,11020.905378193947,2014,"{""type"":""MultiPoint"",""coordinates"":[]}"
2_00000000000000001e43,3023,27514,Beypazari,Turkey,0.31160151933455044,2.244782577022219,24515.893046206096,2014,"{""type"":""MultiPoint"",""coordinates"":[]}"
2_00000000000000001e44,3023,27516,Cankaya,Turkey,18.275318478185365,17.387008249137782,474348.75416300446,2014,"{""type"":""MultiPoint"",""coordinates"":[]}"
2_00000000000000001e45,3023,27518,Elmadag,Turkey,0.07775272714834396,3.3072497718648104,34565.25276162624,2014,"{""type"":""MultiPoint"",""coordinates"":[]}"
2_00000000000000001e46,3023,27519,Etimesgut,Turkey,13.060643650867169,40.54159890705882,268111.69272270665,2014,"{""type"":""MultiPoint"",""coordinates"":[]}"
2_00000000000000001e47,3023,27520,Evren,Turkey,0.1674060839063981,0.20485185582952722,688.0472793514676,2014,"{""type"":""MultiPoint"",""coordinates"":[]}"
2_00000000000000001e48,3023,27521,Golbasi,Turkey,0.8676545962933311,4.329376073885676,120678.84489272929,2014,"{""type"":""MultiPoint"",""coordinates"":[]}"
2_00000000000000001e49,3023,27522,Gudul,Turkey,0.2795511893763941,0.6418159356882615,4584.8880622618635,2014,"{""type"":""MultiPoint"",""coordinates"":[]}"
2_00000000000000001e4a,3023,27523,Haymana,Turkey,0.05451023297530106,0.8516149326374924,13030.037336178804,2014,"{""type"":""MultiPoint"",""coordinates"":[]}"
2_00000000000000001e4b,3023,27525,Kazan,Turkey,0.6913851507627182,1.9887355768954131,33291.84488805686,2014,"{""type"":""MultiPoint"",""coordinates"":[]}"
2_00000000000000001e4c,3023,27526,Kecioren,Turkey,37.022039966025,56.00769204442731,781134.5247721807,2014,"{""type"":""MultiPoint"",""coordinates"":[]}"
2_00000000000000001e4d,3023,27528,Mamak,Turkey,12.506458407145189,32.2151826808058,451880.2137873623,2014,"{""type"":""MultiPoint"",""coordinates"":[]}"
2_00000000000000001e4e,3023,27529,Nallihan,Turkey,0.17711473924489893,1.0002034019946882,12726.134570152284,2014,"{""type"":""MultiPoint"",""coordinates"":[]}"
2_00000000000000001e4f,3023,27530,Polatli,Turkey,0.3692492531156226,2.8259182346758784,80410.59390680405,2014,"{""type"":""MultiPoint"",""coordinates"":[]}"
2_00000000000000001e50,3023,27531,S.kochisar,Turkey,0.1823184420864312,1.6584865279565013,16231.871895283577,2014,"{""type"":""MultiPoint"",""coordinates"":[]}"
2_00000000000000001e51,3023,27532,Sincan,Turkey,6.945223881451541,50.40737017515705,555719.9655812432,2014,"{""type"":""MultiPoint"",""coordinates"":[]}"
2_00000000000000001e52,3023,27533,Yenimahalle,Turkey,11.011179420377657,20.22255030072618,643529.5223816938,2014,"{""type"":""MultiPoint"",""coordinates"":[]}"
2_00000000000000001e53,3024,27534,Akseki,Turkey,0.031577648300715876,0.6219841888753457,4824.289862173394,2014,"{""type"":""MultiPoint"",""coordinates"":[]}"
2_00000000000000001e54,3024,27535,Alanya,Turkey,0.6205447893035334,5.559185129112821,166017.2099597207,2014,"{""type"":""MultiPoint"",""coordinates"":[]}"
2_00000000000000001e55,3024,27536,Elmali,Turkey,0.18000323948268918,1.3150274070261365,23635.93784766712,2014,"{""type"":""MultiPoint"",""coordinates"":[]}"
2_00000000000000001e56,3024,27537,Finike,Turkey,0.36134700247354523,3.3239221547290643,39247.78958214637,2014,"{""type"":""MultiPoint"",""coordinates"":[]}"
2_00000000000000001e57,3024,27538,Gazipasa,Turkey,0.3088597577907409,2.1595658551188137,28757.75135601335,2014,"{""type"":""MultiPoint"",""coordinates"":[]}"
2_00000000000000001e58,3024,27539,Gundogmus,Turkey,0.07028968250139124,0.25231424410252024,3045.208927557299,2014,"{""type"":""MultiPoint"",""coordinates"":[]}"
2_00000000000000001e59,3024,27540,Ibradi,Turkey,0.008937465628697927,0.16585642747579027,1037.5021644935816,2014,"{""type"":""MultiPoint"",""coordinates"":[]}"
2_00000000000000001e5a,3024,27541,Kale,Turkey,0.1769714211240025,2.000689409416879,20691.37075179271,2014,"{""type"":""MultiPoint"",""coordinates"":[]}"
2_00000000000000001e5b,3024,27542,Kas,Turkey,0.17993006745637866,1.156347419203026,40972.029798675074,2014,"{""type"":""MultiPoint"",""coordinates"":[]}"
2_00000000000000001e5c,3024,27543,Kemer,Turkey,0.4024713867123472,2.048201135770319,24818.886466817923,2014,"{""type"":""MultiPoint"",""coordinates"":[]}"
2_00000000000000001e5d,3024,27544,Korkuteli,Turkey,0.061212765950751764,1.3274104368294342,32029.395908795603,2014,"{""type"":""MultiPoint"",""coordinates"":[]}"
2_00000000000000001e5e,3024,27545,Kumluca,Turkey,0.30809994839302624,1.8805004397694827,49049.17363014229,2014,"{""type"":""MultiPoint"",""coordinates"":[]}"
2_00000000000000001e5f,3024,27546,Manavgat,Turkey,0.6831145301075174,3.1755708054573306,117711.18440374159,2014,"{""type"":""MultiPoint"",""coordinates"":[]}"
2_00000000000000001e60,3024,27547,Merkez,Turkey,1.4226996334455084,13.297232564617612,899642.6117551343,2014,"{""type"":""MultiPoint"",""coordinates"":[]}"
2_00000000000000001e61,3024,27548,Serik,Turkey,0.5614868636763977,1.791234645418568,83572.10210621372,2014,"{""type"":""MultiPoint"",""coordinates"":[]}"
2_00000000000000001e62,3027,27563,Bozdogan,Turkey,0.610051585396833,2.0752210394310087,17828.37749833823,2014,"{""type"":""MultiPoint"",""coordinates"":[]}"
2_00000000000000001e63,3027,27564,Buharkent,Turkey,1.0551255339322039,2.074788014655279,6806.711665042957,2014,"{""type"":""MultiPoint"",""coordinates"":[]}"
2_00000000000000001e64,3027,27565,Cine,Turkey,0.36617103573832316,2.6115117165269286,36011.84512492803,2014,"{""type"":""MultiPoint"",""coordinates"":[]}"
2_00000000000000001e65,3027,27566,Germencik,Turkey,0.6836783235142339,2.6485489114137066,31062.337130410328,2014,"{""type"":""MultiPoint"",""coordinates"":[]}"
2_00000000000000001e66,3027,27567,Incirliova,Turkey,1.6245884610831591,3.831515318843536,31236.855311046314,2014,"{""type"":""MultiPoint"",""coordinates"":[]}"
2_00000000000000001e67,3027,27568,Karacasu,Turkey,0.4375541264264764,1.5686381074141063,10282.666140014855,2014,"{""type"":""MultiPoint"",""coordinates"":[]}"
2_00000000000000001e68,3027,27569,Karpuzlu,Turkey,0.34192551108231817,0.8358432623507829,8309.156191763677,2014,"{""type"":""MultiPoint"",""coordinates"":[]}"
2_00000000000000001e69,3027,27570,Kocarli,Turkey,0.31118960212755536,1.5119873180200967,13936.11620030213,2014,"{""type"":""MultiPoint"",""coordinates"":[]}"
2_00000000000000001e6a,3027,27571,Kosk,Turkey,1.6285209661676858,5.146814443890213,26143.94666697354,2014,"{""type"":""MultiPoint"",""coordinates"":[]}"
2_00000000000000001e6b,3027,27572,Kusadasi,Turkey,1.8584480319419077,5.838721815753262,73747.92074043518,2014,"{""type"":""MultiPoint"",""coordinates"":[]}"
2_00000000000000001e6c,3027,27573,Kuyucak,Turkey,1.2392799562130312,7.04491648188256,34633.282552876495,2014,"{""type"":""MultiPoint"",""coordinates"":[]}"
2_00000000000000001e6d,3027,27574,Merkez,Turkey,2.742608677612714,13.221114609371547,212582.8241965783,2014,"{""type"":""MultiPoint"",""coordinates"":[]}"
2_00000000000000001e6e,3027,27575,Nazilli,Turkey,1.4505117009375663,12.55376073167467,96691.05485780005,2014,"{""type"":""MultiPoint"",""coordinates"":[]}"
2_00000000000000001e6f,3027,27576,Soke,Turkey,0.35476511699713686,3.98188602412805,72724.2981699247,2014,"{""type"":""MultiPoint"",""coordinates"":[]}"
2_00000000000000001e70,3027,27577,Sultanhisar,Turkey,0.5303796403498281,1.1653912335216428,6840.991907221921,2014,"{""type"":""MultiPoint"",""coordinates"":[]}"
2_00000000000000001e71,3027,27578,Yenihisar,Turkey,0.4335823451439001,4.041408306850783,52921.00378524163,2014,"{""type"":""MultiPoint"",""coordinates"":[]}"
2_00000000000000001e72,3027,27579,Yenipazar,Turkey,0.8047848929393105,2.7842780092342707,9438.369931117164,2014,"{""type"":""MultiPoint"",""coordinates"":[]}"
2_00000000000000001e73,3028,27580,Ayvalik,Turkey,0.8126939104528885,2.929621191429921,44270.13353068409,2014,"{""type"":""MultiPoint"",""coordinates"":[]}"
2_00000000000000001e74,3028,27581,Balya,Turkey,0.10772327627023076,0.4410719612304054,5067.743469554771,2014,"{""type"":""MultiPoint"",""coordinates"":[]}"
2_00000000000000001e75,3028,27582,Bandirma,Turkey,1.1134355551151596,5.779290893704713,110295.0407621184,2014,"{""type"":""MultiPoint"",""coordinates"":[]}"
2_00000000000000001e76,3028,27583,Bigadic,Turkey,0.310449170840144,1.711646592977994,32985.5929491763,2014,"{""type"":""MultiPoint"",""coordinates"":[]}"
2_00000000000000001e77,3028,27584,Burhaniye,Turkey,0.8702496451015644,4.182443982994577,38526.05685006414,2014,"{""type"":""MultiPoint"",""coordinates"":[]}"
2_00000000000000001e78,3028,27585,Dursunbey,Turkey,0.18273818821929075,1.4558511873379898,21576.6500872047,2014,"{""type"":""MultiPoint"",""coordinates"":[]}"
2_00000000000000001e79,3028,27586,Edremit,Turkey,2.374083682798192,6.657393141143842,105158.28695434853,2014,"{""type"":""MultiPoint"",""coordinates"":[]}"
2_00000000000000001e7a,3028,27587,Erdek,Turkey,0.878348102688863,3.717210255368654,11755.651211577866,2014,"{""type"":""MultiPoint"",""coordinates"":[]}"
2_00000000000000001e7b,3028,27588,Gomec,Turkey,0.468328067030265,1.0142572348481735,7778.801823992666,2014,"{""type"":""MultiPoint"",""coordinates"":[]}"
2_00000000000000001e7c,3028,27589,Gonen,Turkey,0.36032653348498045,3.1738939872795586,49167.03722810336,2014,"{""type"":""MultiPoint"",""coordinates"":[]}"
2_00000000000000001e7d,3028,27590,Havran,Turkey,0.6178103666852783,2.70199139514425,20745.12538625406,2014,"{""type"":""MultiPoint"",""coordinates"":[]}"
2_00000000000000001e7e,3028,27591,Ivrindi,Turkey,0.35831928302093263,1.6408849791754645,24568.430223561005,2014,"{""type"":""MultiPoint"",""coordinates"":[]}"
2_00000000000000001e7f,3028,27592,Kepsut,Turkey,0.30991085508504196,1.1641519178239497,14616.067307057585,2014,"{""type"":""MultiPoint"",""coordinates"":[]}"
2_00000000000000001e80,3028,27593,Manyas,Turkey,0.3410843675069148,0.946243899921104,13071.821366911197,2014,"{""type"":""MultiPoint"",""coordinates"":[]}"
2_00000000000000001e81,3028,27594,Marmara,Turkey,0.27840437987995625,0.9228440929549162,4803.110534343087,2014,"{""type"":""MultiPoint"",""coordinates"":[]}"
2_00000000000000001e82,3028,27595,Merkez,Turkey,0.726543131760815,7.91328369253267,283752.38906591816,2014,"{""type"":""MultiPoint"",""coordinates"":[]}"
2_00000000000000001e83,3028,27596,Savastepe,Turkey,0.1802440400446774,1.7229731003477835,14625.797732960327,2014,"{""type"":""MultiPoint"",""coordinates"":[]}"
2_00000000000000001e84,3028,27597,Sindirgi,Turkey,0.30975506169277645,1.839824910198506,18300.427182572028,2014,"{""type"":""MultiPoint"",""coordinates"":[]}"
2_00000000000000001e85,3028,27598,Susurluk,Turkey,0.4389625283864684,1.917475593930058,29485.42634720655,2014,"{""type"":""MultiPoint"",""coordinates"":[]}"
2_00000000000000001e86,3032,27612,Bozuyuk,Turkey,0.5610999084735969,4.097618551800715,47269.172387685714,2014,"{""type"":""MultiPoint"",""coordinates"":[]}"
2_00000000000000001e87,3032,27613,Golpazari,Turkey,0.30404826214754405,1.7246037417621947,7006.5910235800875,2014,"{""type"":""MultiPoint"",""coordinates"":[]}"
2_00000000000000001e88,3032,27614,Inhisar,Turkey,0.1480949465569582,0.3690042201940434,1130.350849717483,2014,"{""type"":""MultiPoint"",""coordinates"":[]}"
2_00000000000000001e89,3032,27615,Merkez,Turkey,0.362297401480473,3.3516223201939126,63918.189191434954,2014,"{""type"":""MultiPoint"",""coordinates"":[]}"
2_00000000000000001e8a,3032,27616,Osmaneli,Turkey,0.17735587321279508,1.6884334173899735,18632.817993592755,2014,"{""type"":""MultiPoint"",""coordinates"":[]}"
2_00000000000000001e8b,3032,27617,Pazaryeri,Turkey,0.3145922909708083,1.1692932205576996,8488.847048972919,2014,"{""type"":""MultiPoint"",""coordinates"":[]}"
2_00000000000000001e8c,3032,27618,Sogut,Turkey,0.3098360055988905,2.8087201125747887,16630.132589708493,2014,"{""type"":""MultiPoint"",""coordinates"":[]}"
2_00000000000000001e8d,3032,27619,Yenipazar,Turkey,0.10537996543226419,0.22744843802133355,1229.6652954644212,2014,"{""type"":""MultiPoint"",""coordinates"":[]}"
2_00000000000000001e8e,3035,27643,Goynuk,Turkey,0.15174491362568818,0.584082246224729,8424.883848774938,2014,"{""type"":""MultiPoint"",""coordinates"":[]}"
2_00000000000000001e8f,3035,27645,Kibriscik,Turkey,0.07674018193345301,0.39417063039515626,1117.0952795317617,2014,"{""type"":""MultiPoint"",""coordinates"":[]}"
2_00000000000000001e90,3035,27648,Mudurnu,Turkey,0.20245282735385345,0.6388213456348978,9720.969668578386,2014,"{""type"":""MultiPoint"",""coordinates"":[]}"
2_00000000000000001e91,3035,27649,Seben,Turkey,0.07635215720761167,0.41510779629792594,2347.1953654287386,2014,"{""type"":""MultiPoint"",""coordinates"":[]}"
2_00000000000000001e92,3036,27652,Aglasun,Turkey,0.056491941239660115,1.4863026953100804,5485.151878779199,2014,"{""type"":""MultiPoint"",""coordinates"":[]}"
2_00000000000000001e93,3036,27653,Altinyayla,Turkey,0.568983676507301,2.272810765089894,4571.6399798193515,2014,"{""type"":""MultiPoint"",""coordinates"":[]}"
2_00000000000000001e94,3036,27654,Bucak,Turkey,0.10300218191171921,2.6326671852919588,41568.93926410971,2014,"{""type"":""MultiPoint"",""coordinates"":[]}"
2_00000000000000001e95,3036,27655,Cavdir,Turkey,0.21587606630055156,1.3264253138371311,9073.628257545764,2014,"{""type"":""MultiPoint"",""coordinates"":[]}"
2_00000000000000001e96,3036,27656,Celtikci,Turkey,0.20397047157078702,0.6766806201556149,4838.679082718461,2014,"{""type"":""MultiPoint"",""coordinates"":[]}"
2_00000000000000001e97,3036,27657,Golhisar,Turkey,0.3064583415489019,3.3913298243877974,14856.53637741699,2014,"{""type"":""MultiPoint"",""coordinates"":[]}"
2_00000000000000001e98,3036,27658,Karamanli,Turkey,0.1524912998330894,1.3687359537615031,5051.212293231977,2014,"{""type"":""MultiPoint"",""coordinates"":[]}"
2_00000000000000001e99,3036,27659,Kemer,Turkey,0.04297872960916704,0.43136349898812876,1627.9406523382438,2014,"{""type"":""MultiPoint"",""coordinates"":[]}"
2_00000000000000001e9a,3036,27660,Merkez,Turkey,0.3608697875922858,4.4100531066540105,83079.55077586178,2014,"{""type"":""MultiPoint"",""coordinates"":[]}"
2_00000000000000001e9b,3036,27661,Tefenni,Turkey,0.155050631242854,1.3298936217360922,4862.916532985832,2014,"{""type"":""MultiPoint"",""coordinates"":[]}"
2_00000000000000001e9c,3036,27662,Yesilova,Turkey,0.05927034813139749,1.0341520729885985,8434.881131324297,2014,"{""type"":""MultiPoint"",""coordinates"":[]}"
2_00000000000000001e9d,3037,27663,Buyukorhan,Turkey,0.21785719858070873,0.9176177495129831,6382.685783711231,2014,"{""type"":""MultiPoint"",""coordinates"":[]}"
2_00000000000000001e9e,3037,27664,Gemlik,Turkey,0.6109059437056852,6.263518808690521,72091.67071811763,2014,"{""type"":""MultiPoint"",""coordinates"":[]}"
2_00000000000000001e9f,3037,27665,Gursu,Turkey,1.7785321659243725,7.701803569161635,40697.11116959593,2014,"{""type"":""MultiPoint"",""coordinates"":[]}"
2_00000000000000001ea0,3037,27666,Harmancik,Turkey,0.21838363838546304,0.46408765059442747,3706.5470628900202,2014,"{""type"":""MultiPoint"",""coordinates"":[]}"
2_00000000000000001ea1,3037,27667,Inegol,Turkey,0.7256699184002897,7.9649609624994335,186503.11259036738,2014,"{""type"":""MultiPoint"",""coordinates"":[]}"
2_00000000000000001ea2,3037,27668,Iznik,Turkey,0.1033570477207593,2.581792943916474,33540.024261852675,2014,"{""type"":""MultiPoint"",""coordinates"":[]}"
2_00000000000000001ea3,3037,27669,Karacabey,Turkey,0.5604859551583864,2.211517078748742,48665.66151258969,2014,"{""type"":""MultiPoint"",""coordinates"":[]}"
2_00000000000000001ea4,3037,27670,Keles,Turkey,0.21461623712448213,0.6999133208882317,7233.694477167392,2014,"{""type"":""MultiPoint"",""coordinates"":[]}"
2_00000000000000001ea5,3037,27671,Kestel,Turkey,0.1656331367997314,3.834899499028114,35142.96238939752,2014,"{""type"":""MultiPoint"",""coordinates"":[]}"
2_00000000000000001ea6,3037,27672,M.kemalpasa,Turkey,0.6201779439495468,2.6411936105501748,67211.99216618943,2014,"{""type"":""MultiPoint"",""coordinates"":[]}"
2_00000000000000001ea7,3037,27673,Mudanya,Turkey,0.8661879728621857,4.893401552480635,70690.02838643342,2014,"{""type"":""MultiPoint"",""coordinates"":[]}"
2_00000000000000001ea8,3037,27674,Nilufer,Turkey,1.2759258552338735,54.42968823556342,721839.633573454,2014,"{""type"":""MultiPoint"",""coordinates"":[]}"
2_00000000000000001ea9,3037,27675,Orhaneli,Turkey,0.31221132620951464,0.9260803418419172,13976.842359789389,2014,"{""type"":""MultiPoint"",""coordinates"":[]}"
2_00000000000000001eaa,3037,27676,Orhangazi,Turkey,0.8709274734481179,4.125627763270665,60136.31241063193,2014,"{""type"":""MultiPoint"",""coordinates"":[]}"
2_00000000000000001eab,3037,27677,Osmangazi,Turkey,3.4470758221324833,30.50055719455602,657907.6266679135,2014,"{""type"":""MultiPoint"",""coordinates"":[]}"
2_00000000000000001eac,3037,27678,Yenisehir,Turkey,0.36209225423853353,1.9616848161809128,37141.41734805712,2014,"{""type"":""MultiPoint"",""coordinates"":[]}"
2_00000000000000001ead,3037,27679,Yildirim,Turkey,178.46332534840732,187.8137705074912,182668.83451071344,2014,"{""type"":""MultiPoint"",""coordinates"":[]}"
2_00000000000000001eae,3038,27680,Ayvacik,Turkey,0.17898033336526512,1.0404637556953917,18612.311866328415,2014,"{""type"":""MultiPoint"",""coordinates"":[]}"
2_00000000000000001eaf,3038,27681,Bayramic,Turkey,0.1785758718979667,1.714482445683907,17742.298027522498,2014,"{""type"":""MultiPoint"",""coordinates"":[]}"
2_00000000000000001eb0,3038,27682,Biga,Turkey,0.1807375407033655,1.5015359956521197,61367.01489018359,2014,"{""type"":""MultiPoint"",""coordinates"":[]}"
2_00000000000000001eb1,3038,27683,Bozcaada,Turkey,0.22221073007022127,0.7395281281661099,1631.8479598471786,2014,"{""type"":""MultiPoint"",""coordinates"":[]}"
2_00000000000000001eb2,3038,27684,Can,Turkey,0.1119755524287508,2.543923594012632,35783.97356228282,2014,"{""type"":""MultiPoint"",""coordinates"":[]}"
2_00000000000000001eb3,3038,27685,Eceabat,Turkey,0.09007129371463478,0.7892101335409156,4672.234660532822,2014,"{""type"":""MultiPoint"",""coordinates"":[]}"
2_00000000000000001eb4,3038,27686,Ezine,Turkey,0.3078381151259528,1.5421913350505603,26675.974413838907,2014,"{""type"":""MultiPoint"",""coordinates"":[]}"
2_00000000000000001eb5,3038,27687,Gelibolu,Turkey,0.17762858994433256,1.3578808616271156,25879.11041296149,2014,"{""type"":""MultiPoint"",""coordinates"":[]}"
2_00000000000000001eb6,3038,27688,Gokceada,Turkey,0.15297316269606506,0.7542315440168569,3822.3498252221693,2014,"{""type"":""MultiPoint"",""coordinates"":[]}"
2_00000000000000001eb7,3038,27689,Lapseki,Turkey,0.06449333288973533,1.056722638380575,18672.27967692053,2014,"{""type"":""MultiPoint"",""coordinates"":[]}"
2_00000000000000001eb8,3038,27690,Merkez,Turkey,0.11418592976749493,5.118975339601478,116463.86168448399,2014,"{""type"":""MultiPoint"",""coordinates"":[]}"
2_00000000000000001eb9,3038,27691,Yenice,Turkey,0.11057093919043005,1.2306993009026452,21441.527558447797,2014,"{""type"":""MultiPoint"",""coordinates"":[]}"
2_00000000000000001eba,3041,27718,Acipayam,Turkey,0.4358616714382067,1.9088237297590485,34932.974533640896,2014,"{""type"":""MultiPoint"",""coordinates"":[]}"
2_00000000000000001ebb,3041,27719,Akkoy,Turkey,0.13998258292002616,0.5892400725450947,4250.1386143921345,2014,"{""type"":""MultiPoint"",""coordinates"":[]}"
2_00000000000000001ebc,3041,27720,Babadag,Turkey,1.0156653515005734,1.2963562491656542,2798.0781943854167,2014,"{""type"":""MultiPoint"",""coordinates"":[]}"
2_00000000000000001ebd,3041,27721,Baklan,Turkey,0.05499840408070491,0.41315670546372557,3252.6283319040945,2014,"{""type"":""MultiPoint"",""coordinates"":[]}"
2_00000000000000001ebe,3041,27722,Bekilli,Turkey,0.3445685278982225,1.0770447700868087,3678.1456247214064,2014,"{""type"":""MultiPoint"",""coordinates"":[]}"
2_00000000000000001ebf,3041,27723,Beyagac,Turkey,0.4861510427047809,1.2273470575222354,5145.7307126829955,2014,"{""type"":""MultiPoint"",""coordinates"":[]}"
2_00000000000000001ec0,3041,27724,Bozkurt,Turkey,0.050010600413026754,1.525337811927571,6834.407938520439,2014,"{""type"":""MultiPoint"",""coordinates"":[]}"
2_00000000000000001ec1,3041,27725,Buldan,Turkey,0.9407793764804819,2.831678217482075,17365.0678774047,2014,"{""type"":""MultiPoint"",""coordinates"":[]}"
2_00000000000000001ec2,3041,27726,Cal,Turkey,0.08564488725562164,1.0005823656388082,11493.845001863967,2014,"{""type"":""MultiPoint"",""coordinates"":[]}"
2_00000000000000001ec3,3041,27727,Cameli,Turkey,0.3083265446100965,1.6204951163594274,13184.085081106607,2014,"{""type"":""MultiPoint"",""coordinates"":[]}"
2_00000000000000001ec4,3041,27728,Cardak,Turkey,0.177797131689821,1.1962803895077205,7690.175210036673,2014,"{""type"":""MultiPoint"",""coordinates"":[]}"
2_00000000000000001ec5,3041,27729,Civril,Turkey,0.09691621688353814,2.026401746814737,44846.1234504404,2014,"{""type"":""MultiPoint"",""coordinates"":[]}"
2_00000000000000001ec6,3041,27730,Guney,Turkey,0.08518744471617183,0.7894275095823771,5914.64295688059,2014,"{""type"":""MultiPoint"",""coordinates"":[]}"
2_00000000000000001ec7,3041,27731,Honaz,Turkey,0.5554629678792655,2.4228619326240532,31191.924195776937,2014,"{""type"":""MultiPoint"",""coordinates"":[]}"
2_00000000000000001ec8,3041,27732,Kale,Turkey,0.30287385594901134,2.8123736097946326,11136.770122492722,2014,"{""type"":""MultiPoint"",""coordinates"":[]}"
2_00000000000000001ec9,3041,27733,Merkez,Turkey,4.754902002270704,17.4100367249796,484995.70407098345,2014,"{""type"":""MultiPoint"",""coordinates"":[]}"
2_00000000000000001eca,3041,27734,Saraykoy,Turkey,0.9374495998364196,2.3197071082042684,19604.274989673027,2014,"{""type"":""MultiPoint"",""coordinates"":[]}"
2_00000000000000001ecb,3041,27735,Serinhisar,Turkey,0.5563173805250923,3.248528228961365,10604.666270223015,2014,"{""type"":""MultiPoint"",""coordinates"":[]}"
2_00000000000000001ecc,3041,27736,Tavas,Turkey,0.4343179820892761,2.0977743829514885,31183.610157325067,2014,"{""type"":""MultiPoint"",""coordinates"":[]}"
2_00000000000000001ecd,3043,27751,Enez,Turkey,0.15536866395443602,0.7288595636991811,6129.591840483671,2014,"{""type"":""MultiPoint"",""coordinates"":[]}"
2_00000000000000001ece,3043,27752,Havsa,Turkey,0.28091540666121084,1.037061271296093,12571.215025134685,2014,"{""type"":""MultiPoint"",""coordinates"":[]}"
2_00000000000000001ecf,3043,27753,Ipsala,Turkey,0.17747711066629754,1.027309526900063,20951.76117412649,2014,"{""type"":""MultiPoint"",""coordinates"":[]}"
2_00000000000000001ed0,3043,27754,Kesan,Turkey,0.12050819817900013,2.495702762135737,50506.34244673598,2014,"{""type"":""MultiPoint"",""coordinates"":[]}"
2_00000000000000001ed1,3043,27756,Meric,Turkey,0.08613846286903394,0.8054064371406636,10408.642583135272,2014,"{""type"":""MultiPoint"",""coordinates"":[]}"
2_00000000000000001ed2,3043,27757,Merkez,Turkey,0.8707249604835423,6.591662646716617,122883.72805145997,2014,"{""type"":""MultiPoint"",""coordinates"":[]}"
2_00000000000000001ed3,3043,27758,Suleoglu,Turkey,0.1397005704350035,0.6741953118960933,4653.967446799789,2014,"{""type"":""MultiPoint"",""coordinates"":[]}"
2_00000000000000001ed4,3043,27759,Uzunkopru,Turkey,0.17889282857590122,1.9186937427986808,45250.27924490906,2014,"{""type"":""MultiPoint"",""coordinates"":[]}"
2_00000000000000001ed5,3047,27799,Alpu,Turkey,0.15589643266395645,1.1639109894301927,8467.932579428702,2014,"{""type"":""MultiPoint"",""coordinates"":[]}"
2_00000000000000001ed6,3047,27800,Beylikova,Turkey,0.09184567209115747,0.8723495811046652,3149.6277693644092,2014,"{""type"":""MultiPoint"",""coordinates"":[]}"
2_00000000000000001ed7,3047,27801,Cifteler,Turkey,0.18008129010834253,2.0418418734768236,9774.530518223972,2014,"{""type"":""MultiPoint"",""coordinates"":[]}"
2_00000000000000001ed8,3047,27802,Gunyuzu,Turkey,0.022047768470331134,0.3526138017019915,3777.272298782776,2014,"{""type"":""MultiPoint"",""coordinates"":[]}"
2_00000000000000001ed9,3047,27803,Han,Turkey,0.1520816991707912,0.6394205519369877,1748.9831210659195,2014,"{""type"":""MultiPoint"",""coordinates"":[]}"
2_00000000000000001eda,3047,27804,Inonu,Turkey,0.23429099312904128,0.747526289190539,4521.5727849780615,2014,"{""type"":""MultiPoint"",""coordinates"":[]}"
2_00000000000000001edb,3047,27805,Mahmudiye,Turkey,0.14017712648266767,0.5276127618850587,4492.386802409172,2014,"{""type"":""MultiPoint"",""coordinates"":[]}"
2_00000000000000001edc,3047,27806,Merkez,Turkey,0.7167980204035512,11.952556235088386,527890.0056759506,2014,"{""type"":""MultiPoint"",""coordinates"":[]}"
2_00000000000000001edd,3047,27807,Mihalgazi,Turkey,0.2407208593101796,0.4114549833319931,862.5060366606597,2014,"{""type"":""MultiPoint"",""coordinates"":[]}"
2_00000000000000001ede,3047,27808,Mihaliccik,Turkey,0.08971531080646494,0.3953876538567471,4184.7099699488635,2014,"{""type"":""MultiPoint"",""coordinates"":[]}"
2_00000000000000001edf,3047,27809,Saricakaya,Turkey,0.2739251857259485,0.5409076433900917,2313.366120783181,2014,"{""type"":""MultiPoint"",""coordinates"":[]}"
2_00000000000000001ee0,3047,27810,Seyitgazi,Turkey,0.026715199098583414,0.5594033156944788,8378.355419715062,2014,"{""type"":""MultiPoint"",""coordinates"":[]}"
2_00000000000000001ee1,3047,27811,Sivrihisar,Turkey,0.15612730283842036,0.6276170452405097,10606.045122736223,2014,"{""type"":""MultiPoint"",""coordinates"":[]}"
2_00000000000000001ee2,3048,27812,Araban,Turkey,0.6241391045434501,3.6043655069941676,16992.46009334373,2014,"{""type"":""MultiPoint"",""coordinates"":[]}"
2_00000000000000001ee3,3048,27813,Islahiye,Turkey,0.3574354832580993,3.1411260144557165,37113.9599564962,2014,"{""type"":""MultiPoint"",""coordinates"":[]}"
2_00000000000000001ee4,3048,27814,Kargamis,Turkey,0.4336416737892852,1.6630334248419867,15464.254943368469,2014,"{""type"":""MultiPoint"",""coordinates"":[]}"
2_00000000000000001ee5,3048,27815,Nizip,Turkey,0.7307385774582852,6.038790018489274,113095.49014556549,2014,"{""type"":""MultiPoint"",""coordinates"":[]}"
2_00000000000000001ee6,3048,27816,Nurdagi,Turkey,0.17999603528027724,1.8779078187748053,21221.914495194775,2014,"{""type"":""MultiPoint"",""coordinates"":[]}"
2_00000000000000001ee7,3048,27817,Oguzeli,Turkey,0.30908044615314184,3.0355482566246637,42830.778663916426,2014,"{""type"":""MultiPoint"",""coordinates"":[]}"
2_00000000000000001ee8,3048,27818,Sahinbey,Turkey,0.6635293535997195,29.442222123097306,811639.9059323185,2014,"{""type"":""MultiPoint"",""coordinates"":[]}"
2_00000000000000001ee9,3048,27819,Sehitkamil,Turkey,0.563406268025113,14.768052086251945,489903.454068001,2014,"{""type"":""MultiPoint"",""coordinates"":[]}"
2_00000000000000001eea,3048,27820,Yavuzeli,Turkey,0.3549611751117771,1.8068476855536892,11564.701063364186,2014,"{""type"":""MultiPoint"",""coordinates"":[]}"
2_00000000000000001eeb,3052,27847,Altinozu,Turkey,0.810543988282552,1.660690555574776,40148.06342569734,2014,"{""type"":""MultiPoint"",""coordinates"":[]}"
2_00000000000000001eec,3052,27848,Belen,Turkey,0.876613554898722,5.415311220062653,42384.77397340856,2014,"{""type"":""MultiPoint"",""coordinates"":[]}"
2_00000000000000001eed,3052,27849,Dortyol,Turkey,2.87390878003989,6.456542794289343,100340.59086426465,2014,"{""type"":""MultiPoint"",""coordinates"":[]}"
2_00000000000000001eee,3052,27850,Erzin,Turkey,0.5576645770148704,1.588316636806806,21786.97251889502,2014,"{""type"":""MultiPoint"",""coordinates"":[]}"
2_00000000000000001eef,3052,27851,Hassa,Turkey,0.6128966573940848,3.8260758836169,37711.87487235009,2014,"{""type"":""MultiPoint"",""coordinates"":[]}"
2_00000000000000001ef0,3052,27852,Iskenderun,Turkey,2.233800019321296,11.215177741667851,266440.26618495793,2014,"{""type"":""MultiPoint"",""coordinates"":[]}"
2_00000000000000001ef1,3052,27853,Kirikhan,Turkey,0.2459694693812882,4.637896954944583,65710.82308517798,2014,"{""type"":""MultiPoint"",""coordinates"":[]}"
2_00000000000000001ef2,3052,27854,Kumlu,Turkey,0.2645235331700459,0.7592767941441242,6865.267248601729,2014,"{""type"":""MultiPoint"",""coordinates"":[]}"
2_00000000000000001ef3,3052,27855,Merkez,Turkey,2.2320253547980737,11.681577135594155,425428.5490296779,2014,"{""type"":""MultiPoint"",""coordinates"":[]}"
2_00000000000000001ef4,3052,27856,Reyhanli,Turkey,0.7161848449830832,6.204483688561956,68947.574320646,2014,"{""type"":""MultiPoint"",""coordinates"":[]}"
2_00000000000000001ef5,3052,27857,Samandagi,Turkey,2.7456726553573083,7.651626891208879,111037.67973213208,2014,"{""type"":""MultiPoint"",""coordinates"":[]}"
2_00000000000000001ef6,3052,27858,Yayladagi,Turkey,0.3018543395249019,1.3229235980201153,20762.17232363722,2014,"{""type"":""MultiPoint"",""coordinates"":[]}"
2_00000000000000001ef7,3053,27859,Anamur,Turkey,0.08513859358167332,2.9579222122756215,41778.561973805976,2014,"{""type"":""MultiPoint"",""coordinates"":[]}"
2_00000000000000001ef8,3053,27860,Aydincik,Turkey,0.0772803204818537,1.0849006786582538,8432.502193167624,2014,"{""type"":""MultiPoint"",""coordinates"":[]}"
2_00000000000000001ef9,3053,27861,Bozyazi,Turkey,0.043691484541537505,1.2930123505619802,16395.9681363399,2014,"{""type"":""MultiPoint"",""coordinates"":[]}"
2_00000000000000001efa,3053,27862,Camliyayla,Turkey,0.11674512807670533,0.2799993336513915,4171.473949896472,2014,"{""type"":""MultiPoint"",""coordinates"":[]}"
2_00000000000000001efb,3053,27863,Erdemli,Turkey,0.11137714394142383,3.0494740841321373,95541.70189257688,2014,"{""type"":""MultiPoint"",""coordinates"":[]}"
2_00000000000000001efc,3053,27864,Gulnar,Turkey,0.05079594861154023,0.7483855572154929,19251.360851047117,2014,"{""type"":""MultiPoint"",""coordinates"":[]}"
2_00000000000000001efd,3053,27865,Merkez,Turkey,0.7308091108805046,17.450489648091757,723231.0038248815,2014,"{""type"":""MultiPoint"",""coordinates"":[]}"
2_00000000000000001efe,3053,27866,Mut,Turkey,0.08334917366505884,1.4681354195796283,41047.58808870028,2014,"{""type"":""MultiPoint"",""coordinates"":[]}"
2_00000000000000001eff,3053,27867,Silifke,Turkey,0.06984704622666812,1.9231874703968501,73892.87009678155,2014,"{""type"":""MultiPoint"",""coordinates"":[]}"
2_00000000000000001f00,3053,27868,Tarsus,Turkey,0.5714973341954819,9.793391271704595,345142.3531588505,2014,"{""type"":""MultiPoint"",""coordinates"":[]}"
2_00000000000000001f01,3055,27873,Aksu,Turkey,0.33609584055230324,0.8240557813592758,2832.662814501735,2014,"{""type"":""MultiPoint"",""coordinates"":[]}"
2_00000000000000001f02,3055,27874,Atabey,Turkey,0.21607551152788784,0.9083204104191909,3778.1458892166984,2014,"{""type"":""MultiPoint"",""coordinates"":[]}"
2_00000000000000001f03,3055,27875,Egirdir,Turkey,0.43192289173267245,1.6428687470742909,20742.337149131807,2014,"{""type"":""MultiPoint"",""coordinates"":[]}"
2_00000000000000001f04,3055,27876,Gelendost,Turkey,0.4354942151825924,1.8028169241239753,9064.091916651476,2014,"{""type"":""MultiPoint"",""coordinates"":[]}"
2_00000000000000001f05,3055,27877,Gonen,Turkey,0.34364094138064605,1.0212693868383123,7128.605177824358,2014,"{""type"":""MultiPoint"",""coordinates"":[]}"
2_00000000000000001f06,3055,27878,Keciborlu,Turkey,0.17757054393929173,1.5377134462054733,9834.972780244389,2014,"{""type"":""MultiPoint"",""coordinates"":[]}"
2_00000000000000001f07,3055,27879,Merkez,Turkey,1.2262335212800155,15.245802609840629,226289.87854968975,2014,"{""type"":""MultiPoint"",""coordinates"":[]}"
2_00000000000000001f08,3055,27880,Sarkikaraagac,Turkey,0.4348340449132373,1.7010035725341985,15160.20977054217,2014,"{""type"":""MultiPoint"",""coordinates"":[]}"
2_00000000000000001f09,3055,27881,Senirkent,Turkey,0.04551646550102255,1.5040591870775155,6983.529765001586,2014,"{""type"":""MultiPoint"",""coordinates"":[]}"
2_00000000000000001f0a,3055,27882,Sutculer,Turkey,0.07555353419808532,0.489357332445199,3582.921214965764,2014,"{""type"":""MultiPoint"",""coordinates"":[]}"
2_00000000000000001f0b,3055,27883,Uluborlu,Turkey,0.043234953666778334,1.8069171425592863,4200.994795986878,2014,"{""type"":""MultiPoint"",""coordinates"":[]}"
2_00000000000000001f0c,3055,27884,Yalvac,Turkey,0.17748092571309393,2.0520688003779557,28299.676834445927,2014,"{""type"":""MultiPoint"",""coordinates"":[]}"
2_00000000000000001f0d,3055,27885,Yenisarbademli,Turkey,0.1325090206933744,0.4531185635934685,894.5530599889945,2014,"{""type"":""MultiPoint"",""coordinates"":[]}"
2_00000000000000001f0e,3056,27886,Adalar,Turkey,6.426934405012885,4.889856800381146,6368.494891694947,2014,"{""type"":""MultiPoint"",""coordinates"":[]}"
2_00000000000000001f0f,3056,27887,Avcilar,Turkey,47.171203967271225,68.3538423998092,308746.1857253356,2014,"{""type"":""MultiPoint"",""coordinates"":[]}"
2_00000000000000001f10,3056,27888,B.cekmece,Turkey,11.51904120085607,38.63686700151759,692823.6958862685,2014,"{""type"":""MultiPoint"",""coordinates"":[]}"
2_00000000000000001f11,3056,27889,Bagcilar,Turkey,323.1037529355596,89.90381196333995,843100.895059316,2014,"{""type"":""MultiPoint"",""coordinates"":[]}"
2_00000000000000001f12,3056,27890,Bahcelievler,Turkey,247.06053352355957,120.7169848522841,461913.1188647775,2014,"{""type"":""MultiPoint"",""coordinates"":[]}"
2_00000000000000001f13,3056,27891,Bakirkoy,Turkey,29.571678237940116,44.585880487930005,123397.2552718556,2014,"{""type"":""MultiPoint"",""coordinates"":[]}"
2_00000000000000001f14,3056,27892,Bayrampasa,Turkey,240.89403254811356,69.8391498578201,218862.12860032625,2014,"{""type"":""MultiPoint"",""coordinates"":[]}"
2_00000000000000001f15,3056,27893,Besiktas,Turkey,39.76736596927583,17.319311125643694,98279.0510403652,2014,"{""type"":""MultiPoint"",""coordinates"":[]}"
2_00000000000000001f16,3056,27894,Beykoz,Turkey,4.52703433822623,20.104779261236832,248003.64303498247,2014,"{""type"":""MultiPoint"",""coordinates"":[]}"
2_00000000000000001f17,3056,27895,Beyoglu,Turkey,155.48981857299805,55.451046391131925,184396.83908081037,2014,"{""type"":""MultiPoint"",""coordinates"":[]}"
2_00000000000000001f18,3056,27896,Catalca,Turkey,0.7232838260289383,4.591802634423804,194909.54901864784,2014,"{""type"":""MultiPoint"",""coordinates"":[]}"
2_00000000000000001f19,3056,27897,Eminonu,Turkey,112.344095013999,41.33927475003397,39696.48493414486,2014,"{""type"":""MultiPoint"",""coordinates"":[]}"
2_00000000000000001f1a,3056,27898,Esenler,Turkey,101.98668950501802,139.1135708223082,557373.8042049848,2014,"{""type"":""MultiPoint"",""coordinates"":[]}"
2_00000000000000001f1b,3056,27899,Eyup,Turkey,2.898521655478417,43.97389450746697,398440.09464962996,2014,"{""type"":""MultiPoint"",""coordinates"":[]}"
2_00000000000000001f1c,3056,27900,Fatih,Turkey,148.42196756998698,43.2323448097976,192453.749942974,2014,"{""type"":""MultiPoint"",""coordinates"":[]}"
2_00000000000000001f1d,3056,27901,G.osmanpasa,Turkey,8.989225411802375,86.58122618316132,1037668.5027349569,2014,"{""type"":""MultiPoint"",""coordinates"":[]}"
2_00000000000000001f1e,3056,27902,Gungoren,Turkey,303.17298380533856,124.82923825619012,286453.5935957363,2014,"{""type"":""MultiPoint"",""coordinates"":[]}"
2_00000000000000001f1f,3056,27903,K.cekmece,Turkey,30.9926890706087,80.75990219356468,866846.6695675643,2014,"{""type"":""MultiPoint"",""coordinates"":[]}"
2_00000000000000001f20,3056,27904,Kadikoy,Turkey,103.51392705358202,32.23678845132165,370860.5122298599,2014,"{""type"":""MultiPoint"",""coordinates"":[]}"
2_00000000000000001f21,3056,27905,Kagithane,Turkey,194.9568619576267,74.60333523044953,392714.9124993642,2014,"{""type"":""MultiPoint"",""coordinates"":[]}"
2_00000000000000001f22,3056,27906,Kartal,Turkey,83.41203909400653,45.846010379604,266951.1558408102,2014,"{""type"":""MultiPoint"",""coordinates"":[]}"
2_00000000000000001f23,3056,27907,Maltepe,Turkey,30.49960743430574,37.56614930537752,569123.1297834818,2014,"{""type"":""MultiPoint"",""coordinates"":[]}"
2_00000000000000001f24,3056,27908,Pendik,Turkey,11.513141683030234,25.964931504885772,361225.3699945689,2014,"{""type"":""MultiPoint"",""coordinates"":[]}"
2_00000000000000001f25,3056,27909,Sariyer,Turkey,9.743456466730697,18.793068034134972,245249.48273211945,2014,"{""type"":""MultiPoint"",""coordinates"":[]}"
2_00000000000000001f26,3056,27910,Sile,Turkey,0.43627010485331924,2.8756462567654313,78831.48961599523,2014,"{""type"":""MultiPoint"",""coordinates"":[]}"
2_00000000000000001f27,3056,27911,Silivri,Turkey,0.6164644340701207,2.4170945523385075,103761.23546481445,2014,"{""type"":""MultiPoint"",""coordinates"":[]}"
2_00000000000000001f28,3056,27912,Sisli,Turkey,53.09662214655136,61.486110835746544,278819.98790952755,2014,"{""type"":""MultiPoint"",""coordinates"":[]}"
2_00000000000000001f29,3056,27913,Sultanbeyli,Turkey,62.9346816505465,55.831875101572955,200957.46814399795,2014,"{""type"":""MultiPoint"",""coordinates"":[]}"
2_00000000000000001f2a,3056,27914,Tuzla,Turkey,20.480184432356893,23.52448828871099,153894.24356679816,2014,"{""type"":""MultiPoint"",""coordinates"":[]}"
2_00000000000000001f2b,3056,27915,Umraniye,Turkey,37.06243372989335,49.29951518387643,916038.9539814373,2014,"{""type"":""MultiPoint"",""coordinates"":[]}"
2_00000000000000001f2c,3056,27916,Uskudar,Turkey,122.91278768218132,53.72980371743534,592312.4762313619,2014,"{""type"":""MultiPoint"",""coordinates"":[]}"
2_00000000000000001f2d,3056,27917,Zeytinburnu,Turkey,142.46360308483443,36.50353351513994,182724.53211456005,2014,"{""type"":""MultiPoint"",""coordinates"":[]}"
2_00000000000000001f2e,3057,27918,Aliaga,Turkey,0.9363664707295376,2.9699330884608064,62536.50369255601,2014,"{""type"":""MultiPoint"",""coordinates"":[]}"
2_00000000000000001f2f,3057,27919,Balcova,Turkey,18.24919067376247,12.595064902962159,54287.1678043099,2014,"{""type"":""MultiPoint"",""coordinates"":[]}"
2_00000000000000001f30,3057,27920,Bayindir,Turkey,0.6876901438591597,2.2197333156155152,25719.707888225235,2014,"{""type"":""MultiPoint"",""coordinates"":[]}"
2_00000000000000001f31,3057,27921,Bergama,Turkey,0.3089776773327704,2.4203621393342574,67676.67655279867,2014,"{""type"":""MultiPoint"",""coordinates"":[]}"
2_00000000000000001f32,3057,27922,Beydag,Turkey,0.8130821960094647,2.354535509527063,6553.992519935001,2014,"{""type"":""MultiPoint"",""coordinates"":[]}"
2_00000000000000001f33,3057,27923,Bornova,Turkey,4.926979049707388,24.613213200047362,397181.39501552656,2014,"{""type"":""MultiPoint"",""coordinates"":[]}"
2_00000000000000001f34,3057,27924,Buca,Turkey,6.834924273462995,60.539906867601545,419249.8726280857,2014,"{""type"":""MultiPoint"",""coordinates"":[]}"
2_00000000000000001f35,3057,27925,Cesme,Turkey,0.2786625496359179,1.8231903509279186,26823.47909601137,2014,"{""type"":""MultiPoint"",""coordinates"":[]}"
2_00000000000000001f36,3057,27926,Cigli,Turkey,5.257870393397059,16.38784892603107,87150.2626211645,2014,"{""type"":""MultiPoint"",""coordinates"":[]}"
2_00000000000000001f37,3057,27927,Dikili,Turkey,0.3093215246830993,1.776539112744581,23829.18724278834,2014,"{""type"":""MultiPoint"",""coordinates"":[]}"
2_00000000000000001f38,3057,27928,Foca,Turkey,0.865350991914489,2.8548900649426403,33785.09304825444,2014,"{""type"":""MultiPoint"",""coordinates"":[]}"
2_00000000000000001f39,3057,27929,Gaziemir,Turkey,11.494604919041578,25.774424671080247,119704.66125099527,2014,"{""type"":""MultiPoint"",""coordinates"":[]}"
2_00000000000000001f3a,3057,27930,Guzelbahce,Turkey,1.562496891471206,3.004910691441095,23039.215406014766,2014,"{""type"":""MultiPoint"",""coordinates"":[]}"
2_00000000000000001f3b,3057,27931,Hekimadasi,Turkey,,,0.0,2014,"{""type"":""MultiPoint"",""coordinates"":[]}"
2_00000000000000001f3c,3057,27932,Karaada,Turkey,0.03156648948788643,0.006665326532708842,1.0278999006558283,2014,"{""type"":""MultiPoint"",""coordinates"":[]}"
2_00000000000000001f3d,3057,27933,Karaburun,Turkey,0.04364772744941832,0.49259946535402566,5515.239513594511,2014,"{""type"":""MultiPoint"",""coordinates"":[]}"
2_00000000000000001f3e,3057,27934,Kemalpasa,Turkey,1.1178221695171244,4.477994919131087,84587.07723241091,2014,"{""type"":""MultiPoint"",""coordinates"":[]}"
2_00000000000000001f3f,3057,27935,Kinik,Turkey,0.3078639484524789,1.9459524959640582,18093.97195717189,2014,"{""type"":""MultiPoint"",""coordinates"":[]}"
2_00000000000000001f40,3057,27936,Kiraz,Turkey,0.8636727566587478,3.382407157867791,17832.887123272434,2014,"{""type"":""MultiPoint"",""coordinates"":[]}"
2_00000000000000001f41,3057,27937,Konak,Turkey,44.992572262352006,62.938267646266944,1182606.178182542,2014,"{""type"":""MultiPoint"",""coordinates"":[]}"
2_00000000000000001f42,3057,27938,Menderes,Turkey,0.5552474502973435,2.0288197939364245,54046.19094499531,2014,"{""type"":""MultiPoint"",""coordinates"":[]}"
2_00000000000000001f43,3057,27939,Menemen,Turkey,1.1155445177246066,6.3117888864405955,127261.93382798314,2014,"{""type"":""MultiPoint"",""coordinates"":[]}"
2_00000000000000001f44,3057,27940,Narlidere,Turkey,4.243617585233389,18.225666987720924,63933.71878114308,2014,"{""type"":""MultiPoint"",""coordinates"":[]}"
2_00000000000000001f45,3057,27941,Odemis,Turkey,0.8629279066937247,4.790189898941872,95820.66793214358,2014,"{""type"":""MultiPoint"",""coordinates"":[]}"
2_00000000000000001f46,3057,27942,Seferihisar,Turkey,0.3092139846578027,1.934495990769643,23134.326912525044,2014,"{""type"":""MultiPoint"",""coordinates"":[]}"
2_00000000000000001f47,3057,27943,Selcuk,Turkey,0.8728835257154046,4.24002249810185,33831.32297492135,2014,"{""type"":""MultiPoint"",""coordinates"":[]}"
2_00000000000000001f48,3057,27944,Tire,Turkey,0.3713349539479855,3.182244030078716,54720.96221055342,2014,"{""type"":""MultiPoint"",""coordinates"":[]}"
2_00000000000000001f49,3057,27945,Toprakada,Turkey,0.01754417084157467,0.0012580486620098889,0.6280472663249455,2014,"{""type"":""MultiPoint"",""coordinates"":[]}"
2_00000000000000001f4a,3057,27946,Torbali,Turkey,1.1233496224731514,3.8470681745806266,111351.67632556937,2014,"{""type"":""MultiPoint"",""coordinates"":[]}"
2_00000000000000001f4b,3057,27947,Urla,Turkey,0.3068145481631822,1.8543522846258236,39155.55157054427,2014,"{""type"":""MultiPoint"",""coordinates"":[]}"
2_00000000000000001f4c,3057,27948,Uzunada,Turkey,0.049778711050748825,0.09170535289059671,120.17320593209828,2014,"{""type"":""MultiPoint"",""coordinates"":[]}"
2_00000000000000001f4d,3058,27949,Afsin,Turkey,0.3610647151005824,3.109739482275857,59006.69182928764,2014,"{""type"":""MultiPoint"",""coordinates"":[]}"
2_00000000000000001f4e,3058,27950,Andirin,Turkey,0.11908383206657662,1.345190825850423,22981.021939654478,2014,"{""type"":""MultiPoint"",""coordinates"":[]}"
2_00000000000000001f4f,3058,27951,Caglayancerit,Turkey,0.560365304862395,1.4992558124874942,8666.607030404593,2014,"{""type"":""MultiPoint"",""coordinates"":[]}"
2_00000000000000001f50,3058,27952,Ekinozu,Turkey,0.1722703410988052,1.6542587721802897,5748.777190068073,2014,"{""type"":""MultiPoint"",""coordinates"":[]}"
2_00000000000000001f51,3058,27953,Elbistan,Turkey,0.7267135739622125,6.273678984627768,92132.4766504151,2014,"{""type"":""MultiPoint"",""coordinates"":[]}"
2_00000000000000001f52,3058,27954,Goksun,Turkey,0.09580567870085359,2.1365315838534995,28478.967458081086,2014,"{""type"":""MultiPoint"",""coordinates"":[]}"
2_00000000000000001f53,3058,27955,Merkez,Turkey,0.302441402142234,10.616485850583318,430121.10676266864,2014,"{""type"":""MultiPoint"",""coordinates"":[]}"
2_00000000000000001f54,3058,27956,Nurhak,Turkey,0.14799801387605682,0.6950915604506358,3739.3578215406005,2014,"{""type"":""MultiPoint"",""coordinates"":[]}"
2_00000000000000001f55,3058,27957,Pazarcik,Turkey,0.36170543001880084,2.5840954747857943,53936.388397146606,2014,"{""type"":""MultiPoint"",""coordinates"":[]}"
2_00000000000000001f56,3058,27958,Turkoglu,Turkey,0.6098550648078835,4.403574339829523,61091.8163806782,2014,"{""type"":""MultiPoint"",""coordinates"":[]}"
2_00000000000000001f57,3060,27965,Ayranci,Turkey,0.03766964258131205,0.2487854156059092,3081.0459330320764,2014,"{""type"":""MultiPoint"",""coordinates"":[]}"
2_00000000000000001f58,3060,27966,Basyayla,Turkey,0.20289634106187784,1.3981987767300192,3551.0927919324304,2014,"{""type"":""MultiPoint"",""coordinates"":[]}"
2_00000000000000001f59,3060,27967,Ermenek,Turkey,0.17906278487078647,1.825641381840644,13797.381538818507,2014,"{""type"":""MultiPoint"",""coordinates"":[]}"
2_00000000000000001f5a,3060,27968,Kazimkarabekir,Turkey,0.1827964405025753,1.7358046090925177,7114.862148121162,2014,"{""type"":""MultiPoint"",""coordinates"":[]}"
2_00000000000000001f5b,3060,27969,Merkez,Turkey,0.13158101153362567,4.9542988019041925,130121.24228605386,2014,"{""type"":""MultiPoint"",""coordinates"":[]}"
2_00000000000000001f5c,3060,27970,Sariveliler,Turkey,0.4827882204113937,1.07739415766718,4108.605420562475,2014,"{""type"":""MultiPoint"",""coordinates"":[]}"
2_00000000000000001f5d,3063,27999,Akkisla,Turkey,0.17051113011566835,0.6998780005156184,2866.9104351549627,2014,"{""type"":""MultiPoint"",""coordinates"":[]}"
2_00000000000000001f5e,3063,28000,Bunyan,Turkey,0.17829065387996823,1.537657818852275,17366.513651119418,2014,"{""type"":""MultiPoint"",""coordinates"":[]}"
2_00000000000000001f5f,3063,28001,Develi,Turkey,0.35948368255078816,3.396835041381484,39874.976585048214,2014,"{""type"":""MultiPoint"",""coordinates"":[]}"
2_00000000000000001f60,3063,28002,Felahiye,Turkey,0.10760057568337023,0.6902559904556326,2615.3041185175302,2014,"{""type"":""MultiPoint"",""coordinates"":[]}"
2_00000000000000001f61,3063,28003,Hacilar,Turkey,0.16266381129400628,8.04612054944674,47298.153603537714,2014,"{""type"":""MultiPoint"",""coordinates"":[]}"
2_00000000000000001f62,3063,28004,Incesu,Turkey,0.34228748941262754,0.9984380654977403,12581.472354013245,2014,"{""type"":""MultiPoint"",""coordinates"":[]}"
2_00000000000000001f63,3063,28005,Kocasinan,Turkey,1.4602992213350996,14.238292593984132,357479.03258412104,2014,"{""type"":""MultiPoint"",""coordinates"":[]}"
2_00000000000000001f64,3063,28006,Melikgazi,Turkey,5.498545699241166,17.693683076815642,384433.1917670579,2014,"{""type"":""MultiPoint"",""coordinates"":[]}"
2_00000000000000001f65,3063,28007,Ozvatan,Turkey,0.11017804683416896,0.5439982486296385,3379.4321681182164,2014,"{""type"":""MultiPoint"",""coordinates"":[]}"
2_00000000000000001f66,3063,28008,Pinarbasi,Turkey,0.059539089327184685,0.8064461798193265,12768.967411611906,2014,"{""type"":""MultiPoint"",""coordinates"":[]}"
2_00000000000000001f67,3063,28009,Sarioglan,Turkey,0.15322828267501146,0.8002239123255938,7620.230554196597,2014,"{""type"":""MultiPoint"",""coordinates"":[]}"
2_00000000000000001f68,3063,28010,Sariz,Turkey,0.10867222295250802,0.5164326872095173,6392.176866737274,2014,"{""type"":""MultiPoint"",""coordinates"":[]}"
2_00000000000000001f69,3063,28011,Talas,Turkey,1.755473619330736,8.340207400047115,84849.79945176737,2014,"{""type"":""MultiPoint"",""coordinates"":[]}"
2_00000000000000001f6a,3063,28012,Tomarza,Turkey,0.1788694711779391,1.3251295873460411,11917.59960442465,2014,"{""type"":""MultiPoint"",""coordinates"":[]}"
2_00000000000000001f6b,3063,28013,Yahyali,Turkey,0.08522900616885914,2.650590584714077,16088.477786584988,2014,"{""type"":""MultiPoint"",""coordinates"":[]}"
2_00000000000000001f6c,3063,28014,Yesilhisar,Turkey,0.15317879770276083,0.796296751889628,6256.787474373751,2014,"{""type"":""MultiPoint"",""coordinates"":[]}"
2_00000000000000001f6d,3064,28015,Elbeyli,Turkey,0.2169296316493212,0.8924009386050706,5400.343358040557,2014,"{""type"":""MultiPoint"",""coordinates"":[]}"
2_00000000000000001f6e,3064,28016,Merkez,Turkey,0.3532735366509808,5.50081547539736,78571.53396436553,2014,"{""type"":""MultiPoint"",""coordinates"":[]}"
2_00000000000000001f6f,3064,28017,Musabeyli,Turkey,0.2344314612240397,0.4934348259094117,6948.580068069616,2014,"{""type"":""MultiPoint"",""coordinates"":[]}"
2_00000000000000001f70,3064,28018,Polateli,Turkey,0.18003718873215915,0.25800150451763315,3015.058406158215,2014,"{""type"":""MultiPoint"",""coordinates"":[]}"
2_00000000000000001f71,3065,28019,Bahsili,Turkey,0.08628227398025268,0.32758007880367385,1050.979662714227,2014,"{""type"":""MultiPoint"",""coordinates"":[]}"
2_00000000000000001f72,3065,28021,Celebi,Turkey,0.23615655224020513,0.65269277978531,3794.455778992162,2014,"{""type"":""MultiPoint"",""coordinates"":[]}"
2_00000000000000001f73,3065,28023,Karakecili,Turkey,0.20235695721790808,1.0804265408234617,3272.537532979721,2014,"{""type"":""MultiPoint"",""coordinates"":[]}"
2_00000000000000001f74,3065,28024,Keskin,Turkey,0.33548481549592196,19.27281754659869,91664.39302616986,2014,"{""type"":""MultiPoint"",""coordinates"":[]}"
2_00000000000000001f75,3065,28025,Merkez,Turkey,0.2644463159590715,10.503584371906882,79002.0706849935,2014,"{""type"":""MultiPoint"",""coordinates"":[]}"
2_00000000000000001f76,3065,28027,Yahsihan,Turkey,0.14100588295271188,0.8525386663834065,7676.977766193151,2014,"{""type"":""MultiPoint"",""coordinates"":[]}"
2_00000000000000001f77,3066,28028,Babaeski,Turkey,0.3683499588413011,2.468041643806112,35995.185208973286,2014,"{""type"":""MultiPoint"",""coordinates"":[]}"
2_00000000000000001f78,3066,28031,Luleburgaz,Turkey,0.36056947862623323,4.268013954675,99034.98411688377,2014,"{""type"":""MultiPoint"",""coordinates"":[]}"
2_00000000000000001f79,3066,28032,Merkez,Turkey,0.08286392803670976,2.6597340457420486,62730.03794277956,2014,"{""type"":""MultiPoint"",""coordinates"":[]}"
2_00000000000000001f7a,3066,28033,Pehlivankoy,Turkey,0.2049162962606975,0.7061462381119447,2248.053464278316,2014,"{""type"":""MultiPoint"",""coordinates"":[]}"
2_00000000000000001f7b,3066,28034,Pinarhisar,Turkey,0.05181640970019002,1.2185086948721209,13476.756630864842,2014,"{""type"":""MultiPoint"",""coordinates"":[]}"
2_00000000000000001f7c,3066,28035,Vize,Turkey,0.06315900327271338,1.2990636937236648,21952.7637548916,2014,"{""type"":""MultiPoint"",""coordinates"":[]}"
2_00000000000000001f7d,3067,28036,Akcakent,Turkey,0.08990017153154425,0.20805712936310117,1590.1309436720885,2014,"{""type"":""MultiPoint"",""coordinates"":[]}"
2_00000000000000001f7e,3067,28037,Akpinar,Turkey,0.09111929851815413,0.6352805897261309,2886.0277070147145,2014,"{""type"":""MultiPoint"",""coordinates"":[]}"
2_00000000000000001f7f,3067,28038,Boztepe,Turkey,0.15303978737249838,0.5651241734165642,3447.9973207682365,2014,"{""type"":""MultiPoint"",""coordinates"":[]}"
2_00000000000000001f80,3067,28039,Cicekdagi,Turkey,0.09148035164301985,0.6639067804809033,5622.954730338382,2014,"{""type"":""MultiPoint"",""coordinates"":[]}"
2_00000000000000001f81,3067,28040,Kaman,Turkey,0.1783369319486673,1.9783528624053905,23385.56493967606,2014,"{""type"":""MultiPoint"",""coordinates"":[]}"
2_00000000000000001f82,3067,28041,Merkez,Turkey,0.35486072587326833,4.610842522531145,89512.27710502609,2014,"{""type"":""MultiPoint"",""coordinates"":[]}"
2_00000000000000001f83,3067,28042,Mucur,Turkey,0.18359960886562807,1.378167002278163,10056.377764460392,2014,"{""type"":""MultiPoint"",""coordinates"":[]}"
2_00000000000000001f84,3068,28043,Gebze,Turkey,1.7550081207870658,8.835411445929454,303539.8505173987,2014,"{""type"":""MultiPoint"",""coordinates"":[]}"
2_00000000000000001f85,3068,28044,Golcuk,Turkey,1.717893845395982,15.377698049819593,139274.79102241484,2014,"{""type"":""MultiPoint"",""coordinates"":[]}"
2_00000000000000001f86,3068,28046,Karamursel,Turkey,0.30897381835643356,2.764087184013094,20229.726635620194,2014,"{""type"":""MultiPoint"",""coordinates"":[]}"
2_00000000000000001f87,3068,28047,Korfez,Turkey,0.6168928906059963,5.686657230169707,40550.79177059709,2014,"{""type"":""MultiPoint"",""coordinates"":[]}"
2_00000000000000001f88,3068,28048,Merkez,Turkey,0.7051602116879591,9.543468254405015,469840.41791524645,2014,"{""type"":""MultiPoint"",""coordinates"":[]}"
2_00000000000000001f89,3069,28049,Ahirli,Turkey,0.17245283254754948,0.7560764690771393,1930.1304840858843,2014,"{""type"":""MultiPoint"",""coordinates"":[]}"
2_00000000000000001f8a,3069,28050,Akoren,Turkey,0.08961038096095597,1.0053710453613527,4014.504036307868,2014,"{""type"":""MultiPoint"",""coordinates"":[]}"
2_00000000000000001f8b,3069,28051,Aksehir,Turkey,0.8735546001814362,5.566133241992606,68351.39659861558,2014,"{""type"":""MultiPoint"",""coordinates"":[]}"
2_00000000000000001f8c,3069,28052,Altinekin,Turkey,0.08949055567272025,0.48803933588375437,5827.977036492257,2014,"{""type"":""MultiPoint"",""coordinates"":[]}"
2_00000000000000001f8d,3069,28053,Beysehir,Turkey,0.3615465674584978,3.527155651391398,34612.985864415066,2014,"{""type"":""MultiPoint"",""coordinates"":[]}"
2_00000000000000001f8e,3069,28054,Bozkir,Turkey,0.09467877121932847,1.5477833278526658,15631.605422594279,2014,"{""type"":""MultiPoint"",""coordinates"":[]}"
2_00000000000000001f8f,3069,28055,Celtik,Turkey,0.07739972129951797,0.8468219564589721,5697.723326880616,2014,"{""type"":""MultiPoint"",""coordinates"":[]}"
2_00000000000000001f90,3069,28056,Cihanbeyli,Turkey,0.057999852498548464,1.1598182447460073,26154.664317621515,2014,"{""type"":""MultiPoint"",""coordinates"":[]}"
2_00000000000000001f91,3069,28057,Cumra,Turkey,0.1479685287197245,2.8350449899008683,50030.28019793713,2014,"{""type"":""MultiPoint"",""coordinates"":[]}"
2_00000000000000001f92,3069,28058,Derbent,Turkey,0.07673484181162413,0.8700425693949375,3736.1023617552264,2014,"{""type"":""MultiPoint"",""coordinates"":[]}"
2_00000000000000001f93,3069,28059,Derebucak,Turkey,0.46434367570803275,1.3533060669065302,4078.513921171003,2014,"{""type"":""MultiPoint"",""coordinates"":[]}"
2_00000000000000001f94,3069,28060,Doganhisar,Turkey,0.5637048188954183,2.2353677523613213,10941.087234283157,2014,"{""type"":""MultiPoint"",""coordinates"":[]}"
2_00000000000000001f95,3069,28061,Emirgazi,Turkey,0.07623710791187563,0.46042374881581744,6205.028468925225,2014,"{""type"":""MultiPoint"",""coordinates"":[]}"
2_00000000000000001f96,3069,28062,Eregli,Turkey,0.0912821800727315,3.548704092615958,98961.64291970486,2014,"{""type"":""MultiPoint"",""coordinates"":[]}"
2_00000000000000001f97,3069,28063,Guneysinir,Turkey,0.15362641989404557,1.0775677058647362,4701.953378486136,2014,"{""type"":""MultiPoint"",""coordinates"":[]}"
2_00000000000000001f98,3069,28064,Hadim,Turkey,0.10834359604471445,0.9108247022743075,7358.744774610114,2014,"{""type"":""MultiPoint"",""coordinates"":[]}"
2_00000000000000001f99,3069,28065,Halkapinar,Turkey,0.11593551476704783,0.5597204073995563,1862.642166214056,2014,"{""type"":""MultiPoint"",""coordinates"":[]}"
2_00000000000000001f9a,3069,28066,Huyuk,Turkey,0.46897750190848136,1.0068737504944685,7505.234047885035,2014,"{""type"":""MultiPoint"",""coordinates"":[]}"
2_00000000000000001f9b,3069,28067,Ilgin,Turkey,0.09323111886825511,2.586801505906108,33891.593600121836,2014,"{""type"":""MultiPoint"",""coordinates"":[]}"
2_00000000000000001f9c,3069,28068,Kadinhani,Turkey,0.09881578720008216,2.293301130414382,20926.21398200994,2014,"{""type"":""MultiPoint"",""coordinates"":[]}"
2_00000000000000001f9d,3069,28069,Karapinar,Turkey,0.07065194662690778,1.9913155088501497,29808.323756295995,2014,"{""type"":""MultiPoint"",""coordinates"":[]}"
2_00000000000000001f9e,3069,28070,Karatay,Turkey,0.1968559845596617,4.8737951861651725,174336.35935928646,2014,"{""type"":""MultiPoint"",""coordinates"":[]}"
2_00000000000000001f9f,3069,28071,Kulu,Turkey,0.35946468086774125,2.3045411218406997,32512.929524145162,2014,"{""type"":""MultiPoint"",""coordinates"":[]}"
2_00000000000000001fa0,3069,28072,Meram,Turkey,1.7460313307297854,7.165667231100237,269492.1954910809,2014,"{""type"":""MultiPoint"",""coordinates"":[]}"
2_00000000000000001fa1,3069,28073,Sarayonu,Turkey,0.18297966416653416,1.7859845456854817,18035.40034894624,2014,"{""type"":""MultiPoint"",""coordinates"":[]}"
2_00000000000000001fa2,3069,28074,Selcuklu,Turkey,0.15243492300973718,11.49299137229569,473840.4730183206,2014,"{""type"":""MultiPoint"",""coordinates"":[]}"
2_00000000000000001fa3,3069,28075,Seydisehir,Turkey,0.6117977633394054,2.9262249066396113,41997.7864637874,2014,"{""type"":""MultiPoint"",""coordinates"":[]}"
2_00000000000000001fa4,3069,28076,Taskent,Turkey,0.07430771791548729,0.3282975243247079,196.35537370723836,2014,"{""type"":""MultiPoint"",""coordinates"":[]}"
2_00000000000000001fa5,3069,28077,Tuzlukcu,Turkey,0.07620134408668693,0.6512926660275339,3135.1759705998484,2014,"{""type"":""MultiPoint"",""coordinates"":[]}"
2_00000000000000001fa6,3069,28078,Yalihuyuk,Turkey,0.14884653935829797,0.3725250320548141,702.1508091827088,2014,"{""type"":""MultiPoint"",""coordinates"":[]}"
2_00000000000000001fa7,3069,28079,Yunak,Turkey,0.04839696949237052,0.7211194203621559,8242.863847976216,2014,"{""type"":""MultiPoint"",""coordinates"":[]}"
2_00000000000000001fa8,3070,28080,Altintas,Turkey,0.30981965469943035,1.0177705446816192,8238.577001449576,2014,"{""type"":""MultiPoint"",""coordinates"":[]}"
2_00000000000000001fa9,3070,28081,Aslanapa,Turkey,0.32715386362412036,0.6062690053376337,3964.3560319723306,2014,"{""type"":""MultiPoint"",""coordinates"":[]}"
2_00000000000000001faa,3070,28082,Cavdarhisar,Turkey,0.3401310518912457,0.9695073326637907,4931.283557480414,2014,"{""type"":""MultiPoint"",""coordinates"":[]}"
2_00000000000000001fab,3070,28083,Domanic,Turkey,0.3102374240712354,1.668829906693797,11647.790814352613,2014,"{""type"":""MultiPoint"",""coordinates"":[]}"
2_00000000000000001fac,3070,28084,Dumlupinar,Turkey,0.20193235055966696,0.6077639413405193,2017.799872948419,2014,"{""type"":""MultiPoint"",""coordinates"":[]}"
2_00000000000000001fad,3070,28085,Emet,Turkey,0.28086502605699437,1.100971931457605,9104.169545842913,2014,"{""type"":""MultiPoint"",""coordinates"":[]}"
2_00000000000000001fae,3070,28086,Gediz,Turkey,0.4359803534772057,1.8503856345463239,25656.81706362174,2014,"{""type"":""MultiPoint"",""coordinates"":[]}"
2_00000000000000001faf,3070,28087,Hisarcik,Turkey,0.5284305142193306,1.5064870834261281,8043.063281289986,2014,"{""type"":""MultiPoint"",""coordinates"":[]}"
2_00000000000000001fb0,3070,28088,Merkez,Turkey,0.7318822944092745,6.322353839899266,202531.7390114556,2014,"{""type"":""MultiPoint"",""coordinates"":[]}"
2_00000000000000001fb1,3070,28089,Pazarlar,Turkey,0.28008294933059424,1.306672604192396,5164.206929856316,2014,"{""type"":""MultiPoint"",""coordinates"":[]}"
2_00000000000000001fb2,3070,28090,Saphane,Turkey,0.5169512143601542,0.7546344261230165,2724.2001563977815,2014,"{""type"":""MultiPoint"",""coordinates"":[]}"
2_00000000000000001fb3,3070,28091,Simav,Turkey,0.6157541564704663,2.6180014616685243,36416.395607400795,2014,"{""type"":""MultiPoint"",""coordinates"":[]}"
2_00000000000000001fb4,3070,28092,Tavsanli,Turkey,0.6190734725213376,3.2577535625589342,71912.41692480182,2014,"{""type"":""MultiPoint"",""coordinates"":[]}"
2_00000000000000001fb5,3071,28093,Akcadag,Turkey,0.15501728286408067,0.7093039925865069,13098.785630108066,2014,"{""type"":""MultiPoint"",""coordinates"":[]}"
2_00000000000000001fb6,3071,28097,Darende,Turkey,0.05230238368404357,1.2474355054570128,15660.242300111531,2014,"{""type"":""MultiPoint"",""coordinates"":[]}"
2_00000000000000001fb7,3071,28098,Dogansehir,Turkey,0.3540707459134285,2.1009691728501467,17422.07479201325,2014,"{""type"":""MultiPoint"",""coordinates"":[]}"
2_00000000000000001fb8,3071,28106,Yesilyurt,Turkey,0.8668683593066496,7.738719364388228,68282.2005256891,2014,"{""type"":""MultiPoint"",""coordinates"":[]}"
2_00000000000000001fb9,3072,28107,Ahmetli,Turkey,0.30888110996532253,1.8132964283900357,9414.337740763578,2014,"{""type"":""MultiPoint"",""coordinates"":[]}"
2_00000000000000001fba,3072,28108,Akhisar,Turkey,0.7033337391692476,4.456138241627155,113536.7594272992,2014,"{""type"":""MultiPoint"",""coordinates"":[]}"
2_00000000000000001fbb,3072,28109,Alasehir,Turkey,0.8636891235508386,5.551582911490643,65222.711968908974,2014,"{""type"":""MultiPoint"",""coordinates"":[]}"
2_00000000000000001fbc,3072,28110,Demirci,Turkey,0.3048797531307407,2.4854456132771117,21943.831159129502,2014,"{""type"":""MultiPoint"",""coordinates"":[]}"
2_00000000000000001fbd,3072,28111,Golmarmara,Turkey,0.3607877891431481,3.0589253456366574,10143.299824362271,2014,"{""type"":""MultiPoint"",""coordinates"":[]}"
2_00000000000000001fbe,3072,28112,Gordes,Turkey,0.43099802400479276,2.469996166764945,12299.355927744175,2014,"{""type"":""MultiPoint"",""coordinates"":[]}"
2_00000000000000001fbf,3072,28113,Kirkagac,Turkey,0.23855653909847105,5.015186802564519,52808.29747358312,2014,"{""type"":""MultiPoint"",""coordinates"":[]}"
2_00000000000000001fc0,3072,28114,Koprubasi,Turkey,0.30903335289369505,1.5794134715417014,5161.725298418426,2014,"{""type"":""MultiPoint"",""coordinates"":[]}"
2_00000000000000001fc1,3072,28115,Kula,Turkey,0.3568271433827441,3.3401852804659247,27364.762784455317,2014,"{""type"":""MultiPoint"",""coordinates"":[]}"
2_00000000000000001fc2,3072,28116,Merkez,Turkey,0.724354959693717,11.628438388913176,317414.13505663583,2014,"{""type"":""MultiPoint"",""coordinates"":[]}"
2_00000000000000001fc3,3072,28117,Salihli,Turkey,0.7309243527335004,6.546945632759404,114011.87385005003,2014,"{""type"":""MultiPoint"",""coordinates"":[]}"
2_00000000000000001fc4,3072,28118,Sarigol,Turkey,1.1221957038117816,4.785940691518071,30286.046286885037,2014,"{""type"":""MultiPoint"",""coordinates"":[]}"
2_00000000000000001fc5,3072,28119,Saruhanli,Turkey,0.43072984462471703,1.5799017646932658,33842.89917910211,2014,"{""type"":""MultiPoint"",""coordinates"":[]}"
2_00000000000000001fc6,3072,28120,Selendi,Turkey,0.18434738502533873,1.4388401367717114,12751.55334199253,2014,"{""type"":""MultiPoint"",""coordinates"":[]}"
2_00000000000000001fc7,3072,28121,Soma,Turkey,0.22049460583047972,5.818820054938197,80989.01785783592,2014,"{""type"":""MultiPoint"",""coordinates"":[]}"
2_00000000000000001fc8,3072,28122,Turgutlu,Turkey,0.7243077974537021,10.05390286989519,132595.2468284112,2014,"{""type"":""MultiPoint"",""coordinates"":[]}"
2_00000000000000001fc9,3073,28124,Derik,Turkey,0.34880486576722847,1.456693870132828,28432.898634553512,2014,"{""type"":""MultiPoint"",""coordinates"":[]}"
2_00000000000000001fca,3073,28125,Kiziltepe,Turkey,0.621414599075141,3.8274718038455693,115591.57976301116,2014,"{""type"":""MultiPoint"",""coordinates"":[]}"
2_00000000000000001fcb,3073,28127,Merkez,Turkey,0.6132674246259645,4.0858265753105485,73566.78682952042,2014,"{""type"":""MultiPoint"",""coordinates"":[]}"
2_00000000000000001fcc,3074,28133,Bodrum,Turkey,1.0593327976258062,3.6725337488439354,108558.67937146827,2014,"{""type"":""MultiPoint"",""coordinates"":[]}"
2_00000000000000001fcd,3074,28134,Dalaman,Turkey,0.8105362033787848,3.12342261145448,32738.675615006505,2014,"{""type"":""MultiPoint"",""coordinates"":[]}"
2_00000000000000001fce,3074,28135,Datca,Turkey,0.3118066677527735,2.3082916322447162,11898.814173039998,2014,"{""type"":""MultiPoint"",""coordinates"":[]}"
2_00000000000000001fcf,3074,28136,Fethiye,Turkey,0.35914526378022044,3.1683556966632724,134969.53129949042,2014,"{""type"":""MultiPoint"",""coordinates"":[]}"
2_00000000000000001fd0,3074,28137,Kavaklidere,Turkey,0.7178454578965804,1.23977903910362,5412.4210713475495,2014,"{""type"":""MultiPoint"",""coordinates"":[]}"
2_00000000000000001fd1,3074,28138,Koycegiz,Turkey,0.4337046621888817,1.4844375731387083,15978.424223257512,2014,"{""type"":""MultiPoint"",""coordinates"":[]}"
2_00000000000000001fd2,3074,28139,Marmaris,Turkey,0.610832510086442,5.540288710923637,49724.333859374194,2014,"{""type"":""MultiPoint"",""coordinates"":[]}"
2_00000000000000001fd3,3074,28140,Merkez,Turkey,0.8737280659995945,4.758529916016168,65004.79501767495,2014,"{""type"":""MultiPoint"",""coordinates"":[]}"
2_00000000000000001fd4,3074,28141,Milas,Turkey,0.36252733724173364,2.0361064112495173,93438.46061592945,2014,"{""type"":""MultiPoint"",""coordinates"":[]}"
2_00000000000000001fd5,3074,28142,Ortaca,Turkey,1.3530089425690124,3.970470417085127,35154.4078709008,2014,"{""type"":""MultiPoint"",""coordinates"":[]}"
2_00000000000000001fd6,3074,28143,Ula,Turkey,0.7162196961553162,1.2283041615900663,15518.233039247902,2014,"{""type"":""MultiPoint"",""coordinates"":[]}"
2_00000000000000001fd7,3074,28144,Yatagan,Turkey,0.3041237908909446,2.0261147934789947,26494.31221046068,2014,"{""type"":""MultiPoint"",""coordinates"":[]}"
2_00000000000000001fd8,3076,28151,Acigol,Turkey,0.5926187918094985,1.3585269954252126,9660.149239326887,2014,"{""type"":""MultiPoint"",""coordinates"":[]}"
2_00000000000000001fd9,3076,28152,Avanos,Turkey,0.6178900993798305,3.133672624471605,38468.36253913317,2014,"{""type"":""MultiPoint"",""coordinates"":[]}"
2_00000000000000001fda,3076,28153,Derinkuyu,Turkey,0.8690790843433283,3.136357746875418,25406.366496277667,2014,"{""type"":""MultiPoint"",""coordinates"":[]}"
2_00000000000000001fdb,3076,28154,Gulsehir,Turkey,0.31017420976001137,1.2014203167013702,12808.716463651059,2014,"{""type"":""MultiPoint"",""coordinates"":[]}"
2_00000000000000001fdc,3076,28155,Hacibektas,Turkey,0.2785403756523114,0.7787957174595052,7240.271530902825,2014,"{""type"":""MultiPoint"",""coordinates"":[]}"
2_00000000000000001fdd,3076,28156,Kozakli,Turkey,0.08912061059743659,0.966206766339411,7750.313609240973,2014,"{""type"":""MultiPoint"",""coordinates"":[]}"
2_00000000000000001fde,3076,28157,Merkez,Turkey,1.1261875869144504,6.687409614042206,90987.67721757627,2014,"{""type"":""MultiPoint"",""coordinates"":[]}"
2_00000000000000001fdf,3076,28158,Urgup,Turkey,0.43879192527471217,2.672747146451285,22958.42383585957,2014,"{""type"":""MultiPoint"",""coordinates"":[]}"
2_00000000000000001fe0,3077,28159,Altunhisar,Turkey,0.30099052303803664,1.2935704779926385,7418.252625131889,2014,"{""type"":""MultiPoint"",""coordinates"":[]}"
2_00000000000000001fe1,3077,28160,Bor,Turkey,0.30680044423169406,1.9692826220982111,30620.861232576484,2014,"{""type"":""MultiPoint"",""coordinates"":[]}"
2_00000000000000001fe2,3077,28161,Camardi,Turkey,0.21740966701775288,1.0774957349265024,4615.504809537914,2014,"{""type"":""MultiPoint"",""coordinates"":[]}"
2_00000000000000001fe3,3077,28162,Ciftlik,Turkey,1.1185318826467665,2.4848042824370995,17711.025303029517,2014,"{""type"":""MultiPoint"",""coordinates"":[]}"
2_00000000000000001fe4,3077,28163,Merkez,Turkey,0.8696048575167815,5.3824273864140855,142750.97381751402,2014,"{""type"":""MultiPoint"",""coordinates"":[]}"
2_00000000000000001fe5,3077,28164,Ulukisla,Turkey,0.2808621850640278,1.1959505559829025,13115.991600304504,2014,"{""type"":""MultiPoint"",""coordinates"":[]}"
2_00000000000000001fe6,3079,28184,Bahce,Turkey,0.30723625318544767,2.9474749851564597,16478.591663890646,2014,"{""type"":""MultiPoint"",""coordinates"":[]}"
2_00000000000000001fe7,3079,28185,Duzici,Turkey,0.7320297760284571,5.536204329311107,56195.87226971192,2014,"{""type"":""MultiPoint"",""coordinates"":[]}"
2_00000000000000001fe8,3079,28186,Hasanbeyli,Turkey,0.10927645626190267,0.6087661534257948,1570.940418108644,2014,"{""type"":""MultiPoint"",""coordinates"":[]}"
2_00000000000000001fe9,3079,28187,Kadirli,Turkey,0.22047672303439533,5.947705894484731,93131.29867661078,2014,"{""type"":""MultiPoint"",""coordinates"":[]}"
2_00000000000000001fea,3079,28188,Merkez,Turkey,0.29755900957303,13.249179380239399,199540.71487635182,2014,"{""type"":""MultiPoint"",""coordinates"":[]}"
2_00000000000000001feb,3079,28189,Sumbas,Turkey,0.08553922409888809,0.3091368610331133,5251.565105858177,2014,"{""type"":""MultiPoint"",""coordinates"":[]}"
2_00000000000000001fec,3079,28190,Toprakkale,Turkey,1.0694964317145212,2.6002200400534083,18307.94127394754,2014,"{""type"":""MultiPoint"",""coordinates"":[]}"
2_00000000000000001fed,3081,28203,Akyazi,Turkey,1.3703596039673238,3.6128480977985378,72037.6446957207,2014,"{""type"":""MultiPoint"",""coordinates"":[]}"
2_00000000000000001fee,3081,28205,Geyve,Turkey,0.6816190873310782,1.552758539582409,23658.56978452527,2014,"{""type"":""MultiPoint"",""coordinates"":[]}"
2_00000000000000001fef,3081,28207,Karapurcek,Turkey,0.5479390471822082,0.8231717199645928,7458.297370615353,2014,"{""type"":""MultiPoint"",""coordinates"":[]}"
2_00000000000000001ff0,3081,28211,Merkez,Turkey,3.7572667997130207,8.253956001896109,379365.0378534597,2014,"{""type"":""MultiPoint"",""coordinates"":[]}"
2_00000000000000001ff1,3081,28212,Pamukova,Turkey,1.0617376630633328,2.826449842188839,23268.86289539175,2014,"{""type"":""MultiPoint"",""coordinates"":[]}"
2_00000000000000001ff2,3081,28213,Sapanca,Turkey,2.0699794676556555,3.088944113471929,21603.822359602684,2014,"{""type"":""MultiPoint"",""coordinates"":[]}"
2_00000000000000001ff3,3081,28215,Tarakli,Turkey,0.20291415109354177,0.8019848743455894,3700.2884424115728,2014,"{""type"":""MultiPoint"",""coordinates"":[]}"
2_00000000000000001ff4,3083,28231,Akcakale,Turkey,0.2860247686294646,3.7723313531161216,85179.49078488917,2014,"{""type"":""MultiPoint"",""coordinates"":[]}"
2_00000000000000001ff5,3083,28232,Birecik,Turkey,0.2610314492080642,3.4907730162793245,60558.248218733585,2014,"{""type"":""MultiPoint"",""coordinates"":[]}"
2_00000000000000001ff6,3083,28233,Bozova,Turkey,0.17647000088493978,1.2833232561699983,29204.953099338156,2014,"{""type"":""MultiPoint"",""coordinates"":[]}"
2_00000000000000001ff7,3083,28234,Ceylanpinar,Turkey,0.617988854523803,4.06008264024464,33708.31084343603,2014,"{""type"":""MultiPoint"",""coordinates"":[]}"
2_00000000000000001ff8,3083,28235,Halfeti,Turkey,0.3043754020902241,1.863008469080558,20612.74312992173,2014,"{""type"":""MultiPoint"",""coordinates"":[]}"
2_00000000000000001ff9,3083,28236,Harran,Turkey,0.3087821092780892,1.023453824311593,44881.94884639834,2014,"{""type"":""MultiPoint"",""coordinates"":[]}"
2_00000000000000001ffa,3083,28237,Hilvan,Turkey,0.1745947852590813,1.9536920060681957,21678.45121648684,2014,"{""type"":""MultiPoint"",""coordinates"":[]}"
2_00000000000000001ffb,3083,28238,Merkez,Turkey,0.35387709643257825,8.531292452855364,652425.8944362897,2014,"{""type"":""MultiPoint"",""coordinates"":[]}"
2_00000000000000001ffc,3083,28239,Siverek,Turkey,0.22004770763977413,4.959453813502393,111085.96976028846,2014,"{""type"":""MultiPoint"",""coordinates"":[]}"
2_00000000000000001ffd,3083,28240,Suruc,Turkey,0.7115410805156356,6.26135232192164,86415.60525108266,2014,"{""type"":""MultiPoint"",""coordinates"":[]}"
2_00000000000000001ffe,3083,28241,Viransehir,Turkey,0.23174355954623538,3.3260846212190383,111891.85414966437,2014,"{""type"":""MultiPoint"",""coordinates"":[]}"
2_00000000000000001fff,3087,28271,Gurun,Turkey,0.08988892583068185,0.9533243105462975,9201.170402294167,2014,"{""type"":""MultiPoint"",""coordinates"":[]}"
2_00000000000000002000,3088,28282,Cerkezkoy,Turkey,1.4355790162480802,17.16453979476671,202124.66653238295,2014,"{""type"":""MultiPoint"",""coordinates"":[]}"
2_00000000000000002001,3088,28283,Corlu,Turkey,0.7064984686478473,4.909833342373604,176727.12303281747,2014,"{""type"":""MultiPoint"",""coordinates"":[]}"
2_00000000000000002002,3088,28284,Hayrabolu,Turkey,0.18097837032745426,1.3933716013274804,19098.447733426467,2014,"{""type"":""MultiPoint"",""coordinates"":[]}"
2_00000000000000002003,3088,28285,Malkara,Turkey,0.178993048346554,1.5286847061760331,35926.893375836175,2014,"{""type"":""MultiPoint"",""coordinates"":[]}"
2_00000000000000002004,3088,28286,Marmara-ereglisi,Turkey,0.30828784409600996,1.316239108496437,14346.877026396232,2014,"{""type"":""MultiPoint"",""coordinates"":[]}"
2_00000000000000002005,3088,28287,Merkez,Turkey,0.617060045983704,5.313171341863247,111188.01765467908,2014,"{""type"":""MultiPoint"",""coordinates"":[]}"
2_00000000000000002006,3088,28288,Muratli,Turkey,0.30916003885454685,1.7503534518733155,16759.552120392433,2014,"{""type"":""MultiPoint"",""coordinates"":[]}"
2_00000000000000002007,3088,28289,Saray,Turkey,0.3634699115582521,4.299209654540307,59159.700506737165,2014,"{""type"":""MultiPoint"",""coordinates"":[]}"
2_00000000000000002008,3088,28290,Sarkoy,Turkey,0.15329760687230684,0.8569462379857882,10948.213132924659,2014,"{""type"":""MultiPoint"",""coordinates"":[]}"
2_00000000000000002009,3092,28329,Banaz,Turkey,0.3638540534478297,2.8570520173011413,21946.59578419826,2014,"{""type"":""MultiPoint"",""coordinates"":[]}"
2_0000000000000000200a,3092,28330,Esme,Turkey,0.17642407538342134,1.3060808267181894,18024.229966874813,2014,"{""type"":""MultiPoint"",""coordinates"":[]}"
2_0000000000000000200b,3092,28331,Karahalli,Turkey,0.31262390875622414,1.7161485467415871,6886.673480847191,2014,"{""type"":""MultiPoint"",""coordinates"":[]}"
2_0000000000000000200c,3092,28332,Merkez,Turkey,0.7243975309011762,7.909435809706017,182926.05050728258,2014,"{""type"":""MultiPoint"",""coordinates"":[]}"
2_0000000000000000200d,3092,28333,Sivasli,Turkey,0.43371574848062155,1.9808155615884502,13983.99470112824,2014,"{""type"":""MultiPoint"",""coordinates"":[]}"
2_0000000000000000200e,3092,28334,Ulubey,Turkey,0.09098865615845347,0.9078254187695831,11381.546748411238,2014,"{""type"":""MultiPoint"",""coordinates"":[]}"
2_0000000000000000200f,3094,28348,Altinova,Turkey,1.4271103437510817,2.382735291428934,25437.13810492865,2014,"{""type"":""MultiPoint"",""coordinates"":[]}"
2_00000000000000002010,3094,28349,Armutlu,Turkey,0.08930870678239616,0.6888762381348933,1734.0099378880918,2014,"{""type"":""MultiPoint"",""coordinates"":[]}"
2_00000000000000002011,3094,28350,Ciftlikkoy,Turkey,1.109038868739647,6.542215948877614,41419.5840765366,2014,"{""type"":""MultiPoint"",""coordinates"":[]}"
2_00000000000000002012,3094,28351,Cinarcik,Turkey,1.183253264730903,3.1814362007501216,21835.877128189026,2014,"{""type"":""MultiPoint"",""coordinates"":[]}"
2_00000000000000002013,3094,28352,Merkez,Turkey,3.7546923489419344,11.48368738392175,106732.10392688125,2014,"{""type"":""MultiPoint"",""coordinates"":[]}"
2_00000000000000002014,3094,28353,Termal,Turkey,3.287820317018428,2.183849652652393,9257.0017632353,2014,"{""type"":""MultiPoint"",""coordinates"":[]}"
2_00000000000000002015,3095,28356,Bogazliyan,Turkey,0.18188114791145182,1.4925730447769394,18345.12144927906,2014,"{""type"":""MultiPoint"",""coordinates"":[]}"
2_00000000000000002016,3095,28364,Sefaatli,Turkey,0.1776781023194811,1.5435858498922417,9759.815175398964,2014,"{""type"":""MultiPoint"",""coordinates"":[]}"
2_00000000000000002017,3095,28366,Yenifakili,Turkey,0.053349849107839006,0.377638494625951,2579.8390390022428,2014,"{""type"":""MultiPoint"",""coordinates"":[]}"
2_00000000000000002018,3095,28367,Yerkoy,Turkey,0.15481247528553813,1.2632336365611068,24728.522126824657,2014,"{""type"":""MultiPoint"",""coordinates"":[]}"
2_00000000000000000d62,2993,39236,Ariana Ville,Tunisia,40.267203125758954,21.740098419219827,89013.70962018029,2014,"{""type"":""MultiPoint"",""coordinates"":[]}"
2_00000000000000000d63,2993,39237,El Mnihla,Tunisia,24.99947288364768,41.59187040331405,132871.3306983611,2014,"{""type"":""MultiPoint"",""coordinates"":[]}"
2_00000000000000000d64,2993,39238,Ettadhamen,Tunisia,90.85697174072266,88.60743682743048,48722.35771853129,2014,"{""type"":""MultiPoint"",""coordinates"":[]}"
2_00000000000000000d65,2993,39239,Kalaat El Andalous,Tunisia,0.599832359705419,3.4477620799408606,30083.194928237626,2014,"{""type"":""MultiPoint"",""coordinates"":[]}"
2_00000000000000000d66,2993,39240,Raoued,Tunisia,10.74749955632024,13.806687843856485,117514.11902029341,2014,"{""type"":""MultiPoint"",""coordinates"":[]}"
2_00000000000000000d67,2993,39241,Sidi Thabet,Tunisia,1.870590435368136,4.7182885607453935,36452.93121255109,2014,"{""type"":""MultiPoint"",""coordinates"":[]}"
2_00000000000000000d68,2993,39242,Sourka,Tunisia,26.255870577630347,17.724936796685768,112232.57634544939,2014,"{""type"":""MultiPoint"",""coordinates"":[]}"
2_00000000000000000d69,2994,39252,Ben Arous,Tunisia,38.850081682566994,10.674133234818802,24104.44359357497,2014,"{""type"":""MultiPoint"",""coordinates"":[]}"
2_00000000000000000d6a,2994,39253,Boumhal Elbassatine,Tunisia,9.37559779044115,6.7159510388175345,29642.565082305544,2014,"{""type"":""MultiPoint"",""coordinates"":[]}"
2_00000000000000000d6b,2994,39254,El Mourouj,Tunisia,34.784532168146264,17.282215946021854,75761.52051137282,2014,"{""type"":""MultiPoint"",""coordinates"":[]}"
2_00000000000000000d6c,2994,39255,Ezzahra,Tunisia,26.79663324095322,18.827571899580725,31473.585147083504,2014,"{""type"":""MultiPoint"",""coordinates"":[]}"
2_00000000000000000d6d,2994,39256,Fouchana,Tunisia,8.380778458245167,7.563320438638523,53842.4168756894,2014,"{""type"":""MultiPoint"",""coordinates"":[]}"
2_00000000000000000d6e,2994,39257,Hammam Chott,Tunisia,14.657556257519614,12.776551033739846,26223.01193661725,2014,"{""type"":""MultiPoint"",""coordinates"":[]}"
2_00000000000000000d6f,2994,39258,Hammam Lif,Tunisia,38.22894590749037,18.164494193214146,35024.46238037593,2014,"{""type"":""MultiPoint"",""coordinates"":[]}"
2_00000000000000000d70,2994,39259,M'hamdia,Tunisia,1.8685562686607542,6.748636624579909,47538.99242255018,2014,"{""type"":""MultiPoint"",""coordinates"":[]}"
2_00000000000000000d71,2994,39260,Megrine,Tunisia,26.27083921432495,12.584161369425859,31942.268013344565,2014,"{""type"":""MultiPoint"",""coordinates"":[]}"
2_00000000000000000d72,2994,39261,Mornague,Tunisia,0.5301087773469758,1.546267607988531,43572.582870499085,2014,"{""type"":""MultiPoint"",""coordinates"":[]}"
2_00000000000000000d73,2994,39262,Nouvelle Medina,Tunisia,45.67628265271084,16.69977166491192,42127.920461647154,2014,"{""type"":""MultiPoint"",""coordinates"":[]}"
2_00000000000000000d74,2994,39263,Rades,Tunisia,19.735738619916358,8.598150151657578,51911.46637707877,2014,"{""type"":""MultiPoint"",""coordinates"":[]}"
2_00000000000000000d75,2995,39264,Bizerte Nord,Tunisia,6.738972736940396,14.191404566920927,68108.90191842457,2014,"{""type"":""MultiPoint"",""coordinates"":[]}"
2_00000000000000000d76,2995,39265,Bizerte Sud,Tunisia,0.6063814280011831,3.1393936871619132,50135.68535778726,2014,"{""type"":""MultiPoint"",""coordinates"":[]}"
2_00000000000000000d77,2995,39266,El Alia,Tunisia,1.6264586437627744,4.169001031440303,24689.51957540529,2014,"{""type"":""MultiPoint"",""coordinates"":[]}"
2_00000000000000000d78,2995,39267,Ghar El Melh,Tunisia,0.7201455397141486,1.50800316873812,11196.354863096214,2014,"{""type"":""MultiPoint"",""coordinates"":[]}"
2_00000000000000000d79,2995,39268,Ghazala,Tunisia,0.3418212091348609,0.6545533057533212,19832.229207492343,2014,"{""type"":""MultiPoint"",""coordinates"":[]}"
2_00000000000000000d7a,2995,39269,Jarzouna,Tunisia,23.38853530883789,9.263587720400245,23788.117186185435,2014,"{""type"":""MultiPoint"",""coordinates"":[]}"
2_00000000000000000d7b,2995,39270,Joumine,Tunisia,0.27704178292717424,0.5199389521135988,20773.459753515584,2014,"{""type"":""MultiPoint"",""coordinates"":[]}"
2_00000000000000000d7c,2995,39271,Mateur,Tunisia,0.4340532469007169,2.1135124661875366,32565.62915872882,2014,"{""type"":""MultiPoint"",""coordinates"":[]}"
2_00000000000000000d7d,2995,39272,Menzel Bourguiba,Tunisia,0.8933245527360544,6.029008679304514,32459.675684146758,2014,"{""type"":""MultiPoint"",""coordinates"":[]}"
2_00000000000000000d7e,2995,39273,Menzel Jemil,Tunisia,2.121027043021633,4.744959735664797,37738.151179389766,2014,"{""type"":""MultiPoint"",""coordinates"":[]}"
2_00000000000000000d7f,2995,39274,Ras Jebel,Tunisia,2.8752406069209657,5.422930872000476,49822.663477776645,2014,"{""type"":""MultiPoint"",""coordinates"":[]}"
2_00000000000000000d80,2995,39275,Sejnane,Tunisia,0.30946745922325536,0.9500315850680985,25716.511481102098,2014,"{""type"":""MultiPoint"",""coordinates"":[]}"
2_00000000000000000d81,2995,39276,Tinja,Tunisia,1.6317314130311324,8.953126170256619,31944.780778251334,2014,"{""type"":""MultiPoint"",""coordinates"":[]}"
2_00000000000000000d82,2995,39277,Utique,Tunisia,0.29703992047797645,0.519073281655384,16653.660725531685,2014,"{""type"":""MultiPoint"",""coordinates"":[]}"
2_00000000000000000d83,2996,39243,Amdoun,Tunisia,0.4449059952351786,1.4197456778544397,17414.248694837905,2014,"{""type"":""MultiPoint"",""coordinates"":[]}"
2_00000000000000000d84,2996,39244,Beja Nord,Tunisia,0.6838349026918881,4.382013445753621,60916.79602128099,2014,"{""type"":""MultiPoint"",""coordinates"":[]}"
2_00000000000000000d85,2996,39245,Beja Sud,Tunisia,0.3038134368059902,1.492834944356447,18468.299121643875,2014,"{""type"":""MultiPoint"",""coordinates"":[]}"
2_00000000000000000d86,2996,39246,Goubellat,Tunisia,0.15250975923447643,0.6560255341757496,9959.457866435752,2014,"{""type"":""MultiPoint"",""coordinates"":[]}"
2_00000000000000000d87,2996,39247,Mejez El Bab,Tunisia,0.43424146041004147,1.809687154794145,33293.95765656736,2014,"{""type"":""MultiPoint"",""coordinates"":[]}"
2_00000000000000000d88,2996,39248,Nefza,Tunisia,0.43220294682308547,1.3819367777296696,35164.01326973496,2014,"{""type"":""MultiPoint"",""coordinates"":[]}"
2_00000000000000000d89,2996,39249,Teboursouk,Tunisia,0.15370044741475944,1.3141096141857467,16640.36058794551,2014,"{""type"":""MultiPoint"",""coordinates"":[]}"
2_00000000000000000d8a,2996,39250,Testour,Tunisia,0.18232269138124915,1.115474594051287,24891.214462580676,2014,"{""type"":""MultiPoint"",""coordinates"":[]}"
2_00000000000000000d8b,2996,39251,Thibar,Tunisia,0.40642114288594,1.253415674563361,7591.014954010149,2014,"{""type"":""MultiPoint"",""coordinates"":[]}"
2_00000000000000000d8c,2997,39278,El Hamma,Tunisia,0.06451365036246481,1.282008080583667,42558.479378110846,2014,"{""type"":""MultiPoint"",""coordinates"":[]}"
2_00000000000000000d8d,2997,39279,Gabes Ouest,Tunisia,0.3572457459568548,2.5459147060606715,27166.084714821693,2014,"{""type"":""MultiPoint"",""coordinates"":[]}"
2_00000000000000000d8e,2997,39280,Gabes Sud,Tunisia,0.6017823418382975,4.839412905376687,58967.996731556006,2014,"{""type"":""MultiPoint"",""coordinates"":[]}"
2_00000000000000000d8f,2997,39281,Gabes Ville,Tunisia,16.138938231032963,9.87139937869988,41813.60501307273,2014,"{""type"":""MultiPoint"",""coordinates"":[]}"
2_00000000000000000d90,2997,39282,Gannouch,Tunisia,6.611865284869335,9.018466701700651,24368.2266891365,2014,"{""type"":""MultiPoint"",""coordinates"":[]}"
2_00000000000000000d91,2997,39283,Mareth,Tunisia,0.17522625598029687,1.1709817654134784,49699.71799892036,2014,"{""type"":""MultiPoint"",""coordinates"":[]}"
2_00000000000000000d92,2997,39284,Matmata,Tunisia,0.022163130648972525,0.15765522753576042,1916.854236034121,2014,"{""type"":""MultiPoint"",""coordinates"":[]}"
2_00000000000000000d93,2997,39285,Matmata Nouvelle,Tunisia,0.09204763037519828,0.4876614523006118,9819.62776598943,2014,"{""type"":""MultiPoint"",""coordinates"":[]}"
2_00000000000000000d94,2997,39286,Menzel El Habib,Tunisia,0.07007066149475662,0.1435529667803409,6302.976114563155,2014,"{""type"":""MultiPoint"",""coordinates"":[]}"
2_00000000000000000d95,2997,39287,Metouia,Tunisia,0.21464908296857257,1.1973486719394337,22673.878775655252,2014,"{""type"":""MultiPoint"",""coordinates"":[]}"
2_00000000000000000d96,2998,39288,Belkhir,Tunisia,0.10794759911043529,0.33225627498320776,8463.731317281343,2014,"{""type"":""MultiPoint"",""coordinates"":[]}"
2_00000000000000000d97,2998,39289,Gafsa Nord,Tunisia,0.08795587662511528,0.3641886323346645,8359.312060256087,2014,"{""type"":""MultiPoint"",""coordinates"":[]}"
2_00000000000000000d98,2998,39290,Gafsa Sud,Tunisia,0.14713955003170148,4.277747063369364,71030.33422153626,2014,"{""type"":""MultiPoint"",""coordinates"":[]}"
2_00000000000000000d99,2998,39291,Guetar,Tunisia,0.09003456356717705,0.7576528832109438,13032.287626392375,2014,"{""type"":""MultiPoint"",""coordinates"":[]}"
2_00000000000000000d9a,2998,39292,Ksar,Tunisia,0.4330178302026669,3.7329035687055536,32669.88948054794,2014,"{""type"":""MultiPoint"",""coordinates"":[]}"
2_00000000000000000d9b,2998,39293,Mdhilla,Tunisia,0.09314507052222801,0.9784663967978977,8109.952425308277,2014,"{""type"":""MultiPoint"",""coordinates"":[]}"
2_00000000000000000d9c,2998,39294,Metlaoui,Tunisia,0.2174948432741422,2.034883237278111,22138.583028864155,2014,"{""type"":""MultiPoint"",""coordinates"":[]}"
2_00000000000000000d9d,2998,39295,Oum Larais,Tunisia,0.08096476708718475,1.1538067818373932,16704.570813775154,2014,"{""type"":""MultiPoint"",""coordinates"":[]}"
2_00000000000000000d9e,2998,39296,Redeyef,Tunisia,0.3029215898079598,1.9376228653491459,17723.1603121853,2014,"{""type"":""MultiPoint"",""coordinates"":[]}"
2_00000000000000000d9f,2998,39297,Sened,Tunisia,0.17489703897679074,1.1915328141591526,27376.113845399977,2014,"{""type"":""MultiPoint"",""coordinates"":[]}"
2_00000000000000000da0,2998,39298,Sidi Aich,Tunisia,0.0909311358945803,0.58744121714082,7389.021728559992,2014,"{""type"":""MultiPoint"",""coordinates"":[]}"
2_00000000000000000da1,2999,39299,Ain Draham,Tunisia,0.4301530963645463,1.181165254812699,30224.800575114357,2014,"{""type"":""MultiPoint"",""coordinates"":[]}"
2_00000000000000000da2,2999,39300,Balta Bou Aouane,Tunisia,1.1089825214484421,0.7408310248630656,27324.835174853182,2014,"{""type"":""MultiPoint"",""coordinates"":[]}"
2_00000000000000000da3,2999,39301,Bou Salem,Tunisia,0.30900706986504267,1.973274535294354,28777.67742569473,2014,"{""type"":""MultiPoint"",""coordinates"":[]}"
2_00000000000000000da4,2999,39302,Fernana,Tunisia,0.6757165959220385,1.4141089953409127,38756.9527004832,2014,"{""type"":""MultiPoint"",""coordinates"":[]}"
2_00000000000000000da5,2999,39303,Ghardimaou,Tunisia,0.3670104766876505,2.5901382936932764,56481.12120552741,2014,"{""type"":""MultiPoint"",""coordinates"":[]}"
2_00000000000000000da6,2999,39304,Jendouba,Tunisia,0.6170979081045331,2.904909607433824,25807.893051359446,2014,"{""type"":""MultiPoint"",""coordinates"":[]}"
2_00000000000000000da7,2999,39305,Jendouba Nord,Tunisia,0.6155861951415263,5.255149792391252,64207.389393424055,2014,"{""type"":""MultiPoint"",""coordinates"":[]}"
2_00000000000000000da8,2999,39306,Oued Mliz,Tunisia,0.4317981950347553,1.3514629732034416,12429.81257953071,2014,"{""type"":""MultiPoint"",""coordinates"":[]}"
2_00000000000000000da9,2999,39307,Tabarka,Tunisia,0.43266076380140067,2.06922061455517,35885.16898729042,2014,"{""type"":""MultiPoint"",""coordinates"":[]}"
2_00000000000000000daa,3000,39308,Alaa,Tunisia,0.3017972961171312,1.4781520703073268,22049.440706070665,2014,"{""type"":""MultiPoint"",""coordinates"":[]}"
2_00000000000000000dab,3000,39309,Chbika,Tunisia,0.34091263295864893,0.8663980740313242,29394.8391379904,2014,"{""type"":""MultiPoint"",""coordinates"":[]}"
2_00000000000000000dac,3000,39310,Chrarda,Tunisia,0.3444864239986805,0.746843869576601,21001.08645769677,2014,"{""type"":""MultiPoint"",""coordinates"":[]}"
2_00000000000000000dad,3000,39311,Haffouz,Tunisia,0.30346365649618484,1.0627389641214555,30453.62570705725,2014,"{""type"":""MultiPoint"",""coordinates"":[]}"
2_00000000000000000dae,3000,39312,Hajeb El Ayoun,Tunisia,0.2020076571432406,1.3511236340086024,26856.890776529355,2014,"{""type"":""MultiPoint"",""coordinates"":[]}"
2_00000000000000000daf,3000,39313,Kairouan Nord,Tunisia,1.6323850283193595,4.589551980048064,84077.81728004191,2014,"{""type"":""MultiPoint"",""coordinates"":[]}"
2_00000000000000000db0,3000,39314,Kairouan Sud,Tunisia,0.42917041219144597,2.045370062303878,50418.70592360052,2014,"{""type"":""MultiPoint"",""coordinates"":[]}"
2_00000000000000000db1,3000,39315,Nasrallah,Tunisia,0.2166006069289459,0.6924708088560291,22665.597850747286,2014,"{""type"":""MultiPoint"",""coordinates"":[]}"
2_00000000000000000db2,3000,39316,Oueslatia,Tunisia,0.169237969585626,0.6966084043164069,24418.606625852255,2014,"{""type"":""MultiPoint"",""coordinates"":[]}"
2_00000000000000000db3,3000,39317,Sbikha,Tunisia,0.34587992027583,1.3425824037247076,53942.887204262785,2014,"{""type"":""MultiPoint"",""coordinates"":[]}"
2_00000000000000000db4,3000,39318,Sidi Amor Bou Hajla,Tunisia,0.60859152369763,1.786970502684256,59146.89378485956,2014,"{""type"":""MultiPoint"",""coordinates"":[]}"
2_00000000000000000db5,3001,39319,Ayoun,Tunisia,0.2957311419649695,0.23633715702529157,11614.11347945379,2014,"{""type"":""MultiPoint"",""coordinates"":[]}"
2_00000000000000000db6,3001,39320,Djediane,Tunisia,0.20924900149514258,0.617719130793327,8958.503285350464,2014,"{""type"":""MultiPoint"",""coordinates"":[]}"
2_00000000000000000db7,3001,39321,Ezzouhour,Tunisia,45.68740463256836,18.769602768948257,17386.349198663,2014,"{""type"":""MultiPoint"",""coordinates"":[]}"
2_00000000000000000db8,3001,39322,Feriana,Tunisia,0.17098068987256682,1.3778942524092739,36406.03564868465,2014,"{""type"":""MultiPoint"",""coordinates"":[]}"
2_00000000000000000db9,3001,39323,Foussana,Tunisia,0.18131163743390974,1.1430512201556966,29371.59494422467,2014,"{""type"":""MultiPoint"",""coordinates"":[]}"
2_00000000000000000dba,3001,39324,Hassi El Ferid,Tunisia,0.09765569578474304,0.25906127041551796,12301.54904051229,2014,"{""type"":""MultiPoint"",""coordinates"":[]}"
2_00000000000000000dbb,3001,39325,Hidra,Tunisia,0.09110868792790569,0.6491185907071938,7305.049916316074,2014,"{""type"":""MultiPoint"",""coordinates"":[]}"
2_00000000000000000dbc,3001,39326,Kasserine Nord,Tunisia,1.7385271123922412,10.210696754137496,53294.09990268423,2014,"{""type"":""MultiPoint"",""coordinates"":[]}"
2_00000000000000000dbd,3001,39327,Kasserine Sud,Tunisia,0.11315662090238142,1.06915463929686,18077.522377583962,2014,"{""type"":""MultiPoint"",""coordinates"":[]}"
2_00000000000000000dbe,3001,39328,Majel Belabbes,Tunisia,0.08923313175180508,0.7027367363220669,17135.936566053722,2014,"{""type"":""MultiPoint"",""coordinates"":[]}"
2_00000000000000000dbf,3001,39329,Sbeitla,Tunisia,0.35042375701157835,1.7987341101352645,56167.96171077977,2014,"{""type"":""MultiPoint"",""coordinates"":[]}"
2_00000000000000000dc0,3001,39330,Sbiba,Tunisia,0.35855310272375546,1.9887646217616675,32350.28582278952,2014,"{""type"":""MultiPoint"",""coordinates"":[]}"
2_00000000000000000dc1,3001,39331,Thala,Tunisia,0.1790078047940196,0.9015538709117503,25626.312952235447,2014,"{""type"":""MultiPoint"",""coordinates"":[]}"
2_00000000000000000dc2,3002,39332,Douz,Tunisia,0.15724246138613251,1.0145435996990042,24738.16474089577,2014,"{""type"":""MultiPoint"",""coordinates"":[]}"
2_00000000000000000dc3,3002,39333,El Faouar,Tunisia,0.013106762639196037,0.3818057863905601,5094.044593626805,2014,"{""type"":""MultiPoint"",""coordinates"":[]}"
2_00000000000000000dc4,3002,39334,Kebili Nord,Tunisia,0.4679956419948489,1.2256179521806625,16304.37281749555,2014,"{""type"":""MultiPoint"",""coordinates"":[]}"
2_00000000000000000dc5,3002,39335,Kebili Sud,Tunisia,0.2140831285027586,1.1018419061932263,22980.481309794268,2014,"{""type"":""MultiPoint"",""coordinates"":[]}"
2_00000000000000000dc6,3002,39336,Souk El Ahed,Tunisia,0.028614505757782186,0.6988221825946824,14409.220768383595,2014,"{""type"":""MultiPoint"",""coordinates"":[]}"
2_00000000000000000dc7,3003,39337,Dahmani,Tunisia,0.17200927750166176,1.3673814097246786,22433.106434101188,2014,"{""type"":""MultiPoint"",""coordinates"":[]}"
2_00000000000000000dc8,3003,39338,Es Sers,Tunisia,0.17865985556784225,1.2692748260325348,17645.454836938145,2014,"{""type"":""MultiPoint"",""coordinates"":[]}"
2_00000000000000000dc9,3003,39339,Jerissa,Tunisia,0.15662879029107027,0.8681830388340154,6462.495274982935,2014,"{""type"":""MultiPoint"",""coordinates"":[]}"
2_00000000000000000dca,3003,39340,Kalaa Resba,Tunisia,0.14779752377174002,1.0713678137164575,6083.47724806789,2014,"{""type"":""MultiPoint"",""coordinates"":[]}"
2_00000000000000000dcb,3003,39341,Kalaa Senan,Tunisia,0.1401580500503092,0.37854920119919067,12695.31228661567,2014,"{""type"":""MultiPoint"",""coordinates"":[]}"
2_00000000000000000dcc,3003,39342,Kef Est,Tunisia,0.17610597498477235,0.8212562176790152,13467.59060499347,2014,"{""type"":""MultiPoint"",""coordinates"":[]}"
2_00000000000000000dcd,3003,39343,Kef Quest,Tunisia,0.6095984679117481,4.987398129907346,41833.98342140198,2014,"{""type"":""MultiPoint"",""coordinates"":[]}"
2_00000000000000000dce,3003,39344,Ksour,Tunisia,0.14869162491019666,0.17263518133165187,8418.837569773048,2014,"{""type"":""MultiPoint"",""coordinates"":[]}"
2_00000000000000000dcf,3003,39345,Nebeur,Tunisia,0.14846301741014342,0.4780951740884243,18145.83649182752,2014,"{""type"":""MultiPoint"",""coordinates"":[]}"
2_00000000000000000dd0,3003,39346,Sakiet Sidi Youssef,Tunisia,0.09728069552127713,0.6062095872798209,12511.595960080609,2014,"{""type"":""MultiPoint"",""coordinates"":[]}"
2_00000000000000000dd1,3003,39347,Tejerouine,Tunisia,0.16472492696219077,0.9519544104360483,19500.658906703462,2014,"{""type"":""MultiPoint"",""coordinates"":[]}"
2_00000000000000000dd2,3004,39348,Bou Merdes,Tunisia,0.6856475624519859,1.8015160240646713,25887.115404184457,2014,"{""type"":""MultiPoint"",""coordinates"":[]}"
2_00000000000000000dd3,3004,39349,Chebba,Tunisia,0.5333289227990978,2.295100676129989,21771.924646068088,2014,"{""type"":""MultiPoint"",""coordinates"":[]}"
2_00000000000000000dd4,3004,39350,Chorbane,Tunisia,0.2765057875743564,0.4636251071049333,17884.544797056777,2014,"{""type"":""MultiPoint"",""coordinates"":[]}"
2_00000000000000000dd5,3004,39351,El Jem,Tunisia,0.6058083139930237,2.4869007920452044,40174.013411856475,2014,"{""type"":""MultiPoint"",""coordinates"":[]}"
2_00000000000000000dd6,3004,39352,H'bira,Tunisia,0.20231330991221108,0.3325667045118397,8125.882717026647,2014,"{""type"":""MultiPoint"",""coordinates"":[]}"
2_00000000000000000dd7,3004,39353,Ksour Essaf,Tunisia,0.8705921843938076,2.710666518053749,48592.29763061439,2014,"{""type"":""MultiPoint"",""coordinates"":[]}"
2_00000000000000000dd8,3004,39354,Mahdia,Tunisia,1.8110074072373632,3.6592714000269186,66981.97953368339,2014,"{""type"":""MultiPoint"",""coordinates"":[]}"
2_00000000000000000dd9,3004,39355,Melloulech,Tunisia,0.5590757138927148,1.3113628277472575,18721.653481043373,2014,"{""type"":""MultiPoint"",""coordinates"":[]}"
2_00000000000000000dda,3004,39356,Oueled Chamekh,Tunisia,0.3464443211179344,0.8000751060310229,17868.87338748893,2014,"{""type"":""MultiPoint"",""coordinates"":[]}"
2_00000000000000000ddb,3004,39357,Sidi Alouane,Tunisia,0.5935171470442052,1.2596016423834668,29158.738207687744,2014,"{""type"":""MultiPoint"",""coordinates"":[]}"
2_00000000000000000ddc,3004,39358,Souassi,Tunisia,0.6066080627845614,1.9829613465014782,37091.26520000797,2014,"{""type"":""MultiPoint"",""coordinates"":[]}"
2_00000000000000000ddd,3005,39359,Borj El Amri,Tunisia,0.46740151678251335,1.2029896531938646,14489.995145846036,2014,"{""type"":""MultiPoint"",""coordinates"":[]}"
2_00000000000000000dde,3005,39360,Daouar Hicher,Tunisia,6.736674857514537,10.69871949881415,80316.3710308014,2014,"{""type"":""MultiPoint"",""coordinates"":[]}"
2_00000000000000000ddf,3005,39361,El Battan,Tunisia,0.3056830408602445,1.5655134380193811,14174.287699682745,2014,"{""type"":""MultiPoint"",""coordinates"":[]}"
2_00000000000000000de0,3005,39362,Jedaida,Tunisia,1.1154720643616824,3.5248112116208716,41338.320629712354,2014,"{""type"":""MultiPoint"",""coordinates"":[]}"
2_00000000000000000de1,3005,39363,Manouba,Tunisia,42.46902213417495,35.818320090677965,72458.87793634452,2014,"{""type"":""MultiPoint"",""coordinates"":[]}"
2_00000000000000000de2,3005,39364,Mornaguia,Tunisia,0.8090146367430824,2.327537361731793,33306.35666406416,2014,"{""type"":""MultiPoint"",""coordinates"":[]}"
2_00000000000000000de3,3005,39365,Oued Ellil,Tunisia,49.12847586621364,48.6412724675427,73077.23216493457,2014,"{""type"":""MultiPoint"",""coordinates"":[]}"
2_00000000000000000de4,3005,39366,Tebourba,Tunisia,0.6175064975132301,3.0328734509605475,41604.25943126387,2014,"{""type"":""MultiPoint"",""coordinates"":[]}"
2_00000000000000000de5,3006,39376,Administrative unit not available,Tunisia,0.0,4.4907887701972795,2672.0640730465166,2014,"{""type"":""MultiPoint"",""coordinates"":[]}"
2_00000000000000000de6,3006,39377,Bekalta,Tunisia,1.604460985274421,5.26816309662208,20143.98188323927,2014,"{""type"":""MultiPoint"",""coordinates"":[]}"
2_00000000000000000de7,3006,39378,Bembla,Tunisia,2.6915358385347927,4.203750929101579,27551.36309600857,2014,"{""type"":""MultiPoint"",""coordinates"":[]}"
2_00000000000000000de8,3006,39379,Beni Hassen,Tunisia,0.5935485260630716,1.3706656660395753,11855.221148993342,2014,"{""type"":""MultiPoint"",""coordinates"":[]}"
2_00000000000000000de9,3006,39380,Jammel,Tunisia,1.3486333956802898,4.71882240894185,55257.58234080202,2014,"{""type"":""MultiPoint"",""coordinates"":[]}"
2_00000000000000000dea,3006,39381,Kisibet El Medyouni,Tunisia,2.3682447742720796,6.215777429255902,25181.614302197144,2014,"{""type"":""MultiPoint"",""coordinates"":[]}"
2_00000000000000000deb,3006,39382,Ksar Helal,Tunisia,9.360571606953938,12.030074808391616,40977.28202976387,2014,"{""type"":""MultiPoint"",""coordinates"":[]}"
2_00000000000000000dec,3006,39383,Moknine,Tunisia,1.6142981793011308,6.466483484607474,81130.35806833133,2014,"{""type"":""MultiPoint"",""coordinates"":[]}"
2_00000000000000000ded,3006,39384,Monastir,Tunisia,14.35999017735866,9.565196779271746,87641.05408368343,2014,"{""type"":""MultiPoint"",""coordinates"":[]}"
2_00000000000000000dee,3006,39385,Ouerdanine,Tunisia,1.3072689870297514,3.7748032518989576,15564.458370668166,2014,"{""type"":""MultiPoint"",""coordinates"":[]}"
2_00000000000000000def,3006,39386,Sayada-lemta Bou Hajja,Tunisia,14.85472685545298,8.828087210882552,20165.082591718776,2014,"{""type"":""MultiPoint"",""coordinates"":[]}"
2_00000000000000000df0,3006,39387,Shaline,Tunisia,2.9335775596296116,4.098511948583171,24533.163457466802,2014,"{""type"":""MultiPoint"",""coordinates"":[]}"
2_00000000000000000df1,3006,39388,Teboulba,Tunisia,8.138436969291874,9.477112642357124,25962.92144420894,2014,"{""type"":""MultiPoint"",""coordinates"":[]}"
2_00000000000000000df2,3006,39389,Zarmedine,Tunisia,0.5570357089757775,2.003111431646448,23284.265724302277,2014,"{""type"":""MultiPoint"",""coordinates"":[]}"
2_00000000000000000df3,3007,39367,Ben Guerdane,Tunisia,0.06679332106031009,1.1094235177478633,47746.452215981466,2014,"{""type"":""MultiPoint"",""coordinates"":[]}"
2_00000000000000000df4,3007,39368,Beni Khedeche,Tunisia,0.14054423997492171,0.3546822633647202,19171.942009036822,2014,"{""type"":""MultiPoint"",""coordinates"":[]}"
2_00000000000000000df5,3007,39369,Jerba Ajim,Tunisia,0.6544477717799427,1.5855285390529772,21319.500698327378,2014,"{""type"":""MultiPoint"",""coordinates"":[]}"
2_00000000000000000df6,3007,39370,Jerba Houmet Souk,Tunisia,1.810103643141299,3.791667497629525,61824.84567737661,2014,"{""type"":""MultiPoint"",""coordinates"":[]}"
2_00000000000000000df7,3007,39371,Jerba Midoun,Tunisia,1.3097508762991723,2.7558771329909617,53538.85926644835,2014,"{""type"":""MultiPoint"",""coordinates"":[]}"
2_00000000000000000df8,3007,39372,Medenine Nord,Tunisia,0.308233155254006,1.6270074571341413,43496.806197701284,2014,"{""type"":""MultiPoint"",""coordinates"":[]}"
2_00000000000000000df9,3007,39373,Medenine Sud,Tunisia,0.35076210936627905,3.293445766261843,47131.05923881628,2014,"{""type"":""MultiPoint"",""coordinates"":[]}"
2_00000000000000000dfa,3007,39375,Zarzis,Tunisia,0.1764754318452688,1.7831069079305448,59002.198455436956,2014,"{""type"":""MultiPoint"",""coordinates"":[]}"
2_00000000000000000dfb,3008,39390,Beni Kalled,Tunisia,1.1881992490554427,4.05007891958525,31803.02635179196,2014,"{""type"":""MultiPoint"",""coordinates"":[]}"
2_00000000000000000dfc,3008,39391,Beni Khiar,Tunisia,0.8756858811693211,5.335368342900723,46686.83034784782,2014,"{""type"":""MultiPoint"",""coordinates"":[]}"
2_00000000000000000dfd,3008,39392,Bou Argoub,Tunisia,1.3451042679570109,1.4682923792460665,25449.159030199855,2014,"{""type"":""MultiPoint"",""coordinates"":[]}"
2_00000000000000000dfe,3008,39393,Dar Chaabane El Fehri,Tunisia,0.852720439608933,11.072804350636753,38676.4170372675,2014,"{""type"":""MultiPoint"",""coordinates"":[]}"
2_00000000000000000dff,3008,39394,El Mida,Tunisia,0.9054323822497509,1.1831510207807938,22805.18035184157,2014,"{""type"":""MultiPoint"",""coordinates"":[]}"
2_00000000000000000e00,3008,39395,Grambalia,Tunisia,0.9327269407421467,2.6961185286902563,52585.563429896734,2014,"{""type"":""MultiPoint"",""coordinates"":[]}"
2_00000000000000000e01,3008,39396,Hammam Ghezaz,Tunisia,0.9399612906529665,1.564642648729249,17279.646192965527,2014,"{""type"":""MultiPoint"",""coordinates"":[]}"
2_00000000000000000e02,3008,39397,Hammamet,Tunisia,0.5581233158503505,4.223182843099943,78972.32138900159,2014,"{""type"":""MultiPoint"",""coordinates"":[]}"
2_00000000000000000e03,3008,39398,Haouaria,Tunisia,0.6542668432950572,1.0318878240267957,27065.42222024403,2014,"{""type"":""MultiPoint"",""coordinates"":[]}"
2_00000000000000000e04,3008,39399,Kelibia,Tunisia,0.8687975630494719,6.0854318714599165,52249.06803260239,2014,"{""type"":""MultiPoint"",""coordinates"":[]}"
2_00000000000000000e05,3008,39400,Korba,Tunisia,1.114873219532389,3.474378434554912,61881.572744023506,2014,"{""type"":""MultiPoint"",""coordinates"":[]}"
2_00000000000000000e06,3008,39401,Menzel Bouzelfa,Tunisia,1.1153330010448146,4.069460188366552,31166.029883982115,2014,"{""type"":""MultiPoint"",""coordinates"":[]}"
2_00000000000000000e07,3008,39402,Menzel Temime,Tunisia,0.876888936057093,4.425546887638426,50755.52799272513,2014,"{""type"":""MultiPoint"",""coordinates"":[]}"
2_00000000000000000e08,3008,39403,Nabeul,Tunisia,2.120867764657048,8.459986443498853,54974.253996264895,2014,"{""type"":""MultiPoint"",""coordinates"":[]}"
2_00000000000000000e09,3008,39404,Solimane,Tunisia,1.3109779818885787,3.896799090619165,42112.20580743492,2014,"{""type"":""MultiPoint"",""coordinates"":[]}"
2_00000000000000000e0a,3008,39405,Takelsa,Tunisia,0.4664201327424017,0.9228008789947074,18288.251924132364,2014,"{""type"":""MultiPoint"",""coordinates"":[]}"
2_00000000000000000e0b,3009,39406,Agareb,Tunisia,0.15134181273734934,0.6441080338761923,22936.140086213265,2014,"{""type"":""MultiPoint"",""coordinates"":[]}"
2_00000000000000000e0c,3009,39407,Bir Ali Ben Khelifa,Tunisia,0.18374191714292656,0.9219783444142521,38090.71464659966,2014,"{""type"":""MultiPoint"",""coordinates"":[]}"
2_00000000000000000e0d,3009,39408,Djbeniana,Tunisia,0.6929352270510666,2.459544147678341,40564.525120038204,2014,"{""type"":""MultiPoint"",""coordinates"":[]}"
2_00000000000000000e0e,3009,39409,El Amra,Tunisia,0.8100577198068513,1.533265427192265,27434.25109862686,2014,"{""type"":""MultiPoint"",""coordinates"":[]}"
2_00000000000000000e0f,3009,39410,El Ghraiba,Tunisia,0.0910928351709014,0.5354105332336113,6820.669528981853,2014,"{""type"":""MultiPoint"",""coordinates"":[]}"
2_00000000000000000e10,3009,39411,El Hancha,Tunisia,0.43330735851078245,1.389630515527836,38157.11246844993,2014,"{""type"":""MultiPoint"",""coordinates"":[]}"
2_00000000000000000e11,3009,39412,Kerkennah,Tunisia,0.515449216238246,0.9916650080454708,11096.096030602912,2014,"{""type"":""MultiPoint"",""coordinates"":[]}"
2_00000000000000000e12,3009,39413,Menzel Chaker,Tunisia,0.10765649054991956,0.20486216190635576,21144.93348775438,2014,"{""type"":""MultiPoint"",""coordinates"":[]}"
2_00000000000000000e13,3009,39414,Mhares,Tunisia,0.13017922515417243,2.7685514123767683,38741.754066251604,2014,"{""type"":""MultiPoint"",""coordinates"":[]}"
2_00000000000000000e14,3009,39415,Sakiet Eddaier,Tunisia,2.6233071590878128,9.101582529975884,106002.33816432569,2014,"{""type"":""MultiPoint"",""coordinates"":[]}"
2_00000000000000000e15,3009,39416,Sakiet Ezzit,Tunisia,1.8607564293798635,7.281346655885297,63903.95850840586,2014,"{""type"":""MultiPoint"",""coordinates"":[]}"
2_00000000000000000e16,3009,39417,Sfax Ouest,Tunisia,44.79132174600267,16.018797531191872,86241.99447571064,2014,"{""type"":""MultiPoint"",""coordinates"":[]}"
2_00000000000000000e17,3009,39418,Sfax Sud,Tunisia,1.3587454607235507,5.473515403283422,144196.6674186335,2014,"{""type"":""MultiPoint"",""coordinates"":[]}"
2_00000000000000000e18,3009,39419,Sfax Ville,Tunisia,36.275756347577364,11.372689465149522,107502.0360208516,2014,"{""type"":""MultiPoint"",""coordinates"":[]}"
2_00000000000000000e19,3009,39420,Skhira,Tunisia,0.15399321115456313,0.6556671041976937,25873.458962045766,2014,"{""type"":""MultiPoint"",""coordinates"":[]}"
2_00000000000000000e1a,3010,39421,Bir El Hafey,Tunisia,0.34364012492459156,1.8697878320538268,30606.09191105024,2014,"{""type"":""MultiPoint"",""coordinates"":[]}"
2_00000000000000000e1b,3010,39422,Jilma,Tunisia,0.30441633758085196,1.0315125109381404,30709.287860440643,2014,"{""type"":""MultiPoint"",""coordinates"":[]}"
2_00000000000000000e1c,3010,39423,Mazzouna,Tunisia,0.09033723278834221,0.560247663415707,15646.749638692296,2014,"{""type"":""MultiPoint"",""coordinates"":[]}"
2_00000000000000000e1d,3010,39424,Meknassy,Tunisia,0.17551085077630488,0.9183658677458015,18290.731924475345,2014,"{""type"":""MultiPoint"",""coordinates"":[]}"
2_00000000000000000e1e,3010,39425,Menzel Bouzayane,Tunisia,0.21153291626497217,0.49662543772304585,19050.97763477105,2014,"{""type"":""MultiPoint"",""coordinates"":[]}"
2_00000000000000000e1f,3010,39426,Ouled Haffouz,Tunisia,0.2645862393695901,0.4243661245151151,15529.183041964727,2014,"{""type"":""MultiPoint"",""coordinates"":[]}"
2_00000000000000000e20,3010,39427,Regueb,Tunisia,0.34109907216691526,1.285748768136417,51671.78548409486,2014,"{""type"":""MultiPoint"",""coordinates"":[]}"
2_00000000000000000e21,3010,39428,Sabalat Ouled Asker,Tunisia,0.30611768185019184,1.0867038980098487,16803.07293624948,2014,"{""type"":""MultiPoint"",""coordinates"":[]}"
2_00000000000000000e22,3010,39429,Sidi Ali Ben Aoun,Tunisia,0.18081485463342992,0.8733810437460435,22634.65845107902,2014,"{""type"":""MultiPoint"",""coordinates"":[]}"
2_00000000000000000e23,3010,39430,Sidi Bouzid Est,Tunisia,0.27607747400573346,0.701732354333937,37764.8223132951,2014,"{""type"":""MultiPoint"",""coordinates"":[]}"
2_00000000000000000e24,3010,39431,Sidi Bouzid Ouest,Tunisia,0.3592470732998654,4.250107866529458,59501.65213212706,2014,"{""type"":""MultiPoint"",""coordinates"":[]}"
2_00000000000000000e25,3010,39432,Souk Jedid,Tunisia,0.3414260373269927,0.6636907821018688,15724.764451265295,2014,"{""type"":""MultiPoint"",""coordinates"":[]}"
2_00000000000000000e26,3011,39433,Bargou,Tunisia,0.14777363680940198,0.5337220572936047,8780.242349367809,2014,"{""type"":""MultiPoint"",""coordinates"":[]}"
2_00000000000000000e27,3011,39434,Bouarada,Tunisia,0.1783548480122768,1.0942659774349215,21974.72785257803,2014,"{""type"":""MultiPoint"",""coordinates"":[]}"
2_00000000000000000e28,3011,39435,Bourouis,Tunisia,0.2147788848287203,0.6917727936777504,9288.80387449079,2014,"{""type"":""MultiPoint"",""coordinates"":[]}"
2_00000000000000000e29,3011,39436,Elkrib,Tunisia,0.17026203245175858,1.0829503546468309,13294.331760006095,2014,"{""type"":""MultiPoint"",""coordinates"":[]}"
2_00000000000000000e2a,3011,39437,Gaafour,Tunisia,0.15145617047772572,0.7512844742278733,11886.399294413335,2014,"{""type"":""MultiPoint"",""coordinates"":[]}"
2_00000000000000000e2b,3011,39438,Kissra,Tunisia,0.21676448653313107,0.6769324314007443,11359.146607804878,2014,"{""type"":""MultiPoint"",""coordinates"":[]}"
2_00000000000000000e2c,3011,39439,Makhtar,Tunisia,0.30610902750741875,1.7046174732208714,22888.780442103278,2014,"{""type"":""MultiPoint"",""coordinates"":[]}"
2_00000000000000000e2d,3011,39440,Rouhia,Tunisia,0.17449830395199226,0.7830657491192992,18773.818765998636,2014,"{""type"":""MultiPoint"",""coordinates"":[]}"
2_00000000000000000e2e,3011,39441,Siliana Nord,Tunisia,0.3018767110917472,2.1714845316712896,27077.60123262356,2014,"{""type"":""MultiPoint"",""coordinates"":[]}"
2_00000000000000000e2f,3011,39442,Siliana Sud,Tunisia,0.1768420030813616,0.6379843825450027,15352.335271077904,2014,"{""type"":""MultiPoint"",""coordinates"":[]}"
2_00000000000000000e30,3012,39443,Akouda,Tunisia,3.6289862360217913,4.975194237111421,31187.652021295646,2014,"{""type"":""MultiPoint"",""coordinates"":[]}"
2_00000000000000000e31,3012,39444,Bouficha,Tunisia,0.4701710610365912,1.1025040202827538,19152.48412918762,2014,"{""type"":""MultiPoint"",""coordinates"":[]}"
2_00000000000000000e32,3012,39445,Enfidha,Tunisia,0.530133712194019,1.5764164915953587,37875.767326747664,2014,"{""type"":""MultiPoint"",""coordinates"":[]}"
2_00000000000000000e33,3012,39446,Hammam Sousse,Tunisia,15.252407374343711,9.45602129467701,40460.459855653746,2014,"{""type"":""MultiPoint"",""coordinates"":[]}"
2_00000000000000000e34,3012,39447,Hergla,Tunisia,0.46457365316330135,1.280056501944711,7357.025714768792,2014,"{""type"":""MultiPoint"",""coordinates"":[]}"
2_00000000000000000e35,3012,39448,Kalaa Kebira,Tunisia,0.6088042919982317,4.026065855170347,48764.507376308655,2014,"{""type"":""MultiPoint"",""coordinates"":[]}"
2_00000000000000000e36,3012,39449,Kalaa Sghira,Tunisia,0.6134543090637338,5.131980367297071,29859.701563993825,2014,"{""type"":""MultiPoint"",""coordinates"":[]}"
2_00000000000000000e37,3012,39450,Kondar,Tunisia,0.40853779303629084,0.734807775264173,7742.246335087515,2014,"{""type"":""MultiPoint"",""coordinates"":[]}"
2_00000000000000000e38,3012,39451,M'saken,Tunisia,0.6864275409319008,3.3932212006262885,73083.10531593583,2014,"{""type"":""MultiPoint"",""coordinates"":[]}"
2_00000000000000000e39,3012,39452,Sidi Bou Ali,Tunisia,0.6895584758702085,1.7872974052880715,16318.653835629199,2014,"{""type"":""MultiPoint"",""coordinates"":[]}"
2_00000000000000000e3a,3012,39453,Sidi El Heni,Tunisia,0.17050391382254831,0.492858008127659,11737.426531314091,2014,"{""type"":""MultiPoint"",""coordinates"":[]}"
2_00000000000000000e3b,3012,39454,Sousse Jaouhara,Tunisia,44.28389652300605,16.41549394741914,71068.84905806892,2014,"{""type"":""MultiPoint"",""coordinates"":[]}"
2_00000000000000000e3c,3012,39455,Sousse Medina,Tunisia,41.77363406910616,13.784536772700456,51631.54161658194,2014,"{""type"":""MultiPoint"",""coordinates"":[]}"
2_00000000000000000e3d,3012,39456,Sousse Riad,Tunisia,9.244733784400912,14.582734325635633,61161.65642433868,2014,"{""type"":""MultiPoint"",""coordinates"":[]}"
2_00000000000000000e3e,3012,39457,Sousse Sidi Abd Elhami,Tunisia,26.769621302844747,19.572198850427874,49448.883761227364,2014,"{""type"":""MultiPoint"",""coordinates"":[]}"
2_00000000000000000e3f,3013,39458,Bir Lahmar,Tunisia,0.15043830630250943,0.7794662842466737,6947.123542830225,2014,"{""type"":""MultiPoint"",""coordinates"":[]}"
2_00000000000000000e40,3013,39459,Dhiba,Tunisia,0.006265732049637139,0.2219218047861467,1665.0960996774381,2014,"{""type"":""MultiPoint"",""coordinates"":[]}"
2_00000000000000000e41,3013,39460,Ghomrassen,Tunisia,0.09095677004104731,0.700097264752809,12511.125428532425,2014,"{""type"":""MultiPoint"",""coordinates"":[]}"
2_00000000000000000e42,3013,39461,Remada,Tunisia,0.003946765596911163,0.08584510986128072,2914.426729237033,2014,"{""type"":""MultiPoint"",""coordinates"":[]}"
2_00000000000000000e43,3013,39462,Samar,Tunisia,0.07651756557932742,0.24315840727280744,7585.801757146422,2014,"{""type"":""MultiPoint"",""coordinates"":[]}"
2_00000000000000000e44,3013,39463,Tataouine Nord,Tunisia,0.18413345757436214,1.8057981245074985,39721.77694559268,2014,"{""type"":""MultiPoint"",""coordinates"":[]}"
2_00000000000000000e45,3013,39464,Tataouine Sud,Tunisia,0.054887709220356455,1.064209635909045,25428.517131573157,2014,"{""type"":""MultiPoint"",""coordinates"":[]}"
2_00000000000000000e46,3014,39465,Degueche,Tunisia,0.15957360707736873,1.0499890956064653,16042.030541527474,2014,"{""type"":""MultiPoint"",""coordinates"":[]}"
2_00000000000000000e47,3014,39466,Hazoua,Tunisia,0.06637471902241926,0.2928606416098851,1208.594979406241,2014,"{""type"":""MultiPoint"",""coordinates"":[]}"
2_00000000000000000e48,3014,39467,Nafta,Tunisia,0.1587885019861392,1.2241560864247083,9662.822565764078,2014,"{""type"":""MultiPoint"",""coordinates"":[]}"
2_00000000000000000e49,3014,39468,Tamaghza,Tunisia,0.053627911127697686,0.22678736945974437,2542.714414508869,2014,"{""type"":""MultiPoint"",""coordinates"":[]}"
2_00000000000000000e4a,3014,39469,Tozeur,Tunisia,0.30120827976405207,2.9675861055567117,31728.087137833216,2014,"{""type"":""MultiPoint"",""coordinates"":[]}"
2_00000000000000000e4b,3015,39470,Bab Bhar,Tunisia,42.70839356875336,17.847340429876432,31553.06278087391,2014,"{""type"":""MultiPoint"",""coordinates"":[]}"
2_00000000000000000e4c,3015,39471,Bab Souika,Tunisia,96.3139139811198,46.90640017579703,31567.306366430534,2014,"{""type"":""MultiPoint"",""coordinates"":[]}"
2_00000000000000000e4d,3015,39472,Bardo,Tunisia,93.46655344262666,40.690258271324495,77025.44725471947,2014,"{""type"":""MultiPoint"",""coordinates"":[]}"
2_00000000000000000e4e,3015,39473,Carthage,Tunisia,20.7662504663985,11.718977107067811,33591.85743048424,2014,"{""type"":""MultiPoint"",""coordinates"":[]}"
2_00000000000000000e4f,3015,39474,El Harairria,Tunisia,16.485210024735025,26.02624644071341,70078.87066347354,2014,"{""type"":""MultiPoint"",""coordinates"":[]}"
2_00000000000000000e50,3015,39475,El Kabaria,Tunisia,41.5972495446621,32.99583603017509,71092.85307222627,2014,"{""type"":""MultiPoint"",""coordinates"":[]}"
2_00000000000000000e51,3015,39476,El Khadra,Tunisia,10.360475018829513,6.159984162878423,18723.32407965941,2014,"{""type"":""MultiPoint"",""coordinates"":[]}"
2_00000000000000000e52,3015,39477,El Kram,Tunisia,37.69678936351106,13.370520763037108,49865.62168336381,2014,"{""type"":""MultiPoint"",""coordinates"":[]}"
2_00000000000000000e53,3015,39478,El Marsa,Tunisia,20.627675591538985,10.465901447976842,84636.64245522441,2014,"{""type"":""MultiPoint"",""coordinates"":[]}"
2_00000000000000000e54,3015,39479,El Menzah,Tunisia,30.45155906677246,18.318450314936776,40260.34468645578,2014,"{""type"":""MultiPoint"",""coordinates"":[]}"
2_00000000000000000e55,3015,39480,El Querdia,Tunisia,54.69312143325806,24.147612901902583,24647.097508404306,2014,"{""type"":""MultiPoint"",""coordinates"":[]}"
2_00000000000000000e56,3015,39481,El Tahrir,Tunisia,83.65957582065825,20.20146353547645,14754.420956959442,2014,"{""type"":""MultiPoint"",""coordinates"":[]}"
2_00000000000000000e57,3015,39482,Ezouhour,Tunisia,0.0,37.56884951900633,2105.8373286826936,2014,"{""type"":""MultiPoint"",""coordinates"":[]}"
2_00000000000000000e58,3015,39483,Jbel Jloud,Tunisia,31.803577153130647,20.0212044552371,24138.503537623084,2014,"{""type"":""MultiPoint"",""coordinates"":[]}"
2_00000000000000000e59,3015,39484,La Goulette,Tunisia,23.130619722560947,9.298018913016195,24807.503023126075,2014,"{""type"":""MultiPoint"",""coordinates"":[]}"
2_00000000000000000e5a,3015,39485,Medina,Tunisia,79.64971669514973,23.43446780875704,14723.634607337506,2014,"{""type"":""MultiPoint"",""coordinates"":[]}"
2_00000000000000000e5b,3015,39486,Omrane,Tunisia,62.86512282554139,22.492878208538635,37755.73651104723,2014,"{""type"":""MultiPoint"",""coordinates"":[]}"
2_00000000000000000e5c,3015,39487,Omrane Superieur,Tunisia,104.57371012701361,38.5761002776413,39641.756820559036,2014,"{""type"":""MultiPoint"",""coordinates"":[]}"
2_00000000000000000e5d,3015,39488,Sidi Bechir,Tunisia,62.161761049253734,16.296914804080185,22863.156365592804,2014,"{""type"":""MultiPoint"",""coordinates"":[]}"
2_00000000000000000e5e,3015,39489,Sidi Hassine,Tunisia,6.371342302911862,7.482808619662322,72554.91146420542,2014,"{""type"":""MultiPoint"",""coordinates"":[]}"
2_00000000000000000e5f,3015,39490,Sijoumi,Tunisia,44.35886983050416,46.281405074408724,11818.284366173835,2014,"{""type"":""MultiPoint"",""coordinates"":[]}"
2_00000000000000000e60,3016,39491,Bir M'charga,Tunisia,0.2146956059056797,0.7965797211179307,22871.356724631,2014,"{""type"":""MultiPoint"",""coordinates"":[]}"
2_00000000000000000e61,3016,39492,Fahs,Tunisia,0.17746237796640887,1.2018097617857062,33162.60085986996,2014,"{""type"":""MultiPoint"",""coordinates"":[]}"
2_00000000000000000e62,3016,39493,Nadhour,Tunisia,0.4411410643389236,1.729413196978694,26145.363868807515,2014,"{""type"":""MultiPoint"",""coordinates"":[]}"
2_00000000000000000e63,3016,39494,Saouaf,Tunisia,0.3199247345531094,0.32415368415098283,9697.472788124578,2014,"{""type"":""MultiPoint"",""coordinates"":[]}"
2_00000000000000000e64,3016,39495,Zaghouan,Tunisia,0.4361324888507195,1.6713837211183011,30785.229773748903,2014,"{""type"":""MultiPoint"",""coordinates"":[]}"
2_00000000000000000e65,3016,39496,Zriba,Tunisia,0.2650468827818991,0.6984563909674141,14738.529255372547,2014,"{""type"":""MultiPoint"",""coordinates"":[]}"
2_00000000000000000e66,3007,39374,Sidi Makhlouf,Tunisia,0.23439850816659982,0.3458706243921128,18609.86828503126,2014,"{""type"":""MultiPoint"",""coordinates"":[]}"
2_00010000000000000b8f,3020,27488,Diyadin,Turkey,0.3543668072218983,4.361473769272731,21204.710078153425,2014,"{""type"":""MultiPoint"",""coordinates"":[]}"
2_00010000000000000b90,3020,27489,Dogubeyazit,Turkey,0.6202174745022286,5.653657936316479,63330.83121280022,2014,"{""type"":""MultiPoint"",""coordinates"":[]}"
2_00010000000000000b91,3020,27490,Eleskirt,Turkey,0.3630438852816355,2.6590995123652856,17460.63322972381,2014,"{""type"":""MultiPoint"",""coordinates"":[]}"
2_00010000000000000b92,3020,27491,Hamur,Turkey,0.14777285920486408,1.7783113856520576,7172.916902934878,2014,"{""type"":""MultiPoint"",""coordinates"":[]}"
2_00010000000000000b93,3020,27492,Merkez,Turkey,0.22747259688642082,9.424236657243434,107789.44126938959,2014,"{""type"":""MultiPoint"",""coordinates"":[]}"
2_00010000000000000b94,3020,27493,Patnos,Turkey,0.7216284940269495,6.543495767867014,85664.14505085627,2014,"{""type"":""MultiPoint"",""coordinates"":[]}"
2_00010000000000000b95,3020,27494,Taslicay,Turkey,0.3564763556256458,2.7143590504286563,9907.322580834652,2014,"{""type"":""MultiPoint"",""coordinates"":[]}"
2_00010000000000000b96,3020,27495,Tutak,Turkey,0.13100547532478932,2.4291242968918887,14693.793376130947,2014,"{""type"":""MultiPoint"",""coordinates"":[]}"
2_00010000000000000b97,3022,27503,Goynucek,Turkey,0.04418265519386156,0.3620913996547914,5699.754800759552,2014,"{""type"":""MultiPoint"",""coordinates"":[]}"
2_00010000000000000b98,3022,27504,Gumushacikoy,Turkey,0.08570976142258033,1.882408519792666,15364.890939606268,2014,"{""type"":""MultiPoint"",""coordinates"":[]}"
2_00010000000000000b99,3022,27505,Hamamozu,Turkey,0.11707200453683372,0.4602494703729647,2468.8510467163337,2014,"{""type"":""MultiPoint"",""coordinates"":[]}"
2_00010000000000000b9a,3022,27506,Merkez,Turkey,0.35750031212903377,3.4811991261130877,111006.60502391818,2014,"{""type"":""MultiPoint"",""coordinates"":[]}"
2_00010000000000000b9b,3022,27507,Merzifon,Turkey,0.09418026355791073,3.317757276988425,47673.498545051516,2014,"{""type"":""MultiPoint"",""coordinates"":[]}"
2_00010000000000000b9c,3022,27508,Suluova,Turkey,0.36774649376247254,3.0954886606728556,36351.631170442626,2014,"{""type"":""MultiPoint"",""coordinates"":[]}"
2_00010000000000000b9d,3022,27509,Tasova,Turkey,0.1773937427579581,0.8296038739515376,17763.87991931435,2014,"{""type"":""MultiPoint"",""coordinates"":[]}"
2_00010000000000000b9e,3023,27510,Akyurt,Turkey,1.2336463617162388,8.355485355020347,73904.87233085487,2014,"{""type"":""MultiPoint"",""coordinates"":[]}"
2_00010000000000000b9f,3023,27515,Camlidere,Turkey,0.15547743434270098,0.6625310131317739,4213.620581878974,2014,"{""type"":""MultiPoint"",""coordinates"":[]}"
2_00010000000000000ba0,3023,27517,Cubuk,Turkey,0.4340401937425129,2.567509102129992,49936.83454008275,2014,"{""type"":""MultiPoint"",""coordinates"":[]}"
2_00010000000000000ba1,3023,27524,Kalecik,Turkey,0.0457926460287032,0.45275395940195484,7443.150519308531,2014,"{""type"":""MultiPoint"",""coordinates"":[]}"
2_00010000000000000ba2,3023,27527,Kizilcahamam,Turkey,0.21890969748110398,1.0168168167121594,11267.220745982193,2014,"{""type"":""MultiPoint"",""coordinates"":[]}"
2_00010000000000000ba3,3025,27549,Cildir,Turkey,0.20256034946918516,0.6287406228282245,6518.054846884625,2014,"{""type"":""MultiPoint"",""coordinates"":[]}"
2_00010000000000000ba4,3025,27550,Damal,Turkey,0.29750157077994355,0.898026640046938,3280.044829649347,2014,"{""type"":""MultiPoint"",""coordinates"":[]}"
2_00010000000000000ba5,3025,27551,Gole,Turkey,0.18083345491527858,1.7194143593650184,14837.642932375806,2014,"{""type"":""MultiPoint"",""coordinates"":[]}"
2_00010000000000000ba6,3025,27552,Hanak,Turkey,0.21611603206159136,1.0510221492900724,4477.17400805972,2014,"{""type"":""MultiPoint"",""coordinates"":[]}"
2_00010000000000000ba7,3025,27553,Merkez,Turkey,0.1825150386563533,2.4980650507278166,24684.666732492788,2014,"{""type"":""MultiPoint"",""coordinates"":[]}"
2_00010000000000000ba8,3025,27554,Posof,Turkey,0.11726522660364053,0.3681239666432023,3574.6099947637913,2014,"{""type"":""MultiPoint"",""coordinates"":[]}"
2_00010000000000000ba9,3026,27555,Ardanuc,Turkey,0.09037797126014259,0.6836885773679439,6205.672185969499,2014,"{""type"":""MultiPoint"",""coordinates"":[]}"
2_00010000000000000baa,3026,27556,Arhavi,Turkey,0.6792296529573386,2.7573957219985448,9079.031016835825,2014,"{""type"":""MultiPoint"",""coordinates"":[]}"
2_00010000000000000bab,3026,27557,Borcka,Turkey,0.28029211712966806,1.292090564164079,9430.183403698356,2014,"{""type"":""MultiPoint"",""coordinates"":[]}"
2_00010000000000000bac,3026,27558,Hopa,Turkey,0.8147607820044799,2.7982954511250715,16582.17865611352,2014,"{""type"":""MultiPoint"",""coordinates"":[]}"
2_00010000000000000bad,3026,27559,Merkez,Turkey,0.308499549077009,2.2617566674835423,15899.45482355042,2014,"{""type"":""MultiPoint"",""coordinates"":[]}"
2_00010000000000000bae,3026,27560,Murgul,Turkey,0.6712670369320605,0.7532107383432569,4409.427472090428,2014,"{""type"":""MultiPoint"",""coordinates"":[]}"
2_00010000000000000baf,3026,27561,Savsat,Turkey,0.09031025067190081,0.4251191110172371,9352.760953595507,2014,"{""type"":""MultiPoint"",""coordinates"":[]}"
2_00010000000000000bb0,3026,27562,Yusufeli,Turkey,0.0385487027713378,0.2826165013594056,6241.924207534607,2014,"{""type"":""MultiPoint"",""coordinates"":[]}"
2_00010000000000000bb1,3029,27599,Amasra,Turkey,0.31168990578671957,1.0493722634373575,10228.297359682996,2014,"{""type"":""MultiPoint"",""coordinates"":[]}"
2_00010000000000000bb2,3029,27600,Kurucasile,Turkey,0.21792153547190504,0.9541464186393797,3612.2770804584247,2014,"{""type"":""MultiPoint"",""coordinates"":[]}"
2_00010000000000000bb3,3029,27601,Merkez,Turkey,0.43363298195635647,2.193325614157741,91703.41915486823,2014,"{""type"":""MultiPoint"",""coordinates"":[]}"
2_00010000000000000bb4,3029,27602,Ulus,Turkey,0.08842948288416652,0.755733137677861,15085.77711551765,2014,"{""type"":""MultiPoint"",""coordinates"":[]}"
2_00010000000000000bb5,3030,27603,Besiri,Turkey,0.35671891686932783,1.7704062968407612,23913.34857865547,2014,"{""type"":""MultiPoint"",""coordinates"":[]}"
2_00010000000000000bb6,3030,27604,Gercus,Turkey,0.17788506075466587,1.1188077543981754,12762.153956471531,2014,"{""type"":""MultiPoint"",""coordinates"":[]}"
2_00010000000000000bb7,3030,27605,Hasankeyf,Turkey,0.10815177130902222,0.4707615857865932,2753.9048449140855,2014,"{""type"":""MultiPoint"",""coordinates"":[]}"
2_00010000000000000bb8,3030,27606,Kozluk,Turkey,0.30784791100353315,1.1717450312237652,34074.62604956351,2014,"{""type"":""MultiPoint"",""coordinates"":[]}"
2_00010000000000000bb9,3030,27607,Merkez,Turkey,2.463694817697602,18.99682566617649,323750.91242924874,2014,"{""type"":""MultiPoint"",""coordinates"":[]}"
2_00010000000000000bba,3030,27608,Sason,Turkey,0.1746738893266063,1.6529559623133077,14614.418578937588,2014,"{""type"":""MultiPoint"",""coordinates"":[]}"
2_00010000000000000bbb,3031,27609,Aydintepe,Turkey,0.13891041904787102,0.5063713759098406,2751.8032390032213,2014,"{""type"":""MultiPoint"",""coordinates"":[]}"
2_00010000000000000bbc,3031,27610,Demirozu,Turkey,0.15062177430786974,0.8442898359981448,4415.905639869228,2014,"{""type"":""MultiPoint"",""coordinates"":[]}"
2_00010000000000000bbd,3031,27611,Merkez,Turkey,0.18061894798471198,2.0953046597085083,34511.85003658336,2014,"{""type"":""MultiPoint"",""coordinates"":[]}"
2_00010000000000000bbe,3033,27620,Adakli,Turkey,0.10694083858540891,0.7171673264767511,3933.775790702771,2014,"{""type"":""MultiPoint"",""coordinates"":[]}"
2_00010000000000000bbf,3033,27621,Genc,Turkey,0.1329114006699801,2.1032772624381773,17690.66465738803,2014,"{""type"":""MultiPoint"",""coordinates"":[]}"
2_00010000000000000bc0,3033,27622,Karliova,Turkey,0.36052903405777365,1.9829863152196927,13044.16984378716,2014,"{""type"":""MultiPoint"",""coordinates"":[]}"
2_00010000000000000bc1,3033,27623,Kigi,Turkey,0.10194850283354659,0.5139360200046528,2622.1272687676856,2014,"{""type"":""MultiPoint"",""coordinates"":[]}"
2_00010000000000000bc2,3033,27624,Merkez,Turkey,0.23629249797150595,5.2977930756108,88578.80637351466,2014,"{""type"":""MultiPoint"",""coordinates"":[]}"
2_00010000000000000bc3,3033,27625,Solhan,Turkey,0.11631977464897889,3.4471876338643317,17940.768720601613,2014,"{""type"":""MultiPoint"",""coordinates"":[]}"
2_00010000000000000bc4,3033,27626,Yayladere,Turkey,0.02156135735769197,0.15357156584795595,566.209881585367,2014,"{""type"":""MultiPoint"",""coordinates"":[]}"
2_00010000000000000bc5,3033,27627,Yedisu,Turkey,0.05376033247475736,0.2748322027809169,1118.60715157203,2014,"{""type"":""MultiPoint"",""coordinates"":[]}"
2_00010000000000000bc6,3034,27628,Adilcevaz,Turkey,0.1786581821394884,1.7511353412730613,9811.163701766627,2014,"{""type"":""MultiPoint"",""coordinates"":[]}"
2_00010000000000000bc7,3034,27629,Ahlat,Turkey,0.3050965401236772,3.067285904320139,15863.79159950072,2014,"{""type"":""MultiPoint"",""coordinates"":[]}"
2_00010000000000000bc8,3034,27630,Guroymak,Turkey,1.1145321955189835,5.167522524516458,21862.74230590866,2014,"{""type"":""MultiPoint"",""coordinates"":[]}"
2_00010000000000000bc9,3034,27631,Hizan,Turkey,1.1064448699294798,6.404239086309304,12338.598342670442,2014,"{""type"":""MultiPoint"",""coordinates"":[]}"
2_00010000000000000bca,3034,27632,Administrative unit not available,Turkey,1.3053054806232325,3.2844194636596367,6108.446607467366,2014,"{""type"":""MultiPoint"",""coordinates"":[]}"
2_00010000000000000bcb,3034,27633,Merkez,Turkey,0.9412539413530533,3.8300912541608523,31801.097767269686,2014,"{""type"":""MultiPoint"",""coordinates"":[]}"
2_00010000000000000bcc,3034,27634,Mutki,Turkey,0.31072999437839777,1.8957805745046306,9012.687827060738,2014,"{""type"":""MultiPoint"",""coordinates"":[]}"
2_00010000000000000bcd,3034,27635,Tatvan,Turkey,0.8796423931367756,5.981287268482179,43655.65173928332,2014,"{""type"":""MultiPoint"",""coordinates"":[]}"
2_00010000000000000bce,3035,27636,Akcakoca,Turkey,0.4368695440043989,2.186798136616519,29664.0057122226,2014,"{""type"":""MultiPoint"",""coordinates"":[]}"
2_00010000000000000bcf,3035,27637,Cilimli,Turkey,0.7016021204718157,1.1772669811877798,8547.687742520797,2014,"{""type"":""MultiPoint"",""coordinates"":[]}"
2_00010000000000000bd0,3035,27638,Cumayeri,Turkey,0.2651428825347035,1.1861650010116886,9346.493687033228,2014,"{""type"":""MultiPoint"",""coordinates"":[]}"
2_00010000000000000bd1,3035,27639,Dortdivan,Turkey,0.2979211146194561,0.7912416032518079,3743.161813156577,2014,"{""type"":""MultiPoint"",""coordinates"":[]}"
2_00010000000000000bd2,3035,27640,Duzce,Turkey,1.7410034327346158,7.11874270318021,212428.68652367982,2014,"{""type"":""MultiPoint"",""coordinates"":[]}"
2_00010000000000000bd3,3035,27641,Gerede,Turkey,0.15042299798120715,1.0820014754263216,14324.07145208273,2014,"{""type"":""MultiPoint"",""coordinates"":[]}"
2_00010000000000000bd4,3035,27642,Golyaka,Turkey,0.5618413988505775,1.337283360852589,7692.782592068783,2014,"{""type"":""MultiPoint"",""coordinates"":[]}"
2_00010000000000000bd5,3035,27644,Gumusova,Turkey,0.3590894157114109,0.8437551418607973,4442.747533724578,2014,"{""type"":""MultiPoint"",""coordinates"":[]}"
2_00010000000000000bd6,3035,27646,Mengen,Turkey,0.08977182272539871,0.7400880267097024,9166.516103404958,2014,"{""type"":""MultiPoint"",""coordinates"":[]}"
2_00010000000000000bd7,3035,27647,Merkez,Turkey,0.6168327770150802,5.384044583632132,131534.27129565342,2014,"{""type"":""MultiPoint"",""coordinates"":[]}"
2_00010000000000000bd8,3035,27650,Yenicaga,Turkey,0.31431081615737294,1.7601210633464375,6636.363361762613,2014,"{""type"":""MultiPoint"",""coordinates"":[]}"
2_00010000000000000bd9,3035,27651,Yigilca,Turkey,0.3422535248706958,0.8916344876880784,10914.754726454996,2014,"{""type"":""MultiPoint"",""coordinates"":[]}"
2_00010000000000000bda,3039,27692,Atkaracalar,Turkey,0.042798571044553604,0.22837648232100546,1076.961235783581,2014,"{""type"":""MultiPoint"",""coordinates"":[]}"
2_00010000000000000bdb,3039,27693,Bayramoren,Turkey,0.03328251972397738,0.08526852526298434,600.1207261262077,2014,"{""type"":""MultiPoint"",""coordinates"":[]}"
2_00010000000000000bdc,3039,27694,Cerkes,Turkey,0.08797529406163883,0.49225993672730106,5059.031865351857,2014,"{""type"":""MultiPoint"",""coordinates"":[]}"
2_00010000000000000bdd,3039,27695,Eldivan,Turkey,0.04422528623531625,0.4515823834421755,1670.221268920971,2014,"{""type"":""MultiPoint"",""coordinates"":[]}"
2_00010000000000000bde,3039,27696,Ilgaz,Turkey,0.09028678497746807,0.5305102545637991,7293.990027982468,2014,"{""type"":""MultiPoint"",""coordinates"":[]}"
2_00010000000000000bdf,3039,27697,Kizilirmak,Turkey,0.1851900761175589,0.9790318723215338,4134.836880966926,2014,"{""type"":""MultiPoint"",""coordinates"":[]}"
2_00010000000000000be0,3039,27698,Korgun,Turkey,0.044955295681597646,0.3536086680676811,1414.450350809974,2014,"{""type"":""MultiPoint"",""coordinates"":[]}"
2_00010000000000000be1,3039,27699,Kursunlu,Turkey,0.15313862966018132,0.38641732961612757,3994.56955213965,2014,"{""type"":""MultiPoint"",""coordinates"":[]}"
2_00010000000000000be2,3039,27700,Merkez,Turkey,0.07569761255957447,3.892152584837441,54348.28452016002,2014,"{""type"":""MultiPoint"",""coordinates"":[]}"
2_00010000000000000be3,3039,27701,Orta,Turkey,0.34300143983628567,1.213940548859427,6183.376726911498,2014,"{""type"":""MultiPoint"",""coordinates"":[]}"
2_00010000000000000be4,3039,27702,Sabanozu,Turkey,0.1714865183137078,0.6584547102416332,4511.136116969863,2014,"{""type"":""MultiPoint"",""coordinates"":[]}"
2_00010000000000000be5,3039,27703,Yaprakli,Turkey,0.08881586648517849,0.5372607026979836,6187.545396786266,2014,"{""type"":""MultiPoint"",""coordinates"":[]}"
2_00010000000000000be6,3040,27704,Alaca,Turkey,0.08925215910094794,2.013622269125086,23796.736068309787,2014,"{""type"":""MultiPoint"",""coordinates"":[]}"
2_00010000000000000be7,3040,27705,Bayat,Turkey,0.06297616292576551,1.1501566530395921,10432.791548799356,2014,"{""type"":""MultiPoint"",""coordinates"":[]}"
2_00010000000000000be8,3040,27706,Bogazkale,Turkey,0.06981751667014256,0.3847905003825801,2625.957788795665,2014,"{""type"":""MultiPoint"",""coordinates"":[]}"
2_00010000000000000be9,3040,27707,Dodurga,Turkey,0.13279270698914875,0.5312230544995891,4125.942219234604,2014,"{""type"":""MultiPoint"",""coordinates"":[]}"
2_00010000000000000bea,3040,27708,Iskilip,Turkey,0.11210608026263165,2.213071903188715,23106.859840133086,2014,"{""type"":""MultiPoint"",""coordinates"":[]}"
2_00010000000000000beb,3040,27709,Kargi,Turkey,0.029423157821865536,0.5647306311242722,8950.0290950848,2014,"{""type"":""MultiPoint"",""coordinates"":[]}"
2_00010000000000000bec,3040,27710,Lacin,Turkey,0.08985618470191623,0.31045408546082337,2463.9417596480275,2014,"{""type"":""MultiPoint"",""coordinates"":[]}"
2_00010000000000000bed,3040,27711,Mecitozu,Turkey,0.06270922565190588,0.6742421334881669,9958.125398082391,2014,"{""type"":""MultiPoint"",""coordinates"":[]}"
2_00010000000000000bee,3040,27712,Merkez,Turkey,0.1665576580868949,5.68718080398326,215649.31464431214,2014,"{""type"":""MultiPoint"",""coordinates"":[]}"
2_00010000000000000bef,3040,27713,Oguzlar,Turkey,0.1822844996556955,1.1150797092195273,3389.4029721669112,2014,"{""type"":""MultiPoint"",""coordinates"":[]}"
2_00010000000000000bf0,3040,27714,Ortakoy,Turkey,0.08518682871489833,1.2348202527625758,5203.481776545702,2014,"{""type"":""MultiPoint"",""coordinates"":[]}"
2_00010000000000000bf1,3040,27715,Osmancik,Turkey,0.05358723577462546,1.5759167828578464,31031.573018407995,2014,"{""type"":""MultiPoint"",""coordinates"":[]}"
2_00010000000000000bf2,3040,27716,Sungurlu,Turkey,0.08567041391928344,2.115007878330158,33089.41299857522,2014,"{""type"":""MultiPoint"",""coordinates"":[]}"
2_00010000000000000bf3,3040,27717,Ugurludag,Turkey,0.032301132761798364,0.3855601127894463,3547.5476742555843,2014,"{""type"":""MultiPoint"",""coordinates"":[]}"
2_00010000000000000bf4,3042,27737,Bismil,Turkey,0.3536075841217307,2.323410738039165,60002.030796696796,2014,"{""type"":""MultiPoint"",""coordinates"":[]}"
2_00010000000000000bf5,3042,27738,Cermik,Turkey,0.16128854377373403,2.4210165705694604,33387.90661040843,2014,"{""type"":""MultiPoint"",""coordinates"":[]}"
2_00010000000000000bf6,3042,27739,Cinar,Turkey,0.3575182265968397,1.6181595421753898,39644.53895157266,2014,"{""type"":""MultiPoint"",""coordinates"":[]}"
2_00010000000000000bf7,3042,27740,Cungus,Turkey,0.07705465288901221,1.0109694925351074,8463.54406896827,2014,"{""type"":""MultiPoint"",""coordinates"":[]}"
2_00010000000000000bf8,3042,27741,Dicle,Turkey,0.2977335988920893,1.9049631288418842,17241.110088318765,2014,"{""type"":""MultiPoint"",""coordinates"":[]}"
2_00010000000000000bf9,3042,27742,Egil,Turkey,0.3507813086541776,1.8064597315044704,19656.622730380095,2014,"{""type"":""MultiPoint"",""coordinates"":[]}"
2_00010000000000000bfa,3042,27743,Ergani,Turkey,0.2640705603033487,5.74344199187895,76166.58459575211,2014,"{""type"":""MultiPoint"",""coordinates"":[]}"
2_00010000000000000bfb,3042,27744,Hani,Turkey,0.3533979870766298,2.6007087698534073,18158.18245247985,2014,"{""type"":""MultiPoint"",""coordinates"":[]}"
2_00010000000000000bfc,3042,27745,Hazro,Turkey,0.30568512551202304,1.4704949658534772,9956.613203951221,2014,"{""type"":""MultiPoint"",""coordinates"":[]}"
2_00010000000000000bfd,3042,27746,Kocakoy,Turkey,0.433633327999667,1.885103604905777,15465.302261118763,2014,"{""type"":""MultiPoint"",""coordinates"":[]}"
2_00010000000000000bfe,3042,27747,Kulp,Turkey,0.13824269407489853,1.671226712463606,17156.762951080575,2014,"{""type"":""MultiPoint"",""coordinates"":[]}"
2_00010000000000000bff,3042,27748,Lice,Turkey,0.17236900583540518,1.2855324415584959,14427.435979660275,2014,"{""type"":""MultiPoint"",""coordinates"":[]}"
2_00010000000000000c00,3042,27749,Merkez,Turkey,1.420369770432144,12.856992930493977,717759.810511745,2014,"{""type"":""MultiPoint"",""coordinates"":[]}"
2_00010000000000000c01,3042,27750,Silvan,Turkey,0.36013813359442354,2.6382432772962123,49625.27291689455,2014,"{""type"":""MultiPoint"",""coordinates"":[]}"
2_00010000000000000c02,3043,27755,Lalapasa,Turkey,0.05383764595886957,0.31356426955380373,4148.372933036534,2014,"{""type"":""MultiPoint"",""coordinates"":[]}"
2_00010000000000000c03,3044,27760,Agin,Turkey,0.11632439436571664,0.3969339034478488,1137.7748772534087,2014,"{""type"":""MultiPoint"",""coordinates"":[]}"
2_00010000000000000c04,3044,27761,Alacakaya,Turkey,0.7845363944057957,1.6339925917064346,6539.764659289461,2014,"{""type"":""MultiPoint"",""coordinates"":[]}"
2_00010000000000000c05,3044,27762,Aricak,Turkey,0.40533578824904176,1.4010715717846254,4582.72836219718,2014,"{""type"":""MultiPoint"",""coordinates"":[]}"
2_00010000000000000c06,3044,27763,Baskil,Turkey,0.08775976455393146,0.4029144435459851,5278.50170816767,2014,"{""type"":""MultiPoint"",""coordinates"":[]}"
2_00010000000000000c07,3044,27764,Karakocan,Turkey,0.1770057437688031,1.47022710887514,10304.825964041422,2014,"{""type"":""MultiPoint"",""coordinates"":[]}"
2_00010000000000000c08,3044,27765,Keban,Turkey,0.07826938062725954,0.9054759520427665,2960.5778450989555,2014,"{""type"":""MultiPoint"",""coordinates"":[]}"
2_00010000000000000c09,3044,27766,Kovancilar,Turkey,0.17931102221545134,1.8429632336455541,15937.232285519713,2014,"{""type"":""MultiPoint"",""coordinates"":[]}"
2_00010000000000000c0a,3044,27767,Maden,Turkey,0.08587497358937071,0.8676663445819962,5442.161181833004,2014,"{""type"":""MultiPoint"",""coordinates"":[]}"
2_00010000000000000c0b,3044,27768,Merkez,Turkey,0.22264060227282,8.080326272082743,329914.93476650637,2014,"{""type"":""MultiPoint"",""coordinates"":[]}"
2_00010000000000000c0c,3044,27769,Palu,Turkey,0.31018568466805735,1.6689658506448137,12180.150175371504,2014,"{""type"":""MultiPoint"",""coordinates"":[]}"
2_00010000000000000c0d,3044,27770,Sivrice,Turkey,0.04106938451567648,0.4380186188403611,4764.711936134283,2014,"{""type"":""MultiPoint"",""coordinates"":[]}"
2_00010000000000000c0e,3045,27771,Cayirli,Turkey,0.08770272212522154,0.7735531987225382,4070.9129057485543,2014,"{""type"":""MultiPoint"",""coordinates"":[]}"
2_00010000000000000c0f,3045,27772,Ilic,Turkey,0.04477238008613771,0.39125059896172387,2228.059211657715,2014,"{""type"":""MultiPoint"",""coordinates"":[]}"
2_00010000000000000c10,3045,27773,Kemah,Turkey,0.04645818291162426,0.44137461992702015,1846.3771095685076,2014,"{""type"":""MultiPoint"",""coordinates"":[]}"
2_00010000000000000c11,3045,27774,Kemaliye,Turkey,0.06660328703619585,0.22652607972637634,1219.036025209177,2014,"{""type"":""MultiPoint"",""coordinates"":[]}"
2_00010000000000000c12,3045,27775,Merkez,Turkey,0.6161750259605742,4.967322419432691,108369.2780637272,2014,"{""type"":""MultiPoint"",""coordinates"":[]}"
2_00010000000000000c13,3045,27776,Otlukbeli,Turkey,0.05359544334926622,0.3766275854206734,723.5625626424328,2014,"{""type"":""MultiPoint"",""coordinates"":[]}"
2_00010000000000000c14,3045,27777,Refahiye,Turkey,0.09099968764903779,0.6675215884759806,4131.550994127717,2014,"{""type"":""MultiPoint"",""coordinates"":[]}"
2_00010000000000000c15,3045,27778,Tercan,Turkey,0.04733604311169585,0.8552202464946576,8138.569341798931,2014,"{""type"":""MultiPoint"",""coordinates"":[]}"
2_00010000000000000c16,3045,27779,Uzumlu,Turkey,0.23296827562831524,0.5036280897571236,5510.872143475874,2014,"{""type"":""MultiPoint"",""coordinates"":[]}"
2_00010000000000000c17,3046,27780,Askale,Turkey,0.17905199757844678,1.5987759727517634,12247.297826234162,2014,"{""type"":""MultiPoint"",""coordinates"":[]}"
2_00010000000000000c18,3046,27781,Cat,Turkey,0.2231014040547757,0.8288988439519056,6163.42142977651,2014,"{""type"":""MultiPoint"",""coordinates"":[]}"
2_00010000000000000c19,3046,27782,Hinis,Turkey,0.17697598962045502,1.765528997061945,13443.30953767223,2014,"{""type"":""MultiPoint"",""coordinates"":[]}"
2_00010000000000000c1a,3046,27783,Horasan,Turkey,0.12243026328715083,2.639117038481286,24562.17504798316,2014,"{""type"":""MultiPoint"",""coordinates"":[]}"
2_00010000000000000c1b,3046,27784,Ilica,Turkey,0.18389999288432668,2.1222780085108175,21529.03775343001,2014,"{""type"":""MultiPoint"",""coordinates"":[]}"
2_00010000000000000c1c,3046,27785,Ispir,Turkey,0.026496775887599466,0.40442215949429294,6118.449781731842,2014,"{""type"":""MultiPoint"",""coordinates"":[]}"
2_00010000000000000c1d,3046,27786,Karacoban,Turkey,0.7756356200446708,1.7400482750511155,14225.911370550139,2014,"{""type"":""MultiPoint"",""coordinates"":[]}"
2_00010000000000000c1e,3046,27787,Karayazi,Turkey,0.06343009216899011,1.2575256529215244,12292.977993575018,2014,"{""type"":""MultiPoint"",""coordinates"":[]}"
2_00010000000000000c1f,3046,27788,Koprukoy,Turkey,0.3062298832650612,1.7426140355704178,9561.301772851475,2014,"{""type"":""MultiPoint"",""coordinates"":[]}"
2_00010000000000000c20,3046,27789,Merkez,Turkey,1.2351831908802064,7.444525473425996,165224.47663297577,2014,"{""type"":""MultiPoint"",""coordinates"":[]}"
2_00010000000000000c21,3046,27790,Narman,Turkey,0.0613630849631525,1.3671604536498756,7944.496958872359,2014,"{""type"":""MultiPoint"",""coordinates"":[]}"
2_00010000000000000c22,3046,27791,Oltu,Turkey,0.055344882435632785,1.8703696121228726,19154.756313423844,2014,"{""type"":""MultiPoint"",""coordinates"":[]}"
2_00010000000000000c23,3046,27792,Olur,Turkey,0.054105193066835124,0.2800314500605044,3729.967760492938,2014,"{""type"":""MultiPoint"",""coordinates"":[]}"
2_00010000000000000c24,3046,27793,Pasinler,Turkey,0.1137973673783713,2.4712961081385134,17037.84626274728,2014,"{""type"":""MultiPoint"",""coordinates"":[]}"
2_00010000000000000c25,3046,27794,Pazaryolu,Turkey,0.08621897853472173,0.2762204913926511,1813.215828556593,2014,"{""type"":""MultiPoint"",""coordinates"":[]}"
2_00010000000000000c26,3046,27795,Senkaya,Turkey,0.07693338036341651,0.5424433701994411,9660.929716389312,2014,"{""type"":""MultiPoint"",""coordinates"":[]}"
2_00010000000000000c27,3046,27796,Tekman,Turkey,0.18422962984519017,1.7222161898203707,11118.603455208528,2014,"{""type"":""MultiPoint"",""coordinates"":[]}"
2_00010000000000000c28,3046,27797,Tortum,Turkey,0.1542060824756019,0.7560710295629804,9441.835816781779,2014,"{""type"":""MultiPoint"",""coordinates"":[]}"
2_00010000000000000c29,3046,27798,Uzundere,Turkey,0.09651938201676424,0.6561943190794162,5861.892121844957,2014,"{""type"":""MultiPoint"",""coordinates"":[]}"
2_00010000000000000c2a,3049,27821,Alucra,Turkey,0.05480266595662567,0.3000918776792202,3100.271228825274,2014,"{""type"":""MultiPoint"",""coordinates"":[]}"
2_00010000000000000c2b,3049,27822,Bulancak,Turkey,0.3633862888069569,3.2309987760646863,26449.74808900866,2014,"{""type"":""MultiPoint"",""coordinates"":[]}"
2_00010000000000000c2c,3049,27823,Camoluk,Turkey,0.10184820565806153,0.27712384700951714,2517.543051211583,2014,"{""type"":""MultiPoint"",""coordinates"":[]}"
2_00010000000000000c2d,3049,27824,Canakci,Turkey,0.3288868565451344,0.9863942179736823,5783.848868876158,2014,"{""type"":""MultiPoint"",""coordinates"":[]}"
2_00010000000000000c2e,3049,27825,Dereli,Turkey,0.1744379765700048,1.3528855940881441,13882.40893283959,2014,"{""type"":""MultiPoint"",""coordinates"":[]}"
2_00010000000000000c2f,3049,27826,Dogankent,Turkey,0.5917571926594737,1.2087747734804029,5547.715988973518,2014,"{""type"":""MultiPoint"",""coordinates"":[]}"
2_00010000000000000c30,3049,27827,Espiye,Turkey,0.36588536611614225,2.9613100398746672,23860.29736992199,2014,"{""type"":""MultiPoint"",""coordinates"":[]}"
2_00010000000000000c31,3049,27828,Eynesil,Turkey,1.3422519034994547,1.3519613627036258,8874.307195722306,2014,"{""type"":""MultiPoint"",""coordinates"":[]}"
2_00010000000000000c32,3049,27829,Gorele,Turkey,0.35133929114658485,3.1644726130291096,16257.112299985425,2014,"{""type"":""MultiPoint"",""coordinates"":[]}"
2_00010000000000000c33,3049,27830,Guce,Turkey,0.2645646450382727,0.6467185615925224,5218.216855518961,2014,"{""type"":""MultiPoint"",""coordinates"":[]}"
2_00010000000000000c34,3049,27831,Kesap,Turkey,0.3411350840792132,1.1002930872328414,10388.372474938042,2014,"{""type"":""MultiPoint"",""coordinates"":[]}"
2_00010000000000000c35,3049,27832,Merkez,Turkey,1.738966375080145,9.438100593205998,101923.97101307797,2014,"{""type"":""MultiPoint"",""coordinates"":[]}"
2_00010000000000000c36,3049,27833,Piraziz,Turkey,0.3112147464900368,1.2499212697264852,5980.635551108691,2014,"{""type"":""MultiPoint"",""coordinates"":[]}"
2_00010000000000000c37,3049,27834,S.karahisar,Turkey,0.05028666439359349,0.5334344639771704,8916.454060760143,2014,"{""type"":""MultiPoint"",""coordinates"":[]}"
2_00010000000000000c38,3049,27835,Tirebolu,Turkey,0.406047522867527,1.5193545085670386,16492.651721981107,2014,"{""type"":""MultiPoint"",""coordinates"":[]}"
2_00010000000000000c39,3049,27836,Yaglidere,Turkey,0.431780253125143,1.3450890856697875,12471.102627375569,2014,"{""type"":""MultiPoint"",""coordinates"":[]}"
2_00010000000000000c3a,3050,27837,Kelkit,Turkey,0.10963528542819606,2.064993663576494,19066.19632521427,2014,"{""type"":""MultiPoint"",""coordinates"":[]}"
2_00010000000000000c3b,3050,27838,Kose,Turkey,0.1632165821468028,0.3787678072183443,1785.868071959467,2014,"{""type"":""MultiPoint"",""coordinates"":[]}"
2_00010000000000000c3c,3050,27839,Kurtun,Turkey,0.15409372673737368,0.9420848330909417,6865.607499751232,2014,"{""type"":""MultiPoint"",""coordinates"":[]}"
2_00010000000000000c3d,3050,27840,Merkez,Turkey,0.055351605183471174,1.4585843734033435,21080.760716599423,2014,"{""type"":""MultiPoint"",""coordinates"":[]}"
2_00010000000000000c3e,3050,27841,Siran,Turkey,0.17777680096547832,1.0006610927494786,8593.314309232002,2014,"{""type"":""MultiPoint"",""coordinates"":[]}"
2_00010000000000000c3f,3050,27842,Torul,Turkey,0.08866462672636034,0.6967681021672788,5833.815559417007,2014,"{""type"":""MultiPoint"",""coordinates"":[]}"
2_00010000000000000c40,3051,27843,Cukurca,Turkey,0.34329322529436085,1.28297909275383,6721.4281769436075,2014,"{""type"":""MultiPoint"",""coordinates"":[]}"
2_00010000000000000c41,3051,27844,Merkez,Turkey,0.3472716397350562,5.393329940824177,48902.25859795289,2014,"{""type"":""MultiPoint"",""coordinates"":[]}"
2_00010000000000000c42,3051,27845,Semdinli,Turkey,0.3437154360178655,1.868164199498106,16233.002073625214,2014,"{""type"":""MultiPoint"",""coordinates"":[]}"
2_00010000000000000c43,3051,27846,Yuksekova,Turkey,0.6996667490372708,3.6483566050886536,53950.93134424101,2014,"{""type"":""MultiPoint"",""coordinates"":[]}"
2_00010000000000000c44,3054,27869,Aralik,Turkey,0.3101016369893486,1.12965953579246,9046.32907322541,2014,"{""type"":""MultiPoint"",""coordinates"":[]}"
2_00010000000000000c45,3054,27870,Karakoyunlu,Turkey,1.4436007138119957,2.1417704633045953,8121.918755414151,2014,"{""type"":""MultiPoint"",""coordinates"":[]}"
2_00010000000000000c46,3054,27871,Merkez,Turkey,1.2329633909650726,5.943837803599372,89025.9281729378,2014,"{""type"":""MultiPoint"",""coordinates"":[]}"
2_00010000000000000c47,3054,27872,Tuzluca,Turkey,0.17965802078704407,1.2103272968954824,11669.904086840863,2014,"{""type"":""MultiPoint"",""coordinates"":[]}"
2_00010000000000000c48,3059,27959,Eflani,Turkey,0.089876850295111,0.509752371936029,6192.271946176505,2014,"{""type"":""MultiPoint"",""coordinates"":[]}"
2_00010000000000000c49,3059,27960,Eskipazar,Turkey,0.09022820649832411,0.6095411624586786,9008.445260707198,2014,"{""type"":""MultiPoint"",""coordinates"":[]}"
2_00010000000000000c4a,3059,27961,Merkez,Turkey,0.6128158807637788,7.98603496140458,114260.6189607695,2014,"{""type"":""MultiPoint"",""coordinates"":[]}"
2_00010000000000000c4b,3059,27962,Ovacik,Turkey,0.027073542114240984,0.09494215737668983,1532.025551784929,2014,"{""type"":""MultiPoint"",""coordinates"":[]}"
2_00010000000000000c4c,3059,27963,Safranbolu,Turkey,0.1765037219856591,2.275419432432856,30756.94268649395,2014,"{""type"":""MultiPoint"",""coordinates"":[]}"
2_00010000000000000c4d,3059,27964,Yenice,Turkey,0.3086050013947076,1.8531949862962125,21361.509605189956,2014,"{""type"":""MultiPoint"",""coordinates"":[]}"
2_00010000000000000c4e,3061,27971,Akyaka,Turkey,0.4667535391575377,1.0642074022955619,8510.099223296402,2014,"{""type"":""MultiPoint"",""coordinates"":[]}"
2_00010000000000000c4f,3061,27972,Arpacay,Turkey,0.1803057027786919,1.2518002617630914,9263.05634255282,2014,"{""type"":""MultiPoint"",""coordinates"":[]}"
2_00010000000000000c50,3061,27973,Digor,Turkey,0.1517951223046851,1.4671608722586813,10801.21888672648,2014,"{""type"":""MultiPoint"",""coordinates"":[]}"
2_00010000000000000c51,3061,27974,Kagizman,Turkey,0.10403060557322028,2.1003439651157265,25130.205720715818,2014,"{""type"":""MultiPoint"",""coordinates"":[]}"
2_00010000000000000c52,3061,27975,Merkez,Turkey,0.3638148570167238,4.142032025522123,68645.08029486865,2014,"{""type"":""MultiPoint"",""coordinates"":[]}"
2_00010000000000000c53,3061,27976,Sarikamis,Turkey,0.09880677020792353,2.329446693490438,23889.900132153558,2014,"{""type"":""MultiPoint"",""coordinates"":[]}"
2_00010000000000000c54,3061,27977,Selim,Turkey,0.17438749591410205,2.236766093319438,13285.723403392803,2014,"{""type"":""MultiPoint"",""coordinates"":[]}"
2_00010000000000000c55,3061,27978,Susuz,Turkey,0.1719827843682629,0.485963350974875,5362.562970563682,2014,"{""type"":""MultiPoint"",""coordinates"":[]}"
2_00010000000000000c56,3062,27979,Abana,Turkey,0.17126595640879588,0.5555861852800901,1830.6695152757939,2014,"{""type"":""MultiPoint"",""coordinates"":[]}"
2_00010000000000000c57,3062,27980,Agli,Turkey,0.04558599873469761,0.3453654437151954,2445.6762246730536,2014,"{""type"":""MultiPoint"",""coordinates"":[]}"
2_00010000000000000c58,3062,27981,Arac,Turkey,0.03179505454660678,0.4848349787080631,8618.673737744015,2014,"{""type"":""MultiPoint"",""coordinates"":[]}"
2_00010000000000000c59,3062,27982,Azdavay,Turkey,0.042648931152667886,0.38782289668065695,3554.7881922280203,2014,"{""type"":""MultiPoint"",""coordinates"":[]}"
2_00010000000000000c5a,3062,27983,Bozkurt,Turkey,0.1710338891363387,0.5070182185164104,4808.168879276463,2014,"{""type"":""MultiPoint"",""coordinates"":[]}"
2_00010000000000000c5b,3062,27984,Catalzeytin,Turkey,0.10869287836753144,0.5764626902328889,3257.933653720899,2014,"{""type"":""MultiPoint"",""coordinates"":[]}"
2_00010000000000000c5c,3062,27985,Cide,Turkey,0.09062954066395318,0.7991724618001631,12431.071155562237,2014,"{""type"":""MultiPoint"",""coordinates"":[]}"
2_00010000000000000c5d,3062,27986,Daday,Turkey,0.03035102947097682,0.4588759568420574,4494.414579880354,2014,"{""type"":""MultiPoint"",""coordinates"":[]}"
2_00010000000000000c5e,3062,27987,Devrekani,Turkey,0.08935509855792943,0.6511736474746666,8954.183013040722,2014,"{""type"":""MultiPoint"",""coordinates"":[]}"
2_00010000000000000c5f,3062,27988,Doganyurt,Turkey,0.1084666014633993,0.332430410238573,2703.309801729879,2014,"{""type"":""MultiPoint"",""coordinates"":[]}"
2_00010000000000000c60,3062,27989,Hanonu,Turkey,0.04599178531316271,0.2912402734425726,3491.5180728832074,2014,"{""type"":""MultiPoint"",""coordinates"":[]}"
2_00010000000000000c61,3062,27990,Ihsangazi,Turkey,0.09314969308352794,0.6246440220660756,3803.220512290529,2014,"{""type"":""MultiPoint"",""coordinates"":[]}"
2_00010000000000000c62,3062,27991,Inebolu,Turkey,0.1365748024103482,2.429524233711578,17402.118109079976,2014,"{""type"":""MultiPoint"",""coordinates"":[]}"
2_00010000000000000c63,3062,27992,Kure,Turkey,0.03539749809098493,0.7650178655573356,3113.0017764372724,2014,"{""type"":""MultiPoint"",""coordinates"":[]}"
2_00010000000000000c64,3062,27993,Merkez,Turkey,0.10405862885826417,3.5443582940031124,102791.57525546385,2014,"{""type"":""MultiPoint"",""coordinates"":[]}"
2_00010000000000000c65,3062,27994,Pinarbasi,Turkey,0.044007250892203385,0.39584994803227935,2509.6325847807943,2014,"{""type"":""MultiPoint"",""coordinates"":[]}"
2_00010000000000000c66,3062,27995,Senpazar,Turkey,0.10908407309811155,0.5073438928754355,3263.7496153211177,2014,"{""type"":""MultiPoint"",""coordinates"":[]}"
2_00010000000000000c67,3062,27996,Seydiler,Turkey,0.0777140015238175,0.5077296542196565,2604.006676300681,2014,"{""type"":""MultiPoint"",""coordinates"":[]}"
2_00010000000000000c68,3062,27997,Taskopru,Turkey,0.059544279486961164,1.3162972532880528,23424.12943587356,2014,"{""type"":""MultiPoint"",""coordinates"":[]}"
2_00010000000000000c69,3062,27998,Tosya,Turkey,0.0995683348306262,2.1890671822674492,29774.587686036502,2014,"{""type"":""MultiPoint"",""coordinates"":[]}"
2_00010000000000000c6a,3065,28020,Baliseyh,Turkey,0.023034447460038045,0.2174686440144239,1467.7269897978633,2014,"{""type"":""MultiPoint"",""coordinates"":[]}"
2_00010000000000000c6b,3065,28022,Delice,Turkey,0.07698950505549752,0.42850247557901483,3201.373687761791,2014,"{""type"":""MultiPoint"",""coordinates"":[]}"
2_00010000000000000c6c,3065,28026,Sulakyurt,Turkey,0.02651627647175715,0.45953196760698145,3523.2338197541585,2014,"{""type"":""MultiPoint"",""coordinates"":[]}"
2_00010000000000000c6d,3066,28029,Demirkoy,Turkey,0.04273932168931523,0.403662459974039,3656.5088404116527,2014,"{""type"":""MultiPoint"",""coordinates"":[]}"
2_00010000000000000c6e,3066,28030,Kofcaz,Turkey,0.020956942564023084,0.23465000166311537,1927.8559894073517,2014,"{""type"":""MultiPoint"",""coordinates"":[]}"
2_00010000000000000c6f,3068,28045,Kandira,Turkey,0.30684399867321266,1.3759028942360942,40407.22908740425,2014,"{""type"":""MultiPoint"",""coordinates"":[]}"
2_00010000000000000c70,3071,28094,Arapkir,Turkey,0.08978834465963365,0.8294646011215734,4420.762956542011,2014,"{""type"":""MultiPoint"",""coordinates"":[]}"
2_00010000000000000c71,3071,28095,Arguvan,Turkey,0.10172866823190674,0.379789415512525,2103.991502153833,2014,"{""type"":""MultiPoint"",""coordinates"":[]}"
2_00010000000000000c72,3071,28096,Battalgazi,Turkey,0.6267342615829742,2.2876505964881577,18971.641299582116,2014,"{""type"":""MultiPoint"",""coordinates"":[]}"
2_00010000000000000c73,3071,28099,Doganyol,Turkey,0.08522954385040131,0.27525635697872136,2363.787340255797,2014,"{""type"":""MultiPoint"",""coordinates"":[]}"
2_00010000000000000c74,3071,28100,Hekimhan,Turkey,0.06347025779204649,0.9729784808055969,7964.833925252587,2014,"{""type"":""MultiPoint"",""coordinates"":[]}"
2_00010000000000000c75,3071,28101,Kale,Turkey,0.20210942514796756,0.6421167069641582,5959.9575889494645,2014,"{""type"":""MultiPoint"",""coordinates"":[]}"
2_00010000000000000c76,3071,28102,Kuluncak,Turkey,0.10899520931749075,0.46437583164143503,2889.237713949941,2014,"{""type"":""MultiPoint"",""coordinates"":[]}"
2_00010000000000000c77,3071,28103,Merkez,Turkey,1.3888784872934599,14.654125582537226,346013.04589434917,2014,"{""type"":""MultiPoint"",""coordinates"":[]}"
2_00010000000000000c78,3071,28104,Poturge,Turkey,0.10978526992625685,0.5749987046822995,8742.47974647475,2014,"{""type"":""MultiPoint"",""coordinates"":[]}"
2_00010000000000000c79,3071,28105,Yazihan,Turkey,0.21541834375809557,0.6213511420724386,7554.940036731923,2014,"{""type"":""MultiPoint"",""coordinates"":[]}"
2_00010000000000000c7a,3073,28123,Dargecit,Turkey,0.17615762402134127,1.622764613062101,15986.870307156807,2014,"{""type"":""MultiPoint"",""coordinates"":[]}"
2_00010000000000000c7b,3073,28126,Mazidagi,Turkey,0.34578707900848493,1.5698335309500473,15605.001186959971,2014,"{""type"":""MultiPoint"",""coordinates"":[]}"
2_00010000000000000c7c,3073,28128,Midyat,Turkey,0.6104552195054359,5.404971614786468,68015.17624620206,2014,"{""type"":""MultiPoint"",""coordinates"":[]}"
2_00010000000000000c7d,3073,28129,Nusaybin,Turkey,1.232392487454095,6.087739799624973,80417.76231317472,2014,"{""type"":""MultiPoint"",""coordinates"":[]}"
2_00010000000000000c7e,3073,28130,Omerli,Turkey,0.3450878434219506,4.350495401708178,14449.109909819068,2014,"{""type"":""MultiPoint"",""coordinates"":[]}"
2_00010000000000000c7f,3073,28131,Savur,Turkey,0.17927133737222908,0.8726043828736781,9909.479462092328,2014,"{""type"":""MultiPoint"",""coordinates"":[]}"
2_00010000000000000c80,3073,28132,Yesilli,Turkey,0.6111597052117528,4.58481680156449,20076.825802912543,2014,"{""type"":""MultiPoint"",""coordinates"":[]}"
2_00010000000000000c81,3075,28145,Bulanik,Turkey,0.24306126420452084,2.995752915721946,38013.349051225225,2014,"{""type"":""MultiPoint"",""coordinates"":[]}"
2_00010000000000000c82,3075,28146,Haskoy,Turkey,1.117918288653446,3.3285241660011913,18175.1406942807,2014,"{""type"":""MultiPoint"",""coordinates"":[]}"
2_00010000000000000c83,3075,28147,Korkut,Turkey,0.43355357574894143,1.7769452076891679,12798.778464674742,2014,"{""type"":""MultiPoint"",""coordinates"":[]}"
2_00010000000000000c84,3075,28148,Malazgirt,Turkey,0.3397774468544278,2.6339422710668563,27126.573850301524,2014,"{""type"":""MultiPoint"",""coordinates"":[]}"
2_00010000000000000c85,3075,28149,Merkez,Turkey,0.35140477430421013,4.857271995183912,97601.08822848629,2014,"{""type"":""MultiPoint"",""coordinates"":[]}"
2_00010000000000000c86,3075,28150,Varto,Turkey,0.1783845166244361,1.4277078313421896,14886.114806769217,2014,"{""type"":""MultiPoint"",""coordinates"":[]}"
2_00010000000000000c87,3078,28165,Akkus,Turkey,0.12283061590458558,2.015088947976567,11242.455133245461,2014,"{""type"":""MultiPoint"",""coordinates"":[]}"
2_00010000000000000c88,3078,28166,Aybasti,Turkey,0.312572399282707,1.360919743229414,14114.185184501415,2014,"{""type"":""MultiPoint"",""coordinates"":[]}"
2_00010000000000000c89,3078,28167,Camas,Turkey,0.91005389402628,1.496051004619643,10625.42649447854,2014,"{""type"":""MultiPoint"",""coordinates"":[]}"
2_00010000000000000c8a,3078,28168,Catalpinar,Turkey,1.4414408602608304,3.828501331249558,15227.748848629943,2014,"{""type"":""MultiPoint"",""coordinates"":[]}"
2_00010000000000000c8b,3078,28169,Caybasi,Turkey,0.530571119649348,1.436833574990175,5730.2449688114975,2014,"{""type"":""MultiPoint"",""coordinates"":[]}"
2_00010000000000000c8c,3078,28170,Fatsa,Turkey,0.8690020214671775,5.114518595726321,69361.75019629125,2014,"{""type"":""MultiPoint"",""coordinates"":[]}"
2_00010000000000000c8d,3078,28171,Golkoy,Turkey,0.3680567322890165,2.0700097256880263,18088.5200779012,2014,"{""type"":""MultiPoint"",""coordinates"":[]}"
2_00010000000000000c8e,3078,28172,Gulyali,Turkey,0.5574973596185844,1.8434038784011175,4740.716432906337,2014,"{""type"":""MultiPoint"",""coordinates"":[]}"
2_00010000000000000c8f,3078,28173,Gurgentepe,Turkey,0.4353255963510583,1.7626556009923666,8373.62539354192,2014,"{""type"":""MultiPoint"",""coordinates"":[]}"
2_00010000000000000c90,3078,28174,Ikizce,Turkey,0.6569043937285862,2.15009052855103,7737.024156776627,2014,"{""type"":""MultiPoint"",""coordinates"":[]}"
2_00010000000000000c91,3078,28175,Kabaduz,Turkey,0.3585332997264434,0.9471085619012333,6895.096228958266,2014,"{""type"":""MultiPoint"",""coordinates"":[]}"
2_00010000000000000c92,3078,28176,Kabatas,Turkey,1.0284826648239793,1.7343693717792352,9521.984007630803,2014,"{""type"":""MultiPoint"",""coordinates"":[]}"
2_00010000000000000c93,3078,28177,Korgan,Turkey,0.5513289934706674,1.8092904504890803,16236.052186512918,2014,"{""type"":""MultiPoint"",""coordinates"":[]}"
2_00010000000000000c94,3078,28178,Kumru,Turkey,0.30227650127185945,1.3182336932989065,14996.605835596676,2014,"{""type"":""MultiPoint"",""coordinates"":[]}"
2_00010000000000000c95,3078,28179,Merkez,Turkey,1.2335706508138202,11.269370950862053,158151.05473484338,2014,"{""type"":""MultiPoint"",""coordinates"":[]}"
2_00010000000000000c96,3078,28180,Mesudiye,Turkey,0.08898147390353602,0.3429272303359183,5110.173672948317,2014,"{""type"":""MultiPoint"",""coordinates"":[]}"
2_00010000000000000c97,3078,28181,Persembe,Turkey,0.5589994452981052,1.4372741447620454,14622.377738669602,2014,"{""type"":""MultiPoint"",""coordinates"":[]}"
2_00010000000000000c98,3078,28182,Ulubey,Turkey,0.39119750457140906,0.6511309474949932,9173.356723086525,2014,"{""type"":""MultiPoint"",""coordinates"":[]}"
2_00010000000000000c99,3078,28183,Unye,Turkey,0.6067326469828593,4.368366597993636,71257.04829565053,2014,"{""type"":""MultiPoint"",""coordinates"":[]}"
2_00010000000000000c9a,3080,28191,Ardesen,Turkey,0.36232448070367873,3.4178860468360504,17024.026176926756,2014,"{""type"":""MultiPoint"",""coordinates"":[]}"
2_00010000000000000c9b,3080,28192,Camlihemsin,Turkey,0.07510043662465982,0.7261129510283623,3399.2857672049713,2014,"{""type"":""MultiPoint"",""coordinates"":[]}"
2_00010000000000000c9c,3080,28193,Cayeli,Turkey,0.8699316235554123,3.186543226981499,21898.475973525387,2014,"{""type"":""MultiPoint"",""coordinates"":[]}"
2_00010000000000000c9d,3080,28194,Derepazari,Turkey,2.014080608961048,1.4249682159096797,2580.240972262328,2014,"{""type"":""MultiPoint"",""coordinates"":[]}"
2_00010000000000000c9e,3080,28195,Findikli,Turkey,0.6566566123234387,1.5747060018591945,10269.55876930181,2014,"{""type"":""MultiPoint"",""coordinates"":[]}"
2_00010000000000000c9f,3080,28196,Guneysu,Turkey,0.7201700002268488,2.0474194844753533,8753.786680626896,2014,"{""type"":""MultiPoint"",""coordinates"":[]}"
2_00010000000000000ca0,3080,28197,Hemsin,Turkey,0.5963486135005951,0.631173714936636,354.90155292488635,2014,"{""type"":""MultiPoint"",""coordinates"":[]}"
2_00010000000000000ca1,3080,28198,Ikizdere,Turkey,0.03724913006062006,0.3019495417761084,1622.033514910822,2014,"{""type"":""MultiPoint"",""coordinates"":[]}"
2_00010000000000000ca2,3080,28199,Iyidere,Turkey,1.4512065976943531,1.5720775538079388,5396.576928530954,2014,"{""type"":""MultiPoint"",""coordinates"":[]}"
2_00010000000000000ca3,3080,28200,Kalkandere,Turkey,0.8419724108775128,1.3374206397083401,4879.814203949447,2014,"{""type"":""MultiPoint"",""coordinates"":[]}"
2_00010000000000000ca4,3080,28201,Merkez,Turkey,3.2320357084474853,9.354653135651361,105052.24826623955,2014,"{""type"":""MultiPoint"",""coordinates"":[]}"
2_00010000000000000ca5,3080,28202,Pazar,Turkey,1.8762123344829247,5.538377827067645,17954.47027384697,2014,"{""type"":""MultiPoint"",""coordinates"":[]}"
2_00010000000000000ca6,3081,28204,Ferizli,Turkey,0.4351413655614622,2.311883143008545,18298.79662248045,2014,"{""type"":""MultiPoint"",""coordinates"":[]}"
2_00010000000000000ca7,3081,28206,Hendek,Turkey,0.8700959407783452,4.070742058227515,68911.912698305,2014,"{""type"":""MultiPoint"",""coordinates"":[]}"
2_00010000000000000ca8,3081,28208,Karasu,Turkey,0.5572556837661098,2.2043777013605714,43279.370585996185,2014,"{""type"":""MultiPoint"",""coordinates"":[]}"
2_00010000000000000ca9,3081,28209,Kaynarca,Turkey,0.3069849428071595,0.8467732616993173,16672.177176972014,2014,"{""type"":""MultiPoint"",""coordinates"":[]}"
2_00010000000000000caa,3081,28210,Kocaali,Turkey,0.27964606221169547,1.0460031959848866,16674.546347207197,2014,"{""type"":""MultiPoint"",""coordinates"":[]}"
2_00010000000000000cab,3081,28214,Sogutlu,Turkey,0.9364344466209359,2.3965367565616997,25805.909881301464,2014,"{""type"":""MultiPoint"",""coordinates"":[]}"
2_00010000000000000cac,3082,28216,19-mayis,Turkey,0.21766141378578377,1.0300939394339477,13534.648960731185,2014,"{""type"":""MultiPoint"",""coordinates"":[]}"
2_00010000000000000cad,3082,28217,Alacam,Turkey,0.17935439889587138,1.6322866253397208,24226.04886146465,2014,"{""type"":""MultiPoint"",""coordinates"":[]}"
2_00010000000000000cae,3082,28218,Asarcik,Turkey,0.43604357090240825,1.868971610544691,12487.343516202798,2014,"{""type"":""MultiPoint"",""coordinates"":[]}"
2_00010000000000000caf,3082,28219,Ayvacik,Turkey,0.18259591505284414,1.4671135445304673,15505.924290161433,2014,"{""type"":""MultiPoint"",""coordinates"":[]}"
2_00010000000000000cb0,3082,28220,Bafra,Turkey,0.2021971262874332,3.56668767004256,107138.34454204599,2014,"{""type"":""MultiPoint"",""coordinates"":[]}"
2_00010000000000000cb1,3082,28221,Carsamba,Turkey,0.6167785509590842,3.564252064576379,109509.21573778383,2014,"{""type"":""MultiPoint"",""coordinates"":[]}"
2_00010000000000000cb2,3082,28222,Havza,Turkey,0.12073382178529005,2.3290373374095874,31767.003782285432,2014,"{""type"":""MultiPoint"",""coordinates"":[]}"
2_00010000000000000cb3,3082,28223,Kavak,Turkey,0.17931792445471584,0.9952695917634217,13696.227610740278,2014,"{""type"":""MultiPoint"",""coordinates"":[]}"
2_00010000000000000cb4,3082,28224,Ladik,Turkey,0.17576715273307217,1.6507424954176628,13266.41745042823,2014,"{""type"":""MultiPoint"",""coordinates"":[]}"
2_00010000000000000cb5,3082,28225,Merkez,Turkey,0.3961387396545116,16.84594390878359,468771.3726336827,2014,"{""type"":""MultiPoint"",""coordinates"":[]}"
2_00010000000000000cb6,3082,28226,Salipazari,Turkey,0.18006124347965397,1.469403966039572,10130.473422365087,2014,"{""type"":""MultiPoint"",""coordinates"":[]}"
2_00010000000000000cb7,3082,28227,Tekkekoy,Turkey,0.349746684059465,4.8459519720510835,59198.71880685158,2014,"{""type"":""MultiPoint"",""coordinates"":[]}"
2_00010000000000000cb8,3082,28228,Terme,Turkey,0.5549260954251871,2.6638187968438234,55564.253723999784,2014,"{""type"":""MultiPoint"",""coordinates"":[]}"
2_00010000000000000cb9,3082,28229,Vezirkopru,Turkey,0.3050031934792968,1.7847988927257596,64089.16086475912,2014,"{""type"":""MultiPoint"",""coordinates"":[]}"
2_00010000000000000cba,3082,28230,Yakakent,Turkey,0.037433977202839835,1.6378135976285908,4432.9139298882565,2014,"{""type"":""MultiPoint"",""coordinates"":[]}"
2_00010000000000000cbb,3084,28242,Aydinlar,Turkey,1.0619521219623225,3.754707106897793,9241.439996236359,2014,"{""type"":""MultiPoint"",""coordinates"":[]}"
2_00010000000000000cbc,3084,28243,Baykan,Turkey,0.30493106022747724,1.4680439138793189,14914.840805922473,2014,"{""type"":""MultiPoint"",""coordinates"":[]}"
2_00010000000000000cbd,3084,28244,Eruh,Turkey,0.17947486322241224,1.0621992124439958,7799.2119527544155,2014,"{""type"":""MultiPoint"",""coordinates"":[]}"
2_00010000000000000cbe,3084,28245,Kurtalan,Turkey,0.3491313843098914,2.716125998944328,34407.64714242548,2014,"{""type"":""MultiPoint"",""coordinates"":[]}"
2_00010000000000000cbf,3084,28246,Merkez,Turkey,1.2257836696127868,12.680825803594006,111048.86161423968,2014,"{""type"":""MultiPoint"",""coordinates"":[]}"
2_00010000000000000cc0,3084,28247,Pervari,Turkey,0.13201177804604958,2.118919111109072,9814.437431730272,2014,"{""type"":""MultiPoint"",""coordinates"":[]}"
2_00010000000000000cc1,3084,28248,Sirvan,Turkey,0.3124383759358283,1.3335359811111436,11386.701640324864,2014,"{""type"":""MultiPoint"",""coordinates"":[]}"
2_00010000000000000cc2,3085,28249,Ayancik,Turkey,0.17460676784666523,1.1731614676534254,13642.887328562307,2014,"{""type"":""MultiPoint"",""coordinates"":[]}"
2_00010000000000000cc3,3085,28250,Boyabat,Turkey,0.05369783363999748,1.587622169625256,28480.685479237975,2014,"{""type"":""MultiPoint"",""coordinates"":[]}"
2_00010000000000000cc4,3085,28251,Dikmen,Turkey,0.05400322307984199,0.35830905158272497,4074.7949176980037,2014,"{""type"":""MultiPoint"",""coordinates"":[]}"
2_00010000000000000cc5,3085,28252,Duragan,Turkey,0.046077603382143714,0.970971775165534,11938.95916581299,2014,"{""type"":""MultiPoint"",""coordinates"":[]}"
2_00010000000000000cc6,3085,28253,Erfelek,Turkey,0.09232267883555968,0.9172039349500665,8455.6259175409,2014,"{""type"":""MultiPoint"",""coordinates"":[]}"
2_00010000000000000cc7,3085,28254,Gerze,Turkey,0.0673627227109544,1.5124218190320025,13215.479323561032,2014,"{""type"":""MultiPoint"",""coordinates"":[]}"
2_00010000000000000cc8,3085,28255,Merkez,Turkey,0.3566893864084072,2.6416419003997076,44826.028933484136,2014,"{""type"":""MultiPoint"",""coordinates"":[]}"
2_00010000000000000cc9,3085,28256,Sarayduzu,Turkey,0.10764527201801885,0.3312960988922421,3156.7755718032627,2014,"{""type"":""MultiPoint"",""coordinates"":[]}"
2_00010000000000000cca,3085,28257,Turkeli,Turkey,0.18131137714761156,1.4553924440096946,9585.107325841062,2014,"{""type"":""MultiPoint"",""coordinates"":[]}"
2_00010000000000000ccb,3086,28258,Beytussebap,Turkey,0.2734406997242245,1.4391365128512963,3947.8699976110943,2014,"{""type"":""MultiPoint"",""coordinates"":[]}"
2_00010000000000000ccc,3086,28259,Cizre,Turkey,1.2325364372507457,9.791656401975372,60488.234013332076,2014,"{""type"":""MultiPoint"",""coordinates"":[]}"
2_00010000000000000ccd,3086,28260,Guclukonak,Turkey,0.4537750370800495,1.0501744575056047,7368.915091695929,2014,"{""type"":""MultiPoint"",""coordinates"":[]}"
2_00010000000000000cce,3086,28261,Idil,Turkey,0.6115609707022757,2.7757928327187034,42720.77140204629,2014,"{""type"":""MultiPoint"",""coordinates"":[]}"
2_00010000000000000ccf,3086,28262,Merkez,Turkey,0.6151547868629326,4.474766100449713,30576.199294670336,2014,"{""type"":""MultiPoint"",""coordinates"":[]}"
2_00010000000000000cd0,3086,28263,Silopi,Turkey,2.2269464164975283,10.169864189661823,122228.79544319052,2014,"{""type"":""MultiPoint"",""coordinates"":[]}"
2_00010000000000000cd1,3086,28264,Uludere,Turkey,1.157768121652041,1.4959322601217222,15919.104112697525,2014,"{""type"":""MultiPoint"",""coordinates"":[]}"
2_00010000000000000cd2,3087,28265,Akincilar,Turkey,0.1322033869163282,0.42337735657674846,2996.4858553740623,2014,"{""type"":""MultiPoint"",""coordinates"":[]}"
2_00010000000000000cd3,3087,28266,Altinyayla,Turkey,0.29620974291627306,0.9864180940269635,4912.493107820258,2014,"{""type"":""MultiPoint"",""coordinates"":[]}"
2_00010000000000000cd4,3087,28267,Divrigi,Turkey,0.045205909834216705,0.5725483021214771,5490.365426727969,2014,"{""type"":""MultiPoint"",""coordinates"":[]}"
2_00010000000000000cd5,3087,28268,Dogansar,Turkey,0.07059720016911397,0.3536288731469652,1255.1037337783703,2014,"{""type"":""MultiPoint"",""coordinates"":[]}"
2_00010000000000000cd6,3087,28269,Gemerek,Turkey,0.17797173129232918,1.3216864194249407,13910.808376077113,2014,"{""type"":""MultiPoint"",""coordinates"":[]}"
2_00010000000000000cd7,3087,28270,Golova,Turkey,0.07411251205515436,0.24207103087541343,1436.9852232072353,2014,"{""type"":""MultiPoint"",""coordinates"":[]}"
2_00010000000000000cd8,3087,28272,Hafik,Turkey,0.04426182737665941,0.3187135922695656,2475.4502062584565,2014,"{""type"":""MultiPoint"",""coordinates"":[]}"
2_00010000000000000cd9,3087,28273,Imranli,Turkey,0.04389299510925176,0.6159268967676405,2985.008550850264,2014,"{""type"":""MultiPoint"",""coordinates"":[]}"
2_00010000000000000cda,3087,28274,Kangal,Turkey,0.08794211401996241,0.6155724885322867,8659.841681738075,2014,"{""type"":""MultiPoint"",""coordinates"":[]}"
2_00010000000000000cdb,3087,28275,Koyulhisar,Turkey,0.07735502737351357,0.3217260965806823,5622.765856338766,2014,"{""type"":""MultiPoint"",""coordinates"":[]}"
2_00010000000000000cdc,3087,28276,Merkez,Turkey,0.7222797646522523,12.704973844955232,272993.72182241664,2014,"{""type"":""MultiPoint"",""coordinates"":[]}"
2_00010000000000000cdd,3087,28277,Sarkisla,Turkey,0.31008243954007636,1.9300973843181526,21737.144049299517,2014,"{""type"":""MultiPoint"",""coordinates"":[]}"
2_00010000000000000cde,3087,28278,Susehri,Turkey,0.17661866006913726,1.1921675802001175,14124.911253184253,2014,"{""type"":""MultiPoint"",""coordinates"":[]}"
2_00010000000000000cdf,3087,28279,Ulas,Turkey,0.1570229753621977,1.0593941606063304,7644.202705206029,2014,"{""type"":""MultiPoint"",""coordinates"":[]}"
2_00010000000000000ce0,3087,28280,Yildizeli,Turkey,0.18023132286001625,0.8485059272140479,16471.78564394486,2014,"{""type"":""MultiPoint"",""coordinates"":[]}"
2_00010000000000000ce1,3087,28281,Zara,Turkey,0.04584555608143196,0.938678747672749,8333.020958581208,2014,"{""type"":""MultiPoint"",""coordinates"":[]}"
2_00010000000000000ce2,3089,28291,Almus,Turkey,0.10499056779200878,1.684292972790517,14729.749734458324,2014,"{""type"":""MultiPoint"",""coordinates"":[]}"
2_00010000000000000ce3,3089,28292,Artova,Turkey,0.21598000771908601,0.8447529815033182,5375.38903434934,2014,"{""type"":""MultiPoint"",""coordinates"":[]}"
2_00010000000000000ce4,3089,28293,Basciftlik,Turkey,0.08792167714655676,0.7676160195405957,1964.9404576548177,2014,"{""type"":""MultiPoint"",""coordinates"":[]}"
2_00010000000000000ce5,3089,28294,Erbaa,Turkey,0.3758529848066624,4.448909651574454,64769.748191080056,2014,"{""type"":""MultiPoint"",""coordinates"":[]}"
2_00010000000000000ce6,3089,28295,Merkez,Turkey,0.6118668658860803,6.036434938545934,150358.70279894565,2014,"{""type"":""MultiPoint"",""coordinates"":[]}"
2_00010000000000000ce7,3089,28296,Niksar,Turkey,0.3704310959542293,2.2462584616348784,42247.94151203623,2014,"{""type"":""MultiPoint"",""coordinates"":[]}"
2_00010000000000000ce8,3089,28297,Pazar,Turkey,0.685475021533498,1.8535324604186345,12794.58657954594,2014,"{""type"":""MultiPoint"",""coordinates"":[]}"
2_00010000000000000ce9,3089,28298,Resadiye,Turkey,0.06177155295944591,0.8294943317690575,17340.479324171814,2014,"{""type"":""MultiPoint"",""coordinates"":[]}"
2_00010000000000000cea,3089,28299,Sulusaray,Turkey,0.23373197430277248,0.7275286906195331,4672.835790649764,2014,"{""type"":""MultiPoint"",""coordinates"":[]}"
2_00010000000000000ceb,3089,28300,Turhal,Turkey,0.17963897162451836,2.7054479540436973,46749.39588811308,2014,"{""type"":""MultiPoint"",""coordinates"":[]}"
2_00010000000000000cec,3089,28301,Yesilyurt,Turkey,0.44130255098940807,2.6041228924167124,6959.7104225778985,2014,"{""type"":""MultiPoint"",""coordinates"":[]}"
2_00010000000000000ced,3089,28302,Zile,Turkey,0.09830712254033631,2.2553233396650363,33288.589180305105,2014,"{""type"":""MultiPoint"",""coordinates"":[]}"
2_00010000000000000cee,3090,28303,Akcaabat,Turkey,1.622142303424991,5.153869734047373,97036.28714586375,2014,"{""type"":""MultiPoint"",""coordinates"":[]}"
2_00010000000000000cef,3090,28304,Arakli,Turkey,0.31353686842071415,2.238532889329004,31107.85021443136,2014,"{""type"":""MultiPoint"",""coordinates"":[]}"
2_00010000000000000cf0,3090,28305,Arsin,Turkey,0.6106609578107755,2.875429732817828,18258.032320563994,2014,"{""type"":""MultiPoint"",""coordinates"":[]}"
2_00010000000000000cf1,3090,28306,Besikduzu,Turkey,0.811326825034525,2.342233442901804,11107.13171180673,2014,"{""type"":""MultiPoint"",""coordinates"":[]}"
2_00010000000000000cf2,3090,28307,Carsibasi,Turkey,1.1842225497132908,2.5781828323350986,8862.251240316878,2014,"{""type"":""MultiPoint"",""coordinates"":[]}"
2_00010000000000000cf3,3090,28308,Caykara,Turkey,0.07431796048811709,0.4884672920618637,7773.967766491142,2014,"{""type"":""MultiPoint"",""coordinates"":[]}"
2_00010000000000000cf4,3090,28309,Dernek-pazari,Turkey,0.16398770179057431,0.3602578963632788,2531.779400940457,2014,"{""type"":""MultiPoint"",""coordinates"":[]}"
2_00010000000000000cf5,3090,28310,Duzkoy,Turkey,1.1558865787600408,1.5111342182632075,11172.81317165858,2014,"{""type"":""MultiPoint"",""coordinates"":[]}"
2_00010000000000000cf6,3090,28311,Hayrat,Turkey,0.1321215549333175,0.5585272389505337,3940.083512557951,2014,"{""type"":""MultiPoint"",""coordinates"":[]}"
2_00010000000000000cf7,3090,28312,Koprubasi,Turkey,0.04159834007117652,0.4652268451619673,2537.782427937508,2014,"{""type"":""MultiPoint"",""coordinates"":[]}"
2_00010000000000000cf8,3090,28313,Macka,Turkey,0.2177482943367871,0.8770163975087353,18024.982636499713,2014,"{""type"":""MultiPoint"",""coordinates"":[]}"
2_00010000000000000cf9,3090,28314,Merkez,Turkey,3.7595390297409357,15.143145872871209,227982.68642357216,2014,"{""type"":""MultiPoint"",""coordinates"":[]}"
2_00010000000000000cfa,3090,28315,Of,Turkey,0.8679257901674884,2.001079643008809,28412.947190951854,2014,"{""type"":""MultiPoint"",""coordinates"":[]}"
2_00010000000000000cfb,3090,28316,Salpazari,Turkey,0.5170881825099879,0.8321136840544706,4577.503674365154,2014,"{""type"":""MultiPoint"",""coordinates"":[]}"
2_00010000000000000cfc,3090,28317,Surmene,Turkey,0.6566822193728553,1.4150836944469263,10915.333559613866,2014,"{""type"":""MultiPoint"",""coordinates"":[]}"
2_00010000000000000cfd,3090,28318,Tonya,Turkey,0.4840272691487449,0.8603161969582896,7105.9493569845445,2014,"{""type"":""MultiPoint"",""coordinates"":[]}"
2_00010000000000000cfe,3090,28319,Vakfikebir,Turkey,0.9382175255566868,2.781160331635258,13699.909483776319,2014,"{""type"":""MultiPoint"",""coordinates"":[]}"
2_00010000000000000cff,3090,28320,Yomra,Turkey,0.35099785354895907,2.6644322379659755,10606.898413520565,2014,"{""type"":""MultiPoint"",""coordinates"":[]}"
2_00010000000000000d00,3091,28321,Cemisgezek,Turkey,0.08968647412159926,0.8027561893791441,2905.9076851079353,2014,"{""type"":""MultiPoint"",""coordinates"":[]}"
2_00010000000000000d01,3091,28322,Hozat,Turkey,0.03744251465673721,0.7238610255173633,2246.5233074354082,2014,"{""type"":""MultiPoint"",""coordinates"":[]}"
2_00010000000000000d02,3091,28323,Mazgirt,Turkey,0.1707416810486817,0.47269460052129997,3648.727783703828,2014,"{""type"":""MultiPoint"",""coordinates"":[]}"
2_00010000000000000d03,3091,28324,Merkez,Turkey,0.05608391809098616,2.3567525895650214,20824.828411343362,2014,"{""type"":""MultiPoint"",""coordinates"":[]}"
2_00010000000000000d04,3091,28325,Nazimiye,Turkey,0.04217887353252,0.4402370219100644,1326.7336972677863,2014,"{""type"":""MultiPoint"",""coordinates"":[]}"
2_00010000000000000d05,3091,28326,Ovacik,Turkey,0.01518952152344564,0.30349039485845297,1745.8737787291352,2014,"{""type"":""MultiPoint"",""coordinates"":[]}"
2_00010000000000000d06,3091,28327,Pertek,Turkey,0.08758689237081825,0.5543494151674172,4490.530114294534,2014,"{""type"":""MultiPoint"",""coordinates"":[]}"
2_00010000000000000d07,3091,28328,Pulumur,Turkey,0.042645846512048176,0.21319650040295776,996.6701307031855,2014,"{""type"":""MultiPoint"",""coordinates"":[]}"
2_00010000000000000d08,3093,28335,Bahcesaray,Turkey,0.32713746696135887,1.9899028376894694,3911.441762652,2014,"{""type"":""MultiPoint"",""coordinates"":[]}"
2_00010000000000000d09,3093,28336,Baskale,Turkey,0.354523740771348,2.618391208933264,24671.0542666745,2014,"{""type"":""MultiPoint"",""coordinates"":[]}"
2_00010000000000000d0a,3093,28337,Caldiran,Turkey,0.6195913812429228,2.7012983415621865,28242.15256151031,2014,"{""type"":""MultiPoint"",""coordinates"":[]}"
2_00010000000000000d0b,3093,28338,Catak,Turkey,0.21142810572146367,1.4208031419864953,6399.219917952458,2014,"{""type"":""MultiPoint"",""coordinates"":[]}"
2_00010000000000000d0c,3093,28339,Edremit,Turkey,0.48401634165698953,0.810289115285961,7902.255346848974,2014,"{""type"":""MultiPoint"",""coordinates"":[]}"
2_00010000000000000d0d,3093,28340,Ercis,Turkey,0.6126204837351888,5.419947319215372,119058.45333882196,2014,"{""type"":""MultiPoint"",""coordinates"":[]}"
2_00010000000000000d0e,3093,28341,Gevas,Turkey,0.312609118164109,1.1969829967938888,10774.749696441138,2014,"{""type"":""MultiPoint"",""coordinates"":[]}"
2_00010000000000000d0f,3093,28342,Gurpinar,Turkey,0.15382476304467543,0.7743504610799372,13453.873389821798,2014,"{""type"":""MultiPoint"",""coordinates"":[]}"
2_00010000000000000d10,3093,28343,Administrative unit not available,Turkey,0.6018681415298266,5.228431251960125,4742.762503658135,2014,"{""type"":""MultiPoint"",""coordinates"":[]}"
2_00010000000000000d11,3093,28344,Merkez,Turkey,1.459326490380156,17.626869245188278,401540.3299922121,2014,"{""type"":""MultiPoint"",""coordinates"":[]}"
2_00010000000000000d12,3093,28345,Muradiye,Turkey,0.6133270572042452,3.2286678470220918,28412.327621020533,2014,"{""type"":""MultiPoint"",""coordinates"":[]}"
2_00010000000000000d13,3093,28346,Ozalp,Turkey,0.3543655602491159,2.066877410411457,32850.36003465405,2014,"{""type"":""MultiPoint"",""coordinates"":[]}"
2_00010000000000000d14,3093,28347,Saray,Turkey,0.30978468142972837,2.0688841352287564,11608.151573634204,2014,"{""type"":""MultiPoint"",""coordinates"":[]}"
2_00010000000000000d15,3095,28354,Akdagmadeni,Turkey,0.18016974233745012,1.8105073449573148,36701.505003977596,2014,"{""type"":""MultiPoint"",""coordinates"":[]}"
2_00010000000000000d16,3095,28355,Aydincik,Turkey,0.0769911495572669,0.6298969051233694,5021.72801294043,2014,"{""type"":""MultiPoint"",""coordinates"":[]}"
2_00010000000000000d17,3095,28357,Candir,Turkey,0.2199203454141961,1.1040673414336295,2767.0528928050967,2014,"{""type"":""MultiPoint"",""coordinates"":[]}"
2_00010000000000000d18,3095,28358,Cayiralan,Turkey,0.1796120149357227,1.1005610504664511,7033.394582433322,2014,"{""type"":""MultiPoint"",""coordinates"":[]}"
2_00010000000000000d19,3095,28359,Cekerek,Turkey,0.09490135944843665,2.0708313395235023,15396.368674421004,2014,"{""type"":""MultiPoint"",""coordinates"":[]}"
2_00010000000000000d1a,3095,28360,Kadisehri,Turkey,0.17010460042484432,0.7059501831140694,7126.737191426142,2014,"{""type"":""MultiPoint"",""coordinates"":[]}"
2_00010000000000000d1b,3095,28361,Merkez,Turkey,0.11055509471271602,3.36787137281745,58256.056001161305,2014,"{""type"":""MultiPoint"",""coordinates"":[]}"
2_00010000000000000d1c,3095,28362,Saraykent,Turkey,0.2788525813322196,1.337604149621847,4406.2246706481665,2014,"{""type"":""MultiPoint"",""coordinates"":[]}"
2_00010000000000000d1d,3095,28363,Sarikaya,Turkey,0.35735830029211924,1.9848774563611216,22376.960554707483,2014,"{""type"":""MultiPoint"",""coordinates"":[]}"
2_00010000000000000d1e,3095,28365,Sorgun,Turkey,0.3545167733142975,3.1278476784126967,52287.62254084669,2014,"{""type"":""MultiPoint"",""coordinates"":[]}"
2_00010000000000000d1f,3096,28368,Alapli,Turkey,1.379091640928244,4.1257632200765215,42148.611539786594,2014,"{""type"":""MultiPoint"",""coordinates"":[]}"
2_00010000000000000d20,3096,28369,Caycuma,Turkey,0.8638955161870402,3.1331102321242716,96865.34994065398,2014,"{""type"":""MultiPoint"",""coordinates"":[]}"
2_00010000000000000d21,3096,28370,Devrek,Turkey,0.6151446677098799,2.6855924709333534,51699.34768579612,2014,"{""type"":""MultiPoint"",""coordinates"":[]}"
2_00010000000000000d22,3096,28371,Eregli,Turkey,0.8669102433171,5.571854812128609,127947.42332477972,2014,"{""type"":""MultiPoint"",""coordinates"":[]}"
2_00010000000000000d23,3096,28372,Gokcebey,Turkey,0.5587063981155138,1.7540749004957246,16155.541481501523,2014,"{""type"":""MultiPoint"",""coordinates"":[]}"
2_00010000000000000d24,3096,28373,Merkez,Turkey,1.2216561248081246,6.759638485235057,178366.35052561568,2014,"{""type"":""MultiPoint"",""coordinates"":[]}"
2_00010000000000001b01,1749,18612,At-Bashy,Kyrgyzstan,0.07236583713706986,0.09182179862247086,9912.19706222854,2014,"{""type"":""MultiPoint"",""coordinates"":[]}"
2_00010000000000001b02,1752,18628,Jeti-Oguz,Kyrgyzstan,0.2852382702164801,0.25314715441567925,30372.420536032725,2014,"{""type"":""MultiPoint"",""coordinates"":[]}"
2_00010000000000001b03,1752,18627,Ak-Suu,Kyrgyzstan,0.2618037297160429,0.22198870801879225,20456.50360678776,2014,"{""type"":""MultiPoint"",""coordinates"":[]}"
2_00010000000000001b04,1748,18610,Toktogul,Kyrgyzstan,0.09023394810574283,0.6630961265939312,43220.417026430994,2014,"{""type"":""MultiPoint"",""coordinates"":[]}"
2_00010000000000001b05,1752,18629,Tong,Kyrgyzstan,0.10923771256925419,0.24139899097231876,20190.459352496655,2014,"{""type"":""MultiPoint"",""coordinates"":[]}"
2_00010000000000001b06,1749,18615,Naryn,Kyrgyzstan,0.07723752037944161,0.5103409349771405,21230.230618246904,2014,"{""type"":""MultiPoint"",""coordinates"":[]}"
2_00010000000000001b07,1748,18606,Chatkal,Kyrgyzstan,0.06048957980466881,0.12366135038017917,5956.514216966476,2014,"{""type"":""MultiPoint"",""coordinates"":[]}"
2_00010000000000001b08,1749,18614,Kochkor,Kyrgyzstan,0.12106955396265548,0.1800767296581977,18938.370555892998,2014,"{""type"":""MultiPoint"",""coordinates"":[]}"
2_00010000000000001b09,1750,18616,Alay,Kyrgyzstan,0.11730436070673562,0.251723696190757,14915.173351320715,2014,"{""type"":""MultiPoint"",""coordinates"":[]}"
2_00010000000000001b0a,1746,18592,Batken,Kyrgyzstan,0.21853639119364432,0.5140269921169649,29879.366608728436,2014,"{""type"":""MultiPoint"",""coordinates"":[]}"
2_00010000000000001b0b,147294,18600,Panfilov,Kyrgyzstan,0.17977651571862918,0.2154897858642915,13511.4361214845,2014,"{""type"":""MultiPoint"",""coordinates"":[]}"
2_00010000000000001b0c,147294,18598,Kemin,Kyrgyzstan,0.16362388561587948,0.30219119611236056,18642.91293103305,2014,"{""type"":""MultiPoint"",""coordinates"":[]}"
2_00010000000000001b0d,1752,18631,Ysyk-Kol,Kyrgyzstan,0.2382591403448655,0.24910889880409973,34363.0226621683,2014,"{""type"":""MultiPoint"",""coordinates"":[]}"
2_00010000000000001b0e,1751,18626,Talas,Kyrgyzstan,0.15229327477109128,0.9019903582082472,48143.25188869686,2014,"{""type"":""MultiPoint"",""coordinates"":[]}"
2_00010000000000001b0f,1750,18619,Kara-Kulja,Kyrgyzstan,0.1709067569634157,0.5535660894824421,33965.892709731255,2014,"{""type"":""MultiPoint"",""coordinates"":[]}"
2_00010000000000001b10,1749,18611,Ak-Talaa,Kyrgyzstan,0.05563735393495938,0.05970054001229863,6011.618749957544,2014,"{""type"":""MultiPoint"",""coordinates"":[]}"
2_00010000000000001b11,1749,18613,Jumgal,Kyrgyzstan,0.09572100805244886,0.0960085206444821,8300.88474659324,2014,"{""type"":""MultiPoint"",""coordinates"":[]}"
2_00010000000000001b12,1750,18618,Chong-Alay,Kyrgyzstan,0.0527831467079196,0.09776133236833708,3442.3187758831195,2014,"{""type"":""MultiPoint"",""coordinates"":[]}"
2_00010000000000001b13,1748,18609,Toguz-Toro,Kyrgyzstan,0.06642872400520261,0.128695457558864,5398.531371248233,2014,"{""type"":""MultiPoint"",""coordinates"":[]}"
2_00010000000000001b14,1748,18603,Aksy,Kyrgyzstan,0.1795875486601279,1.048866292026198,63140.99263260686,2014,"{""type"":""MultiPoint"",""coordinates"":[]}"
2_00010000000000001b15,1752,18630,Tup,Kyrgyzstan,0.4683898444220175,1.701258371919495,56734.96991067212,2014,"{""type"":""MultiPoint"",""coordinates"":[]}"
2_00010000000000001b16,1750,18621,Nookat,Kyrgyzstan,0.720810336757429,0.9761132091038475,129420.32482250128,2014,"{""type"":""MultiPoint"",""coordinates"":[]}"
2_00010000000000001b17,1750,18622,Ozgon,Kyrgyzstan,0.5933138142355139,1.2166919886253456,129460.51923667172,2014,"{""type"":""MultiPoint"",""coordinates"":[]}"
2_00010000000000001b18,1748,18608,Suzak,Kyrgyzstan,0.6832725084770277,2.5952152543149944,228099.08898224912,2014,"{""type"":""MultiPoint"",""coordinates"":[]}"
2_00010000000000001b19,1746,18594,Leylek,Kyrgyzstan,0.22032288083292514,0.5608661389498251,55432.85038150561,2014,"{""type"":""MultiPoint"",""coordinates"":[]}"
2_00010000000000001b1a,1750,18620,Kara-Suu,Kyrgyzstan,1.245613302644171,10.156147617487475,479250.40197302384,2014,"{""type"":""MultiPoint"",""coordinates"":[]}"
2_00010000000000001b1b,1748,18605,Bazar-Korgon,Kyrgyzstan,0.45262128629650916,0.9612807520111035,79292.66367894103,2014,"{""type"":""MultiPoint"",""coordinates"":[]}"
2_00010000000000001b1c,1748,18604,Ala-Buka,Kyrgyzstan,0.2962688792905482,0.4595098446440756,41771.29361658376,2014,"{""type"":""MultiPoint"",""coordinates"":[]}"
2_00010000000000001b1d,1751,18624,Kara-Buura,Kyrgyzstan,0.20303091077931543,0.20788622928339262,20072.74808008131,2014,"{""type"":""MultiPoint"",""coordinates"":[]}"
2_00010000000000001b1e,1751,18623,Bakay-Ata,Kyrgyzstan,0.30470742951413,0.2524491749241682,17158.936875699106,2014,"{""type"":""MultiPoint"",""coordinates"":[]}"
2_00010000000000001b1f,1748,18607,Nooken,Kyrgyzstan,0.5632426183640606,1.2943293182991733,109748.27132382049,2014,"{""type"":""MultiPoint"",""coordinates"":[]}"
2_00010000000000001b20,147294,18597,Jayyl,Kyrgyzstan,0.26485870351564245,0.4682979454435452,37096.87370623777,2014,"{""type"":""MultiPoint"",""coordinates"":[]}"
2_00010000000000001b21,147294,18601,Sokuluk,Kyrgyzstan,0.7342893742514297,0.6533685326817489,88458.94029586675,2014,"{""type"":""MultiPoint"",""coordinates"":[]}"
2_00010000000000001b22,147294,18599,Moskva,Kyrgyzstan,0.5774620109299796,0.5958210596354385,48423.38713765744,2014,"{""type"":""MultiPoint"",""coordinates"":[]}"
2_00010000000000001b23,147294,18595,Alamudun,Kyrgyzstan,0.567107810414885,27.451069578791852,863854.3128494711,2014,"{""type"":""MultiPoint"",""coordinates"":[]}"
2_00010000000000001b24,147294,18596,Chuy,Kyrgyzstan,0.5939377345070949,1.9814836053096274,66192.7212948899,2014,"{""type"":""MultiPoint"",""coordinates"":[]}"
2_00010000000000001b25,1751,18625,Manas,Kyrgyzstan,0.45354756741381397,0.4901544670145241,21311.686359861927,2014,"{""type"":""MultiPoint"",""coordinates"":[]}"
2_00010000000000001b26,147294,18602,Ysyk-Ata,Kyrgyzstan,0.8271852147299711,0.8149400470661043,90999.88367956637,2014,"{""type"":""MultiPoint"",""coordinates"":[]}"
2_00010000000000001b27,1750,18617,Aravan,Kyrgyzstan,1.3438618122313941,1.558605445856262,90926.34360290339,2014,"{""type"":""MultiPoint"",""coordinates"":[]}"
2_00010000000000001b28,1746,18593,Kadamjay,Kyrgyzstan,0.31562133584215873,0.9428959005290628,81231.12078248318,2014,"{""type"":""MultiPoint"",""coordinates"":[]}"
2_00010000000000001ac9,2847,37575,Ishkashimskiy,Tajikistan,0.3359342918171278,0.32746180343650766,7755.210394394382,2014,"{""type"":""MultiPoint"",""coordinates"":[]}"
2_00010000000000001aca,2847,37576,Kalay-Humbskiy,Tajikistan,0.10984789090442558,0.23853679348429707,3035.3136428318294,2014,"{""type"":""MultiPoint"",""coordinates"":[]}"
2_00010000000000001acb,2847,37577,Murgabskiy,Tajikistan,0.0043903955629221334,0.011773035491374415,367.92737217142667,2014,"{""type"":""MultiPoint"",""coordinates"":[]}"
2_00010000000000001acc,2847,37578,Roshtkala,Tajikistan,0.07725648115113512,0.38830181722038587,3266.7610808523746,2014,"{""type"":""MultiPoint"",""coordinates"":[]}"
2_00010000000000001acd,2847,37579,Rushanskiy,Tajikistan,0.10753953205583279,0.33537288711897983,6587.204496316946,2014,"{""type"":""MultiPoint"",""coordinates"":[]}"
2_00010000000000001ace,2847,37580,Shugnanskiy,Tajikistan,0.1815112008501655,3.142784163410413,32767.986295749863,2014,"{""type"":""MultiPoint"",""coordinates"":[]}"
2_00010000000000001acf,2847,37581,Vanchskiy,Tajikistan,0.23078873796858151,0.2053790115536475,7413.393556697592,2014,"{""type"":""MultiPoint"",""coordinates"":[]}"
2_00010000000000001ad0,2848,37582,Baljuan,Tajikistan,0.3274993407350537,0.5381927297735566,21471.945138501793,2014,"{""type"":""MultiPoint"",""coordinates"":[]}"
2_00010000000000001ad1,2848,37583,Bokhtar,Tajikistan,2.621322753513605,3.779006485037607,303262.07434406236,2014,"{""type"":""MultiPoint"",""coordinates"":[]}"
2_00010000000000001ad2,2848,37584,Dangara,Tajikistan,0.46728108327152174,1.0548827474421842,81117.71118286472,2014,"{""type"":""MultiPoint"",""coordinates"":[]}"
2_00010000000000001ad3,2848,37585,Ghozimalik,Tajikistan,0.35880601329443984,0.45889512626586154,19327.269849342985,2014,"{""type"":""MultiPoint"",""coordinates"":[]}"
2_00010000000000001ad4,2848,37586,Hovaling,Tajikistan,0.21524133699259362,0.5268593587005076,42161.834259025585,2014,"{""type"":""MultiPoint"",""coordinates"":[]}"
2_00010000000000001ad5,2848,37587,Jilikul,Tajikistan,0.40678352487211333,0.6393448513173173,21348.939494819555,2014,"{""type"":""MultiPoint"",""coordinates"":[]}"
2_00010000000000001ad6,2848,37588,Kabodien,Tajikistan,0.8119901386622614,1.8888771629336,127943.35410205071,2014,"{""type"":""MultiPoint"",""coordinates"":[]}"
2_00010000000000001ad7,2848,37589,Kolhosobadskiy,Tajikistan,1.185903032973477,1.4506504031007,92424.2301238931,2014,"{""type"":""MultiPoint"",""coordinates"":[]}"
2_00010000000000001ad8,2848,37590,Kulyab,Tajikistan,3.1337700201837633,5.237513811001754,159847.48296495163,2014,"{""type"":""MultiPoint"",""coordinates"":[]}"
2_00010000000000001ad9,2848,37591,Kumsangirskiy,Tajikistan,0.8110082815324213,2.0582475005762992,54680.7028548537,2014,"{""type"":""MultiPoint"",""coordinates"":[]}"
2_00010000000000001ada,2848,37592,Kurgan-Tjube,Tajikistan,2.4351969147394383,2.856618434627464,100464.23234923667,2014,"{""type"":""MultiPoint"",""coordinates"":[]}"
2_00010000000000001adb,2848,37593,Moskovskiy,Tajikistan,0.9070408521814137,1.5111016654404987,58302.21788878665,2014,"{""type"":""MultiPoint"",""coordinates"":[]}"
2_00010000000000001adc,2848,37594,Muminobod,Tajikistan,0.6154094993923446,1.9054345205483891,59855.99360885973,2014,"{""type"":""MultiPoint"",""coordinates"":[]}"
2_00010000000000001add,2848,37595,Parharskiy,Tajikistan,0.5321764141418305,1.3435012433635738,64203.75948666764,2014,"{""type"":""MultiPoint"",""coordinates"":[]}"
2_00010000000000001ade,2848,37596,Piynjskiy,Tajikistan,1.6888085007324247,1.9562411457419568,46838.64523624919,2014,"{""type"":""MultiPoint"",""coordinates"":[]}"
2_00010000000000001adf,2848,37597,Shaartuskiy,Tajikistan,0.30427771321709335,0.3204938572001922,17545.450457973864,2014,"{""type"":""MultiPoint"",""coordinates"":[]}"
2_00010000000000001ae0,2848,37598,Shurabad,Tajikistan,0.43255279998309387,1.0257434806357884,23860.012132567106,2014,"{""type"":""MultiPoint"",""coordinates"":[]}"
2_00010000000000001ae1,2848,37599,Sovetskiy,Tajikistan,0.5913236198778241,1.5318530071734664,38145.04683033361,2014,"{""type"":""MultiPoint"",""coordinates"":[]}"
2_00010000000000001ae2,2848,37600,Vahshskiy,Tajikistan,2.1165228820565907,3.296871330058534,223305.11051629664,2014,"{""type"":""MultiPoint"",""coordinates"":[]}"
2_00010000000000001ae3,2848,37601,Voseysky,Tajikistan,1.5609229157542877,2.360703288268124,131946.14549180964,2014,"{""type"":""MultiPoint"",""coordinates"":[]}"
2_00010000000000001ae4,2848,37602,Yvanskiy,Tajikistan,1.4365679281931043,2.1422309782212277,157690.26355784677,2014,"{""type"":""MultiPoint"",""coordinates"":[]}"
2_00010000000000001ae5,2849,37603,Aini,Tajikistan,0.288513395695216,0.30473821727126954,20730.94878440297,2014,"{""type"":""MultiPoint"",""coordinates"":[]}"
2_00010000000000001ae6,2849,37604,Ashtskiy,Tajikistan,0.40721522468697635,0.5264839637732974,71531.98565848265,2014,"{""type"":""MultiPoint"",""coordinates"":[]}"
2_00010000000000001ae7,2849,37605,Ganchinskiy,Tajikistan,0.8690459023902815,1.608856160765067,84672.60072685438,2014,"{""type"":""MultiPoint"",""coordinates"":[]}"
2_00010000000000001ae8,2849,37606,Hojenskiy,Tajikistan,1.443009305888461,6.39613015484608,472826.7114353742,2014,"{""type"":""MultiPoint"",""coordinates"":[]}"
2_00010000000000001ae9,2849,37607,Isfarinskiy,Tajikistan,1.6214265970537287,4.048883699502309,174883.5416987825,2014,"{""type"":""MultiPoint"",""coordinates"":[]}"
2_00010000000000001aea,2849,37608,Kanibadamskiy,Tajikistan,1.780437460850561,2.6393124473956298,148923.16694567725,2014,"{""type"":""MultiPoint"",""coordinates"":[]}"
2_00010000000000001aeb,2849,37609,Kuhistoni Mastchohskiy,Tajikistan,0.14459059822779605,0.15382258975180432,4165.604803145439,2014,"{""type"":""MultiPoint"",""coordinates"":[]}"
2_00010000000000001aec,2849,37610,Matchinskiy,Tajikistan,0.6565342808337684,1.242082571737805,74229.428836702,2014,"{""type"":""MultiPoint"",""coordinates"":[]}"
2_00010000000000001aed,2849,37611,Nauskiy,Tajikistan,1.404242787918006,2.1271283222881876,88279.4064921002,2014,"{""type"":""MultiPoint"",""coordinates"":[]}"
2_00010000000000001aee,2849,37612,Penjikenskiy,Tajikistan,0.6565064681384131,1.806067976060606,151526.250131985,2014,"{""type"":""MultiPoint"",""coordinates"":[]}"
2_00010000000000001aef,2849,37613,Rasulov,Tajikistan,1.8086414303741682,3.107504776674666,104959.17566409433,2014,"{""type"":""MultiPoint"",""coordinates"":[]}"
2_00010000000000001af0,2849,37614,Shahriston,Tajikistan,0.3900562738958576,0.5701493727809107,12260.979887339206,2014,"{""type"":""MultiPoint"",""coordinates"":[]}"
2_00010000000000001af1,2849,37615,Ura-Tubinskiy,Tajikistan,1.3797814038845353,2.3171130656050467,109462.25495027404,2014,"{""type"":""MultiPoint"",""coordinates"":[]}"
2_00010000000000001af2,2849,37616,Zafarobskiy,Tajikistan,0.8447721435104449,1.1284374342476176,61606.172011822906,2014,"{""type"":""MultiPoint"",""coordinates"":[]}"
2_00010000000000001af3,2850,37617,Darbanskiy,Tajikistan,0.609756412790368,0.6018268048701283,15941.937375569018,2014,"{""type"":""MultiPoint"",""coordinates"":[]}"
2_00010000000000001af4,2850,37618,Faysabadskiy,Tajikistan,0.7167168172801037,1.1423510538992427,42564.43152364929,2014,"{""type"":""MultiPoint"",""coordinates"":[]}"
2_00010000000000001af5,2850,37619,Garmskiy,Tajikistan,0.4297498777121234,0.266847804769252,25428.33942030976,2014,"{""type"":""MultiPoint"",""coordinates"":[]}"
2_00010000000000001af6,2850,37620,Gissarskiy,Tajikistan,1.6207187181169542,4.387542186592485,131657.45746666135,2014,"{""type"":""MultiPoint"",""coordinates"":[]}"
2_00010000000000001af7,2850,37621,Jirgatalskiy,Tajikistan,0.3594763492894439,0.4976516902870025,16742.33023595883,2014,"{""type"":""MultiPoint"",""coordinates"":[]}"
2_00010000000000001af8,2850,37622,Kofarnohon,Tajikistan,0.8683398787986375,3.4171096068724265,225594.7358890894,2014,"{""type"":""MultiPoint"",""coordinates"":[]}"
2_00010000000000001af9,2850,37623,Leninskiy,Tajikistan,1.489879319788787,24.33563252303987,1098448.5150688232,2014,"{""type"":""MultiPoint"",""coordinates"":[]}"
2_00010000000000001afa,2850,37624,Nurek,Tajikistan,0.530946238427523,2.314699736164267,31338.703187420702,2014,"{""type"":""MultiPoint"",""coordinates"":[]}"
2_00010000000000001afb,2850,37625,Rogunsky,Tajikistan,0.5075930230755147,0.4141790270664675,11192.965096647486,2014,"{""type"":""MultiPoint"",""coordinates"":[]}"
2_00010000000000001afc,2850,37626,Shahrinav,Tajikistan,0.8767267432078601,2.7030699320622573,40920.100364960876,2014,"{""type"":""MultiPoint"",""coordinates"":[]}"
2_00010000000000001afd,2850,37627,Tavildara,Tajikistan,0.09568612243424944,0.13384535832029107,4514.406531085138,2014,"{""type"":""MultiPoint"",""coordinates"":[]}"
2_00010000000000001afe,2850,37628,Tojikobod,Tajikistan,0.6091618921319676,0.7403308645382816,23213.4803379362,2014,"{""type"":""MultiPoint"",""coordinates"":[]}"
2_00010000000000001aff,2850,37629,Tursunzade,Tajikistan,2.3789216831727944,3.2973657722524785,166095.76952143008,2014,"{""type"":""MultiPoint"",""coordinates"":[]}"
2_00010000000000001b00,2850,37630,Varzob,Tajikistan,0.5301854741780233,1.0283898079519098,40181.648524695855,2014,"{""type"":""MultiPoint"",""coordinates"":[]}"
2_00010000000000001879,652,6241,Gornjedrinski,Bosnia and Herzegovina,0.15431544290368754,1.1726082567244787,19438.61731145296,2014,"{""type"":""MultiPoint"",""coordinates"":[]}"
2_0001000000000000187a,652,6243,Posavski,Bosnia and Herzegovina,0.577416860336226,0.7652289709358842,26031.82268176176,2014,"{""type"":""MultiPoint"",""coordinates"":[]}"
2_0001000000000000187b,652,6245,Srednjebosanski,Bosnia and Herzegovina,0.46812919903722255,1.1992081064551836,195945.20580453824,2014,"{""type"":""MultiPoint"",""coordinates"":[]}"
2_0001000000000000187c,652,6246,Tuzlansko-podrinjski,Bosnia and Herzegovina,0.9049283996907169,1.3762231422294544,371757.6944820147,2014,"{""type"":""MultiPoint"",""coordinates"":[]}"
2_0001000000000000187d,652,6247,Unsko-sanski,Bosnia and Herzegovina,0.40657987784718835,0.9760670785657003,202819.4637439089,2014,"{""type"":""MultiPoint"",""coordinates"":[]}"
2_0001000000000000187e,652,6250,Zenicko-dobojski,Bosnia and Herzegovina,0.5933012885054162,1.5681424251098977,263268.1972831174,2014,"{""type"":""MultiPoint"",""coordinates"":[]}"
2_0001000000000000187f,653,6251,Banja Luka,Bosnia and Herzegovina,0.4675805197841215,2.14067712210105,141460.5040422302,2014,"{""type"":""MultiPoint"",""coordinates"":[]}"
2_00010000000000001880,653,6252,Bijeljina,Bosnia and Herzegovina,0.6089811436375,1.02435314684835,80711.55666163204,2014,"{""type"":""MultiPoint"",""coordinates"":[]}"
2_00010000000000001881,653,6254,Bosanska Dubica,Bosnia and Herzegovina,0.1722008291587655,0.4990795469557568,15547.378892704222,2014,"{""type"":""MultiPoint"",""coordinates"":[]}"
2_00010000000000001882,653,6255,Bosanska Gradiska,Bosnia and Herzegovina,0.35943723795482796,0.5775237519640403,39532.53538353175,2014,"{""type"":""MultiPoint"",""coordinates"":[]}"
2_00010000000000001883,653,6256,Bosanska Krupa,Bosnia and Herzegovina,0.07412909809286229,0.13508806872722517,1131.7707069821515,2014,"{""type"":""MultiPoint"",""coordinates"":[]}"
2_00010000000000001884,653,6257,Bosanski Brod,Bosnia and Herzegovina,0.17142903797176637,0.656370610495249,7976.30029074725,2014,"{""type"":""MultiPoint"",""coordinates"":[]}"
2_00010000000000001885,653,6258,Bosanski Novi,Bosnia and Herzegovina,0.15437362511138014,0.659571052504086,22272.82578777681,2014,"{""type"":""MultiPoint"",""coordinates"":[]}"
2_00010000000000001886,653,6259,Bosanski Petrovac,Bosnia and Herzegovina,0.021874717360725205,0.03561296670689896,49.820193761294036,2014,"{""type"":""MultiPoint"",""coordinates"":[]}"
2_00010000000000001887,653,6260,Bosanski Samac,Bosnia and Herzegovina,0.4840055575950997,0.6313262857269584,14308.575097687733,2014,"{""type"":""MultiPoint"",""coordinates"":[]}"
2_00010000000000001888,653,6261,Bratunac,Bosnia and Herzegovina,0.2775449495043648,1.2310917470663383,13824.456803000676,2014,"{""type"":""MultiPoint"",""coordinates"":[]}"
2_00010000000000001889,653,6262,Brcko,Bosnia and Herzegovina,0.6717865193645749,1.3293787502124474,33819.82576569739,2014,"{""type"":""MultiPoint"",""coordinates"":[]}"
2_0001000000000000188a,653,6263,Cajnice,Bosnia and Herzegovina,0.05320245461853021,0.3154021856522385,2771.732115132853,2014,"{""type"":""MultiPoint"",""coordinates"":[]}"
2_0001000000000000188b,653,6264,Celinac,Bosnia and Herzegovina,0.20338445742258876,0.37852334709717295,11360.214933340047,2014,"{""type"":""MultiPoint"",""coordinates"":[]}"
2_0001000000000000188c,653,6265,Derventa,Bosnia and Herzegovina,0.20176389066257938,0.5451577371106818,20746.1058123814,2014,"{""type"":""MultiPoint"",""coordinates"":[]}"
2_0001000000000000188d,653,6266,Doboj,Bosnia and Herzegovina,0.3412500712858687,1.0478787610154867,55021.04579380746,2014,"{""type"":""MultiPoint"",""coordinates"":[]}"
2_0001000000000000188e,653,6267,Donji Vakuf,Bosnia and Herzegovina,0.035508669084972806,0.03848503222239647,27.84847828460236,2014,"{""type"":""MultiPoint"",""coordinates"":[]}"
2_0001000000000000188f,653,6270,Glamoc,Bosnia and Herzegovina,0.01604875549674034,6.254018652706728E-4,0.37887605376103345,2014,"{""type"":""MultiPoint"",""coordinates"":[]}"
2_00010000000000001890,653,6271,Gorazde,Bosnia and Herzegovina,0.0782599555518552,0.2822212164731571,2073.3669661900653,2014,"{""type"":""MultiPoint"",""coordinates"":[]}"
2_00010000000000001891,653,6272,Gracanica,Bosnia and Herzegovina,0.2363268337703901,0.7318667052923525,6342.785370474322,2014,"{""type"":""MultiPoint"",""coordinates"":[]}"
2_00010000000000001892,653,6273,Gradacac,Bosnia and Herzegovina,0.21024552889824155,0.27030035162152033,6448.783345947731,2014,"{""type"":""MultiPoint"",""coordinates"":[]}"
2_00010000000000001893,653,6274,Han Pijesak,Bosnia and Herzegovina,0.02714921650374975,0.1730197873260416,1775.7056058896965,2014,"{""type"":""MultiPoint"",""coordinates"":[]}"
2_00010000000000001894,653,6275,Ilidza,Bosnia and Herzegovina,2.0769882631200924,1.859084107924089,7813.464059754247,2014,"{""type"":""MultiPoint"",""coordinates"":[]}"
2_00010000000000001895,653,6276,Ilija[,Bosnia and Herzegovina,0.019645656427203995,0.008409219587126383,21.73399800131755,2014,"{""type"":""MultiPoint"",""coordinates"":[]}"
2_00010000000000001896,653,6277,Jajce,Bosnia and Herzegovina,0.20411622037710492,0.5820503571728153,1323.9350933422863,2014,"{""type"":""MultiPoint"",""coordinates"":[]}"
2_00010000000000001897,653,6278,Kalesija,Bosnia and Herzegovina,0.41798484648334433,0.2784008124162012,3756.810697693833,2014,"{""type"":""MultiPoint"",""coordinates"":[]}"
2_00010000000000001898,653,6280,Kladanj,Bosnia and Herzegovina,0.09039107284139487,0.03413228913656276,149.2778311026593,2014,"{""type"":""MultiPoint"",""coordinates"":[]}"
2_00010000000000001899,653,6281,Kljuc,Bosnia and Herzegovina,0.1015767559009543,0.21519228434857712,3700.396627479277,2014,"{""type"":""MultiPoint"",""coordinates"":[]}"
2_0001000000000000189a,653,6283,Kotor Varos,Bosnia and Herzegovina,0.20163299987376362,0.5866300774816859,12069.50172751097,2014,"{""type"":""MultiPoint"",""coordinates"":[]}"
2_0001000000000000189b,653,6284,Kupres,Bosnia and Herzegovina,0.061302147021419125,0.06574143805739437,92.96361141876486,2014,"{""type"":""MultiPoint"",""coordinates"":[]}"
2_0001000000000000189c,653,6285,Laktasi,Bosnia and Herzegovina,0.3429963402795359,0.8419578071424042,29032.365164040148,2014,"{""type"":""MultiPoint"",""coordinates"":[]}"
2_0001000000000000189d,653,6287,Lopare,Bosnia and Herzegovina,0.2646481905391268,0.49007075178418497,13335.01248728294,2014,"{""type"":""MultiPoint"",""coordinates"":[]}"
2_0001000000000000189e,653,6288,Lukavac,Bosnia and Herzegovina,0.10888008218836967,0.051539723171543914,79.61940370330625,2014,"{""type"":""MultiPoint"",""coordinates"":[]}"
2_0001000000000000189f,653,6289,Maglaj,Bosnia and Herzegovina,0.06746799853586015,0.05047932101665375,484.8103237995769,2014,"{""type"":""MultiPoint"",""coordinates"":[]}"
2_000100000000000018a0,653,6290,Modrica,Bosnia and Herzegovina,0.3589364855960416,0.8905876959506047,19283.63827923349,2014,"{""type"":""MultiPoint"",""coordinates"":[]}"
2_000100000000000018a1,653,6292,Mrkonji] Grad,Bosnia and Herzegovina,0.14088458403278367,0.5497887994752195,10122.349071095467,2014,"{""type"":""MultiPoint"",""coordinates"":[]}"
2_000100000000000018a2,653,6294,Novo Sarajevo,Bosnia and Herzegovina,0.3285120462738794,1.6244032073017869,4633.424077009286,2014,"{""type"":""MultiPoint"",""coordinates"":[]}"
2_000100000000000018a3,653,6295,Odzak,Bosnia and Herzegovina,0.43088116427132234,0.4806359974447449,2671.3099984769738,2014,"{""type"":""MultiPoint"",""coordinates"":[]}"
2_000100000000000018a4,653,6296,Olovo,Bosnia and Herzegovina,0.03187784259872777,0.011252564623369479,70.03278869649068,2014,"{""type"":""MultiPoint"",""coordinates"":[]}"
2_000100000000000018a5,653,6297,Orasje,Bosnia and Herzegovina,0.5446836089924952,0.6885286615579489,4729.7252066034935,2014,"{""type"":""MultiPoint"",""coordinates"":[]}"
2_000100000000000018a6,653,6298,Pale,Bosnia and Herzegovina,0.14040412797617632,0.7661155590022475,13982.756864048546,2014,"{""type"":""MultiPoint"",""coordinates"":[]}"
2_000100000000000018a7,653,6299,Prijedor,Bosnia and Herzegovina,0.5153102408645701,0.9797002438082528,70520.12167624917,2014,"{""type"":""MultiPoint"",""coordinates"":[]}"
2_000100000000000018a8,653,6300,Prnjavor,Bosnia and Herzegovina,0.2655455855218329,0.5081074888015928,28566.51338058369,2014,"{""type"":""MultiPoint"",""coordinates"":[]}"
2_000100000000000018a9,653,6301,Rogatica,Bosnia and Herzegovina,0.04289028637908357,0.43579007108507467,7159.534292137985,2014,"{""type"":""MultiPoint"",""coordinates"":[]}"
2_000100000000000018aa,653,6302,Rudo,Bosnia and Herzegovina,0.18516582213213376,0.7933457010020414,5407.352073337233,2014,"{""type"":""MultiPoint"",""coordinates"":[]}"
2_000100000000000018ab,653,6303,Sanski Most,Bosnia and Herzegovina,0.05643592582356586,0.09981778937766761,1432.2330148546496,2014,"{""type"":""MultiPoint"",""coordinates"":[]}"
2_000100000000000018ac,653,6304,Sekovici,Bosnia and Herzegovina,0.1643373799206141,0.255078601971464,4557.87563973263,2014,"{""type"":""MultiPoint"",""coordinates"":[]}"
2_000100000000000018ad,653,6305,Sipovo,Bosnia and Herzegovina,0.10777281197061568,0.5391914037795881,6467.296651944854,2014,"{""type"":""MultiPoint"",""coordinates"":[]}"
2_000100000000000018ae,653,6306,Sokolac,Bosnia and Herzegovina,0.043038718775134065,0.48169937959762216,7985.949168800288,2014,"{""type"":""MultiPoint"",""coordinates"":[]}"
2_000100000000000018af,653,6307,Srbac,Bosnia and Herzegovina,0.2028326141077709,0.36502535244015566,12166.553033313376,2014,"{""type"":""MultiPoint"",""coordinates"":[]}"
2_000100000000000018b0,653,6308,Srebrenica,Bosnia and Herzegovina,0.10869715159524068,0.2408105423779421,5866.989028393122,2014,"{""type"":""MultiPoint"",""coordinates"":[]}"
2_000100000000000018b1,653,6309,Stari Grad,Bosnia and Herzegovina,0.06651674996897512,0.13806594705962494,814.3915576799016,2014,"{""type"":""MultiPoint"",""coordinates"":[]}"
2_000100000000000018b2,653,6311,Tesanj,Bosnia and Herzegovina,0.5118129065293379,0.3015092873756388,2049.039500179185,2014,"{""type"":""MultiPoint"",""coordinates"":[]}"
2_000100000000000018b3,653,6312,Teslic,Bosnia and Herzegovina,0.23439201236974241,0.7328490348126092,26405.132835345965,2014,"{""type"":""MultiPoint"",""coordinates"":[]}"
2_000100000000000018b4,653,6313,Titov Drvar,Bosnia and Herzegovina,0.018665264257126384,0.008733757376536689,19.72398313764921,2014,"{""type"":""MultiPoint"",""coordinates"":[]}"
2_000100000000000018b5,653,6314,Travnik,Bosnia and Herzegovina,0.061700074800423214,0.02141457206257073,57.36173056646742,2014,"{""type"":""MultiPoint"",""coordinates"":[]}"
2_000100000000000018b6,653,6316,Trnovo,Bosnia and Herzegovina,0.11655657236728473,0.5174263063400126,1677.1715788584058,2014,"{""type"":""MultiPoint"",""coordinates"":[]}"
2_000100000000000018b7,653,6317,Tuzla,Bosnia and Herzegovina,0.15703586240609488,0.0764826622164945,69.74013892134613,2014,"{""type"":""MultiPoint"",""coordinates"":[]}"
2_000100000000000018b8,653,6318,Ugljevik,Bosnia and Herzegovina,0.3909132434138117,0.6839644002933087,14322.765988074745,2014,"{""type"":""MultiPoint"",""coordinates"":[]}"
2_000100000000000018b9,653,6319,Visegrad,Bosnia and Herzegovina,0.0757921116560632,0.5316322796606407,7281.555319850446,2014,"{""type"":""MultiPoint"",""coordinates"":[]}"
2_000100000000000018ba,653,6320,Vlasenica,Bosnia and Herzegovina,0.15358995057560473,0.7876907683730845,16836.489043116188,2014,"{""type"":""MultiPoint"",""coordinates"":[]}"
2_000100000000000018bb,653,6321,Zvornik,Bosnia and Herzegovina,0.7183763599474441,1.155140685576566,45725.89079437944,2014,"{""type"":""MultiPoint"",""coordinates"":[]}"
