system:index,Country,Mean_PDSI,Region,StdDev_PDSI,Year,.geo
0_000000000000000000c9,United Republic of Tanzania,-4.123388636872761,Arusha,0.19078473617022434,2012,"{""type"":""MultiPoint"",""coordinates"":[]}"
0_000000000000000000d7,United Republic of Tanzania,-3.6869424991874244,Manyara,0.45612592291334714,2012,"{""type"":""MultiPoint"",""coordinates"":[]}"
0_000000000000000000cc,United Republic of Tanzania,-1.5884555087036436,Geita,0.5167023642388909,2012,"{""type"":""MultiPoint"",""coordinates"":[]}"
0_000000000000000000cd,United Republic of Tanzania,-2.489311150900229,Iringa,0.30306989967217196,2012,"{""type"":""MultiPoint"",""coordinates"":[]}"
0_000000000000000000ce,United Republic of Tanzania,0.21574714047299237,Kagera,1.2011344718710073,2012,"{""type"":""MultiPoint"",""coordinates"":[]}"
0_000000000000000000d1,United Republic of Tanzania,-5.01175,Katavi,0.7477577082703869,2012,"{""type"":""MultiPoint"",""coordinates"":[]}"
0_000000000000000000dd,United Republic of Tanzania,-1.6868478378261622,Mwanza,0.4231941201311874,2012,"{""type"":""MultiPoint"",""coordinates"":[]}"
0_000000000000000000de,United Republic of Tanzania,-2.5000728617457533,Njombe,0.3464991282688049,2012,"{""type"":""MultiPoint"",""coordinates"":[]}"
0_000000000000000000e0,United Republic of Tanzania,-3.2922916666666664,Rukwa,0.2578829238832185,2012,"{""type"":""MultiPoint"",""coordinates"":[]}"
0_000000000000000000e2,United Republic of Tanzania,-2.6469887658934406,Shinyanga,0.29941840947822546,2012,"{""type"":""MultiPoint"",""coordinates"":[]}"
0_000000000000000000e3,United Republic of Tanzania,-2.1980941827303027,Simiyu,0.9334096462141115,2012,"{""type"":""MultiPoint"",""coordinates"":[]}"
0_000000000000000000ca,United Republic of Tanzania,-1.7693741243668502,Dar-es-salaam,0.04425121202681797,2012,"{""type"":""MultiPoint"",""coordinates"":[]}"
0_000000000000000000cb,United Republic of Tanzania,0.9245908674004191,Dodoma,1.615916803232498,2012,"{""type"":""MultiPoint"",""coordinates"":[]}"
0_000000000000000000cf,United Republic of Tanzania,-3.6133333333333333,Kaskazini Pemba,0.0,2012,"{""type"":""MultiPoint"",""coordinates"":[]}"
0_000000000000000000d0,United Republic of Tanzania,-2.4075,Kaskazini Unguja,0.0,2012,"{""type"":""MultiPoint"",""coordinates"":[]}"
0_000000000000000000d2,United Republic of Tanzania,-2.541678823243375,Kigoma,1.413609847324753,2012,"{""type"":""MultiPoint"",""coordinates"":[]}"
0_000000000000000000d3,United Republic of Tanzania,-3.764849006492229,Kilimanjaro,0.17105464184626093,2012,"{""type"":""MultiPoint"",""coordinates"":[]}"
0_000000000000000000d4,United Republic of Tanzania,-3.6133333333333333,Kusini Pemba,0.0,2012,"{""type"":""MultiPoint"",""coordinates"":[]}"
0_000000000000000000d5,United Republic of Tanzania,-2.235336764174792,Kusini Unguja,0.14755093282584728,2012,"{""type"":""MultiPoint"",""coordinates"":[]}"
0_000000000000000000d6,United Republic of Tanzania,-4.120416666666667,Lindi,0.7554166666666637,2012,"{""type"":""MultiPoint"",""coordinates"":[]}"
0_000000000000000000d8,United Republic of Tanzania,0.559225458187439,Mara,0.38506316140169644,2012,"{""type"":""MultiPoint"",""coordinates"":[]}"
0_000000000000000000d9,United Republic of Tanzania,-2.243033510602032,Mbeya,0.40161142331799554,2012,"{""type"":""MultiPoint"",""coordinates"":[]}"
0_000000000000000000da,United Republic of Tanzania,-2.296422165820643,Mjini Magharibi,0.16555561381430464,2012,"{""type"":""MultiPoint"",""coordinates"":[]}"
0_000000000000000000db,United Republic of Tanzania,-3.232878787878788,Morogoro,0.49122185369753835,2012,"{""type"":""MultiPoint"",""coordinates"":[]}"
0_000000000000000000dc,United Republic of Tanzania,,Mtwara,,2012,"{""type"":""MultiPoint"",""coordinates"":[]}"
0_000000000000000000df,United Republic of Tanzania,-1.834353189895097,Pwani,0.12753576643151826,2012,"{""type"":""MultiPoint"",""coordinates"":[]}"
0_000000000000000000e1,United Republic of Tanzania,-3.7672298978349468,Ruvuma,0.18161661695880948,2012,"{""type"":""MultiPoint"",""coordinates"":[]}"
0_000000000000000000e4,United Republic of Tanzania,-3.0907178799060717,Singida,0.4523500142678163,2012,"{""type"":""MultiPoint"",""coordinates"":[]}"
0_000000000000000000e5,United Republic of Tanzania,-3.3347565087645106,Tabora,0.6400993977559909,2012,"{""type"":""MultiPoint"",""coordinates"":[]}"
0_000000000000000000e6,United Republic of Tanzania,-3.7956410256410256,Tanga,0.37629252376987415,2012,"{""type"":""MultiPoint"",""coordinates"":[]}"
1_000000000000000000c9,United Republic of Tanzania,-2.4809532510080636,Arusha,0.7264957102037476,2013,"{""type"":""MultiPoint"",""coordinates"":[]}"
1_000000000000000000d7,United Republic of Tanzania,-1.1134237508495108,Manyara,0.8530831578991085,2013,"{""type"":""MultiPoint"",""coordinates"":[]}"
1_000000000000000000cc,United Republic of Tanzania,-0.8414483998270083,Geita,0.29354523932086213,2013,"{""type"":""MultiPoint"",""coordinates"":[]}"
1_000000000000000000cd,United Republic of Tanzania,-2.9546677608674035,Iringa,0.2915328714016751,2013,"{""type"":""MultiPoint"",""coordinates"":[]}"
1_000000000000000000ce,United Republic of Tanzania,-1.170283154231286,Kagera,1.1275210091824757,2013,"{""type"":""MultiPoint"",""coordinates"":[]}"
1_000000000000000000d1,United Republic of Tanzania,-2.629166666666667,Katavi,0.5231337198928089,2013,"{""type"":""MultiPoint"",""coordinates"":[]}"
1_000000000000000000dd,United Republic of Tanzania,-0.023710363746327994,Mwanza,0.38204757699115516,2013,"{""type"":""MultiPoint"",""coordinates"":[]}"
1_000000000000000000de,United Republic of Tanzania,-2.8227546499707095,Njombe,0.18927297076929633,2013,"{""type"":""MultiPoint"",""coordinates"":[]}"
1_000000000000000000e0,United Republic of Tanzania,-2.745833333333333,Rukwa,0.20213358481734747,2013,"{""type"":""MultiPoint"",""coordinates"":[]}"
1_000000000000000000e2,United Republic of Tanzania,-0.8361452678088792,Shinyanga,0.4458133105471521,2013,"{""type"":""MultiPoint"",""coordinates"":[]}"
1_000000000000000000e3,United Republic of Tanzania,0.6279144761708415,Simiyu,0.4847435756153685,2013,"{""type"":""MultiPoint"",""coordinates"":[]}"
1_000000000000000000ca,United Republic of Tanzania,-3.7323613356324308,Dar-es-salaam,0.0696148308605013,2013,"{""type"":""MultiPoint"",""coordinates"":[]}"
1_000000000000000000cb,United Republic of Tanzania,-1.5434597746331236,Dodoma,0.551287799297537,2013,"{""type"":""MultiPoint"",""coordinates"":[]}"
1_000000000000000000cf,United Republic of Tanzania,-2.6141666666666667,Kaskazini Pemba,0.0,2013,"{""type"":""MultiPoint"",""coordinates"":[]}"
1_000000000000000000d0,United Republic of Tanzania,-3.6108333333333333,Kaskazini Unguja,0.0,2013,"{""type"":""MultiPoint"",""coordinates"":[]}"
1_000000000000000000d2,United Republic of Tanzania,-1.985640347678094,Kigoma,0.6120992169484353,2013,"{""type"":""MultiPoint"",""coordinates"":[]}"
1_000000000000000000d3,United Republic of Tanzania,-2.6081040286794765,Kilimanjaro,0.24098281786154346,2013,"{""type"":""MultiPoint"",""coordinates"":[]}"
1_000000000000000000d4,United Republic of Tanzania,-2.6141666666666667,Kusini Pemba,0.0,2013,"{""type"":""MultiPoint"",""coordinates"":[]}"
1_000000000000000000d5,United Republic of Tanzania,-3.70664770675334,Kusini Unguja,0.009755340417841832,2013,"{""type"":""MultiPoint"",""coordinates"":[]}"
1_000000000000000000d6,United Republic of Tanzania,-4.4504166666666665,Lindi,0.004583333333231773,2013,"{""type"":""MultiPoint"",""coordinates"":[]}"
1_000000000000000000d8,United Republic of Tanzania,2.543902479417053,Mara,0.47034058896773656,2013,"{""type"":""MultiPoint"",""coordinates"":[]}"
1_000000000000000000d9,United Republic of Tanzania,-3.0011130428853896,Mbeya,0.7191381399646715,2013,"{""type"":""MultiPoint"",""coordinates"":[]}"
1_000000000000000000da,United Republic of Tanzania,-3.6931649746192896,Mjini Magharibi,0.03775964638426756,2013,"{""type"":""MultiPoint"",""coordinates"":[]}"
1_000000000000000000db,United Republic of Tanzania,-3.9773484848484846,Morogoro,0.44763827757265157,2013,"{""type"":""MultiPoint"",""coordinates"":[]}"
1_000000000000000000dc,United Republic of Tanzania,,Mtwara,,2013,"{""type"":""MultiPoint"",""coordinates"":[]}"
1_000000000000000000df,United Republic of Tanzania,-3.744930956968529,Pwani,0.1873667445699865,2013,"{""type"":""MultiPoint"",""coordinates"":[]}"
1_000000000000000000e1,United Republic of Tanzania,-3.449251892435552,Ruvuma,0.2088516592118795,2013,"{""type"":""MultiPoint"",""coordinates"":[]}"
1_000000000000000000e4,United Republic of Tanzania,1.3865562451079059,Singida,0.3301064966099284,2013,"{""type"":""MultiPoint"",""coordinates"":[]}"
1_000000000000000000e5,United Republic of Tanzania,-1.131076589595376,Tabora,0.9274523733071399,2013,"{""type"":""MultiPoint"",""coordinates"":[]}"
1_000000000000000000e6,United Republic of Tanzania,-3.1901923076923073,Tanga,0.21043609426591223,2013,"{""type"":""MultiPoint"",""coordinates"":[]}"
2_000000000000000000c9,United Republic of Tanzania,-1.9682367271505383,Arusha,0.46769763380486223,2014,"{""type"":""MultiPoint"",""coordinates"":[]}"
2_000000000000000000d7,United Republic of Tanzania,-1.5839012498891947,Manyara,0.49795481084762205,2014,"{""type"":""MultiPoint"",""coordinates"":[]}"
2_000000000000000000cc,United Republic of Tanzania,-1.262523651205536,Geita,0.6968212059810358,2014,"{""type"":""MultiPoint"",""coordinates"":[]}"
2_000000000000000000cd,United Republic of Tanzania,-3.2598259226101653,Iringa,1.5280111716180513,2014,"{""type"":""MultiPoint"",""coordinates"":[]}"
2_000000000000000000ce,United Republic of Tanzania,-0.6720000915862744,Kagera,1.0201720455150856,2014,"{""type"":""MultiPoint"",""coordinates"":[]}"
2_000000000000000000d1,United Republic of Tanzania,-1.7730833333333333,Katavi,0.16614461990152565,2014,"{""type"":""MultiPoint"",""coordinates"":[]}"
2_000000000000000000dd,United Republic of Tanzania,-0.6296156255400036,Mwanza,0.5527858550217828,2014,"{""type"":""MultiPoint"",""coordinates"":[]}"
2_000000000000000000de,United Republic of Tanzania,-0.5216454305799649,Njombe,0.3270320026357091,2014,"{""type"":""MultiPoint"",""coordinates"":[]}"
2_000000000000000000e0,United Republic of Tanzania,-1.4885416666666667,Rukwa,0.8704878451429789,2014,"{""type"":""MultiPoint"",""coordinates"":[]}"
2_000000000000000000e2,United Republic of Tanzania,-1.7084300453594679,Shinyanga,0.3548884292384853,2014,"{""type"":""MultiPoint"",""coordinates"":[]}"
2_000000000000000000e3,United Republic of Tanzania,-1.5280305294986765,Simiyu,0.41808534288326465,2014,"{""type"":""MultiPoint"",""coordinates"":[]}"
2_000000000000000000ca,United Republic of Tanzania,-2.5938117433631493,Dar-es-salaam,0.1785922626571315,2014,"{""type"":""MultiPoint"",""coordinates"":[]}"
2_000000000000000000cb,United Republic of Tanzania,-3.089958726415094,Dodoma,0.3812900495054321,2014,"{""type"":""MultiPoint"",""coordinates"":[]}"
2_000000000000000000cf,United Republic of Tanzania,-2.2241666666666666,Kaskazini Pemba,0.0,2014,"{""type"":""MultiPoint"",""coordinates"":[]}"
2_000000000000000000d0,United Republic of Tanzania,-2.77,Kaskazini Unguja,0.0,2014,"{""type"":""MultiPoint"",""coordinates"":[]}"
2_000000000000000000d2,United Republic of Tanzania,-1.7133646365183566,Kigoma,0.3979557670357437,2014,"{""type"":""MultiPoint"",""coordinates"":[]}"
2_000000000000000000d3,United Republic of Tanzania,-1.952302500710429,Kilimanjaro,0.3233432626556392,2014,"{""type"":""MultiPoint"",""coordinates"":[]}"
2_000000000000000000d4,United Republic of Tanzania,-2.2241666666666666,Kusini Pemba,0.0,2014,"{""type"":""MultiPoint"",""coordinates"":[]}"
2_000000000000000000d5,United Republic of Tanzania,-2.8242795232936078,Kusini Unguja,0.06165405276396778,2014,"{""type"":""MultiPoint"",""coordinates"":[]}"
2_000000000000000000d6,United Republic of Tanzania,-1.9395833333333334,Lindi,0.14375000000000104,2014,"{""type"":""MultiPoint"",""coordinates"":[]}"
2_000000000000000000d8,United Republic of Tanzania,-0.2915673401469986,Mara,0.6160214410621353,2014,"{""type"":""MultiPoint"",""coordinates"":[]}"
2_000000000000000000d9,United Republic of Tanzania,-1.1424916479170923,Mbeya,0.6521513489554743,2014,"{""type"":""MultiPoint"",""coordinates"":[]}"
2_000000000000000000da,United Republic of Tanzania,-2.81589255499154,Mjini Magharibi,0.05545216073002058,2014,"{""type"":""MultiPoint"",""coordinates"":[]}"
2_000000000000000000db,United Republic of Tanzania,-3.2935606060606064,Morogoro,0.6807574408675962,2014,"{""type"":""MultiPoint"",""coordinates"":[]}"
2_000000000000000000dc,United Republic of Tanzania,,Mtwara,,2014,"{""type"":""MultiPoint"",""coordinates"":[]}"
2_000000000000000000df,United Republic of Tanzania,-2.5649665489188602,Pwani,0.4086097233310769,2014,"{""type"":""MultiPoint"",""coordinates"":[]}"
2_000000000000000000e1,United Republic of Tanzania,-0.7251498067863004,Ruvuma,0.1569586782139384,2014,"{""type"":""MultiPoint"",""coordinates"":[]}"
2_000000000000000000e4,United Republic of Tanzania,-1.6601808677177676,Singida,0.12934216638359533,2014,"{""type"":""MultiPoint"",""coordinates"":[]}"
2_000000000000000000e5,United Republic of Tanzania,-1.4237562267963724,Tabora,0.42032913319851894,2014,"{""type"":""MultiPoint"",""coordinates"":[]}"
2_000000000000000000e6,United Republic of Tanzania,-2.2816666666666667,Tanga,0.1888035880797685,2014,"{""type"":""MultiPoint"",""coordinates"":[]}"
3_000000000000000000c9,United Republic of Tanzania,0.5022029009856632,Arusha,0.7039776977212338,2015,"{""type"":""MultiPoint"",""coordinates"":[]}"
3_000000000000000000d7,United Republic of Tanzania,0.6984170286322131,Manyara,0.4449920762329407,2015,"{""type"":""MultiPoint"",""coordinates"":[]}"
3_000000000000000000cc,United Republic of Tanzania,-3.9217919504811323,Geita,0.9955508376018956,2015,"{""type"":""MultiPoint"",""coordinates"":[]}"
3_000000000000000000cd,United Republic of Tanzania,-4.771258330846513,Iringa,1.3361164565164796,2015,"{""type"":""MultiPoint"",""coordinates"":[]}"
3_000000000000000000ce,United Republic of Tanzania,-3.2044464627345617,Kagera,0.8756955449079372,2015,"{""type"":""MultiPoint"",""coordinates"":[]}"
3_000000000000000000d1,United Republic of Tanzania,-4.359583333333333,Katavi,1.6833266604653219,2015,"{""type"":""MultiPoint"",""coordinates"":[]}"
3_000000000000000000dd,United Republic of Tanzania,-2.7446148155348196,Mwanza,0.3156158382127046,2015,"{""type"":""MultiPoint"",""coordinates"":[]}"
3_000000000000000000de,United Republic of Tanzania,-2.981102995020504,Njombe,0.3403595981429288,2015,"{""type"":""MultiPoint"",""coordinates"":[]}"
3_000000000000000000e0,United Republic of Tanzania,-3.3216666666666668,Rukwa,0.6866254538603185,2015,"{""type"":""MultiPoint"",""coordinates"":[]}"
3_000000000000000000e2,United Republic of Tanzania,-3.767134656513666,Shinyanga,0.5767446449930315,2015,"{""type"":""MultiPoint"",""coordinates"":[]}"
3_000000000000000000e3,United Republic of Tanzania,-2.839836700683778,Simiyu,0.4182853011288814,2015,"{""type"":""MultiPoint"",""coordinates"":[]}"
3_000000000000000000ca,United Republic of Tanzania,-2.9878140604231778,Dar-es-salaam,0.1098214226722707,2015,"{""type"":""MultiPoint"",""coordinates"":[]}"
3_000000000000000000cb,United Republic of Tanzania,-1.356403629454927,Dodoma,1.531098321033903,2015,"{""type"":""MultiPoint"",""coordinates"":[]}"
3_000000000000000000cf,United Republic of Tanzania,-2.88,Kaskazini Pemba,0.0,2015,"{""type"":""MultiPoint"",""coordinates"":[]}"
3_000000000000000000d0,United Republic of Tanzania,-3.841666666666667,Kaskazini Unguja,0.0,2015,"{""type"":""MultiPoint"",""coordinates"":[]}"
3_000000000000000000d2,United Republic of Tanzania,-5.059897884755654,Kigoma,1.5000089616134382,2015,"{""type"":""MultiPoint"",""coordinates"":[]}"
3_000000000000000000d3,United Republic of Tanzania,-0.0051923076923077625,Kilimanjaro,1.0310884805629026,2015,"{""type"":""MultiPoint"",""coordinates"":[]}"
3_000000000000000000d4,United Republic of Tanzania,-2.88,Kusini Pemba,0.0,2015,"{""type"":""MultiPoint"",""coordinates"":[]}"
3_000000000000000000d5,United Republic of Tanzania,-3.828163596966414,Kusini Unguja,0.11678018286982796,2015,"{""type"":""MultiPoint"",""coordinates"":[]}"
3_000000000000000000d6,United Republic of Tanzania,-0.6008333333333333,Lindi,0.12333333333333382,2015,"{""type"":""MultiPoint"",""coordinates"":[]}"
3_000000000000000000d8,United Republic of Tanzania,-1.313075691618561,Mara,0.9374517131568264,2015,"{""type"":""MultiPoint"",""coordinates"":[]}"
3_000000000000000000d9,United Republic of Tanzania,-3.263084304902161,Mbeya,0.34384988195351707,2015,"{""type"":""MultiPoint"",""coordinates"":[]}"
3_000000000000000000da,United Republic of Tanzania,-3.8672673434856177,Mjini Magharibi,0.11349397996217114,2015,"{""type"":""MultiPoint"",""coordinates"":[]}"
3_000000000000000000db,United Republic of Tanzania,-3.0692424242424248,Morogoro,1.472161343752296,2015,"{""type"":""MultiPoint"",""coordinates"":[]}"
3_000000000000000000dc,United Republic of Tanzania,,Mtwara,,2015,"{""type"":""MultiPoint"",""coordinates"":[]}"
3_000000000000000000df,United Republic of Tanzania,-2.9464769321344457,Pwani,0.21310116246916375,2015,"{""type"":""MultiPoint"",""coordinates"":[]}"
3_000000000000000000e1,United Republic of Tanzania,-3.80993105182362,Ruvuma,0.3736445815655976,2015,"{""type"":""MultiPoint"",""coordinates"":[]}"
3_000000000000000000e4,United Republic of Tanzania,-0.7053005143687802,Singida,0.5760435168411786,2015,"{""type"":""MultiPoint"",""coordinates"":[]}"
3_000000000000000000e5,United Republic of Tanzania,-3.779721732694206,Tabora,1.4693880621062338,2015,"{""type"":""MultiPoint"",""coordinates"":[]}"
3_000000000000000000e6,United Republic of Tanzania,-2.24,Tanga,0.4697119047930054,2015,"{""type"":""MultiPoint"",""coordinates"":[]}"
4_000000000000000000c9,United Republic of Tanzania,2.9115696404569897,Arusha,0.9721143765581817,2016,"{""type"":""MultiPoint"",""coordinates"":[]}"
4_000000000000000000d7,United Republic of Tanzania,4.099729633897705,Manyara,0.6276359296327078,2016,"{""type"":""MultiPoint"",""coordinates"":[]}"
4_000000000000000000cc,United Republic of Tanzania,3.89431425018921,Geita,0.6877916122922081,2016,"{""type"":""MultiPoint"",""coordinates"":[]}"
4_000000000000000000cd,United Republic of Tanzania,1.8123346264796574,Iringa,1.4778034582529882,2016,"{""type"":""MultiPoint"",""coordinates"":[]}"
4_000000000000000000ce,United Republic of Tanzania,3.598151992510277,Kagera,1.2311011496189344,2016,"{""type"":""MultiPoint"",""coordinates"":[]}"
4_000000000000000000d1,United Republic of Tanzania,2.263333333333333,Katavi,1.497368988889809,2016,"{""type"":""MultiPoint"",""coordinates"":[]}"
4_000000000000000000dd,United Republic of Tanzania,5.133134072058063,Mwanza,0.14121351122604603,2016,"{""type"":""MultiPoint"",""coordinates"":[]}"
4_000000000000000000de,United Republic of Tanzania,-1.194020943175161,Njombe,1.2601746570237742,2016,"{""type"":""MultiPoint"",""coordinates"":[]}"
4_000000000000000000e0,United Republic of Tanzania,-0.7708333333333334,Rukwa,0.8589095961999985,2016,"{""type"":""MultiPoint"",""coordinates"":[]}"
4_000000000000000000e2,United Republic of Tanzania,4.538514418670238,Shinyanga,0.6473042236538501,2016,"{""type"":""MultiPoint"",""coordinates"":[]}"
4_000000000000000000e3,United Republic of Tanzania,5.456547434972338,Simiyu,0.15762714934842567,2016,"{""type"":""MultiPoint"",""coordinates"":[]}"
4_000000000000000000ca,United Republic of Tanzania,-2.205187340589862,Dar-es-salaam,0.12603835827681997,2016,"{""type"":""MultiPoint"",""coordinates"":[]}"
4_000000000000000000cb,United Republic of Tanzania,5.854415618448637,Dodoma,0.42539596659473083,2016,"{""type"":""MultiPoint"",""coordinates"":[]}"
4_000000000000000000cf,United Republic of Tanzania,-2.4416666666666664,Kaskazini Pemba,0.0,2016,"{""type"":""MultiPoint"",""coordinates"":[]}"
4_000000000000000000d0,United Republic of Tanzania,-2.833333333333333,Kaskazini Unguja,0.0,2016,"{""type"":""MultiPoint"",""coordinates"":[]}"
4_000000000000000000d2,United Republic of Tanzania,0.78856370046195,Kigoma,0.9485092432762579,2016,"{""type"":""MultiPoint"",""coordinates"":[]}"
4_000000000000000000d3,United Republic of Tanzania,1.3816031652348784,Kilimanjaro,0.6381510491685678,2016,"{""type"":""MultiPoint"",""coordinates"":[]}"
4_000000000000000000d4,United Republic of Tanzania,-2.4416666666666664,Kusini Pemba,0.0,2016,"{""type"":""MultiPoint"",""coordinates"":[]}"
4_000000000000000000d5,United Republic of Tanzania,-2.973374864572048,Kusini Unguja,0.028577380332447472,2016,"{""type"":""MultiPoint"",""coordinates"":[]}"
4_000000000000000000d6,United Republic of Tanzania,2.970833333333333,Lindi,0.8125,2016,"{""type"":""MultiPoint"",""coordinates"":[]}"
4_000000000000000000d8,United Republic of Tanzania,4.650025630106309,Mara,0.2645683688732372,2016,"{""type"":""MultiPoint"",""coordinates"":[]}"
4_000000000000000000d9,United Republic of Tanzania,-3.2299856821435884,Mbeya,0.38686018465219973,2016,"{""type"":""MultiPoint"",""coordinates"":[]}"
4_000000000000000000da,United Republic of Tanzania,-2.8905499153976315,Mjini Magharibi,0.05801832937280955,2016,"{""type"":""MultiPoint"",""coordinates"":[]}"
4_000000000000000000db,United Republic of Tanzania,-0.17727272727272733,Morogoro,1.1153887469994335,2016,"{""type"":""MultiPoint"",""coordinates"":[]}"
4_000000000000000000dc,United Republic of Tanzania,,Mtwara,,2016,"{""type"":""MultiPoint"",""coordinates"":[]}"
4_000000000000000000df,United Republic of Tanzania,-2.0792188503532434,Pwani,0.2543985241461822,2016,"{""type"":""MultiPoint"",""coordinates"":[]}"
4_000000000000000000e1,United Republic of Tanzania,-3.2141747392938433,Ruvuma,0.5896986047502952,2016,"{""type"":""MultiPoint"",""coordinates"":[]}"
4_000000000000000000e4,United Republic of Tanzania,4.984398412165941,Singida,0.3391514964858202,2016,"{""type"":""MultiPoint"",""coordinates"":[]}"
4_000000000000000000e5,United Republic of Tanzania,3.561336293998777,Tabora,0.6842455438552191,2016,"{""type"":""MultiPoint"",""coordinates"":[]}"
4_000000000000000000e6,United Republic of Tanzania,-1.1282051282051282,Tanga,0.6661980601580264,2016,"{""type"":""MultiPoint"",""coordinates"":[]}"
5_000000000000000000c9,United Republic of Tanzania,0.5265330981182796,Arusha,0.478007118728953,2017,"{""type"":""MultiPoint"",""coordinates"":[]}"
5_000000000000000000d7,United Republic of Tanzania,0.37015483260940224,Manyara,0.7234516562195352,2017,"{""type"":""MultiPoint"",""coordinates"":[]}"
5_000000000000000000cc,United Republic of Tanzania,-4.40651692074819,Geita,0.8938164764958662,2017,"{""type"":""MultiPoint"",""coordinates"":[]}"
5_000000000000000000cd,United Republic of Tanzania,-1.1479558340793794,Iringa,0.44322701208338217,2017,"{""type"":""MultiPoint"",""coordinates"":[]}"
5_000000000000000000ce,United Republic of Tanzania,-3.283405075914845,Kagera,2.4806481775550924,2017,"{""type"":""MultiPoint"",""coordinates"":[]}"
5_000000000000000000d1,United Republic of Tanzania,-6.1925,Katavi,0.927747047062581,2017,"{""type"":""MultiPoint"",""coordinates"":[]}"
5_000000000000000000dd,United Republic of Tanzania,-2.3428778944185242,Mwanza,0.8225272147876924,2017,"{""type"":""MultiPoint"",""coordinates"":[]}"
5_000000000000000000de,United Republic of Tanzania,-0.7596386203866432,Njombe,0.3470354376029818,2017,"{""type"":""MultiPoint"",""coordinates"":[]}"
5_000000000000000000e0,United Republic of Tanzania,-1.8624999999999998,Rukwa,0.4566446162559635,2017,"{""type"":""MultiPoint"",""coordinates"":[]}"
5_000000000000000000e2,United Republic of Tanzania,-3.5539260617170787,Shinyanga,0.7192724618591748,2017,"{""type"":""MultiPoint"",""coordinates"":[]}"
5_000000000000000000e3,United Republic of Tanzania,-1.0329545064082741,Simiyu,0.7445970802338407,2017,"{""type"":""MultiPoint"",""coordinates"":[]}"
5_000000000000000000ca,United Republic of Tanzania,-1.4826103746811796,Dar-es-salaam,0.13857425334982326,2017,"{""type"":""MultiPoint"",""coordinates"":[]}"
5_000000000000000000cb,United Republic of Tanzania,0.14603314989517815,Dodoma,0.8523814225487162,2017,"{""type"":""MultiPoint"",""coordinates"":[]}"
5_000000000000000000cf,United Republic of Tanzania,-1.2750000000000001,Kaskazini Pemba,0.0,2017,"{""type"":""MultiPoint"",""coordinates"":[]}"
5_000000000000000000d0,United Republic of Tanzania,-1.4583333333333335,Kaskazini Unguja,0.0,2017,"{""type"":""MultiPoint"",""coordinates"":[]}"
5_000000000000000000d2,United Republic of Tanzania,-6.614834062727936,Kigoma,0.8461187565072564,2017,"{""type"":""MultiPoint"",""coordinates"":[]}"
5_000000000000000000d3,United Republic of Tanzania,0.9318682099372637,Kilimanjaro,0.40696926136497014,2017,"{""type"":""MultiPoint"",""coordinates"":[]}"
5_000000000000000000d4,United Republic of Tanzania,-1.2750000000000001,Kusini Pemba,0.0,2017,"{""type"":""MultiPoint"",""coordinates"":[]}"
5_000000000000000000d5,United Republic of Tanzania,-1.4341097869266883,Kusini Unguja,0.008164965809238738,2017,"{""type"":""MultiPoint"",""coordinates"":[]}"
5_000000000000000000d6,United Republic of Tanzania,0.5041666666666667,Lindi,0.5375000000000001,2017,"{""type"":""MultiPoint"",""coordinates"":[]}"
5_000000000000000000d8,United Republic of Tanzania,1.0899589129680454,Mara,0.6877694259153782,2017,"{""type"":""MultiPoint"",""coordinates"":[]}"
5_000000000000000000d9,United Republic of Tanzania,-1.561809958864571,Mbeya,0.5163147696493156,2017,"{""type"":""MultiPoint"",""coordinates"":[]}"
5_000000000000000000da,United Republic of Tanzania,-1.4491116751269038,Mjini Magharibi,0.012499999999982473,2017,"{""type"":""MultiPoint"",""coordinates"":[]}"
5_000000000000000000db,United Republic of Tanzania,-1.4909090909090907,Morogoro,0.46569778406062023,2017,"{""type"":""MultiPoint"",""coordinates"":[]}"
5_000000000000000000dc,United Republic of Tanzania,,Mtwara,,2017,"{""type"":""MultiPoint"",""coordinates"":[]}"
5_000000000000000000df,United Republic of Tanzania,-1.5470522907300357,Pwani,0.1775081237688282,2017,"{""type"":""MultiPoint"",""coordinates"":[]}"
5_000000000000000000e1,United Republic of Tanzania,-0.6913609655391458,Ruvuma,0.4941104240057184,2017,"{""type"":""MultiPoint"",""coordinates"":[]}"
5_000000000000000000e4,United Republic of Tanzania,-1.8057586939505759,Singida,0.3834566025632921,2017,"{""type"":""MultiPoint"",""coordinates"":[]}"
5_000000000000000000e5,United Republic of Tanzania,-5.060922153296678,Tabora,0.987569020450243,2017,"{""type"":""MultiPoint"",""coordinates"":[]}"
5_000000000000000000e6,United Republic of Tanzania,-0.12307692307692306,Tanga,0.5558945382647539,2017,"{""type"":""MultiPoint"",""coordinates"":[]}"
6_000000000000000000c9,United Republic of Tanzania,3.2055478550627234,Arusha,0.33498030622045966,2018,"{""type"":""MultiPoint"",""coordinates"":[]}"
6_000000000000000000d7,United Republic of Tanzania,3.00810728954289,Manyara,0.24358256694335237,2018,"{""type"":""MultiPoint"",""coordinates"":[]}"
6_000000000000000000cc,United Republic of Tanzania,-4.583979349118823,Geita,1.3612896037481694,2018,"{""type"":""MultiPoint"",""coordinates"":[]}"
6_000000000000000000cd,United Republic of Tanzania,1.1643240823634737,Iringa,0.9935087290362385,2018,"{""type"":""MultiPoint"",""coordinates"":[]}"
6_000000000000000000ce,United Republic of Tanzania,-4.415066959742743,Kagera,2.555626322034155,2018,"{""type"":""MultiPoint"",""coordinates"":[]}"
6_000000000000000000d1,United Republic of Tanzania,-7.081666666666666,Katavi,1.0818053326628518,2018,"{""type"":""MultiPoint"",""coordinates"":[]}"
6_000000000000000000dd,United Republic of Tanzania,-1.5202441895628136,Mwanza,0.8521839329753296,2018,"{""type"":""MultiPoint"",""coordinates"":[]}"
6_000000000000000000de,United Republic of Tanzania,0.3269972905682484,Njombe,0.3231828237713046,2018,"{""type"":""MultiPoint"",""coordinates"":[]}"
6_000000000000000000e0,United Republic of Tanzania,-3.1791666666666667,Rukwa,0.9984797471934798,2018,"{""type"":""MultiPoint"",""coordinates"":[]}"
6_000000000000000000e2,United Republic of Tanzania,-3.055979576488284,Shinyanga,1.1491311045949562,2018,"{""type"":""MultiPoint"",""coordinates"":[]}"
6_000000000000000000e3,United Republic of Tanzania,1.5636901693983438,Simiyu,1.051095199154545,2018,"{""type"":""MultiPoint"",""coordinates"":[]}"
6_000000000000000000ca,United Republic of Tanzania,-0.028235801271688735,Dar-es-salaam,0.15695113581467635,2018,"{""type"":""MultiPoint"",""coordinates"":[]}"
6_000000000000000000cb,United Republic of Tanzania,3.6164635744234808,Dodoma,0.4691596769428551,2018,"{""type"":""MultiPoint"",""coordinates"":[]}"
6_000000000000000000cf,United Republic of Tanzania,0.975,Kaskazini Pemba,0.0,2018,"{""type"":""MultiPoint"",""coordinates"":[]}"
6_000000000000000000d0,United Republic of Tanzania,0.8916666666666667,Kaskazini Unguja,0.0,2018,"{""type"":""MultiPoint"",""coordinates"":[]}"
6_000000000000000000d2,United Republic of Tanzania,-8.04758995866764,Kigoma,1.0699016898062836,2018,"{""type"":""MultiPoint"",""coordinates"":[]}"
6_000000000000000000d3,United Republic of Tanzania,3.047648479681728,Kilimanjaro,0.2960271635303173,2018,"{""type"":""MultiPoint"",""coordinates"":[]}"
6_000000000000000000d4,United Republic of Tanzania,0.975,Kusini Pemba,0.0,2018,"{""type"":""MultiPoint"",""coordinates"":[]}"
6_000000000000000000d5,United Republic of Tanzania,0.7168472372697725,Kusini Unguja,0.09363047936792075,2018,"{""type"":""MultiPoint"",""coordinates"":[]}"
6_000000000000000000d6,United Republic of Tanzania,2.1125000000000003,Lindi,0.8041666666666667,2018,"{""type"":""MultiPoint"",""coordinates"":[]}"
6_000000000000000000d8,United Republic of Tanzania,3.799829264061073,Mara,1.540285163225272,2018,"{""type"":""MultiPoint"",""coordinates"":[]}"
6_000000000000000000d9,United Republic of Tanzania,-0.4619650689757052,Mbeya,0.42417803593873127,2018,"{""type"":""MultiPoint"",""coordinates"":[]}"
6_000000000000000000da,United Republic of Tanzania,0.7708291032148901,Mjini Magharibi,0.11553685746158585,2018,"{""type"":""MultiPoint"",""coordinates"":[]}"
6_000000000000000000db,United Republic of Tanzania,0.09848484848484845,Morogoro,0.6569059918235363,2018,"{""type"":""MultiPoint"",""coordinates"":[]}"
6_000000000000000000dc,United Republic of Tanzania,,Mtwara,,2018,"{""type"":""MultiPoint"",""coordinates"":[]}"
6_000000000000000000df,United Republic of Tanzania,0.0018719225005352288,Pwani,0.16770488286663174,2018,"{""type"":""MultiPoint"",""coordinates"":[]}"
6_000000000000000000e1,United Republic of Tanzania,0.4002435021968133,Ruvuma,0.4669760878960149,2018,"{""type"":""MultiPoint"",""coordinates"":[]}"
6_000000000000000000e4,United Republic of Tanzania,1.8791540869954155,Singida,0.30810246055537066,2018,"{""type"":""MultiPoint"",""coordinates"":[]}"
6_000000000000000000e5,United Republic of Tanzania,-3.8095170120776345,Tabora,1.8564624476161697,2018,"{""type"":""MultiPoint"",""coordinates"":[]}"
6_000000000000000000e6,United Republic of Tanzania,1.5608974358974357,Tanga,0.3680681928784537,2018,"{""type"":""MultiPoint"",""coordinates"":[]}"
7_000000000000000000c9,United Republic of Tanzania,-1.1021491375448027,Arusha,0.9368374844241786,2019,"{""type"":""MultiPoint"",""coordinates"":[]}"
7_000000000000000000d7,United Republic of Tanzania,-2.215735159412581,Manyara,0.8704546515526111,2019,"{""type"":""MultiPoint"",""coordinates"":[]}"
7_000000000000000000cc,United Republic of Tanzania,-7.943042491080117,Geita,0.8615525911730417,2019,"{""type"":""MultiPoint"",""coordinates"":[]}"
7_000000000000000000cd,United Republic of Tanzania,-2.6865661991445338,Iringa,0.947865224364778,2019,"{""type"":""MultiPoint"",""coordinates"":[]}"
7_000000000000000000ce,United Republic of Tanzania,-8.3671286685391,Kagera,1.1062665356413992,2019,"{""type"":""MultiPoint"",""coordinates"":[]}"
7_000000000000000000d1,United Republic of Tanzania,-8.388333333333334,Katavi,1.4046608922520125,2019,"{""type"":""MultiPoint"",""coordinates"":[]}"
7_000000000000000000dd,United Republic of Tanzania,-5.953633683255574,Mwanza,0.5880924489126801,2019,"{""type"":""MultiPoint"",""coordinates"":[]}"
7_000000000000000000de,United Republic of Tanzania,-2.134234036321031,Njombe,0.6224551143210352,2019,"{""type"":""MultiPoint"",""coordinates"":[]}"
7_000000000000000000e0,United Republic of Tanzania,-5.641666666666667,Rukwa,0.7888106377466163,2019,"{""type"":""MultiPoint"",""coordinates"":[]}"
7_000000000000000000e2,United Republic of Tanzania,-6.024552868457543,Shinyanga,0.8960471083039689,2019,"{""type"":""MultiPoint"",""coordinates"":[]}"
7_000000000000000000e3,United Republic of Tanzania,-4.5167096175651995,Simiyu,0.17716394273387148,2019,"{""type"":""MultiPoint"",""coordinates"":[]}"
7_000000000000000000ca,United Republic of Tanzania,-0.35361299709020366,Dar-es-salaam,0.15986194830562298,2019,"{""type"":""MultiPoint"",""coordinates"":[]}"
7_000000000000000000cb,United Republic of Tanzania,-2.134201388888889,Dodoma,0.6610264301508865,2019,"{""type"":""MultiPoint"",""coordinates"":[]}"
7_000000000000000000cf,United Republic of Tanzania,0.18333333333333332,Kaskazini Pemba,0.0,2019,"{""type"":""MultiPoint"",""coordinates"":[]}"
7_000000000000000000d0,United Republic of Tanzania,0.275,Kaskazini Unguja,0.0,2019,"{""type"":""MultiPoint"",""coordinates"":[]}"
7_000000000000000000d2,United Republic of Tanzania,-8.773042791150013,Kigoma,1.672282736058631,2019,"{""type"":""MultiPoint"",""coordinates"":[]}"
7_000000000000000000d3,United Republic of Tanzania,-0.3533029488272455,Kilimanjaro,0.8239312348907456,2019,"{""type"":""MultiPoint"",""coordinates"":[]}"
7_000000000000000000d4,United Republic of Tanzania,0.18333333333333332,Kusini Pemba,0.0,2019,"{""type"":""MultiPoint"",""coordinates"":[]}"
7_000000000000000000d5,United Republic of Tanzania,0.009507042253521114,Kusini Unguja,0.2411431110357499,2019,"{""type"":""MultiPoint"",""coordinates"":[]}"
7_000000000000000000d6,United Republic of Tanzania,-0.9333333333333333,Lindi,0.2749999999999997,2019,"{""type"":""MultiPoint"",""coordinates"":[]}"
7_000000000000000000d8,United Republic of Tanzania,-3.9973352575628542,Mara,0.48817564536169933,2019,"{""type"":""MultiPoint"",""coordinates"":[]}"
7_000000000000000000d9,United Republic of Tanzania,-2.1662825844867157,Mbeya,0.6058722891087535,2019,"{""type"":""MultiPoint"",""coordinates"":[]}"
7_000000000000000000da,United Republic of Tanzania,0.19186971235194586,Mjini Magharibi,0.18242620696504744,2019,"{""type"":""MultiPoint"",""coordinates"":[]}"
7_000000000000000000db,United Republic of Tanzania,-1.2757575757575759,Morogoro,1.2069320743685525,2019,"{""type"":""MultiPoint"",""coordinates"":[]}"
7_000000000000000000dc,United Republic of Tanzania,,Mtwara,,2019,"{""type"":""MultiPoint"",""coordinates"":[]}"
7_000000000000000000df,United Republic of Tanzania,-0.42492908370798527,Pwani,0.2088687189372581,2019,"{""type"":""MultiPoint"",""coordinates"":[]}"
7_000000000000000000e1,United Republic of Tanzania,-1.4336985866285537,Ruvuma,0.6626165306319071,2019,"{""type"":""MultiPoint"",""coordinates"":[]}"
7_000000000000000000e4,United Republic of Tanzania,-3.30190092810019,Singida,0.558766761010241,2019,"{""type"":""MultiPoint"",""coordinates"":[]}"
7_000000000000000000e5,United Republic of Tanzania,-6.83030981249119,Tabora,1.3219692694738026,2019,"{""type"":""MultiPoint"",""coordinates"":[]}"
7_000000000000000000e6,United Republic of Tanzania,-0.9621794871794874,Tanga,0.40074203854794865,2019,"{""type"":""MultiPoint"",""coordinates"":[]}"
8_000000000000000000c9,United Republic of Tanzania,3.512808719758064,Arusha,1.8383805808373854,2020,"{""type"":""MultiPoint"",""coordinates"":[]}"
8_000000000000000000d7,United Republic of Tanzania,6.303849836007445,Manyara,0.8339431645447059,2020,"{""type"":""MultiPoint"",""coordinates"":[]}"
8_000000000000000000cc,United Republic of Tanzania,-3.4873590388150073,Geita,0.7245991383404295,2020,"{""type"":""MultiPoint"",""coordinates"":[]}"
8_000000000000000000cd,United Republic of Tanzania,3.1313762061076305,Iringa,1.7525820126390874,2020,"{""type"":""MultiPoint"",""coordinates"":[]}"
8_000000000000000000ce,United Republic of Tanzania,-4.144888366507916,Kagera,0.4258336219636959,2020,"{""type"":""MultiPoint"",""coordinates"":[]}"
8_000000000000000000d1,United Republic of Tanzania,-1.4585833333333333,Katavi,2.577957391521435,2020,"{""type"":""MultiPoint"",""coordinates"":[]}"
8_000000000000000000dd,United Republic of Tanzania,-2.582401665370658,Mwanza,1.1696539846411764,2020,"{""type"":""MultiPoint"",""coordinates"":[]}"
8_000000000000000000de,United Republic of Tanzania,0.7650038444639717,Njombe,1.4815428010194958,2020,"{""type"":""MultiPoint"",""coordinates"":[]}"
8_000000000000000000e0,United Republic of Tanzania,1.2350000000000003,Rukwa,2.9157745659506062,2020,"{""type"":""MultiPoint"",""coordinates"":[]}"
8_000000000000000000e2,United Republic of Tanzania,-1.1072495828339093,Shinyanga,1.698558435999,2020,"{""type"":""MultiPoint"",""coordinates"":[]}"
8_000000000000000000e3,United Republic of Tanzania,1.934139779404185,Simiyu,1.2959274662746303,2020,"{""type"":""MultiPoint"",""coordinates"":[]}"
8_000000000000000000ca,United Republic of Tanzania,5.1901348026008565,Dar-es-salaam,0.11514166499938343,2020,"{""type"":""MultiPoint"",""coordinates"":[]}"
8_000000000000000000cb,United Republic of Tanzania,9.47646193658281,Dodoma,1.276139651944647,2020,"{""type"":""MultiPoint"",""coordinates"":[]}"
8_000000000000000000cf,United Republic of Tanzania,5.3533333333333335,Kaskazini Pemba,0.0,2020,"{""type"":""MultiPoint"",""coordinates"":[]}"
8_000000000000000000d0,United Republic of Tanzania,3.9908333333333332,Kaskazini Unguja,0.0,2020,"{""type"":""MultiPoint"",""coordinates"":[]}"
8_000000000000000000d2,United Republic of Tanzania,-4.749885424264527,Kigoma,0.5420068300029517,2020,"{""type"":""MultiPoint"",""coordinates"":[]}"
8_000000000000000000d3,United Republic of Tanzania,3.1498665486261395,Kilimanjaro,1.7866010150337723,2020,"{""type"":""MultiPoint"",""coordinates"":[]}"
8_000000000000000000d4,United Republic of Tanzania,5.3533333333333335,Kusini Pemba,0.0,2020,"{""type"":""MultiPoint"",""coordinates"":[]}"
8_000000000000000000d5,United Republic of Tanzania,4.60278891296497,Kusini Unguja,0.14973457998887194,2020,"{""type"":""MultiPoint"",""coordinates"":[]}"
8_000000000000000000d6,United Republic of Tanzania,2.07625,Lindi,2.04875,2020,"{""type"":""MultiPoint"",""coordinates"":[]}"
8_000000000000000000d8,United Republic of Tanzania,-0.3264200656130724,Mara,1.273336384952247,2020,"{""type"":""MultiPoint"",""coordinates"":[]}"
8_000000000000000000d9,United Republic of Tanzania,1.1903645371696097,Mbeya,1.182670717177889,2020,"{""type"":""MultiPoint"",""coordinates"":[]}"
8_000000000000000000da,United Republic of Tanzania,4.465863790186125,Mjini Magharibi,0.28588937605217596,2020,"{""type"":""MultiPoint"",""coordinates"":[]}"
8_000000000000000000db,United Republic of Tanzania,2.539772727272727,Morogoro,2.0829007760312424,2020,"{""type"":""MultiPoint"",""coordinates"":[]}"
8_000000000000000000dc,United Republic of Tanzania,,Mtwara,,2020,"{""type"":""MultiPoint"",""coordinates"":[]}"
8_000000000000000000df,United Republic of Tanzania,5.025719733461784,Pwani,0.22681027514949884,2020,"{""type"":""MultiPoint"",""coordinates"":[]}"
8_000000000000000000e1,United Republic of Tanzania,-0.6488808162617119,Ruvuma,0.42154649671049227,2020,"{""type"":""MultiPoint"",""coordinates"":[]}"
8_000000000000000000e4,United Republic of Tanzania,4.166646259644414,Singida,0.7043320705122871,2020,"{""type"":""MultiPoint"",""coordinates"":[]}"
8_000000000000000000e5,United Republic of Tanzania,-0.7490540556417125,Tabora,2.462199878547996,2020,"{""type"":""MultiPoint"",""coordinates"":[]}"
8_000000000000000000e6,United Republic of Tanzania,4.738333333333332,Tanga,0.5317596976721564,2020,"{""type"":""MultiPoint"",""coordinates"":[]}"
9_000000000000000000c9,United Republic of Tanzania,-0.2884481406810035,Arusha,1.8193359002058356,2021,"{""type"":""MultiPoint"",""coordinates"":[]}"
9_000000000000000000d7,United Republic of Tanzania,3.1071295393434393,Manyara,1.1539770033870893,2021,"{""type"":""MultiPoint"",""coordinates"":[]}"
9_000000000000000000cc,United Republic of Tanzania,-2.4981769650773056,Geita,1.198112496213594,2021,"{""type"":""MultiPoint"",""coordinates"":[]}"
9_000000000000000000cd,United Republic of Tanzania,3.152782254053516,Iringa,2.374280079453899,2021,"{""type"":""MultiPoint"",""coordinates"":[]}"
9_000000000000000000ce,United Republic of Tanzania,-2.7061011723043107,Kagera,0.6480619620841279,2021,"{""type"":""MultiPoint"",""coordinates"":[]}"
9_000000000000000000d1,United Republic of Tanzania,2.3926666666666665,Katavi,1.331609083026997,2021,"{""type"":""MultiPoint"",""coordinates"":[]}"
9_000000000000000000dd,United Republic of Tanzania,-1.8674995679972353,Mwanza,1.1446249420897276,2021,"{""type"":""MultiPoint"",""coordinates"":[]}"
9_000000000000000000de,United Republic of Tanzania,-0.477039579671939,Njombe,1.3649995405742557,2021,"{""type"":""MultiPoint"",""coordinates"":[]}"
9_000000000000000000e0,United Republic of Tanzania,2.9162500000000002,Rukwa,2.601789748583335,2021,"{""type"":""MultiPoint"",""coordinates"":[]}"
9_000000000000000000e2,United Republic of Tanzania,-0.0881135866882888,Shinyanga,0.6438477775801824,2021,"{""type"":""MultiPoint"",""coordinates"":[]}"
9_000000000000000000e3,United Republic of Tanzania,2.9561080472803494,Simiyu,2.028855610218169,2021,"{""type"":""MultiPoint"",""coordinates"":[]}"
9_000000000000000000ca,United Republic of Tanzania,1.124178251966807,Dar-es-salaam,0.15849098194139988,2021,"{""type"":""MultiPoint"",""coordinates"":[]}"
9_000000000000000000cb,United Republic of Tanzania,6.78613076519916,Dodoma,1.12783019993107,2021,"{""type"":""MultiPoint"",""coordinates"":[]}"
9_000000000000000000cf,United Republic of Tanzania,-0.8383333333333333,Kaskazini Pemba,0.0,2021,"{""type"":""MultiPoint"",""coordinates"":[]}"
9_000000000000000000d0,United Republic of Tanzania,-0.4683333333333334,Kaskazini Unguja,0.0,2021,"{""type"":""MultiPoint"",""coordinates"":[]}"
9_000000000000000000d2,United Republic of Tanzania,-1.1056877583272553,Kigoma,1.5862742245692827,2021,"{""type"":""MultiPoint"",""coordinates"":[]}"
9_000000000000000000d3,United Republic of Tanzania,-0.8614607515246901,Kilimanjaro,1.0883864099930949,2021,"{""type"":""MultiPoint"",""coordinates"":[]}"
9_000000000000000000d4,United Republic of Tanzania,-0.8383333333333333,Kusini Pemba,0.0,2021,"{""type"":""MultiPoint"",""coordinates"":[]}"
9_000000000000000000d5,United Republic of Tanzania,0.03316449981942938,Kusini Unguja,0.350244359142458,2021,"{""type"":""MultiPoint"",""coordinates"":[]}"
9_000000000000000000d6,United Republic of Tanzania,0.8608333333333333,Lindi,1.03,2021,"{""type"":""MultiPoint"",""coordinates"":[]}"
9_000000000000000000d8,United Republic of Tanzania,0.3793580249834389,Mara,0.9985326546036009,2021,"{""type"":""MultiPoint"",""coordinates"":[]}"
9_000000000000000000d9,United Republic of Tanzania,-0.13484727619826828,Mbeya,0.9904734662307207,2021,"{""type"":""MultiPoint"",""coordinates"":[]}"
9_000000000000000000da,United Republic of Tanzania,0.27846446700507616,Mjini Magharibi,0.3992347280179363,2021,"{""type"":""MultiPoint"",""coordinates"":[]}"
9_000000000000000000db,United Republic of Tanzania,-1.309242424242424,Morogoro,1.173363488256696,2021,"{""type"":""MultiPoint"",""coordinates"":[]}"
9_000000000000000000dc,United Republic of Tanzania,,Mtwara,,2021,"{""type"":""MultiPoint"",""coordinates"":[]}"
9_000000000000000000df,United Republic of Tanzania,0.8210206593877114,Pwani,0.4603407023732891,2021,"{""type"":""MultiPoint"",""coordinates"":[]}"
9_000000000000000000e1,United Republic of Tanzania,-1.3860270763855806,Ruvuma,1.0120899169540223,2021,"{""type"":""MultiPoint"",""coordinates"":[]}"
9_000000000000000000e4,United Republic of Tanzania,3.287111427932461,Singida,0.462632363441755,2021,"{""type"":""MultiPoint"",""coordinates"":[]}"
9_000000000000000000e5,United Republic of Tanzania,1.5229371093566426,Tabora,1.4688178058237629,2021,"{""type"":""MultiPoint"",""coordinates"":[]}"
9_000000000000000000e6,United Republic of Tanzania,-0.4988461538461539,Tanga,0.4405396285983238,2021,"{""type"":""MultiPoint"",""coordinates"":[]}"
10_000000000000000000c9,United Republic of Tanzania,-4.156606812836021,Arusha,0.8472504476901228,2022,"{""type"":""MultiPoint"",""coordinates"":[]}"
10_000000000000000000d7,United Republic of Tanzania,-2.0519655467895874,Manyara,0.8764540510980589,2022,"{""type"":""MultiPoint"",""coordinates"":[]}"
10_000000000000000000cc,United Republic of Tanzania,-6.3837004000432485,Geita,0.7269308098896784,2022,"{""type"":""MultiPoint"",""coordinates"":[]}"
10_000000000000000000cd,United Republic of Tanzania,-2.417990400875361,Iringa,2.147681606099735,2022,"{""type"":""MultiPoint"",""coordinates"":[]}"
10_000000000000000000ce,United Republic of Tanzania,-6.08357822485448,Kagera,0.5994784565588832,2022,"{""type"":""MultiPoint"",""coordinates"":[]}"
10_000000000000000000d1,United Republic of Tanzania,-3.9543333333333335,Katavi,1.0889848611334194,2022,"{""type"":""MultiPoint"",""coordinates"":[]}"
10_000000000000000000dd,United Republic of Tanzania,-5.550536061430793,Mwanza,0.6040573812605593,2022,"{""type"":""MultiPoint"",""coordinates"":[]}"
10_000000000000000000de,United Republic of Tanzania,-4.735391769185706,Njombe,0.3417387994482684,2022,"{""type"":""MultiPoint"",""coordinates"":[]}"
10_000000000000000000e0,United Republic of Tanzania,-3.888958333333333,Rukwa,0.874812951237451,2022,"{""type"":""MultiPoint"",""coordinates"":[]}"
10_000000000000000000e2,United Republic of Tanzania,-5.414384533126514,Shinyanga,0.41677276493014803,2022,"{""type"":""MultiPoint"",""coordinates"":[]}"
10_000000000000000000e3,United Republic of Tanzania,-4.114768580558705,Simiyu,0.5628716789753003,2022,"{""type"":""MultiPoint"",""coordinates"":[]}"
10_000000000000000000ca,United Republic of Tanzania,-3.3495423357402014,Dar-es-salaam,0.22341811648152515,2022,"{""type"":""MultiPoint"",""coordinates"":[]}"
10_000000000000000000cb,United Republic of Tanzania,0.8659309486373165,Dodoma,1.325880660048769,2022,"{""type"":""MultiPoint"",""coordinates"":[]}"
10_000000000000000000cf,United Republic of Tanzania,-3.984166666666667,Kaskazini Pemba,0.0,2022,"{""type"":""MultiPoint"",""coordinates"":[]}"
10_000000000000000000d0,United Republic of Tanzania,-4.373333333333333,Kaskazini Unguja,0.0,2022,"{""type"":""MultiPoint"",""coordinates"":[]}"
10_000000000000000000d2,United Republic of Tanzania,-4.812990517870169,Kigoma,1.3929653142774399,2022,"{""type"":""MultiPoint"",""coordinates"":[]}"
10_000000000000000000d3,United Republic of Tanzania,-4.647061392003847,Kilimanjaro,0.5607452029526676,2022,"{""type"":""MultiPoint"",""coordinates"":[]}"
10_000000000000000000d4,United Republic of Tanzania,-3.984166666666667,Kusini Pemba,0.0,2022,"{""type"":""MultiPoint"",""coordinates"":[]}"
10_000000000000000000d5,United Republic of Tanzania,-4.066254965691585,Kusini Unguja,0.052449446559879584,2022,"{""type"":""MultiPoint"",""coordinates"":[]}"
10_000000000000000000d6,United Republic of Tanzania,-1.3241666666666667,Lindi,0.41499999999999954,2022,"{""type"":""MultiPoint"",""coordinates"":[]}"
10_000000000000000000d8,United Republic of Tanzania,-3.3294057364121006,Mara,0.6738496086882151,2022,"{""type"":""MultiPoint"",""coordinates"":[]}"
10_000000000000000000d9,United Republic of Tanzania,-4.49981193609236,Mbeya,0.6605944904596334,2022,"{""type"":""MultiPoint"",""coordinates"":[]}"
10_000000000000000000da,United Republic of Tanzania,-4.087377326565144,Mjini Magharibi,0.12977782534242616,2022,"{""type"":""MultiPoint"",""coordinates"":[]}"
10_000000000000000000db,United Republic of Tanzania,-3.620378787878788,Morogoro,0.5655907079717504,2022,"{""type"":""MultiPoint"",""coordinates"":[]}"
10_000000000000000000dc,United Republic of Tanzania,,Mtwara,,2022,"{""type"":""MultiPoint"",""coordinates"":[]}"
10_000000000000000000df,United Republic of Tanzania,-3.390839889745236,Pwani,0.4955634757098519,2022,"{""type"":""MultiPoint"",""coordinates"":[]}"
10_000000000000000000e1,United Republic of Tanzania,-3.407984092954317,Ruvuma,0.48716309840179517,2022,"{""type"":""MultiPoint"",""coordinates"":[]}"
10_000000000000000000e4,United Republic of Tanzania,-2.350216370345522,Singida,0.3827549670170643,2022,"{""type"":""MultiPoint"",""coordinates"":[]}"
10_000000000000000000e5,United Republic of Tanzania,-4.423090840734995,Tabora,1.479086448672768,2022,"{""type"":""MultiPoint"",""coordinates"":[]}"
10_000000000000000000e6,United Republic of Tanzania,-5.59948717948718,Tanga,0.24464118554464453,2022,"{""type"":""MultiPoint"",""coordinates"":[]}"
11_000000000000000000c9,United Republic of Tanzania,-4.7229302475358415,Arusha,0.6667128933973115,2023,"{""type"":""MultiPoint"",""coordinates"":[]}"
11_000000000000000000d7,United Republic of Tanzania,-3.466927946695034,Manyara,1.4974648399279755,2023,"{""type"":""MultiPoint"",""coordinates"":[]}"
11_000000000000000000cc,United Republic of Tanzania,-2.5184015839550224,Geita,1.4135699813769975,2023,"{""type"":""MultiPoint"",""coordinates"":[]}"
11_000000000000000000cd,United Republic of Tanzania,-0.9546963592957326,Iringa,1.1717629534491882,2023,"{""type"":""MultiPoint"",""coordinates"":[]}"
11_000000000000000000ce,United Republic of Tanzania,-3.4327793381365246,Kagera,1.0967843238636057,2023,"{""type"":""MultiPoint"",""coordinates"":[]}"
11_000000000000000000d1,United Republic of Tanzania,0.7537499999999999,Katavi,0.9813061201219981,2023,"{""type"":""MultiPoint"",""coordinates"":[]}"
11_000000000000000000dd,United Republic of Tanzania,-2.7953078559702784,Mwanza,0.8284097502641283,2023,"{""type"":""MultiPoint"",""coordinates"":[]}"
11_000000000000000000de,United Republic of Tanzania,-2.926441124780317,Njombe,0.7180739045170861,2023,"{""type"":""MultiPoint"",""coordinates"":[]}"
11_000000000000000000e0,United Republic of Tanzania,-0.9370833333333334,Rukwa,1.5181492867779653,2023,"{""type"":""MultiPoint"",""coordinates"":[]}"
11_000000000000000000e2,United Republic of Tanzania,-1.9291701920139133,Shinyanga,0.6660118167060338,2023,"{""type"":""MultiPoint"",""coordinates"":[]}"
11_000000000000000000e3,United Republic of Tanzania,-0.8145948871250387,Simiyu,0.9552891023966086,2023,"{""type"":""MultiPoint"",""coordinates"":[]}"
11_000000000000000000ca,United Republic of Tanzania,-3.3640089628911167,Dar-es-salaam,0.24638086001051596,2023,"{""type"":""MultiPoint"",""coordinates"":[]}"
11_000000000000000000cb,United Republic of Tanzania,-0.011999475890985344,Dodoma,0.7673695972381445,2023,"{""type"":""MultiPoint"",""coordinates"":[]}"
11_000000000000000000cf,United Republic of Tanzania,-2.154166666666667,Kaskazini Pemba,0.0,2023,"{""type"":""MultiPoint"",""coordinates"":[]}"
11_000000000000000000d0,United Republic of Tanzania,-2.5041666666666664,Kaskazini Unguja,0.0,2023,"{""type"":""MultiPoint"",""coordinates"":[]}"
11_000000000000000000d2,United Republic of Tanzania,-1.7839068198395336,Kigoma,1.330412618689926,2023,"{""type"":""MultiPoint"",""coordinates"":[]}"
11_000000000000000000d3,United Republic of Tanzania,-4.718340273679148,Kilimanjaro,0.8102690132853556,2023,"{""type"":""MultiPoint"",""coordinates"":[]}"
11_000000000000000000d4,United Republic of Tanzania,-2.154166666666667,Kusini Pemba,0.0,2023,"{""type"":""MultiPoint"",""coordinates"":[]}"
11_000000000000000000d5,United Republic of Tanzania,-2.625170639219935,Kusini Unguja,0.08276237738919565,2023,"{""type"":""MultiPoint"",""coordinates"":[]}"
11_000000000000000000d6,United Republic of Tanzania,-2.799166666666667,Lindi,0.3249999999999998,2023,"{""type"":""MultiPoint"",""coordinates"":[]}"
11_000000000000000000d8,United Republic of Tanzania,-0.5071051780700926,Mara,0.7772330362856962,2023,"{""type"":""MultiPoint"",""coordinates"":[]}"
11_000000000000000000d9,United Republic of Tanzania,-2.6394681939046842,Mbeya,1.174879606716271,2023,"{""type"":""MultiPoint"",""coordinates"":[]}"
11_000000000000000000da,United Republic of Tanzania,-2.536983079526227,Mjini Magharibi,0.09771393512332009,2023,"{""type"":""MultiPoint"",""coordinates"":[]}"
11_000000000000000000db,United Republic of Tanzania,-3.5569696969696967,Morogoro,0.31551530576603765,2023,"{""type"":""MultiPoint"",""coordinates"":[]}"
11_000000000000000000dc,United Republic of Tanzania,,Mtwara,,2023,"{""type"":""MultiPoint"",""coordinates"":[]}"
11_000000000000000000df,United Republic of Tanzania,-3.6353184542924404,Pwani,0.327246396572735,2023,"{""type"":""MultiPoint"",""coordinates"":[]}"
11_000000000000000000e1,United Republic of Tanzania,-2.1117492456725424,Ruvuma,0.682073363600524,2023,"{""type"":""MultiPoint"",""coordinates"":[]}"
11_000000000000000000e4,United Republic of Tanzania,0.16799368220954947,Singida,0.6157193361637475,2023,"{""type"":""MultiPoint"",""coordinates"":[]}"
11_000000000000000000e5,United Republic of Tanzania,-0.9753754288265427,Tabora,1.0886129475530522,2023,"{""type"":""MultiPoint"",""coordinates"":[]}"
11_000000000000000000e6,United Republic of Tanzania,-5.027692307692309,Tanga,1.0551947279400327,2023,"{""type"":""MultiPoint"",""coordinates"":[]}"
12_000000000000000008b8,The former Yugoslav Republic of Macedonia,,Berovo,,2012,"{""type"":""MultiPoint"",""coordinates"":[]}"
12_000000000000000008b9,The former Yugoslav Republic of Macedonia,,Bitola,,2012,"{""type"":""MultiPoint"",""coordinates"":[]}"
12_000000000000000008ba,The former Yugoslav Republic of Macedonia,,Brod,,2012,"{""type"":""MultiPoint"",""coordinates"":[]}"
12_000000000000000008bb,The former Yugoslav Republic of Macedonia,,Debar,,2012,"{""type"":""MultiPoint"",""coordinates"":[]}"
12_000000000000000008bc,The former Yugoslav Republic of Macedonia,,Delcevo,,2012,"{""type"":""MultiPoint"",""coordinates"":[]}"
12_000000000000000008bd,The former Yugoslav Republic of Macedonia,,Demir Hisar,,2012,"{""type"":""MultiPoint"",""coordinates"":[]}"
12_000000000000000008be,The former Yugoslav Republic of Macedonia,,Gevgelija,,2012,"{""type"":""MultiPoint"",""coordinates"":[]}"
12_000000000000000008bf,The former Yugoslav Republic of Macedonia,-3.6875,Gostivar,0.0,2012,"{""type"":""MultiPoint"",""coordinates"":[]}"
12_000000000000000008c0,The former Yugoslav Republic of Macedonia,,Kavadarci,,2012,"{""type"":""MultiPoint"",""coordinates"":[]}"
12_000000000000000008c1,The former Yugoslav Republic of Macedonia,,Kicevo,,2012,"{""type"":""MultiPoint"",""coordinates"":[]}"
12_000000000000000008c2,The former Yugoslav Republic of Macedonia,,Kocani,,2012,"{""type"":""MultiPoint"",""coordinates"":[]}"
12_000000000000000008c3,The former Yugoslav Republic of Macedonia,,Kratovo,,2012,"{""type"":""MultiPoint"",""coordinates"":[]}"
12_000000000000000008c4,The former Yugoslav Republic of Macedonia,,Kriva Palanka,,2012,"{""type"":""MultiPoint"",""coordinates"":[]}"
12_000000000000000008c5,The former Yugoslav Republic of Macedonia,,Krusevo,,2012,"{""type"":""MultiPoint"",""coordinates"":[]}"
12_000000000000000008c6,The former Yugoslav Republic of Macedonia,,Kumanovo,,2012,"{""type"":""MultiPoint"",""coordinates"":[]}"
12_000000000000000008c7,The former Yugoslav Republic of Macedonia,,Negotino,,2012,"{""type"":""MultiPoint"",""coordinates"":[]}"
12_000000000000000008c8,The former Yugoslav Republic of Macedonia,-2.8918999999999997,Ohrid,0.001666666666871966,2012,"{""type"":""MultiPoint"",""coordinates"":[]}"
12_000000000000000008c9,The former Yugoslav Republic of Macedonia,,Prilep,,2012,"{""type"":""MultiPoint"",""coordinates"":[]}"
12_000000000000000008ca,The former Yugoslav Republic of Macedonia,,Probistip,,2012,"{""type"":""MultiPoint"",""coordinates"":[]}"
12_000000000000000008cb,The former Yugoslav Republic of Macedonia,,Radovic,,2012,"{""type"":""MultiPoint"",""coordinates"":[]}"
12_000000000000000008cc,The former Yugoslav Republic of Macedonia,,Resen,,2012,"{""type"":""MultiPoint"",""coordinates"":[]}"
12_000000000000000008cd,The former Yugoslav Republic of Macedonia,-3.725833333333333,Skopje,0.0,2012,"{""type"":""MultiPoint"",""coordinates"":[]}"
12_000000000000000008ce,The former Yugoslav Republic of Macedonia,,Stip,,2012,"{""type"":""MultiPoint"",""coordinates"":[]}"
12_000000000000000008cf,The former Yugoslav Republic of Macedonia,-2.894166666666667,Struga,0.0,2012,"{""type"":""MultiPoint"",""coordinates"":[]}"
12_000000000000000008d0,The former Yugoslav Republic of Macedonia,-2.8233333333333333,Strumica,0.0,2012,"{""type"":""MultiPoint"",""coordinates"":[]}"
12_000000000000000008d1,The former Yugoslav Republic of Macedonia,,Sveti Nikole,,2012,"{""type"":""MultiPoint"",""coordinates"":[]}"
12_000000000000000008d2,The former Yugoslav Republic of Macedonia,,Tetovo,,2012,"{""type"":""MultiPoint"",""coordinates"":[]}"
12_000000000000000008d3,The former Yugoslav Republic of Macedonia,,Valandovo,,2012,"{""type"":""MultiPoint"",""coordinates"":[]}"
12_000000000000000008d4,The former Yugoslav Republic of Macedonia,,Veles,,2012,"{""type"":""MultiPoint"",""coordinates"":[]}"
12_000000000000000008d5,The former Yugoslav Republic of Macedonia,,Vinica,,2012,"{""type"":""MultiPoint"",""coordinates"":[]}"
13_000000000000000008b8,The former Yugoslav Republic of Macedonia,,Berovo,,2013,"{""type"":""MultiPoint"",""coordinates"":[]}"
13_000000000000000008b9,The former Yugoslav Republic of Macedonia,,Bitola,,2013,"{""type"":""MultiPoint"",""coordinates"":[]}"
13_000000000000000008ba,The former Yugoslav Republic of Macedonia,,Brod,,2013,"{""type"":""MultiPoint"",""coordinates"":[]}"
13_000000000000000008bb,The former Yugoslav Republic of Macedonia,,Debar,,2013,"{""type"":""MultiPoint"",""coordinates"":[]}"
13_000000000000000008bc,The former Yugoslav Republic of Macedonia,,Delcevo,,2013,"{""type"":""MultiPoint"",""coordinates"":[]}"
13_000000000000000008bd,The former Yugoslav Republic of Macedonia,,Demir Hisar,,2013,"{""type"":""MultiPoint"",""coordinates"":[]}"
13_000000000000000008be,The former Yugoslav Republic of Macedonia,,Gevgelija,,2013,"{""type"":""MultiPoint"",""coordinates"":[]}"
13_000000000000000008bf,The former Yugoslav Republic of Macedonia,-1.3383333333333334,Gostivar,0.0,2013,"{""type"":""MultiPoint"",""coordinates"":[]}"
13_000000000000000008c0,The former Yugoslav Republic of Macedonia,,Kavadarci,,2013,"{""type"":""MultiPoint"",""coordinates"":[]}"
13_000000000000000008c1,The former Yugoslav Republic of Macedonia,,Kicevo,,2013,"{""type"":""MultiPoint"",""coordinates"":[]}"
13_000000000000000008c2,The former Yugoslav Republic of Macedonia,,Kocani,,2013,"{""type"":""MultiPoint"",""coordinates"":[]}"
13_000000000000000008c3,The former Yugoslav Republic of Macedonia,,Kratovo,,2013,"{""type"":""MultiPoint"",""coordinates"":[]}"
13_000000000000000008c4,The former Yugoslav Republic of Macedonia,,Kriva Palanka,,2013,"{""type"":""MultiPoint"",""coordinates"":[]}"
13_000000000000000008c5,The former Yugoslav Republic of Macedonia,,Krusevo,,2013,"{""type"":""MultiPoint"",""coordinates"":[]}"
13_000000000000000008c6,The former Yugoslav Republic of Macedonia,,Kumanovo,,2013,"{""type"":""MultiPoint"",""coordinates"":[]}"
13_000000000000000008c7,The former Yugoslav Republic of Macedonia,,Negotino,,2013,"{""type"":""MultiPoint"",""coordinates"":[]}"
13_000000000000000008c8,The former Yugoslav Republic of Macedonia,-1.2773666666666665,Ohrid,0.14083333333333328,2013,"{""type"":""MultiPoint"",""coordinates"":[]}"
13_000000000000000008c9,The former Yugoslav Republic of Macedonia,,Prilep,,2013,"{""type"":""MultiPoint"",""coordinates"":[]}"
13_000000000000000008ca,The former Yugoslav Republic of Macedonia,,Probistip,,2013,"{""type"":""MultiPoint"",""coordinates"":[]}"
13_000000000000000008cb,The former Yugoslav Republic of Macedonia,,Radovic,,2013,"{""type"":""MultiPoint"",""coordinates"":[]}"
13_000000000000000008cc,The former Yugoslav Republic of Macedonia,,Resen,,2013,"{""type"":""MultiPoint"",""coordinates"":[]}"
13_000000000000000008cd,The former Yugoslav Republic of Macedonia,-2.27,Skopje,0.0,2013,"{""type"":""MultiPoint"",""coordinates"":[]}"
13_000000000000000008ce,The former Yugoslav Republic of Macedonia,,Stip,,2013,"{""type"":""MultiPoint"",""coordinates"":[]}"
13_000000000000000008cf,The former Yugoslav Republic of Macedonia,-1.0858333333333332,Struga,0.0,2013,"{""type"":""MultiPoint"",""coordinates"":[]}"
13_000000000000000008d0,The former Yugoslav Republic of Macedonia,-2.7183333333333333,Strumica,0.0,2013,"{""type"":""MultiPoint"",""coordinates"":[]}"
13_000000000000000008d1,The former Yugoslav Republic of Macedonia,,Sveti Nikole,,2013,"{""type"":""MultiPoint"",""coordinates"":[]}"
13_000000000000000008d2,The former Yugoslav Republic of Macedonia,,Tetovo,,2013,"{""type"":""MultiPoint"",""coordinates"":[]}"
13_000000000000000008d3,The former Yugoslav Republic of Macedonia,,Valandovo,,2013,"{""type"":""MultiPoint"",""coordinates"":[]}"
13_000000000000000008d4,The former Yugoslav Republic of Macedonia,,Veles,,2013,"{""type"":""MultiPoint"",""coordinates"":[]}"
13_000000000000000008d5,The former Yugoslav Republic of Macedonia,,Vinica,,2013,"{""type"":""MultiPoint"",""coordinates"":[]}"
14_000000000000000008b8,The former Yugoslav Republic of Macedonia,,Berovo,,2014,"{""type"":""MultiPoint"",""coordinates"":[]}"
14_000000000000000008b9,The former Yugoslav Republic of Macedonia,,Bitola,,2014,"{""type"":""MultiPoint"",""coordinates"":[]}"
14_000000000000000008ba,The former Yugoslav Republic of Macedonia,,Brod,,2014,"{""type"":""MultiPoint"",""coordinates"":[]}"
14_000000000000000008bb,The former Yugoslav Republic of Macedonia,,Debar,,2014,"{""type"":""MultiPoint"",""coordinates"":[]}"
14_000000000000000008bc,The former Yugoslav Republic of Macedonia,,Delcevo,,2014,"{""type"":""MultiPoint"",""coordinates"":[]}"
14_000000000000000008bd,The former Yugoslav Republic of Macedonia,,Demir Hisar,,2014,"{""type"":""MultiPoint"",""coordinates"":[]}"
14_000000000000000008be,The former Yugoslav Republic of Macedonia,,Gevgelija,,2014,"{""type"":""MultiPoint"",""coordinates"":[]}"
14_000000000000000008bf,The former Yugoslav Republic of Macedonia,1.0408333333333333,Gostivar,0.0,2014,"{""type"":""MultiPoint"",""coordinates"":[]}"
14_000000000000000008c0,The former Yugoslav Republic of Macedonia,,Kavadarci,,2014,"{""type"":""MultiPoint"",""coordinates"":[]}"
14_000000000000000008c1,The former Yugoslav Republic of Macedonia,,Kicevo,,2014,"{""type"":""MultiPoint"",""coordinates"":[]}"
14_000000000000000008c2,The former Yugoslav Republic of Macedonia,,Kocani,,2014,"{""type"":""MultiPoint"",""coordinates"":[]}"
14_000000000000000008c3,The former Yugoslav Republic of Macedonia,,Kratovo,,2014,"{""type"":""MultiPoint"",""coordinates"":[]}"
14_000000000000000008c4,The former Yugoslav Republic of Macedonia,,Kriva Palanka,,2014,"{""type"":""MultiPoint"",""coordinates"":[]}"
14_000000000000000008c5,The former Yugoslav Republic of Macedonia,,Krusevo,,2014,"{""type"":""MultiPoint"",""coordinates"":[]}"
14_000000000000000008c6,The former Yugoslav Republic of Macedonia,,Kumanovo,,2014,"{""type"":""MultiPoint"",""coordinates"":[]}"
14_000000000000000008c7,The former Yugoslav Republic of Macedonia,,Negotino,,2014,"{""type"":""MultiPoint"",""coordinates"":[]}"
14_000000000000000008c8,The former Yugoslav Republic of Macedonia,1.0206333333333333,Ohrid,0.08041666666666596,2014,"{""type"":""MultiPoint"",""coordinates"":[]}"
14_000000000000000008c9,The former Yugoslav Republic of Macedonia,,Prilep,,2014,"{""type"":""MultiPoint"",""coordinates"":[]}"
14_000000000000000008ca,The former Yugoslav Republic of Macedonia,,Probistip,,2014,"{""type"":""MultiPoint"",""coordinates"":[]}"
14_000000000000000008cb,The former Yugoslav Republic of Macedonia,,Radovic,,2014,"{""type"":""MultiPoint"",""coordinates"":[]}"
14_000000000000000008cc,The former Yugoslav Republic of Macedonia,,Resen,,2014,"{""type"":""MultiPoint"",""coordinates"":[]}"
14_000000000000000008cd,The former Yugoslav Republic of Macedonia,-0.8141666666666667,Skopje,0.0,2014,"{""type"":""MultiPoint"",""coordinates"":[]}"
14_000000000000000008ce,The former Yugoslav Republic of Macedonia,,Stip,,2014,"{""type"":""MultiPoint"",""coordinates"":[]}"
14_000000000000000008cf,The former Yugoslav Republic of Macedonia,1.1300000000000001,Struga,0.0,2014,"{""type"":""MultiPoint"",""coordinates"":[]}"
14_000000000000000008d0,The former Yugoslav Republic of Macedonia,-0.995,Strumica,0.0,2014,"{""type"":""MultiPoint"",""coordinates"":[]}"
14_000000000000000008d1,The former Yugoslav Republic of Macedonia,,Sveti Nikole,,2014,"{""type"":""MultiPoint"",""coordinates"":[]}"
14_000000000000000008d2,The former Yugoslav Republic of Macedonia,,Tetovo,,2014,"{""type"":""MultiPoint"",""coordinates"":[]}"
14_000000000000000008d3,The former Yugoslav Republic of Macedonia,,Valandovo,,2014,"{""type"":""MultiPoint"",""coordinates"":[]}"
14_000000000000000008d4,The former Yugoslav Republic of Macedonia,,Veles,,2014,"{""type"":""MultiPoint"",""coordinates"":[]}"
14_000000000000000008d5,The former Yugoslav Republic of Macedonia,,Vinica,,2014,"{""type"":""MultiPoint"",""coordinates"":[]}"
15_000000000000000008b8,The former Yugoslav Republic of Macedonia,,Berovo,,2015,"{""type"":""MultiPoint"",""coordinates"":[]}"
15_000000000000000008b9,The former Yugoslav Republic of Macedonia,,Bitola,,2015,"{""type"":""MultiPoint"",""coordinates"":[]}"
15_000000000000000008ba,The former Yugoslav Republic of Macedonia,,Brod,,2015,"{""type"":""MultiPoint"",""coordinates"":[]}"
15_000000000000000008bb,The former Yugoslav Republic of Macedonia,,Debar,,2015,"{""type"":""MultiPoint"",""coordinates"":[]}"
15_000000000000000008bc,The former Yugoslav Republic of Macedonia,,Delcevo,,2015,"{""type"":""MultiPoint"",""coordinates"":[]}"
15_000000000000000008bd,The former Yugoslav Republic of Macedonia,,Demir Hisar,,2015,"{""type"":""MultiPoint"",""coordinates"":[]}"
15_000000000000000008be,The former Yugoslav Republic of Macedonia,,Gevgelija,,2015,"{""type"":""MultiPoint"",""coordinates"":[]}"
15_000000000000000008bf,The former Yugoslav Republic of Macedonia,1.71,Gostivar,0.0,2015,"{""type"":""MultiPoint"",""coordinates"":[]}"
15_000000000000000008c0,The former Yugoslav Republic of Macedonia,,Kavadarci,,2015,"{""type"":""MultiPoint"",""coordinates"":[]}"
15_000000000000000008c1,The former Yugoslav Republic of Macedonia,,Kicevo,,2015,"{""type"":""MultiPoint"",""coordinates"":[]}"
15_000000000000000008c2,The former Yugoslav Republic of Macedonia,,Kocani,,2015,"{""type"":""MultiPoint"",""coordinates"":[]}"
15_000000000000000008c3,The former Yugoslav Republic of Macedonia,,Kratovo,,2015,"{""type"":""MultiPoint"",""coordinates"":[]}"
15_000000000000000008c4,The former Yugoslav Republic of Macedonia,,Kriva Palanka,,2015,"{""type"":""MultiPoint"",""coordinates"":[]}"
15_000000000000000008c5,The former Yugoslav Republic of Macedonia,,Krusevo,,2015,"{""type"":""MultiPoint"",""coordinates"":[]}"
15_000000000000000008c6,The former Yugoslav Republic of Macedonia,,Kumanovo,,2015,"{""type"":""MultiPoint"",""coordinates"":[]}"
15_000000000000000008c7,The former Yugoslav Republic of Macedonia,,Negotino,,2015,"{""type"":""MultiPoint"",""coordinates"":[]}"
15_000000000000000008c8,The former Yugoslav Republic of Macedonia,2.8549999999999995,Ohrid,0.03125,2015,"{""type"":""MultiPoint"",""coordinates"":[]}"
15_000000000000000008c9,The former Yugoslav Republic of Macedonia,,Prilep,,2015,"{""type"":""MultiPoint"",""coordinates"":[]}"
15_000000000000000008ca,The former Yugoslav Republic of Macedonia,,Probistip,,2015,"{""type"":""MultiPoint"",""coordinates"":[]}"
15_000000000000000008cb,The former Yugoslav Republic of Macedonia,,Radovic,,2015,"{""type"":""MultiPoint"",""coordinates"":[]}"
15_000000000000000008cc,The former Yugoslav Republic of Macedonia,,Resen,,2015,"{""type"":""MultiPoint"",""coordinates"":[]}"
15_000000000000000008cd,The former Yugoslav Republic of Macedonia,1.7941666666666667,Skopje,0.0,2015,"{""type"":""MultiPoint"",""coordinates"":[]}"
15_000000000000000008ce,The former Yugoslav Republic of Macedonia,,Stip,,2015,"{""type"":""MultiPoint"",""coordinates"":[]}"
15_000000000000000008cf,The former Yugoslav Republic of Macedonia,2.8975,Struga,0.0,2015,"{""type"":""MultiPoint"",""coordinates"":[]}"
15_000000000000000008d0,The former Yugoslav Republic of Macedonia,4.685833333333333,Strumica,0.0,2015,"{""type"":""MultiPoint"",""coordinates"":[]}"
15_000000000000000008d1,The former Yugoslav Republic of Macedonia,,Sveti Nikole,,2015,"{""type"":""MultiPoint"",""coordinates"":[]}"
15_000000000000000008d2,The former Yugoslav Republic of Macedonia,,Tetovo,,2015,"{""type"":""MultiPoint"",""coordinates"":[]}"
15_000000000000000008d3,The former Yugoslav Republic of Macedonia,,Valandovo,,2015,"{""type"":""MultiPoint"",""coordinates"":[]}"
15_000000000000000008d4,The former Yugoslav Republic of Macedonia,,Veles,,2015,"{""type"":""MultiPoint"",""coordinates"":[]}"
15_000000000000000008d5,The former Yugoslav Republic of Macedonia,,Vinica,,2015,"{""type"":""MultiPoint"",""coordinates"":[]}"
16_000000000000000008b8,The former Yugoslav Republic of Macedonia,,Berovo,,2016,"{""type"":""MultiPoint"",""coordinates"":[]}"
16_000000000000000008b9,The former Yugoslav Republic of Macedonia,,Bitola,,2016,"{""type"":""MultiPoint"",""coordinates"":[]}"
16_000000000000000008ba,The former Yugoslav Republic of Macedonia,,Brod,,2016,"{""type"":""MultiPoint"",""coordinates"":[]}"
16_000000000000000008bb,The former Yugoslav Republic of Macedonia,,Debar,,2016,"{""type"":""MultiPoint"",""coordinates"":[]}"
16_000000000000000008bc,The former Yugoslav Republic of Macedonia,,Delcevo,,2016,"{""type"":""MultiPoint"",""coordinates"":[]}"
16_000000000000000008bd,The former Yugoslav Republic of Macedonia,,Demir Hisar,,2016,"{""type"":""MultiPoint"",""coordinates"":[]}"
16_000000000000000008be,The former Yugoslav Republic of Macedonia,,Gevgelija,,2016,"{""type"":""MultiPoint"",""coordinates"":[]}"
16_000000000000000008bf,The former Yugoslav Republic of Macedonia,2.1416666666666666,Gostivar,0.0,2016,"{""type"":""MultiPoint"",""coordinates"":[]}"
16_000000000000000008c0,The former Yugoslav Republic of Macedonia,,Kavadarci,,2016,"{""type"":""MultiPoint"",""coordinates"":[]}"
16_000000000000000008c1,The former Yugoslav Republic of Macedonia,,Kicevo,,2016,"{""type"":""MultiPoint"",""coordinates"":[]}"
16_000000000000000008c2,The former Yugoslav Republic of Macedonia,,Kocani,,2016,"{""type"":""MultiPoint"",""coordinates"":[]}"
16_000000000000000008c3,The former Yugoslav Republic of Macedonia,,Kratovo,,2016,"{""type"":""MultiPoint"",""coordinates"":[]}"
16_000000000000000008c4,The former Yugoslav Republic of Macedonia,,Kriva Palanka,,2016,"{""type"":""MultiPoint"",""coordinates"":[]}"
16_000000000000000008c5,The former Yugoslav Republic of Macedonia,,Krusevo,,2016,"{""type"":""MultiPoint"",""coordinates"":[]}"
16_000000000000000008c6,The former Yugoslav Republic of Macedonia,,Kumanovo,,2016,"{""type"":""MultiPoint"",""coordinates"":[]}"
16_000000000000000008c7,The former Yugoslav Republic of Macedonia,,Negotino,,2016,"{""type"":""MultiPoint"",""coordinates"":[]}"
16_000000000000000008c8,The former Yugoslav Republic of Macedonia,2.565,Ohrid,0.0625000000000071,2016,"{""type"":""MultiPoint"",""coordinates"":[]}"
16_000000000000000008c9,The former Yugoslav Republic of Macedonia,,Prilep,,2016,"{""type"":""MultiPoint"",""coordinates"":[]}"
16_000000000000000008ca,The former Yugoslav Republic of Macedonia,,Probistip,,2016,"{""type"":""MultiPoint"",""coordinates"":[]}"
16_000000000000000008cb,The former Yugoslav Republic of Macedonia,,Radovic,,2016,"{""type"":""MultiPoint"",""coordinates"":[]}"
16_000000000000000008cc,The former Yugoslav Republic of Macedonia,,Resen,,2016,"{""type"":""MultiPoint"",""coordinates"":[]}"
16_000000000000000008cd,The former Yugoslav Republic of Macedonia,1.375,Skopje,0.0,2016,"{""type"":""MultiPoint"",""coordinates"":[]}"
16_000000000000000008ce,The former Yugoslav Republic of Macedonia,,Stip,,2016,"{""type"":""MultiPoint"",""coordinates"":[]}"
16_000000000000000008cf,The former Yugoslav Republic of Macedonia,2.65,Struga,0.0,2016,"{""type"":""MultiPoint"",""coordinates"":[]}"
16_000000000000000008d0,The former Yugoslav Republic of Macedonia,3.033333333333333,Strumica,0.0,2016,"{""type"":""MultiPoint"",""coordinates"":[]}"
16_000000000000000008d1,The former Yugoslav Republic of Macedonia,,Sveti Nikole,,2016,"{""type"":""MultiPoint"",""coordinates"":[]}"
16_000000000000000008d2,The former Yugoslav Republic of Macedonia,,Tetovo,,2016,"{""type"":""MultiPoint"",""coordinates"":[]}"
16_000000000000000008d3,The former Yugoslav Republic of Macedonia,,Valandovo,,2016,"{""type"":""MultiPoint"",""coordinates"":[]}"
16_000000000000000008d4,The former Yugoslav Republic of Macedonia,,Veles,,2016,"{""type"":""MultiPoint"",""coordinates"":[]}"
16_000000000000000008d5,The former Yugoslav Republic of Macedonia,,Vinica,,2016,"{""type"":""MultiPoint"",""coordinates"":[]}"
17_000000000000000008b8,The former Yugoslav Republic of Macedonia,,Berovo,,2017,"{""type"":""MultiPoint"",""coordinates"":[]}"
17_000000000000000008b9,The former Yugoslav Republic of Macedonia,,Bitola,,2017,"{""type"":""MultiPoint"",""coordinates"":[]}"
17_000000000000000008ba,The former Yugoslav Republic of Macedonia,,Brod,,2017,"{""type"":""MultiPoint"",""coordinates"":[]}"
17_000000000000000008bb,The former Yugoslav Republic of Macedonia,,Debar,,2017,"{""type"":""MultiPoint"",""coordinates"":[]}"
17_000000000000000008bc,The former Yugoslav Republic of Macedonia,,Delcevo,,2017,"{""type"":""MultiPoint"",""coordinates"":[]}"
17_000000000000000008bd,The former Yugoslav Republic of Macedonia,,Demir Hisar,,2017,"{""type"":""MultiPoint"",""coordinates"":[]}"
17_000000000000000008be,The former Yugoslav Republic of Macedonia,,Gevgelija,,2017,"{""type"":""MultiPoint"",""coordinates"":[]}"
17_000000000000000008bf,The former Yugoslav Republic of Macedonia,-1.725,Gostivar,0.0,2017,"{""type"":""MultiPoint"",""coordinates"":[]}"
17_000000000000000008c0,The former Yugoslav Republic of Macedonia,,Kavadarci,,2017,"{""type"":""MultiPoint"",""coordinates"":[]}"
17_000000000000000008c1,The former Yugoslav Republic of Macedonia,,Kicevo,,2017,"{""type"":""MultiPoint"",""coordinates"":[]}"
17_000000000000000008c2,The former Yugoslav Republic of Macedonia,,Kocani,,2017,"{""type"":""MultiPoint"",""coordinates"":[]}"
17_000000000000000008c3,The former Yugoslav Republic of Macedonia,,Kratovo,,2017,"{""type"":""MultiPoint"",""coordinates"":[]}"
17_000000000000000008c4,The former Yugoslav Republic of Macedonia,,Kriva Palanka,,2017,"{""type"":""MultiPoint"",""coordinates"":[]}"
17_000000000000000008c5,The former Yugoslav Republic of Macedonia,,Krusevo,,2017,"{""type"":""MultiPoint"",""coordinates"":[]}"
17_000000000000000008c6,The former Yugoslav Republic of Macedonia,,Kumanovo,,2017,"{""type"":""MultiPoint"",""coordinates"":[]}"
17_000000000000000008c7,The former Yugoslav Republic of Macedonia,,Negotino,,2017,"{""type"":""MultiPoint"",""coordinates"":[]}"
17_000000000000000008c8,The former Yugoslav Republic of Macedonia,-1.2343333333333333,Ohrid,0.03750000000000367,2017,"{""type"":""MultiPoint"",""coordinates"":[]}"
17_000000000000000008c9,The former Yugoslav Republic of Macedonia,,Prilep,,2017,"{""type"":""MultiPoint"",""coordinates"":[]}"
17_000000000000000008ca,The former Yugoslav Republic of Macedonia,,Probistip,,2017,"{""type"":""MultiPoint"",""coordinates"":[]}"
17_000000000000000008cb,The former Yugoslav Republic of Macedonia,,Radovic,,2017,"{""type"":""MultiPoint"",""coordinates"":[]}"
17_000000000000000008cc,The former Yugoslav Republic of Macedonia,,Resen,,2017,"{""type"":""MultiPoint"",""coordinates"":[]}"
17_000000000000000008cd,The former Yugoslav Republic of Macedonia,-2.6166666666666667,Skopje,0.0,2017,"{""type"":""MultiPoint"",""coordinates"":[]}"
17_000000000000000008ce,The former Yugoslav Republic of Macedonia,,Stip,,2017,"{""type"":""MultiPoint"",""coordinates"":[]}"
17_000000000000000008cf,The former Yugoslav Republic of Macedonia,-1.1833333333333333,Struga,0.0,2017,"{""type"":""MultiPoint"",""coordinates"":[]}"
17_000000000000000008d0,The former Yugoslav Republic of Macedonia,-1.1666666666666667,Strumica,0.0,2017,"{""type"":""MultiPoint"",""coordinates"":[]}"
17_000000000000000008d1,The former Yugoslav Republic of Macedonia,,Sveti Nikole,,2017,"{""type"":""MultiPoint"",""coordinates"":[]}"
17_000000000000000008d2,The former Yugoslav Republic of Macedonia,,Tetovo,,2017,"{""type"":""MultiPoint"",""coordinates"":[]}"
17_000000000000000008d3,The former Yugoslav Republic of Macedonia,,Valandovo,,2017,"{""type"":""MultiPoint"",""coordinates"":[]}"
17_000000000000000008d4,The former Yugoslav Republic of Macedonia,,Veles,,2017,"{""type"":""MultiPoint"",""coordinates"":[]}"
17_000000000000000008d5,The former Yugoslav Republic of Macedonia,,Vinica,,2017,"{""type"":""MultiPoint"",""coordinates"":[]}"
18_000000000000000008b8,The former Yugoslav Republic of Macedonia,,Berovo,,2018,"{""type"":""MultiPoint"",""coordinates"":[]}"
18_000000000000000008b9,The former Yugoslav Republic of Macedonia,,Bitola,,2018,"{""type"":""MultiPoint"",""coordinates"":[]}"
18_000000000000000008ba,The former Yugoslav Republic of Macedonia,,Brod,,2018,"{""type"":""MultiPoint"",""coordinates"":[]}"
18_000000000000000008bb,The former Yugoslav Republic of Macedonia,,Debar,,2018,"{""type"":""MultiPoint"",""coordinates"":[]}"
18_000000000000000008bc,The former Yugoslav Republic of Macedonia,,Delcevo,,2018,"{""type"":""MultiPoint"",""coordinates"":[]}"
18_000000000000000008bd,The former Yugoslav Republic of Macedonia,,Demir Hisar,,2018,"{""type"":""MultiPoint"",""coordinates"":[]}"
18_000000000000000008be,The former Yugoslav Republic of Macedonia,,Gevgelija,,2018,"{""type"":""MultiPoint"",""coordinates"":[]}"
18_000000000000000008bf,The former Yugoslav Republic of Macedonia,-1.25,Gostivar,0.0,2018,"{""type"":""MultiPoint"",""coordinates"":[]}"
18_000000000000000008c0,The former Yugoslav Republic of Macedonia,,Kavadarci,,2018,"{""type"":""MultiPoint"",""coordinates"":[]}"
18_000000000000000008c1,The former Yugoslav Republic of Macedonia,,Kicevo,,2018,"{""type"":""MultiPoint"",""coordinates"":[]}"
18_000000000000000008c2,The former Yugoslav Republic of Macedonia,,Kocani,,2018,"{""type"":""MultiPoint"",""coordinates"":[]}"
18_000000000000000008c3,The former Yugoslav Republic of Macedonia,,Kratovo,,2018,"{""type"":""MultiPoint"",""coordinates"":[]}"
18_000000000000000008c4,The former Yugoslav Republic of Macedonia,,Kriva Palanka,,2018,"{""type"":""MultiPoint"",""coordinates"":[]}"
18_000000000000000008c5,The former Yugoslav Republic of Macedonia,,Krusevo,,2018,"{""type"":""MultiPoint"",""coordinates"":[]}"
18_000000000000000008c6,The former Yugoslav Republic of Macedonia,,Kumanovo,,2018,"{""type"":""MultiPoint"",""coordinates"":[]}"
18_000000000000000008c7,The former Yugoslav Republic of Macedonia,,Negotino,,2018,"{""type"":""MultiPoint"",""coordinates"":[]}"
18_000000000000000008c8,The former Yugoslav Republic of Macedonia,-0.669,Ohrid,0.08750000000000017,2018,"{""type"":""MultiPoint"",""coordinates"":[]}"
18_000000000000000008c9,The former Yugoslav Republic of Macedonia,,Prilep,,2018,"{""type"":""MultiPoint"",""coordinates"":[]}"
18_000000000000000008ca,The former Yugoslav Republic of Macedonia,,Probistip,,2018,"{""type"":""MultiPoint"",""coordinates"":[]}"
18_000000000000000008cb,The former Yugoslav Republic of Macedonia,,Radovic,,2018,"{""type"":""MultiPoint"",""coordinates"":[]}"
18_000000000000000008cc,The former Yugoslav Republic of Macedonia,,Resen,,2018,"{""type"":""MultiPoint"",""coordinates"":[]}"
18_000000000000000008cd,The former Yugoslav Republic of Macedonia,-0.43333333333333335,Skopje,0.0,2018,"{""type"":""MultiPoint"",""coordinates"":[]}"
18_000000000000000008ce,The former Yugoslav Republic of Macedonia,,Stip,,2018,"{""type"":""MultiPoint"",""coordinates"":[]}"
18_000000000000000008cf,The former Yugoslav Republic of Macedonia,-0.55,Struga,0.0,2018,"{""type"":""MultiPoint"",""coordinates"":[]}"
18_000000000000000008d0,The former Yugoslav Republic of Macedonia,1.125,Strumica,0.0,2018,"{""type"":""MultiPoint"",""coordinates"":[]}"
18_000000000000000008d1,The former Yugoslav Republic of Macedonia,,Sveti Nikole,,2018,"{""type"":""MultiPoint"",""coordinates"":[]}"
18_000000000000000008d2,The former Yugoslav Republic of Macedonia,,Tetovo,,2018,"{""type"":""MultiPoint"",""coordinates"":[]}"
18_000000000000000008d3,The former Yugoslav Republic of Macedonia,,Valandovo,,2018,"{""type"":""MultiPoint"",""coordinates"":[]}"
18_000000000000000008d4,The former Yugoslav Republic of Macedonia,,Veles,,2018,"{""type"":""MultiPoint"",""coordinates"":[]}"
18_000000000000000008d5,The former Yugoslav Republic of Macedonia,,Vinica,,2018,"{""type"":""MultiPoint"",""coordinates"":[]}"
19_000000000000000008b8,The former Yugoslav Republic of Macedonia,,Berovo,,2019,"{""type"":""MultiPoint"",""coordinates"":[]}"
19_000000000000000008b9,The former Yugoslav Republic of Macedonia,,Bitola,,2019,"{""type"":""MultiPoint"",""coordinates"":[]}"
19_000000000000000008ba,The former Yugoslav Republic of Macedonia,,Brod,,2019,"{""type"":""MultiPoint"",""coordinates"":[]}"
19_000000000000000008bb,The former Yugoslav Republic of Macedonia,,Debar,,2019,"{""type"":""MultiPoint"",""coordinates"":[]}"
19_000000000000000008bc,The former Yugoslav Republic of Macedonia,,Delcevo,,2019,"{""type"":""MultiPoint"",""coordinates"":[]}"
19_000000000000000008bd,The former Yugoslav Republic of Macedonia,,Demir Hisar,,2019,"{""type"":""MultiPoint"",""coordinates"":[]}"
19_000000000000000008be,The former Yugoslav Republic of Macedonia,,Gevgelija,,2019,"{""type"":""MultiPoint"",""coordinates"":[]}"
19_000000000000000008bf,The former Yugoslav Republic of Macedonia,-3.75,Gostivar,0.0,2019,"{""type"":""MultiPoint"",""coordinates"":[]}"
19_000000000000000008c0,The former Yugoslav Republic of Macedonia,,Kavadarci,,2019,"{""type"":""MultiPoint"",""coordinates"":[]}"
19_000000000000000008c1,The former Yugoslav Republic of Macedonia,,Kicevo,,2019,"{""type"":""MultiPoint"",""coordinates"":[]}"
19_000000000000000008c2,The former Yugoslav Republic of Macedonia,,Kocani,,2019,"{""type"":""MultiPoint"",""coordinates"":[]}"
19_000000000000000008c3,The former Yugoslav Republic of Macedonia,,Kratovo,,2019,"{""type"":""MultiPoint"",""coordinates"":[]}"
19_000000000000000008c4,The former Yugoslav Republic of Macedonia,,Kriva Palanka,,2019,"{""type"":""MultiPoint"",""coordinates"":[]}"
19_000000000000000008c5,The former Yugoslav Republic of Macedonia,,Krusevo,,2019,"{""type"":""MultiPoint"",""coordinates"":[]}"
19_000000000000000008c6,The former Yugoslav Republic of Macedonia,,Kumanovo,,2019,"{""type"":""MultiPoint"",""coordinates"":[]}"
19_000000000000000008c7,The former Yugoslav Republic of Macedonia,,Negotino,,2019,"{""type"":""MultiPoint"",""coordinates"":[]}"
19_000000000000000008c8,The former Yugoslav Republic of Macedonia,-3.2043333333333335,Ohrid,0.05833333333333218,2019,"{""type"":""MultiPoint"",""coordinates"":[]}"
19_000000000000000008c9,The former Yugoslav Republic of Macedonia,,Prilep,,2019,"{""type"":""MultiPoint"",""coordinates"":[]}"
19_000000000000000008ca,The former Yugoslav Republic of Macedonia,,Probistip,,2019,"{""type"":""MultiPoint"",""coordinates"":[]}"
19_000000000000000008cb,The former Yugoslav Republic of Macedonia,,Radovic,,2019,"{""type"":""MultiPoint"",""coordinates"":[]}"
19_000000000000000008cc,The former Yugoslav Republic of Macedonia,,Resen,,2019,"{""type"":""MultiPoint"",""coordinates"":[]}"
19_000000000000000008cd,The former Yugoslav Republic of Macedonia,-4.066666666666667,Skopje,0.0,2019,"{""type"":""MultiPoint"",""coordinates"":[]}"
19_000000000000000008ce,The former Yugoslav Republic of Macedonia,,Stip,,2019,"{""type"":""MultiPoint"",""coordinates"":[]}"
19_000000000000000008cf,The former Yugoslav Republic of Macedonia,-3.125,Struga,0.0,2019,"{""type"":""MultiPoint"",""coordinates"":[]}"
19_000000000000000008d0,The former Yugoslav Republic of Macedonia,-2.933333333333333,Strumica,0.0,2019,"{""type"":""MultiPoint"",""coordinates"":[]}"
19_000000000000000008d1,The former Yugoslav Republic of Macedonia,,Sveti Nikole,,2019,"{""type"":""MultiPoint"",""coordinates"":[]}"
19_000000000000000008d2,The former Yugoslav Republic of Macedonia,,Tetovo,,2019,"{""type"":""MultiPoint"",""coordinates"":[]}"
19_000000000000000008d3,The former Yugoslav Republic of Macedonia,,Valandovo,,2019,"{""type"":""MultiPoint"",""coordinates"":[]}"
19_000000000000000008d4,The former Yugoslav Republic of Macedonia,,Veles,,2019,"{""type"":""MultiPoint"",""coordinates"":[]}"
19_000000000000000008d5,The former Yugoslav Republic of Macedonia,,Vinica,,2019,"{""type"":""MultiPoint"",""coordinates"":[]}"
20_000000000000000008b8,The former Yugoslav Republic of Macedonia,,Berovo,,2020,"{""type"":""MultiPoint"",""coordinates"":[]}"
20_000000000000000008b9,The former Yugoslav Republic of Macedonia,,Bitola,,2020,"{""type"":""MultiPoint"",""coordinates"":[]}"
20_000000000000000008ba,The former Yugoslav Republic of Macedonia,,Brod,,2020,"{""type"":""MultiPoint"",""coordinates"":[]}"
20_000000000000000008bb,The former Yugoslav Republic of Macedonia,,Debar,,2020,"{""type"":""MultiPoint"",""coordinates"":[]}"
20_000000000000000008bc,The former Yugoslav Republic of Macedonia,,Delcevo,,2020,"{""type"":""MultiPoint"",""coordinates"":[]}"
20_000000000000000008bd,The former Yugoslav Republic of Macedonia,,Demir Hisar,,2020,"{""type"":""MultiPoint"",""coordinates"":[]}"
20_000000000000000008be,The former Yugoslav Republic of Macedonia,,Gevgelija,,2020,"{""type"":""MultiPoint"",""coordinates"":[]}"
20_000000000000000008bf,The former Yugoslav Republic of Macedonia,-3.14,Gostivar,0.0,2020,"{""type"":""MultiPoint"",""coordinates"":[]}"
20_000000000000000008c0,The former Yugoslav Republic of Macedonia,,Kavadarci,,2020,"{""type"":""MultiPoint"",""coordinates"":[]}"
20_000000000000000008c1,The former Yugoslav Republic of Macedonia,,Kicevo,,2020,"{""type"":""MultiPoint"",""coordinates"":[]}"
20_000000000000000008c2,The former Yugoslav Republic of Macedonia,,Kocani,,2020,"{""type"":""MultiPoint"",""coordinates"":[]}"
20_000000000000000008c3,The former Yugoslav Republic of Macedonia,,Kratovo,,2020,"{""type"":""MultiPoint"",""coordinates"":[]}"
20_000000000000000008c4,The former Yugoslav Republic of Macedonia,,Kriva Palanka,,2020,"{""type"":""MultiPoint"",""coordinates"":[]}"
20_000000000000000008c5,The former Yugoslav Republic of Macedonia,,Krusevo,,2020,"{""type"":""MultiPoint"",""coordinates"":[]}"
20_000000000000000008c6,The former Yugoslav Republic of Macedonia,,Kumanovo,,2020,"{""type"":""MultiPoint"",""coordinates"":[]}"
20_000000000000000008c7,The former Yugoslav Republic of Macedonia,,Negotino,,2020,"{""type"":""MultiPoint"",""coordinates"":[]}"
20_000000000000000008c8,The former Yugoslav Republic of Macedonia,-2.8806666666666665,Ohrid,0.10833333333333053,2020,"{""type"":""MultiPoint"",""coordinates"":[]}"
20_000000000000000008c9,The former Yugoslav Republic of Macedonia,,Prilep,,2020,"{""type"":""MultiPoint"",""coordinates"":[]}"
20_000000000000000008ca,The former Yugoslav Republic of Macedonia,,Probistip,,2020,"{""type"":""MultiPoint"",""coordinates"":[]}"
20_000000000000000008cb,The former Yugoslav Republic of Macedonia,,Radovic,,2020,"{""type"":""MultiPoint"",""coordinates"":[]}"
20_000000000000000008cc,The former Yugoslav Republic of Macedonia,,Resen,,2020,"{""type"":""MultiPoint"",""coordinates"":[]}"
20_000000000000000008cd,The former Yugoslav Republic of Macedonia,-3.910833333333333,Skopje,0.0,2020,"{""type"":""MultiPoint"",""coordinates"":[]}"
20_000000000000000008ce,The former Yugoslav Republic of Macedonia,,Stip,,2020,"{""type"":""MultiPoint"",""coordinates"":[]}"
20_000000000000000008cf,The former Yugoslav Republic of Macedonia,-2.7333333333333334,Struga,0.0,2020,"{""type"":""MultiPoint"",""coordinates"":[]}"
20_000000000000000008d0,The former Yugoslav Republic of Macedonia,-2.845833333333333,Strumica,0.0,2020,"{""type"":""MultiPoint"",""coordinates"":[]}"
20_000000000000000008d1,The former Yugoslav Republic of Macedonia,,Sveti Nikole,,2020,"{""type"":""MultiPoint"",""coordinates"":[]}"
20_000000000000000008d2,The former Yugoslav Republic of Macedonia,,Tetovo,,2020,"{""type"":""MultiPoint"",""coordinates"":[]}"
20_000000000000000008d3,The former Yugoslav Republic of Macedonia,,Valandovo,,2020,"{""type"":""MultiPoint"",""coordinates"":[]}"
20_000000000000000008d4,The former Yugoslav Republic of Macedonia,,Veles,,2020,"{""type"":""MultiPoint"",""coordinates"":[]}"
20_000000000000000008d5,The former Yugoslav Republic of Macedonia,,Vinica,,2020,"{""type"":""MultiPoint"",""coordinates"":[]}"
21_000000000000000008b8,The former Yugoslav Republic of Macedonia,,Berovo,,2021,"{""type"":""MultiPoint"",""coordinates"":[]}"
21_000000000000000008b9,The former Yugoslav Republic of Macedonia,,Bitola,,2021,"{""type"":""MultiPoint"",""coordinates"":[]}"
21_000000000000000008ba,The former Yugoslav Republic of Macedonia,,Brod,,2021,"{""type"":""MultiPoint"",""coordinates"":[]}"
21_000000000000000008bb,The former Yugoslav Republic of Macedonia,,Debar,,2021,"{""type"":""MultiPoint"",""coordinates"":[]}"
21_000000000000000008bc,The former Yugoslav Republic of Macedonia,,Delcevo,,2021,"{""type"":""MultiPoint"",""coordinates"":[]}"
21_000000000000000008bd,The former Yugoslav Republic of Macedonia,,Demir Hisar,,2021,"{""type"":""MultiPoint"",""coordinates"":[]}"
21_000000000000000008be,The former Yugoslav Republic of Macedonia,,Gevgelija,,2021,"{""type"":""MultiPoint"",""coordinates"":[]}"
21_000000000000000008bf,The former Yugoslav Republic of Macedonia,-1.3583333333333334,Gostivar,0.0,2021,"{""type"":""MultiPoint"",""coordinates"":[]}"
21_000000000000000008c0,The former Yugoslav Republic of Macedonia,,Kavadarci,,2021,"{""type"":""MultiPoint"",""coordinates"":[]}"
21_000000000000000008c1,The former Yugoslav Republic of Macedonia,,Kicevo,,2021,"{""type"":""MultiPoint"",""coordinates"":[]}"
21_000000000000000008c2,The former Yugoslav Republic of Macedonia,,Kocani,,2021,"{""type"":""MultiPoint"",""coordinates"":[]}"
21_000000000000000008c3,The former Yugoslav Republic of Macedonia,,Kratovo,,2021,"{""type"":""MultiPoint"",""coordinates"":[]}"
21_000000000000000008c4,The former Yugoslav Republic of Macedonia,,Kriva Palanka,,2021,"{""type"":""MultiPoint"",""coordinates"":[]}"
21_000000000000000008c5,The former Yugoslav Republic of Macedonia,,Krusevo,,2021,"{""type"":""MultiPoint"",""coordinates"":[]}"
21_000000000000000008c6,The former Yugoslav Republic of Macedonia,,Kumanovo,,2021,"{""type"":""MultiPoint"",""coordinates"":[]}"
21_000000000000000008c7,The former Yugoslav Republic of Macedonia,,Negotino,,2021,"{""type"":""MultiPoint"",""coordinates"":[]}"
21_000000000000000008c8,The former Yugoslav Republic of Macedonia,-1.1758,Ohrid,0.22791666666666607,2021,"{""type"":""MultiPoint"",""coordinates"":[]}"
21_000000000000000008c9,The former Yugoslav Republic of Macedonia,,Prilep,,2021,"{""type"":""MultiPoint"",""coordinates"":[]}"
21_000000000000000008ca,The former Yugoslav Republic of Macedonia,,Probistip,,2021,"{""type"":""MultiPoint"",""coordinates"":[]}"
21_000000000000000008cb,The former Yugoslav Republic of Macedonia,,Radovic,,2021,"{""type"":""MultiPoint"",""coordinates"":[]}"
21_000000000000000008cc,The former Yugoslav Republic of Macedonia,,Resen,,2021,"{""type"":""MultiPoint"",""coordinates"":[]}"
21_000000000000000008cd,The former Yugoslav Republic of Macedonia,-1.7966666666666666,Skopje,0.0,2021,"{""type"":""MultiPoint"",""coordinates"":[]}"
21_000000000000000008ce,The former Yugoslav Republic of Macedonia,,Stip,,2021,"{""type"":""MultiPoint"",""coordinates"":[]}"
21_000000000000000008cf,The former Yugoslav Republic of Macedonia,-0.8658333333333333,Struga,0.0,2021,"{""type"":""MultiPoint"",""coordinates"":[]}"
21_000000000000000008d0,The former Yugoslav Republic of Macedonia,-1.24,Strumica,0.0,2021,"{""type"":""MultiPoint"",""coordinates"":[]}"
21_000000000000000008d1,The former Yugoslav Republic of Macedonia,,Sveti Nikole,,2021,"{""type"":""MultiPoint"",""coordinates"":[]}"
21_000000000000000008d2,The former Yugoslav Republic of Macedonia,,Tetovo,,2021,"{""type"":""MultiPoint"",""coordinates"":[]}"
21_000000000000000008d3,The former Yugoslav Republic of Macedonia,,Valandovo,,2021,"{""type"":""MultiPoint"",""coordinates"":[]}"
21_000000000000000008d4,The former Yugoslav Republic of Macedonia,,Veles,,2021,"{""type"":""MultiPoint"",""coordinates"":[]}"
21_000000000000000008d5,The former Yugoslav Republic of Macedonia,,Vinica,,2021,"{""type"":""MultiPoint"",""coordinates"":[]}"
22_000000000000000008b8,The former Yugoslav Republic of Macedonia,,Berovo,,2022,"{""type"":""MultiPoint"",""coordinates"":[]}"
22_000000000000000008b9,The former Yugoslav Republic of Macedonia,,Bitola,,2022,"{""type"":""MultiPoint"",""coordinates"":[]}"
22_000000000000000008ba,The former Yugoslav Republic of Macedonia,,Brod,,2022,"{""type"":""MultiPoint"",""coordinates"":[]}"
22_000000000000000008bb,The former Yugoslav Republic of Macedonia,,Debar,,2022,"{""type"":""MultiPoint"",""coordinates"":[]}"
22_000000000000000008bc,The former Yugoslav Republic of Macedonia,,Delcevo,,2022,"{""type"":""MultiPoint"",""coordinates"":[]}"
22_000000000000000008bd,The former Yugoslav Republic of Macedonia,,Demir Hisar,,2022,"{""type"":""MultiPoint"",""coordinates"":[]}"
22_000000000000000008be,The former Yugoslav Republic of Macedonia,,Gevgelija,,2022,"{""type"":""MultiPoint"",""coordinates"":[]}"
22_000000000000000008bf,The former Yugoslav Republic of Macedonia,0.035,Gostivar,0.0,2022,"{""type"":""MultiPoint"",""coordinates"":[]}"
22_000000000000000008c0,The former Yugoslav Republic of Macedonia,,Kavadarci,,2022,"{""type"":""MultiPoint"",""coordinates"":[]}"
22_000000000000000008c1,The former Yugoslav Republic of Macedonia,,Kicevo,,2022,"{""type"":""MultiPoint"",""coordinates"":[]}"
22_000000000000000008c2,The former Yugoslav Republic of Macedonia,,Kocani,,2022,"{""type"":""MultiPoint"",""coordinates"":[]}"
22_000000000000000008c3,The former Yugoslav Republic of Macedonia,,Kratovo,,2022,"{""type"":""MultiPoint"",""coordinates"":[]}"
22_000000000000000008c4,The former Yugoslav Republic of Macedonia,,Kriva Palanka,,2022,"{""type"":""MultiPoint"",""coordinates"":[]}"
22_000000000000000008c5,The former Yugoslav Republic of Macedonia,,Krusevo,,2022,"{""type"":""MultiPoint"",""coordinates"":[]}"
22_000000000000000008c6,The former Yugoslav Republic of Macedonia,,Kumanovo,,2022,"{""type"":""MultiPoint"",""coordinates"":[]}"
22_000000000000000008c7,The former Yugoslav Republic of Macedonia,,Negotino,,2022,"{""type"":""MultiPoint"",""coordinates"":[]}"
22_000000000000000008c8,The former Yugoslav Republic of Macedonia,0.1413,Ohrid,0.013750000000000252,2022,"{""type"":""MultiPoint"",""coordinates"":[]}"
22_000000000000000008c9,The former Yugoslav Republic of Macedonia,,Prilep,,2022,"{""type"":""MultiPoint"",""coordinates"":[]}"
22_000000000000000008ca,The former Yugoslav Republic of Macedonia,,Probistip,,2022,"{""type"":""MultiPoint"",""coordinates"":[]}"
22_000000000000000008cb,The former Yugoslav Republic of Macedonia,,Radovic,,2022,"{""type"":""MultiPoint"",""coordinates"":[]}"
22_000000000000000008cc,The former Yugoslav Republic of Macedonia,,Resen,,2022,"{""type"":""MultiPoint"",""coordinates"":[]}"
22_000000000000000008cd,The former Yugoslav Republic of Macedonia,0.8758333333333334,Skopje,0.0,2022,"{""type"":""MultiPoint"",""coordinates"":[]}"
22_000000000000000008ce,The former Yugoslav Republic of Macedonia,,Stip,,2022,"{""type"":""MultiPoint"",""coordinates"":[]}"
22_000000000000000008cf,The former Yugoslav Republic of Macedonia,0.16,Struga,0.0,2022,"{""type"":""MultiPoint"",""coordinates"":[]}"
22_000000000000000008d0,The former Yugoslav Republic of Macedonia,0.7625000000000001,Strumica,0.0,2022,"{""type"":""MultiPoint"",""coordinates"":[]}"
22_000000000000000008d1,The former Yugoslav Republic of Macedonia,,Sveti Nikole,,2022,"{""type"":""MultiPoint"",""coordinates"":[]}"
22_000000000000000008d2,The former Yugoslav Republic of Macedonia,,Tetovo,,2022,"{""type"":""MultiPoint"",""coordinates"":[]}"
22_000000000000000008d3,The former Yugoslav Republic of Macedonia,,Valandovo,,2022,"{""type"":""MultiPoint"",""coordinates"":[]}"
22_000000000000000008d4,The former Yugoslav Republic of Macedonia,,Veles,,2022,"{""type"":""MultiPoint"",""coordinates"":[]}"
22_000000000000000008d5,The former Yugoslav Republic of Macedonia,,Vinica,,2022,"{""type"":""MultiPoint"",""coordinates"":[]}"
23_000000000000000008b8,The former Yugoslav Republic of Macedonia,,Berovo,,2023,"{""type"":""MultiPoint"",""coordinates"":[]}"
23_000000000000000008b9,The former Yugoslav Republic of Macedonia,,Bitola,,2023,"{""type"":""MultiPoint"",""coordinates"":[]}"
23_000000000000000008ba,The former Yugoslav Republic of Macedonia,,Brod,,2023,"{""type"":""MultiPoint"",""coordinates"":[]}"
23_000000000000000008bb,The former Yugoslav Republic of Macedonia,,Debar,,2023,"{""type"":""MultiPoint"",""coordinates"":[]}"
23_000000000000000008bc,The former Yugoslav Republic of Macedonia,,Delcevo,,2023,"{""type"":""MultiPoint"",""coordinates"":[]}"
23_000000000000000008bd,The former Yugoslav Republic of Macedonia,,Demir Hisar,,2023,"{""type"":""MultiPoint"",""coordinates"":[]}"
23_000000000000000008be,The former Yugoslav Republic of Macedonia,,Gevgelija,,2023,"{""type"":""MultiPoint"",""coordinates"":[]}"
23_000000000000000008bf,The former Yugoslav Republic of Macedonia,1.7966666666666666,Gostivar,0.0,2023,"{""type"":""MultiPoint"",""coordinates"":[]}"
23_000000000000000008c0,The former Yugoslav Republic of Macedonia,,Kavadarci,,2023,"{""type"":""MultiPoint"",""coordinates"":[]}"
23_000000000000000008c1,The former Yugoslav Republic of Macedonia,,Kicevo,,2023,"{""type"":""MultiPoint"",""coordinates"":[]}"
23_000000000000000008c2,The former Yugoslav Republic of Macedonia,,Kocani,,2023,"{""type"":""MultiPoint"",""coordinates"":[]}"
23_000000000000000008c3,The former Yugoslav Republic of Macedonia,,Kratovo,,2023,"{""type"":""MultiPoint"",""coordinates"":[]}"
23_000000000000000008c4,The former Yugoslav Republic of Macedonia,,Kriva Palanka,,2023,"{""type"":""MultiPoint"",""coordinates"":[]}"
23_000000000000000008c5,The former Yugoslav Republic of Macedonia,,Krusevo,,2023,"{""type"":""MultiPoint"",""coordinates"":[]}"
23_000000000000000008c6,The former Yugoslav Republic of Macedonia,,Kumanovo,,2023,"{""type"":""MultiPoint"",""coordinates"":[]}"
23_000000000000000008c7,The former Yugoslav Republic of Macedonia,,Negotino,,2023,"{""type"":""MultiPoint"",""coordinates"":[]}"
23_000000000000000008c8,The former Yugoslav Republic of Macedonia,1.8768666666666662,Ohrid,0.0387500000000014,2023,"{""type"":""MultiPoint"",""coordinates"":[]}"
23_000000000000000008c9,The former Yugoslav Republic of Macedonia,,Prilep,,2023,"{""type"":""MultiPoint"",""coordinates"":[]}"
23_000000000000000008ca,The former Yugoslav Republic of Macedonia,,Probistip,,2023,"{""type"":""MultiPoint"",""coordinates"":[]}"
23_000000000000000008cb,The former Yugoslav Republic of Macedonia,,Radovic,,2023,"{""type"":""MultiPoint"",""coordinates"":[]}"
23_000000000000000008cc,The former Yugoslav Republic of Macedonia,,Resen,,2023,"{""type"":""MultiPoint"",""coordinates"":[]}"
23_000000000000000008cd,The former Yugoslav Republic of Macedonia,0.6225,Skopje,0.0,2023,"{""type"":""MultiPoint"",""coordinates"":[]}"
23_000000000000000008ce,The former Yugoslav Republic of Macedonia,,Stip,,2023,"{""type"":""MultiPoint"",""coordinates"":[]}"
23_000000000000000008cf,The former Yugoslav Republic of Macedonia,1.8241666666666667,Struga,0.0,2023,"{""type"":""MultiPoint"",""coordinates"":[]}"
23_000000000000000008d0,The former Yugoslav Republic of Macedonia,-1.1391666666666667,Strumica,0.0,2023,"{""type"":""MultiPoint"",""coordinates"":[]}"
23_000000000000000008d1,The former Yugoslav Republic of Macedonia,,Sveti Nikole,,2023,"{""type"":""MultiPoint"",""coordinates"":[]}"
23_000000000000000008d2,The former Yugoslav Republic of Macedonia,,Tetovo,,2023,"{""type"":""MultiPoint"",""coordinates"":[]}"
23_000000000000000008d3,The former Yugoslav Republic of Macedonia,,Valandovo,,2023,"{""type"":""MultiPoint"",""coordinates"":[]}"
23_000000000000000008d4,The former Yugoslav Republic of Macedonia,,Veles,,2023,"{""type"":""MultiPoint"",""coordinates"":[]}"
23_000000000000000008d5,The former Yugoslav Republic of Macedonia,,Vinica,,2023,"{""type"":""MultiPoint"",""coordinates"":[]}"
